id,source_id,title,author,securities_firm,published_date,collected_at,source_url
1,1,하이브(352820) 조정 영업이익 컨센서스 상회,이환욱,유안타증권,2026-04-30,2026-05-03 23:41:44.304029+00:00,https://consensus.hankyung.com/analysis/downpdf?report_idx=648957
2,1,대한조선(439260) 1Q26 Re: 순수 이익 피지컬 관점의 저평가,김용민,유안타증권,2026-04-30,2026-05-03 23:41:44.304029+00:00,https://consensus.hankyung.com/analysis/downpdf?report_idx=648956
3,1,"대덕전자(353200) 1Q26 Review: 화려한 서막, 기대되는 본막",고선영,유안타증권,2026-04-30,2026-05-03 23:41:44.304029+00:00,https://consensus.hankyung.com/analysis/downpdf?report_idx=648953
4,1,대한전선(001440) 서프라이즈로 확인된 구조 변화의 시작,"손현정,김고은손현정",유안타증권,2026-04-30,2026-05-03 23:41:44.304029+00:00,https://consensus.hankyung.com/analysis/downpdf?report_idx=648952
5,1,"하이브(352820) 우려를 지나, 기대의 초입",김민영,메리츠증권,2026-04-30,2026-05-03 23:41:44.304029+00:00,https://consensus.hankyung.com/analysis/downpdf?report_idx=648948
6,1,"HL만도(204320) 로봇 수주 구체화, 2027년 기대","김준성,배현서",메리츠증권,2026-04-30,2026-05-03 23:41:44.304029+00:00,https://consensus.hankyung.com/analysis/downpdf?report_idx=648946
7,1,"대한전선(001440) 앗, 전선 회사에도 메탈 게인이?","장재혁,김아현",메리츠증권,2026-04-30,2026-05-03 23:41:44.304029+00:00,https://consensus.hankyung.com/analysis/downpdf?report_idx=648945
8,1,대덕전자(353200) 신뢰를 숫자로 증명,양승수,메리츠증권,2026-04-30,2026-05-03 23:41:44.304029+00:00,https://consensus.hankyung.com/analysis/downpdf?report_idx=648944
9,1,두산(000150) 말이 아니라 숫자로,양승수,메리츠증권,2026-04-30,2026-05-03 23:41:44.304029+00:00,https://consensus.hankyung.com/analysis/downpdf?report_idx=648943
10,1,"두산퓨얼셀(336260) 1Q26 Review: 개선되는 SOFC 수율, 다가오는 PAFC 수주","문경원,이동석",메리츠증권,2026-04-30,2026-05-03 23:41:44.304029+00:00,https://consensus.hankyung.com/analysis/downpdf?report_idx=648942
11,1,HD현대마린솔루션(443060) 금상첨화,이지니,대신증권,2026-04-30,2026-05-03 23:41:44.304029+00:00,https://consensus.hankyung.com/analysis/downpdf?report_idx=648941
12,1,두산에너빌리티(034020) 가스터빈 사업 확대! 그리고 다가오는 미국 원전 모멘텀,허민호,대신증권,2026-04-30,2026-05-03 23:41:44.304029+00:00,https://consensus.hankyung.com/analysis/downpdf?report_idx=648940
13,1,두산(000150) 사업부문 성장과 보유지분 가치 상승의 콜라보,이경연,대신증권,2026-04-30,2026-05-03 23:41:44.304029+00:00,https://consensus.hankyung.com/analysis/downpdf?report_idx=648939
14,1,"대덕전자(353200) 1Q 호조, 2Q도 좋다!","박강호,서지원",대신증권,2026-04-30,2026-05-03 23:41:44.304029+00:00,https://consensus.hankyung.com/analysis/downpdf?report_idx=648938
15,1,제일기획(030000) 주주환원 우수 기업,김회재,대신증권,2026-04-30,2026-05-03 23:41:44.304029+00:00,https://consensus.hankyung.com/analysis/downpdf?report_idx=648936
16,1,대한전선(001440) (실적이) 어안이벙벙,나민식,SK증권,2026-04-30,2026-05-03 23:41:44.304029+00:00,https://consensus.hankyung.com/analysis/downpdf?report_idx=648934
17,1,LG전자(066570) 밸류에이션콜: 어닝서프. 관세환급 대기 중,"박형우,정영환",SK증권,2026-04-30,2026-05-03 23:41:44.304029+00:00,https://consensus.hankyung.com/analysis/downpdf?report_idx=648932
18,1,"삼성바이오로직스(207940) 우려는 과도, 펀더멘털은 견고",이선경,SK증권,2026-04-30,2026-05-03 23:41:44.304029+00:00,https://consensus.hankyung.com/analysis/downpdf?report_idx=648931
19,1,HD현대마린솔루션(443060) 1Q26 NDR 후기: 데이터센터로 더 커진다,"한승한,고서영",SK증권,2026-04-30,2026-05-03 23:41:44.304029+00:00,https://consensus.hankyung.com/analysis/downpdf?report_idx=648930
20,1,하이브(352820) 아픈 과거는 잊고 앞으로에 집중,박준형,SK증권,2026-04-30,2026-05-03 23:41:44.304029+00:00,https://consensus.hankyung.com/analysis/downpdf?report_idx=648929
21,1,대덕전자(353200) FCBGA·메모리·MLB 모든 낙수효과를 받다,"박형우,정영환",SK증권,2026-04-30,2026-05-03 23:41:44.304029+00:00,https://consensus.hankyung.com/analysis/downpdf?report_idx=648928
22,1,삼성물산(028260) 양호한 출발,최관순,SK증권,2026-04-30,2026-05-03 23:41:44.304029+00:00,https://consensus.hankyung.com/analysis/downpdf?report_idx=648927
23,1,아모레퍼시픽(090430) 다변화되는 브랜드와 채널,형권훈,SK증권,2026-04-30,2026-05-03 23:41:44.304029+00:00,https://consensus.hankyung.com/analysis/downpdf?report_idx=648926
24,1,두산에너빌리티(034020) 가스터빈 모멘텀 강화,김태현,IBK투자증권,2026-04-30,2026-05-03 23:41:44.304029+00:00,https://consensus.hankyung.com/analysis/downpdf?report_idx=648921
25,1,LG전자(066570) 가전 섹터 내 돋보이는 실적,김운호,IBK투자증권,2026-04-30,2026-05-03 23:41:44.304029+00:00,https://consensus.hankyung.com/analysis/downpdf?report_idx=648920
26,1,하이브(352820) 기대치 상회! 2분기 실적 모멘텀 기대,김유혁,IBK투자증권,2026-04-30,2026-05-03 23:41:44.304029+00:00,https://consensus.hankyung.com/analysis/downpdf?report_idx=648919
27,1,하이브(352820) 2분기 실적 기대감 유효,황지원,iM증권,2026-04-30,2026-05-03 23:41:44.304029+00:00,https://consensus.hankyung.com/analysis/downpdf?report_idx=648918
28,1,대덕전자(353200) 시가총액 8조원 타겟,고의영,iM증권,2026-04-30,2026-05-03 23:41:44.304029+00:00,https://consensus.hankyung.com/analysis/downpdf?report_idx=648917
29,1,LG전자(066570) 로보틱스 사업에 대한 관심을 높일 때,고의영,iM증권,2026-04-30,2026-05-03 23:41:44.304029+00:00,https://consensus.hankyung.com/analysis/downpdf?report_idx=648915
30,1,HL만도(204320) 가까워지는 로보택시와 액츄에이터,이상수,iM증권,2026-04-30,2026-05-03 23:41:44.304029+00:00,https://consensus.hankyung.com/analysis/downpdf?report_idx=648914
31,1,에코프로비엠(247540) 2028년 예상 P/E 86.3배,"정원석,박정하",iM증권,2026-04-30,2026-05-03 23:41:44.304029+00:00,https://consensus.hankyung.com/analysis/downpdf?report_idx=648913
32,1,세아베스틸지주(001430) 업황 개선 vs 밸류에이션 부담,김윤상,iM증권,2026-04-30,2026-05-03 23:41:44.304029+00:00,https://consensus.hankyung.com/analysis/downpdf?report_idx=648912
33,1,아모레퍼시픽(090430) 1Q26 Review: 단단한 체력,오린아,LS증권,2026-04-30,2026-05-03 23:41:44.304029+00:00,https://consensus.hankyung.com/analysis/downpdf?report_idx=648911
34,1,"한화시스템(272210) 모멘텀 부자, 수확이 필요한 시기",양승윤,유진투자증권,2026-04-30,2026-05-03 23:41:44.304029+00:00,https://consensus.hankyung.com/analysis/downpdf?report_idx=648910
35,1,LS(006260) 이제 지주회사 보다는 사업 회사로 재평가해야 할 때,허민호,대신증권,2026-04-29,2026-05-03 23:41:44.304029+00:00,https://consensus.hankyung.com/analysis/downpdf?report_idx=648907
36,1,우리금융지주(316140) 26년 배당수익률 1등,박혜진,대신증권,2026-04-29,2026-05-03 23:41:44.304029+00:00,https://consensus.hankyung.com/analysis/downpdf?report_idx=648906
37,1,HD현대일렉트릭(267260) AIDC 온사이트 발전용 제품 공 급 확대,허민호,대신증권,2026-04-29,2026-05-03 23:41:44.304029+00:00,https://consensus.hankyung.com/analysis/downpdf?report_idx=648905
38,1,두산테스나(131970) 명확해지는 외형 성장 스토리,김동관,메리츠증권,2026-04-29,2026-05-03 23:41:44.304029+00:00,https://consensus.hankyung.com/analysis/downpdf?report_idx=648903
39,1,샘씨엔에스(252990) 올라갈 이유만 쌓인다,양승수,메리츠증권,2026-04-29,2026-05-03 23:41:44.304029+00:00,https://consensus.hankyung.com/analysis/downpdf?report_idx=648902
40,1,ISC(095340) 견조한 실적으로 증명 중,김동관,메리츠증권,2026-04-29,2026-05-03 23:41:44.304029+00:00,https://consensus.hankyung.com/analysis/downpdf?report_idx=648901
41,1,현대건설(000720) 1Q26 Review: 중동에서의 1승,"문경원,이동석",메리츠증권,2026-04-29,2026-05-03 23:41:44.304029+00:00,https://consensus.hankyung.com/analysis/downpdf?report_idx=648899
42,1,"현대건설(000720) 원전, 수익성 방어: 모두 준비 갈 완료!",김도엽,유안타증권,2026-04-29,2026-05-03 23:41:44.304029+00:00,https://consensus.hankyung.com/analysis/downpdf?report_idx=648898
43,1,세나테크놀로지(061090) [NDR후기] 기대되는 2Q 실적,"권명준,서석준",유안타증권,2026-04-29,2026-05-03 23:41:44.304029+00:00,https://consensus.hankyung.com/analysis/downpdf?report_idx=648896
44,1,HD현대일렉트릭(267260) 초고압 수주 레벨업 + 엔진 발전 확장,"손현정,김고은",유안타증권,2026-04-29,2026-05-03 23:41:44.304029+00:00,https://consensus.hankyung.com/analysis/downpdf?report_idx=648893
45,1,한화솔루션(009830) 전 사업부 흑자 전환과 태양광 모멘텀 가시화,이용욱,한화투자증권,2026-04-29,2026-05-03 23:41:44.304029+00:00,https://consensus.hankyung.com/analysis/downpdf?report_idx=648891
46,1,현대건설(000720) [1Q26 Review] 넘볼 수 없는 자리,"송유림,김예인",한화투자증권,2026-04-29,2026-05-03 23:41:44.304029+00:00,https://consensus.hankyung.com/analysis/downpdf?report_idx=648888
47,1,LG이노텍(011070) 패키지솔루션 기대감 상승,정민규,상상인증권,2026-04-29,2026-05-03 23:41:44.304029+00:00,https://consensus.hankyung.com/analysis/downpdf?report_idx=648887
48,1,LG이노텍(011070) 강화되는 긍정적 시그널,양승수,메리츠증권,2026-04-28,2026-05-03 23:41:44.304029+00:00,https://consensus.hankyung.com/analysis/downpdf?report_idx=648885
49,1,한화오션(042660) 1Q26P Review: 고수익성의 상선으로 미래를 준비해나가다,배기연,메리츠증권,2026-04-28,2026-05-03 23:41:44.304029+00:00,https://consensus.hankyung.com/analysis/downpdf?report_idx=648882
50,1,"에이비엘바이오(298380) COMPANION-002 결과: PFS는 긍정적, OS는 혼선, 승인 시점은 불...",김준영,메리츠증권,2026-04-28,2026-05-03 23:41:44.304029+00:00,https://consensus.hankyung.com/analysis/downpdf?report_idx=648881
51,1,한화오션(042660) 상선이 이끄는 이익 성장,이지니,대신증권,2026-04-28,2026-05-03 23:41:44.304029+00:00,https://consensus.hankyung.com/analysis/downpdf?report_idx=648880
52,1,"한화시스템(272210) 1Q26 Review: 견고한 본업, 아쉬운 필리조선소 적자",최정환,대신증권,2026-04-28,2026-05-03 23:41:44.304029+00:00,https://consensus.hankyung.com/analysis/downpdf?report_idx=648879
53,1,LG이노텍(011070) 성장궤도 진입: 북미증산 & SiP쇼티지,"박형우,정영환",SK증권,2026-04-28,2026-05-03 23:41:44.304029+00:00,https://consensus.hankyung.com/analysis/downpdf?report_idx=648877
54,1,"LS에코에너지(229640) 희토류로 밸류업, HVDC로 레벨업",나민식,SK증권,2026-04-28,2026-05-03 23:41:44.304029+00:00,https://consensus.hankyung.com/analysis/downpdf?report_idx=648876
55,1,한화오션(042660) 일회성 없이 놀라운 상선 마진 시현,"한승한,고서영",SK증권,2026-04-28,2026-05-03 23:41:44.304029+00:00,https://consensus.hankyung.com/analysis/downpdf?report_idx=648875
56,1,한화오션(042660) 일회성 없이 놀라운 상선 마진 시현,"한승한,고서영",SK증권,2026-04-28,2026-05-03 23:41:44.304029+00:00,https://consensus.hankyung.com/analysis/downpdf?report_idx=648874
57,1,ISC(095340) AI 러버 소켓의 존재감,이동주,SK증권,2026-04-28,2026-05-03 23:41:44.304029+00:00,https://consensus.hankyung.com/analysis/downpdf?report_idx=648873
58,1,"효성중공업(298040) 지속되는 수주 모멘텀, 상방 여력 여전",김태현,IBK투자증권,2026-04-28,2026-05-03 23:41:44.304029+00:00,https://consensus.hankyung.com/analysis/downpdf?report_idx=648870
59,1,"IPARK현대산업개발(294870) 1Q26 Re: 고무적인 이익률, 아쉬운 외형 감소",배세호,iM증권,2026-04-28,2026-05-03 23:41:44.304029+00:00,https://consensus.hankyung.com/analysis/downpdf?report_idx=648866
60,1,LG이노텍(011070) 패키지솔루션이 시가총액의 절반 이상을 설명,"고의영,박정하",iM증권,2026-04-28,2026-05-03 23:41:44.304029+00:00,https://consensus.hankyung.com/analysis/downpdf?report_idx=648865
61,1,한화오션(042660) 1Q26: 미국 군함만 바라보는 회사가 아니다,변용진,iM증권,2026-04-28,2026-05-03 23:41:44.304029+00:00,https://consensus.hankyung.com/analysis/downpdf?report_idx=648864
62,1,HS효성첨단소재(298050) 2~3분기 타이어코드 판가 인상 + 탄소섬유 적자 축소,"전유진,장호",iM증권,2026-04-28,2026-05-03 23:41:44.304029+00:00,https://consensus.hankyung.com/analysis/downpdf?report_idx=648863
63,1,LS마린솔루션(060370) 안마해상풍력 계약 해지 관련,성종화,LS증권,2026-04-28,2026-05-03 23:41:44.304029+00:00,https://consensus.hankyung.com/analysis/downpdf?report_idx=648862
64,1,LS ELECTRIC(010120) 배전 수주 폭발 + 공격적 증설 대응 → 밸류 할증 시기,성종화,LS증권,2026-04-28,2026-05-03 23:41:44.304029+00:00,https://consensus.hankyung.com/analysis/downpdf?report_idx=648861
65,1,IPARK현대산업개발(294870) 마진으로 보여준 체력,김세련,LS증권,2026-04-28,2026-05-03 23:41:44.304029+00:00,https://consensus.hankyung.com/analysis/downpdf?report_idx=648860
66,1,한화오션(042660) 1Q26 Review: 차려진 것이 많아서 어서 들었다,이재혁,LS증권,2026-04-28,2026-05-03 23:41:44.304029+00:00,https://consensus.hankyung.com/analysis/downpdf?report_idx=648859
67,1,NH투자증권(005940) 예상을 크게 상회한 운용이익,전배승,LS증권,2026-04-28,2026-05-03 23:41:44.304029+00:00,https://consensus.hankyung.com/analysis/downpdf?report_idx=648858
68,1,롯데렌탈(089860) 전쟁 피해? 그게 뭔데?,이병근,LS증권,2026-04-28,2026-05-03 23:41:44.304029+00:00,https://consensus.hankyung.com/analysis/downpdf?report_idx=648857
69,1,"씨엠티엑스(388210) 성장성, 수익성 모두 확보한 반도체 부품 신흥 강자",박종선,유진투자증권,2026-04-28,2026-05-03 23:41:44.304029+00:00,https://consensus.hankyung.com/analysis/downpdf?report_idx=648855
70,1,케이카(381970) 1Q26 Preview: 대주주 변경 이후가 관건,이재일,유진투자증권,2026-04-28,2026-05-03 23:41:44.304029+00:00,https://consensus.hankyung.com/analysis/downpdf?report_idx=648854
71,1,케이카(381970) 1Q26 Preview: 대주주 변경 이후가 관건,이재일,유진투자증권,2026-04-28,2026-05-03 23:41:44.304029+00:00,https://consensus.hankyung.com/analysis/downpdf?report_idx=648853
72,1,IPARK현대산업개발(294870) 1Q26 Review: 낮아진 매출보다 높아진 마진에 주목,류태환,유진투자증권,2026-04-28,2026-05-03 23:41:44.304029+00:00,https://consensus.hankyung.com/analysis/downpdf?report_idx=648852
73,1,LG이노텍(011070) 1Q26 Review: Top Tier 기판 업체로의 도약,이주형,유진투자증권,2026-04-28,2026-05-03 23:41:44.304029+00:00,https://consensus.hankyung.com/analysis/downpdf?report_idx=648851
74,1,LG전자(066570) 점진적 멀티플 확장 기대,정민규,상상인증권,2026-04-27,2026-05-03 23:41:44.304029+00:00,https://consensus.hankyung.com/analysis/downpdf?report_idx=648847
75,1,"이수페타시스(007660) 수요의 구체화, 영업레버리지 확대",정민규,상상인증권,2026-04-27,2026-05-03 23:41:44.304029+00:00,https://consensus.hankyung.com/analysis/downpdf?report_idx=648846
76,1,한화엔진(082740) 1Q26 Review: 실적과 모멘텀 동반 확대,이시연,상상인증권,2026-04-27,2026-05-03 23:41:44.304029+00:00,https://consensus.hankyung.com/analysis/downpdf?report_idx=648845
77,1,현대제철(004020) AI데이터센터.중동 테마를 마주하는 K-철강,김진범,상상인증권,2026-04-27,2026-05-03 23:41:44.304029+00:00,https://consensus.hankyung.com/analysis/downpdf?report_idx=648844
78,1,기업은행(024110) 첫 중간 배당 지급,김도하,한화투자증권,2026-04-27,2026-05-03 23:41:44.304029+00:00,https://consensus.hankyung.com/analysis/downpdf?report_idx=648840
79,1,우리금융지주(316140) 자본비율 상승과 비은행 확대를 위한 투자,김도하,한화투자증권,2026-04-27,2026-05-03 23:41:44.304029+00:00,https://consensus.hankyung.com/analysis/downpdf?report_idx=648839
80,1,우리금융지주(316140) 자본비율 상승과 비은행 확대를 위한 투자,김도하,한화투자증권,2026-04-27,2026-05-03 23:41:44.304029+00:00,https://consensus.hankyung.com/analysis/downpdf?report_idx=648838
81,1,하나금융지주(086790) 배당 비중 확대,김도하,한화투자증권,2026-04-27,2026-05-03 23:41:44.304029+00:00,https://consensus.hankyung.com/analysis/downpdf?report_idx=648837
82,1,"기아(000270) 시장 리스크 상쇄할 경쟁력 확인, 미래 사업 영향력 지속 확대","김성래,김예인",한화투자증권,2026-04-27,2026-05-03 23:41:44.304029+00:00,https://consensus.hankyung.com/analysis/downpdf?report_idx=648836
83,1,"현대모비스(012330) 핵심부품은 전동화 올라와주고, A/S는 관세 우려 완화하고","김성래,김예인",한화투자증권,2026-04-27,2026-05-03 23:41:44.304029+00:00,https://consensus.hankyung.com/analysis/downpdf?report_idx=648835
84,1,현대제철(004020) 1Q26 Review: 2분기 스프레드 반등 여부에 주목,권지우,한화투자증권,2026-04-27,2026-05-03 23:41:44.304029+00:00,https://consensus.hankyung.com/analysis/downpdf?report_idx=648834
85,1,현대로템(064350) [1Q26 Review] 여전히 우리는 전차가 많이 필요하다,배성조,한화투자증권,2026-04-27,2026-05-03 23:41:44.304029+00:00,https://consensus.hankyung.com/analysis/downpdf?report_idx=648833
86,1,우리금융지주(316140) 기업가치 제고를 위해 비은행 자회사 강화 중,우도형,유안타증권,2026-04-27,2026-05-03 23:41:44.304029+00:00,https://consensus.hankyung.com/analysis/downpdf?report_idx=648832
87,1,HD현대마린솔루션(443060) 1Q26 Re: KKR도 다시 사고 싶을 듯,김용민,유안타증권,2026-04-27,2026-05-03 23:41:44.304029+00:00,https://consensus.hankyung.com/analysis/downpdf?report_idx=648831
88,1,에이피알(278470) 미국·유럽 채널 확장으로 성장 가시성 확대,이승은,유안타증권,2026-04-27,2026-05-03 23:41:44.304029+00:00,https://consensus.hankyung.com/analysis/downpdf?report_idx=648830
89,1,현대로템(064350) 1Q26 Review: 양호한 실적,백종민,유안타증권,2026-04-27,2026-05-03 23:41:44.304029+00:00,https://consensus.hankyung.com/analysis/downpdf?report_idx=648829
90,1,헥토이노베이션(214180) 의심하지 않는 실적 성장,"권명준,서석준",유안타증권,2026-04-27,2026-05-03 23:41:44.304029+00:00,https://consensus.hankyung.com/analysis/downpdf?report_idx=648825
91,1,"효성중공업(298040) 폭발적인 수주, 목표주가 500만원","손현정,김고은",유안타증권,2026-04-27,2026-05-03 23:41:44.304029+00:00,https://consensus.hankyung.com/analysis/downpdf?report_idx=648824
92,1,현대로템(064350) 명확한 방향성,"이지호, 김아연",메리츠증권,2026-04-27,2026-05-03 23:41:44.304029+00:00,https://consensus.hankyung.com/analysis/downpdf?report_idx=648816
93,1,아바텍(149950) MLCC 잠재력은 하반기 폭발,양승수,메리츠증권,2026-04-27,2026-05-03 23:41:44.304029+00:00,https://consensus.hankyung.com/analysis/downpdf?report_idx=648815
94,1,"한화엔진(082740) 1Q26P Review: 수익성 개선은 가속력이 붙었으며, D.C 기대감 시작",배기연,메리츠증권,2026-04-27,2026-05-03 23:41:44.304029+00:00,https://consensus.hankyung.com/analysis/downpdf?report_idx=648814
95,1,HD현대마린솔루션(443060) 1Q26P Review: 컨센서스 부담 < 데이터센터 훈풍,배기연,메리츠증권,2026-04-27,2026-05-03 23:41:44.304029+00:00,https://consensus.hankyung.com/analysis/downpdf?report_idx=648813
96,1,효성(004800) 지분법 이익 증가와 투자 리스크 해소,"이경연,이채리",대신증권,2026-04-27,2026-05-03 23:41:44.304029+00:00,https://consensus.hankyung.com/analysis/downpdf?report_idx=648812
97,1,"한화에어로스페이스(012450) 1Q26 Pre: 이집트, 호주 매출 인식 개시",최정환,대신증권,2026-04-27,2026-05-03 23:41:44.304029+00:00,https://consensus.hankyung.com/analysis/downpdf?report_idx=648811
98,1,호텔신라(008770) 면세사업 업황 저점 통과 호텔은 호황 지속,"유정현,홍성원",대신증권,2026-04-27,2026-05-03 23:41:44.304029+00:00,https://consensus.hankyung.com/analysis/downpdf?report_idx=648810
99,1,현대로템(064350) 1Q26 Review: 견고한 실적 속 확대되는 파이프라인,최정환,대신증권,2026-04-27,2026-05-03 23:41:44.304029+00:00,https://consensus.hankyung.com/analysis/downpdf?report_idx=648809
100,1,효성중공업(298040) 미국 수주가 터졌다,나민식,SK증권,2026-04-27,2026-05-03 23:41:44.304029+00:00,https://consensus.hankyung.com/analysis/downpdf?report_idx=648805
101,1,한화엔진(082740) 미국 DC향 4행정 엔진 수주 기대,"한승한,고서영",SK증권,2026-04-27,2026-05-03 23:41:44.304029+00:00,https://consensus.hankyung.com/analysis/downpdf?report_idx=648804
102,1,인텍플러스(064290) ‘어드밴스드패키지’전환 & ‘FCBGA’증설 수혜,"박형우,정영환",SK증권,2026-04-27,2026-05-03 23:41:44.304029+00:00,https://consensus.hankyung.com/analysis/downpdf?report_idx=648802
103,1,인텍플러스(064290) ‘어드밴스드패키지’전환 & ‘FCBGA’증설 수혜,"박형우,정영환",SK증권,2026-04-27,2026-05-03 23:41:44.304029+00:00,https://consensus.hankyung.com/analysis/downpdf?report_idx=648801
104,1,우리금융지주(316140) 자본에 펌핑 들어간다,설용진,iM증권,2026-04-27,2026-05-03 23:41:44.304029+00:00,https://consensus.hankyung.com/analysis/downpdf?report_idx=648795
105,1,하나금융지주(086790) 은행의 효율성에 비은행 회복이 더해지면,설용진,iM증권,2026-04-27,2026-05-03 23:41:44.304029+00:00,https://consensus.hankyung.com/analysis/downpdf?report_idx=648794
106,1,현대제철(004020) 3분기까지 긍정적 흐름,김윤상,iM증권,2026-04-27,2026-05-03 23:41:44.304029+00:00,https://consensus.hankyung.com/analysis/downpdf?report_idx=648792
107,1,현대모비스(012330) 관세 영향이 감소하는 26.2Q를 기대,이상수,iM증권,2026-04-27,2026-05-03 23:41:44.304029+00:00,https://consensus.hankyung.com/analysis/downpdf?report_idx=648791
108,1,기아(000270) 신차 효과로 26.2Q의 리스크를 최소화,이상수,iM증권,2026-04-27,2026-05-03 23:41:44.304029+00:00,https://consensus.hankyung.com/analysis/downpdf?report_idx=648790
109,1,현대로템(064350) 1Q26: 지금 사야 한다,변용진,iM증권,2026-04-27,2026-05-03 23:41:44.304029+00:00,https://consensus.hankyung.com/analysis/downpdf?report_idx=648789
110,1,효성티앤씨(298020) 기대보다 훨씬 더 뜨거운 스판덱스 업황 온기,"전유진,장호",iM증권,2026-04-27,2026-05-03 23:41:44.304029+00:00,https://consensus.hankyung.com/analysis/downpdf?report_idx=648788
111,1,"고영(098460) AI 인프라 투자 확대 수혜(ft. AI솔루션, 광모듈)","이상헌,장호",iM증권,2026-04-27,2026-05-03 23:41:44.304029+00:00,https://consensus.hankyung.com/analysis/downpdf?report_idx=648787
112,1,삼성에스디에스(018260) AI 데이터센터 확보로 성장의 핵심 동력 기반 마련,"이상헌,장호",iM증권,2026-04-27,2026-05-03 23:41:44.304029+00:00,https://consensus.hankyung.com/analysis/downpdf?report_idx=648786
113,1,"엑시콘(092870) CLT, SSD 테스터 등으로 올해 사상 최대 실적 가시화","이상헌,장호",iM증권,2026-04-27,2026-05-03 23:41:44.304029+00:00,https://consensus.hankyung.com/analysis/downpdf?report_idx=648785
114,1,"현대모비스(012330) 이미 좋은 AS, 달라질 전동화",이병근,LS증권,2026-04-27,2026-05-03 23:41:44.304029+00:00,https://consensus.hankyung.com/analysis/downpdf?report_idx=648784
115,1,JB금융지주(175330) 이익개선과 주주환원율 확대 예상,전배승,LS증권,2026-04-27,2026-05-03 23:41:44.304029+00:00,https://consensus.hankyung.com/analysis/downpdf?report_idx=648783
116,1,기업은행(024110) 비우호적 대외여건에도 분기배당 도입,전배승,LS증권,2026-04-27,2026-05-03 23:41:44.304029+00:00,https://consensus.hankyung.com/analysis/downpdf?report_idx=648782
117,1,우리금융지주(316140) 비은행 강화와 주주환원 확대 병행,전배승,LS증권,2026-04-27,2026-05-03 23:41:44.304029+00:00,https://consensus.hankyung.com/analysis/downpdf?report_idx=648781
118,1,하나금융지주(086790) 긍정적 실적전망과 주주환원 확대 기조,전배승,LS증권,2026-04-27,2026-05-03 23:41:44.304029+00:00,https://consensus.hankyung.com/analysis/downpdf?report_idx=648780
119,1,롯데웰푸드(280360) 본격적인 이익 개선,박성호,LS증권,2026-04-27,2026-05-03 23:41:44.304029+00:00,https://consensus.hankyung.com/analysis/downpdf?report_idx=648779
120,1,"LS에코에너지(229640) 기존 사업, 희토류 사업, 해저케이블 사업 모두 가치 상향",성종화,LS증권,2026-04-27,2026-05-03 23:41:44.304029+00:00,https://consensus.hankyung.com/analysis/downpdf?report_idx=648778
121,1,"효성중공업(298040) 실적 호조 & 밸류 여력. 특히, 미국 765kV TR 잠재력 주목",성종화,LS증권,2026-04-27,2026-05-03 23:41:44.304029+00:00,https://consensus.hankyung.com/analysis/downpdf?report_idx=648777
122,1,CJ대한통운(000120) 1Q26 Preview: 결국 나에게로 오네(O-NE),이재혁,LS증권,2026-04-27,2026-05-03 23:41:44.304029+00:00,https://consensus.hankyung.com/analysis/downpdf?report_idx=648776
123,1,기아(000270) 질적 성장 가속화,이병근,LS증권,2026-04-27,2026-05-03 23:41:44.304029+00:00,https://consensus.hankyung.com/analysis/downpdf?report_idx=648775
124,1,현대글로비스(086280) 1Q26 Review: 흔들리는 시황 속에서 안정감이 느껴진 거야,이재혁,LS증권,2026-04-27,2026-05-03 23:41:44.304029+00:00,https://consensus.hankyung.com/analysis/downpdf?report_idx=648774
125,1,"DL이앤씨(375500) SMR 시장 선도 가능성에 주목, Top-Pick 유지",류태환,유진투자증권,2026-04-27,2026-05-03 23:41:44.304029+00:00,https://consensus.hankyung.com/analysis/downpdf?report_idx=648770
126,1,제일기획(030000) 곧 좋아질 거야,"이현지,고수영",유진투자증권,2026-04-27,2026-05-03 23:41:44.304029+00:00,https://consensus.hankyung.com/analysis/downpdf?report_idx=648769
127,1,한화에어로스페이스(012450) 1Q26 Review: 단기 실적 너머 현지 생산이라는 경험치,최정환,대신증권,2026-05-04,2026-05-03 23:44:38.781729+00:00,https://consensus.hankyung.com/analysis/downpdf?report_idx=648962
128,1,"브이엠(089970) 실적은 역대 최대, 주가는 여전히 저렴",김진형,대신증권,2026-05-04,2026-05-03 23:44:38.781729+00:00,https://consensus.hankyung.com/analysis/downpdf?report_idx=648961
129,1,롯데관광개발(032350) 추세가 살아 있는 주식,이환욱,유안타증권,2026-04-24,2026-05-03 23:46:14.634572+00:00,https://consensus.hankyung.com/analysis/downpdf?report_idx=648764
130,1,삼성에스디에스(018260) AI Full Stack과 새로운 성장,이창영,유안타증권,2026-04-24,2026-05-03 23:46:14.634572+00:00,https://consensus.hankyung.com/analysis/downpdf?report_idx=648763
131,1,"현대글로비스(086280) 해운이 견인한 실적, 하반기 회복 기대",최지운,유안타증권,2026-04-24,2026-05-03 23:46:14.634572+00:00,https://consensus.hankyung.com/analysis/downpdf?report_idx=648762
132,1,컴투스홀딩스(063080) [탐방노트] 신규게임 & 게임플랫폼 성장 기대,"권명준,서석준",유안타증권,2026-04-24,2026-05-03 23:46:14.634572+00:00,https://consensus.hankyung.com/analysis/downpdf?report_idx=648760
133,1,NH투자증권(005940) 눈에 띄는 운용손익 호조,"조아해,공건희",메리츠증권,2026-04-24,2026-05-03 23:46:14.634572+00:00,https://consensus.hankyung.com/analysis/downpdf?report_idx=648759
134,1,"삼성에스디에스(018260) Peer 흐름, M&A 성과가 향후 주가의 key",이효진,메리츠증권,2026-04-24,2026-05-03 23:46:14.634572+00:00,https://consensus.hankyung.com/analysis/downpdf?report_idx=648757
135,1,SGC에너지(005090) AIDC 일정 가속화 및 2단계 사업 가시화 속도,나민식,SK증권,2026-04-24,2026-05-03 23:46:14.634572+00:00,https://consensus.hankyung.com/analysis/downpdf?report_idx=648754
136,1,롯데에너지머티리얼즈(020150) ‘PCB/CCL용 회로박’ 라인전환 본격화,박형우,SK증권,2026-04-24,2026-05-03 23:46:14.634572+00:00,https://consensus.hankyung.com/analysis/downpdf?report_idx=648752
137,1,"NH투자증권(005940) 1Q26 Review: 좋을 줄 알았지만, 기대 이상",장영임,SK증권,2026-04-24,2026-05-03 23:46:14.634572+00:00,https://consensus.hankyung.com/analysis/downpdf?report_idx=648750
138,1,지앤비에스 에코(382800) 초호황 국면 진입,이동주,SK증권,2026-04-24,2026-05-03 23:46:14.634572+00:00,https://consensus.hankyung.com/analysis/downpdf?report_idx=648749
139,1,LG디스플레이(034220) 1Q26 Review: 체질 개선에 순항하는 실적,강민구,IBK투자증권,2026-04-24,2026-05-03 23:46:14.634572+00:00,https://consensus.hankyung.com/analysis/downpdf?report_idx=648747
140,1,"DL(000210) 공급 불안이 키운 가치, Kraton은 왜 좋아지는가",이동욱,IBK투자증권,2026-04-24,2026-05-03 23:46:14.634572+00:00,https://consensus.hankyung.com/analysis/downpdf?report_idx=648746
141,1,NH투자증권(005940) 예상을 넘어서는 운용실적,설용진,iM증권,2026-04-24,2026-05-03 23:46:14.634572+00:00,https://consensus.hankyung.com/analysis/downpdf?report_idx=648743
142,1,KB금융(105560) 가장 안정적인 이익체력,설용진,iM증권,2026-04-24,2026-05-03 23:46:14.634572+00:00,https://consensus.hankyung.com/analysis/downpdf?report_idx=648742
143,1,LG디스플레이(034220) P/B 0.8배 하회시 트레이딩 전략 유효,"정원석,박정하",iM증권,2026-04-24,2026-05-03 23:46:14.634572+00:00,https://consensus.hankyung.com/analysis/downpdf?report_idx=648741
144,1,LG디스플레이(034220) P/B 0.8배 하회시 트레이딩 전략 유효,"정원석,박정하",iM증권,2026-04-24,2026-05-03 23:46:14.634572+00:00,https://consensus.hankyung.com/analysis/downpdf?report_idx=648740
145,1,"현대차(005380) 무난한 실적, 미래 사업 성과는 시간이 필요",이상수,iM증권,2026-04-24,2026-05-03 23:46:14.634572+00:00,https://consensus.hankyung.com/analysis/downpdf?report_idx=648739
146,1,JYP Ent.(035900) 간바레 저연차!,황지원,iM증권,2026-04-24,2026-05-03 23:46:14.634572+00:00,https://consensus.hankyung.com/analysis/downpdf?report_idx=648738
147,1,삼성E&A(028050) 1Q26 Review: 중단기 풍부한 모멘텀,배세호,iM증권,2026-04-24,2026-05-03 23:46:14.634572+00:00,https://consensus.hankyung.com/analysis/downpdf?report_idx=648737
148,1,SK하이닉스(000660) 2Q26 영업이익 58.9조원으로 개선 전망,송명섭,iM증권,2026-04-24,2026-05-03 23:46:14.634572+00:00,https://consensus.hankyung.com/analysis/downpdf?report_idx=648736
149,1,"현대글로비스(086280) 중동 전쟁 영향 제한적, 안정적인 실적 추이 지속",배세호,iM증권,2026-04-24,2026-05-03 23:46:14.634572+00:00,https://consensus.hankyung.com/analysis/downpdf?report_idx=648735
150,1,신한지주(055550) 새로운 밸류업과 함께 산뜻한 출발,설용진,iM증권,2026-04-24,2026-05-03 23:46:14.634572+00:00,https://consensus.hankyung.com/analysis/downpdf?report_idx=648734
151,1,"삼성E&A(028050) 수주, 역사적 고점을 향해",김세련,LS증권,2026-04-24,2026-05-03 23:46:14.634572+00:00,https://consensus.hankyung.com/analysis/downpdf?report_idx=648733
152,1,삼성에스디에스(018260) 중장기 성장을 위한 인내의 시간,선유진,LS증권,2026-04-24,2026-05-03 23:46:14.634572+00:00,https://consensus.hankyung.com/analysis/downpdf?report_idx=648732
153,1,LG화학(051910) 1분기 실적: LGES/원료 소싱(-) > 재고(+),정경희,LS증권,2026-04-24,2026-05-03 23:46:14.634572+00:00,https://consensus.hankyung.com/analysis/downpdf?report_idx=648731
154,1,신한지주(055550) 진일보된 밸류업 정책 발표,전배승,LS증권,2026-04-24,2026-05-03 23:46:14.634572+00:00,https://consensus.hankyung.com/analysis/downpdf?report_idx=648730
155,1,KB금융(105560) 최대실적 달성,전배승,LS증권,2026-04-24,2026-05-03 23:46:14.634572+00:00,https://consensus.hankyung.com/analysis/downpdf?report_idx=648729
156,1,현대차(005380) 1분기 저점으로 반등 기대,이병근,LS증권,2026-04-24,2026-05-03 23:46:14.634572+00:00,https://consensus.hankyung.com/analysis/downpdf?report_idx=648728
157,1,넥센타이어(002350) 2H26 유럽 성장 기대,이병근,LS증권,2026-04-24,2026-05-03 23:46:14.634572+00:00,https://consensus.hankyung.com/analysis/downpdf?report_idx=648727
158,1,HL만도(204320) 1Q26 Preview: 북미 EV 시장 둔화의 영향,이재일,유진투자증권,2026-04-24,2026-05-03 23:46:14.634572+00:00,https://consensus.hankyung.com/analysis/downpdf?report_idx=648723
159,1,OCI홀딩스(010060) 카본이 벌어 우주를 사다,황성현,유진투자증권,2026-04-24,2026-05-03 23:46:14.634572+00:00,https://consensus.hankyung.com/analysis/downpdf?report_idx=648722
160,1,현대차(005380) 1Q26 Review: 관세 & 판매보증충당금 영향,이재일,유진투자증권,2026-04-24,2026-05-03 23:46:14.634572+00:00,https://consensus.hankyung.com/analysis/downpdf?report_idx=648721
161,1,"삼성E&A(028050) 1Q26 Review: 재건, 그리고 Captive Premium",류태환,유진투자증권,2026-04-24,2026-05-03 23:46:14.634572+00:00,https://consensus.hankyung.com/analysis/downpdf?report_idx=648719
162,1,삼성바이오로직스(207940) 실적도 좋고 모멘텀도 좋은 2026년,이달미,상상인증권,2026-04-23,2026-05-03 23:46:14.634572+00:00,https://consensus.hankyung.com/analysis/downpdf?report_idx=648717
163,1,대한해운(005880) 시황과 영업 사이 존재하는 간극,이서연,상상인증권,2026-04-23,2026-05-03 23:46:14.634572+00:00,https://consensus.hankyung.com/analysis/downpdf?report_idx=648715
164,1,한화솔루션(009830) 유상증자 Comment(2): 유상증자 규모 축소와 차세대 기술 주도권 확보 전략,이용욱,한화투자증권,2026-04-23,2026-05-03 23:46:14.634572+00:00,https://consensus.hankyung.com/analysis/downpdf?report_idx=648712
165,1,"HD현대마린솔루션(443060) 발전엔진 최대수혜: 저위험, 고마진, 반영구",김용민,유안타증권,2026-04-23,2026-05-03 23:46:14.634572+00:00,https://consensus.hankyung.com/analysis/downpdf?report_idx=648711
166,1,"솔루스첨단소재(336370) 반등: 상반기 ‘루빈’, 하반기 ‘건식4680’",박형우,SK증권,2026-04-23,2026-05-03 23:46:14.634572+00:00,https://consensus.hankyung.com/analysis/downpdf?report_idx=648704
167,1,아모그린텍(125210) 숨겨진 ESS·로봇 수혜주,허선재,SK증권,2026-04-23,2026-05-03 23:46:14.634572+00:00,https://consensus.hankyung.com/analysis/downpdf?report_idx=648702
168,1,KT(030200) 불확실성 완화 국면,김태현,IBK투자증권,2026-04-23,2026-05-03 23:46:14.634572+00:00,https://consensus.hankyung.com/analysis/downpdf?report_idx=648701
169,1,LG유플러스(032640) 순조로운 출발 예상,김태현,IBK투자증권,2026-04-23,2026-05-03 23:46:14.634572+00:00,https://consensus.hankyung.com/analysis/downpdf?report_idx=648700
170,1,삼성바이오로직스(207940) 추가 성장 동력 유효,정이수,IBK투자증권,2026-04-23,2026-05-03 23:46:14.634572+00:00,https://consensus.hankyung.com/analysis/downpdf?report_idx=648699
171,1,삼성바이오로직스(207940) 익숙함 속 커져가는 기대감,정재원,iM증권,2026-04-23,2026-05-03 23:46:14.634572+00:00,https://consensus.hankyung.com/analysis/downpdf?report_idx=648696
172,1,OCI(456040) 1분기 실적: 턴어라운드 확인!,정경희,LS증권,2026-04-23,2026-05-03 23:46:14.634572+00:00,https://consensus.hankyung.com/analysis/downpdf?report_idx=648695
173,1,"한국가스공사(036460) 중동전쟁, 해외사업장 OP 증가보다 미수금 악화가 더 문제",성종화,LS증권,2026-04-23,2026-05-03 23:46:14.634572+00:00,https://consensus.hankyung.com/analysis/downpdf?report_idx=648694
174,1,"LS ELECTRIC(010120) 숫자로 증명하는 배전 사이클, 실질 OPM 10% 진입",나민식,SK증권,2026-04-22,2026-05-03 23:46:14.634572+00:00,https://consensus.hankyung.com/analysis/downpdf?report_idx=648691
175,1,LG이노텍(011070) 기판 낙수효과: FCBGA 다음은 SiP?,박형우,SK증권,2026-04-22,2026-05-03 23:46:14.634572+00:00,https://consensus.hankyung.com/analysis/downpdf?report_idx=648688
176,1,파라다이스(034230) 귀중한 CAPA 확장,나승두,SK증권,2026-04-22,2026-05-03 23:46:14.634572+00:00,https://consensus.hankyung.com/analysis/downpdf?report_idx=648687
177,1,이마트(139480) 숨어있던 호텔 수혜주,나승두,SK증권,2026-04-22,2026-05-03 23:46:14.634572+00:00,https://consensus.hankyung.com/analysis/downpdf?report_idx=648686
178,1,호텔신라(008770) 구조적 턴어라운드 보인다,나승두,SK증권,2026-04-22,2026-05-03 23:46:14.634572+00:00,https://consensus.hankyung.com/analysis/downpdf?report_idx=648685
179,1,"GS피앤엘(499790) 최고의 입지, 최고의 효과",나승두,SK증권,2026-04-22,2026-05-03 23:46:14.634572+00:00,https://consensus.hankyung.com/analysis/downpdf?report_idx=648684
180,1,"서부T&D(006730) 호텔은 만실, 숨어있던 디벨로퍼 본능 꿈틀",나승두,SK증권,2026-04-22,2026-05-03 23:46:14.634572+00:00,https://consensus.hankyung.com/analysis/downpdf?report_idx=648683
181,1,한솔케미칼(014680) 1Q26 Preview: 반도체 소재 성장 지속,백영찬,상상인증권,2026-04-22,2026-05-03 23:46:14.634572+00:00,https://consensus.hankyung.com/analysis/downpdf?report_idx=648682
182,1,"LG화학(051910) 석유화학 단기 흑자전환, 양극재 부진 지속",이용욱,한화투자증권,2026-04-22,2026-05-03 23:46:14.634572+00:00,https://consensus.hankyung.com/analysis/downpdf?report_idx=648679
183,1,오픈엣지테크놀로지(394280) 메모리 플랫폼 대확장 시대와 IP의 시간 도래,"백길현,임석민",유안타증권,2026-04-22,2026-05-03 23:46:14.634572+00:00,https://consensus.hankyung.com/analysis/downpdf?report_idx=648677
184,1,"LS ELECTRIC(010120) 데이터센터 수요, 실적 반영 본격화","손현정,김고은",유안타증권,2026-04-22,2026-05-03 23:46:14.634572+00:00,https://consensus.hankyung.com/analysis/downpdf?report_idx=648676
185,1,타이거일렉(219130) 구조적 순풍 지속,양승수,메리츠증권,2026-04-22,2026-05-03 23:46:14.634572+00:00,https://consensus.hankyung.com/analysis/downpdf?report_idx=648673
186,1,HPSP(403870) 다가오는 재평가의 시간,"류형근,서지원",대신증권,2026-04-22,2026-05-03 23:46:14.634572+00:00,https://consensus.hankyung.com/analysis/downpdf?report_idx=648672
187,1,LS ELECTRIC(010120) 2026년은 기대에서 확신으로의 전환 과정,허민호,대신증권,2026-04-22,2026-05-03 23:46:14.634572+00:00,https://consensus.hankyung.com/analysis/downpdf?report_idx=648670
188,1,"삼성전기(009150) FC BGA, 투자 확대는 1위로 도약!","박강호,서지원",대신증권,2026-04-22,2026-05-03 23:46:14.634572+00:00,https://consensus.hankyung.com/analysis/downpdf?report_idx=648669
189,1,롯데관광개발(032350) 바람부는 제주로 감수광,나승두,SK증권,2026-04-22,2026-05-03 23:46:14.634572+00:00,https://consensus.hankyung.com/analysis/downpdf?report_idx=648668
190,1,"와이지엔터테인먼트(122870) 26년 실적 상저하고, IP 세대교체 구간",박준형,SK증권,2026-04-22,2026-05-03 23:46:14.634572+00:00,https://consensus.hankyung.com/analysis/downpdf?report_idx=648667
191,1,에스엠(041510) 우리도 미국 갈 수 있어,박준형,SK증권,2026-04-22,2026-05-03 23:46:14.634572+00:00,https://consensus.hankyung.com/analysis/downpdf?report_idx=648666
192,1,에이유브랜즈(481070) 젊은 감성의 K패션 대표주자,형권훈,SK증권,2026-04-22,2026-05-03 23:46:14.634572+00:00,https://consensus.hankyung.com/analysis/downpdf?report_idx=648665
193,1,감성코퍼레이션(036620) 본격적인 중국 시장 침투 시작,형권훈,SK증권,2026-04-22,2026-05-03 23:46:14.634572+00:00,https://consensus.hankyung.com/analysis/downpdf?report_idx=648664
194,1,LS ELECTRIC(010120) 알고 보니 예상 초과. 2Q26 이후 전망치 상향,성종화,LS증권,2026-04-22,2026-05-03 23:46:14.634572+00:00,https://consensus.hankyung.com/analysis/downpdf?report_idx=648659
195,1,KT&G(033780) 방어주 메리트 유효,박성호,LS증권,2026-04-22,2026-05-03 23:46:14.634572+00:00,https://consensus.hankyung.com/analysis/downpdf?report_idx=648657
196,1,오리온(271560) 3월 잠정 실적 Review,박성호,LS증권,2026-04-22,2026-05-03 23:46:14.634572+00:00,https://consensus.hankyung.com/analysis/downpdf?report_idx=648656
197,1,롯데에너지머티리얼즈(020150) 데이터센터용 회로박 판매 증가와 전고체 모멘텀,한병화,유진투자증권,2026-04-22,2026-05-03 23:46:14.634572+00:00,https://consensus.hankyung.com/analysis/downpdf?report_idx=648654
198,1,한화솔루션(009830) 유상증자라는 이름의 우주 밸류체인 선탑승권,황성현,유진투자증권,2026-04-22,2026-05-03 23:46:14.634572+00:00,https://consensus.hankyung.com/analysis/downpdf?report_idx=648653
199,1,LS ELECTRIC(010120) 수주잔고 넘어의 미래,허준서,유진투자증권,2026-04-22,2026-05-03 23:46:14.634572+00:00,https://consensus.hankyung.com/analysis/downpdf?report_idx=648652
200,1,한온시스템(018880) 1Q26 Preview: 가시적인 수익성 개선,이재일,유진투자증권,2026-04-22,2026-05-03 23:46:14.634572+00:00,https://consensus.hankyung.com/analysis/downpdf?report_idx=648651
201,1,"한화생명(088350) Quality or Quantity, that is the question",설용진,iM증권,2026-04-21,2026-05-03 23:46:14.634572+00:00,https://consensus.hankyung.com/analysis/downpdf?report_idx=648649
202,1,"KB금융(105560) 가장 높은 산, 가장 긴 강",설용진,iM증권,2026-04-21,2026-05-03 23:46:14.634572+00:00,https://consensus.hankyung.com/analysis/downpdf?report_idx=648648
203,1,BNK금융지주(138930) 대손 부담 완화에 따른 이익 회복 기대,설용진,iM증권,2026-04-21,2026-05-03 23:46:14.634572+00:00,https://consensus.hankyung.com/analysis/downpdf?report_idx=648647
204,1,iM금융지주(139130) 여전히 가장 싼 은행주,설용진,iM증권,2026-04-21,2026-05-03 23:46:14.634572+00:00,https://consensus.hankyung.com/analysis/downpdf?report_idx=648646
205,1,JB금융지주(175330) 전략대출 중심 효율적인 자본 활용 기조,설용진,iM증권,2026-04-21,2026-05-03 23:46:14.634572+00:00,https://consensus.hankyung.com/analysis/downpdf?report_idx=648645
206,1,이노션(214320) 비계열 성과가 예상보다 호조,"김소혜,김나우",한화투자증권,2026-04-21,2026-05-03 23:46:14.634572+00:00,https://consensus.hankyung.com/analysis/downpdf?report_idx=648642
207,1,한국전력(015760) 불안 속 부각될 원전,"송유림, 김예인",한화투자증권,2026-04-21,2026-05-03 23:46:14.634572+00:00,https://consensus.hankyung.com/analysis/downpdf?report_idx=648641
208,1,CJ대한통운(000120) 택배 호실적 전망,최지운,유안타증권,2026-04-21,2026-05-03 23:46:14.634572+00:00,https://consensus.hankyung.com/analysis/downpdf?report_idx=648638
209,1,"KT&G(033780) 1Q26 Pre: 실적도, 주당가치도 오른다","손현정,김고은",유안타증권,2026-04-21,2026-05-03 23:46:14.634572+00:00,https://consensus.hankyung.com/analysis/downpdf?report_idx=648637
210,1,스카이라이프(053210) 느리지만 개선 중,"정지수,박건영",메리츠증권,2026-04-21,2026-05-03 23:46:14.634572+00:00,https://consensus.hankyung.com/analysis/downpdf?report_idx=648634
211,1,스튜디오드래곤(253450) 방영회차 증가로 실적 견인,"정지수,박건영",메리츠증권,2026-04-21,2026-05-03 23:46:14.634572+00:00,https://consensus.hankyung.com/analysis/downpdf?report_idx=648633
212,1,CJ ENM(035760) 흔들림 없는 방향성,"정지수,박건영",메리츠증권,2026-04-21,2026-05-03 23:46:14.634572+00:00,https://consensus.hankyung.com/analysis/downpdf?report_idx=648632
213,1,"하이브(352820) 꽃샘추위 지나, 2분기부터 본격 개화",김민영,메리츠증권,2026-04-21,2026-05-03 23:46:14.634572+00:00,https://consensus.hankyung.com/analysis/downpdf?report_idx=648629
214,1,"하이브(352820) 꽃샘추위 지나, 2분기부터 본격 개화",김민영,메리츠증권,2026-04-21,2026-05-03 23:46:14.634572+00:00,https://consensus.hankyung.com/analysis/downpdf?report_idx=648628
215,1,대한조선(439260) 1Q26 Preview: 벌써 2030년 슬롯 수주를 노리는 중,배기연,메리츠증권,2026-04-21,2026-05-03 23:46:14.634572+00:00,https://consensus.hankyung.com/analysis/downpdf?report_idx=648627
216,1,LS(006260) 이제 지주회사 보다는 사업 회사로 재평가해야 할 때,허민호,대신증권,2026-04-21,2026-05-03 23:46:14.634572+00:00,https://consensus.hankyung.com/analysis/downpdf?report_idx=648626
217,1,넥스틴(348210) 2027년 리바운드,이동주,SK증권,2026-04-21,2026-05-03 23:46:14.634572+00:00,https://consensus.hankyung.com/analysis/downpdf?report_idx=648624
218,1,LG씨엔에스(064400) 탄탄한 레퍼런스의 실적화,남효지,SK증권,2026-04-21,2026-05-03 23:46:14.634572+00:00,https://consensus.hankyung.com/analysis/downpdf?report_idx=648623
219,1,시프트업(462870) 하반기 신작 정보 공개가 재평가의 트리거,남효지,SK증권,2026-04-21,2026-05-03 23:46:14.634572+00:00,https://consensus.hankyung.com/analysis/downpdf?report_idx=648622
220,1,"하이브(352820) 아쉬운 1분기, 주목할 2분기",김유혁,IBK투자증권,2026-04-21,2026-05-03 23:46:14.634572+00:00,https://consensus.hankyung.com/analysis/downpdf?report_idx=648617
221,1,한화손해보험(000370) 하나 빼고 다 좋습니다,설용진,iM증권,2026-04-21,2026-05-03 23:46:14.634572+00:00,https://consensus.hankyung.com/analysis/downpdf?report_idx=648615
222,1,현대해상(001450) 내러티브는 어느 정도 갖춰진 상황,설용진,iM증권,2026-04-21,2026-05-03 23:46:14.634572+00:00,https://consensus.hankyung.com/analysis/downpdf?report_idx=648614
223,1,메리츠금융지주(138040) The principles,설용진,iM증권,2026-04-21,2026-05-03 23:46:14.634572+00:00,https://consensus.hankyung.com/analysis/downpdf?report_idx=648613
224,1,DB손해보험(005830) Trinity Force,설용진,iM증권,2026-04-21,2026-05-03 23:46:14.634572+00:00,https://consensus.hankyung.com/analysis/downpdf?report_idx=648612
225,1,삼성화재(000810) 안정적이나 주주환원 확대 등 제고 필요,설용진,iM증권,2026-04-21,2026-05-03 23:46:14.634572+00:00,https://consensus.hankyung.com/analysis/downpdf?report_idx=648611
226,1,프로텍(053610) 주주환원 + 영업이익 고성장,정홍식,LS증권,2026-04-21,2026-05-03 23:46:14.634572+00:00,https://consensus.hankyung.com/analysis/downpdf?report_idx=648610
227,1,NICE인프라(063570) 성장성 대비 저평가,정홍식,LS증권,2026-04-21,2026-05-03 23:46:14.634572+00:00,https://consensus.hankyung.com/analysis/downpdf?report_idx=648609
228,1,"한국타이어앤테크놀로지(161390) 전쟁이 반영된 주가, 매수 타이밍",이병근,LS증권,2026-04-21,2026-05-03 23:46:14.634572+00:00,https://consensus.hankyung.com/analysis/downpdf?report_idx=648608
229,1,한온시스템(018880) 생각보다 빠른 회복 속도,이병근,LS증권,2026-04-21,2026-05-03 23:46:14.634572+00:00,https://consensus.hankyung.com/analysis/downpdf?report_idx=648607
230,1,솔루스첨단소재(336370) 배터리 전지박 판매 성장 추세 전환,한병화,유진투자증권,2026-04-21,2026-05-03 23:46:14.634572+00:00,https://consensus.hankyung.com/analysis/downpdf?report_idx=648605
231,1,서진시스템(178320) 티끌이 눈앞을 가려도 시야는 더욱 선명해진다,허준서,유진투자증권,2026-04-21,2026-05-03 23:46:14.634572+00:00,https://consensus.hankyung.com/analysis/downpdf?report_idx=648604
232,1,녹십자(006280) 자회사가 견인하는 1분기 실적,이달미,상상인증권,2026-04-20,2026-05-03 23:46:14.634572+00:00,https://consensus.hankyung.com/analysis/downpdf?report_idx=648601
233,1,CJ대한통운(000120) 때를 기다리자,이서연,상상인증권,2026-04-20,2026-05-03 23:46:14.634572+00:00,https://consensus.hankyung.com/analysis/downpdf?report_idx=648600
234,1,HL만도(204320) 지금 보이는 게 다가 아니야,"김성래,김예인",한화투자증권,2026-04-20,2026-05-03 23:46:14.634572+00:00,https://consensus.hankyung.com/analysis/downpdf?report_idx=648598
235,1,HD현대중공업(329180) 1Q26 Pre: 실적은 좋은데,김용민,유안타증권,2026-04-20,2026-05-03 23:46:14.634572+00:00,https://consensus.hankyung.com/analysis/downpdf?report_idx=648595
236,1,삼성중공업(010140) 1Q26 Pre: 인건비 정상화만 고려해도,김용민,유안타증권,2026-04-20,2026-05-03 23:46:14.634572+00:00,https://consensus.hankyung.com/analysis/downpdf?report_idx=648594
237,1,보로노이(310210) 더 좋아진 결과,하현수,유안타증권,2026-04-20,2026-05-03 23:46:14.634572+00:00,https://consensus.hankyung.com/analysis/downpdf?report_idx=648592
238,1,LG이노텍(011070) 여전히 부담 없는 기회,양승수,메리츠증권,2026-04-20,2026-05-03 23:46:14.634572+00:00,https://consensus.hankyung.com/analysis/downpdf?report_idx=648588
239,1,"네오티스(085910) 드릴비트 쇼티지, 아직도 초입",양승수,메리츠증권,2026-04-20,2026-05-03 23:46:14.634572+00:00,https://consensus.hankyung.com/analysis/downpdf?report_idx=648586
240,1,SK하이닉스(000660) 결국 증분의 함수. 2Q 모멘텀 폭발,"김선우,우서현",메리츠증권,2026-04-20,2026-05-03 23:46:14.634572+00:00,https://consensus.hankyung.com/analysis/downpdf?report_idx=648580
241,1,"풍산(103140) 상반기엔 잠깐 구리 가공 업체, 하반기부터 다시 방산 업체","장재혁,김아현",메리츠증권,2026-04-20,2026-05-03 23:46:14.634572+00:00,https://consensus.hankyung.com/analysis/downpdf?report_idx=648578
242,1,현대제철(004020) 롤마진 축소로 예상보다 깊을 1분기,"장재혁,김아현",메리츠증권,2026-04-20,2026-05-03 23:46:14.634572+00:00,https://consensus.hankyung.com/analysis/downpdf?report_idx=648577
243,1,"POSCO홀딩스(005490) 리튬은 가시화 구간 임박, 철강은 방향성 확인 필요","장재혁,김아현",SK증권,2026-04-20,2026-05-03 23:46:14.634572+00:00,https://consensus.hankyung.com/analysis/downpdf?report_idx=648576
244,1,한섬(020000) 매출 성장률과 GPM이 동반 상승 : 영업 레버리지 구간,"유정현,홍성원",대신증권,2026-04-20,2026-05-03 23:46:14.634572+00:00,https://consensus.hankyung.com/analysis/downpdf?report_idx=648574
245,1,티에스이(131290) Probe Card: NAND 성장에 연동,정홍식,LS증권,2026-04-20,2026-05-03 23:46:14.634572+00:00,https://consensus.hankyung.com/analysis/downpdf?report_idx=648561
246,1,디오(039840) 성큼 다가온 실적개선으로 저평가 탈피될 듯,"이상헌,장호",iM증권,2026-04-20,2026-05-03 23:46:14.634572+00:00,https://consensus.hankyung.com/analysis/downpdf?report_idx=648560
247,1,태웅(044490) 올해 실적개선 및 원전 성장성 가속화,"이상헌,장호",iM증권,2026-04-20,2026-05-03 23:46:14.634572+00:00,https://consensus.hankyung.com/analysis/downpdf?report_idx=648559
248,1,삼양식품(003230) 견조한 수요 재확인,박성호,LS증권,2026-04-20,2026-05-03 23:46:14.634572+00:00,https://consensus.hankyung.com/analysis/downpdf?report_idx=648556
249,1,한올바이오파마(009420) NDR후기: 기다림의 구간,"권해순,이다빈",유진투자증권,2026-04-20,2026-05-03 23:46:14.634572+00:00,https://consensus.hankyung.com/analysis/downpdf?report_idx=648551
250,1,한화솔루션(009830) 한화솔루션의 유상증자 정정공시,황성현,유진투자증권,2026-04-20,2026-05-03 23:46:14.634572+00:00,https://consensus.hankyung.com/analysis/downpdf?report_idx=648550
251,1,코스모신소재(005070) 1Q26 Preview: 하반기를 기다리며,백영찬,상상인증권,2026-04-17,2026-05-03 23:46:14.634572+00:00,https://consensus.hankyung.com/analysis/downpdf?report_idx=648548
252,1,유니드(014830) 전쟁 변수 속 오히려 좋아진 수익성,백영찬,상상인증권,2026-04-17,2026-05-03 23:46:14.634572+00:00,https://consensus.hankyung.com/analysis/downpdf?report_idx=648547
253,1,BNK금융지주(138930) 평가손 부담에도 배당 매력은 여전히 유효,김현수,상상인증권,2026-04-17,2026-05-03 23:46:14.634572+00:00,https://consensus.hankyung.com/analysis/downpdf?report_idx=648546
254,1,"S-Oil(010950) 견고한 업황, 수급 안정화가 마지막 허들",이용욱,한화투자증권,2026-04-17,2026-05-03 23:46:14.634572+00:00,https://consensus.hankyung.com/analysis/downpdf?report_idx=648542
255,1,"포스코인터내셔널(047050) 상사를 넘어, 에너지로 증명되는 성장","손현정,김고은",유안타증권,2026-04-17,2026-05-03 23:46:14.634572+00:00,https://consensus.hankyung.com/analysis/downpdf?report_idx=648537
256,1,파미셀(005690) AI 성장 사이클과의 동행 지속,양승수,메리츠증권,2026-04-17,2026-05-03 23:46:14.634572+00:00,https://consensus.hankyung.com/analysis/downpdf?report_idx=648536
257,1,한화오션(042660) 상선의 견인으로 성장,이지니,대신증권,2026-04-17,2026-05-03 23:46:14.634572+00:00,https://consensus.hankyung.com/analysis/downpdf?report_idx=648535
258,1,LS ELECTRIC(010120) 높지만 정당한 멀티플,나민식,SK증권,2026-04-17,2026-05-03 23:46:14.634572+00:00,https://consensus.hankyung.com/analysis/downpdf?report_idx=648530
259,1,산일전기(062040) 멀티플 리레이팅 이제 시작,"나민식,고서영",SK증권,2026-04-17,2026-05-03 23:46:14.634572+00:00,https://consensus.hankyung.com/analysis/downpdf?report_idx=648529
260,1,"더블유게임즈(192080) AI와 DTC 전략의 성과, 숫자로 증명한다",남효지,SK증권,2026-04-17,2026-05-03 23:46:14.634572+00:00,https://consensus.hankyung.com/analysis/downpdf?report_idx=648528
261,1,현대제철(004020) 현재바닥통과중,김윤상,iM증권,2026-04-17,2026-05-03 23:46:14.634572+00:00,https://consensus.hankyung.com/analysis/downpdf?report_idx=648522
262,1,세아베스틸지주(001430) 기대감을현실로보여줄시간,김윤상,iM증권,2026-04-17,2026-05-03 23:46:14.634572+00:00,https://consensus.hankyung.com/analysis/downpdf?report_idx=648521
263,1,POSCO홀딩스(005490) 성공적인내수열연강판가격인상,김윤상,iM증권,2026-04-17,2026-05-03 23:46:14.634572+00:00,https://consensus.hankyung.com/analysis/downpdf?report_idx=648520
264,1,대한제강(084010) 부진한실적. 견조한주가,김윤상,iM증권,2026-04-17,2026-05-03 23:46:14.634572+00:00,https://consensus.hankyung.com/analysis/downpdf?report_idx=648519
265,1,풍산(103140) 불확실성해소가필요하다,김윤상,iM증권,2026-04-17,2026-05-03 23:46:14.634572+00:00,https://consensus.hankyung.com/analysis/downpdf?report_idx=648518
266,1,"고려아연(010130) 제련업, New Normal 시대에접어들다",김윤상,iM증권,2026-04-17,2026-05-03 23:46:14.634572+00:00,https://consensus.hankyung.com/analysis/downpdf?report_idx=648516
267,1,"녹십자(006280) 뼈대는 그대로, 덩치는 커지는",정재원,iM증권,2026-04-17,2026-05-03 23:46:14.634572+00:00,https://consensus.hankyung.com/analysis/downpdf?report_idx=648515
268,1,한국단자(025540) 영업이익 증가 요인: 기업구조 재편 확정,정홍식,LS증권,2026-04-17,2026-05-03 23:46:14.634572+00:00,https://consensus.hankyung.com/analysis/downpdf?report_idx=648514
269,1,대양전기공업(108380) 기업구조 개편 기대감,정홍식,LS증권,2026-04-17,2026-05-03 23:46:14.634572+00:00,https://consensus.hankyung.com/analysis/downpdf?report_idx=648513
270,1,효성중공업(298040) 크게 보면 더 잘 보여요,허준서,유진투자증권,2026-04-17,2026-05-03 23:46:14.634572+00:00,https://consensus.hankyung.com/analysis/downpdf?report_idx=648507
271,1,팬오션(028670) 점진 드러날 운임 상승효과,이서연,상상인증권,2026-04-16,2026-05-03 23:46:14.634572+00:00,https://consensus.hankyung.com/analysis/downpdf?report_idx=648503
272,1,HL D&I(014790) 아직도 P/B 0.3배 이하,"송유림,김예인",한화투자증권,2026-04-16,2026-05-03 23:46:14.634572+00:00,https://consensus.hankyung.com/analysis/downpdf?report_idx=648501
273,1,"세아베스틸지주(001430) 1Q26 Preview: 본업 정상화 확인, SST 가동 가시화",권지우,한화투자증권,2026-04-16,2026-05-03 23:46:14.634572+00:00,https://consensus.hankyung.com/analysis/downpdf?report_idx=648499
274,1,"한화투자증권(003530) 1Q26 Preview: 예견된 실망, 관건은 2분기 회복의 속도",권지우,한화투자증권,2026-04-16,2026-05-03 23:46:14.634572+00:00,https://consensus.hankyung.com/analysis/downpdf?report_idx=648498
275,1,한화오션(042660) 1Q26 실적 함의: 수주 시점 차별화 검증 기회,김용민,유안타증권,2026-04-16,2026-05-03 23:46:14.634572+00:00,https://consensus.hankyung.com/analysis/downpdf?report_idx=648496
276,1,삼양식품(003230) 1Q26 Pre: 수요는 여전히 공급을 상회,"손현정,김고은",유안타증권,2026-04-16,2026-05-03 23:46:14.634572+00:00,https://consensus.hankyung.com/analysis/downpdf?report_idx=648494
277,1,KT(030200) 일시적인 마케팅비용 부담 증가,"정지수,박건영",메리츠증권,2026-04-16,2026-05-03 23:46:14.634572+00:00,https://consensus.hankyung.com/analysis/downpdf?report_idx=648493
278,1,LG유플러스(032640) 기분 좋은 마케팅비용 증가,"정지수,박건영",메리츠증권,2026-04-16,2026-05-03 23:46:14.634572+00:00,https://consensus.hankyung.com/analysis/downpdf?report_idx=648492
279,1,HD현대마린솔루션(443060) 1Q26 Preview 하반기를 기다리며,배기연,메리츠증권,2026-04-16,2026-05-03 23:46:14.634572+00:00,https://consensus.hankyung.com/analysis/downpdf?report_idx=648490
280,1,현대위아(011210) 업황 불확실성을 모멘텀으로 상쇄하는 국면,"김귀연,박서영",대신증권,2026-04-16,2026-05-03 23:46:14.634572+00:00,https://consensus.hankyung.com/analysis/downpdf?report_idx=648489
281,1,덕산테코피아(317330) 실적과 주가 반등의 원년,허선재,SK증권,2026-04-16,2026-05-03 23:46:14.634572+00:00,https://consensus.hankyung.com/analysis/downpdf?report_idx=648486
282,1,비에이치(090460) 2027년 북미 스마트폰 증산 수혜주,박형우,SK증권,2026-04-16,2026-05-03 23:46:14.634572+00:00,https://consensus.hankyung.com/analysis/downpdf?report_idx=648485
283,1,NC(036570) 이제부터 본 게임,남효지,SK증권,2026-04-16,2026-05-03 23:46:14.634572+00:00,https://consensus.hankyung.com/analysis/downpdf?report_idx=648484
284,1,HL만도(204320) 시간이좀더필요하다,이상수,iM증권,2026-04-16,2026-05-03 23:46:14.634572+00:00,https://consensus.hankyung.com/analysis/downpdf?report_idx=648477
285,1,현대모비스(012330) AS 사업부가버텨준다면,이상수,iM증권,2026-04-16,2026-05-03 23:46:14.634572+00:00,https://consensus.hankyung.com/analysis/downpdf?report_idx=648476
286,1,기아(000270) 믿음에보답하는텔룰라이드,이상수,iM증권,2026-04-16,2026-05-03 23:46:14.634572+00:00,https://consensus.hankyung.com/analysis/downpdf?report_idx=648475
287,1,현대차(005380) 하반기제네시스HEV라는본업알파,이상수,iM증권,2026-04-16,2026-05-03 23:46:14.634572+00:00,https://consensus.hankyung.com/analysis/downpdf?report_idx=648474
288,1,한섬(020000) 자체 IP의 압도적인 백화점 입점률,"장호,이상헌",iM증권,2026-04-16,2026-05-03 23:46:14.634572+00:00,https://consensus.hankyung.com/analysis/downpdf?report_idx=648473
289,1,현대차(005380) 쉬어가는 1분기,이병근,LS증권,2026-04-16,2026-05-03 23:46:14.634572+00:00,https://consensus.hankyung.com/analysis/downpdf?report_idx=648471
290,1,"한국전력(015760) 단기, 전쟁 향방 주시. 장기, 실적방향성/원전모멘텀 이상무",성종화,LS증권,2026-04-16,2026-05-03 23:46:14.634572+00:00,https://consensus.hankyung.com/analysis/downpdf?report_idx=648470
291,1,티앤엘(340570) 날개 달고 비상 시작 (feat. PER 8배),조은애,LS증권,2026-04-16,2026-05-03 23:46:14.634572+00:00,https://consensus.hankyung.com/analysis/downpdf?report_idx=648468
292,1,대한항공(003490) 1Q26 Review: 보릿고개 초입,이재혁,LS증권,2026-04-16,2026-05-03 23:46:14.634572+00:00,https://consensus.hankyung.com/analysis/downpdf?report_idx=648467
293,1,지슨(446840) 도청 및 불법촬영 방지를 위한 우호적인 정책 수혜,박종선,유진투자증권,2026-04-16,2026-05-03 23:46:14.634572+00:00,https://consensus.hankyung.com/analysis/downpdf?report_idx=648466
294,1,삼성에스디에스(018260) KKR과 전략적 협업 및 전환사채 발행 코멘트,"김소혜,김나우",한화투자증권,2026-04-15,2026-05-03 23:46:14.634572+00:00,https://consensus.hankyung.com/analysis/downpdf?report_idx=648462
295,1,한화(000880) 애널리스트 간담회 후기,이진협,한화투자증권,2026-04-15,2026-05-03 23:46:14.634572+00:00,https://consensus.hankyung.com/analysis/downpdf?report_idx=648461
296,1,삼성생명(032830) 기대가 상당 부분 반영된 주가,김도하,한화투자증권,2026-04-15,2026-05-03 23:46:14.634572+00:00,https://consensus.hankyung.com/analysis/downpdf?report_idx=648460
297,1,한화생명(088350) 5개 분기 만의 증익,김도하,한화투자증권,2026-04-15,2026-05-03 23:46:14.634572+00:00,https://consensus.hankyung.com/analysis/downpdf?report_idx=648459
298,1,"풍산(103140) 1Q26 Preview: 메탈 효과가 이끈 신동, 방산은 숨고르기",권지우,한화투자증권,2026-04-15,2026-05-03 23:46:14.634572+00:00,https://consensus.hankyung.com/analysis/downpdf?report_idx=648458
299,1,코츠테크놀로지(448710) [탐방노트] #국산화 #방산수출 #ASP상승,"권명준,서석준",유안타증권,2026-04-15,2026-05-03 23:46:14.634572+00:00,https://consensus.hankyung.com/analysis/downpdf?report_idx=648457
300,1,아모센스(357580) [탐방노트] #연료전지 #전장모듈,"권명준,서석준",유안타증권,2026-04-15,2026-05-03 23:46:14.634572+00:00,https://consensus.hankyung.com/analysis/downpdf?report_idx=648456
301,1,삼양식품(003230) 탐방 Comment,"김정욱,황홍진",메리츠증권,2026-04-15,2026-05-03 23:46:14.634572+00:00,https://consensus.hankyung.com/analysis/downpdf?report_idx=648454
302,1,BGF리테일(282330) 탐방 Comment,"김정욱,황홍진",메리츠증권,2026-04-15,2026-05-03 23:46:14.634572+00:00,https://consensus.hankyung.com/analysis/downpdf?report_idx=648453
303,1,농심(004370) 탐방 Comment,"김정욱,황홍진",메리츠증권,2026-04-15,2026-05-03 23:46:14.634572+00:00,https://consensus.hankyung.com/analysis/downpdf?report_idx=648452
304,1,"한화엔진(082740) 1Q26 Preview 외형 성장 단기 정체, 수익성 구조적 상승",배기연,메리츠증권,2026-04-15,2026-05-03 23:46:14.634572+00:00,https://consensus.hankyung.com/analysis/downpdf?report_idx=648451
305,1,HD현대마린엔진(071970) 1Q26 Preview 2~3분기부터 가동률을 더욱 끌어올린다,배기연,메리츠증권,2026-04-15,2026-05-03 23:46:14.634572+00:00,https://consensus.hankyung.com/analysis/downpdf?report_idx=648450
306,1,대덕전자(353200) 모든 기판 모멘텀 노출도 보유한 대장주,권민규,SK증권,2026-04-15,2026-05-03 23:46:14.634572+00:00,https://consensus.hankyung.com/analysis/downpdf?report_idx=648448
307,1,"HK이노엔(195940) 1Q26 Pre: 견조한 실적, R&D 모멘텀 본격화",이선경,SK증권,2026-04-15,2026-05-03 23:46:14.634572+00:00,https://consensus.hankyung.com/analysis/downpdf?report_idx=648444
308,1,SK하이닉스(000660) Memory를 System으로 봐야 그림이 보인다,김운호,IBK투자증권,2026-04-15,2026-05-03 23:46:14.634572+00:00,https://consensus.hankyung.com/analysis/downpdf?report_idx=648437
309,1,LS에코에너지(229640) 2분기 실적 기대감 확대,김태현,IBK투자증권,2026-04-15,2026-05-03 23:46:14.634572+00:00,https://consensus.hankyung.com/analysis/downpdf?report_idx=648436
310,1,현대건설(000720) 원전 EPC사로의 성과 보여줄 것,배세호,iM증권,2026-04-15,2026-05-03 23:46:14.634572+00:00,https://consensus.hankyung.com/analysis/downpdf?report_idx=648435
311,1,삼성E&A(028050) 중동 재건과 LNG 수주 기대감까지,배세호,iM증권,2026-04-15,2026-05-03 23:46:14.634572+00:00,https://consensus.hankyung.com/analysis/downpdf?report_idx=648434
312,1,에스엠(041510) 외형 성장보단 수익성에 집중,황지원,iM증권,2026-04-15,2026-05-03 23:46:14.634572+00:00,https://consensus.hankyung.com/analysis/downpdf?report_idx=648433
313,1,DL이앤씨(375500) YTD +141% 상승에도 여전히 저평가 구간,배세호,iM증권,2026-04-15,2026-05-03 23:46:14.634572+00:00,https://consensus.hankyung.com/analysis/downpdf?report_idx=648432
314,1,와이지엔터테인먼트(122870) 하반기에 집중된 실적 모멘텀,황지원,iM증권,2026-04-15,2026-05-03 23:46:14.634572+00:00,https://consensus.hankyung.com/analysis/downpdf?report_idx=648430
315,1,인텍플러스(064290) 반도체 패키징 병목 속 이익 개선 확대,신희철,iM증권,2026-04-15,2026-05-03 23:46:14.634572+00:00,https://consensus.hankyung.com/analysis/downpdf?report_idx=648428
316,1,유한양행(000100) 인내는 쓰나 그 열매는 달다,정재원,iM증권,2026-04-15,2026-05-03 23:46:14.634572+00:00,https://consensus.hankyung.com/analysis/downpdf?report_idx=648427
317,1,롯데칠성(005300) 이익 체질 개선 효과,박성호,LS증권,2026-04-15,2026-05-03 23:46:14.634572+00:00,https://consensus.hankyung.com/analysis/downpdf?report_idx=648426
318,1,"삼성전자(005930) 2026 + 2027 = k + f(매크로 환경, AI 수익성)",정우성,LS증권,2026-04-15,2026-05-03 23:46:14.634572+00:00,https://consensus.hankyung.com/analysis/downpdf?report_idx=648425
319,1,LS에코에너지(229640) 1Q26 Surprise. 희토류 사업 표면화. 해저케이블 사업 가시권,성종화,LS증권,2026-04-15,2026-05-03 23:46:14.634572+00:00,https://consensus.hankyung.com/analysis/downpdf?report_idx=648424
320,1,액트로(290740) IR 後記: 전장 및 로봇 사업 진행은 순항 중,박종선,유진투자증권,2026-04-15,2026-05-03 23:46:14.634572+00:00,https://consensus.hankyung.com/analysis/downpdf?report_idx=648423
321,1,에프앤가이드(064850) 탐방노트: ETF 시장 급속 확대의 최대 수혜주,박종선,유진투자증권,2026-04-15,2026-05-03 23:46:14.634572+00:00,https://consensus.hankyung.com/analysis/downpdf?report_idx=648422
322,1,대한항공(003490) 1Q26 review: 감기 조심 하세요,이서연,상상인증권,2026-04-14,2026-05-03 23:46:14.634572+00:00,https://consensus.hankyung.com/analysis/downpdf?report_idx=648419
323,1,삼성중공업(010140) 기대가 증명되는 구간,이서연,상상인증권,2026-04-14,2026-05-03 23:46:14.634572+00:00,https://consensus.hankyung.com/analysis/downpdf?report_idx=648418
324,1,대한항공(003490) [1Q26 Review] 별도 서프라이즈,박수영,한화투자증권,2026-04-14,2026-05-03 23:46:14.634572+00:00,https://consensus.hankyung.com/analysis/downpdf?report_idx=648416
325,1,IPARK현대산업개발(294870) 실적으로 승부한다,"송유림,김예인",한화투자증권,2026-04-14,2026-05-03 23:46:14.634572+00:00,https://consensus.hankyung.com/analysis/downpdf?report_idx=648413
326,1,클래시스(214150) 1Q26 Preview: 브라질 효과 서서히,이승은,유안타증권,2026-04-14,2026-05-03 23:46:14.634572+00:00,https://consensus.hankyung.com/analysis/downpdf?report_idx=648411
327,1,SAMG엔터(419530) [탐방노트] #체질개선 #영화개봉 #협업확대,"권명준,서석준",유안타증권,2026-04-14,2026-05-03 23:46:14.634572+00:00,https://consensus.hankyung.com/analysis/downpdf?report_idx=648410
328,1,"대한항공(003490) 단기 눈높이는 낮추나, 중장기 성장 스토리는 유효",최지운,유안타증권,2026-04-14,2026-05-03 23:46:14.634572+00:00,https://consensus.hankyung.com/analysis/downpdf?report_idx=648409
329,1,대한전선(001440) 고수익 프로젝트 비중 확대,"손현정,김고은",유안타증권,2026-04-14,2026-05-03 23:46:14.634572+00:00,https://consensus.hankyung.com/analysis/downpdf?report_idx=648408
330,1,"일진전기(103590) 증설 효과 본격화, 이익 체질 상향 구간","손현정,김고은",유안타증권,2026-04-14,2026-05-03 23:46:14.634572+00:00,https://consensus.hankyung.com/analysis/downpdf?report_idx=648407
331,1,"산일전기(062040) 이익 체력은 증명, 저평가 해소가 필요한 시점","손현정,김고은",유안타증권,2026-04-14,2026-05-03 23:46:14.634572+00:00,https://consensus.hankyung.com/analysis/downpdf?report_idx=648406
332,1,"HD현대일렉트릭(267260) 일시적 조정, 성장 방향성 유효","손현정,김고은",유안타증권,2026-04-14,2026-05-03 23:46:14.634572+00:00,https://consensus.hankyung.com/analysis/downpdf?report_idx=648405
333,1,"LS ELECTRIC(010120) 빅테크 고객 확대, 수주 모멘텀 가속","손현정,김고은",유안타증권,2026-04-14,2026-05-03 23:46:14.634572+00:00,https://consensus.hankyung.com/analysis/downpdf?report_idx=648404
334,1,"효성중공업(298040) 1Q는 착시, 2Q 기대는 더 커진다","손현정,김고은",유안타증권,2026-04-14,2026-05-03 23:46:14.634572+00:00,https://consensus.hankyung.com/analysis/downpdf?report_idx=648403
335,1,PI첨단소재(178920) 북미 고객사가 주도하는 ASP 상승,양승수,메리츠증권,2026-04-14,2026-05-03 23:46:14.634572+00:00,https://consensus.hankyung.com/analysis/downpdf?report_idx=648400
336,1,머큐리(100590) 실체 ‘있는’ 움직임,나승두,SK증권,2026-04-14,2026-05-03 23:46:14.634572+00:00,https://consensus.hankyung.com/analysis/downpdf?report_idx=648396
337,1,한화오션(042660) 올해 해양과 특수선 수주가 관건,"한승한,고서영",SK증권,2026-04-14,2026-05-03 23:46:14.634572+00:00,https://consensus.hankyung.com/analysis/downpdf?report_idx=648395
338,1,NH투자증권(005940) 1Q26 Preview: 편안함,장영임,SK증권,2026-04-14,2026-05-03 23:46:14.634572+00:00,https://consensus.hankyung.com/analysis/downpdf?report_idx=648394
339,1,미래에셋증권(006800) 1Q26 Preview: 스페이스X와 함께,장영임,SK증권,2026-04-14,2026-05-03 23:46:14.634572+00:00,https://consensus.hankyung.com/analysis/downpdf?report_idx=648393
340,1,에이피알(278470) 놀라운 실적의 연속,형권훈,SK증권,2026-04-14,2026-05-03 23:46:14.634572+00:00,https://consensus.hankyung.com/analysis/downpdf?report_idx=648392
341,1,HD현대마린솔루션(443060) 무난한 성장 흐름 이어가는 중,"한승한,고서영",SK증권,2026-04-14,2026-05-03 23:46:14.634572+00:00,https://consensus.hankyung.com/analysis/downpdf?report_idx=648391
342,1,"유니셈(036200) 하반기, 수주가 밀려온다",이동주,SK증권,2026-04-14,2026-05-03 23:46:14.634572+00:00,https://consensus.hankyung.com/analysis/downpdf?report_idx=648390
343,1,한국콜마(161890) 다시 실적 모멘텀이 강해진다,형권훈,SK증권,2026-04-14,2026-05-03 23:46:14.634572+00:00,https://consensus.hankyung.com/analysis/downpdf?report_idx=648389
344,1,한미약품(128940) 개화 전 인내의 시간,정재원,iM증권,2026-04-14,2026-05-03 23:46:14.634572+00:00,https://consensus.hankyung.com/analysis/downpdf?report_idx=648381
345,1,"대한항공(003490) 실적 추정치 하향하나, 전쟁 리스크 해소에 주목",배세호,iM증권,2026-04-14,2026-05-03 23:46:14.634572+00:00,https://consensus.hankyung.com/analysis/downpdf?report_idx=648380
346,1,"HD현대일렉트릭(267260) 1Q26 실적은 컨센 미달 전망. 다만, 분기 편차 문제일 뿐",성종화,LS증권,2026-04-14,2026-05-03 23:46:14.634572+00:00,https://consensus.hankyung.com/analysis/downpdf?report_idx=648379
347,1,기아(000270) HEV와 EV 모두 좋아지는 중,이병근,LS증권,2026-04-14,2026-05-03 23:46:14.634572+00:00,https://consensus.hankyung.com/analysis/downpdf?report_idx=648378
348,1,오스코텍(039200) K-바이오 거버넌스의 새로운 기준을 제시할 오스코텍,권해순,유진투자증권,2026-04-14,2026-05-03 23:46:14.634572+00:00,https://consensus.hankyung.com/analysis/downpdf?report_idx=648376
349,1,KT(030200) 아쉬운 시작에도 주주환원 매력은 유효,이찬영,유진투자증권,2026-04-14,2026-05-03 23:46:14.634572+00:00,https://consensus.hankyung.com/analysis/downpdf?report_idx=648375
350,1,KT(030200) 아쉬운 시작에도 주주환원 매력은 유효,이찬영,유진투자증권,2026-04-14,2026-05-03 23:46:14.634572+00:00,https://consensus.hankyung.com/analysis/downpdf?report_idx=648374
351,1,한화에어로스페이스(012450) 1Q26 Review: 좋아질 일만 남았다,백종민,유안타증권,2026-05-04,2026-05-04 09:36:23.409571+00:00,https://consensus.hankyung.com/analysis/downpdf?report_idx=648970
352,1,"아모레퍼시픽(090430) 국내는 선방, 해외는 숙제가 남았다","이승은,조계철",유안타증권,2026-05-04,2026-05-04 09:36:23.409571+00:00,https://consensus.hankyung.com/analysis/downpdf?report_idx=648968
353,1,"산일전기(062040) 블룸 밸류체인 진입, 멀티플이 바뀐다","손현정,김고은",유안타증권,2026-05-04,2026-05-04 09:36:23.409571+00:00,https://consensus.hankyung.com/analysis/downpdf?report_idx=648967
354,1,"삼성전기(009150) 1Q26 Review: 성장 엔진, 하나가 아닌 둘",고선영,유안타증권,2026-05-04,2026-05-04 09:36:23.409571+00:00,https://consensus.hankyung.com/analysis/downpdf?report_idx=648966
355,1,"포스코인터내셔널(047050) 에너지와 팜, 이익 레벨을 올린다","손현정,김고은",유안타증권,2026-05-04,2026-05-04 09:36:23.409571+00:00,https://consensus.hankyung.com/analysis/downpdf?report_idx=648964
356,1,"F&F(383220) 실적 개선 시작, 그러나 valuation 극심한 저평가","유정현,홍성원",대신증권,2026-05-04,2026-05-04 09:36:23.409571+00:00,https://consensus.hankyung.com/analysis/downpdf?report_idx=648963
359,2,[수급분석] SK하이닉스 12% 폭등! 외국인·연기금 완벽한 쌍끌이 터진 종목 분석 (2026.05.04),,네이버 프리미엄콘텐츠,2026-05-04,2026-05-04 12:27:05.235973+00:00,https://news.google.com/rss/articles/CBMiigFBVV95cUxNRlhhZTFoWGFQSEtDTTRkY2NvcXdTQkFEOHgxLTJTNHZCTW9JS0F3Vms3dFoyZzVoSEZoSkRJd0QyZnQ2aFhDSVBYX0hYZndzc3hOWVRsTUZha2d6S2RJVHA2ZmJ4Wk94Wm9vT1RaRkhucHQ1V0RUSHZjUEZMbkVScTg5MHBaSDRMckE?oc=5
360,2,AI주식상승확률분석 : LS(006260) 주가 전망과 상승확률 분석,,Investing.com 한국어,2026-05-04,2026-05-04 12:27:05.235973+00:00,https://news.google.com/rss/articles/CBMiYEFVX3lxTE5mQTJQR25vOXUxcWxzVmRnTGJiU01Rczl6WWdoT19HYy0wa0pweldJUEZteThXZkY5SHJld3Z6RTNRX1NKUmh5ZGRjVHl2cUh0Z1Z0OHRhTDRlYW5wcDlXeg?oc=5
361,2,"증권사 리포트 총정리, 상승여력 높은 종목 분석",,매일경제 마켓,2026-05-04,2026-05-04 12:27:05.235973+00:00,https://news.google.com/rss/articles/CBMiUkFVX3lxTE4xNjZtc0NTbVZGb3N0UFVaMlBYdl95Rmg3Rmd4aVE3LVh3NkhLanlBY3dRbXNzYjNzR2lkRHFrRndFSXM0bjZZaHV1dW9PSDVUenc?oc=5
362,2,AI가 분석해주는 PI첨단소재(178920) 상승확률은?,,네이버 프리미엄콘텐츠,2026-05-04,2026-05-04 12:27:05.235973+00:00,https://news.google.com/rss/articles/CBMihgFBVV95cUxQcE1obUZCV3k1TDRQUzZFQmo0bkdPSHg2YzU1Ny0zd2NpdVFZbE4waU5CenFhdFBkekRQWm44ZjdtQV90TExONW5DcGxpX0N5OGFWM0ZHUnkyQ2FaNXpBckdqVmFTWDZTMkFHNXlma0NuWHo5YTZ2RXYtbjE2aS1mbDFkMjZYQQ?oc=5
363,2,AI가 분석해주는 아처 대니얼스 미들랜드(ADM) 상승확률은?,,네이버 프리미엄콘텐츠,2026-05-04,2026-05-04 12:27:05.235973+00:00,https://news.google.com/rss/articles/CBMihgFBVV95cUxNdk0xU0Q4S0VtbXRhNzV3OTdaRFBNLWQzcmhaTEVuWmVyVk5iTThpXzYzdXRkN2dMdGl2X2dJODYzRkFVQkxiWlhCc0VZdG1MNk5oaDdtTFpQSGVZeEtuMjgtQTlDbWVDMk5JVFkzZEc3Q2dGbDlRVmtwNjk2eVFhQnJOcmVJUQ?oc=5
364,2,비상장 가치 미반영된 주가!AI가 분석해주는 LS(006260) 상승확률은?,,네이버 프리미엄콘텐츠,2026-05-04,2026-05-04 12:27:05.235973+00:00,https://news.google.com/rss/articles/CBMihgFBVV95cUxNVW5SWkxfNGFOaVBNN3doUDRBX2FIaXFFSmNJa2ZCMmJBd0hKaGo0U0R5Q0V2M3JrRTdfNVdfUkxaS3NaNlNCcF9jSEwzZzNmU0F6dktNc3RSN1lJVW5OY2JrVzJJNGhmRXFsemZEWW5EbEI0V3lrci1fbmdwRy12Zmhkb2NhZw?oc=5
365,2,넷플릭스와 신규 제작 계약!AI가 분석해주는 스튜디오미르(408900) 상승확률은?,,네이버 프리미엄콘텐츠,2026-04-30,2026-05-04 12:27:05.235973+00:00,https://news.google.com/rss/articles/CBMihgFBVV95cUxQZ1dIZ1pYMTM2STVtTWpubTdHUnpCQktSc1J3U3U0ZDNTVFZ0RWFCbUMydkhzdGg2Rnp3Rm1EbUl0MnAxd3pQZ3JLM0w3UHhmd1I2Wm1tMXIxem9HSnM3dm1GVERka0hBWU1xWXkzMF9TSHI1X093VGpwcDQzeU41eDJRcl83UQ?oc=5
366,2,'아틀라스 양산' 채비 나섰다!AI가 분석해주는 현대차(005380) 상승확률은?,,네이버 프리미엄콘텐츠,2026-04-29,2026-05-04 12:27:05.235973+00:00,https://news.google.com/rss/articles/CBMihgFBVV95cUxQOXh3R3BRSkkwUmZsTmZsSVVQUVJRcHFXN1RIZV81b1BlOFo4eDZNMjRBNms2NXdLYXVBdmlNdW5IVEszbm1NUmNodmpWSVRNVzdBbk51VXExY2xVdk5tTmJVQnlnZzZ5WUhsN0twQm41WFZYVHdlbU1adDdPdExxYUJRVk1hdw?oc=5
367,2,AI가 분석해주는 리틀휴즈(LFUS) 상승확률은?,,네이버 프리미엄콘텐츠,2026-04-28,2026-05-04 12:27:05.235973+00:00,https://news.google.com/rss/articles/CBMihgFBVV95cUxQTk1YODlzM3QtTlFoQTJwUUM5MUs4dExIaXVQbE5yRkktYk1HOXdsUlBQY2tqQzFqOGVMdXozbXlNVWRqUjJfX3dVd0xIalN0cXpaM1N1QzY2WHVFakdYUzdzM1F0cnhEOC1HQXN3cTI2NjlsRFJtb3FPSWRrT0N2U3BsMmEtZw?oc=5
368,2,🚨 과매도 신호 뜬 국장 우량주 - 지금 주목해야 할 저평가 우량주 리스트 (2026.04.24 기준),,네이버 프리미엄콘텐츠,2026-04-25,2026-05-04 12:27:05.235973+00:00,https://news.google.com/rss/articles/CBMiigFBVV95cUxQTGg1LXRFbUVTTTFmb3NLX0tsWVo4WDRCR2pyWkFOTVdiNmp3V1hneDhPVERiLU5IXzktMHFiVjZKLW1uMGZraVZlRkJmUnZtb3locjRhM2pQa1Nla1RXVnZIelRBRmVBWnAzczhfdXBEb0dUb1pJTm84SDQxTVpVSnBqRDJFTGdFMWc?oc=5
369,2,AI가 분석해주는 아크록(AROC) 상승확률은?,,네이버 프리미엄콘텐츠,2026-04-21,2026-05-04 12:27:05.235973+00:00,https://news.google.com/rss/articles/CBMihgFBVV95cUxNcTBvb29tVVQwY0dfSkhXSF9ySmZvTnY3OHlMZTJGWXF1YVIwdjR5R2FuZVFuUmZJeGtoSVlpMGIwRjFoVHI1ZldKbEw4UnFLRS0wZVpCVkVDWGwzLU85UnJNZWlibVBUaHVTaXhsMDZISzRTdHo1c3Roc3VsVnpUSDgxd3FqZw?oc=5
370,2,AI가 분석해주는 유니티 그룹(UNIT) 상승확률은?,,네이버 프리미엄콘텐츠,2026-04-23,2026-05-04 12:27:05.235973+00:00,https://news.google.com/rss/articles/CBMihgFBVV95cUxPRUM5ck9hQkhLbFdpcXQ4SFNpYWlHWExiTmVscmVSNm13UHJzNEFzeFlPeEtVTXMyQlA1SkRzTnl3aVJwVnBXdVFHVjFLeHJXY1MycGNLcDlOdjFIUTZMMDJqclllMEItYTZQdVNRVE44NE1xcXBjNE9PNHJtbFMtd0ExZVc4UQ?oc=5
371,2,🚨 과매도 신호 뜬 국장 우량주 - 지금 주목해야 할 저평가 우량주 리스트 (2026.04.17 기준),,네이버 프리미엄콘텐츠,2026-04-18,2026-05-04 12:27:05.235973+00:00,https://news.google.com/rss/articles/CBMiigFBVV95cUxNeW90S2xISzFBQzdjMVM3NDRRSHcxWWp0T1ZTSUVWNHJEMTJqUW84N3VnRjVCWDBkTzBMRGs5eEc2OHJJY0dsaWVSamZyWDJaRzBfSl91Y2ttVGJoNllXT0ZSSGJ2RXNidmt2MmdHRXIwaG1GSDFRS3Vkck05TlpmN09mMGZXY1lYUlE?oc=5
372,2,"[🔍 세력매집이 보인 스윙, 중장기 종목 브리핑] 엄청난 기간 에너지를 모은 뒤 추세를 전환한 종목!🚀",,네이버 프리미엄콘텐츠,2026-04-28,2026-05-04 12:27:05.235973+00:00,https://news.google.com/rss/articles/CBMijAFBVV95cUxPMXRPbUZlYTk1MHlEU2JXS3pYQ3RaZ1Y5X0JiWE1IaUZlWTFQeHBrTEYxSGN5UHRXNU9LZ2tXVlNWd1NMMjFoc3lGV1J5WHRCeXBEVVkwUndwV2Z3djdmVmJhTUFIdlNackZFdzFiMHhkQXQ2U2ZCZDU5N3Z3VXhBU2NPSjBjTFhLZUg1VQ?oc=5
373,2,AI가 분석해주는 노스필드 뱅코프(NFBK) 상승확률은?,,네이버 프리미엄콘텐츠,2026-04-16,2026-05-04 12:27:05.235973+00:00,https://news.google.com/rss/articles/CBMihgFBVV95cUxQS3F4TzZWSUxZMGVyaC03VV9JNzlYTGZqX0hzRU40SlJId3BxUTN1aHpoTGdYRnI3VFUtMlhxVlVIa19qdFVVSFBYMWhrYWgtZkRQcUdoU1g3eDQ2NlNIdmZzeWViMElTRkctbi1rN2VyRC1BR1pnNklEZXpHUk5iRHRuU3RMQQ?oc=5
374,2,[신규종목분석] B***** 2026.04.08,,네이버 프리미엄콘텐츠,2026-04-08,2026-05-04 12:27:05.235973+00:00,https://news.google.com/rss/articles/CBMiigFBVV95cUxOekx0QlBpenFUX1psU3p6UXZ3VlI1b09mZEQteXBuaWJnQW8tdmxDRlZpWW8xZ0lTWTdIcmc3bGdwNThPNC1Wald1SXc4RTVTSE43czh0eXhrN1hFS2tuOUQ0SjM0a3JXeXBxbWpUNTk5TkpvcjV3T2poQ3NyS0hDUlpNQmttQjVCcGc?oc=5
375,2,"[생생한 주식쇼 생쇼] 시장 주도주 반도체 집중, 유망 소부장 종목 분석",,매일경제TV,2026-04-16,2026-05-04 12:27:05.235973+00:00,https://news.google.com/rss/articles/CBMiaEFVX3lxTFBOcjYyYk1Id0x5X2ROandlRExGQXZ2YXlvWHI4X2M0a20wR19jak1lbUVjSTVqMURFbjAxR1dfR28yQUhqdGhtU0VqelZhM1ZqUERnNUFUbHRHRWM2cExGQUZWVElJWGx0?oc=5
376,2,[미국주식 브리핑] 미-이란 1차 협상 결렬에도 나스닥 +1.23%… 2차 협상 기대감에 AI·반도체 불꽃 2026.04.13(현지시간),,네이버 프리미엄콘텐츠,2026-04-14,2026-05-04 12:27:05.235973+00:00,https://news.google.com/rss/articles/CBMiigFBVV95cUxORGs2VkFTR1RSOGRKejJvcVlsU3J4dmstd2lFaDNsZ1otbVBjanBfald0U09sVnk0OUltTGExa2llWUxfNllKOHBSRnBzZG9rR0FzWDhCNEszYVdaZmk1cU1WREctN2hFTEZrejlURHZpd2FnU0RuQ09wbkdFVXBMTHdxS05uUWhMYlE?oc=5
377,2,AI가 분석해주는 메타 플랫폼스(META) 상승확률은?,,네이버 프리미엄콘텐츠,2026-01-05,2026-05-04 12:27:05.235973+00:00,https://news.google.com/rss/articles/CBMihgFBVV95cUxPUWIxQUhRd1ppUkZwR09XREEzWFBpcndxdy03TmMzWFg1cWliYnhNVDZ0X1lHY0FhM3BHMloyamd5WTJ6bFBicGJkSElaTUR4UXJMRUlxNThtckJtMWVmSy1QY21WMjZOemRUbFNSMGVfalRxYmNLSzgtQWhLRVo2ZFVsTVFqZw?oc=5
378,2,AI가 분석해주는 엔비스타 홀딩스(NVST) 상승확률은?,,네이버 프리미엄콘텐츠,2026-03-03,2026-05-04 12:27:05.235973+00:00,https://news.google.com/rss/articles/CBMihgFBVV95cUxNTFZyejVjaHB6azl2eXAteGd5ZEcwV2V4WkF1RGNESC1CTDlxMzdNZC1vZWxvVUEwSUxfd0JWdkhaSUFMYjItXzNlNDRNN3BzUmZ5NG5sZXhWenV0bVJ6NVBrTzlqREN3SVFOYUQwZDd3NEZpQVViM05Ed3ZGTUtwTHFpSjJIQQ?oc=5
379,2,AI가 분석해주는 홀로직(HOLX) 상승확률은?,,네이버 프리미엄콘텐츠,2026-03-24,2026-05-04 12:27:05.235973+00:00,https://news.google.com/rss/articles/CBMihgFBVV95cUxQWTl1Ymp4YWJnR0c2T0tFcWRONnRtQ3Nici1Pa0VoMm5lSlFBTWtDcktWZTBmeWxsMjRMR3QxeGtCRXQ1bG1HLV8xQ3NRV1h4YnNZYU9BMWJpTDQtMkpCOGctV1U2eTRwWVBFamx2ZHIwVkgxU2d1blVNZzY0amJqNmRBU1l1QQ?oc=5
380,2,[수급분석] 개미들이 던질 때 연기금은 담았다! 큰손들이 선택한 TOP 10 종목 분석,,네이버 프리미엄콘텐츠,2026-01-13,2026-05-04 12:27:05.235973+00:00,https://news.google.com/rss/articles/CBMiigFBVV95cUxPekZMYzlTRWhmc3VGUEhFSkNnaFZhcHpyZUhhM2RTMENGT3NnRjlBQ1FVeEZIY1lDVUNhcG0xaXdYeFNtN2xHcU4xUWtFdjBBUGdSVEl3blMyTnpaQVNXM0VGbDBOb0ZkZzdlYjFtMU8wWXYyS1A1SnVDOElyMzZjME1laTh1ZjdHZ1E?oc=5
381,2,TPC 최초 양산 기대!AI가 분석해주는 애경케미칼(161000) 상승확률은?,,네이버 프리미엄콘텐츠,2026-03-31,2026-05-04 12:27:05.235973+00:00,https://news.google.com/rss/articles/CBMihgFBVV95cUxOQXg0eWNQaHlxU1lIeXJWRllhcnNwMGhMdjdKN2lVX1h0cWFHZFZTWHdVOVJKcm9IdHJWVkJPeHB2bm5iNWFPb1hXMkUxS2E5b0ZqeFZCQjZYZTBxOFFTSS1QSFRWUjEtVHFmaWgzTjZjWHlpUHhKWTdoWnQzSVl2bVk4emFmUQ?oc=5
382,2,AI가 분석해주는 뉴트리엔(NTR) 상승확률은?,,네이버 프리미엄콘텐츠,2026-03-10,2026-05-04 12:27:05.235973+00:00,https://news.google.com/rss/articles/CBMihgFBVV95cUxQQjJ2eVUzYVVKUDdRZkZSQXJJZHNxX2FEc0hkR3UzU2JXRlNGQTBHSE1DckN0Z1E1YlAtSTNZSF9haVRBRXFWcDRkTElhOGYxVUx5Q29zOWtyTFB1Vkl0SjdKZmhXTXdiZEpGLXh4c3RIZnNjWmYzWlE2YlBSQklHN3EwdTJiUQ?oc=5
383,2,영국과 독일 등 유럽 내 매출 성장 잠재력이 폭발!AI가 분석해주는 에이피알(278470) 상승확률은?,,네이버 프리미엄콘텐츠,2026-04-10,2026-05-04 12:27:05.235973+00:00,https://news.google.com/rss/articles/CBMihgFBVV95cUxQbC03cXB1eUZzQUNnMV9EWV8zSVlOa25NRU5ZaVB1a0pXa0JxOWF1dEpidzZDUEloa1U3MmVFNUlGX0NzS0EwMGJKSDgtQnIyejRqcF9lY29fZVd0bjJERlAxVGM4alhnTjBBVlBsUzZBZE1oTWFQZWMtU3dlTlRvcDNydkhrdw?oc=5
384,2,"[📈 스윙 종목 심층 분석] 반 토막 난 친환경 브랜드 아로마티카, 다시 움직일 자리 왔다",,네이버 프리미엄콘텐츠,2026-04-28,2026-05-04 12:27:05.235973+00:00,https://news.google.com/rss/articles/CBMijAFBVV95cUxQaE9HdnplMGtpZkJtck0yNzkxVFYwbmYybXh2U3hGbXpOdlhZVWREajBtOW1SWmR2N3ZVOWswMmpWY2xHRTlwTEs5V01FWi1pUndvYUpGS1hXN01ldThIOU1KcjhmeEFkQWdlNnp2cmxnVE1sem5NSDlnX2o1bnA1Yld1RUEzcHhNcUI5Nw?oc=5
385,2,"주식·채권·펀드 매매 패턴까지… 미래에셋증권, ‘MY종목분석’ 서비스 출시 - 조선비즈",,Chosunbiz,2025-08-21,2026-05-04 12:27:05.235973+00:00,https://news.google.com/rss/articles/CBMiiAFBVV95cUxNMEVwbGEyaWZXSTB1VjJ6RE9GckYwU2JIWE9qbzMyT0xvaV9FbWswUGVMUjBvUjk2Q0xUU1JmVS1zclBiOVZIUklSUW5ZSTVodC1rRXFiZm1pN2NNNzMwZTkxcnl1cFlXUTdRMExWSndzbkNIaUFHUmg1ZUpHdkY0Z0tVU1dYZHhq0gGcAUFVX3lxTE1uam9CczhQdlYyYjFTWDhWUUJoX1FicFl6YnRrNjBPOGJqRl9zUV9wakt3b3JieDJ4cl9KUXc3a1c3WlZ6QXhhaEVzaG9DUjdVQUltR0VBc253YUdlSHBWZE5ZdTlsRXh5bDNqSncwU0g2RjBqYzZPLUpWNlNSb2Jhb3VTNkFHTlpyVE5OVGhoZW85dU4tb0xEVmhLdw?oc=5
386,2,AI가 분석해주는 헥토파이낸셜 상승확률은?,,네이버 프리미엄콘텐츠,2026-03-09,2026-05-04 12:27:05.235973+00:00,https://news.google.com/rss/articles/CBMihgFBVV95cUxOQkotSFRLQ29md3J2RFczZjBybHhJaVBQbHY3c0lXV1hyOW5rX3lUM3BoMkZldzgySGlkbjM5NkJLU3ZuTFUzNVFka1ZRcEFkcHhrOVZ2Y0NFTlczckRaUE5kZU9ScC1uZWJVcjB4QXlPT2RZRW5ZT004Z0gwZS1XXzMzR0wzdw?oc=5
387,2,AI가 분석해주는 텍토닉 테라퓨틱(TECX) 상승확률은?,,네이버 프리미엄콘텐츠,2026-04-08,2026-05-04 12:27:05.235973+00:00,https://news.google.com/rss/articles/CBMihgFBVV95cUxQSTNySEJxSmNCWmwwOWdIQWxqT1F4cnlnaHNyazZ0U2NmWDNoRG9SQ2NzWWkwd1RUbW8wTzExRzFWY0MtYzhjYllac0Myb1B1M1NVbkJMb1A1R2dTWG1rRVNXWlRnamctOVhuUkZMdEhPSUxIWUNxOGRJZ1VOTTlzR1UwZkNwQQ?oc=5
388,2,AI가 분석해주는 HLB 상승확률은?,,네이버 프리미엄콘텐츠,2026-01-28,2026-05-04 12:27:05.235973+00:00,https://news.google.com/rss/articles/CBMihgFBVV95cUxPcE1fdWJQVVJGRXdNa3lWb3pldXBDOUFYUHBWNkR3OVpRRFo0UnZQWnJtZVZqNjlzUmVjMkMxaXJkei1UOWVuV29xZ2c4azA4TXBJVnAtdEhQbkxzbGk2T1Z1VEJucmRmazhWRVUzQjhiLWxjaEFiTE5zUWRjdXJIZW8wYmZLQQ?oc=5
389,2,AI가 분석해주는 누빈 처칠 다이렉트 렌딩(NCDL) 상승확률은?,,네이버 프리미엄콘텐츠,2026-04-14,2026-05-04 12:27:05.235973+00:00,https://news.google.com/rss/articles/CBMihgFBVV95cUxNUVZRRUlfa0lId2tTN0dXNDdZX0VQb3lFOGJvdUNoelpVbXFDaEsxcTgwcHY5alR3UHR1M1M5SFlPd3YyNWVRcHlqV1NKX1d5UThWdm5faUkyNlZjTTRweUdNRmIxM2E0T3hTSF9iZERXbUpxTUMxN1gtbl9WRjA0WFNzVkxzQQ?oc=5
390,2,AI가 분석해주는 에스엘 상승확률은?,,네이버 프리미엄콘텐츠,2026-03-03,2026-05-04 12:27:05.235973+00:00,https://news.google.com/rss/articles/CBMihgFBVV95cUxNZTBMTWw3bE54YU11ZTFYUFBpMUtyVWt0NFNwRXFIQUw1d2ZsOHZNMFhILU1uTEhHSjJSSnd5clNTWjBfNWVHeEZkNk5SSm5zQlRJOVc5RjJ4cmFmWE1TcU42WGphQXktVU94ZS1HM05xTzd3MDRoQnNabFpXMWNMRHNRblRaZw?oc=5
391,2,AI가 분석해주는 쎄트렉아이 상승확률은?,,네이버 프리미엄콘텐츠,2026-02-03,2026-05-04 12:27:05.235973+00:00,https://news.google.com/rss/articles/CBMihgFBVV95cUxORVBaNldVQXFGSjlaYV9RMFp6TjZ4YUJhVWdsdURiWEVkbW9iSVZjanJnU2ExbURsbWFPTzFCeEI3dHAwTlF1RUZGZ255VlBybVczTTRZVDBndTZFQmFNUVFQVmRWWjJoaGxZM3g5SEZKRFZEVlJQbVBHSDJTWDQ3ODd2U1JIZw?oc=5
392,2,AI가 분석해주는 가온그룹 상승확률은?,,네이버 프리미엄콘텐츠,2026-03-04,2026-05-04 12:27:05.235973+00:00,https://news.google.com/rss/articles/CBMihgFBVV95cUxPUnF5a1BpU2tDdFFXakJlZ2xfREpQV2NsVEhvTkxCcUtuZmxJRkNWU0FuU1l5bGNhLTB5eTJXdy1HWWpnaVpiVmhSMWg1ZldoQ0s4Qi0tbW1VX1RJd2xyUlpFb0FFUTYyUk5uWWZ2Y2lsN3p0SXc5ZTl3VVQtZnJfdl9ZX2xRZw?oc=5
393,2,AI가 분석해주는 헥토이노베이션 상승확률은?,,네이버 프리미엄콘텐츠,2026-02-10,2026-05-04 12:27:05.235973+00:00,https://news.google.com/rss/articles/CBMihgFBVV95cUxNTFYybFRQQlJ5Umo5X1NRMzI5aHBnOEFVRE9PYi1uOHBRRm5lZVRTQWxlSTZOZVRpZ21hLWt0SXdOZlhnWHVMV2FYd01Pa3A0a0NUYkNDb3ZqRjFLTl9WWFAyUmp1MmJ5djBwNGV6RWhqVE9fMGhLVkdUazlZUjZOMEdHNmxDZw?oc=5
394,2,AI가 분석해주는 오이솔루션 상승확률은?,,네이버 프리미엄콘텐츠,2026-03-16,2026-05-04 12:27:05.235973+00:00,https://news.google.com/rss/articles/CBMihgFBVV95cUxQUFdRMFkzd1YzWEhuU2UyNmU3Y2Nod1NZLXZfaGNwQjRwdDloeWM3cXVUdVg5ZkZReVEyamd5X1BQWU5lVEVxUE1Yam9hcU5VdjZ2ekIyWnV4VzJ5dkdocTNMS2hWQVNxT0F6ZzBqcThLdGx5TW8wbDFFZkNWWk53NmsxYW52dw?oc=5
395,2,AI가 분석해주는 테스 상승확률은?,,네이버 프리미엄콘텐츠,2026-02-09,2026-05-04 12:27:05.235973+00:00,https://news.google.com/rss/articles/CBMihgFBVV95cUxPd0VueDFZenRUZjhyZkZGYU1HQzAzNXZjd2hPWmx0WTFDV1BxQlBmejllV0R0SXBCV0hCM2JYWDdVZkFQS3J6Tmx6cGVTR0VxcmJWUXVXMFhSVjc0ckc0X3d2SDYxWnNUcmtjRUtJbElOclF4UWNzdkpWWERvNEozZkFLTXdMdw?oc=5
396,2,AI가 분석해주는 파인엠텍 상승확률은?,,네이버 프리미엄콘텐츠,2026-03-12,2026-05-04 12:27:05.235973+00:00,https://news.google.com/rss/articles/CBMihgFBVV95cUxPcTZXazUwaHRRR3UxZXFBQnRjM2dOSVc2aXFQaF9JcG5fQ2lRenFNOG50V2hRZktaOTg3bEY3b2kwZ0oxaVZkNW1jSGRUZ1hDeTVKR04xV1oxbWtTMDBESXAzVk1MSjZOa2FVMlFrVjZkWkZyY0tEa0xfNXZBM2FBaGVXQUtoUQ?oc=5
397,2,"""영업이익 534% 폭증"" AI가 분석해주는 펨트론 상승확률은?",,네이버 프리미엄콘텐츠,2026-02-26,2026-05-04 12:27:05.235973+00:00,https://news.google.com/rss/articles/CBMihgFBVV95cUxQSmtUemwwN1RtaDFQY0JSUTdkT2pBTUZBOEJIWk1tajVFRFRSelVpc2tIZ1JyUVRYNE5IQnctblZPbVRoS2xYQ28wYWVPck9BcUd1VXBZREctNmJqM3JOYkNtMFRIMHEtcnpXOFE1VWpfQkdRTTM2VmQ4amNyMUhJM3R3Z3A5dw?oc=5
398,2,AI가 분석해주는 한화비전(489790) 상승확률은?,,네이버 프리미엄콘텐츠,2026-03-27,2026-05-04 12:27:05.235973+00:00,https://news.google.com/rss/articles/CBMihgFBVV95cUxNVlQ2a0NXaUFkRU9GOGd1aEpYdmJNeG5WR01KTkZnbkV1QXU5V2tnRHUyZXlPODlaS05MMS14di1iMy1mX3BZVnBlNnZzanBITzAzRHZ3eEM0ZzdMd1p6V1dubnVTbDVsMmpRT19YSXNMUFNJcW1IRGVEWm94TENSLWROQmk1Zw?oc=5
399,2,AI가 분석해주는 RFHIC 상승확률은?,,네이버 프리미엄콘텐츠,2026-03-05,2026-05-04 12:27:05.235973+00:00,https://news.google.com/rss/articles/CBMihgFBVV95cUxNaEhMbUdZNzNZV1VZc1lGZXVJSnlWbXZMcndHQlFSb1hIMHZXT1J1Y2NJMmJ0b0xFWDh0ci1fbHRJUjFGQ1VJTWhWSk00R3BqN1VrUlA3STBNSkhXdURwa2l2bG80UU05LXVFWS12a3dzY2laMzVYV01yR0trZ3EzbF83eDlidw?oc=5
400,2,글로벌 진출 성공!AI가 분석해주는 코츠테크놀로지(448710) 상승확률은?,,네이버 프리미엄콘텐츠,2026-04-08,2026-05-04 12:27:05.235973+00:00,https://news.google.com/rss/articles/CBMihgFBVV95cUxObFF5LWxnX3hUMGRRWC1Ob2FCRE5UMkNZN3U2bWlqR0t4azVIUUpKWm9DQ2VfVEZ0T01zT2VXRTJDem50dmloSExJZEkxUWplVXVyQmJJamVtU1ViSGROd21sVFZxTkZzWEVGVjBjTHotbHZaallBRHA1TXBQT3hobUZYUmtGUQ?oc=5
401,2,AI가 투자 종목 분석… 맞춤형 정보·뉴스 알려준다,,조선일보,2026-03-31,2026-05-04 12:27:05.235973+00:00,https://news.google.com/rss/articles/CBMijgFBVV95cUxNc3BzM0M5YnpLVjNUUk01bGFvWV9tbjRMMzREdXZqWHR1TXZRRFNGRVp4QUNobW9DdXZnNWp5RmV5Vk5RajFtVFk1UmtOXzNIbks4YmoxNUd5UlA4endmMS02aGx6UWxxNnNDODFFTi1YeDZnY2lXTTFVWGx3cncxZGJjS3ZvSXg3dFQ5aEx3?oc=5
402,2,AI가 분석해주는 릴레이 테라퓨틱스(RLAY) 상승확률은?,,네이버 프리미엄콘텐츠,2026-02-11,2026-05-04 12:27:05.235973+00:00,https://news.google.com/rss/articles/CBMihgFBVV95cUxQbTZLWFlKLTVSaV81aGQyNTRsQWgtVVBFdG8zWHRJZjVFRFl3Wk1BYUI1UnZPOFMyUU1QRXpJbkFsX1JBNnhSa3VUTWs1RkFKSDhZblhCcG93cXA4SzhjLW81Qzl6d1BUVjBwcERDVHRYU2JVeTNBYjQtZzhVbU1OOWN5dVVZZw?oc=5
403,2,AI가 분석해주는 삼성전기(009150) 상승확률은?,,네이버 프리미엄콘텐츠,2026-03-18,2026-05-04 12:27:05.235973+00:00,https://news.google.com/rss/articles/CBMihgFBVV95cUxNZzJCWGZuVVlYRmpCVklmRHdjZkxOZE45RkVRb2h3aktETGtvOUVYSGthSGdUUVF4cWNQczRNNEtXY1B6OWxuRkVPcTdvS040OFJKdTRNeVNQZ3hya0pGQWRXVHhSVXJKNXk4bXB3WXJqXzg2Wk5OUmdPWmZCWU1xUWI2VXI5UQ?oc=5
404,2,AI가 분석해주는 한국타이어앤테크놀로지 상승확률은?,,네이버 프리미엄콘텐츠,2026-01-26,2026-05-04 12:27:05.235973+00:00,https://news.google.com/rss/articles/CBMihgFBVV95cUxNVDkzMi1iZFF4ZWgwaUk0TjJVZzNPM0lXX25XYVB1OURHVkg2WUtzTGZTOUItNV9qNjEzVjN6eVliU1NLbXRRcFRhakxkRklnMFRSbEZiUkdqRTRHX2ZhTVFDY2NxOXNNWl9NRURpVDlEMk5yWlBSdkp1WGpiNzVuT0NCWno0dw?oc=5
405,2,AI가 분석해주는 POSCO홀딩스 상승확률은?,,네이버 프리미엄콘텐츠,2026-01-21,2026-05-04 12:27:05.235973+00:00,https://news.google.com/rss/articles/CBMihgFBVV95cUxOWVlTNjNDV0wwbmpGOXh3b05WeHN2SkhfUFRjQXJ4eWJHZFY2U25lcmRPMm1NdktCOEhBVG5NRmpEWTBzVXJ5RW5wQkl4cVZORlFidWFBbFJ3Y2dGaEV1MmxhQWtnTWJfMjA3YXVWdEwtYjRsX0Z2cWEtY1RYMTZmRmV4bWhQQQ?oc=5
406,2,AI가 분석해주는 삼성생명 상승확률은?,,네이버 프리미엄콘텐츠,2026-01-23,2026-05-04 12:27:05.235973+00:00,https://news.google.com/rss/articles/CBMihgFBVV95cUxOQWFMZ1F5aFI1SnpKWmZyN0pYX1M3SzlscU12Y2ZvcDVaMWZYbUFiWk9naXZrYUE1WkQzR1JKczFVYzZ1Tnh0a1RYNXZxTVZTaGpEcHpEbzlycWRNNkkzeXFHbTN6NWNSUDczVlo4TWoxVmJpMzh6VmhodTJjSTJpd2ktcWJ0QQ?oc=5
407,2,AI가 분석해주는 덕산네오룩스(213420) 상승확률은?,,네이버 프리미엄콘텐츠,2026-03-24,2026-05-04 12:27:05.235973+00:00,https://news.google.com/rss/articles/CBMihgFBVV95cUxOY3N4ODNkZzlMWk82S3NWZGJjakNSaTdNYlNiNGVQM2lkTlB1NkxSeFc3d1FCOWxoVWNJMFFuaG5HcXZqRGJPQkxfVTRqRHAzOEIzV2ptOXRkUXNIODJPZ2ZzWWZGT0dERWZiRndicXpMdEdpX1QyZ0h3SGI3NTRhMVBucUUzUQ?oc=5
408,2,AI가 분석해주는 KT&G 상승확률은?,,네이버 프리미엄콘텐츠,2026-02-06,2026-05-04 12:27:05.235973+00:00,https://news.google.com/rss/articles/CBMihgFBVV95cUxOSmJsYksySHB0UlQ1aWdoQXYzYjVKQnFOb21CQ3ZBbnprNDZvRlFyWnQzLXNSeUtaTk5xNFNJdkNEZlVJaklFX1plbGJlMlpTTElvWWVDNFdsQXhBWFhRaG1FSEFZS2dOUjhpLTk2YXVuQXI2Mmk3dHZhaFY0V2xrMUlqXzR2Zw?oc=5
409,2,AI가 분석해주는 마이크로소프트 상승확률은?,,네이버 프리미엄콘텐츠,2026-04-06,2026-05-04 12:27:05.235973+00:00,https://news.google.com/rss/articles/CBMihgFBVV95cUxQTnYxQ3lWbElYLVVmRmlBSnFDSDl1Y1dUbHBGSWZ0ZkdYZUxOc3pUUW1rUXFlbVlXd0Vuc0l1U0pHajE1VmpkQzE4R1BRbGdxY2FZNWk1aFhteDBZMVVPSWpZUmxWZ2dSLTNQR1ZCc0gtMGxHcFFYNXRyXzZsekdRUFdGSThKdw?oc=5
410,2,AI가 분석해주는 메디아나 상승확률은?,,네이버 프리미엄콘텐츠,2026-03-11,2026-05-04 12:27:05.235973+00:00,https://news.google.com/rss/articles/CBMihgFBVV95cUxQN1dQcm5DLTI5eUplVk9lVklyZWhyczl0MUNWVmxZdV9oVFRBejk2QXhILUI5Q01HMEJURUlJcUM3bTNxeGkxVXB6MVVmR1Z6ZjRjcFg1V2pRNDRZTEljWmJlS1VTWlREQzZ0WnU3aGZ3cnlOMDJMMjdBVFVTTFRndUgzSERkZw?oc=5
411,2,LG “AI로 5000개 종목 분석”…글로벌 주식 시장 공략 - 조선비즈,,Chosunbiz,2025-11-19,2026-05-04 12:27:05.235973+00:00,https://news.google.com/rss/articles/CBMihAFBVV95cUxPNDJYV3AwU09ma1RVb1A3X0FXTk80SE1tajMydDVEbS1DbnFPTWJDdkZNbFpoYTdhM3YtZm90cVd6ZzM3WDV4dThnMkRJU05KZ1V5RDNZNTZWa3JjUlZTYXV1NUp3cW5LVHdDaDM1UzNNVWFsZXhOOUo4Y2tvLVFkcnJXbVbSAZgBQVVfeXFMTjVESnRKbGdfd3pmdG9wREhNYWJjeHpMZXRUc2ppNm02Um5seTV0dGtmdl9NVTRlUzRMWTdwQXdvTjVybERjdkQtQTFZaXBXT2ZObnBYSHliVlRqVmltZWZzRmNkcURQNzhsaTE2RDNxOHVKOXFNVDRqSS1HMTZOOVNNNTZyNGstMkpHZGtveW9GOXVsaFpJWVc?oc=5
412,2,AI가 분석해주는 삼일제약 상승확률은?,,네이버 프리미엄콘텐츠,2026-02-20,2026-05-04 12:27:05.235973+00:00,https://news.google.com/rss/articles/CBMihgFBVV95cUxPVENtWTRGTDZRVnFyZVB6UGFoM19TQnlxeXh4VTUyVG5zbHR2eG1XLWpaUlVKRnRRdU43a2pmTWhwSVAwMEJXR05JZUQ3blFBRDFxU2NpZzlVZ1kySlpjWE5ycHZCSUlVa2NGVWdGTFVtZWFiVEdFLUg2anJmbjNGS1diUk1RQQ?oc=5
413,2,AI가 분석해주는 LG전자 상승확률은?,,네이버 프리미엄콘텐츠,2026-02-27,2026-05-04 12:27:05.235973+00:00,https://news.google.com/rss/articles/CBMihgFBVV95cUxNcTBqbkYwVVFPdG9HdHZ5V2lraGZVQWVndEhCTWl5eHJOVS1VZy1XUDl4RG9WYXkwejRjVGU4SnV4TWF0cDBrMnJzanN5WXJmcFpjWU90TnhCZ05nWm9xaWhhWGlad1FyUkIxSXB2OXJFRWtQZUdsNUVaZlI1cmhIbUpkTVQ1Zw?oc=5
414,2,AI가 분석해주는 태피스트리(TPR) 상승확률은?,,네이버 프리미엄콘텐츠,2026-04-09,2026-05-04 12:27:05.235973+00:00,https://news.google.com/rss/articles/CBMihgFBVV95cUxPalZLOFNpTUlZc2JRS1BvSkhjTjIxRGs2cjEwUlVmZ1lfSTRSNmZTcEhhdmZwZnp2Rm9XZGI5UjdZLTczZTFaejhQcGZJY0dGR2k1LU9lbFhJSlM2Tm9NSnZ2OHlSRGowSVllX3lMU0ZfQ0tRWWprQWxFc0RoV0d4RGRSRmhVdw?oc=5
415,2,전북 군산조선소 매각 추진!AI가 분석해주는 HD현대중공업 상승확률은?,,네이버 프리미엄콘텐츠,2026-03-16,2026-05-04 12:27:05.235973+00:00,https://news.google.com/rss/articles/CBMihgFBVV95cUxOZG9MMWxSeFVsVVg5YWUxM1dQenVpRGpnZk5keTUtWUxQeDBCY28zQ0x2aGdOVTZDZU5RMzlaZkJOZUIxYWpMQWhkSjRCNldIUW1aY2pPYkM0U29zN1FveGdLVGVDNklmVUNsbDQ2QnJLOHVKa1gwRUM4TDlZZ2dSVVFNX3RJQQ?oc=5
416,2,"미래에셋증권, ‘MY종목분석’ 서비스 오픈… 주식·채권·펀드 투자성과 한 눈에",,라이센스뉴스,2025-08-21,2026-05-04 12:27:05.235973+00:00,https://news.google.com/rss/articles/CBMia0FVX3lxTE1oOGE1ZjMtZUpyOFZtM0M5aEdrc0NXVU85UUpoeWFVQlBrMGZPSml3QS1IWjNLWVVQbHprQmhLVXVxcUVGaTE0aHlQZDB4Rnd0c3dySThqLThkZUJuRFQ2d2ZMeWxfZTBnSXFR?oc=5
417,2,AI가 분석해주는 한화솔루션 상승확률은?,,네이버 프리미엄콘텐츠,2026-04-06,2026-05-04 12:27:05.235973+00:00,https://news.google.com/rss/articles/CBMihgFBVV95cUxOb0lhcXAwUkR1QnNtR0tfQ1lqeW9TRnpCVzdjdjJPcjJ6dG5LR24zUHhqZWVveUlCQmVUbmY2dU5QLW1VZlA5VzRjY3hlTlVtQldaa0ZvSFprOVVtUkM4M1hnRTZ6N1hGSzY1N1NkU1MzTG9rWmk3d1hGSndKV3lTZnEyVXZHdw?oc=5
418,2,🚨 과매도 신호 뜬 국장 우량주 - 지금 주목해야 할 저평가 우량주 리스트 (2026.1.30 기준),,네이버 프리미엄콘텐츠,2026-01-31,2026-05-04 12:27:05.235973+00:00,https://news.google.com/rss/articles/CBMiigFBVV95cUxNRWpGMWZnaGdrSkpHaEIyaVBHM245cDVxckphNTNkS1YzT0NqVnR6T0NZWXkxc0N0NXFMUlZYa3FrM25nRUNkaV8wek9RVmFsN0pVR0lBcEpxYVJHU0xIM0VqYzc4RHJHX2V5em9hTmplbDZOYUUwRlF2LW11cmtmOEJONmFGcFI4Qnc?oc=5
419,2,배당수익률 23.8% 배당금 발표!AI가 분석해주는 이지홀딩스 상승확률은?,,네이버 프리미엄콘텐츠,2026-02-23,2026-05-04 12:27:05.235973+00:00,https://news.google.com/rss/articles/CBMihgFBVV95cUxNd0pnT25UZV83dWlyZG13RnVNWTYwYkYtMHE0QmJjTEQtU25xekhLWHV2RDZjQ21WZWZHUlVtTjBnMGxFNTg5Mk5hNGNjT3ZzRjRZN0MwdEJGbjhNa3hDWHZUQzhnV2Z6czRjOHdtU2xsYkYwdEthUTFOUG1nLVhRaGxrUktudw?oc=5
420,2,AI가 분석해주는 엔비디아(NVDA) 상승확률은?,,네이버 프리미엄콘텐츠,2026-02-27,2026-05-04 12:27:05.235973+00:00,https://news.google.com/rss/articles/CBMihgFBVV95cUxQUWk3a2I5WU1BU1RhZXE0ZmJPY1JJTnNaT2ttTVJPeGc2ZE5tb3ItQUxrUy1qM3U5cU5IUTFvTDlEZ2xjU0RPOUVwOS1nS1RURFNmVVRHRmdNeGtmXzYwLXhBOUdOMG53QkRrSlZSbGJhMmJraXZuNGVBSmxFOUl6bnpCNTQwUQ?oc=5
421,2,AI가 분석해주는 ATI(ATI) 상승확률은?,,네이버 프리미엄콘텐츠,2026-02-03,2026-05-04 12:27:05.235973+00:00,https://news.google.com/rss/articles/CBMihgFBVV95cUxQbnJwU0VSelRiTHF3Mk1hdlpPSkVhZ0hMZUdBcGYyeFBXQktoRzRHRHFkWnVSX1FLZTJ3Tjl4VWNESHZyNjhsZUFfQXVYenhXX1FXVmpvM01uT2dkSzN5bnBHME9OTWg4SF94Q0NEa2ZhVTVIb3ZKS1d6cTc0MU95RGNpRHcxdw?oc=5
422,2,증권사 리서치센터의 변신…‘종목 분석’서 ‘포트폴리오 전략’으로,,브릿지경제,2025-12-15,2026-05-04 12:27:05.235973+00:00,https://news.google.com/rss/articles/CBMiWkFVX3lxTE8tWGRkSi1WSHJlOGJCVVZBSjFPY1o4VHQ4QVdaRjVzRk1MVEQyZjZCbE9GWTBEN0w5OXRVV3l1VUVuTTFPUklGMnhJYkhyQ3VZaGlZQkhtSk5wQQ?oc=5
423,2,AI가 분석해주는 두산에너빌리티 상승확률은?,,네이버 프리미엄콘텐츠,2026-01-08,2026-05-04 12:27:05.235973+00:00,https://news.google.com/rss/articles/CBMihgFBVV95cUxQZmNscWFzNW5qSzdoS2Z4cXZGczNwQmU5RHZQdHR6MmM1QlBpMmhaUDFGanlpZFRxbVR1NjZLYk0yTzZQTEtjbnBGMjVZZmtVMnB2Q1lBRWpERUo3d1M3enFzdVJGVEd1SFpSS1k2MDhTMUNkNVFxSy1aek1aQUlFUFhWQkVfQQ?oc=5
424,2,든든한 본업 타이어보강재와 탄소섬유 기대감!AI가 분석해주는 HS효성첨단소재(298050) 상승확률은?,,네이버 프리미엄콘텐츠,2026-03-20,2026-05-04 12:27:05.235973+00:00,https://news.google.com/rss/articles/CBMihgFBVV95cUxORFpoUWcydGFOTDNtQlY3aU1wN3Y5Rk9XbUl4R0swQUNsYmlBWFpDUFc4Y0FaSnJNQzEzdWtxOXU5VUpaT2pYcnBURUNIVUl2YjJMLXVPdzEwZl9ibkZhbVZNeFFFRlBUOTNMaWNTQlhlenNBdjBZT2hoOUNCTUIxWHUyNUswZw?oc=5
425,2,AI가 분석해주는 큐렉소 상승확률은?,,네이버 프리미엄콘텐츠,2026-01-22,2026-05-04 12:27:05.235973+00:00,https://news.google.com/rss/articles/CBMihgFBVV95cUxPZ240STEtbnJweFlyWVpmRy14cHM5T0Fjd29FTVlncTFKN015VFVPcERVTjBBdjI3NWw4T1U1dzR3X2VfYjVJdzlNNG5kYkJKeVhLMFUtUEt6bGhtUXJiS2VOSFZObFI0SkVRbmdQbkdnYnJlRUI0WDJrRGhTSng5MHM4alhBdw?oc=5
426,2,AI가 분석해주는 성광벤드 상승확률은?,,네이버 프리미엄콘텐츠,2026-03-10,2026-05-04 12:27:05.235973+00:00,https://news.google.com/rss/articles/CBMihgFBVV95cUxPVmdMSGwyUG5vaENEd0E4dlYwaXByRXRsMzdmMnluQ00wSDdoOXZIUFg0bll6VGZlYnZBaFVXUDEzUTBNODh1Nm1FXzVIdDdzejhGd0lEMzJWZDFhbEpoUlFoeHRtZzlJX0UyYzU3bzZSRGU2Y1BDWVVDMm1GNVlNTWlDR29PZw?oc=5
427,2,AI가 분석해주는 한국카본 상승확률은?,,네이버 프리미엄콘텐츠,2026-02-25,2026-05-04 12:27:05.235973+00:00,https://news.google.com/rss/articles/CBMihgFBVV95cUxQR2xDUlczTlVybmkwS2F6NnVOT2RvemZ4NTBzdFBUdWVqQkNlaTJJcG96dHdjVXN0aXRlZzlfbVVtMTF3TzhyLV84VkNfRWFkWHhNQ3pYQjJMbHJEWjBHblgzSnVxamRsSFpMTlJJUnlRLS1rZWhtdHpmZ21SaXhOS2oxMExVUQ?oc=5
428,2,"미래에셋증권, 'MY종목분석' 서비스 출시",,매일경제TV,2025-08-21,2026-05-04 12:27:05.235973+00:00,https://news.google.com/rss/articles/CBMiaEFVX3lxTE16dEt4aXBMNjJBUFRUR19GNXN3dVNPb3BXd3BJNTFfUVpHVzNCWGpnVU9mY0xvQjN2eXd6UktSOXFCSTljYWpBYmptSUZ0RERYdGphZXJkWWI0RzE4MXhtVXdNZE14UmYz?oc=5
429,2,AI가 분석해주는 현대로템 상승확률은?,,네이버 프리미엄콘텐츠,2026-02-13,2026-05-04 12:27:05.235973+00:00,https://news.google.com/rss/articles/CBMihgFBVV95cUxPS2xpcXR4NXJRVlFXSjEyeEh5R0NmNW5xWDJqMS1XeXkwd1ZjN2MtX3VDN3l1N1BvcHJ0eTVLYWdQMXI5TzNVZHRDZGh3MklzRF81ajRPcFF3VmRxbEstcUFWeGJ6dkludVVXaVQtQ2RGT29xQUg2dUFkZHU3cTFiN3IydFJGUQ?oc=5
430,2,AI가 분석해주는 티에스이 상승확률은?,,네이버 프리미엄콘텐츠,2026-02-04,2026-05-04 12:27:05.235973+00:00,https://news.google.com/rss/articles/CBMihgFBVV95cUxOYWVxclJRb05zbF81N0tkVnNlSUZqWlg0a0tQM0dnVnNoWURXNmttakpUUm9MU0g4M2E1SHZfTTFmYWt1MUZsczhlWTF4REpjTnc3Rkg1SWxURE9RdU5IQXNiaEFrN1JYbHgwRkt4RDhMTWROVTZHX3VDX2JRX2YzdmpvZ3lYUQ?oc=5
431,2,[생생한 주식쇼 생쇼] MBN 골드 매니저의 2월 증시 분석 및 유망 종목 추천,,매일경제TV,2026-02-03,2026-05-04 12:27:05.235973+00:00,https://news.google.com/rss/articles/CBMiaEFVX3lxTFBxcW5RSktqV3RQVUtPY0NfSGZsNzl3VngwdDFuWk5ZUWFCbzNmZG83VEp5WTJFRkhNQ3FwalY2NUtTeE9kX3drdXk2SlpMeDlmNmhtdFVQYlVoeGVMVTc3SXJydmdzb1Ay?oc=5
432,2,AI가 분석해주는 알파벳 A(GOOGL) 상승확률은?,,네이버 프리미엄콘텐츠,2026-01-23,2026-05-04 12:27:05.235973+00:00,https://news.google.com/rss/articles/CBMihgFBVV95cUxQcFNfOHFaek1OWTJGWmN5Tk1sUDFoZi11cWRPWEZ3TUJXMzd3OGNtQWE5ZjhSTmdpVS1abWNWdGpHVnZMWl9sXzZZSWQxcUprMzJHYk5Qa2FKZmJKQVVGbjc2aUx5eVdiaFcwRXQ1RFhnTkVOVlIwTmdMTzdHZlZRcDF3d1JSZw?oc=5
433,2,"[투자 아이디어] 2026년 1월 첫 주, 시장을 지배한 주도섹터는? ETF 수익률 TOP 10 분석",,네이버 프리미엄콘텐츠,2026-01-11,2026-05-04 12:27:05.235973+00:00,https://news.google.com/rss/articles/CBMiigFBVV95cUxQdzdxVThFVXVKY3VheHlOWEgxOTdzOGo3QlpBWGpUVUc2d3Q2ZU5KODU0bzA4b0V3S2I5UDlrQWVmTG5JWWczS0tiZEs2VjJiLUNaXy1KMzhZZDN0b2t4c0I1NFpvNnhJT3lZaVV6S2NBbHg1YXN6eXU4TEVUai1qc1ozRHphOFU5Z2c?oc=5
434,2,AI가 분석해주는 서울옥션 상승확률은?,,네이버 프리미엄콘텐츠,2026-02-02,2026-05-04 12:27:05.235973+00:00,https://news.google.com/rss/articles/CBMihgFBVV95cUxQcVlSVXR3MTc0TWxNOGlrOXh0YjJtLTlTazhsUjl2R1h3LWViMUlpTUozUmotWE1hWnVGWFZ1aUZEZzZOaC1kRkF3RzRLSXQ3UnZUbFBqLXJ3dFhwaldCN3dUWGkyOHFmU3lYX2h5LXl6N0JPWkpxNG5kLWxnaTVGRGpfV2dKZw?oc=5
435,2,AI가 분석해주는 DB손해보험 상승확률은?,,네이버 프리미엄콘텐츠,2026-02-24,2026-05-04 12:27:05.235973+00:00,https://news.google.com/rss/articles/CBMihgFBVV95cUxPZkZRUnVCU3BGM0M5dnFseWVwZDRtVFF1SGhLS254REhMbmVHZ2daaU5nblpSYUVQR3JkSzJGTUVZeHJWUFhvWksyQ1ZtYUZhbjctVUh2Z2dJY2NNVEMtVl9hWDBwcXA2ZlBSS1pSbjhJaWNlOURrN1pWTWJub1FNUGRSeUtiZw?oc=5
436,2,"수요보다 공급이 변수, 성장 방향성 유효!AI가 분석해주는 삼양식품(003230) 상승확률은?",,네이버 프리미엄콘텐츠,2026-03-24,2026-05-04 12:27:05.235973+00:00,https://news.google.com/rss/articles/CBMihgFBVV95cUxOd25WUU95XzE2QzA1ZVVjQ3I5M3ZWdi1oSmx0Y3d0Z0pqejZ0aHNUOGtMM251YS0zcGFOcnNGbGU3VmVlT3U3bjBRX2xYQXVxWVBpclJ3SFRRRFlsd0VsQmFhazBGOVMtSHlabXNGOWc2TThiMy1pWlVvRTE2dzdSZUZJY0ZfUQ?oc=5
437,2,"[게시판] 미래에셋증권, 'MY종목분석' 서비스 오픈",,연합뉴스,2025-08-21,2026-05-04 12:27:05.235973+00:00,https://news.google.com/rss/articles/CBMiW0FVX3lxTE1YV3p1TGsxV2lWWUQ4M0o1SnlPZU5hWjZNTzQxemozXzNVQU5BWlZrYUNkR3VSOWJQVTJ6X2RpZkJkU09rRGhwalNCRDF6TGRyRDQyQ2hVNGFoc0nSAWBBVV95cUxOejUtRVY5U3drMDFDN09zRDJoWDVaeXdpMGctVGR2WDRoRUxSNDNZSjVjWGdsMHVrN0JYenJOaEl0VE1aRjhaZWZWMjEwTUxrMnZ3WVV6ZFh3TklVbjItRmI?oc=5
438,2,창사 이래 최대 실적!AI가 분석해주는 카카오 상승확률은?,,네이버 프리미엄콘텐츠,2026-02-12,2026-05-04 12:27:05.235973+00:00,https://news.google.com/rss/articles/CBMihgFBVV95cUxNNFc3U0E4bUtBMU9FRFA3c0pEYWNmNnJPcG5qZmI1OWNBTmQ0YzV0S0tsbzBGWXZqNHVJZkJaVnlLd19WYWZ4dVh4WC1IV0Fqak04OTZMRC1KUUdNMl9wZ0NiN2tKUlM0NjhIM1V3VlhPQnVUdnd6OHhKWFczcFozcWVXMnBuZw?oc=5
439,2,AI가 분석해주는 마이크론 테크놀로지(MU) 상승확률은?,,네이버 프리미엄콘텐츠,2026-01-19,2026-05-04 12:27:05.235973+00:00,https://news.google.com/rss/articles/CBMihgFBVV95cUxNU202WTRjWFJxYU9Kam1ydXR6TUpqMDV3V0RhMnh5TWlNVUVlcnVEZmFySjR0VXNYcmVTallSamNLOXZvNVplNnN2bDdONkdsMDNNN3NRWjZSUEZyZmY5eF96UHJET2RqTW5oWk5RRVdFMnRfRzFVb3lKLXkxZW8xa0c4UVlVdw?oc=5
440,2,AI가 분석해주는 현대차 상승확률은?,,네이버 프리미엄콘텐츠,2025-12-02,2026-05-04 12:27:05.235973+00:00,https://news.google.com/rss/articles/CBMihgFBVV95cUxPY0tDVGNYM3c2c3dkTktybXVBOGtxZGtJMDZRSmRZbnZTZTgyaUMwM0ExWlJoNXUyQVliR18yNklLODBjcnFxenVpNF81UThOaHQ2SENrWmRYcHhYdWtOTl9Cbkl2Qk00QmViemJUQnFlWVloMEZ6SkI4STc3akJKRFBJWUVnUQ?oc=5
441,2,올해 영업익 사상 최대 전망!AI가 분석해주는 JYP Ent. 상승확률은?,,네이버 프리미엄콘텐츠,2026-03-11,2026-05-04 12:27:05.235973+00:00,https://news.google.com/rss/articles/CBMihgFBVV95cUxPcFR0V0dCWTdjVE8tY1ZxdFBna256WEI1M3FsaHRsUTlKeDJCRmhKb1VpYkdFNm95RXh3QXE1RFhCU2lUNkhTNmRjM3hvOWtNX0s3cTM0TE50aEZfVFJtMUluUlIwTnROcmR5MlhjNHJvNXppNG1UcXdhUEwxQm1HZVA3NTlPUQ?oc=5
442,2,AI가 분석해주는 비츠로셀 상승확률은?,,네이버 프리미엄콘텐츠,2026-03-10,2026-05-04 12:27:05.235973+00:00,https://news.google.com/rss/articles/CBMihgFBVV95cUxQZnEtcTlkLXBKay1LTXpJaXdpcnhtdGVGOHk1WUI1WjA0bVVYQlVocnVWZFhhX2xLaVhYcEVGUTlJaERRWV9GMTNjU1lGUXBEUENsZ0ZjNUFuTU5HYlJVdHVfUW9UY09zQTZGNGhFZEZoWWw4UlpmT0xtelltd2IyRk9DV1RIUQ?oc=5
443,2,"미래에셋증권, 'MY종목분석' 서비스 오픈…키움증권, 7개 기업과 자립준비청년 지원 [증권오늘]",,sisaon.co.kr,2025-08-21,2026-05-04 12:27:05.235973+00:00,https://news.google.com/rss/articles/CBMia0FVX3lxTE1jU2xERzQxSm5fU1RXTy11N01RbkJqa0VPTTduTXJuSlZKcDZzWjlHTnJnZTJkYlBoOGdhMG0zbHVXTjNrd2c4enFxeVJ0MEd5c3lzakpZdmNuYnk5SkFkZ24xc3hsVWdOb2VB?oc=5
444,2,AI가 분석해주는 트래블 플러스 레저(TNL) 상승확률은?,,네이버 프리미엄콘텐츠,2026-04-07,2026-05-04 12:27:05.235973+00:00,https://news.google.com/rss/articles/CBMihgFBVV95cUxNNHlEV3FmMVZmdWN2bUtqN3EwbDRaeU5RN2tVd2Y2RmxVaE5zcnpDS2FaMWRhckZtR1VieFg2SEZ3clFZVnQyMGQwX3JyZDFxSlJUT3p0c19BaVRvOU9fakF6aHhsMHFEYUdRcXd1Yk9CWW1SdlVPTmNoSFlFdWhpYkkzd0hfUQ?oc=5
445,2,AI가 분석해주는 GE에어로스페이스(GE) 상승확률은?,,네이버 프리미엄콘텐츠,2026-01-22,2026-05-04 12:27:05.235973+00:00,https://news.google.com/rss/articles/CBMihgFBVV95cUxOeEJLY0h3WEJMRWpaRWZlbnVwTnp0YWhKY2dBa1NUU1FIUVNNM0NHMHNkQXB4Ui10ZVVvckQtckhNNE10V3Y2SHFhTkRFTldIRDlyb3k4Q3NUZGlMNWM5M0QxTnZ2dFZWeTg2Mnk4VF9hUUhCZjRRelRjZm5KeGN0aGZYakdJdw?oc=5
446,2,원자재 가격 강세 수혜 기대!AI가 분석해주는 포스코인터내셔널(047050) 상승확률은?,,네이버 프리미엄콘텐츠,2026-03-17,2026-05-04 12:27:05.235973+00:00,https://news.google.com/rss/articles/CBMihgFBVV95cUxNLWVCQWZLS2Q1S2g2QmtEaEZqMTh0cDc4MGFPMUdHeWRYQk5famlPZ2NEWDVIRFNLeUl6d1ZrQl9QSXcxbUVhSGU1aVNoT0czWHF6OEdnTGFLRF9XVjNxdW1XVmdvekNQVnF2TzJ3M2xZRW16cmJ1ZVE4MEFRTHVXMTdMX1RtQQ?oc=5
447,2,"메타(META) 11% 대폭락! ""이 공포, 지금 사야 할까요?"" (3분기 실적 긴급 분석)",,네이버 프리미엄콘텐츠,2025-10-31,2026-05-04 12:27:05.235973+00:00,https://news.google.com/rss/articles/CBMiigFBVV95cUxQbEp2ZVlqblpheUd5dHU1SkdKODc1S3F5aGFWMENHS0MzdEpTRi1tYmZzYUFZUGtpZHkxSUh6SVpjbTEyeWZoZjhrZzZ1SUFyYmNSMlcxc1JnclVVU2liRzFyY3puZTVZQ1Z1MENEMk82UFgxQUc2Yzh4TlBQV0ZpTTdZdXZiWTBIVFE?oc=5
448,2,🚨 과매도 신호 뜬 국장 우량주 - 지금 주목해야 할 저평가 우량주 리스트 (2026.2.6 기준),,네이버 프리미엄콘텐츠,2026-02-07,2026-05-04 12:27:05.235973+00:00,https://news.google.com/rss/articles/CBMiigFBVV95cUxOdUN3dUpUbDhVRC1xWm0tTHRDaWhGMkkwUFNIMmJhYnE0SHJ5d25qRjloUlYxemRRYTNnbDItYkVJT1pKTU50ZG1sQ1pLbzFVOWNhdTdrMGpqZjV1bG1UOTY1aUYyU0JFVFRxTWZzNmlOaGkzTS14UFVBN0pyeVl0QmtFa0E5ekd2bHc?oc=5
449,2,AI가 분석해주는 씨피시스템 상승확률은?,,네이버 프리미엄콘텐츠,2026-01-20,2026-05-04 12:27:05.235973+00:00,https://news.google.com/rss/articles/CBMihgFBVV95cUxQX3B0MGYzOTVJZFhmUUQwMEc1c1JxOGVYdVRxOVRkc0NZZFgzNDQxQXFkQ0drNzh5eVlja1duR2pBRm1VbGNNMHJuU2ZrNkZ4RDQzd1ZUQV9XZnc1WkpUWmZyUjVPcXhlSURkVzVKa0xPanhFcFI0UmswM2hHUVVxSmlMY2ZJUQ?oc=5
450,2,AI가 분석해주는 포스코DX 상승확률은?,,네이버 프리미엄콘텐츠,2026-01-16,2026-05-04 12:27:05.235973+00:00,https://news.google.com/rss/articles/CBMihgFBVV95cUxOc3dYSlEtdGk5c1ozWDM4MmViajFUcFpaU05xalFjSnlGektrbDY3M2FyRmF5MzU2M1dyYlhNVlRjakhNWUdvQ25sei0wWUJuZkU2M3VNY0lPb0FzSzljdWlYWmtGNWRGSS12QnZIY3lOWWo3MU1uYWNOR21xTEk0N2c1WDBsQQ?oc=5
451,2,🚨 과매도 신호 뜬 국장 우량주 - 지금 주목해야 할 저평가 우량주 리스트 (2026.03.27 기준),,네이버 프리미엄콘텐츠,2026-03-28,2026-05-04 12:27:05.235973+00:00,https://news.google.com/rss/articles/CBMiigFBVV95cUxOTjJVT3k5dWQzUFh6cUhabU8xMTE5d1ROeUpVenZwQm1mUERvWWZfcTN4cWRxeEo5b1gzeTA4QkkzamN2cnZFNUNUb3l3RmNCOVRwS1hxY3VHeklKZG1BU1hhdU9mR25CQzhvbnlyZzhtV0dVM2pvaEZtSFlfekdNYm1aQ2pIbTl0Nnc?oc=5
452,2,🚨 과매도 신호 뜬 국장 우량주 - 지금 주목해야 할 저평가 우량주 리스트 (2026.02.27 기준),,네이버 프리미엄콘텐츠,2026-02-28,2026-05-04 12:27:05.235973+00:00,https://news.google.com/rss/articles/CBMiigFBVV95cUxOTlZmTlRodTZXNzFZOGptbkF3VEJpXzFKd3dkMWN6b00yRlJYSmlzX0NuSTdqOXZzZFNCaVUybmFKUTZSYlBBX3RiNV9GUkI3OFltRHhYSVdyV0dDcXBLdzFWejgxZWtlS0o4ek1aU21ZSHJhWW5pcmozVkw4VG02cEpONW5vdEd1OFE?oc=5
453,2,AI주식상승확률분석 : 이지홀딩스(035810) 주가 전망과 상승확률 분석,,Investing.com 한국어,2026-02-23,2026-05-04 12:27:05.235973+00:00,https://news.google.com/rss/articles/CBMiYEFVX3lxTE40MFVtaklLU2R4UUQxdEdJamd5Um5IMDc3VTE5WlVHYnNFZjdLSXpFc2J6UE94eGVTRGpCZ0djaUUxQXk1RlpKUEU4dG9BZWxGOGViR3Nqeng3RnZ4RWhsLQ?oc=5
454,2,AI가 분석해주는 한국항공우주 상승확률은?,,네이버 프리미엄콘텐츠,2025-12-15,2026-05-04 12:27:05.235973+00:00,https://news.google.com/rss/articles/CBMihgFBVV95cUxNSldRXzJjckJIWlRDRFhORWlBQ2I3VUd1dWRBYl9rVlUyVlVLRHlsNmM1QVJDeXZtTGpfa014QVRoWkpvWE44WHlnNDFuVll5NE1xZ2ZpOWw5enVTaUMzT3dmbWdIalI2WlNQX0FMdWNFSE9ncXY0Q2thMHhZWXRKajRIdEhRZw?oc=5
455,2,"미래에셋증권, ‘MY종목분석’ 서비스 오픈",,문화경제 CNB저널,2025-08-21,2026-05-04 12:27:05.235973+00:00,https://news.google.com/rss/articles/CBMiY0FVX3lxTFBHZEdaVFJCQ2FKNE1IeGxBVW5BbDRmbV95bzdQYnF6WVNrdUMweFdkSFpBdzZCM0daSVhWU2t6bGdwMVhzNW1TMXRtTzdkdXFQRFltVzRiMkJIQXNKam5SLXR6MA?oc=5
456,2,AI가 분석해주는 에스피지 상승확률은?,,네이버 프리미엄콘텐츠,2025-11-24,2026-05-04 12:27:05.235973+00:00,https://news.google.com/rss/articles/CBMihgFBVV95cUxQaS1fXy01b1NleUxILWFCUFRHdGY3ZWkxUW1GZ2lkZHUwZ2plTFhCYXVKby1LUThFTUIwZnI3OHNLSUhsS1lJaFpMNEdXaW1pdjlPTlBTVXZtOWVxUjFCVVJQVWViclhTSTlEUzNtZU1yb1hXdmw0TFVJN2hfNGhHVXRIcE5aUQ?oc=5
457,2,AI가 분석해주는 태피스트리 (TPR) 상승확률은?,,네이버 프리미엄콘텐츠,2026-02-26,2026-05-04 12:27:05.235973+00:00,https://news.google.com/rss/articles/CBMihgFBVV95cUxPSmJWajh1aXZuU29qNmlmTU9FWFVrNVhOSlNqRXdCdElPeWFSOHVPVzJHRWp6QXM0LXBkYXpMdWlwdVZoOUhLOVpMaTYyU2Q3Vk5qZG1YWTdUVUZDeWVuNFhxR3hKWGdHdmU4MUVTdW9GQS1UMTFRREFRY3ROd0NRMk44Z09IZw?oc=5
458,2,가스터빈·SMR 수주 확대 전망!AI가 분석해주는 두산에너빌리티(034020) 상승확률은?,,네이버 프리미엄콘텐츠,2026-04-02,2026-05-04 12:27:05.235973+00:00,https://news.google.com/rss/articles/CBMihgFBVV95cUxOZmoxRG01OXBTN0JNa2pqRE5vQVVYVkZzeHNlQTdxa29tZ1d0WUV6U3NtT0U1eHlXcm5HM19rQU9qR3pGRzVoY3FSSzN6YWdqQXlLQTlfaFNGcVZkN2FLN0xwd1hvNzNNVjN2LXhoY3pZZjhEaV95eW1hSWFPZFdJZjYzcWRHUQ?oc=5
459,3,"""효성중공업, 1분기 실적 부진을 매수 기회로…목표가↑""-삼성",,v.daum.net,2026-04-26,2026-05-04 12:27:06.249800+00:00,https://news.google.com/rss/articles/CBMiS0FVX3lxTE9mV1Y4dWFEeFBPM013eFdUWVR6V1lrTDFNUnAzUnhpY28zSms5elR2UFZCV0F5R1FHNDZNTXU4SFRpVjN3a1VKNmlIWQ?oc=5
460,3,"[클릭 e종목]""한솔케미칼, 2028년까지 실적 상향…목표가 33만원""",,아시아경제,2026-01-22,2026-05-04 12:27:06.249800+00:00,https://news.google.com/rss/articles/CBMiYkFVX3lxTE8tNk8zTU9WSTVBM1FKd0d5djY2VTZBT2ExR3FFcTY3R3NGVnp1b1dNeHMwUXE5MnkyWEZXNDloZXpIVTN5SEtUVGl6Nl83NmIxOHc3NHBQYnJnT0s3cGxBZzJB?oc=5
461,3,"""목표가 14만4천원으로 상향""… 키움증권, 롯데쇼핑 실적 개선 전망에 ‘매수’ 유지",,이코노미톡뉴스,2026-03-18,2026-05-04 12:27:06.249800+00:00,https://news.google.com/rss/articles/CBMibEFVX3lxTE4tVVBnYTdGaFFldWt2LXhxdTBGV3diSG9iSnhySnJqVHVqeTlWcllNMnRiYlJjRW15cmE0aGY2UUlDU1lHN0lYQ01HTUx5Z0RqM1ZsYVhobkgzb2hmdVFxUnVhVW1fdjhtX3lTXw?oc=5
462,3,"KMW, 통신장비 실적 확인 후 매수하면 늦을 것…목표가↑-하나 - 머니투데이",,머니투데이,2026-03-17,2026-05-04 12:27:06.249800+00:00,https://news.google.com/rss/articles/CBMiaEFVX3lxTFBtTE4tR2o1dERRYmh6RWhRQU5Vdm9MU0dydkRfYzctYk1kd19tcENIdXZBazJoQWg1SDhMaDVJT0dxdDc0S3pmdjlWN21aemVlQ004WGJ4RmgwUDJwU0FkZXlVdFFqWmhT0gFuQVVfeXFMTTBJV3d5YWRUeS00TTJ1cXFfRFdSUE1BREhTVnJDSEJubjdraDNtZldzVDBFMG9iZDZqa2JTd3hXZEEzOW9EaU9ncW9uOVBfVkZOVjFiUVQxeEdEZWxXelo1OFp4dmE5UXk4Z3N6M3c?oc=5
463,3,"와이지엔터, 양호한 실적에도 주가 낙폭 과해…목표가 15%↓-NH",,마켓인,2025-11-10,2026-05-04 12:27:06.249800+00:00,https://news.google.com/rss/articles/CBMic0FVX3lxTFBDVlYwek5GTjcybUFsaUxudHVuNk1QY2kwRHlzVHkyQTZ3N1J3TkJCS0hZTW9mS2FaSkFYZUh2UnhNSWpPaDFabG1WUkxzM1h4T29kUUt1bm1qc2dhVW5Xbm12NGg5aFVhTmVEX002X0FPNDA?oc=5
464,3,"삼성전자 목표가 32만원⋯""4월 실적 확인 뒤 접근""",,이투데이,2026-03-12,2026-05-04 12:27:06.249800+00:00,https://news.google.com/rss/articles/CBMiVEFVX3lxTE55YW82anN3U3QwQ0NJZjNlOEYxOXVZckZ1SUNiTUVlY2tNOVZJNFEyZGRLNG5NMTd5aUV3RmVCQUQtUFNaQnl4alZlWThSRVdObmduUA?oc=5
465,3,"[리포트 브리핑]노머스, '실적이 오르기 전 마지막 매수 타이밍' 목표가 35,000원 - 하나증권",,뉴스핌,2026-01-15,2026-05-04 12:27:06.249800+00:00,https://news.google.com/rss/articles/CBMiXEFVX3lxTE8yajhBSndHa1JWcnltVGRCVTRmZUdCWmRMRzdNV0loRk9JbV9JTjVPa3QyWEtOUVVlZk52R0ItQW9BVUsxUjNmRE9iMFhRdUFLNTVTNWh0V1ZhMWR6?oc=5
466,3,"삼성전자, 주가 급락에도 목표가 유지…“지금이 매수 기회”",,핀포인트뉴스,2026-03-07,2026-05-04 12:27:06.249800+00:00,https://news.google.com/rss/articles/CBMic0FVX3lxTE9PQjBQN0hYY2huN00yWmE2bHhTZExUek9FczBlZnNkY05vRm9XZmdCUWdMOS1mNnZ6OXZFRUt6MmJ2RmdrYnBRcGJGZnBTUnEyalc3WnZyT1ZhQ0ROc0hxbWtiVE51QjU3Y3RiNzFjcXVwc1nSAXdBVV95cUxNMGxDQ0tvMlJHUGZUQVUxWUlqTnJuYVpkWmoyTkZRcDQ4WGFpTmRFbVYyOUd6QlFnTUpXSUFsRFVmRTE5eW1tb2xQSDQtZU14d2J1WGVwWkJGb09Zd2oxNUx3dVJFQUVUc0xzZWstandmU0dMLXhQUQ?oc=5
467,3,"하나증권 ""리노공업, 양호한 실적 흐름 지속..…목표가 6만9000원 상향""",,디지털비즈온,2025-11-21,2026-05-04 12:27:06.249800+00:00,https://news.google.com/rss/articles/CBMicEFVX3lxTFBDb0JZNXozS3ZRWEVTQ2xEQ1U1YVZ0NWMxaTlwLUY2OUkzYVc1enQ4T2Jrano2MElvdFd0T0I5dFkzaWFQMmpURmd2TGxaSFRSME11cGtlbkZqeTkxbGlWZjMtejdPNTVnM3VHeE5fbGg?oc=5
468,3,템퍼스AI 주가 상승세···미즈호의 ‘매수’ 의견 및 차주 실적 발표 주목,,Benzinga,2026-02-20,2026-05-04 12:27:06.249800+00:00,https://news.google.com/rss/articles/CBMiqgJBVV95cUxOZE5GYmNUbGRWVzRBenVWd2JaeWV6M0pYZjNsOXRYM2RqSVYxbzZjVG5xeGVTTEdSQTdpWkszRlk5dkwwb3VzZ3hIVkFOalVUNmg3aFBzdXNWQTQ2ZTNOX2lCOVdmNTA3MlQ4QkJ6UVB4MlE3ZUZIV1VmbkJnblNMWXdIZGlZcTZYNWRQd0xoMWMwdVdDSmxyWGJFV0pTc3FPVk9weFhYZmpfZ2RjaGhYRnZEc01iOV9MdWdjR0xFX3dORmZnUVZTWmx6b3NRTk9NRm1aVTJoSU5Ic1d4Y1F5YlF3V0R0OGprREtERTVIQmpMVkk5ODFoeVN1ZktPRjNzR0FqdDRHN0pVam9hbmZROFdtODBXMi1QejF3U2QtUXdReFlFN1BMQ3ln?oc=5
469,3,"[특징주] 한화솔루션, 실적 개선 기대에 증권가 목표가 대폭 상향...연일 급등하며 신고가 경신",,와이드경제,2026-02-09,2026-05-04 12:27:06.249800+00:00,https://news.google.com/rss/articles/CBMibEFVX3lxTFBpTlpGTVFLMTNFZmlRc2lqaUVFWHR5STgyU2lhN2NHdFk3VFJxV2x4b3pWYzlwSnBIWEJyVkZpS0JUM3lwaGo1RzRDRkpsbE1FM1ZtYTkwbUdTVnUtWU0wWTNORWVpWVpvMklERA?oc=5
470,3,"삼성SDI, 바닥 찍고 두 배…‘실적 바닥’ 확인에 목표가 ‘줄상향’",,뉴스투데이,2026-02-04,2026-05-04 12:27:06.249800+00:00,https://news.google.com/rss/articles/CBMiXkFVX3lxTE9SOXhzYmV4YmI2Yi1XOWRYS3N6cUJBOV9oNkxKbE5KbkEtcEZWUE13S0c5Q0drRFRlRklUc1NpaERWXzRkTFNOUXJqcWtybTdmLVRDaWVib3ZVdms1T0E?oc=5
471,3,"마이크론, 3분기 실적 발표 하루 앞두고 목표가 잇따라 상향조정...바클레이즈 미즈호증권 목표가 올리며 '적극 매수' 의견",,비욘드포스트,2025-09-23,2026-05-04 12:27:06.249800+00:00,https://news.google.com/rss/articles/CBMifEFVX3lxTFB1bUpqRTQzYmhBbnNiSUNzNkMyX0JkMkM1amZpalM0dHkxdmRVenhvY3E5dHJRXzZ0WVVjSUZndDdZVFZxZktPcW1mWktoNnRGcnJLV2dTaTl4YThYRHNTX09lRW4zT0VkV2pVamxSVmRsLXZSTkxLcVRXd2k?oc=5
472,3,"한화솔루션, 올 하반기 실적 부진 전망…목표가 ‘하향’-IBK",,마켓인,2025-11-06,2026-05-04 12:27:06.249800+00:00,https://news.google.com/rss/articles/CBMic0FVX3lxTE5WemtrcDBlTkx1TUI1NW8xWll6Snl0TmZqX3dvazRBa0JFbldzaDdjRjhJYlNVLXk2bGdPRVl5UHBpMl9obEtqT2VXUDZtQW5GeUZpQzNuQm9XbWJpaHlINHN1UGNqeVdYa0pRVHctaHlZS0k?oc=5
473,3,"LS ELECTRIC, 내년 실적 기대…목표가 90% 상향-SK",,마켓인,2025-10-23,2026-05-04 12:27:06.249800+00:00,https://news.google.com/rss/articles/CBMic0FVX3lxTFBpeDJoQUtGYUVNaFRxNXZDNkRzejAwbHVTLXp5aFlKamg1cGRRTmtoZ3JpUmVxcUhMcWZ5bFpLQm5yaTVLcGlmRy02c1JFeWNkeTNSV01KMmk0U3JNUkFJREVlQW1GOHZnYlVZUTNONUgwd3c?oc=5
474,3,"두산, 전자BG 실적 개선 전망…목표가↑-유진",,마켓인,2025-10-23,2026-05-04 12:27:06.249800+00:00,https://news.google.com/rss/articles/CBMic0FVX3lxTE0wa195cjdIenAzaUJqenJ2cHAtNlU3cFVuVTZ2SlUyWjRBV1F2eGpodmFsM29YdzJzbVY4b1VFdDVaM1hKQkJBNm4wTDFfVFhKSGZKbHN1YTIwaG9LcmxfR3BWSk5ucHh0VXBjeDIzUHdWUjQ?oc=5
475,3,"NH투자증권, 실적은 탄탄·주주 환원도 차별화…목표가↑-한국",,마켓인,2025-07-10,2026-05-04 12:27:06.249800+00:00,https://news.google.com/rss/articles/CBMic0FVX3lxTE8zNFdYdUg2VTF0M3hsbmowMm55SnlkeGhKaWJXd1JlUXMySlpfY0hjcE5ob05obHJvbTdvWnlQMWxCMnUxRVpuay1YTllmUXRBTno1eksxY25ZQzlUelVtU1lRaVBSU0JEeUpHeE5oZmp5Zkk?oc=5
476,3,"롯데관광개발, 내년 카지노 실적 상향…목표가↑-다올",,마켓인,2025-11-27,2026-05-04 12:27:06.249800+00:00,https://news.google.com/rss/articles/CBMic0FVX3lxTE80TWhKTWFEYkE0eXFfdjdFVFBxX1VKSGtkUWZVLTk3akRQY1JZdlRoaVhxNjVTVy1haXctWWdxaGhRc3lTa3BTWEpKV3hrY0lVRzRqVG5jalIzOEp2ZVhveVlBeE8tRUZ0YVVabW1fNWcwWFU?oc=5
477,3,"SK證 ""LGU+, 실적 개선·주주환원 강화…매수 유지·목표가 상향”",,뉴시스,2025-12-18,2026-05-04 12:27:06.249800+00:00,https://news.google.com/rss/articles/CBMiYEFVX3lxTE1lNXRqd3RqUC1EaFZsMUp4eHBqdzcwM2ZoaXE1V1IzYWtoZV9NRnNVVDNTSnpZNzRhQjVaMGpSd0dwazJVMzU4QWhGT195NHpBemk1YnR0b1lncnNHSW9qa9IBeEFVX3lxTE5zYWdjZ0RrMDIzVlF4eWNTQ1lVRDBMcXI0NThxMUV1Z3c1cHMwenJUaUtLRjlhb1hNdTdyU3ZSblRESlpYZVFpNmkxeXF1OUI3ZGFtOHB0b241WUZTdEhtTzBpbzJzNEtBRHRzcUlTN1JJQm03TjJYWA?oc=5
478,3,"[리포트 브리핑]케이엠더블유, '실적 확인하고 매수하시면 늦습니다' 목표가 50,000원 - 하나증권",,뉴스핌,2026-03-17,2026-05-04 12:27:06.249800+00:00,https://news.google.com/rss/articles/CBMiXEFVX3lxTE8yTUtIS0sxTFF1by1ZMVNRTlZqWDN1MGxBU09idVJULUotQXhRSF9CeDNXVEhJcDd5b0VIVkU0WjlMMlVSc2FwREt1VGJMeTRITS1aUElGVVduQTg5?oc=5
479,3,"한국콜마, K-뷰티 호황 속 아쉬운 실적…주가 조정 시 매수 기회-한국",,마켓인,2025-08-11,2026-05-04 12:27:06.249800+00:00,https://news.google.com/rss/articles/CBMic0FVX3lxTE1FSUxXVkFpTlg0b01mbzFseThwVVZvN0tuemZndkVpS3RuUGdCWmlzTXZOT0lOOWJPR3R4M2lQVUlpMGd1VXRQaFBPaVNrTGJsa0o2cm1TVjdXLXJRRFhaVHhIek54WkpLbWZkQW12a2xEWkU?oc=5
480,3,"[실적 후]JYP엔터, 아티스트 성장세 이어질 전망... 목표가는 '엇갈려'",,인포스탁데일리,2025-11-14,2026-05-04 12:27:06.249800+00:00,https://news.google.com/rss/articles/CBMidkFVX3lxTE8xeG9kbTlIYTNiRkxwSXVqdG11US1WdXFlS0Ruc1phQTFXSGZmSTdkel9tYXdLcFhPYWdMNlk5UDkwY0xxYUcyS3hXNjQ2anM4RWQ3UWtOWmM5UGt5X1A3cFl4R0NKcGdPX2J6aC1TeGVfbDlTaVE?oc=5
481,3,"""삼성중공업, 일회성 이슈 없이 ‘깜짝 실적’…목표가↑""-하나",,한국경제,2025-07-25,2026-05-04 12:27:06.249800+00:00,https://news.google.com/rss/articles/CBMiWkFVX3lxTE1obzk4OXJlY0tQaUM1Ml8zbGRtMDJGVDc2MWkxNkdTZURWc3hqTllEMWR5dmZMa1lucHA3WjJoMEpiZXBTNmRtZ1VzelVCVUFXeXp6SkkyNjBRZ9IBVEFVX3lxTFB1akRfZmU4QlFtc1VzMC1IYWRXdFplUEU5VlpIMnRkRzBDUXhXdHVsSjlQbXRpV0J5UTZWWV9XWjlZUlI3cHhldW05MkNxY3lhczRMNQ?oc=5
482,3,"""실적보다 수주 봐야""…LIG넥스원, 목표가 하향에도 '매수'-신한",,네이트,2026-02-20,2026-05-04 12:27:06.249800+00:00,https://news.google.com/rss/articles/CBMiU0FVX3lxTE1BWUE1VXBibTM3aUdIU2hCd3RIcHJESWJWeW1kLTVGUEE2NzMyYlhVS0VEeFh4bXdlUzh0SXc5ekQwaTZFT3VieEVISmdyTTA2NHZV?oc=5
483,3,"삼성바이오 역대급 실적에 목표가 상향 봇물, 기대감도 ‘UP’",,헤럴드경제,2025-10-31,2026-05-04 12:27:06.249800+00:00,https://news.google.com/rss/articles/CBMiVkFVX3lxTE5RMVd3dWdpOXdMNHo0MlBpcGhrcWRlMzVwVHJUX2ZwdHJ5M2stZ1gzU01ESGNVenRxWDEyLVUyOVNjVHZUbU9NOEw1di1pSG9qNmg4WFRR?oc=5
484,3,"빙그레, 국내 소비 부진으로 실적 악화…목표가 16%↓-대신",,마켓인,2025-08-18,2026-05-04 12:27:06.249800+00:00,https://news.google.com/rss/articles/CBMic0FVX3lxTE02OXFEa1RNZkxoR012Mm9YTGZiSjBNb3VEYWlOZGZyU3hlSHRPalB3dDF2eVBkOEVJWHhrcUtCS2pvRm1rUFc2Z3Njczl0RXRzdFYtQ2pQZDhNdWV3cFVmRWU3dE5MZ2gxQy15cWozVmpHdk0?oc=5
485,3,"한화오션, 꾸준한 실적 개선·美 조선 시장 진출 기대-한국",,마켓인,2025-06-12,2026-05-04 12:27:06.249800+00:00,https://news.google.com/rss/articles/CBMic0FVX3lxTE1OaHR2N2hEWFlSeTN3RENrdmFkT21wdmViMENVTHVZSGh5Q29tam9IOU1sbmk4M2dMLWg0SEcxNGZ2aWZsQ1lDRWdfbG9hSzg4QUJNNlV6dEhlNHF1bUNUNzlDTzNMajNPT3Z6N2syOUFzRjQ?oc=5
486,3,"KCC, ‘실리콘 사업 개선’ 올해 사상 최대 실적 전망…목표가↑-하나",,마켓인,2025-08-05,2026-05-04 12:27:06.249800+00:00,https://news.google.com/rss/articles/CBMic0FVX3lxTE9qcnZ4d2tfb29kR3Q5WDUzRmFGYTN4RHFPLW1PT3VRbTFrNFFSdWQzZGJiS09TOEl0QWlZc0Z2RU4wSWlvS2hkMW5RVUNSeWMwR0tBMEdKdV9tWFJXTFM1QkRuOHBJZThRMTJwdHUtUXlUaWs?oc=5
487,3,"“실적보다 수주 봐야”…LIG넥스원, 목표가 하향에도 ‘매수’-신한",,이데일리,2026-02-20,2026-05-04 12:27:06.249800+00:00,https://news.google.com/rss/articles/CBMigAFBVV95cUxOWldnNkpfcXhOanBWbGFvX0dhTFNDSE9hRWgyVVNpNlljV0dlMlRDeV9MMTZ4TUkzX1g4ZEZ2a3EzSG84Unp6T0ozV1NSYS1zUWl3dTFMZjExWDJKWW9vU2hucUdNU3ZvZE54VEFwcGZEZUwzd0tQTHp5Q3ltbUdqRg?oc=5
488,3,"S-Oil, 제한적 공급으로 정제마진 강세…3분기 실적 반등-NH",,마켓인,2025-06-16,2026-05-04 12:27:06.249800+00:00,https://news.google.com/rss/articles/CBMic0FVX3lxTFB6ZFpCOXZLU0hyMUZDTnk3X25IUkxtXzZ1X2tlUmQ5aTc0cVBBUFFDT25xd3BwU2lDTUFTMTdsdVBUT1JXaFVLTU5fSFM4QWgxY2taeWRocEVJR2M2ak9fTk5uRmRabUQtSndJc09MRHl2ZjQ?oc=5
489,3,"SK네트웍스, 실적 정상화·주주환원 확대…목표가 상향-흥국",,마켓인,2026-02-25,2026-05-04 12:27:06.249800+00:00,https://news.google.com/rss/articles/CBMic0FVX3lxTE5jY2pycHJfUlh6emhXenRtOHBiUE9OTndObnNWUkxNNjg3WDNsQlB6cm5NOXlUSGJSWDVVVHZrLVVlVGxQY0tSelBtRlJBZ1FJMlRWblBlcHFQU3BKUkp1RVFOZ09FNjNxNVZYbG5NcDdHQTA?oc=5
490,3,"KB證 ""삼성SDS, 1분기 실적 기대치 웃돌 것…목표가 23만원""",,v.daum.net,2026-03-25,2026-05-04 12:27:06.249800+00:00,https://news.google.com/rss/articles/CBMiT0FVX3lxTE9sT3U0eDN4V0NNdGxORXJQRXYxNTRleGVrWEt5Y3k1aHAyTEtxblp4MWhJOFFaVWlaNm1mR1VBY25jVDgyOVp1a3Q2cC1BN1k?oc=5
491,3,‘AI 대표주자’ SKT 매수 앞당겨야…목표가 45%↑-하나,,마켓인,2026-01-27,2026-05-04 12:27:06.249800+00:00,https://news.google.com/rss/articles/CBMic0FVX3lxTE0wR2lpbjB2MUYwVDREYUltRUJxejRkNzU4LVU0a3A0RnZtUDFxNm5FbFYwX3Q1N1pJWUpzUTN1NWwxY3BhMDVjOGdnbnZWT3Z3ZGJXcURfVEgtV3NocmxQRWxnZ2pQYzk3eXNhemdOT3pJdVk?oc=5
492,3,"SK증권, 카카오 ‘매수’ 유지…목표가 8만7000원 제시",,조세일보,2026-02-13,2026-05-04 12:27:06.249800+00:00,https://news.google.com/rss/articles/CBMiX0FVX3lxTE9FalhYVnN4TTBEcmRId0VMeEZQLU93SXg1cVEtclZSNmlTZFFkNlFnUEZjcUEtNExxV0NUZnIxRGZNMXpZc3NONng5R0NxZkpsVmpoMW1YX0luRHpxY0RJ?oc=5
493,3,"삼성증권 ""기아, 2분기부터 뚜렷한 실적 회복…목표가 유지""",,연합뉴스,2026-04-26,2026-05-04 12:27:06.249800+00:00,https://news.google.com/rss/articles/CBMiW0FVX3lxTE96YTRnSWMyRW0xQzh0bDNFbWdkQTd2dU53MFlQOHg4T0FlQW5QLWhjaGdUaFB1MmUzNWRYQ2JnbnMzWXVnQlRPT1g3all1Uk0tMjZMdXBMajFSOU3SAWBBVV95cUxNVEFod2JZNmtuNURoNGNOTXh3UDBMYmVVZVllZnVsRVZHOHNjakVZMmRZTzN3dTVkcEtrLUdlRjZaVl9SUG5DeHRIbFhTajlmNWZnaW1rd3VDWG1jbDNGWHA?oc=5
494,3,"레이먼드 제임스, 알파벳 ‘강력 매수’로 상향…목표가 400달러 제시",,글로벌이코노믹,2026-01-23,2026-05-04 12:27:06.249800+00:00,https://news.google.com/rss/articles/CBMihwFBVV95cUxQQlB3a2g5MnlhM2ZaWEt0MDNRek9wU0o2X2c4cWdqalRQZWZUd3R0STlVRWZXVWdLcVNJYndLTTZaV0pvMHVzVFN4OTRuMllDUWVTVDRka2VuZ05nVFhfWTVKZkhBTHVnMFptTEsxOFE3bWZKc3c3R3ZZR3dYQWdKQmZ1VEwzaVE?oc=5
495,3,"Today's Pick : ""한화에어로, 목표가 20% 상향…하반기 실적 좋을 것"" [마켓PRO]",,한국경제,2026-04-16,2026-05-04 12:27:06.249800+00:00,https://news.google.com/rss/articles/CBMiWkFVX3lxTFBHNGgzTHJ5WnVKaFJucDFyTnpTZmpweC0yYTctczQ2RnJXUDRGMHJNakFpQndybDhsckM0b3VhNnFSdlJkSWtOZ041WFRIYVVFSkZMbm55NHluUdIBVEFVX3lxTE8yZS1ZdWpHV3lPTWhzNmstQWtXMUZBZjhWTkxTM0dDZUZIbUFYODRUc1hKSHplcWh0T2pobU5VT3lJaWxuWTNOQ293R0lDM1hNemJGSg?oc=5
496,3,"NH투자증권 ""삼성중공업, 실적 개선 장기화... 목표가 3만원""",,글로벌이코노믹,2025-10-24,2026-05-04 12:27:06.249800+00:00,https://news.google.com/rss/articles/CBMiiAFBVV95cUxQSTNkOG1VaW82aUFhX1BMRXh6OHByZUdLSVlyYjJRb1ZwMUs2UXhmbzhJaUhKTGcxalNsTW1ibEdta2FKSUdmdmQ0NjliMDkyN1BlZlRaUzg5bXFRVDJWclRCR2JEQ0d5Mi10TF8yRHZJekhOZXBfZFhzUkprREhmNzNMcjNoakpx?oc=5
497,3,"네오위즈, 역대 최대 분기 실적 전망…목표가↑-유진",,마켓인,2025-10-15,2026-05-04 12:27:06.249800+00:00,https://news.google.com/rss/articles/CBMic0FVX3lxTE0tQzZxNXk2VVB2Q2M1Vk1VZFduVFp6ZnZIVUpqaHBFbnVhZ3ZWMkU2SlRoamxVQVNrWkdvTmxpb2NIXzNlN0VYd1poT2x2NXlYejJPLWV6YkNkclNoWGxpTGdTeHZiTEgwX2drOG1xTlcxdmc?oc=5
498,3,"롯데관광개발, 외국인 수요 회복에 실적 개선…목표가↑-SK",,마켓인,2026-04-22,2026-05-04 12:27:06.249800+00:00,https://news.google.com/rss/articles/CBMic0FVX3lxTE5QMnpyN251WkdhWF8zRkR0OEMwUVNBS0pqVHRyS0hJZGVEeFlfUHlxVlY1Mi1yWW9BS3RDSnB2V3ZVMnI1WkZGTnNIRGRSeEZOS2dOR2tMVHJ6WXZXcXJUQzcyUzJnU1dzRFQxS1hhVVNRaGM?oc=5
499,3,"“실리콘투, 안정적 실적 개선 기대…목표가↑”-한국",,한국경제,2025-08-12,2026-05-04 12:27:06.249800+00:00,https://news.google.com/rss/articles/CBMiWkFVX3lxTFAtQlVBemp1dTNjS0FYVTdSTHNuNHY2eHFES2NKeVBYM0ZkSkgzYVJhb3cxWW1tcF9nU1ZKSjlUcUlINGVxcERkVE5PWV9RMXI3U0tsbGZUMDFUZ9IBVEFVX3lxTE11dWJIa2dtOWVrYmt4eHdlaDE4d3lxU0t4SjVzdkd2OGVraFNRUFNOdzdIQTBfZFZiaGVobXliUExkTWxLdFNvN1dSb3Y1SkpLYzBHYQ?oc=5
500,3,"CJ제일제당, 상반기 실적 저점으로 개선 흐름 전망-신한",,마켓인,2025-08-13,2026-05-04 12:27:06.249800+00:00,https://news.google.com/rss/articles/CBMic0FVX3lxTFBwV3VpM0NhcnlqQktSQnc2M2pvYTVjaHBidEhDSHpRTnY2TDR0STI5S19JZHhmMVMxRC1YNXdySTg2NXo4UGtDTmRHeEFxX2I4TS1iS2F5NkhhbTZUTXdWdUw3Y1g5UTBXY3EyUVloZFJ3a2s?oc=5
501,3,"에코프로비엠, 2Q '깜짝 실적'에 양극재 라인업 확대 기대감…목표가↑-NH",,마켓인,2025-08-06,2026-05-04 12:27:06.249800+00:00,https://news.google.com/rss/articles/CBMic0FVX3lxTE5rTnFiU1hPajd6NldqblVwOHM5VWFyUXlaV3BhMjBaODFNQ1BiUnlCd2ktRTlVdnphMHktUThzUVNJcXdMOENDV19keFV0WGNDUWpvT29ZYjYwN3p4aFBSTmQtMXVkS09aZXlvemZnWUVqb1E?oc=5
502,3,"비에이치아이, 풍부한 수주잔고…강한 실적 성장세 지속 전망-IBK",,마켓인,2025-05-16,2026-05-04 12:27:06.249800+00:00,https://news.google.com/rss/articles/CBMic0FVX3lxTE1RV3lhUkhrOFhCM1drdGhSeUNQX0llQ2FkVjZhWE1VYTBaVnpIUWJJVGpCVTNTQ25RcDBvblFzOU50OTB3MWhiUFEwb1p1aUM1NnFTcUY3eHZ3ZVQ5RlJpMS04Rl9wLVRtVFhhcWpRQk5VVFk?oc=5
503,3,"NH투자 ""대한항공, 실적 추정치 하향…목표가는 유지""",,연합뉴스,2026-04-14,2026-05-04 12:27:06.249800+00:00,https://news.google.com/rss/articles/CBMiW0FVX3lxTE5NZkQ1bl9mMkZEVXdySUw2VjU0UFl2YTNubHFUb1cxakI3a3JSSEV5dXYzRmgxNkpvQnRWU2t2TFNPNk1FQjF0VFNHM3ZwM1hwTElrZU41OXVjOUnSAWBBVV95cUxPc2V4b0NhZ3doeF9KdjRGOTZmNFU5SFJ4d2tjQjNZS2wxbndlZFJwV3ZGUVdqLWpmdXRscm5YRzh2bE9TZktjZ0Z6c1VvNFFFMXJJeGl3a0RXUzVnd2VrTk4?oc=5
504,3,"현대로템, 2Q 분기 사상 최대 실적 경신 전망…목표가↑-NH",,마켓인,2025-06-25,2026-05-04 12:27:06.249800+00:00,https://news.google.com/rss/articles/CBMic0FVX3lxTE5MSkZZWVFmTGtBZWhRZ1BaLVJncHM2anU0N01oQW9jd3FmRUF5SjAxYWdpb25TeDQxcFgzOC1BMXE1b3lmQThyY1ZKV3U3MEhEaWtIbV9NemdzSzRhM1M2bWxxMERSMmU3NmJNZlg2c3RVdnc?oc=5
505,3,"티에프이, 올해 창사 이래 최대 실적 기록 전망-하나",,마켓인,2025-08-22,2026-05-04 12:27:06.249800+00:00,https://news.google.com/rss/articles/CBMic0FVX3lxTE14RUVrR24zemZiYk8yZTVGYmd2ckpDR1dPX1d1VFRncWpvZks1RGwxZC0zcEVrVGV0RGY0bVJzR1hCNjNkY01yRF9uSFA2NEswa0h3eFJNSTA4V1B6SFZHc21qQU05WEtHaTR2ZzZCRXFOZDg?oc=5
506,3,"한미글로벌, 해외원전 실적 확보 주목…목표가↑-IBK",,서울경제TV,2025-09-25,2026-05-04 12:27:06.249800+00:00,https://news.google.com/rss/articles/CBMiZEFVX3lxTE0zMzZtQ09pS1hCYXdLR3gwTjJPa1poUWx2bFg4LXVvWnY0TVFtN1p1cFZmODMtdlh5M1ROWXZIWU5INGdLZWk1ZHFNU0h2U3hPbkN5MnF1NlBzSmNBZWFCWG00WWs?oc=5
507,3,"금호석유화학, 단기 실적 변동성 확대 따른 주가 조정은 매수 기회-NH",,마켓인,2025-05-12,2026-05-04 12:27:06.249800+00:00,https://news.google.com/rss/articles/CBMic0FVX3lxTE1ZOXFFSkRYWFZnaWxGZG9vbnRpRGR5UnlCLW5aaDZ4QVFranFhMnRJUkdIMWZOSTlmX2Q5OVVEVW94S19TOWhTaE5vMUZ1S2dsWVpVMktmdkgwZWdzUW1IZEoyTzRYaWFwVm9ldTBxeHBTZ0E?oc=5
508,3,"포스코인터내셔널, 견고한 실적 지속예상…목표가↑-삼성",,서울경제TV,2025-10-28,2026-05-04 12:27:06.249800+00:00,https://news.google.com/rss/articles/CBMiZEFVX3lxTE10VTJVYmdhTlhtTkJiTEVNUmlKOGRlWkhaWlRlQWtBNUJpSUF4NDhIdEc1OW11amdGRFVaa2FKUW5UNi14TjRLWENuSUdCWURaRVlrcEVqSjRtN1lqRGNYWHJ2WHI?oc=5
509,3,"iM證 “삼성SDI, 1분기 실적 부진 전망…목표가↓”",,이투데이,2025-04-02,2026-05-04 12:27:06.249800+00:00,https://news.google.com/rss/articles/CBMiVEFVX3lxTE9MLVllbjNpQ3haS05HNHB1WjVjWVpkazFHMWQ1Y2Q0WHpYX1BCcWczaUxNOGRxdGdyVXpKeDFCQjFEUEx3Z002SWZvSjhVQWpEWHZUMQ?oc=5
510,3,"하이트진로, 주류시장 침체로 실적부진 불가피…목표가↓-NH",,마켓인,2025-10-02,2026-05-04 12:27:06.249800+00:00,https://news.google.com/rss/articles/CBMic0FVX3lxTE1JbWVhWjNYVkdKR3hEc3RkbUJ3VXB5NXI5M1k3OFJmUGZFWU5lQVFkM2pKbnRCX0Q2R0FDRnB3cjF1T2ZybFp4TmdKNXAzdjVLQ21lTGdVREJrakFEQ1lxVDRHTWR3bE0wMGstUnQ2WjNkQWc?oc=5
511,3,"""30만전자 간다"" 목표가 재차 상향...""실적 개선·주주환원 기대""",,이데일리,2026-03-13,2026-05-04 12:27:06.249800+00:00,https://news.google.com/rss/articles/CBMigAFBVV95cUxNRnJ2Ym1uSFk0N3YyQVFHaVlxR0xYTVVOWm56RnNhMGNRT3V6Rmc4bWplWHRJTHczV01LXzVpdTBWMEZJUVVIeEM4ZVIwYWJxYnB5dVRHSmRKWU81Q3Y3MlRqX3lPNmxvWVdzMTlzbjNNMmdLZ2U0NjhEV2ZqTUV1WA?oc=5
512,3,"“한국금융지주, 사상 최대 실적 전망…목표가 상향”",,뉴스투데이,2026-04-14,2026-05-04 12:27:06.249800+00:00,https://news.google.com/rss/articles/CBMiXkFVX3lxTE1mRjU5d3R1TWpMLTNlRDVvZHhCNGNvVGpFUXZXMFR2dXBFU2p2X05uSU5CVGR2bUwydy11b1BNdms4YWUzTXZab3JsUXRYQnY5bzBuMlRMdWx1NnNqaFE?oc=5
513,3,"아모레퍼시픽, 양호한 실적·주가 흐름 전망…목표가↑-한투",,마켓인,2025-06-27,2026-05-04 12:27:06.249800+00:00,https://news.google.com/rss/articles/CBMic0FVX3lxTE9PMVNxaEZGY05EdEFNYzJYZ1pkdXNMY3hqVjBfbTBjZVVuRGs1eWhHbk4tNU9jS2lzdXJmTUk2MklXLTJWenF2ajcwQ0ZzTUtOSG1YSkYzbjhid3dkcXBMRjhMdEU1REs4RHdoRkZnTjhOWE0?oc=5
514,3,"삼성바이오, 역대급 실적에 증권가도 신났다…목표가 상향 봇물, 기대감도↑",,헤럴드경제,2025-10-30,2026-05-04 12:27:06.249800+00:00,https://news.google.com/rss/articles/CBMiVkFVX3lxTE0teXI0bDRYWEhGSE5fanFNeGpzLVpNR2M3MkM5bzFOdmZfRDU3NWQtbFNTWURvU2RkVUh4WTR4Y3lIc2FvZDkxUnFGRVN0WHdzNUdLa0JR?oc=5
515,3,"iM증권 “해성디에스, 2분기부터 실적 개선 전망…목표가는↓”",,이투데이,2025-03-05,2026-05-04 12:27:06.249800+00:00,https://news.google.com/rss/articles/CBMiVEFVX3lxTE1GVnpsQlZ4X0tDUXlUTG9NZzR6Y2hWV3ZnR2NHaERMNzI3NnloZFJweUpHR1dveUE1ZkhKb0xHSndCN1VOejJvRjZrVi02dGlCckJWTw?oc=5
516,3,"“LG화학, 분기 실적 개선 전망…목표가 14%↓”",,이투데이,2024-09-11,2026-05-04 12:27:06.249800+00:00,https://news.google.com/rss/articles/CBMiVEFVX3lxTE1TZVVJWFpDeTdPT0t0QVJmeWIzRms4eUZFeTZldUMzWkNhV0Q3SG5NRGRRZElvNW9veDMxb3p1anp1MDJGLXNfZkwwc3ZIU2NXNmdBaw?oc=5
517,3,"KB證 “삼성전자, 실적 증가세 지속 전망…목표가↑”",,이투데이,2025-03-31,2026-05-04 12:27:06.249800+00:00,https://news.google.com/rss/articles/CBMiVEFVX3lxTE03MzlRUW05MlhNV3hYV2dkVEtlaFFEME0wVWFRazFDN3FybnlFYkhUQ0F4RHE4bGRjYVNTdUN4OUItX0tCSXduSHV3OFBSYXZ4YnRaeA?oc=5
518,3,"iM證 “삼성중공업, 꾸준한 실적 상승 기대…목표가↑”",,이투데이,2025-02-06,2026-05-04 12:27:06.249800+00:00,https://news.google.com/rss/articles/CBMiVEFVX3lxTFBPb0RPWGItZ1BUWlFxRmlEcVItQ1p2RjctUlRKYmx3b1J1bkY0a2EwSWtJTnJUOTF5Q1ZTa01OVVNkeWtjN1lidVhYQllqYnF1Sms0dA?oc=5
519,3,"[실적리뷰]아마존, 주가 하락은 일시적…월가 ‘매수’ 의견 유지",,이데일리,2025-08-01,2026-05-04 12:27:06.249800+00:00,https://news.google.com/rss/articles/CBMigAFBVV95cUxQMUJRblgyMld1RDJtRFh0ZVg2al9vRV92SjhkbzBQZVJqakIzVG52VTFtQVpGZ2lhYVhGVXIzU0RTazdlcjM2bVoyRVhIUEJSNkE4Q3puY1hXVG9SazFuWUpzSXR4amt0ZzN0YmtCdFdyekZxaWdYWHAyX1h4anlKaQ?oc=5
520,3,"""노머스, 멀티 플레이어의 저점 매수 기회…목표가 3만5000원"" [모닝 리포트]",,뉴스핌,2025-11-27,2026-05-04 12:27:06.249800+00:00,https://news.google.com/rss/articles/CBMiXEFVX3lxTFBZak5OM29WTXY0V3BGeGZqdkI2UHRURTAtN1Q0ZnhRbldUTVhuZjNURmYzS2ZJUHZYNEZrcFRfMUVLci14Y2Vfa1lXSjM2YjB5NEprMmFjZ3BIUGdv?oc=5
521,3,"현대차증권 ""한국항공우주, 올해 실적 개선세 본격화 원년…목표가↑""",,이투데이,2025-03-11,2026-05-04 12:27:06.249800+00:00,https://news.google.com/rss/articles/CBMiVEFVX3lxTE9iaUR1WWoxVWthRVdWcU1vRmpaQ3U5eEhtTnBKZW83c09wc2NXd0VlUHBNa1VZX0V3YVI1NXhqdXdza2R3RjRoQ1dnRklDUGU1eFBLWQ?oc=5
522,3,"“효성중공업, 올해 상저하고 실적 패턴…목표가 7% 상향”",,이투데이,2024-11-04,2026-05-04 12:27:06.249800+00:00,https://news.google.com/rss/articles/CBMiVEFVX3lxTFBoRURSSUhMa3JfLU95cEt3d3VlZjQyLUwyaS10YjVURTNpQ2tSbnU1QThfYmlIT1NCWmFYTUpRQ0ViaU5QMjQ1cEJTUnNOOXJKLV9NVA?oc=5
523,3,"“농심, 예상보다 부진할 3분기 실적…목표가↓”",,이투데이,2024-09-24,2026-05-04 12:27:06.249800+00:00,https://news.google.com/rss/articles/CBMiVEFVX3lxTE80VUhVZDdTemk4MHFCSVd1dl9uYV9Gcm8tSDEzb3ZvRnlmUE5WbWZNeU5wOXp6OGtZN0t3amRtM292VmVOTEVhMWcwSTQ2cE4xR1hoZw?oc=5
524,3,"한화시스템, 방산 수출·실적 두 마리 토끼 잡는다...목표가 ‘↑’",,조세일보,2024-04-29,2026-05-04 12:27:06.249800+00:00,https://news.google.com/rss/articles/CBMiX0FVX3lxTE9oaFBsWjlOd0pIRFJESTA4M1pWWFpBVndEeEttZjJGbFpNWDFyOXZMVHRVQl9zUVlnQ0tOTnc2SFdkVzIzcC1XWXcxZjdlck5jazVTcmx5eTljanF6MTB3?oc=5
525,3,"한국투자證 “금호석유, 화학업종 실적 불안감에…목표가↓”",,이투데이,2025-02-05,2026-05-04 12:27:06.249800+00:00,https://news.google.com/rss/articles/CBMiVEFVX3lxTE1laXYxaENJbDdfVjhMVTlLczNSZWYyVVNlTHc3NzdBVHgyV2RzeVBuVmdKd25UeGdFYUxUNndQcHFPYVNXM1UtWjRZMF9VQnNkYk9veA?oc=5
526,3,"“솔브레인, 줄어든 실적 성장 전망치…목표가 22% 하향”",,이투데이,2024-11-19,2026-05-04 12:27:06.249800+00:00,https://news.google.com/rss/articles/CBMiVEFVX3lxTE9qT21sak83WUNOM2ZIWGxqSTBWbjdtUlFfOEZfQmNidy1zZThWYmtYMHdjdjdkaDRfZzlLcmc2WmFSaTlfYWZiTl9weVZrWFJzYkNnRA?oc=5
527,3,"“HD현대건설기계, 길어지는 실적 부진…목표가 하향”",,이투데이,2024-10-24,2026-05-04 12:27:06.249800+00:00,https://news.google.com/rss/articles/CBMiVEFVX3lxTE9hMFNucFRTbWw1OXF0eU0wNGR4TFdxVTVFUEgwemdkWkdZUlFMbXNNU0dKNGJkRVE0NGhJQlVJa1R6d01HdTM0bFY5WFRnWHk2VkVvRw?oc=5
528,3,"케이카, 올해 실적 턴어라운드 가능성에…목표가↑",,이투데이,2024-02-15,2026-05-04 12:27:06.249800+00:00,https://news.google.com/rss/articles/CBMiVEFVX3lxTFBSdzk0ZE1pN1NPMGtCa1F3bkJwUDhRZG94djRNNmtsaTkwM2NaVGthbUo1bEw0M0x5Zy14SW94VUhoYl93Y1RIVmRWZUpGRHhqNTZEdg?oc=5
529,3,"“엘앤에프, 상반기 실적 부진 불가피…목표가↓”",,이투데이,2024-05-13,2026-05-04 12:27:06.249800+00:00,https://news.google.com/rss/articles/CBMiVEFVX3lxTE5xSXdxZmRUNWtrenhWaTJXRS0wRkd5WFUzRm9neVNaN3B3NkpCQllpamJ0dmVkTXlOX2JvbGYwNDZwMVJuVzYxS3A0SlQtZUxXYmhZbA?oc=5
530,3,"네오위즈, 실적 이상의 중장기 밸류 내재…목표가↓",,이투데이,2024-01-31,2026-05-04 12:27:06.249800+00:00,https://news.google.com/rss/articles/CBMiVEFVX3lxTE9tdjRqcTVhOHZpZ0poYnJyb0tkYTI4M0F1anVNUHg3QXh0UVhMZEN4aWZDMU9lUFdhTVVmYzlrSGFRbVJkRGNkQWd6NXRfUFRTUTJPQg?oc=5
531,4,"반도체 4% 폭락, 시게이트가 되살리나…내일은 '슈퍼 데이' [김현석의 월스트리트나우]",,한국경제,2026-04-28,2026-05-04 12:27:06.998337+00:00,https://news.google.com/rss/articles/CBMiWkFVX3lxTE9OT1dxSXMxNE1kQ0xtTGxXR0FDZHQtcUFGLWpHOXRQZlE4MmctRkxSZjkzTE1meUFoNTczOEJnYWs4SFlMbzJYT0RoOG0zdW5FVWJaQzJlaDl1UdIBVEFVX3lxTE1Ec3ZRdWZkV1hySWxibG04aHFSVXM1N2NXc1U2RE5XMFJLUmV5Z19tOVc2YnU0NF9GVGJTTDJ6Q3pjUC1KS0FoeGxjQzJqTWozNlZndQ?oc=5
532,4,"한미반도체 주가전망…곽 회장 지분율 33.57%로, ‘포스트 HBM’ 정조준",,bntnews.co.kr,2026-04-27,2026-05-04 12:27:06.998337+00:00,https://news.google.com/rss/articles/CBMiZEFVX3lxTE9uUVBUNjZ6cVljbS1EeDlXXzlWeXpYYldFYlpFcVhQWGhYRnI1LUdpRWhCb0JlX21FaWd6Wl8wRUhhb2M4b0VCRlJNUEMxLXpJUW9jVUw1T2hwd3N0c0hUUngzbXA?oc=5
533,4,"1년만에 7배 상승! 연기금은 왜 계속 심텍을 살까? 주가와 전망, 반도체 기판 관련주",,네이버 프리미엄콘텐츠,2026-04-18,2026-05-04 12:27:06.998337+00:00,https://news.google.com/rss/articles/CBMigwFBVV95cUxNblA3U2pVNUpYYmtCbEh6QU1JVUY2QjJZYUpMZ3MzVlFVZFA0QkxteE4tRHpnTHdhRnI1WjRxeFJXb3dTTFJkcXU4bjFmZFZkbTFIc2NWb0o5aEtFNDJDWDR6WkI1SHJ5TXRYdjdySmVtNTM4aDZyQTV4S3JNdFVXUDhjYw?oc=5
534,4,20만전자∙100만닉스 만든 반도체 슈퍼사이클 🚀📈 개념부터 주가 전망 정리,,뉴닉,2026-04-14,2026-05-04 12:27:06.998337+00:00,https://news.google.com/rss/articles/CBMiU0FVX3lxTE5weXlHRXdadUpHeEhKTGthSDBIMF9mZjBYbU1MZjFxMXppX2JuM0N6WnBzN3NldmFJbm02OVFROWg2X2VlMU44U0FTZHlkd2tOaHZV?oc=5
535,4,"한미반도체 주가 날았다, '자사주 매입' '후공정 기대감'에 시총 순위도 '쑥쑥'",,비즈니스포스트,2026-04-27,2026-05-04 12:27:06.998337+00:00,https://news.google.com/rss/articles/CBMic0FVX3lxTE1NYWllUE8tS0lJWkZTcEV0NUhHazNHTGJrZWNfbl9LTHVCeWR6d09lVnE5NGpEelpRVktPc2FtR3BMNUxOLWNjZE1BdXdEVkFjaU5VOWpwaWZzbDF0SlRJN1dmMUFjQ1BmNGdwRWJJejZVbDQ?oc=5
536,4,"[전망] 반도체, 단기 조정 그칠 전망...구조적 방향성 명확",,알파경제,2026-04-02,2026-05-04 12:27:06.998337+00:00,https://news.google.com/rss/articles/CBMiXkFVX3lxTE5jblJOLTl3YUFNYmdwRV92dW9rOUZCcUoyeUNoYVVkbUJLSk1Fc1NXZlh1ME1Hd3VhT2tUM1UtczlrRXllalE5Qm9ZenU0bURNbjdYTWZkZFVlbWJ1cFHSAW5BVV95cUxOcWZpbzd3cmpwWGNHQWFqSm1MRkp0cm11Y0FCU0NZNkdXV0h5a1ZEbE5FcEpFcFRla3VCNzh3elpfSGFnUDVlb0pJdzRQcGxzVnJRSU9GM2JJOEdEU05SM1BZOTh5eElPMnlMbFlfUQ?oc=5
537,4,"[디깅노트] ""주식과 사랑에 빠지지 말라""…한미반도체, 검증의 시간",,v.daum.net,2026-02-17,2026-05-04 12:27:06.998337+00:00,https://news.google.com/rss/articles/CBMiRkFVX3lxTE9kSzdISWQ4VFpfaDQ2MUFzTVZoYVpkMzdZRWQ4ZDFsa3pXd2hmWWo3cHFXd0RJX0hIUk1IajJJYTAyZlV5V3c?oc=5
538,4,"""삼성전자·하이닉스 내년 이익 900조 전망까지, 다시 온 올라탈 기회""",,조선일보,2026-03-14,2026-05-04 12:27:06.998337+00:00,https://news.google.com/rss/articles/CBMigAFBVV95cUxNZllLZXJtNGlDVXpvV0Rha2owSEhsRTBNTkZfOXRETFBzQm1pTFVKbzFMSTdJckotSE1oSG1Icm12XzhIR3VkSUZKOHBhUGNoYTlGY1RjSEFBSXZCQ1FabEhVckNhQ3htbkZRS2lNd3oyQnZpdjE3THd2N3RMT0xvbQ?oc=5
539,4,"한미반도체, 목표주가 30만원 나왔다",,더스탁(The Stock),2026-02-23,2026-05-04 12:27:06.998337+00:00,https://news.google.com/rss/articles/CBMiakFVX3lxTFBYejgzWDFSdzNuZkRadlJBeGs0eUhJWUFuckhkd3ZhSHl2UDM2UmRybXlLVV9wUHhVN1JFN2tuaUx1dVoyZDhiZkJ0d2lxNTVKbTkwRVFnNldCUEIzMUUya0VmQUJrVnByOWc?oc=5
540,4,[금융핫이슈] 엇갈린 삼성전자 SK 하이닉스 주가 전망...'터보퀀트' 쇼크와 노무라 '코스피 낙관론',,펜앤마이크,2026-03-27,2026-05-04 12:27:06.998337+00:00,https://news.google.com/rss/articles/CBMia0FVX3lxTE4wT3pWN0hZSl9nakhRVEdxcXlkTllScWVDMTdtci1RUUZCdjA5SVk1cURScGh6b2pwWEt5Zjl5Nkx2Tjlvc3lGamI3UEdrTFNORWcwZFFtc2xMNjlPanpiZU9ocUl1bjFuQlZJ0gFvQVVfeXFMT05YRmthSWFoYlEzM2JtLV92OVlWWTllczNKYWs1QmZ4TEd5cVh2ZVY0ZVdIV1IyYVBxZV92ZV9RTWJpRkRWRHF3c1pBRHBZRFQ0aXdfQUZXN3NGdkl6QWFta0NqVWRLTUJiZmprY0lv?oc=5
541,4,"반도체 소부장, 독점 깨질까? 한미반도체 주가 전망 (feat. 한화비전, 한화세미텍 관련주, HBM4)",,네이버 프리미엄콘텐츠,2026-02-15,2026-05-04 12:27:06.998337+00:00,https://news.google.com/rss/articles/CBMigwFBVV95cUxPa3piUm5JSUN0U2xmVG5XbEp0QjAwTDNPUnlMcEdUa28tNExBMGNKSThObzktdGs2Y3VJTXpMUFJ2YmhIejYtVUh4b1FiT1Q1Y3JsWDdWT3UtekRxM1pqankySXRNM3hhUzdpMUpMV0l1LUdBV3dGdjEtX3BucWh2Y05PQQ?oc=5
542,4,"""삼전·하이닉스 내년 매출 1000兆 … AI 타고 2028년까지 질주""",,한국경제,2026-04-11,2026-05-04 12:27:06.998337+00:00,https://news.google.com/rss/articles/CBMiWkFVX3lxTE14VC1nLU5PbDVjNzhxLVh2eGJnejRFcUYtQVZucTNjbTRnNWM3aGp2WUpCY2FaZzdSdS1yVmY0Tjk0SUF6UnFKWU9LVFRsLTJFeE1UMnlicG5HUdIBVEFVX3lxTE02UHJ5NnhuZzFoczQzaHBpVV9xQTZCQ1hWcU1YbXJhc3dneC04ajRtQjZEam8xYnN1WHZSejA4UU0tWVB1UnRiTWhPQjhNUjB0S1diWg?oc=5
543,4,[집중진단] 새 역사 쓴 삼성전자 ·SK 하이닉스…향후 주가 전망은?,,v.daum.net,2026-01-08,2026-05-04 12:27:06.998337+00:00,https://news.google.com/rss/articles/CBMiT0FVX3lxTFB0NFg5MnNrUTNtSDNRbEZGMnFNZ3d4QmRweVF5dDJjdHdYZ09tNVBhSkYzNExWNXFZdThxaWtheFB4ZmpQSmctSTV2UWlqMUE?oc=5
544,4,"[이슈 체크] 구글 터보퀀트 쇼크, 메모리 반도체 주가 하락의 진짜 이유와 향후 전망",,네이버 프리미엄콘텐츠,2026-03-26,2026-05-04 12:27:06.998337+00:00,https://news.google.com/rss/articles/CBMiigFBVV95cUxOcUZRNTNYb1RMbFJqUG9xS0s5MV9yUE9ZcXE3ZHg1U3ZOZ2Vjc2xZUFZTOHhhOXNpWGtvSk91WUFLZHR5ai1xZjNLZlJJVjZpTkx0bW0xZUxkNTFMdTk1RVRiNHdmRVFvMGRqQWNaX0lNS3o3aHRCejdPaGloUmhUeVFUOUdXQXdRWHc?oc=5
545,4,"반도체 소부장이 이끄는 코스피…""7500까진 간다""",,한국경제,2026-04-14,2026-05-04 12:27:06.998337+00:00,https://news.google.com/rss/articles/CBMiWkFVX3lxTE1sbWNwRVhjSlItbVVYVlQxRFI5VDVObEZGZzlUc2JObTNYNlZFR0htU2RyVC04d0dtNlNpMDlKa1BpZXIzVEhzdUdyR2p5VlNMNWEwR2tMYmNRQdIBVEFVX3lxTE1acWVvMWlIY295eEpaekpVVlk0WTYweElBT05CdHpRNEVMTFNMWmdaRVdYaXJXWkZKLW1VaF9SdDFianFXZGNvUmFKSHc0Z3R1Y0UwXw?oc=5
546,4,두산테스나 주가 전망 : 1년만에 5배 상승한 반도체 장비 관련주,,네이버 프리미엄콘텐츠,2026-03-24,2026-05-04 12:27:06.998337+00:00,https://news.google.com/rss/articles/CBMigwFBVV95cUxNcFNrajFCUlVoNjV0ZUxCZGlyd2U2bDRoZGI2N2JkakNibUVtY0N0T09fRkhKVUxLOWtNOWNVbDlUYnBnSGN4eG5yLWt1RkJrdDhMWjFZYjJheEJaa2Z2ckl4ZjZqUmE2ZVFQWXIwYzQ4XzRyQjBwTkItSDlkVGVRVHFvWQ?oc=5
547,4,엔비디아 덕에 76% 대박 났네…개미들 '지금이라도 들어가?',,한국경제,2026-02-26,2026-05-04 12:27:06.998337+00:00,https://news.google.com/rss/articles/CBMiWkFVX3lxTE5RSDBvRUFkbXhicHdGbUNnLUVMZjZMODJHQkRCTVJXVklLRk9CaFFmcElwalh6UU80MmczY3RRbXVxREJNSlRlYWI3N0VzeW5mRGpSWHZVSzltd9IBVEFVX3lxTE5nd29FYUxUMFNCWnZQdGtFaWVBc3dyLXlXcDloUFNPNE9UQmpmYk9CckZ6cnh5bGJiNi1raDZEMW1PaHc1UUZYLVU4QkZBd25VX0xCTA?oc=5
548,4,"반도체 소부장 관련주, 원익IPS 주가 전망 : 삼성전자 vs SK하이닉스 HBM4 경쟁 수혜",,네이버 프리미엄콘텐츠,2026-02-04,2026-05-04 12:27:06.998337+00:00,https://news.google.com/rss/articles/CBMigwFBVV95cUxNbjQtZXFVdmdkY2R5YkdUT2RHbjJiTXI1Y3RueVB4eUVPeHpKV2h3emx1T0R4dFZlWWc4cTdsLWlZRXdYSHNQTWQzTmxLYlF2VEpSbFRTb09NNEVXR2l5U3J4UzlqNDVCMHd4bDkyREFCZlVlMFhIc2ZlTDIxaFZWV05VVQ?oc=5
549,4,20만전자·100만닉스 찍더니…'깜짝 전망' 내놓은 증권가 [종목+],,한국경제,2026-02-24,2026-05-04 12:27:06.998337+00:00,https://news.google.com/rss/articles/CBMiWkFVX3lxTE1VT1NwaHBYUGd4ZnBwcGhYMWZCWUd5QU82eW5VR2RWZlZDelNEVVFpQzI5cTFoQV9jNjVEaWJ1ek1LdHVGY3NVTFEwc2tnclFiV2dZMlhYaE9sQdIBVEFVX3lxTE1fREJlTHdLazdRN0NNWUZKS2RSTmlORU1XRHZJY0w0TzEyYUtFd2x3ZnVuczZ4NDVXejFqNjF0dFdpSHA4dGpmbTdCSmk1aUZ2UVJiZQ?oc=5
550,4,"HPSP 주가 전망, 삼성전자가 줄서서 사는 반도체 소부장 관련주",,네이버 프리미엄콘텐츠,2026-03-19,2026-05-04 12:27:06.998337+00:00,https://news.google.com/rss/articles/CBMigwFBVV95cUxPZG5rMXhNSF9RN2Y4cTlDVmxUWENReHRoX05LaEZGTUVjVlFMSWtyMW15RmpwR1hWTUtaYjRVY2dBNC12cElNYjFBeWtJaldtZE9CbUVBUjU5VUg3a3phWVFrUXM0dVNxbzIwcDVRcGphQm94Q2ZCaERkNThzU0NLLXJCVQ?oc=5
551,4,"모건스탠리 '장밋빛' 전망에도…삼성전자·하이닉스, 환율 앞에 속수무책",,인베스트조선,2026-02-02,2026-05-04 12:27:06.998337+00:00,https://news.google.com/rss/articles/CBMigwFBVV95cUxQMjcyS04tN013bGpobFRkVzl2Z0lpWDFwTl94V2x0Q3cwUVNoN1o3dG1rV21FbE5SSmNzUXZjZmVnTUJxVzhONm80SkpkMzhEZTlMYkZSOWR5Wlc0QWp4OW9OXzlJd1Z2VE5CZ1pVSjZOR0ozblByQXJnS3BoRWpna00taw?oc=5
552,4,"'20만전자' 붕괴에 개미들 비명…""꽉 쥐고 있어라"" 반전 전망 [종목+]",,한국경제,2026-03-04,2026-05-04 12:27:06.998337+00:00,https://news.google.com/rss/articles/CBMiWkFVX3lxTE1YSWt5VXhIR0ZfVW9FX0YyOV8wYzdKM0x1RUdDajF1Skt0VUNmQnVtMTZ4cGk4czJaSlhDQ0V1Qnh4Qkc0ZXp5YUl4blJrRmNmam9TWmE3dUM3d9IBVEFVX3lxTE1uOHIwV3VISHFmdm9IcWVDZnhVdkZaZkdfdktOUGQ3WFlJNkpjN3BOUk4ta1lnbzI0UnhnWjNJa3Etcl9oek85T0wwT2h3MnRvUGFRQg?oc=5
553,4,26만전자·150만닉스…'반도체 투톱' 목표가 고공행진,,한국경제,2026-01-30,2026-05-04 12:27:06.998337+00:00,https://news.google.com/rss/articles/CBMiWkFVX3lxTE1VMnFkRWdpM2dtbXU3WEVIOWJSUlVyZmlfQzV3ZUhzd2FnaUxxYlJObVg4VTdMZk9nZXluazV0RzZ6b1h2cFRjQjRMazNoaGhDYjVrcTRmc1ZPd9IBVEFVX3lxTE5VMGFOWlhYa01Wbjk2VGxaMlowUldzem5YVDlZYWtPVnEzbTgxV09sOGVnT3VOYldOOEFyVTRhdGF5dFhnQmlfb19oZkdDMU5sQWFpMg?oc=5
554,4,"""TSMC보다 SK하이닉스가 더…"" 주식 고수의 파격 전망 [인터뷰+]",,한국경제,2025-11-10,2026-05-04 12:27:06.998337+00:00,https://news.google.com/rss/articles/CBMiWkFVX3lxTFBva2RUYUdQVXh5WWg2T0x1VFNoM2s0Y3lKTzNyX1l1aTNWVEVFX2cyamJpQnpkSWI0MFFnZUpndF95OTFLSFlESUlEanZHLWRKemZGSUU1d1pJZ9IBVEFVX3lxTE5GT0N1SHdHcTlJUU9mTUhKa2tGcXN6dGRhY1o3YnhmRzdCUEJ6UXUtOU5jeTBobm5wandVTVdnMzg4VmZzaVB4QUJ2ZW5sZFIxRXBvdA?oc=5
555,4,"삼성전자·SK하이닉스, 한 달 새 주가 20% 급락…반도체 '슈퍼사이클' 끝난 건가",,글로벌이코노믹,2026-03-27,2026-05-04 12:27:06.998337+00:00,https://news.google.com/rss/articles/CBMiiAFBVV95cUxPWkd3U2kweGhJS1hqTU9QMG9HWHZoWFU3OXRJbDFyRlc3eGRzdEpTbFdKRlljWURkTnItSlF0S1B5ZGdIUlJncU1WTWN0UmM1b1NUODJfOXNnYU40V2tJazB4MXJvREh4SjdKUm5jalFOSWpVUXBqWS1fQWtqdnV3S29wTjdheFZ2?oc=5
556,4,"서울반도체, 2026년 1분기 매출액 2500억원 전망",,디지털투데이,2026-02-12,2026-05-04 12:27:06.998337+00:00,https://news.google.com/rss/articles/CBMic0FVX3lxTE5oc0VXemRIanRmUUxqQ25XYnNxd3NjMllEVTIzSGxDdTVyb09PQTF6czdPa1hZXzRuaEVVWWt6SUlsWDBUMkJ4U0ozRExiMGJpOE11SnZhMEVwdzRSZHB2a1dUNkZIaXZkWFBpMG1Cb0t1Z00?oc=5
557,4,반도체 저승사자 “삼성전자 지금이 매수 기회” SK하이닉스도 긍정 전망,,문화일보,2026-03-05,2026-05-04 12:27:06.998337+00:00,https://news.google.com/rss/articles/CBMiUEFVX3lxTFB5ZHRoQzlIaXM2UWpvTW9Mc1J5aFhvM0dlRk5MQjdXRU0yWF91b3RTLWxwY1VtWFRuUTBWdlRJaWVHTHhtVTkxUEIwSjA2akcy?oc=5
558,4,"4분기 호실적 전망 ‘삼성전자’, 반도체 상장사중 관심도 1위…SK하이닉스 2위",,테크월드,2025-12-09,2026-05-04 12:27:06.998337+00:00,https://news.google.com/rss/articles/CBMiaEFVX3lxTE9jWGdtNG96bWZuQmliUUd1VHdnZ1ZYeUhVdjJWcUFmSXhYbmViUGhpb2JEdGpMVmx5MHF1TXBqVDNUazMwS3ktZHpxVmdjX29HeklLNWRwOVdEYmpza3VJQ3VyMTUyeFV6?oc=5
559,4,"올해만 60% 뛴 한미반도체, HBM4는 시작일 뿐",,오피니언뉴스,2026-02-13,2026-05-04 12:27:06.998337+00:00,https://news.google.com/rss/articles/CBMickFVX3lxTE9tNmJMT09pWXlzekI5c3dhVE1QZkRNTDQxNjVZTHN5SXdPZmdWcE0xYmZ5dE5QRGtnRXI0N0lzWVUxZjZncXh5TEZyWXVYUmtUdmxqOWxqczBUQnctQWZWWGE4WlpZVjNvMHZMQXRMd1l1Zw?oc=5
560,4,“올해 코스피 7000 웃돌 것···반도체값이 변수” 현직 리서치센터장이 본 국장 전망,,경향신문,2026-02-26,2026-05-04 12:27:06.998337+00:00,https://news.google.com/rss/articles/CBMiWkFVX3lxTFA1TE9SNXFWQ0YzWWcwaWNuNS10UEdVZDkzd1hhN29BY011VHliUGRjcl92TXZZMm1sUGZCYjNvZk1IUURISXpwdWlyVzNjTVlpdk1Cc2d2S1BMUdIBX0FVX3lxTFBvSVRfOEhTNERnQV91SHB4RGdWREs0YXFIS0pRdy1yWlJjSDQzREJqZURmb1A4YzRGMGhodHdhbXJubGhuM2xoTEJVd29GS0tYb2pfU1EzZ052T0kxM1RN?oc=5
561,4,'저평가 부각…제주반도체 17% 쑥' 등,,한국경제,2025-12-30,2026-05-04 12:27:06.998337+00:00,https://news.google.com/rss/articles/CBMiWkFVX3lxTE1XZnhlVGI2MUVmY3hlczNUSXpxMG5KUm9yYzg0TVlMVDdTLVJoU1owY2xhOWNRcTgzYUxNUHdXVG1wUVdGMFRZc2tPYmdIeW5qaFVRRWd2TjhCQdIBVEFVX3lxTFBrV1NKQXFxUU8zWXJxR2dNb0ZLenJ1bVBWWmNSdklITVlTRkxWRUpQV3ZRYzMtV0tiUHNsOTlLTDhzMnRPRlZyY3J1VGpldTNvQTlCdg?oc=5
562,4,"반도체 뛰니 부품주 날아가네...리노공업, '실적 서프라이즈' 속 주가 전망은",,오피니언뉴스,2026-02-11,2026-05-04 12:27:06.998337+00:00,https://news.google.com/rss/articles/CBMickFVX3lxTE9SUjhzU3BFTVlDblFZM0laeFcwYUhvbWFKV3c0YWZacVlqeTV5X0JEWnpZV1QxaEZsLXdyRmVPc0xITVB3bTRCOGFteXpVaGJmN1FTWUFsSXlBR21Rek1WNHo0SHphUzhqRlVHVkNpYU1pUQ?oc=5
563,4,"AI 반도체 관련주, 6개월만에 1000% 상승한 개미들이 모르는 샌디스크 주가 및 전망 (feat. SSD, 낸드플래시)",,네이버 프리미엄콘텐츠,2026-01-19,2026-05-04 12:27:06.998337+00:00,https://news.google.com/rss/articles/CBMigwFBVV95cUxOaDhrdnEzNWhpU2cxUWxUMlZjcDhSZ2tCbnRINS1XaUJlOVZGVWk1QlFuS3Bmck9tR1FZT1hCa05PemJYak9KSHM5Mk14bnhCTklkNGRnODBra0hqZ2I1bnJZZ2dfT2EzeTNYWVRfYi1EN29FMFoxSFNDZzBhSnhiVDdVSQ?oc=5
564,4,한미반도체 대박 난 90년생…한 종목 '110억 베팅' 이유가 [윤현주의 主食이 주식],,한국경제,2026-01-04,2026-05-04 12:27:06.998337+00:00,https://news.google.com/rss/articles/CBMiWkFVX3lxTE13dFp6azVzQk9GZmZURG00UVRHa25ITUIwZXFJNUJrODBWdURXSmVkMVdpMXJYMjY5VDhaNnBaelJUMm0waUNkYldOTUhpZUo4ekFUVWpXMV90UdIBVEFVX3lxTFBCRl8yRDV0aDdGamdtMmNqUGo4dEI0QmhnMVZCRFFIQjRvam8xdmkxRTZfRU5QTE5vQjlwN091SFFhMHRlbF8tbkRLS1E4R3cxX2JqaA?oc=5
565,4,"[급등주 핵심체크] SFA반도체, 범용 메모리 외주 확대 수혜 전망…주가 고공행진?",,데일리인베스트,2026-02-12,2026-05-04 12:27:06.998337+00:00,https://news.google.com/rss/articles/CBMia0FVX3lxTE5ZV3ZWYXhxNmprRXdKY2lVcEQ0OW5tLXJwYmRaNF80dWtqY0RwbTNXWktEX3JDWUl3a2phdDBEOUNZWG0xQlJIM0xuTzdZWkJhRmp1NnlwRGQzS3o5WnNWMG5kbVN6aE9ERmNn0gFvQVVfeXFMT3J4YVkwbTlTUnUxY1FjdjI3akVyZEIxOFNLZm5zNmN3RG1jME04Q01ZdXNtVVpUdC1LTHByZmtPS2xyZUM5U3B5MGNLRXJrN3lxZFNMVmE4bzZnUHdkMmNQQklwVDJzcUhLOUNQeFQ4?oc=5
566,4,"""32만전자 간다""…삼성전자, 역대급 잭팟 예고에 주가 '들썩'",,한국경제,2026-04-06,2026-05-04 12:27:06.998337+00:00,https://news.google.com/rss/articles/CBMiWkFVX3lxTE5SM29fZVladGhNbXRxU3NRWVkzV3hlckJYSUNvdFRIam9MQUxSN09raDZNelpKajlHQ0VBb2hwakxkYUhkaEVCSFpMQ21NckNUMW96LVR1Zk9QZ9IBVEFVX3lxTE0ySzhJWVFOTkl2TzR6MXcxUnhsbTA5ekhOWHh4SmtwLWpvVGl6WWFYbGV0OU1VZTRIRzdDU1p5UGdYUFlrZGxwTWIyOEZrYVZCbEc5Tw?oc=5
567,4,"HBM4 관련주, 이오테크닉스 주가 전망 : 삼성전자와 SK하이닉스의 독점 기업? (feat. TGV)",,네이버 프리미엄콘텐츠,2026-02-11,2026-05-04 12:27:06.998337+00:00,https://news.google.com/rss/articles/CBMigwFBVV95cUxQZWpoOGF0YUMyT1pHZWlPSDhxS1B3UVQ3dnpweHRpTHZxbDNZZFQ0anpFcURIOHFtLWl5djlCd251SDdMSFc0b0d4aVh4SklmbU8yblZWdVZtQjRQRTlsRUJnNmJWbFNIQ0FHMlhzcm9XdmdvV0hzcVdFMDkwcTJKUXVfbw?oc=5
568,4,"반도체 소부장株, 낙수효과 기대에 웃었다",,한국경제,2026-03-13,2026-05-04 12:27:06.998337+00:00,https://news.google.com/rss/articles/CBMiWkFVX3lxTE1PX3dDM0RnVUJSSGpoRV92bUJod3pwRVVvVDRxLTAxcEljb1VRZUpVbmpPNDIwelFiZUFYRHVhMVVUbmVGR05FTUtxc18wTGtla2dpSnVieWU1Z9IBVEFVX3lxTE9CeTYxOG5WUUE3WU5iN2syaVJqN0xqRDdSdXlDRUtIZVotOWlWcmEtbEhsQXlCWTBlNW44aTB2bEJvY093MnlXcGd3ck5pRS00N25MaQ?oc=5
569,4,"NH투자 ""다음주 코스피 5400~6000 예상, 반도체 중심 주도주 반등 기대""",,비즈니스포스트,2026-03-06,2026-05-04 12:27:06.998337+00:00,https://news.google.com/rss/articles/CBMic0FVX3lxTE9GZTNKaUtaZTZjU2dQdmpJQi1RQjBLejJOZHY5TmpVenZsa2d4Vi14SlE4Z0ZlakFnQy1JeUltSGZnQVViUmxVVUV1czYyZHFTeF82b0VRZy1lWUd1ZW1YSmJsdG4yUjVNNWJ5alJneW13SkE?oc=5
570,4,"""3월 반도체 상승세 둔화, 소부장·중소형주 관심 이동 전망""",,네이버 프리미엄콘텐츠,2026-02-27,2026-05-04 12:27:06.998337+00:00,https://news.google.com/rss/articles/CBMif0FVX3lxTFBzNGMzSkxwNDZFTDZLR1MwSDMyeFRCSl9jQl9XLUZsbURCVlU2Q0pYazFvWVVHcmNTZEJlTklkcXZyTTRwUHRiMHNLSGRKQ3hWOF9hZk5nUDNNTFc1c0hfLVRTeVBMcVFNNkNLTEItU3Q1a1VKYzgwZHRnRlYtdTQ?oc=5
571,4,'5만원→14만원' 엄청 뛰었는데…삼성전자 주가 전망에 '깜짝',,한국경제,2026-01-15,2026-05-04 12:27:06.998337+00:00,https://news.google.com/rss/articles/CBMiWkFVX3lxTFBkWXB5MDhiSjBkNm4yOV9jRDF6cHRjc2QtQVlIQTM1T0lvS1FXWi1QR01zeXFFNFVxM1ZCNEJzWU9KdC1XbHpMaWdueF9NNVdhWTRkbThnTmo2d9IBVEFVX3lxTE5QMGVWNFh0cnNXOVJJMHR3eVJtXzJMN055MWRMU0RiazZHWlA4cDB2UXpMejBPQlhZX2VrTDRLZkNVN2tMWkVKdjYxWjJZX0pSbU5SeQ?oc=5
572,4,삼성전자·하이닉스 '영업익 200조' 시대 열리는데 반도체 주가는 왜?,,v.daum.net,2025-12-15,2026-05-04 12:27:06.998337+00:00,https://news.google.com/rss/articles/CBMiT0FVX3lxTE84eHg3MU40cG5tZjFMbzdjMTVENzNNRnNXVjVCNnpBbk5LdTM1Nm8tS1VCOExGTGVQT3A5M0YwSTVibVN5UFRXNW16b2ptUGs?oc=5
573,4,"""반도체주 팔 때 아냐…내년에는 삼성전자가 더 오를 것""",,한국경제,2025-12-21,2026-05-04 12:27:06.998337+00:00,https://news.google.com/rss/articles/CBMiWkFVX3lxTE1CSHd4djNIZHZ4eDJ5aVExQ2tSQS1ETHpRZ2FoX2NrUHc1VTNVOWlWRXg4VTJUNktaNVVUblNxbTk4V1BiMFZHUTZRdzFBTXU3YUhma3JmcjFGQdIBVEFVX3lxTFBGZ2NPa2JqQXFCdWI5WVp1WWR6WW5JMlNlWjR1Y002M3hMWm90Y1NYZ1BEVWphOV9QeHI3U3hQOV84cUIwY1BoZ2gydndTQ000b0Zudw?oc=5
574,4,구글의 터보퀀트가 악재라고? 삼성전자와 SK하이닉스 주가 전망과 이에 미치는 영향,,네이버 프리미엄콘텐츠,2026-03-27,2026-05-04 12:27:06.998337+00:00,https://news.google.com/rss/articles/CBMigwFBVV95cUxPc3NQdU9MRWt6TEpId2h0SVJpY2tEek1lR0tSajFFaC02UFVFNXNscWhPazU0cFdUcDdMZDRyeERhUzBEOHJNbFhHeUttbzRCYVJHdmlENUtEX2ljdUUtWGJocGJwZzlXSXJzdDRGclRLSWp3YzhiNTlSY3lzdnF6cnAzQQ?oc=5
575,4,"주가 내리면 매수 기회?... ‘100만닉스’ 전망 나온 SK하이닉스, 과거와 다른 이유 - 조선비즈",,Chosunbiz,2025-11-14,2026-05-04 12:27:06.998337+00:00,https://news.google.com/rss/articles/CBMiiAFBVV95cUxNWmZSQVFlX2ZWYjdibHZ0Tk8wUC01UGdaVE1TNjdmUlEtaU9FRjBDdU1leUZmM0EwZmFOcUF2QUpxYmtpVzhVUXAtV3FhTy1TSEwwcXZBWFhnZXRtUHVDbkhNak5fWFFRVC1sNDRsZTdQcnE1MUxpUC1mSVZBZDFadTRkMkdxVU5t0gGcAUFVX3lxTE5ieUt6R2FUd0puSnNTcXhDaUozQ29LWHp0ZUUzZEZhcW5VczRhWVZvY0c1eVdvRUk2X0ZJdkVtNzhWbXktNGJQb1ZQWGJ6SWZBbml5bGgyNVRaYVFvTlY5dDhrdzlMRU9HLW52Sk1vOFMtUHNLODVadUlNUGZsYXR2N011TXhoWHBPaG16d1MyMlVaUThOb3BodDdyag?oc=5
576,4,"삼성전자, 14만원 넘는다…SK하이닉스, 115만원 가능",,한국경제,2026-01-01,2026-05-04 12:27:06.998337+00:00,https://news.google.com/rss/articles/CBMiWkFVX3lxTE5lMHdvMGRYbnlFN2xFT3pOOHBYWDY1b1hLRElaUDEtZ2E5SEEyejFkRVIxdWRCcERhaTdWQ3VjNUJZdUxlV245ckRSNDZ0R0VUSWtOMUVRZ3VoQdIBVEFVX3lxTE0taU1QTEhiRmgwVzdTX181ZGF0cXpRemdzb3R1ZTIwRlNjWW9id3VDY2h5RlMyQnBzYl9sU0FSczZfWGg0aGE5aFFjRTJkUlFrUUJ4bA?oc=5
577,4,"유리기판 관련주, 삼성전기 주가 전망 : 차세대 기술 확보 (feat. MLCC)",,네이버 프리미엄콘텐츠,2026-02-09,2026-05-04 12:27:06.998337+00:00,https://news.google.com/rss/articles/CBMigwFBVV95cUxNWGtjNktUWktaSUZhaHR2dzFyNk0tUVFKc01rMjFHTER4SEQyRzFpUmQybld3OXBxVEtzeFB4YVh4aDZvSjBvVFk2dU5oNFZTQjAxN2toZkZQVW1HNksyYXk3UXljNUJiOGJfUjFqZi1IVkl4MEc4RGEyQXdKN2tYZjRuQQ?oc=5
578,4,"한미반도체 급등, 이유는?",,톱클래스,2026-01-29,2026-05-04 12:27:06.998337+00:00,https://news.google.com/rss/articles/CBMibEFVX3lxTE50NHF2dktSVmpaRFNNeC1OMkp4SnlNcEQzenYtRFNicjAySW4tLVU2WUpRNm9DSjhGck9OZDJDZUxQVVJCSTRZajZodmZ6N0FJTmhaS0g4VGNraWxpM25LbUF5b3dYSUdScTZQetIBcEFVX3lxTFBEOENZeUhwYlBoQXEzUW8tQ08tMUFCVTNRaFBYWTlYSVhrQXY2SWN2QVB1bzRkWTNqMlllV3NVRjl3X0pIRW1QWGZYMF9JUE9LNWliRUVsNlc0dnA1NHNmV2ZuNHJ4WlB4M3BjMDFESlQ?oc=5
579,4,"삼성전자 SK하이닉스 주가 급락에도 해외 투자기관 낙관, ""펀더멘털 유지""",,비즈니스포스트,2026-03-04,2026-05-04 12:27:06.998337+00:00,https://news.google.com/rss/articles/CBMic0FVX3lxTE9wOHVMckQwTzVadUJEblhUTm9uMHJBVE1nUUtYWV9fM2N3X0Fnd2J0bzB0ZnlsaE1xdmRveXRsREV3M3luYmtMdXRRVjRnaEszRDNMZEdTM24wTHdCV1ExUjBwd08ya1QyZVRLM19qODVNX0U?oc=5
580,4,한미반도체 17% 급등…이번엔 소부장 랠리,,한국경제,2026-02-27,2026-05-04 12:27:06.998337+00:00,https://news.google.com/rss/articles/CBMiWkFVX3lxTE5XT3h3RjljOHFFVlZ6blE0QlZ3Yk04SVM5M21YXzFfVmVPZENzNDZWNWhkR1lHbmVMb3ljT1h5ZThZQ1lTVnpRWnBZa2tzaFY3UXdlQWJLLXBiUdIBVEFVX3lxTE5XN3JhRjQxX0JxLTFCVXE2MDRCLVc3MWtxcC1ZTVd5TGlpNEcwRnV1WUNpN0ZIdTZGVGYxRDZwY3VfWE9hVy14WHNKYUU0LXdNWWxGUg?oc=5
581,4,"""원익QnC, 반도체 호황 힘입어 호실적 전망…목표가↑""-신한",,한국경제,2026-03-06,2026-05-04 12:27:06.998337+00:00,https://news.google.com/rss/articles/CBMiWkFVX3lxTE55TU9QbzBHbXhXX2hJQ2pZMDJFaUtYYlFZanRSMVJ0VENQSjNhWXExUy0tQXpRNnhTTFRyWklHUWJycjUtSlFtRWZzaFEyVzVLcG9iOGYteC1EZ9IBVEFVX3lxTE8yeFlGQzFaQWctWmZZdjFjS2U3bm9hRFJaYjNLSzN2dlUzemw4ZzhCaXBUc1JYblBrbVVvb1lqOUNwemJHYmRjTEp3bDVjTlRhMm9mUQ?oc=5
582,4,"Today's Pick : ""삼성전자, 목표가 상향…메모리 가격 급등 긍정적""",,한국경제,2025-12-01,2026-05-04 12:27:06.998337+00:00,https://news.google.com/rss/articles/CBMiWkFVX3lxTE9xSVE1MFZMaDJqaWhCVlBjekhSNjNYbHhaQS1QQ0dlOU9EeGc3YXdSLVJZN2lxLThSUHFVVGxEYjctLVFXX0sxQS1PLWZnaWRMN1RYdDF5dzNOQdIBVEFVX3lxTE5mN1hWMHg2SkoyMDA2bEpBcmJ2Tlp5dmNpSElhbWJWbnlwT2xXTVhuTGRBTllfbExZUE1mMlM1RENsa1N4OFhISWhNSzllT2czS1ZhNA?oc=5
583,4,"LS증권 ""한미반도체 내년 HBM용 열압 본딩 점유율 확대 전망, 올해 실적 전망치 하향""",,비즈니스포스트,2025-10-24,2026-05-04 12:27:06.998337+00:00,https://news.google.com/rss/articles/CBMic0FVX3lxTE5Nbl9jUktuMzJlaG1GeXV0V3BUMUFmWGM0OW5rMDlpVWhlVURvNnlqYXNqd3l6d2tLTmgtVkdYa2FUcGREcklwNXJqcW9JVEVuOHJpOU5HdTJqMnkxZ3B2OFlTTVUxNWtjVno4M0h0SWVsV3c?oc=5
584,4,"한울반도체, 주가 하락으로 전환사채 행사가액 조정...삼성전기 등에 MLCC 공정 장비 납품 추진 전망",,리버티코리아포스트,2026-04-03,2026-05-04 12:27:06.998337+00:00,https://news.google.com/rss/articles/CBMiY0FVX3lxTE5SWXF4SVdEUG81ODlMNUFoRDB3QUpDQURodUlOM1dFNHNpcFJLRzdqUzRMVHVxRjZNY3VqMGMxOXNMd24zX2tJN2ZyY1dic3QtZmxBbjQzeFIzdzlVZEx6WWJGZ9IBZ0FVX3lxTFBESndQLVJEZ2l2dVNlMGtXdkpkbFRPQXBiLUdwbkQtalRxN1NQNFJMM0tRSm02MkZLOVE4eFBleEh1d1RFMjJ4Z21tQk1aU2g2NzA1Q1duRm5jRjZOemF1VUVjVXFDRkk?oc=5
585,4,"""중동 긴장 반도체 영향 제한적...삼성전자·SK하닉 목표가 상향"" [리포트 비하인드]",,네이버 프리미엄콘텐츠,2026-03-23,2026-05-04 12:27:06.998337+00:00,https://news.google.com/rss/articles/CBMif0FVX3lxTE9TRnNvRW1Jc1lxVzBFeHFpZDBRTnBnMm5IRUpDV2lqblRVVFM2eTFUZ2NlNmVNN2VEYmZTaUNyNHRlQlV2cEk1cXkwTzFHYkViX2dKcHJ4Y1ZBaWl0WFVUTUJfMXNIbVFhMHluUTRQLUZ3MW5wRHJJekxvQ2JlcU0?oc=5
586,4,"'5만원→17만원' 1년 새 3배 뛰었는데…""20만전자 간다"" 전망 [선한결의 이기업 왜이래]",,한국경제,2026-02-12,2026-05-04 12:27:06.998337+00:00,https://news.google.com/rss/articles/CBMiWkFVX3lxTFAtZUV5TDRFdWc0dk9wVmZ0WWMxWEJfYWNwYmV1M1NZQS1LRDhTdURKQVh6MkxxOVpzUzNYbzk4YkY4N0xWV05yV0pwR2RhM1RuMWdoMlVndkpxUdIBVEFVX3lxTE94dmVkdjNfeGJ6bURiU2trT0szeENQblZuTzFjX095czZVZkIxSGdvNGVEZk5xWFktN3ZxWVl3OXluRTJoVnpvQzJ3WUxGQ1dTZUN0eg?oc=5
587,4,[주간 증시 전망] 강세장 이끌었던 반도체 '출렁'…반도체주 전망은?,,v.daum.net,2025-11-24,2026-05-04 12:27:06.998337+00:00,https://news.google.com/rss/articles/CBMiT0FVX3lxTE5PZV9sQVZsbDFYUkVlWTJWWU1UWWtMOGYyWDBBM05uZ01WTDU3TkdZZllacEJiVFNUc25pVTRoUXJZSkVBb2dmeWY2VWxlekk?oc=5
588,4,"Today's Pick : ""한화비전, 반도체 장비 수주 본격화""",,한국경제,2026-03-06,2026-05-04 12:27:06.998337+00:00,https://news.google.com/rss/articles/CBMiWkFVX3lxTFBpM0p0akVxTnk0M2J6WkF6cUNYT0N5SVFnS3JpQUN4WlNZbmNrWlpiSlRoQmhlcE5JRjY3X1hEamlvTVlFaUQ5Y0FjUXdHTjJSeS1RMWVjNXZKZ9IBVEFVX3lxTE5UQUtFWXhUTXMtaE5CQ3lzMW1GVERxNnRYcnRXRXAyN2lIQXJ6ZkRLZWZ6VWVhaHpOTGI3QlY4S1RkMl9LNzlRQm9ZUExqaGE3M050Tg?oc=5
589,4,"""SK하이닉스 주가 50만원 간다""…증권가 전망 나온 이유 [종목+]",,한국경제,2025-09-30,2026-05-04 12:27:06.998337+00:00,https://news.google.com/rss/articles/CBMiWkFVX3lxTFBCZm96dmt5RkJMaUdHWjRJb2EwNnZIOVdHdHRNbHhHX0ZyZzR2VnlCTmtZUXhnUXBZcklKU1NFTmlhNlZMVFRUUnktY2o2N2FaR01XbEtPa1Rqd9IBVEFVX3lxTFBMVXQzQ2I1WFlzOUpjdEJCQ28wUmptX2d0UE5LRS1qMldIeEREa3ZLdTZUUTRaczhkYkYtMXo5NlhqUjVSNHVmTzFMZ1ZCQU9KNlQ5TA?oc=5
590,4,"""반도체 호황 내후년까지…삼성전자 상승세 더 가팔라질 것""",,한국경제,2025-11-02,2026-05-04 12:27:06.998337+00:00,https://news.google.com/rss/articles/CBMiWkFVX3lxTE5wd3FpQ1ZKZzd4QzJkM3c1elRGenpaTnAzeXlLNzB3Nnp3Y3R4amtkWm1uUEltTXBIUU9UdGswRjl3a2pMM3lLSjdMc1VwVVpRX19kNm1HcTRrZ9IBVEFVX3lxTE54REh6ZFB4YUVFZ0FSMHJMQmRRTnNZUWNCM0FYLWcxdUlubDZodWhERmhpZjB5M0J1TlpDNDdra2tMRkh0SnFoZy1mVWhRTFZIdGtsUQ?oc=5
591,4,"“AI가 반도체를 죽인다?”…단기 조정 vs 장기 성장, ‘터보퀀트’ 이후 갈리는 주가 전망",,굿모닝경제,2026-03-31,2026-05-04 12:27:06.998337+00:00,https://news.google.com/rss/articles/CBMibEFVX3lxTFBZcGkzTGt2RTVGRVlkLTIzMDNtU3U5eWlSa2xpNWh0UHRNV0VRM0NPOF9mSHlfT1hQWkdWcHg4bmVyY2RwNllmaTRvYjI4eGxPS1VkcDRYbk13elZlSTNySjIwSEZYNEUtSFBQTQ?oc=5
592,4,“반도체 주가 새로 쓰나” 맥쿼리 역대급 전망,,v.daum.net,2026-02-25,2026-05-04 12:27:06.998337+00:00,https://news.google.com/rss/articles/CBMiRkFVX3lxTE1lU0NyaWNoZUJRZVR3RXA3YnY3NGdrcWtOMFBPakJQQUo4ejhNcFFOOU1OdDI3d2J2UUpBM09vQTlGSkI1S0E?oc=5
593,4,4년 9개월 만에 '9만전자' 터치…삼성전자 팔까 더 살까,,중앙일보,2025-10-05,2026-05-04 12:27:06.998337+00:00,https://news.google.com/rss/articles/CBMiVkFVX3lxTE5YM2Q2UVd5eUJ0MnV3WmQtT3JyT2lzSzZFdmJFdmdod2pzQmREUXVMTFNKTkhqTDZXU2NJblRuZ2R5UjRPSVJ6M0dLMGVuYkpkQTc1V1dn?oc=5
594,4,잘나가던 반도체에 '최악' 복병 등장…삼전·닉스 개미들 '공포' [이슈+],,한국경제,2026-03-09,2026-05-04 12:27:06.998337+00:00,https://news.google.com/rss/articles/CBMiWkFVX3lxTE15bmE4Qk4xalRyXzNJVlVHS3VQZVM3bVZ5ZlAtMmVTVTBUVU55bkJjQ3BHN09kRlJDVTBqMExGTHJlR0lkUzNwTmd3eVlvZEN4TzNjbXpMd283QdIBVEFVX3lxTE1yVlRDQkFfLXZnRUtZYkNyU3RvVU9ndVc3dV9EVFhMM2gtM0JCSGVNSDQ4T3V5cVR3ZGYtcWxveUVTQ0Q5WHdOUGpvZU1mVElzVjlxcA?oc=5
595,4,"메모리반도체 호황 '과소평가' 분석도, ""주가 부진은 투자자 '아픈 기억' 때문""",,비즈니스포스트,2026-03-26,2026-05-04 12:27:06.998337+00:00,https://news.google.com/rss/articles/CBMic0FVX3lxTE0xMUY0eXlMNFhaR24xeXB6SHhRT3RwZU5NRkljWDc0LVYzb0dPZW9DZERqa2hVV1M4c1lCOTBHNVVhWENfb0E0TllzbE9FQTFIeEdyazVBMFhDU3Jwejc4ZHpfYlJJTVhEZF9DNjhIbUNWaFU?oc=5
596,4,"高환율에 롤러코스터 탄 코스피…""반도체 중심 상승장 다시 올 것""",,한국경제,2025-11-11,2026-05-04 12:27:06.998337+00:00,https://news.google.com/rss/articles/CBMiWkFVX3lxTFBZbFFUaFlPcXRPNENIdmVUaS1LZ2JLN1BCWWoxTlpaMDRnbzlFcmdxd1RHVHJ1ZmFXRmhMNUc0VVVZTERfRTBBS242emM4VFZISnRzc2oyVFd1UdIBVEFVX3lxTFBib3Y3cFgwRDd1VDAzS2s1SXI2eExlN2FoYjZWOFZzQzRsaUhVVHRZd1VIb2xCUk1jcjNSNjZ1WVV4ZmVpeEhqR1kyWUMzUUFzdFkzcA?oc=5
597,4,'돈 복사' 주식 맞네…파격 전망에 SK하이닉스 개미들 '환호',,한국경제,2026-01-27,2026-05-04 12:27:06.998337+00:00,https://news.google.com/rss/articles/CBMiWkFVX3lxTE9jNW9TOE9NZmphMC1mT0s5eFJoRDRlaWFfTVlEWThuMExoTXM5QUtvZ203a204b2dJQWlmczV1T25VWVljWFNYMmZia2dlbHlnazNkZDBqa25YZ9IBVEFVX3lxTFBKZVdNWHdvR0xhcXoybWF2bXNJNHR5NnI2ZEREOHBROHpySUUtSU9hRkx6SjFLMFI0Q0NBWVo4UnVEYnlfQmMtYUo4aTc2ZWUxSWd1aQ?oc=5
598,4,"""'9만전자' 넘었는데 팔겠다고요?""…증권가 개미 말리는 이유 [선한결의 이기업 왜이래]",,한국경제,2025-10-11,2026-05-04 12:27:06.998337+00:00,https://news.google.com/rss/articles/CBMiWkFVX3lxTFB0THVybjhEZkpkUXllcGdFaTc0T3Babkkyay1NbjdTN2RZN1J0RXNoNExiQ2FIazF1MS1kUUdsTEN0UVNqZzFueDBXbDlBTTNYOG8wWFdMTzhfUdIBVEFVX3lxTE1CTmpRa21mTHBVR3EzMlZUU1l6enZGdGhiaGwyV1hUWnh4NFVnWGIyYTFPQUpwR1NxQ2RWMmd6a28yYUFnQU42ZTduT2YtSzlLMmFhMg?oc=5
599,4,"삼성전자, 영업이익 240조 간다...주가 전망도 ‘장밋빛’",,한경매거진&북,2026-03-14,2026-05-04 12:27:06.998337+00:00,https://news.google.com/rss/articles/CBMibEFVX3lxTE1hMEx1d2M1V2NFTWdjaVpaLU1xd213SWx5WXdDbEpUZU9lSjdVbHRkd2FURHZ1QzVESHlkd2k4Z2hLdTE4Y2poa3dwVXNIMUg3Zl9VcGtvVDFTVEw5QTdITHBNWTJEM1JscjRrNg?oc=5
600,4,"엔비디아 사상 최고 목표주가 나와, AI 반도체 매출 ""1조 달러 예상치도 상회"" 전망",,비즈니스포스트,2026-03-23,2026-05-04 12:27:06.998337+00:00,https://news.google.com/rss/articles/CBMic0FVX3lxTE5sV0lZZDdPQW9XU2Rqb0hadVdQMkx3NVhVNEVBSUlBZDFZRFY1dHhUMURYYmpmMU8wSG9acS00Tm1Pc2lYYUpBQkd6RmFISFlIQk1NMVp6RTh4VkFtekVyNTk2VjdhX3VjWldUdzVyMHZBbFE?oc=5
601,4,"삼성전자, 사상 최고가 찍더니 '깜짝 전망'…뭉칫돈 몰렸다 [종목+]",,한국경제,2025-12-29,2026-05-04 12:27:06.998337+00:00,https://news.google.com/rss/articles/CBMiWkFVX3lxTE1IVmtlZWZnZTJibEJFNk5XMWVhVGxwZWswQWNoYXRlbGxfNVdzMkxJT2ZZVnQzNDNMQUs1N3FpUlhfWlBJYVpnZTBjY054QTd1WHVGQUI0MUJCQdIBVEFVX3lxTE51UU5PODlhSGRfbzlwTFh0RENBbkFyXzAzd0NLMkg5cUxGX1pGc3RVT1hManoxbkFheUNTZ2tGZVlObXcxS3NjRzB4MTZ2NklqRW0tZA?oc=5
602,4,구글이 던진 폭탄에 삼전닉스 '와르르'…증권가는 '반전' 전망 [종목+],,한국경제,2026-03-26,2026-05-04 12:27:06.998337+00:00,https://news.google.com/rss/articles/CBMiWkFVX3lxTFBPcWlibV9ydVlrMlBIMjlHQzFmTElMdWRKT3pBcWdsWUFsaHpsQzZfY25LbXZ6QWh0N0ticE1jSThHam9EclItekVsOUpYbUlwcEtPNkF1RXVuZ9IBVEFVX3lxTFBaWkx0YXBWY3JGS0ppWmNOa1ROa3hteHVqLUY5YTY4a0VzaFNLakpONVBheGR4RWswdzZVcW1nekpza2NYLTJob3Vkb1VtYVlfeUJMRQ?oc=5
603,4,SFA반도체 투자분석 2026. 01. 02,,주달,2026-01-02,2026-05-04 12:27:06.998337+00:00,https://news.google.com/rss/articles/CBMic0FVX3lxTFBlZ3ZCU2hOLS0xQ2MyOFlJQmxTOVV2czYzVnF0eFNvTjdwRUZzWkVTVTdZWnAtMGs5cjlXeUZmbm5XVDJVWjRUa2xLc2hUUkNrNFJLS0hqc0t6QmVibkQ5dDU3cXFWc3dsLVRGWFpzTDhfVzg?oc=5
604,4,삼성전자 시가총액 1000조 돌파 이유·전망 분석(feat. 반도체) 📈,,뉴닉,2026-02-04,2026-05-04 12:27:06.998337+00:00,https://news.google.com/rss/articles/CBMiU0FVX3lxTE5wVjdpTE9FYlFoSDJtMGVCaHlyc1JsZGxqVXZmdVZqeF9rdnpfZVFKc1VoZHk4NmtERnpuUXhDcEx0aFFPWG5vWERzVnRQandDZGQ4?oc=5
605,4,“반도체 주가 새로 쓰나” 맥쿼리 역대급 전망,,한경매거진&북,2026-02-25,2026-05-04 12:27:06.998337+00:00,https://news.google.com/rss/articles/CBMibEFVX3lxTFAyWXVrQU9yNXNHN2V6dUR3WWdSY3RySGdqV0ZZam5HMzFNYUwyQ0o1bF9zc3kxRDYyZlEtWVNSYUxYTXFIeU1xV1ZVOG9Jc1c3aHBCTUFaTDN1OFVKWnkzS2hYTzE4alJTai1wdw?oc=5
606,4,"""올해 크게 오른 한국 증시, 내년엔 이정도로 안 뛸 것…中, 반도체株 최대리스크""",,한국경제,2025-12-01,2026-05-04 12:27:06.998337+00:00,https://news.google.com/rss/articles/CBMiWkFVX3lxTFAyUDl1ZFhLZnN1RFVRd01fU3l5Y0h0QXE3U1dwbEJMVzVJeE1aVXFiTnBNWUE3WllLanprenJ3aDltODd3WFBQQS1RWnFVZHphRXF5RTJDbUZrd9IBVEFVX3lxTE5lUkNQdU5xczB4aVh2OUMwRGhsY01jeHlmb2xHSlNoMFg0UXFUS0NfcF9nb2hwRDRkclZ4UEU1S2pDSkxVekprc3hiSlpUX25sNVdsSw?oc=5
607,4,"[영상] “삼성전자·SK하이닉스 주가 랠리, 내년 상반기까지 지속 전망”",,주간동아,2025-10-10,2026-05-04 12:27:06.998337+00:00,https://news.google.com/rss/articles/CBMiaEFVX3lxTE1FYWxRR2xjOG1kendadDF1ZkhoSnJwOV9RTDZIRDFHTG9jVjJmYkpIM1hMWkpJc1FtellkQnZrVXh4N0VGUTZRUXlhaE9aTjV2Q3FkekRZWngzM2liMElOVTlKbVBpOEtl?oc=5
608,4,"미래반도체, 반도체 업황 회복 기대감에 주가 강세",,한국경제,2025-10-10,2026-05-04 12:27:06.998337+00:00,https://news.google.com/rss/articles/CBMiWkFVX3lxTFB4ZHptc0t5R3RnTDhLeXhONUxsYjhpQkF0TElfNmFCWmN0amd6S0pEVDVELXBWSVlzbWYwU2FyRFZFRGRvRVVNSFlWdVdGeWZ5b3JDU2tCVGJnQdIBVEFVX3lxTE02MDhNbk1fdmhmQWN2ekZEakpFYlFzV2RPeXJEN1NxV0lPOTRUckVhdVpKU0RDWDVpTHRNeklJWTRRSTZ6UUFwQWJjNm4xNjJRZ2Ytcg?oc=5
609,4,"산타랠리 안오나? AI 반도체 조정인가 아니면 주가 하락의 서막일까, 다음주 미국증시 전망",,네이버 프리미엄콘텐츠,2025-12-14,2026-05-04 12:27:06.998337+00:00,https://news.google.com/rss/articles/CBMigwFBVV95cUxPUXdjaWdSa1FIVmN5Ylc2emNZYm04bGEzYlI1VUJaVm13ZjJ4aHQzV3ZoY1p3aWpHM0NqdE5TZ1p0RkxwVGE5TENMdmVLMHFNbHJyNkxObkNHWUoyUGs1U2k2UGVjVm11NHYwQTVVTE9qOUpKelc3OEZGSnA3OWFhTDhKQQ?oc=5
610,4,슈퍼乙 한미반도체 '10조 클럽'…수율 높인 이오테크·리노공업 '뭉칫돈',,한국경제,2026-02-23,2026-05-04 12:27:06.998337+00:00,https://news.google.com/rss/articles/CBMiWkFVX3lxTE9sQzhjcHp2NkI0MXhLYXNSYVF2a3hBSUw1XzJoM3JVUTdBYmV0blVQWTV6TjJFeHNjcFA4N0xDZ25mQzZuZ2RYMlE5VWRKSDMxWmw4ZEtpMzhGQdIBVEFVX3lxTE5kU29FNk1OdWptekpfaWpnQ0dLTDJwa1A4ZFFRNTEydjRWSnhIY2ppZmx3NEtkbnRyMUVPOWI3WmtsZWg4NDJRdDFzTnhyeHNaOVNqUg?oc=5
611,4,한미반도체 31% 급등…반도체 소부장株 날았다,,한국경제,2026-01-05,2026-05-04 12:27:06.998337+00:00,https://news.google.com/rss/articles/CBMiWkFVX3lxTE13SUxyaHlTODhoVjJaRG9EQl95X3NuYlhkcTRpRFhRbm5BYnlVU2ZlV0RIdHNySjJsOE8zY3VLaF9GbmZCanpnQjFCaVdLM3NrMU1IVVJpUkFMd9IBVEFVX3lxTE8wZlg5TGhaQldtNmZlTl81YlRxMnhETU5GSDBSb2NnS0ZUak9UQmx2TXZQWUJTRWg0bGF4dnpEdTlhanRyZXhOdTgwT3ZfVlQ2aEczcw?oc=5
612,4,미래반도체 투자분석 2025. 12. 21,,주달,2025-12-21,2026-05-04 12:27:06.998337+00:00,https://news.google.com/rss/articles/CBMic0FVX3lxTE5Rc0VtbUtxcFJaYk1Ud1E1WkFPUUNOWW5pUTlMZXQwVzUwZVdmdkhqX3Nob0FReFVEOUVLU25xZ0s2TGNoamZLUWZDVnhvbU5rMUMwSFFoMUNEQ2VPYjM1Q0Qyd1dVTmZZc1Z4TmtVYlo1eUE?oc=5
613,4,HBM 차세대 기술은 이것! 유리기판 관련주 SKC 주가 전망,,네이버 프리미엄콘텐츠,2026-01-11,2026-05-04 12:27:06.998337+00:00,https://news.google.com/rss/articles/CBMigwFBVV95cUxQMDUzTUZVSFY2S2hBOTA0N05ERlJhbFlRVjR6dXB2RFVXRUpJTFFxMGZzRnhIV0JBeDNBOV9WS3c4VDBXU1lwZy1mTDFmLUl0U1FVUVdNY1lUWHBpbDhfcmJPTFVBV0hsdXpHREVvdUhCc00tOGNJWUgwQ3g3ekFCUjByOA?oc=5
614,4,"""삼전 32만·닉스 193만 간다""…노무라, 파격전망 내놓은 까닭",,한국경제,2026-03-26,2026-05-04 12:27:06.998337+00:00,https://news.google.com/rss/articles/CBMiWkFVX3lxTFA2emFnMzh2c2lDRE1KX0lxbTFnNk9zY2k0VW1FNGhXWG5QWVRWWWJNUF9wUTM3SnpQeVlsZFp6eXpFZm9VUzhZTVJ0cW8tNU5TbGVvWlg1aHExZ9IBVEFVX3lxTE11dzR5anAzT0tqcXZlcnRhSm93Qnh1dEJoSnNHMFJ6WE9QS002SGU1a3JQeTVFOVA3VHFSaGYwNy1EUVR6dTVKYXdKU0JCeHB6dUx3aA?oc=5
615,4,"""메모리 호황 최소 2028년까지…삼성전자·하이닉스 더 간다"" [오천피 시대 투자전략]",,한국경제,2026-02-16,2026-05-04 12:27:06.998337+00:00,https://news.google.com/rss/articles/CBMiWkFVX3lxTE1vVjhxOWJzcVVvWjNrdUhialhmQlo2MFFZcHhDWXlSUW4xbHlqV1V1c3E5ZklNUEEtUlB6azNkczBVNy1penVURWl1eThTMVAybjVUQmtsUlBLd9IBVEFVX3lxTFBLbVgxRGlsOWNvcDAyQ2xOWVpYdmlLdmN5d2tlc3ZSTmxrTWlOUVQxR1dzT1BCUC01ZkJyUDRpbXhuMU5HSzJpeE5FV0ZFMUZjanBSdQ?oc=5
616,4,"""삼성전자·하이닉스, 슈퍼사이클 타고 더 간다""",,한국경제,2025-09-30,2026-05-04 12:27:06.998337+00:00,https://news.google.com/rss/articles/CBMiWkFVX3lxTE1KaWwyNnVHMzdnU1lfb0hvbEE4REdFQlF6bWFtd01oWEZITkhVTEhEZjlNcThiVW4ySDBac2ZqSFNQampRVG84TF9kaW1XTWxDYURreEpzQzFxZ9IBVEFVX3lxTE8tVmQ1emQ2NjZPMGdUdXVpd2hrWHVSUFprLXhabkpPbElMQnNMbGJiRjNyb0ZVMUdfc0dwVjd6TURCbWlQU1dVQWt6TUZkSG9VbjJvWA?oc=5
617,4,"“슈퍼사이클 온다는데, 지금이라도 살까”…삼성·SK하이닉스 주가 전망보니",,매일경제,2025-12-26,2026-05-04 12:27:06.998337+00:00,https://news.google.com/rss/articles/CBMiVEFVX3lxTFBBVDVQcERjVU9tdnFBZXdSZ2c3TzZraEQ4LWNaNC1hdjNKTnp5WF9rZ0xvbThwTDh5UWc4LU9xMERsVFRBVm5LM1ExVmNsTF9ISVF1Xw?oc=5
618,4,"한미반도체, 내년 영업익 4000억 낸다…AI 핵심 수혜주",,더스탁(The Stock),2026-01-20,2026-05-04 12:27:06.998337+00:00,https://news.google.com/rss/articles/CBMiakFVX3lxTFBxMGlmdTEwVkw1OFMwVkJVZS1jODhuczNOQW5mRF9HVEEwbkNUbDlxa184QURGZXJzLXhBVy1OSTdRZHhtejZveFY0OEV2U3JidHk1cVZQWHFaZUpYSmN6ZFd4VTdHZ1NJbVE?oc=5
619,4,"불 뿜는 반도체주, 연휴 이후 전망은?",,한겨레,2025-10-05,2026-05-04 12:27:06.998337+00:00,https://news.google.com/rss/articles/CBMickFVX3lxTE1yWTc0OVJXV1d6a0JicTdYTHg1dURrNXVvUmlPTklLZ0tKTnVEOTVjSmVQRXhwVUVRQlFIVjNzdV9tYU4wamMyUmFCbVRKWjlsdGxDLWExc00xOGZwbkxXVzh2amxBT3E1bmlobHVEZmFZUQ?oc=5
620,4,"대신증권, 코스피 목표치 5,800 상향…""반도체 이익전망 급등""",,연합뉴스,2026-02-02,2026-05-04 12:27:06.998337+00:00,https://news.google.com/rss/articles/CBMiW0FVX3lxTE1IYUJodU05LUc3eGVjeDJRcWNOUmc4NDFqM0kwMGNObmRLX3NKMVFOY1NLT2NiSUJ2WVJsbm1vQUdFMEIteFo0TTRSLVZ3ZWJoTXYxbzVUNnZDYUnSAWBBVV95cUxPWl9BWmFVRnJ0MjN1VUhGMFg0VWRtS05aZWhER09xMV9xS3JqQzdQcWktakVGYUdqVUdRVFhEVFBveGEzR0d5QWkzeDlFTFlVdFo2RWFxYkpOeFp2Y1NMQkI?oc=5
621,4,반도체주 질주는 계속된다…TSMC 4분기 '깜짝 실적',,매일경제TV,2026-01-15,2026-05-04 12:27:06.998337+00:00,https://news.google.com/rss/articles/CBMiaEFVX3lxTFBDNjJmRUVkM2xrNDdCLUsxNi1nb1c3clFuU0hZTS1qcWl2c2lmSnRpMF9VclFYMDJXM083NGlsQ1pSZTBFdVFpSm1VajN1NG1TenlSbDgwSTI0Y3JHZ2hwSjU1Q195bmln?oc=5
622,4,[신성이엔지] 신성이엔지는 왜 다시 주목받나? 반도체 투자 재개 수혜의 중심 (2025_4Q),,네이버 프리미엄콘텐츠,2026-04-13,2026-05-04 12:27:06.998337+00:00,https://news.google.com/rss/articles/CBMiiAFBVV95cUxNdE5pT1dwOHhSSHc2RXY1aUZrMExRNmVsUzFocTVhVEluRmNVMU1WMGdnNzRkTHRmMk9UT2ZVWHV2ZXEtT05zYkU0UVFubUZXeWxBTks5NlhJM29URlNScXR0OVdVTHVzcDJtZ01KWUJMT1l1aVdWOTE4ZHFQcmI0alE0MjZGQ2l4?oc=5
623,4,"메릴린치, 한미반도체 목표주가 30만원 제시…""HBM 확장 수혜""",,아시아경제,2026-02-24,2026-05-04 12:27:06.998337+00:00,https://news.google.com/rss/articles/CBMiYkFVX3lxTE1ZYVowMkhyZEdjYk4yQnNVSnpxb0VSWF96OVpldFJQSlRuYU1UOXlaQjdVVWdXNUdicDFjU1NXcjZrTDVvYi1jZDgyNEYwbUkwZ1VocTlnME1UNHZMQXNjMDFR?oc=5
624,4,AI주식상승확률분석 : 제주반도체(080220) 주가 전망과 상승확률 분석,,Investing.com 한국어,2025-06-27,2026-05-04 12:27:06.998337+00:00,https://news.google.com/rss/articles/CBMiYEFVX3lxTE5fNlpGTHIxOURpQ1RZRmNwbHNkaHA0WlVjeGpPTkNDQjZCcGtDQ2NpeHk5QUtIczUyREFvek84bndJOHJHenY2V0lGYlFNbHUyVldxTzREV084bnRhNTZIYg?oc=5
625,4,퀄리타스반도체 주가 15% 껑충... 자율주행 반도체 인터페이스 기술력 주목,,핀포인트뉴스,2026-03-25,2026-05-04 12:27:06.998337+00:00,https://news.google.com/rss/articles/CBMic0FVX3lxTE9LX1FiWXlfUjVVYllHYlJ2LVNtS2dJdjBwdmQxbEZKaTRLRjhCZ3l3YjNKQ1ZSM0NFTXlGZ0VVaFYzTnNveC1UVGpXd04tUWRuR0pfWGUtcTh4VlpxNmVDcTVrb0x1WS1weFdVbHZiZEZIY1HSAXdBVV95cUxQb1ZPcVZZajgwRFQyQU1keWFGOGdUU2JPZTNQQnFLbEJGY1NtZDdLTFhVQ0EzMHpqckotYkRSSVgtXzJPem5DUEROVTVPTEJEOTRmYlNhUTJQT3A1OXVXdkhBX0lPNU0zVE5ubjg3VkY5VU41SGhIaw?oc=5
626,4,‘반도체 저승사자’ 모건 스탠리도 “삼성전자 9만6000원 간다”,,조선일보,2025-09-22,2026-05-04 12:27:06.998337+00:00,https://news.google.com/rss/articles/CBMigAFBVV95cUxQcVh4S0NVbEZEbVpLTndmRGdUekhsbXQzQ1MtTXhBTTVfUDI5TUQyYjYxNm1nNnUtbEFEYzhVUGR4X0hrT2NmcHN0b2VCd0hNTmFLTzVUeGRyY2hFdjB2T3RQT2R1Wi1QVDZWS21uV1p0eTRIMW10Y2ZrRlZlOW5nVA?oc=5
627,4,슈퍼사이클 탄 반도체…삼성전자·SK하이닉스 목표주가 '줄상향',,글로벌이코노믹,2025-10-01,2026-05-04 12:27:06.998337+00:00,https://news.google.com/rss/articles/CBMiiAFBVV95cUxQUjNaNlZIU0xBX01OdHROSDQ1cXlKVlRSMUtYV0ZRcHM1ckpXOHN0emI1c2k1d2M4MjZ4YkxKZnBlUDJSckI5WVAzNzZYeXFKMnA2cGlaVmp5Z2Y4T2ItZFlyNUJnSXRRdC1teHdDcXcwMVZmcFV1T254RkpIejVtSEVRRmxJS0Iz?oc=5
628,4,"[코윈테크] 코윈테크 주가 전망, ESS·자동차·반도체 다변화가 본격화되는 이유 (2025_4Q)",,네이버 프리미엄콘텐츠,2026-04-07,2026-05-04 12:27:06.998337+00:00,https://news.google.com/rss/articles/CBMiiAFBVV95cUxNWFhYVmpoOXRyN09UM082QWJ1TzcyUG9DRk5WTmdIVEl2V2NlME5KeExMSVFSX2tXWk9FQlZiZ2xSYlpSSEczS1k2NE82X1htTzI0TDZpY0hWV0dwRkRLRXh3NTJTU2tjRXltcTZzOVJUVjFpRUY0M2F6ZDdmUk1ZWEF5b2ttdURa?oc=5
629,4,"반도체주가 밀고 현대차가 끌고…진격의 코스피 ""더 간다""",,한국경제,2026-01-22,2026-05-04 12:27:06.998337+00:00,https://news.google.com/rss/articles/CBMiWkFVX3lxTE1EeEVHUEE2WHBLUlZDTVllXzlUZVNhd3kwX09JZHQ4Tm9KQWwtQ3o0Q204UTlsS1doOGE4Nmd5TlhqOFVVZEI1YldJNzExTTFXQXU2R3c1YWFNQdIBVEFVX3lxTE1yMUM4QUZZZkdTUnlRNnpkNHc1QVlBM1V4dkppVmlwRTYtczNnaTlLZTQ3YTZJWHBVUVpYR0pnRk9CQVJkd1B2eDRnY29LaGNXV1FvWg?oc=5
630,4,'반도체 훈풍' 어디까지?…2·3차 벤더에 자금 몰리고 스타트업 몸값도 '급등',,인베스트조선,2025-10-30,2026-05-04 12:27:06.998337+00:00,https://news.google.com/rss/articles/CBMigwFBVV95cUxNYW82T0x0RTVZWHBGV0hqUlZVTWk2Q3FnWEhPaUhacWxJQ0t5UHBDQUpnRmVteHhqMHIxQU1TX2JtbmpsY2VmNTlfanF2cjNCMkc3Si1EOGlwcnVYQUV5enJqUE5sTVlFQk9jUmlnekpPN3JQb0ZUZHVwM2t0ak1fNVhjTQ?oc=5
642,2,1분기 실적 부진을 매수 기회!AI가 분석해주는 효성중공업(298040) 상승확률은?,,네이버 프리미엄콘텐츠,2026-04-27,2026-05-04 13:11:09.667996+00:00,https://news.google.com/rss/articles/CBMihgFBVV95cUxNRVdzQjI3WVhzMU10VVpmNE9sWEtZLXhzdG1uY2JNNElXaURTRzNaaTlZZ3JISHgxWDV4QjZIUkVnZ0Q5eGJ1Y1FVRFBNSVRyZm9EOVVPMlpySFowMHNsNE1VWGpSaVJfcXVKSXVsMVNETXd5ZTBLX2pzX3p0R2JNRDdoMFF2UQ?oc=5
648,2,AI가 분석해주는 비아비 솔루션스(VIAV) 상승확률은?,,네이버 프리미엄콘텐츠,2026-04-20,2026-05-04 13:11:09.667996+00:00,https://news.google.com/rss/articles/CBMihgFBVV95cUxOVkI0ZVhudmlTQXE0NjhSaUxBdEQ3WHlHRTBiUU9LeTluSEktcHF5WjlLemRwbDB6cUUzNFZfUUVHR0cxbDk1ck1jZWQtd1MyY0JSXzZXMUJQVWcyWUY3ZXBLSjNqdm1NSzk0QmhBTURzUmQ2bzFqMExaYmd3OWUwS00wcVFuQQ?oc=5
654,2,AI가 분석해주는 펄어비스(263750) 상승확률은?,,네이버 프리미엄콘텐츠,2026-03-26,2026-05-04 13:11:09.667996+00:00,https://news.google.com/rss/articles/CBMihgFBVV95cUxOSG12bGJXNjBTWWV2YTBtUm5ObHl5SG55RFotaTJIV1VDYU5YWDJXcGp1Um5hT0dpVU12a29BSGJMMXZEeDB1cXRCMjZobXZENjFhR3RGNVd6QnhONUFTcjdienRBNWJvM2YwTUFGNDlPTnVaZ0Z4UGNocnNNOXZONTBidThIZw?oc=5
655,2,제한적인 공급 내 수요 확장세 지속!AI가 분석해주는 삼성전기(009150) 상승확률은?,,네이버 프리미엄콘텐츠,2026-04-17,2026-05-04 13:11:09.667996+00:00,https://news.google.com/rss/articles/CBMihgFBVV95cUxPdndpcGd3U082YWVydG5qRHBka3ZwZEp6UElISXVyUkFDN1Nqck5sMEZuU2hLMWJRTmw5S2FGNllfdGlEN2k3NjFYY0otbi1FejB1VWxlaGlSQ0Z3Wk1veGNVVHB4NnJiVkNVc2xsYVlDQTVUUS1pbDBOWTZtNUFjLXBoSGx1Zw?oc=5
656,2,AI가 분석해주는 쏠리드 상승확률은?,,네이버 프리미엄콘텐츠,2026-03-12,2026-05-04 13:11:09.667996+00:00,https://news.google.com/rss/articles/CBMihgFBVV95cUxQeFhMOHMxbm9NWEd1WlVzaFkxZUQ3U1BrUHRmdW41RzM5Vl9RV3V3SkYyWUxPLUpPNTE3bURobHJsQUpQU1pSOVlablczYXg0X0gxanRnSzExSmdjRVhuOWg2eVloaC1VdzMzbE53Nm1IODBCYjRBQnBpdXdzNm5IN0I4ck0yQQ?oc=5
658,2,AI가 분석해주는 한화시스템 상승확률은?,,네이버 프리미엄콘텐츠,2026-03-04,2026-05-04 13:11:09.667996+00:00,https://news.google.com/rss/articles/CBMihgFBVV95cUxNeXFoY2FDX2VpSHZFVGN0RkVFMnJ5WDBVZm1BRTlwcV9vdW5jZW5QU3l1SzdRNERxNnNvQkQ1a2tyUGJJTkZsejd4aGcyVnAxNWhDVFFnd1NBbW1lb0pOOHRheV9DNG1nWW9YWHE0Wlk0WmlRWkhUQUJJbGxQZjNob3FueEl3Zw?oc=5
659,2,AI가 분석해주는 대한전선 상승확률은?,,네이버 프리미엄콘텐츠,2026-01-06,2026-05-04 13:11:09.667996+00:00,https://news.google.com/rss/articles/CBMihgFBVV95cUxPTVNObkRLTWlKblJjTWFudmk4cmo2bkZmMXg1dWNKRURRVE9RckxmakJ2R3ppbGZxRDFvRmhJbDBvdnpLMHdtVTFVQXpieVBobWVsQnJUcy1XRzM4YXhLSFA1bkF5bnR0LVhKaDFaTFA1WHRzREtTWExnNFNsV0FTVjZYVDgzUQ?oc=5
660,2,AI가 분석해주는 효성티앤씨(298020) 상승확률은?,,네이버 프리미엄콘텐츠,2026-04-13,2026-05-04 13:11:09.667996+00:00,https://news.google.com/rss/articles/CBMihgFBVV95cUxNYWcycTNOQnpmNmtvVmN0QURPbjlTNDVqRzBHZU9nbl9panl3UFcwd3cydVhZYnI0S2hPT0hnMnNseDNfd2RmVFZIX1QxQUd2S2VwRTN6Z2pwTzhUbDlmaXVjRzdOLVhpR2NiMjFJcm5nQy1OOElrMV9VQ3piRFVfbE05VG52dw?oc=5
666,2,판가 상승 흐름 기대!AI가 분석해주는 현대제철(004020) 상승확률은?,,네이버 프리미엄콘텐츠,2026-04-09,2026-05-04 13:11:09.667996+00:00,https://news.google.com/rss/articles/CBMihgFBVV95cUxNUXQxZnlqbTlWUW9BYjNrOEl1UVR1LUI3c084SF9wd3Iwem9MaVRHRk1NMGo0SThOSGJXSnI4SEhWRzRLOWVvV0lsSnhySlRwN3pFdUJFMGc4Ymhra3c2WldiOHlCOE02bzFoNWdqVUdPS1ZwTTFEa040TEcyVjRYYko3REVydw?oc=5
670,2,AI가 분석해주는 프로텍 상승확률은?,,네이버 프리미엄콘텐츠,2026-03-06,2026-05-04 13:11:09.667996+00:00,https://news.google.com/rss/articles/CBMihgFBVV95cUxNVnV6cHVkZXZaRWEyRzY2QkoyNkVDeDZ3SnI2VjJBRXZNRi1ydUktaGJNLU4tRTB2UG4zWnNveFdOSU12MUJlQzVBd25jdXpSejd0ZjhacDR1Tm9nS1l5emFwMVZVUS1jR3NFNzc3SVE4bUw2MWl6Q2NiYXhPLUJhdGktcC0wUQ?oc=5
676,2,AI가 분석해주는 DL이앤씨(375500) 상승확률은?,,네이버 프리미엄콘텐츠,2026-04-08,2026-05-04 13:11:09.667996+00:00,https://news.google.com/rss/articles/CBMihgFBVV95cUxPOGhkTmwzbi1PbjlVM0k5R1QzN0VzWDMxTVJPelQwbkJKb19uS2V0QW5YcnVVQTctVXVvUDFnZ2hOSHVFYUhTNHhaNUdvVW1wRks3aVVyMlR6dFhVcEhXRmlKQ2l4cWlnWUxxQ1Y1OXNMV0JNMEdmVGpjZGQxeWtyR1Q3YlVRUQ?oc=5
678,2,"[수급분석]""하이닉스에 1.3조 폭탄 투하"" 외국인의 변심, 그 와중에 1,000억 씩 사모은 '이 종목'은?(2/5 수급분석)",,네이버 프리미엄콘텐츠,2026-02-05,2026-05-04 13:11:09.667996+00:00,https://news.google.com/rss/articles/CBMiigFBVV95cUxQOUlnTVNiNkV4VjVCLXdheWJxMS1vdUhRajBpTkkxbGJrMzlBUTV3eVFkSGgybHdENjA3cUs0VnBzWlFDc2p5WkxpbXFwSlhBR0IwQlgyZ1BYWXNjbV9BdnFDN2x0VnpTZWlDUl9ZRFhMdjhWWnJyc1JKdEFEaGd5c1dVSHJyeDBmelE?oc=5
679,2,트랜스메딕스 그룹(TMDX) 주식 분석: 장기 이식 혁명으로 50% 상승 가능? 성장 잠재력 풀 스캔!,,네이버 프리미엄콘텐츠,2025-08-27,2026-05-04 13:11:09.667996+00:00,https://news.google.com/rss/articles/CBMiigFBVV95cUxQc1pET1NGdklHN0dtX1FKekwwaER6TGU1MTFWNXZITVdZY2J4U3hscmZjVzEycHJLNUtmOG5FenUwUVVRQ2otVXlZeXpCbmU0VW1vMzFhSUxUMC1pdU1Db0JKVGhrelkxdGY2aHl5S0o1WU9qRTlNTExmMnFaUzUxQnd6b3ZFaG54VVE?oc=5
681,2,"루멘텀 홀딩스 (LITE) 집중 분석: 구글, 엔비디아의 숨겨진 파트너, 광통신 대장주의 매수 타이밍과 리스크 점검",,네이버 프리미엄콘텐츠,2025-11-26,2026-05-04 13:11:09.667996+00:00,https://news.google.com/rss/articles/CBMiigFBVV95cUxOQ0xLUC1XeHpzbl91RU9iclVXU3VBZkU4UThvM1h3OXVVeTNRaUNUWGtvZVFFeXh6UkZNUzZPc1hjRExVRUYtLWlkay1tYWZVdTJBYnNVMENnY0ZDY2U2Z3VPdUdkcFVrU0pHZGlXQ1JVZ1B4NjFMWWpRRUJRVTVGZjRYWWlBNjdNU0E?oc=5
688,2,북미 고객사가 주도하는 ASP 상승!AI가 분석해주는 PI첨단소재(178920) 상승확률은?,,네이버 프리미엄콘텐츠,2026-04-14,2026-05-04 13:11:09.667996+00:00,https://news.google.com/rss/articles/CBMihgFBVV95cUxQYV9uRzgtRVlaSXVETUh4NXJPRjlHU3pLOWI0UlBVdUotYU4yT2EtMUZlclNCZ0JoQkZWUWJXWTVZakduUjNqWkw3WWM4cS1YU3ZBLXNzcDYtSnQzbUVqejZFczhpMjZFbW4xdU1SMzRuLUVxQTNmOTNjdHhLQU5nTnpWeWR5dw?oc=5
689,2,[분석] AI·핀테크·헬스케어까지...2026년 꼭 봐야 할 미국 주식 20선,,초이스스탁,2026-01-21,2026-05-04 13:11:09.667996+00:00,https://news.google.com/rss/articles/CBMiZEFVX3lxTE5kRURMa1BoRy1tNEFsS2pidlc2TTNvUHVqZFlXc01uUUNxci1WNnhuSGdkb2tSXzNjNjAwbjBZMng4MllnTlF4OTBhdDRMemNlYjh2VzdUMzlLYV90eHJ4WUYtMlc?oc=5
695,2,EV 종목 분석: 투자 전 전기차 주식을 평가하는 방법,,TradingKey,2026-03-10,2026-05-04 13:11:09.667996+00:00,https://news.google.com/rss/articles/CBMilwJBVV95cUxOMG1wT1JldE5DVUt4TzdNaF9VVnZoMmhUM0EwSGk0NDZvRFNrbzhuZC1yN2tDZy1KQWZuYndhUW4wbXdxdEp1S2ZGanRUVC1GeEV1eE9qRjRGVjZXVUlQNnNyZXl4ZHNJUzhVbUJoWnM1c1AtcW1kUEN4QWxKN1VRTlcya2VHUHExdEsxMnhCYk1lOHYxX3U3NHZsMUM3U0ZNS3lMUHNGNG5IN25iS1k3RGZRemppa2o0WVpSSjRxakxVYndUbHNEZFRYVGpsb19qV3poMXJxODNhOE1lNTRoYkpybkRoYmZwWDdLN1ZVLVJrdEJZdE82QlZNcl9mczAweVg4U05yOU9oSGx6Um1qcXE1Z2dhTk0?oc=5
696,2,"바이오 섹터의 '게임 체인저', 오름테라퓨틱 심층 투자 분석",,네이버 프리미엄콘텐츠,2025-12-17,2026-05-04 13:11:09.667996+00:00,https://news.google.com/rss/articles/CBMiigFBVV95cUxPV0NTUlNXXzRnVERKeFQ4eDRSclZtdmZXLXA4U1d1S0VCUFdNV2VHY0U2S2FQS0VRcjQ5MFJpR0x4YlhxOFk3TF9ON19HYjc0UEFMcmhqRUkyZUJlSzEwSHBrck1ETmJKMVRQT3ZxY1k2SnlRd0ZQT2dva2kzZzZqOWdzMko1TklUWHc?oc=5
697,2,AI가 분석해주는 SK하이닉스 상승확률은?,,네이버 프리미엄콘텐츠,2026-01-30,2026-05-04 13:11:09.667996+00:00,https://news.google.com/rss/articles/CBMihgFBVV95cUxQUHhnQzBWNWF1RU9iU19EaTJNUVloTFlXZHQ4dW1zVF84UTlYS3dpeFNPYU1seFRBeFZpNTcyeUtkaEdNdVdjbzhtendjUGdJaTAzbHZkelRhV1ExY1N6X3ZHbmd1V2tYbUY4N0lDMlgtOVN5dVV1cnlLVzRHMlRJR1hwS1dsdw?oc=5
698,2,"[투자플랫폼] 미래에셋증권, ‘MY종목분석’ 서비스 오픈…데이터 기반 자산관리 강화",,서울STV뉴스,2025-08-21,2026-05-04 13:11:09.667996+00:00,https://news.google.com/rss/articles/CBMiZ0FVX3lxTE0tT1hJRTFNSi1zQ2NmVTJpRkwyb3UyRUtyOW41cFc3d3dzSVZmZUVSazFuZ25YRXhhWjFuYS1Ydl95M2EyV1pIaFBNTHRKdU1ETjhKSTEybW5hVXFWMGhmbjl4UnZkTkE?oc=5
699,2,"토스증권 ""관심종목이 갑자기 25% 급등? 실시간으로 이유 알려줍니다""",,한국경제,2025-11-12,2026-05-04 13:11:09.667996+00:00,https://news.google.com/rss/articles/CBMiWkFVX3lxTE1HazY2UGhhaXQzWlVXeHJRaEZNdm04Z1JpVWQ1NG91dHl5Qy1LOGY3N2NPdlViWDVIYmt6aDFBZi1CcjFKS2hOYTB5U19adjlFWXIyZEFFUFZsQdIBVEFVX3lxTFB6YTU2YmU1T1k1alJPcHAwUERxZ0lHRW0takN6MzJKREx4SVV6RDl1TGFuT3hPczdHNzVWcE4zaGVNckU2VnZ2cjJObXJfdC1hQl9zVw?oc=5
700,2,"""사람 살려"" ""2억 물렸어요""…개미들 '비명' 터진 종목 [분석+]",,한국경제,2025-12-22,2026-05-04 13:11:09.667996+00:00,https://news.google.com/rss/articles/CBMiWkFVX3lxTE5Mcl9zSmlVWm9TUUNpYlU3eDdOYW5MTkhGd3V3WjJ2enFIeEZJWndxc1ozbmk5MHAwdHlMeGVaZ0JQMjU3WFJBaHFEMFo2OEkwdlFzOG43NUlsQdIBVEFVX3lxTFBUZTZ1NE10SThCaXQ2eFJGdzF3dXc1MGJRdDRmdkNjVDRMY052SC1RZUhXQVdXU3N2a3dsSUN1aWo4VTBiNWJkWjZtLVVTemZTb3pGYg?oc=5
710,2,AI가 분석해주는 엔비디아 상승확률은?,,네이버 프리미엄콘텐츠,2025-11-26,2026-05-04 13:11:09.667996+00:00,https://news.google.com/rss/articles/CBMihgFBVV95cUxOV3RxbW1UM25BY2Y0MXkzenR1M0RCaXpYNGJzNENnUi1YdlBmSDRDRGpJRnZ3SDR5ZEZIeFFyNFZfdlQyX1EtZ2FzblFTQ3lVZ3Z1akZlV0kzQkRSYTNXX3Q2d1BPM3RyR0hnUFkxRF9rNDk4X1VRcGNJcHN3RXBmbXpISGZuQQ?oc=5
712,2,HDD는 죽지 않았다! AI 데이터센터가 밀어주는 웨스턴 디지털(WDC) 심층 분석,,네이버 프리미엄콘텐츠,2025-10-31,2026-05-04 13:11:09.667996+00:00,https://news.google.com/rss/articles/CBMiigFBVV95cUxNM2tNb1RGMHFDQ2VvYmlXdVcwU3VxaEMxYy1uZVloRVJNcExaM19lTDN4SWlaaDkzSHhrS19IUV90djlXeXVGNDdISkxQSUtsTVBmd2VPMnRRZWJZaThFSkdIVS1RNlI0WFB0c3IwMVM4VGRBWE51Zlk3VmxydG45c2V1R0VET3FRUFE?oc=5
715,2,"[📈 스윙 종목 심층 분석] “안정적인 기업의 역습” 모나리자, 저점 구간에서 반등 시나리오",,네이버 프리미엄콘텐츠,2026-04-21,2026-05-04 13:11:09.667996+00:00,https://news.google.com/rss/articles/CBMijAFBVV95cUxQQnBaZ1RQNVRaVnRIbVlWRWc2OGp1VW9XTDdtX0dOMXZ4ZHB1eWJZazhtZ3ZDaHNCeFZNb0JDTEFrVktiZ2pGdkhaWFJTNUM3ZXl1eVJCWHpraEh4dGhhaDB5TWRmcE03aGF5TUV3TjBzSndHUUp4TUlaMUc4T19QSTVSTEtZYUpram5leA?oc=5
716,2,50% 이상 급등 가능성은? 3월 주목해야 할 유망 종목 분석,,Investing.com 한국어,2026-03-03,2026-05-04 13:11:09.667996+00:00,https://news.google.com/rss/articles/CBMicEFVX3lxTFBVUjJCLVQ5VWF6azMzMVhRdDZvNWp6WFllUE1Vd3NoMkRYSS12OGR2VjdLVmFvUE1qX0Z6eWVvVmZTQjI5Z1Z1SzdhdV9NT0dYSmNLNnpoeE1IQXVGeFVLMy16YU13aTRXNk1nOVo3UTY?oc=5
719,2,"미래에셋증권, 'MY종목분석' 서비스 오픈…금융상품 투자성과 '한눈에'",,백세시대,2025-08-21,2026-05-04 13:11:09.667996+00:00,https://news.google.com/rss/articles/CBMia0FVX3lxTFBQeGRTcW9sUWZEVTZDTkxVZGlUOXU0UGtjRnRxM1NhaV9sX2taRFBSd1JXSE1YcURZNjQ2N25jUGQyN3M0Z1JJU1RMbDU3V3ZJVlJuYndJSGthSGtSZWYtOHBLZTBwS1VGR2Ew?oc=5
721,2,주식투자 - [종목분석] 테스,,브런치,2026-01-25,2026-05-04 13:11:09.667996+00:00,https://news.google.com/rss/articles/CBMiRkFVX3lxTE5OQlJ6UmhBMnNVaWdGNWpxVE9DaDVKS2lvbHpKYmd6TUpOejdmTmhTVnVBSmd6R0lTQnlUTW8wTk9vY1JnY3c?oc=5
722,2,AI가 분석해주는 애드트랜(ADTN) 상승확률은?,,네이버 프리미엄콘텐츠,2026-03-31,2026-05-04 13:11:09.667996+00:00,https://news.google.com/rss/articles/CBMihgFBVV95cUxOWGRORXJURWM4amtHSTZvUXowS0tpZW4xdG1JRmxWZjlna3YwaHRfdVZNNUxELWpaWUVSMUdFTVZIY29HM3UyTVZ6N2k1VFV2TmI3M01hWTNwaGdIV0ZOYzZQMzRyYzZwNTBIZDItQkVZUll3aHhlRWMtT3JhR0pTTW5KdUN3QQ?oc=5
724,2,"금융당국, 'AI 분석 리포트' 투자 권유 해당 여부 들여다본다",,서울경제,2025-12-04,2026-05-04 13:11:09.667996+00:00,https://news.google.com/rss/articles/CBMiUkFVX3lxTE16ZW4zY29UQWlWNFNBWHh0SWdjWF9FMlI1OFVGZTZtRVpiS0FQYk1TTWdVMGc3bDdrbjdaRDVxbTUyM3BrV21FemswMlk3N2hEVmfSAVNBVV95cUxQMDY3MVg0Rlo4RjJSZ1pwVTd6NnJvUHYwY3hEZ3htWEN1d1ZNYnU3OW5LTTYzd3VCMnBTd1VJZnZkaTZabUNYcUU3RzZWQzB1cktrUQ?oc=5
725,2,종목 분석에서 부실 퇴출까지 코스닥 시장 변화 본격화될까,,연합인포맥스,2026-02-21,2026-05-04 13:11:09.667996+00:00,https://news.google.com/rss/articles/CBMicEFVX3lxTE5JNVVVVTZQMzc0aERWOXFacnhtOWhrS2dPVFBxdl9HdHVFbEk5cVZVZ0ZDTVBvVXF6SW5YVk00bHYzTmlnQTBLS3h0VENrcm5FOXJ2ZS14dkMtYUxDR3JpanlqWTlTUHc0RGVGMmVrRUvSAXRBVV95cUxPX0NzMTQyWnhHUHRGcXBDYmM5NTBMVUlrOGtLZmhaTWxPX2dSRGIwSHRldUZEamlfUlVBXzNVUUpqb1M3RkY3b2xKMVZFQVNaWHJwcFJlR24xd0NYczNTci0wRlVwVERaUHJERFc2VXh4WlFQMA?oc=5
740,3,"사상 최대 실적·목표가 42,000원 상향…대양전기, 주주환원 확대 기대",,데이터투자,2025-11-17,2026-05-04 13:11:24.975585+00:00,https://news.google.com/rss/articles/CBMic0FVX3lxTE5ydldkUmNKWHZCbFoxTXNTVGxxa2ZZWVhmaXg1a0RxUEVzOGpKMTdJSW1PaTRkamZFcFpCd2NOQTlIYjNXX0pNOTJkSWdfd2QtODhwVThmTHJQNUlxdHZfQUJPZVdYbTFCRnFfczhCXy1BbFk?oc=5
762,3,"신세계, 고급 소비 회복에 실적 모멘텀 강화…목표가 상향-흥국",,마켓인,2026-01-08,2026-05-04 13:11:24.975585+00:00,https://news.google.com/rss/articles/CBMic0FVX3lxTE9ZZ2doTDJsTVhnS3VuSnREU3IzOUlveGFGWDhDMXdTamJHekF4N2xBMXNKLW1GT2lwaGdxVXVrWHhwQW5QYzB2cmZPNGRyeGNzX2Iya3JNMl9lN0tMZUJoZ3BLMzNfLW8wYWRlelgwOUpaOGs?oc=5
764,3,"한화증권 ""호텔신라, 1분기 실적 기대치 웃돌 것…목표가 7만원""",,연합뉴스,2026-04-06,2026-05-04 13:11:24.975585+00:00,https://news.google.com/rss/articles/CBMiW0FVX3lxTFBtdkpObmM4SnlQM2ZfQnFocWVuS1JWZ2RweDNXaWRNSVNHcm1YMDdwZjlTMGl0Rm16R0RyeEtVVHoyeHNOc0RlR1AtUk41TmN3czJ3QnVxOG1wMzDSAWBBVV95cUxNUlBySjFDUjV0V2ltNnpTbklFVzg2Zl9hZkxncmEyNWRsNjQ2aGVUa1JSWmp2OTJaNTE3dnpXTDUtUTZXeGk3U1pZRXgyRldsY0ZkMW1WZzZaVTVWM2FkWDA?oc=5
778,3,"LS ELECTRIC, 올 2분기부터 본격 실적 성장…반등 시작-신한",,마켓인,2025-04-22,2026-05-04 13:11:24.975585+00:00,https://news.google.com/rss/articles/CBMic0FVX3lxTE5LX0FpU3ZYTGxReTVRcXZpSTB4NGpKSjFYd3lOZ09HSUxrbG1EVjQ4Vm83eEJVY3ZKdHhoN2p3aWMyaHZXUzd5MHl6ZUFRYlFpWUJyR09ZMDBSTUQ3akQ1aDZqWTlXWmhLTXJwYU9EX3l5TmM?oc=5
802,3,티씨케이 : 3분기 실적 컨센서스 하회·매수 목표가 7만원..하나금융투자,,베타뉴스,2019-10-25,2026-05-04 13:11:24.975585+00:00,https://news.google.com/rss/articles/CBMiZEFVX3lxTE1obElwUEQzRDJXcmxZbmhnNGZzVjMwUjlaeG9EMWtwYXR5NVlhMGNIeXgxTjNvUkRWMnd5TmZGQUNaNVI2TkJaOVpXNFJmRUV2LUhyVWxNNGpkV3BNcWFRMUNyRnQ?oc=5
806,4,미래반도체 투자분석 2026. 04. 18,,주달,2026-04-18,2026-05-04 13:11:36.030195+00:00,https://news.google.com/rss/articles/CBMic0FVX3lxTE55R0VwQ0hhZEJab19NTFp5VUxCc1lTT25kYTcwVTdrWjZhTzlSbUxPeUU0dnBKYlV3LUh6bUdMamdHd2NLeTY0eWptYlhRT0lNWnhkMmFHUzVWZC1wUTFxN3o3SThWT0VmRWd5aUpmLXl1dWM?oc=5
897,4,"SK하이닉스 주가 장중 5%대 올라, 반도체업황 기대감에 '11일' 연속 상승 중",,비즈니스포스트,2026-01-08,2026-05-04 13:11:36.030195+00:00,https://news.google.com/rss/articles/CBMic0FVX3lxTE42bDUtUTZmRG5iNUxWV0hxb3FaYlRwWXJxQnYwb0R1Y2YxTnRQR3JZUEs2cGg4d3RWckV2TVV6YmlVczdqajdvU0hDMmttX1JhNlpWejdCVWtyNlhmLXZTcGMyLUJYOEtLbWttREVjV2NjRjA?oc=5
899,4,"마이크론 실적 앞두고 목표주가 상향 행렬, 삼성전자 SK하이닉스도 주가 반등 계기",,비즈니스포스트,2026-03-13,2026-05-04 13:11:36.030195+00:00,https://news.google.com/rss/articles/CBMic0FVX3lxTE9HNXp6SWdwNXNxWHJMN0t4UGF1Y3g2a0g5OEtmOEpST2xWZXZ6d2NlaXhCR21tREFOUWpkbFhzNXZKOWtRQ2NzMmU0ZFpGMm56UTFvSEpkSHQzYmFvUjlxM2t5TG9ORFEtUmNVMzNtMVVQdEU?oc=5
912,2,"증권사 리포트 총정리, 상승여력 높은 종목 분석",,매일경제 마켓,2026-05-04,2026-05-04 19:46:21.762515+00:00,https://news.google.com/rss/articles/CBMiYEFVX3lxTE5NVWx5b0pTWVVTSzNzc1J4T3piLVZ5Nzd4TzkyNk52RXlyNlI3UmlvY0NhdVo0YTdGdmZEZjlkNjJJLXpWRzdfcWttM1lWTHIteWFWTjd1N1RfbGhmNWczZA?oc=5
914,2,"""주식도 전교 1등처럼""... 상위 1% 투자자의 비밀은 '오답 노트' => 요행 바라는 투기 끝내라... 주식 투자, '수능 공부'식 접근이 정",,데일리머니,2026-04-26,2026-05-04 19:46:21.762515+00:00,https://news.google.com/rss/articles/CBMickFVX3lxTE81aEhWMVdKRlZ4SkRyRU12NXZSMndEaFBiS0lGS3ZzazZfLVpuTGNXc1hmUFdvcFo5d2JLb0paTEVzYUVIYlJRY2xETU1qLWpLSW5EY1Q4aGNjR19ZX0w4dTlzT0RUdVlOMmRHMWxWVTJ1QQ?oc=5
923,2,🚨 과매도 신호 뜬 국장 우량주 - 지금 주목해야 할 저평가 우량주 리스트 (2026.2.20 기준),,네이버 프리미엄콘텐츠,2026-02-21,2026-05-04 19:46:21.762515+00:00,https://news.google.com/rss/articles/CBMiigFBVV95cUxQVkFFWE1QaHVlQUJYSTF1YWJyTmt5WFVOOWZ6VHhacUwwTnJ5WDllNmpfN3ZWb2pXOHJ5andqaG0taEdhdHBZaFlRQVNxYnFUeEpRbUdNY3RRM0lKT3dLZ1g2TU1SRld6bThxY2F0dFc1cGxTQXNXVnRYblh6clN2X3RKTjYxU2xqekE?oc=5
946,2,"[특보] KOSPI 5,000 시대 개미 투자자 생존 전략>> 심리에서 이겨야 계좌가 산다 => 주식 실패의 굴레 끊어라-개인 투자자 90%가 놓치는 손절매의 미학",,데일리머니,2026-04-18,2026-05-04 19:46:21.762515+00:00,https://news.google.com/rss/articles/CBMickFVX3lxTE9fWHhJaUhUNHBNMjJEU2F1bmNIb1BzOWc5VWRmTnNma2RzeFFFV09TVEp1OWhRQTQyY0FzenRqRTkzdTU4eHNaS3V3dGM3cG84ZkZuYzZKM190UTlrNXVSNi0zVks4dUZmT1B5YURmWTZidw?oc=5
963,2,매년 이맘때쯤 주가 '불기둥'…고수들이 꼽은 주목해야 할 종목 [분석+],,v.daum.net,2026-01-10,2026-05-04 19:46:21.762515+00:00,https://news.google.com/rss/articles/CBMiT0FVX3lxTE95Vk5rR281YzVab1VpN3B3QmVfT2cwZkNiTDg4cUFJWjF4SjJDSzZMYzdvT2Q2YTVkVktLOEY2bk80NE9JaFJDUmFWblZuWDg?oc=5
1000,2,"17년 차 주식 유튜버, 단테형의 무료 종목 분석!",,네이버 프리미엄콘텐츠,2025-06-02,2026-05-04 19:46:21.762515+00:00,https://news.google.com/rss/articles/CBMijAFBVV95cUxOcGUwQVphTXd6aG5JdHk4eDc2V3lHN1pxTnBwZmVPVUlrUVhKbW9YTXdBQ0RRNm1RcF8wNllWRzdNQjZTdjBSay1BdWpWYXN5Rm5JX2JfVUlQMC1ENnZNY2w4SG1mbjhXTTRWUHdLb0NGejlyTkJVdEEtdkhhSTNEYzllX1daSVpDYVJZSw?oc=5
1009,2,AI 붐의 숨은 영웅! 슈퍼 마이크로 컴퓨터 (SMCI) 주식 완전 분석!,,네이버 프리미엄콘텐츠,2025-08-27,2026-05-04 19:46:21.762515+00:00,https://news.google.com/rss/articles/CBMiigFBVV95cUxNZnFVVElTUG5GbXc3dkZHUE5SdF9jV1IydUU1NXJSbVc3TDNYb0o4WV9oSC00QlMydHc4WkpqUS1ZejJ3a3FKOXh3YXA0aTctM1BNc0xzZURrZHd4cXZXdHUtT2R6WjdldVlOeUZoQjZXc2lpRHFEXy1nOXhBS1hmUVRMaG9SU1ZSQVE?oc=5
1010,2,"미래에셋증권, 투자성과 분석 서비스 ‘MY종목분석’ 출시",,경기신문,2025-08-21,2026-05-04 19:46:21.762515+00:00,https://news.google.com/rss/articles/CBMiYkFVX3lxTE5zbEJ6VDA0bzB4MWIyc2RmZkxmNHNzMkYwVUdpeElrWXNmdklyRjVjcXdNNVVHeEVkZmFubTJBcVdyTUUtczkwcUtpcG84aW9TcnZBOFVkRmZadUIwa2s2TjB3?oc=5
1013,3,"""삼전·SK하이닉스, 주가 하락 과도...매수·목표가 유지""-미래에셋證",,베타뉴스,2026-03-05,2026-05-04 19:46:36.343814+00:00,https://news.google.com/rss/articles/CBMiZEFVX3lxTE5qQ1A2dmZlX0dsTkpHTnVodHpST2RUUFFPWENHOGpOYXU4c0VWcXpLX2VmYlhkbmV0Q3FFOXNWeXpRM1ZyUTFOT1dkWVV2dGY4WTdvWGk0WjZtVGk2dnhHaG9OWGk?oc=5
1064,3,"S-Oil, 정제마진 강세에 실적 개선 전망…목표가↑-NH",,마켓인,2025-11-04,2026-05-04 19:46:36.343814+00:00,https://news.google.com/rss/articles/CBMic0FVX3lxTE5XSTNfVzdUWE1ZYWFZRHJSelE2a00tYmwwNGJFTHltSXlsRDY0Q3I2b0JBMTU3OW00SFJsUVBuZFVjUERSU2hRVUM0NV9oaUI4TW56VWY2MnVOSFNhU0d5VDBTWTdlQnh4cTJ0Q0k4MGtrLXc?oc=5
1078,3,"“파인엠텍, 3분기 실적 부진 전망…목표가 18.2% 하향”",,이투데이,2024-10-23,2026-05-04 19:46:36.343814+00:00,https://news.google.com/rss/articles/CBMiVEFVX3lxTE5haDBWTVM2ck1hOU9GUl9lZGhxUXp5YWwzLVktZUltUkk4X09pZ3FRZEZiT0xTdTVSYnl3OUxCZ3dhS1QxX183NTRzYVdTRmYxX2JzVA?oc=5
1103,4,메모리 질주에 반도체 소부장 '키맞추기'…올해 100% 급등주 속출,,연합인포맥스,2026-02-27,2026-05-04 19:46:46.926021+00:00,https://news.google.com/rss/articles/CBMicEFVX3lxTE5iM0tzYnZ3eWNYWVNDX0xUc0dCYU1RckI5ckd4b2hXXzRxc2NObEVjUVdWQXpCeHhIR3YtaUNYWmVJQXNKRXhuTk45eXFhdmJjZXZpekVCWkZ6NjZEeEtSeXFfRUdwc3F1Zjc4OURNNDQ?oc=5
1175,4,26만전자·150만닉스 전망…“반도체 투톱만으로 ‘육천피’ 가능”,,서울경제,2026-01-30,2026-05-04 19:46:46.926021+00:00,https://news.google.com/rss/articles/CBMiUkFVX3lxTFB6ejQzRk1XcWhQVWhJUXVqVTZyR001OFJlVFdUMGxtWEZSXzVZTTNwVC1SNWRBU1pSdjZJbWxzUzc3STJyUk8zNmJnZEhNMUNmQ3fSAVNBVV95cUxPYjJIa1lGeVhIMnh3a3JndDZRVFFlN1JGYi1lOWQxMnUzQzJQSlhPal9GeDdnLS1PLUNYVElYeEpBUXNyYTNSZDFXYk1tRnFEWHNlWQ?oc=5
1180,4,주가 축포 삼성전자 3분기 실적 ‘개봉박두’…영업익 10조 돌파 전망,,한겨레,2025-10-13,2026-05-04 19:46:46.926021+00:00,https://news.google.com/rss/articles/CBMickFVX3lxTE9xRHU3VV9UUFNXTnRZOVd3WGVwRGVhQXlDRlpmZ040bk54eGFnb1BVWF92VWtVcEc5bklqRHVhYVFET0d5SHlYbXlCX3BOOWp0QzdRZTdyMHo0a3JzajBjLVdkSEowMUJITV9lLWUtZnBJZw?oc=5
1182,4,삼전·하이닉스 뚝뚝 떨어지는데…'놀라운 전망' 나왔다 [분석+],,한국경제,2026-03-14,2026-05-04 19:46:46.926021+00:00,https://news.google.com/rss/articles/CBMiWkFVX3lxTE1xS3BtZFI1NlJpN3ZWRXl5VTVzckxfYXlJN1ozTTZBUUxQNWJfcS1seTVpelVfNUZPVVZqeVVrbjZXN2dnYUN1Zk4ybXozcm13UHVJYjJLYUdyZ9IBVEFVX3lxTE1hSmJhMlNETkpRenZLaVdjcU9rZmNVWnc5YVVlS2RHaXlQRUlaQ1pPaXhQYkFTRUxEUWpWR1F4WEFMQjVvSXJzTk5NMEZNU3ZWR09SVw?oc=5
1539,1,CJ프레시웨이(051500) 탐방 Comment,"김정욱,황홍진",메리츠증권,2026-04-13,2026-05-04 22:48:11.228582+00:00,https://consensus.hankyung.com/analysis/downpdf?report_idx=648370
1540,1,티엘비(356860) 유상증자 영향 점검,양승수,메리츠증권,2026-04-13,2026-05-04 22:48:11.228582+00:00,https://consensus.hankyung.com/analysis/downpdf?report_idx=648369
1541,1,해성디에스(195870) 다시 열린 밸류에이션 기회,양승수,메리츠증권,2026-04-13,2026-05-04 22:48:11.228582+00:00,https://consensus.hankyung.com/analysis/downpdf?report_idx=648367
1542,1,고려아연(010130) 전무후무 1Q26 실적,"장재혁,김아현",메리츠증권,2026-04-13,2026-05-04 22:48:11.228582+00:00,https://consensus.hankyung.com/analysis/downpdf?report_idx=648366
1543,1,KT&G(033780) 탐방 Comment,"김정욱,황홍진",메리츠증권,2026-04-13,2026-05-04 22:48:11.228582+00:00,https://consensus.hankyung.com/analysis/downpdf?report_idx=648362
1544,1,현대차(005380) 1Q26 Preview: Rough Start,이재일,유진투자증권,2026-04-13,2026-05-04 22:48:11.228582+00:00,https://consensus.hankyung.com/analysis/downpdf?report_idx=648357
1545,1,하이브(352820) 아쉬운 만큼 더 크게,"이현지,고수영",유진투자증권,2026-04-13,2026-05-04 22:48:11.228582+00:00,https://consensus.hankyung.com/analysis/downpdf?report_idx=648350
1546,1,티움바이오(321550) NDR후기: 메리골릭스 유럽 기술 이전 기대감,"권해순,이다빈",유진투자증권,2026-04-13,2026-05-04 22:48:11.228582+00:00,https://consensus.hankyung.com/analysis/downpdf?report_idx=648349
1547,1,HD한국조선해양(009540) HD 조선 사업 글로벌 진출의 중심,이서연,상상인증권,2026-04-13,2026-05-04 22:48:11.228582+00:00,https://consensus.hankyung.com/analysis/downpdf?report_idx=648348
1548,1,한화오션(042660) 근거 있는 자신감,이서연,상상인증권,2026-04-13,2026-05-04 22:48:11.228582+00:00,https://consensus.hankyung.com/analysis/downpdf?report_idx=648347
1549,1,와이지엔터테인먼트(122870) 상저하고가 예상되는 2026,박수영,한화투자증권,2026-04-13,2026-05-04 22:48:11.228582+00:00,https://consensus.hankyung.com/analysis/downpdf?report_idx=648344
1550,1,"에스엠(041510) 1분기 컨센 부합 추정, 연중 안정적인 실적 전망",박수영,한화투자증권,2026-04-13,2026-05-04 22:48:11.228582+00:00,https://consensus.hankyung.com/analysis/downpdf?report_idx=648343
1551,1,BNK금융지주(138930) 자세히 보아야 예쁘다,우도형,유안타증권,2026-04-13,2026-05-04 22:48:11.228582+00:00,https://consensus.hankyung.com/analysis/downpdf?report_idx=648341
1552,1,알멕(354320) The Call of Space,"정지수,박건영",메리츠증권,2026-04-13,2026-05-04 22:48:11.228582+00:00,https://consensus.hankyung.com/analysis/downpdf?report_idx=648338
1553,1,SK텔레콤(017670) 가입자와 함께 마케팅비용도 증가,"정지수,박건영",메리츠증권,2026-04-13,2026-05-04 22:48:11.228582+00:00,https://consensus.hankyung.com/analysis/downpdf?report_idx=648337
1554,1,제일기획(030000) 일회성으로 부진한 1Q26 실적 전망,"정지수,박건영",메리츠증권,2026-04-13,2026-05-04 22:48:11.228582+00:00,https://consensus.hankyung.com/analysis/downpdf?report_idx=648336
1555,1,이노션(214320) 시작된 월드컵 효과,"정지수,박건영",메리츠증권,2026-04-13,2026-05-04 22:48:11.228582+00:00,https://consensus.hankyung.com/analysis/downpdf?report_idx=648335
1556,1,한화오션(042660) 1Q26 Preview 실적보다는 수주를 더 기대하는 시기,배기연,메리츠증권,2026-04-13,2026-05-04 22:48:11.228582+00:00,https://consensus.hankyung.com/analysis/downpdf?report_idx=648334
1557,1,한세실업(105630) 매출 성장률 부진으로 컨센서스 하회 전망,"유정현,홍성원",대신증권,2026-04-13,2026-05-04 22:48:11.228582+00:00,https://consensus.hankyung.com/analysis/downpdf?report_idx=648333
1558,1,영원무역(111770) 글로벌 경기 방어주,"유정현,홍성원",대신증권,2026-04-13,2026-05-04 22:48:11.228582+00:00,https://consensus.hankyung.com/analysis/downpdf?report_idx=648332
1559,1,화승엔터프라이즈(241590) 가동률 하락으로 실적 부진 예상,"유정현,홍성원",대신증권,2026-04-13,2026-05-04 22:48:11.228582+00:00,https://consensus.hankyung.com/analysis/downpdf?report_idx=648331
1560,1,SK텔레콤(017670) 25년은 잊어주세요,김회재,대신증권,2026-04-13,2026-05-04 22:48:11.228582+00:00,https://consensus.hankyung.com/analysis/downpdf?report_idx=648330
1561,1,한국금융지주(071050) 1Q26 Preview: 압도적인 이익 체력,장영임,SK증권,2026-04-13,2026-05-04 22:48:11.228582+00:00,https://consensus.hankyung.com/analysis/downpdf?report_idx=648319
1562,1,키움증권(039490) 1Q26 Preview: 굳건,장영임,SK증권,2026-04-13,2026-05-04 22:48:11.228582+00:00,https://consensus.hankyung.com/analysis/downpdf?report_idx=648318
1563,1,"오이솔루션(138080) FTTH는 실적개선, 데이터센터는 성장성","이상헌,장호",iM증권,2026-04-13,2026-05-04 22:48:11.228582+00:00,https://consensus.hankyung.com/analysis/downpdf?report_idx=648313
1564,1,GST(083450) 반도체 설비투자 확대로 올해 사상 최대 실적 가시화,"이상헌,장호",iM증권,2026-04-13,2026-05-04 22:48:11.228582+00:00,https://consensus.hankyung.com/analysis/downpdf?report_idx=648312
1565,1,HD건설기계(267270) 인프라 투자 확대로 Top-line 성장 가시화,"이상헌,장호",iM증권,2026-04-13,2026-05-04 22:48:11.228582+00:00,https://consensus.hankyung.com/analysis/downpdf?report_idx=648311
1566,1,"LS ELECTRIC(010120) 초고압, 배전 모두 Good. 2026년 U자형 급반등 성장곡선",성종화,LS증권,2026-04-13,2026-05-04 22:48:11.228582+00:00,https://consensus.hankyung.com/analysis/downpdf?report_idx=648309
1567,1,현대건설(000720) 숫자로 증명할 한 해,김세련,LS증권,2026-04-13,2026-05-04 22:48:11.228582+00:00,https://consensus.hankyung.com/analysis/downpdf?report_idx=648308
1568,1,삼성E&A(028050) 플랜트 형님의 귀환,김세련,LS증권,2026-04-13,2026-05-04 22:48:11.228582+00:00,https://consensus.hankyung.com/analysis/downpdf?report_idx=648307
1569,1,와이지엔터테인먼트(122870) 곧 대망의 하반기 온다,"이현지,고수영",유진투자증권,2026-04-13,2026-05-04 22:48:11.228582+00:00,https://consensus.hankyung.com/analysis/downpdf?report_idx=648303
1570,1,에스엠(041510) Both Sides,"이현지,고수영",유진투자증권,2026-04-13,2026-05-04 22:48:11.228582+00:00,https://consensus.hankyung.com/analysis/downpdf?report_idx=648302
1571,1,JYP Ent.(035900) 선배가 닦아 놓은 길만 가자,"이현지,고수영",유진투자증권,2026-04-13,2026-05-04 22:48:11.228582+00:00,https://consensus.hankyung.com/analysis/downpdf?report_idx=648301
1572,1,SK텔레콤(017670) 난 핸들이 고장난 A(nthropic)톤 트럭,이찬영,유진투자증권,2026-04-13,2026-05-04 22:48:11.228582+00:00,https://consensus.hankyung.com/analysis/downpdf?report_idx=648300
1573,1,현대모비스(012330) 1Q26 Preview: AS가 지켜주는 실적,이재일,유진투자증권,2026-04-13,2026-05-04 22:48:11.228582+00:00,https://consensus.hankyung.com/analysis/downpdf?report_idx=648299
1574,1,기아(000270) 1Q26 Preview: 한수 위 판매 경쟁력,이재일,유진투자증권,2026-04-13,2026-05-04 22:48:11.228582+00:00,https://consensus.hankyung.com/analysis/downpdf?report_idx=648298
1575,1,"하이브(352820) 1Q 기대감은 내려놓지만, 다시 사볼만한 구간",박수영,한화투자증권,2026-04-10,2026-05-04 22:48:11.228582+00:00,https://consensus.hankyung.com/analysis/downpdf?report_idx=648295
1576,1,"하이브(352820) 1Q 기대감은 내려놓지만, 다시 사볼만한 구간",박수영,한화투자증권,2026-04-10,2026-05-04 22:48:11.228582+00:00,https://consensus.hankyung.com/analysis/downpdf?report_idx=648294
1577,1,기아(000270) 2026 CEO Investor Day Review,"김성래,김예인",한화투자증권,2026-04-10,2026-05-04 22:48:11.228582+00:00,https://consensus.hankyung.com/analysis/downpdf?report_idx=648293
1578,1,엠앤씨솔루션(484870) 매력적인 밸류에이션 구간 진입,배성조,한화투자증권,2026-04-10,2026-05-04 22:48:11.228582+00:00,https://consensus.hankyung.com/analysis/downpdf?report_idx=648292
1579,1,한미글로벌(053690) 신규원전 사업 첫 진입 성공,"송유림,김예인",한화투자증권,2026-04-10,2026-05-04 22:48:11.228582+00:00,https://consensus.hankyung.com/analysis/downpdf?report_idx=648291
1580,1,한미글로벌(053690) 신규원전 사업 첫 진입 성공,"송유림,김예인",한화투자증권,2026-04-10,2026-05-04 22:48:11.228582+00:00,https://consensus.hankyung.com/analysis/downpdf?report_idx=648290
1581,1,iM금융지주(139130) 2026년 가장 높은 자사주 매입 증가율 예상,우도형,유안타증권,2026-04-10,2026-05-04 22:48:11.228582+00:00,https://consensus.hankyung.com/analysis/downpdf?report_idx=648289
1582,1,삼성전기(009150) 유일무이,양승수,메리츠증권,2026-04-10,2026-05-04 22:48:11.228582+00:00,https://consensus.hankyung.com/analysis/downpdf?report_idx=648283
1583,1,기아(000270) 2026 CID Takeaways,"김준성,배현서",메리츠증권,2026-04-10,2026-05-04 22:48:11.228582+00:00,https://consensus.hankyung.com/analysis/downpdf?report_idx=648282
1584,1,기아(000270) 2026년 CID 리뷰 : 시간이 해결해 줄 것 (+QnA 전체 요약),"김귀연,박서영",대신증권,2026-04-10,2026-05-04 22:48:11.228582+00:00,https://consensus.hankyung.com/analysis/downpdf?report_idx=648281
1585,1,아우토크립트(331740) 자율주행·로봇 시대의 핵심 보안 기업,허선재,SK증권,2026-04-10,2026-05-04 22:48:11.228582+00:00,https://consensus.hankyung.com/analysis/downpdf?report_idx=648279
1586,1,삼아알미늄(006110) 하반기 풀캐파 가동이 예상되는 배터리 소재주,박형우,SK증권,2026-04-10,2026-05-04 22:48:11.228582+00:00,https://consensus.hankyung.com/analysis/downpdf?report_idx=648276
1587,1,F&F(383220) 새로운 게 필요해,형권훈,SK증권,2026-04-10,2026-05-04 22:48:11.228582+00:00,https://consensus.hankyung.com/analysis/downpdf?report_idx=648274
1588,1,기아(000270) 자율주행·SDV 기반 미래 생태계 구축 및 초과성장 전략 공개,윤혁진,SK증권,2026-04-10,2026-05-04 22:48:11.228582+00:00,https://consensus.hankyung.com/analysis/downpdf?report_idx=648273
1589,1,SK텔레콤(017670) 남다른 안정감,최관순,SK증권,2026-04-10,2026-05-04 22:48:11.228582+00:00,https://consensus.hankyung.com/analysis/downpdf?report_idx=648272
1590,1,코스맥스(192820) 열린 마음으로 보자,형권훈,SK증권,2026-04-10,2026-05-04 22:48:11.228582+00:00,https://consensus.hankyung.com/analysis/downpdf?report_idx=648269
1591,1,넷마블(251270) 매수 접근하기 좋은 가격대,남효지,SK증권,2026-04-10,2026-05-04 22:48:11.228582+00:00,https://consensus.hankyung.com/analysis/downpdf?report_idx=648268
1592,1,효성중공업(298040) 765kV 모멘텀 본격화,나민식,SK증권,2026-04-10,2026-05-04 22:48:11.228582+00:00,https://consensus.hankyung.com/analysis/downpdf?report_idx=648267
1593,1,"HK이노엔(195940) 실적은 탄탄, 모멘텀은 팡팡",정재원,iM증권,2026-04-10,2026-05-04 22:48:11.228582+00:00,https://consensus.hankyung.com/analysis/downpdf?report_idx=648262
1594,1,기아(000270) CID 2026 Review: 기다리면 복이 온다,이상수,iM증권,2026-04-10,2026-05-04 22:48:11.228582+00:00,https://consensus.hankyung.com/analysis/downpdf?report_idx=648261
1595,1,GS건설(006360) 나도 원전 해봤다,김세련,LS증권,2026-04-10,2026-05-04 22:48:11.228582+00:00,https://consensus.hankyung.com/analysis/downpdf?report_idx=648259
1596,1,DL이앤씨(375500) 아직도 편안한 밸류에이션,김세련,LS증권,2026-04-10,2026-05-04 22:48:11.228582+00:00,https://consensus.hankyung.com/analysis/downpdf?report_idx=648258
1597,1,효성중공업(298040) 1Q26 YoY 대호조 지속 & 컨센서스 부합 전망,성종화,LS증권,2026-04-10,2026-05-04 22:48:11.228582+00:00,https://consensus.hankyung.com/analysis/downpdf?report_idx=648257
1598,1,"넥스트바이오메디컬(389650) 넥스피어-F, 일본 파트너십 체결",조은애,LS증권,2026-04-10,2026-05-04 22:48:11.228582+00:00,https://consensus.hankyung.com/analysis/downpdf?report_idx=648256
1599,1,기아(000270) CEO Investor Day 후기,이병근,LS증권,2026-04-10,2026-05-04 22:48:11.228582+00:00,https://consensus.hankyung.com/analysis/downpdf?report_idx=648253
1600,1,LG유플러스(032640) 배당주에겐 무난 is Good,이찬영,유진투자증권,2026-04-10,2026-05-04 22:48:11.228582+00:00,https://consensus.hankyung.com/analysis/downpdf?report_idx=648250
1601,1,셀트리온(068270) 밸류에이션 프리미엄 정당화 국면,권해순,유진투자증권,2026-04-10,2026-05-04 22:48:11.228582+00:00,https://consensus.hankyung.com/analysis/downpdf?report_idx=648248
1602,1,GS건설(006360) 올랐어도 또 오른다,"송유림,김예인",한화투자증권,2026-04-09,2026-05-04 22:48:11.228582+00:00,https://consensus.hankyung.com/analysis/downpdf?report_idx=648243
1603,1,LG유플러스(032640) 수익성 중심의 성과 지속,"이승웅,김고은",유안타증권,2026-04-09,2026-05-04 22:48:11.228582+00:00,https://consensus.hankyung.com/analysis/downpdf?report_idx=648241
1604,1,"두산(000150) 실적으로 증명될 구간, 저평가 해소는 시간의 문제",양승수,메리츠증권,2026-04-09,2026-05-04 22:48:11.228582+00:00,https://consensus.hankyung.com/analysis/downpdf?report_idx=648240
1605,1,이수페타시스(007660) 29.5,양승수,메리츠증권,2026-04-09,2026-05-04 22:48:11.228582+00:00,https://consensus.hankyung.com/analysis/downpdf?report_idx=648239
1606,1,카카오(035720) YTD 부진했으나 센티먼트 바닥은 통과,이효진,메리츠증권,2026-04-09,2026-05-04 22:48:11.228582+00:00,https://consensus.hankyung.com/analysis/downpdf?report_idx=648237
1607,1,"제일기획(030000) 시작은 낮게, 엔딩은 높게",김회재,대신증권,2026-04-09,2026-05-04 22:48:11.228582+00:00,https://consensus.hankyung.com/analysis/downpdf?report_idx=648236
1608,1,하이브(352820) 2분기 실적 모멘텀 Trailer,박준형,SK증권,2026-04-09,2026-05-04 22:48:11.228582+00:00,https://consensus.hankyung.com/analysis/downpdf?report_idx=648233
1609,1,카카오(035720) 핵심사업은 순항,남효지,SK증권,2026-04-09,2026-05-04 22:48:11.228582+00:00,https://consensus.hankyung.com/analysis/downpdf?report_idx=648232
1610,1,NAVER(035420) 커머스가 하드캐리,남효지,SK증권,2026-04-09,2026-05-04 22:48:11.228582+00:00,https://consensus.hankyung.com/analysis/downpdf?report_idx=648231
1611,1,솔브레인(357780) 양적 성장의 시작,이동주,SK증권,2026-04-09,2026-05-04 22:48:11.228582+00:00,https://consensus.hankyung.com/analysis/downpdf?report_idx=648230
1612,1,한화(000880) 한화솔루션 유상증자 참여 결정,최관순,SK증권,2026-04-09,2026-05-04 22:48:11.228582+00:00,https://consensus.hankyung.com/analysis/downpdf?report_idx=648229
1613,1,SK텔레콤(017670) 2분기부터 실적 회복 본격화,김태현,IBK투자증권,2026-04-09,2026-05-04 22:48:11.228582+00:00,https://consensus.hankyung.com/analysis/downpdf?report_idx=648224
1614,1,"팬오션(028670) 실적 안정성은 지속, 탱커 자산 확보 긍정적",배세호,iM증권,2026-04-09,2026-05-04 22:48:11.228582+00:00,https://consensus.hankyung.com/analysis/downpdf?report_idx=648222
1615,1,"산일전기(062040) 1Q26 YoY 대호조, 예상치 부합 전망. 과도한 밸류 할인 지속",성종화,LS증권,2026-04-09,2026-05-04 22:48:11.228582+00:00,https://consensus.hankyung.com/analysis/downpdf?report_idx=648221
1616,1,에이피알(278470) 상상 그 이상,조은애,LS증권,2026-04-09,2026-05-04 22:48:11.228582+00:00,https://consensus.hankyung.com/analysis/downpdf?report_idx=648220
1617,1,"LG에너지솔루션(373220) 1분기 잠정 실적 기대치 하회, 회계기준 변경",정경희,LS증권,2026-04-09,2026-05-04 22:48:11.228582+00:00,https://consensus.hankyung.com/analysis/downpdf?report_idx=648219
1618,1,현대모비스(012330) 실적 개선에 더해질 로봇,이병근,LS증권,2026-04-09,2026-05-04 22:48:11.228582+00:00,https://consensus.hankyung.com/analysis/downpdf?report_idx=648218
1619,1,제이앤티씨(204270) 모회사 기술력 기반 신사업 매출 본격화 원년 기대,박종선,유진투자증권,2026-04-09,2026-05-04 22:48:11.228582+00:00,https://consensus.hankyung.com/analysis/downpdf?report_idx=648216
1620,1,"해성디에스(195870) 일시적 부진, 방향성은 그대로",이주형,유진투자증권,2026-04-09,2026-05-04 22:48:11.228582+00:00,https://consensus.hankyung.com/analysis/downpdf?report_idx=648215
1621,1,비츠로셀(082920) 비츠로셀은 웃고 있다,허준서,유진투자증권,2026-04-09,2026-05-04 22:48:11.228582+00:00,https://consensus.hankyung.com/analysis/downpdf?report_idx=648213
1622,1,인바디(041830) 상반기 실적전망 좋다,하태기,상상인증권,2026-04-08,2026-05-04 22:48:11.228582+00:00,https://consensus.hankyung.com/analysis/downpdf?report_idx=648211
1623,1,LG에너지솔루션(373220) 1Q26 잠정실적 코멘트 – EV 부진을 ESS로 빠르게 메우는 중,이용욱,한화투자증권,2026-04-08,2026-05-04 22:48:11.228582+00:00,https://consensus.hankyung.com/analysis/downpdf?report_idx=648208
1624,1,"삼성전자(005930) 심각한 숏티지, 더 강력해지는 이익 체력","박준영,김나우",한화투자증권,2026-04-08,2026-05-04 22:48:11.228582+00:00,https://consensus.hankyung.com/analysis/downpdf?report_idx=648207
1625,1,현대건설(000720) 무소식이 희소식: 이상 無,김도엽,유안타증권,2026-04-08,2026-05-04 22:48:11.228582+00:00,https://consensus.hankyung.com/analysis/downpdf?report_idx=648204
1626,1,"아모레퍼시픽(090430) 국내 견조, 해외 온도차",이승은,유안타증권,2026-04-08,2026-05-04 22:48:11.228582+00:00,https://consensus.hankyung.com/analysis/downpdf?report_idx=648203
1627,1,KT(030200) 주주환원은 흔들리지 않는다,"이승웅,김고은",유안타증권,2026-04-08,2026-05-04 22:48:11.228582+00:00,https://consensus.hankyung.com/analysis/downpdf?report_idx=648200
1628,1,"코리아써키트(007810) 더 좋은 업황, 더 낮은 밸류",양승수,메리츠증권,2026-04-08,2026-05-04 22:48:11.228582+00:00,https://consensus.hankyung.com/analysis/downpdf?report_idx=648199
1629,1,"LG전자(066570) 불가피한 수요 둔화, 리레이팅으로 상쇄 기대",양승수,메리츠증권,2026-04-08,2026-05-04 22:48:11.228582+00:00,https://consensus.hankyung.com/analysis/downpdf?report_idx=648198
1630,1,LG에너지솔루션(373220) 1Q26P 잠정실적 발표,"노우호,황현식",메리츠증권,2026-04-08,2026-05-04 22:48:11.228582+00:00,https://consensus.hankyung.com/analysis/downpdf?report_idx=648197
1631,1,F&F(383220) 서프라이즈 없는 기대 수준의 실적 전망,"유정현,홍성원",대신증권,2026-04-08,2026-05-04 22:48:11.228582+00:00,https://consensus.hankyung.com/analysis/downpdf?report_idx=648195
1632,1,삼성증권(016360) 1Q26 Preview: 걱정 없음,장영임,SK증권,2026-04-08,2026-05-04 22:48:11.228582+00:00,https://consensus.hankyung.com/analysis/downpdf?report_idx=648189
1633,1,삼성전자(005930) 판도가 바뀌었다!,김운호,IBK투자증권,2026-04-08,2026-05-04 22:48:11.228582+00:00,https://consensus.hankyung.com/analysis/downpdf?report_idx=648179
1634,1,LG에너지솔루션(373220) 1Q26 잠정 실적 코멘트,이현욱,IBK투자증권,2026-04-08,2026-05-04 22:48:11.228582+00:00,https://consensus.hankyung.com/analysis/downpdf?report_idx=648178
1635,1,LG에너지솔루션(373220) 1Q26 저점으로 ESS 중심 실적 회복세 전망,정원석,iM증권,2026-04-08,2026-05-04 22:48:11.228582+00:00,https://consensus.hankyung.com/analysis/downpdf?report_idx=648177
1636,1,LG전자(066570) 악재만 반영한 주가,고의영,iM증권,2026-04-08,2026-05-04 22:48:11.228582+00:00,https://consensus.hankyung.com/analysis/downpdf?report_idx=648176
1637,1,하이브(352820) 2분기 실적이 본 게임,황지원,iM증권,2026-04-08,2026-05-04 22:48:11.228582+00:00,https://consensus.hankyung.com/analysis/downpdf?report_idx=648175
1638,1,삼성전자(005930) 주당가치 급증. 단 이란 전쟁은 여전히 중요,송명섭,iM증권,2026-04-08,2026-05-04 22:48:11.228582+00:00,https://consensus.hankyung.com/analysis/downpdf?report_idx=648174
1639,1,"이수화학(005950) Corporate Day 시사점, 단기적으로 (+) 영향 클 듯",정경희,LS증권,2026-04-08,2026-05-04 22:48:11.228582+00:00,https://consensus.hankyung.com/analysis/downpdf?report_idx=648173
1640,1,"이수스페셜티케미컬(457190) Corporate Day 시사점, 아직은 안개 속",정경희,LS증권,2026-04-08,2026-05-04 22:48:11.228582+00:00,https://consensus.hankyung.com/analysis/downpdf?report_idx=648172
1641,1,"대우건설(047040) 다져지는 실적, 더해지는 모멘텀",김세련,LS증권,2026-04-08,2026-05-04 22:48:11.228582+00:00,https://consensus.hankyung.com/analysis/downpdf?report_idx=648171
1642,1,"코츠테크놀로지(448710) 글로벌 진출 성공, 저평가된 방산 핵심부품 수혜주",박종선,유진투자증권,2026-04-08,2026-05-04 22:48:11.228582+00:00,https://consensus.hankyung.com/analysis/downpdf?report_idx=648170
1643,1,대덕전자(353200) 안산의 삼성전자,이주형,유진투자증권,2026-04-08,2026-05-04 22:48:11.228582+00:00,https://consensus.hankyung.com/analysis/downpdf?report_idx=648169
1644,1,LG전자(066570) 시작이 좋다,이주형,유진투자증권,2026-04-08,2026-05-04 22:48:11.228582+00:00,https://consensus.hankyung.com/analysis/downpdf?report_idx=648168
1645,1,LG전자(066570) 시작이 좋다,이주형,유진투자증권,2026-04-08,2026-05-04 22:48:11.228582+00:00,https://consensus.hankyung.com/analysis/downpdf?report_idx=648167
1646,1,"기아(000270) 신차 효과 확인, 증익 흐름으로 전환 시작","김성래,김예인",한화투자증권,2026-04-07,2026-05-04 22:48:11.228582+00:00,https://consensus.hankyung.com/analysis/downpdf?report_idx=648161
1647,1,"현대차(005380) 수익성 기저 구간, 하반기 신차 출시와 로봇/SDV 대응 효과 기대","김성래,김예인",한화투자증권,2026-04-07,2026-05-04 22:48:11.228582+00:00,https://consensus.hankyung.com/analysis/downpdf?report_idx=648159
1648,1,빅텍(065450) [다시봐] 전자전 & 신규 성장동력,"권명준,서석준",유안타증권,2026-04-07,2026-05-04 22:48:11.228582+00:00,https://consensus.hankyung.com/analysis/downpdf?report_idx=648157
1649,1,"셀트리온(068270) 아쉬운 1분기, 기대되는 26년",하현수,유안타증권,2026-04-07,2026-05-04 22:48:11.228582+00:00,https://consensus.hankyung.com/analysis/downpdf?report_idx=648156
1650,1,삼성전자(005930) 1Q26 잠정 실적 – 향후 실적 추정치 상향 예상,"김선우,우서현",메리츠증권,2026-04-07,2026-05-04 22:48:11.228582+00:00,https://consensus.hankyung.com/analysis/downpdf?report_idx=648155
1651,1,"덕산하이메탈(077360) MSB, FC-BGA 따라간다",양승수,메리츠증권,2026-04-07,2026-05-04 22:48:11.228582+00:00,https://consensus.hankyung.com/analysis/downpdf?report_idx=648153
1652,1,삼양바이오팜(0120G0) 콥데이 후기: 차세대 딜리버리 플랫폼에 주목,이선경,SK증권,2026-04-07,2026-05-04 22:48:11.228582+00:00,https://consensus.hankyung.com/analysis/downpdf?report_idx=648149
1653,1,"한국항공우주(047810) 멀리 멀리 날아라, KF-21","한승한,고서영",SK증권,2026-04-07,2026-05-04 22:48:11.228582+00:00,https://consensus.hankyung.com/analysis/downpdf?report_idx=648148
1654,1,한화시스템(272210) 필리 적자 폭 축소 및 방산 수출 확대,"한승한,고서영",SK증권,2026-04-07,2026-05-04 22:48:11.228582+00:00,https://consensus.hankyung.com/analysis/downpdf?report_idx=648147
1655,1,한화에어로스페이스(012450) K-록히드마틴,"한승한,고서영",SK증권,2026-04-07,2026-05-04 22:48:11.228582+00:00,https://consensus.hankyung.com/analysis/downpdf?report_idx=648146
1656,1,"현대로템(064350) 밸류에이션 매력도 충분, 저점 매수 기회","한승한,고서영",SK증권,2026-04-07,2026-05-04 22:48:11.228582+00:00,https://consensus.hankyung.com/analysis/downpdf?report_idx=648145
1657,1,"LIG넥스원(079550) 글로벌 요격미사일 수요 급상승, 하지만 캐파는 제한적","한승한,고서영",SK증권,2026-04-07,2026-05-04 22:48:11.228582+00:00,https://consensus.hankyung.com/analysis/downpdf?report_idx=648142
1658,1,LG이노텍(011070) 시작이 좋다.,김운호,IBK투자증권,2026-04-07,2026-05-04 22:48:11.228582+00:00,https://consensus.hankyung.com/analysis/downpdf?report_idx=648139
1659,1,삼성전기(009150) 확산되는 부품 Shortage,김운호,IBK투자증권,2026-04-07,2026-05-04 22:48:11.228582+00:00,https://consensus.hankyung.com/analysis/downpdf?report_idx=648138
1660,1,효성중공업(298040) 구조적 성장 유효,김태현,IBK투자증권,2026-04-07,2026-05-04 22:48:11.228582+00:00,https://consensus.hankyung.com/analysis/downpdf?report_idx=648137
1661,1,전진건설로봇(079900) 유럽 및 중동 지역 분쟁 이후 인프라 복구 수요 기대,박종선,유진투자증권,2026-04-07,2026-05-04 22:48:11.228582+00:00,https://consensus.hankyung.com/analysis/downpdf?report_idx=648134
1662,1,GS리테일(007070) 1Q26 Preview : 10년 전 일본 편의점이 걸었던 길,이진협,한화투자증권,2026-04-06,2026-05-04 22:48:11.228582+00:00,https://consensus.hankyung.com/analysis/downpdf?report_idx=648130
1663,1,BGF리테일(282330) 1Q26 Preview : 10년 전 일본 편의점이 걸었던 길,이진협,한화투자증권,2026-04-06,2026-05-04 22:48:11.228582+00:00,https://consensus.hankyung.com/analysis/downpdf?report_idx=648128
1664,1,호텔신라(008770) 1Q26 Preview : 소외된 인바운드 관련주의 반격의 시간,이진협,한화투자증권,2026-04-06,2026-05-04 22:48:11.228582+00:00,https://consensus.hankyung.com/analysis/downpdf?report_idx=648127
1665,1,이마트(139480) 1Q26 Preview : 홈플러스 구조조정 > 전쟁 추경,이진협,한화투자증권,2026-04-06,2026-05-04 22:48:11.228582+00:00,https://consensus.hankyung.com/analysis/downpdf?report_idx=648126
1666,1,세아제강(306200) 반등의 시작,권지우,한화투자증권,2026-04-06,2026-05-04 22:48:11.228582+00:00,https://consensus.hankyung.com/analysis/downpdf?report_idx=648125
1667,1,키움증권(039490) 증시 반등 시 가장 큰 수혜,우도형,유안타증권,2026-04-06,2026-05-04 22:48:11.228582+00:00,https://consensus.hankyung.com/analysis/downpdf?report_idx=648121
1668,1,한국금융지주(071050) 실적을 기대하게 만드는 기업,우도형,유안타증권,2026-04-06,2026-05-04 22:48:11.228582+00:00,https://consensus.hankyung.com/analysis/downpdf?report_idx=648120
1669,1,NH투자증권(005940) 안정적인 이익 및 높은 주주환원이 강점,우도형,유안타증권,2026-04-06,2026-05-04 22:48:11.228582+00:00,https://consensus.hankyung.com/analysis/downpdf?report_idx=648119
1670,1,미래에셋증권(006800) 스페이스x 상장까지 걱정 없음,우도형,유안타증권,2026-04-06,2026-05-04 22:48:11.228582+00:00,https://consensus.hankyung.com/analysis/downpdf?report_idx=648118
1671,1,삼성증권(016360) 거래대금 M/S 상승 중,우도형,유안타증권,2026-04-06,2026-05-04 22:48:11.228582+00:00,https://consensus.hankyung.com/analysis/downpdf?report_idx=648117
1672,1,"에프에스티(036810) ArF 펠리클 시장 내 독보적 지배력, EUV로 증명할 시간","백길현,임석민",유안타증권,2026-04-06,2026-05-04 22:48:11.228582+00:00,https://consensus.hankyung.com/analysis/downpdf?report_idx=648115
1673,1,HD한국조선해양(009540) 1Q26 Preview: 무난한 실적. 미래 향한 투자 시작,배기연,메리츠증권,2026-04-06,2026-05-04 22:48:11.228582+00:00,https://consensus.hankyung.com/analysis/downpdf?report_idx=648114
1674,1,HD현대중공업(329180) 1Q26 Preview 호실적 추정. 군함 수주만 나오면 된다,배기연,메리츠증권,2026-04-06,2026-05-04 22:48:11.228582+00:00,https://consensus.hankyung.com/analysis/downpdf?report_idx=648111
1675,1,비에이치(090460) 고객사의 결심,양승수,메리츠증권,2026-04-06,2026-05-04 22:48:11.228582+00:00,https://consensus.hankyung.com/analysis/downpdf?report_idx=648110
1676,1,NAVER(035420) 소프트웨어 부진+늦춰진 모멘텀,이효진,메리츠증권,2026-04-06,2026-05-04 22:48:11.228582+00:00,https://consensus.hankyung.com/analysis/downpdf?report_idx=648103
1677,1,신세계(004170) 자산 효과와 인바운드 소비가 성장의 축,유정현,대신증권,2026-04-06,2026-05-04 22:48:11.228582+00:00,https://consensus.hankyung.com/analysis/downpdf?report_idx=648101
1678,1,신세계(004170) 자산 효과와 인바운드 소비가 성장의 축,유정현,대신증권,2026-04-06,2026-05-04 22:48:11.228582+00:00,https://consensus.hankyung.com/analysis/downpdf?report_idx=648100
1679,1,현대백화점(069960) 부진한 자회사 실적 주가에 기반영 상태,유정현,대신증권,2026-04-06,2026-05-04 22:48:11.228582+00:00,https://consensus.hankyung.com/analysis/downpdf?report_idx=648099
1680,1,롯데쇼핑(023530) 핵심 지역에 핵심 랜드마크 점포,유정현,대신증권,2026-04-06,2026-05-04 22:48:11.228582+00:00,https://consensus.hankyung.com/analysis/downpdf?report_idx=648098
1681,1,LS ELECTRIC(010120) '물 만난 고기',허민호,대신증권,2026-04-06,2026-05-04 22:48:11.228582+00:00,https://consensus.hankyung.com/analysis/downpdf?report_idx=648097
1682,1,SNT에너지(100840) 미국 수주 확대로 밸류에이션 리레이팅 될 듯,"이상헌,장호",iM증권,2026-04-06,2026-05-04 22:48:11.228582+00:00,https://consensus.hankyung.com/analysis/downpdf?report_idx=648085
1683,1,성광벤드(014620) 미국에서 수주가 몰려오고 있다,"이상헌,장호",iM증권,2026-04-06,2026-05-04 22:48:11.228582+00:00,https://consensus.hankyung.com/analysis/downpdf?report_idx=648084
1684,1,LX인터내셔널(001120) 에너지 안보 부각으로 석탄 부활⇒ 최대 수혜,"이상헌,장호",iM증권,2026-04-06,2026-05-04 22:48:11.228582+00:00,https://consensus.hankyung.com/analysis/downpdf?report_idx=648083
1685,1,"심텍(222800) 판가, 재료비 방향이 바뀌었고, SOCAMM은 더 커진다",고의영,iM증권,2026-04-06,2026-05-04 22:48:11.228582+00:00,https://consensus.hankyung.com/analysis/downpdf?report_idx=648082
1686,1,삼성전기(009150) 돈 되는 수주만 골라 받을 수 있는 업황,고의영,iM증권,2026-04-06,2026-05-04 22:48:11.228582+00:00,https://consensus.hankyung.com/analysis/downpdf?report_idx=648080
1687,1,"넥스트바이오메디컬(389650) 넥스피어-F, 순항 중",조은애,LS증권,2026-04-06,2026-05-04 22:48:11.228582+00:00,https://consensus.hankyung.com/analysis/downpdf?report_idx=648078
1688,1,NAVER(035420) 한차례 낮아진 박스권 흐름 전망,"김소혜,김나우",한화투자증권,2026-04-03,2026-05-04 22:48:11.228582+00:00,https://consensus.hankyung.com/analysis/downpdf?report_idx=648065
1689,1,카카오(035720) 대형 파트너십을 통한 서비스 확장 기회 클 것,"김소혜,김나우",한화투자증권,2026-04-03,2026-05-04 22:48:11.228582+00:00,https://consensus.hankyung.com/analysis/downpdf?report_idx=648064
1690,1,JYP Ent.(035900) 1Q26 프리뷰: 견조한 YoY 실적 성장 전망,이환욱,유안타증권,2026-04-03,2026-05-04 22:48:11.228582+00:00,https://consensus.hankyung.com/analysis/downpdf?report_idx=648062
1691,1,세나테크놀로지(061090) 다변화가 시작될 한 해,"권명준,서석준",유안타증권,2026-04-03,2026-05-04 22:48:11.228582+00:00,https://consensus.hankyung.com/analysis/downpdf?report_idx=648061
1692,1,삼성전기(009150) ‘MLCC 임베디드 PCB’의 미래,박형우,SK증권,2026-04-03,2026-05-04 22:48:11.228582+00:00,https://consensus.hankyung.com/analysis/downpdf?report_idx=648050
1693,1,"기아(000270) 실적은 안정적, 성장 모멘텀은 CID부터 시작",윤혁진,SK증권,2026-04-03,2026-05-04 22:48:11.228582+00:00,https://consensus.hankyung.com/analysis/downpdf?report_idx=648048
1694,1,"현대차(005380) 실적은 양호, 성장 모멘텀은 점증 구간 진입",윤혁진,SK증권,2026-04-03,2026-05-04 22:48:11.228582+00:00,https://consensus.hankyung.com/analysis/downpdf?report_idx=648047
1695,1,"아이티센엔텍(010280) AX=아이티센엔텍, 주가 상승 잠재력 가장 크다",나승두,SK증권,2026-04-03,2026-05-04 22:48:11.228582+00:00,https://consensus.hankyung.com/analysis/downpdf?report_idx=648046
1696,1,한올바이오파마(009420) 바토클리맙 임상 3상에서 확인한 시그널,정이수,IBK투자증권,2026-04-03,2026-05-04 22:48:11.228582+00:00,https://consensus.hankyung.com/analysis/downpdf?report_idx=648040
1697,1,삼성전기(009150) 우리도 아직 2회말이에요,이주형,유진투자증권,2026-04-03,2026-05-04 22:48:11.228582+00:00,https://consensus.hankyung.com/analysis/downpdf?report_idx=648031
1698,1,삼성바이오로직스(207940) 1Q26Pre: 안정적인 성장,하헌수,유안타증권,2026-04-02,2026-05-04 22:48:11.228582+00:00,https://consensus.hankyung.com/analysis/downpdf?report_idx=648029
1699,1,SK이노베이션(096770) 호르무즈 봉쇄는 에너지 기업가치를 높인다!,"황규원,서석준",유안타증권,2026-04-02,2026-05-04 22:48:11.228582+00:00,https://consensus.hankyung.com/analysis/downpdf?report_idx=648028
1700,1,"기가비스(420770) FC-BGA, 증설이 여는 2막",양승수,메리츠증권,2026-04-02,2026-05-04 22:48:11.228582+00:00,https://consensus.hankyung.com/analysis/downpdf?report_idx=648026
1701,1,비에이치(090460) [NDR 후기] 기대 이상의 출하량과 재평가 근거 확보,"고의영,박정하",iM증권,2026-04-02,2026-05-04 22:48:11.228582+00:00,https://consensus.hankyung.com/analysis/downpdf?report_idx=648021
1702,1,이지바이오(353810) 이 회사는 그냥 경영을 잘함,허준서,유진투자증권,2026-04-02,2026-05-04 22:48:11.228582+00:00,https://consensus.hankyung.com/analysis/downpdf?report_idx=648018
1703,1,아스테라시스(450950) 수출 부문 이벤트에 대한 기대가 크다,하태기,상상인증권,2026-04-01,2026-05-04 22:48:11.228582+00:00,https://consensus.hankyung.com/analysis/downpdf?report_idx=648017
1704,1,대한항공(003490) 요동치는 매크로 변동성,이서연,상상인증권,2026-04-01,2026-05-04 22:48:11.228582+00:00,https://consensus.hankyung.com/analysis/downpdf?report_idx=648016
1705,1,실리콘투(257720) 유럽 질주 속 중동 변수,이승은,유안타증권,2026-04-01,2026-05-04 22:48:11.228582+00:00,https://consensus.hankyung.com/analysis/downpdf?report_idx=648011
1706,1,"한국콜마(161890) 한국법인은 선전, 변수는 주가",이승은,유안타증권,2026-04-01,2026-05-04 22:48:11.228582+00:00,https://consensus.hankyung.com/analysis/downpdf?report_idx=648010
1707,1,"코스맥스(192820) 외형 성장 재확인, 믹스 영향으로 수익성 둔화",이승은,유안타증권,2026-04-01,2026-05-04 22:48:11.228582+00:00,https://consensus.hankyung.com/analysis/downpdf?report_idx=648009
1708,1,CJ(001040) 올리브영의 가치가 곧 CJ의 가치,"이승웅,김고은",유안타증권,2026-04-01,2026-05-04 22:48:11.228582+00:00,https://consensus.hankyung.com/analysis/downpdf?report_idx=648006
1709,1,"LG(003550) 팔 건 팔고, 돌려줄 건 돌려준다","이승웅,김고은",유안타증권,2026-04-01,2026-05-04 22:48:11.228582+00:00,https://consensus.hankyung.com/analysis/downpdf?report_idx=648005
1710,1,SK스퀘어(402340) 근데 이제 현금배당을 곁들인,"이승웅,김고은",유안타증권,2026-04-01,2026-05-04 22:48:11.228582+00:00,https://consensus.hankyung.com/analysis/downpdf?report_idx=648004
1711,1,SK(034730) 자사주 소각의 모범,"이승웅,김고은",SK증권,2026-04-01,2026-05-04 22:48:11.228582+00:00,https://consensus.hankyung.com/analysis/downpdf?report_idx=648003
1712,1,펄어비스(263750) 4월은 중국이다,이효진,메리츠증권,2026-04-01,2026-05-04 22:48:11.228582+00:00,https://consensus.hankyung.com/analysis/downpdf?report_idx=648001
1713,1,대덕전자(353200) 해소될 수 없는 공급 부족의 중심,양승수,메리츠증권,2026-04-01,2026-05-04 22:48:11.228582+00:00,https://consensus.hankyung.com/analysis/downpdf?report_idx=648000
1714,1,GS리테일(007070) 편의점 기존점 의미 있는 회복 국면 진입,유정현,대신증권,2026-04-01,2026-05-04 22:48:11.228582+00:00,https://consensus.hankyung.com/analysis/downpdf?report_idx=647998
1715,1,SK하이닉스(000660) 현물가격과빅테크Capex 증가율에주목,송명섭,iM증권,2026-04-01,2026-05-04 22:48:11.228582+00:00,https://consensus.hankyung.com/analysis/downpdf?report_idx=647988
1716,1,삼성전자(005930) 스태그플레이션우려Vs 살아있는업황,송명섭,iM증권,2026-04-01,2026-05-04 22:48:11.228582+00:00,https://consensus.hankyung.com/analysis/downpdf?report_idx=647987
1717,1,HD현대중공업(329180) 3조원 교환사채 발행 코멘트,변용진,iM증권,2026-04-01,2026-05-04 22:48:11.228582+00:00,https://consensus.hankyung.com/analysis/downpdf?report_idx=647986
1718,1,LG이노텍(011070) 최근 높아진 기대치마저 상회할 전망,"고의영,박정하",iM증권,2026-04-01,2026-05-04 22:48:11.228582+00:00,https://consensus.hankyung.com/analysis/downpdf?report_idx=647984
1719,1,"한국전력(015760) 중동전쟁 관련 급조정 아쉬우나, 종전 후 본궤도 재진입 전망",성종화,LS증권,2026-04-01,2026-05-04 22:48:11.228582+00:00,https://consensus.hankyung.com/analysis/downpdf?report_idx=647983
1720,1,HS효성첨단소재(298050) 아직은 기다릴 때,정경희,LS증권,2026-04-01,2026-05-04 22:48:11.228582+00:00,https://consensus.hankyung.com/analysis/downpdf?report_idx=647982
1721,1,샘씨엔에스(252990) Probe Card 고성장 수혜,정홍식,LS증권,2026-04-01,2026-05-04 22:48:11.228582+00:00,https://consensus.hankyung.com/analysis/downpdf?report_idx=647981
1722,1,"HEM파마(376270) NDR후기: 높은 관심 확인, 주가의 핵심 변수는 수익화 시점",권해순,유진투자증권,2026-04-01,2026-05-04 22:48:11.228582+00:00,https://consensus.hankyung.com/analysis/downpdf?report_idx=647977
1723,1,LG이노텍(011070) 1Q26 Preview: 우리 패키지가 달라졌어요,이주형,유진투자증권,2026-04-01,2026-05-04 22:48:11.228582+00:00,https://consensus.hankyung.com/analysis/downpdf?report_idx=647974
1724,1,대한조선(439260) 시간차 공격: 2Q26F 신조선가 기록 경신 예상,김용민,유안타증권,2026-03-31,2026-05-04 22:48:11.228582+00:00,https://consensus.hankyung.com/analysis/downpdf?report_idx=647968
1725,1,"종근당(185750) CKD-510, 심방세동 가치 반영",하현수,유안타증권,2026-03-31,2026-05-04 22:48:11.228582+00:00,https://consensus.hankyung.com/analysis/downpdf?report_idx=647966
1726,1,BGF리테일(282330) 편의점 채널도 회복,유정현,대신증권,2026-03-31,2026-05-04 22:48:11.228582+00:00,https://consensus.hankyung.com/analysis/downpdf?report_idx=647962
1727,1,삼성E&A(028050) 1Q26 Preview: 나에겐 삼성전자가 있다,류태환,유진투자증권,2026-03-31,2026-05-04 22:48:11.228582+00:00,https://consensus.hankyung.com/analysis/downpdf?report_idx=647948
1728,1,라온시큐어(042510) ‘에이전틱 AI 보안 자동화 플랫폼’ 성장 전략 추진,박종선,유진투자증권,2026-03-31,2026-05-04 22:48:11.228582+00:00,https://consensus.hankyung.com/analysis/downpdf?report_idx=647945
1729,1,라온시큐어(042510) ‘에이전틱 AI 보안 자동화 플랫폼’ 성장 전략 추진,박종선,유진투자증권,2026-03-31,2026-05-04 22:48:11.228582+00:00,https://consensus.hankyung.com/analysis/downpdf?report_idx=647944
1730,1,코미코(183300) 파운드리 모멘텀,이동주,SK증권,2026-03-30,2026-05-04 22:48:11.228582+00:00,https://consensus.hankyung.com/analysis/downpdf?report_idx=647933
1731,1,"동국제약(086450) 화장품 수출 확대, DDS 관심 높아질 듯",정홍식,LS증권,2026-03-30,2026-05-04 22:48:11.228582+00:00,https://consensus.hankyung.com/analysis/downpdf?report_idx=647928
1732,1,매커스(093520) FPGA 안정적인 성장성,정홍식,LS증권,2026-03-30,2026-05-04 22:48:11.228582+00:00,https://consensus.hankyung.com/analysis/downpdf?report_idx=647927
1733,1,ISC(095340) AI 반도체 수혜 지속과 매출 안정성 강화,송명섭,iM증권,2026-03-30,2026-05-04 22:48:11.228582+00:00,https://consensus.hankyung.com/analysis/downpdf?report_idx=647922
1734,1,HDC(012630) 자사주 소각 기대 및 통영에코파워 실적 개선 가속화,"이상헌, 장호",iM증권,2026-03-30,2026-05-04 22:48:11.228582+00:00,https://consensus.hankyung.com/analysis/downpdf?report_idx=647921
1735,1,KX(122450) 4Q25 Review: 글로벌 레저 사업 확대 가속화,박종선,유진투자증권,2026-03-30,2026-05-04 22:48:11.228582+00:00,https://consensus.hankyung.com/analysis/downpdf?report_idx=647920
1736,1,한미반도체(042700) 놓쳐선 안 될 격변의 시기,"송유림,김예인",한화투자증권,2026-03-30,2026-05-04 22:48:11.228582+00:00,https://consensus.hankyung.com/analysis/downpdf?report_idx=647913
1737,1,성일하이텍(365340) 흑자전환 가능성이 보인다,이현욱,IBK투자증권,2026-03-30,2026-05-04 22:48:11.228582+00:00,https://consensus.hankyung.com/analysis/downpdf?report_idx=647906
1738,1,셀트리온(068270) 미국 공장 셧다운 영향은 1분기에 끝,정이수,IBK투자증권,2026-03-30,2026-05-04 22:48:11.228582+00:00,https://consensus.hankyung.com/analysis/downpdf?report_idx=647904
1739,1,"한화솔루션(009830) 유상증자 Comment: 필요했던 자금조달, 업황 회복 및 기술 확보가 관건",이용욱,한화투자증권,2026-03-27,2026-05-04 22:48:11.228582+00:00,https://consensus.hankyung.com/analysis/downpdf?report_idx=647900
1740,1,한화솔루션(009830) 2020년 이후 2번째 유상증자 결정,"노우호,황현식",메리츠증권,2026-03-27,2026-05-04 22:48:11.228582+00:00,https://consensus.hankyung.com/analysis/downpdf?report_idx=647897
1741,1,대한항공(003490) 1Q26 Preview: 국제선 여객 호조,최지운,유안타증권,2026-03-27,2026-05-04 22:48:11.228582+00:00,https://consensus.hankyung.com/analysis/downpdf?report_idx=647896
1742,1,산일전기(062040) 전방산업이 바뀐다,"나민식,고서영",SK증권,2026-03-27,2026-05-04 22:48:11.228582+00:00,https://consensus.hankyung.com/analysis/downpdf?report_idx=647889
1743,1,"한화솔루션(009830) 한화솔루션, 세 번의 유상증자가 말해주는 것",이동욱,IBK투자증권,2026-03-27,2026-05-04 22:48:11.228582+00:00,https://consensus.hankyung.com/analysis/downpdf?report_idx=647871
1744,1,빙그레(005180) 단기 실적 기대감은 제한적이지만,김태현,IBK투자증권,2026-03-27,2026-05-04 22:48:11.228582+00:00,https://consensus.hankyung.com/analysis/downpdf?report_idx=647870
1745,1,펄어비스(263750) 초기 성과 짚어보기,이효진,메리츠증권,2026-03-26,2026-05-04 22:48:11.228582+00:00,https://consensus.hankyung.com/analysis/downpdf?report_idx=647866
1746,1,SK스퀘어(402340) 시동걸린 주주환원,최관순,SK증권,2026-03-26,2026-05-04 22:48:11.228582+00:00,https://consensus.hankyung.com/analysis/downpdf?report_idx=647861
1747,1,"POSCO홀딩스(005490) 1Q26 Preview: 철강의 아쉬움, 인프라의 견조한 방어",권지우,한화투자증권,2026-03-26,2026-05-04 22:48:11.228582+00:00,https://consensus.hankyung.com/analysis/downpdf?report_idx=647860
1748,1,SGC에너지(005090) 데이터센터 신사업이 여는 성장의 문,나민식,SK증권,2026-03-26,2026-05-04 22:48:11.228582+00:00,https://consensus.hankyung.com/analysis/downpdf?report_idx=647859
1749,1,"한솔케미칼(014680) 2026년 뚜렷한 성장세, 여전히 저평가 국면",정원석,iM증권,2026-03-26,2026-05-04 22:48:11.228582+00:00,https://consensus.hankyung.com/analysis/downpdf?report_idx=647855
1750,1,코메론(049430) 대규모 순현금 + 높은 수익성,정홍식,LS증권,2026-03-26,2026-05-04 22:48:11.228582+00:00,https://consensus.hankyung.com/analysis/downpdf?report_idx=647854
1751,1,엘티씨(170920) [탐방노트] 순풍만범(順風滿帆),"권명준,서석준",유안타증권,2026-03-26,2026-05-04 22:48:11.228582+00:00,https://consensus.hankyung.com/analysis/downpdf?report_idx=647850
1752,1,"LG이노텍(011070) 1Q 서프라이즈, 여기도 기판이 완판",양승수,메리츠증권,2026-03-25,2026-05-04 22:48:11.228582+00:00,https://consensus.hankyung.com/analysis/downpdf?report_idx=647842
1753,1,오이솔루션(138080) ‘광학 플러그 연결 패키지’ 특허 코멘트,"정지수,박건영",메리츠증권,2026-03-25,2026-05-04 22:48:11.228582+00:00,https://consensus.hankyung.com/analysis/downpdf?report_idx=647841
1754,1,이랜텍(054210) 멀티플 리레이팅의 원년,허선재,SK증권,2026-03-25,2026-05-04 22:48:11.228582+00:00,https://consensus.hankyung.com/analysis/downpdf?report_idx=647840
1755,1,"HDC(012630) 나에겐 아직, 자사주 17%가 있다","송유림,김예인",한화투자증권,2026-03-25,2026-05-04 22:48:11.228582+00:00,https://consensus.hankyung.com/analysis/downpdf?report_idx=647829
1756,1,대한유화(006650) 2026년 나프타 프리미엄 복병을 만나다!,"황규원,서석준",유안타증권,2026-03-25,2026-05-04 22:48:11.228582+00:00,https://consensus.hankyung.com/analysis/downpdf?report_idx=647828
1757,1,대성하이텍(129920) [NDR 후기] 양파 같은 사업 확장,"권명준,서석준",유안타증권,2026-03-25,2026-05-04 22:48:11.228582+00:00,https://consensus.hankyung.com/analysis/downpdf?report_idx=647826
1758,1,환인제약(016580) 영업이익 회복 기대감,정홍식,LS증권,2026-03-24,2026-05-04 22:48:11.228582+00:00,https://consensus.hankyung.com/analysis/downpdf?report_idx=647812
1759,1,"하이브(352820) 방탄소년단 활동 초기 구간, 주가 조정은 매수 기회",박준형,SK증권,2026-03-24,2026-05-04 22:48:11.228582+00:00,https://consensus.hankyung.com/analysis/downpdf?report_idx=647810
1760,1,덕산네오룩스(213420) 현대중공업터보기계 기업 가치 재평가 필요,"정원석,박정하",iM증권,2026-03-24,2026-05-04 22:48:11.228582+00:00,https://consensus.hankyung.com/analysis/downpdf?report_idx=647805
1761,1,엘앤씨바이오(290650) 오리지널의 힘은 무시할 수 없다,이채은,유진투자증권,2026-03-24,2026-05-04 22:48:11.228582+00:00,https://consensus.hankyung.com/analysis/downpdf?report_idx=647804
1762,1,하나기술(299030) 콥데이 後記: 대형고객 확보 통한 턴어라운드 기대,박종선,유진투자증권,2026-03-24,2026-05-04 22:48:11.228582+00:00,https://consensus.hankyung.com/analysis/downpdf?report_idx=647803
1763,1,제일기획(030000) 일회성 비용에 따른 컨센서스 하회 전망,"김소혜,김나우",한화투자증권,2026-03-24,2026-05-04 22:48:11.228582+00:00,https://consensus.hankyung.com/analysis/downpdf?report_idx=647798
1764,1,"필옵틱스(161580) [NDR 후기] 천천히, 꾸준히","고의영,박정하",iM증권,2026-03-23,2026-05-04 22:48:11.228582+00:00,https://consensus.hankyung.com/analysis/downpdf?report_idx=647769
1765,1,"포스코인터내셔널(047050) 에너지 전쟁시대, 롱 포지션 기업","이상헌, 장호",iM증권,2026-03-23,2026-05-04 22:48:11.228582+00:00,https://consensus.hankyung.com/analysis/downpdf?report_idx=647768
1766,1,동아쏘시오홀딩스(000640) CMO CAPA 증설 본격화⇒ 중장기 성장 모멘텀,"이상헌, 장호",iM증권,2026-03-23,2026-05-04 22:48:11.228582+00:00,https://consensus.hankyung.com/analysis/downpdf?report_idx=647767
1767,1,헥토파이낸셜(234340) 4Q25 Review: 연간 최대 매출액 및 영업이익 달성,박종선,유진투자증권,2026-03-23,2026-05-04 22:48:11.228582+00:00,https://consensus.hankyung.com/analysis/downpdf?report_idx=647765
1768,1,현대오토에버(307950) Corp. Day 후기: 로봇/SDV가 수익 모델의 구조적 변화를 불러올 것,이재일,유진투자증권,2026-03-23,2026-05-04 22:48:11.228582+00:00,https://consensus.hankyung.com/analysis/downpdf?report_idx=647764
1769,1,DL이앤씨(375500) 나는 상한가를 처음 보았다,"송유림,김예인",한화투자증권,2026-03-23,2026-05-04 22:48:11.228582+00:00,https://consensus.hankyung.com/analysis/downpdf?report_idx=647754
1770,1,"삼양식품(003230) 간담회 후기: 수요보다 공급이 변수, 성장 방향성 유효","한유정,고예진",한화투자증권,2026-03-23,2026-05-04 22:48:11.228582+00:00,https://consensus.hankyung.com/analysis/downpdf?report_idx=647752
1771,1,메가스터디교육(215200) 내신 중요도 상향에 대응,"권명준,서석준",유안타증권,2026-03-23,2026-05-04 22:48:11.228582+00:00,https://consensus.hankyung.com/analysis/downpdf?report_idx=647748
1772,1,가온그룹(078890) 실적과 성장성 동반 부각 기대,"권명준,서석준",유안타증권,2026-03-23,2026-05-04 22:48:11.228582+00:00,https://consensus.hankyung.com/analysis/downpdf?report_idx=647747
1773,1,"HD현대마린솔루션(443060) 증익 지속, 2분기중 KKR의 그늘이 걷힌다면",김용민,유안타증권,2026-03-23,2026-05-04 22:48:11.228582+00:00,https://consensus.hankyung.com/analysis/downpdf?report_idx=647746
1774,1,"포스코인터내셔널(047050) 카타르 공백과 북미 옵션, 포스코인터의 시간",이동욱,IBK투자증권,2026-03-23,2026-05-04 22:48:11.228582+00:00,https://consensus.hankyung.com/analysis/downpdf?report_idx=647743
1775,1,"포스코인터내셔널(047050) 카타르 공백과 북미 옵션, 포스코인터의 시간",이동욱,IBK투자증권,2026-03-23,2026-05-04 22:48:11.228582+00:00,https://consensus.hankyung.com/analysis/downpdf?report_idx=647742
1776,1,HJ중공업(097230) 숫자로 증명,오지훈,IBK투자증권,2026-03-23,2026-05-04 22:48:11.228582+00:00,https://consensus.hankyung.com/analysis/downpdf?report_idx=647739
1777,1,엔씨소프트(036570) 실적은 센티를 이긴다,이창영,유안타증권,2026-03-20,2026-05-04 22:48:11.228582+00:00,https://consensus.hankyung.com/analysis/downpdf?report_idx=647735
1778,1,현대오토에버(307950) GTC 2026 ‘HMG-엔비디아’ 로봇/자율주행 협력의 숨은 수혜자,"김성래,김예인",한화투자증권,2026-03-20,2026-05-04 22:48:11.228582+00:00,https://consensus.hankyung.com/analysis/downpdf?report_idx=647732
1779,1,유비벨록스(089850) 독점적 지위 갖춰가는 사업 한두 개가 아니다,나승두,SK증권,2026-03-20,2026-05-04 22:48:11.228582+00:00,https://consensus.hankyung.com/analysis/downpdf?report_idx=647714
1780,1,"티엘비(356860) 티엘비, 공장투어 후기 (추가 증설 결정)",박형우,SK증권,2026-03-20,2026-05-04 22:48:11.228582+00:00,https://consensus.hankyung.com/analysis/downpdf?report_idx=647712
1781,1,"나이스정보통신(036800) Valuation 저평가, TRS 성장성",정홍식,LS증권,2026-03-20,2026-05-04 22:48:11.228582+00:00,https://consensus.hankyung.com/analysis/downpdf?report_idx=647704
1782,1,대한약품(023910) 안정적인 수액제 생산 & Valuation 저평가,정홍식,LS증권,2026-03-20,2026-05-04 22:48:11.228582+00:00,https://consensus.hankyung.com/analysis/downpdf?report_idx=647703
1783,1,메가스터디교육(215200) 국내 교육기업 대장,정홍식,LS증권,2026-03-20,2026-05-04 22:48:11.228582+00:00,https://consensus.hankyung.com/analysis/downpdf?report_idx=647702
1784,1,아이비김영(339950) 안정적인 성장 흐름 & 저평가,정홍식,LS증권,2026-03-20,2026-05-04 22:48:11.228582+00:00,https://consensus.hankyung.com/analysis/downpdf?report_idx=647701
1785,1,HD현대(267250) HD현대오일뱅크와 로봇,정경희,LS증권,2026-03-20,2026-05-04 22:48:11.228582+00:00,https://consensus.hankyung.com/analysis/downpdf?report_idx=647700
1786,1,"미스토홀딩스(081660) 4Q25 Review : 턴어라운드 본격화 전망되나, K패션은 기다림이 필요",이진협,한화투자증권,2026-03-19,2026-05-04 22:48:11.228582+00:00,https://consensus.hankyung.com/analysis/downpdf?report_idx=647692
1787,1,하이브(352820) 확신의 실적 모멘텀이 시작된다,이환욱,유안타증권,2026-03-19,2026-05-04 22:48:11.228582+00:00,https://consensus.hankyung.com/analysis/downpdf?report_idx=647690
1788,1,JYP Ent.(035900) 육각형 포트폴리오를 향해,이환욱,유안타증권,2026-03-19,2026-05-04 22:48:11.228582+00:00,https://consensus.hankyung.com/analysis/downpdf?report_idx=647689
1789,1,에스엠(041510) P/E 밴드 하단에서 여전히 매력적인 투자처,이환욱,유안타증권,2026-03-19,2026-05-04 22:48:11.228582+00:00,https://consensus.hankyung.com/analysis/downpdf?report_idx=647688
1790,1,와이지엔터테인먼트(122870) 모멘텀 플레이 가능 구간,이환욱,유안타증권,2026-03-19,2026-05-04 22:48:11.228582+00:00,https://consensus.hankyung.com/analysis/downpdf?report_idx=647687
1791,1,CJ(001040) 올리브영이 하드캐리,최관순,SK증권,2026-03-19,2026-05-04 22:48:11.228582+00:00,https://consensus.hankyung.com/analysis/downpdf?report_idx=647677
1792,1,이오테크닉스(039030) NAND 고단화 수혜 예상,송명섭,iM증권,2026-03-19,2026-05-04 22:48:11.228582+00:00,https://consensus.hankyung.com/analysis/downpdf?report_idx=647674
1793,1,대덕전자(353200) 아직도 현저히 저평가 받고 있다,고의영,iM증권,2026-03-19,2026-05-04 22:48:11.228582+00:00,https://consensus.hankyung.com/analysis/downpdf?report_idx=647673
1794,1,"세아제강(306200) 하방은 프로젝트, 상방은 유가",권지우,한화투자증권,2026-03-18,2026-05-04 22:48:11.228582+00:00,https://consensus.hankyung.com/analysis/downpdf?report_idx=647661
1795,1,S-Oil(010950) 사우디 직계 정제설비의 구조적 프리미엄,이동욱,IBK투자증권,2026-03-18,2026-05-04 22:48:11.228582+00:00,https://consensus.hankyung.com/analysis/downpdf?report_idx=647656
1796,1,바이넥스(053030) 상업화 생산 확대를 위한 준비,정이수,IBK투자증권,2026-03-18,2026-05-04 22:48:11.228582+00:00,https://consensus.hankyung.com/analysis/downpdf?report_idx=647652
1797,1,"하이브(352820) 돌아온 BTS, 완전체 HYBE",박준형,SK증권,2026-03-18,2026-05-04 22:48:11.228582+00:00,https://consensus.hankyung.com/analysis/downpdf?report_idx=647649
1798,1,와이지엔터테인먼트(122870) 30년 내공 = 빅뱅 20주년 + 블핑 10주년,박준형,SK증권,2026-03-18,2026-05-04 22:48:11.228582+00:00,https://consensus.hankyung.com/analysis/downpdf?report_idx=647646
1799,1,에스엠(041510) SM on the NEXT LEVEL,박준형,SK증권,2026-03-18,2026-05-04 22:48:11.228582+00:00,https://consensus.hankyung.com/analysis/downpdf?report_idx=647645
1800,1,"JYP Ent.(035900) 전반전 TWICE, 후반전 STRAYKIDS",박준형,SK증권,2026-03-18,2026-05-04 22:48:11.228582+00:00,https://consensus.hankyung.com/analysis/downpdf?report_idx=647644
1801,1,"삼영전자(005680) 순현금이 많은 기업, 신사업 추진",정홍식,LS증권,2026-03-18,2026-05-04 22:48:11.228582+00:00,https://consensus.hankyung.com/analysis/downpdf?report_idx=647638
1802,1,웹케시(053580) 콥데이 後記: 금융 AI Agent 기업으로 도약 중,박종선,유진투자증권,2026-03-18,2026-05-04 22:48:11.228582+00:00,https://consensus.hankyung.com/analysis/downpdf?report_idx=647637
1803,1,오리온(271560) 중국 법인 동월 최대 매출 시현,"한유정,고예진",한화투자증권,2026-03-17,2026-05-04 22:48:11.228582+00:00,https://consensus.hankyung.com/analysis/downpdf?report_idx=647632
1804,1,에프엔에스테크(083500) 수익성 개선 흐름 본격화될 전망,허선재,SK증권,2026-03-17,2026-05-04 22:48:11.228582+00:00,https://consensus.hankyung.com/analysis/downpdf?report_idx=647623
1805,1,"코오롱인더(120110) 실적은 반등, 포트폴리오는 진화",이동욱,iM증권,2026-03-17,2026-05-04 22:48:11.228582+00:00,https://consensus.hankyung.com/analysis/downpdf?report_idx=647619
1806,1,현대위아(011210) Corp. Day 후기: 열관리 매출 증가와 인도 증설,이재일,유진투자증권,2026-03-17,2026-05-04 22:48:11.228582+00:00,https://consensus.hankyung.com/analysis/downpdf?report_idx=647617
1807,1,오스코텍(039200) NDR 후기: 열매가 주렁주렁,"권해순,이다빈",유진투자증권,2026-03-17,2026-05-04 22:48:11.228582+00:00,https://consensus.hankyung.com/analysis/downpdf?report_idx=647616
1808,1,상아프론테크(089980) 글로벌 위성 사업자용 소재사업 호조로 이익 증가,한병화,유진투자증권,2026-03-17,2026-05-04 22:48:11.228582+00:00,https://consensus.hankyung.com/analysis/downpdf?report_idx=647615
1809,1,성일하이텍(365340) 콥데이 後記: 본격적인 실적 턴러어라운드 시작,박종선,유진투자증권,2026-03-17,2026-05-04 22:48:11.228582+00:00,https://consensus.hankyung.com/analysis/downpdf?report_idx=647609
1810,1,현대차(005380) 팰리세이드 리콜 관련 업데이트,김귀연,대신증권,2026-03-16,2026-05-04 22:48:11.228582+00:00,https://consensus.hankyung.com/analysis/downpdf?report_idx=647598
1811,1,롯데정밀화학(004000) 암모니아 가격 상승으로 인한 반사수혜 전망,이동욱,IBK투자증권,2026-03-16,2026-05-04 22:48:11.228582+00:00,https://consensus.hankyung.com/analysis/downpdf?report_idx=647589
1812,1,유니드(014830) 중국 경질 탄산칼륨 재편의 수혜주,이동욱,IBK투자증권,2026-03-16,2026-05-04 22:48:11.228582+00:00,https://consensus.hankyung.com/analysis/downpdf?report_idx=647587
1813,1,HJ중공업(097230) 신호탄,오지훈,IBK투자증권,2026-03-16,2026-05-04 22:48:11.228582+00:00,https://consensus.hankyung.com/analysis/downpdf?report_idx=647583
1814,1,오이솔루션(138080) AI 데이터센터로 체급 올리기,"정지수, 박건영",메리츠증권,2026-03-16,2026-05-04 22:48:11.228582+00:00,https://consensus.hankyung.com/analysis/downpdf?report_idx=647582
1815,1,LS에코에너지(229640) 희토류 탈중국화 밸류체인 한 축을 담당하면서 성장성 부각,"이상헌,장호",iM증권,2026-03-16,2026-05-04 22:48:11.228582+00:00,https://consensus.hankyung.com/analysis/downpdf?report_idx=647570
1816,1,스피어(347700) 스페이스X 발사체 성장은 곧 나의 성장,"이상헌,장호",iM증권,2026-03-16,2026-05-04 22:48:11.228582+00:00,https://consensus.hankyung.com/analysis/downpdf?report_idx=647569
1817,1,"동국제약(086450) 성장성: 화장품, 모멘텀: DDS",정홍식,LS증권,2026-03-16,2026-05-04 22:48:11.228582+00:00,https://consensus.hankyung.com/analysis/downpdf?report_idx=647568
1818,1,옵티코어(380540) K-AAOI의 가능성을 보다,이찬영,유진투자증권,2026-03-16,2026-05-04 22:48:11.228582+00:00,https://consensus.hankyung.com/analysis/downpdf?report_idx=647566
1819,1,신테카바이오(226330) AI 신약개발플랫폼 사업의 본격적인 실적 성장 기대,박종선,유진투자증권,2026-03-16,2026-05-04 22:48:11.228582+00:00,https://consensus.hankyung.com/analysis/downpdf?report_idx=647565
1820,1,서진시스템(178320) 수직계열화의 신이 보여줄 Showtime,허준서,유진투자증권,2026-03-16,2026-05-04 22:48:11.228582+00:00,https://consensus.hankyung.com/analysis/downpdf?report_idx=647564
1821,1,디지털대성(068930) 올해도 N수생 多,"권명준,서석준",유안타증권,2026-03-13,2026-05-04 22:48:11.228582+00:00,https://consensus.hankyung.com/analysis/downpdf?report_idx=647556
1822,1,이녹스첨단소재(272290) [NDR 후기] 다재다능이 장점인 시대,양승수,메리츠증권,2026-03-13,2026-05-04 22:48:11.228582+00:00,https://consensus.hankyung.com/analysis/downpdf?report_idx=647552
1823,1,빅텍(065450) 단순 테마 아닌 구조적 성장 가능성을 확인하다,나승두,SK증권,2026-03-13,2026-05-04 22:48:11.228582+00:00,https://consensus.hankyung.com/analysis/downpdf?report_idx=647550
1824,1,"헥토이노베이션(214180) 사업다변화에 성공, 역대 최대 매출 달성 지속 전망",박종선,유진투자증권,2026-03-13,2026-05-04 22:48:11.228582+00:00,https://consensus.hankyung.com/analysis/downpdf?report_idx=647540
1825,1,농심(004370) 글로벌 확장 비용 부담 지속,"손현정,김고은",유안타증권,2026-03-12,2026-05-04 22:48:11.228582+00:00,https://consensus.hankyung.com/analysis/downpdf?report_idx=647530
1826,1,와이지-원(019210) [다시봐] 아킬레스건이 성장요인으로 탈바꿈,"권명준,서석준",유안타증권,2026-03-12,2026-05-04 22:48:11.228582+00:00,https://consensus.hankyung.com/analysis/downpdf?report_idx=647529
1827,1,"삼성전기(009150) 서버가 바꾼 수급 방정식, P의 시작과 예고된 Q",고선영,유안타증권,2026-03-12,2026-05-04 22:48:11.228582+00:00,https://consensus.hankyung.com/analysis/downpdf?report_idx=647527
1828,1,"대덕전자(353200) 기판 기술 고도화, 국내 Pure-play Top player",고선영,유안타증권,2026-03-12,2026-05-04 22:48:11.228582+00:00,https://consensus.hankyung.com/analysis/downpdf?report_idx=647526
1829,1,파인엠텍(441270) 다가올 폴더블 2막의 유일한 선택지,양승수,메리츠증권,2026-03-12,2026-05-04 22:48:11.228582+00:00,https://consensus.hankyung.com/analysis/downpdf?report_idx=647523
1830,1,농심(004370) 4Q25 Review,김정욱,메리츠증권,2026-03-12,2026-05-04 22:48:11.228582+00:00,https://consensus.hankyung.com/analysis/downpdf?report_idx=647522
1831,1,피엔케이피부임상연구센타(347740) 실적 레버리지 구간 진입과 글로벌 확장 모멘텀 주목,"박선영,정수현",한국IR협의회,2026-03-11,2026-05-04 22:48:11.228582+00:00,https://consensus.hankyung.com/analysis/downpdf?report_idx=647507
1832,1,"한전기술(052690) New History, New Record","송유림,김예인",한화투자증권,2026-03-11,2026-05-04 22:48:11.228582+00:00,https://consensus.hankyung.com/analysis/downpdf?report_idx=647506
1833,1,아이스크림미디어(461300) 2025년 기준 PER 4.3배,"권명준,서석준",유안타증권,2026-03-11,2026-05-04 22:48:11.228582+00:00,https://consensus.hankyung.com/analysis/downpdf?report_idx=647504
1834,1,"삼성전자(005930) 자사주 취득, 처분, 소각 계획 공시",김운호,IBK투자증권,2026-03-11,2026-05-04 22:48:11.228582+00:00,https://consensus.hankyung.com/analysis/downpdf?report_idx=647497
1835,1,녹십자(006280) IBKS Spot Comment,정이수,IBK투자증권,2026-03-11,2026-05-04 22:48:11.228582+00:00,https://consensus.hankyung.com/analysis/downpdf?report_idx=647496
1836,1,아모센스(357580) [NDR 후기]: SOFC 세라믹 기판 공급 개시,허선재,SK증권,2026-03-11,2026-05-04 22:48:11.228582+00:00,https://consensus.hankyung.com/analysis/downpdf?report_idx=647491
1837,1,JYP Ent.(035900) 서구권 팬덤 확대의 나비효과,황지원,iM증권,2026-03-11,2026-05-04 22:48:11.228582+00:00,https://consensus.hankyung.com/analysis/downpdf?report_idx=647483
1838,1,JYP Ent.(035900) 스키즈의 줏대 있는 성장,"이현지,고수영",유진투자증권,2026-03-11,2026-05-04 22:48:11.228582+00:00,https://consensus.hankyung.com/analysis/downpdf?report_idx=647480
1839,1,이엔셀(456070) 세 개의 스위치: CDMO + EN001 + 일본 진출,"김승준,이금민",한국IR협의회,2026-03-10,2026-05-04 22:48:11.228582+00:00,https://consensus.hankyung.com/analysis/downpdf?report_idx=647475
1840,1,티에스아이(277880) 이차전지 전극공정(믹싱) 장비 기업,"김선호, 이희경",한국IR협의회,2026-03-10,2026-05-04 22:48:11.228582+00:00,https://consensus.hankyung.com/analysis/downpdf?report_idx=647474
1841,1,로킷헬스케어(376900) 재생의료 성장 사이클 확인 구간,정이수,IBK투자증권,2026-03-10,2026-05-04 22:48:11.228582+00:00,https://consensus.hankyung.com/analysis/downpdf?report_idx=647451
1842,1,"대주전자재료(078600) 실리콘 음극재 성장, HJT 페이스트 수요처 확장의 시작",유민기,상상인증권,2026-03-09,2026-05-04 22:48:11.228582+00:00,https://consensus.hankyung.com/analysis/downpdf?report_idx=647448
1843,1,STX엔진(077970) K-군함의 심장,배기연,메리츠증권,2026-03-09,2026-05-04 22:48:11.228582+00:00,https://consensus.hankyung.com/analysis/downpdf?report_idx=647424
1844,1,헥토파이낸셜(234340) 스테이블코인 기반 정산 인프라 허브 역할로 성장성 UP,"이상헌, 장호",iM증권,2026-03-09,2026-05-04 22:48:11.228582+00:00,https://consensus.hankyung.com/analysis/downpdf?report_idx=647398
1845,1,"코츠테크놀로지(448710) K2 전차, 천궁-II 등으로 매출 성장 본격화","이상헌, 장호",iM증권,2026-03-09,2026-05-04 22:48:11.228582+00:00,https://consensus.hankyung.com/analysis/downpdf?report_idx=647397
1846,1,"LG씨엔에스(064400) 스테이블코인 및 STO 개화기 시대, 인프라 내가 깐다","이상헌,장호",iM증권,2026-03-09,2026-05-04 22:48:11.228582+00:00,https://consensus.hankyung.com/analysis/downpdf?report_idx=647396
1847,1,덕산네오룩스(213420) 마법 같은 프라이버시 디스플레이의 최대 수혜,"정원석,박정하",iM증권,2026-03-09,2026-05-04 22:48:11.228582+00:00,https://consensus.hankyung.com/analysis/downpdf?report_idx=647395
1848,1,젝시믹스(337930) 다시 시작되는 성장 국면,"채윤석,정수현",한국IR협의회,2026-03-06,2026-05-04 22:48:11.228582+00:00,https://consensus.hankyung.com/analysis/downpdf?report_idx=647388
1849,1,더블유게임즈(192080) 신규 자회사들의 성과가 관건,"김소혜,김나우",한화투자증권,2026-03-06,2026-05-04 22:48:11.228582+00:00,https://consensus.hankyung.com/analysis/downpdf?report_idx=647386
1850,1,"현대제철(004020) 테마는 거들 뿐, 본질은 업황 턴어라운드",권지우,한화투자증권,2026-03-06,2026-05-04 22:48:11.228582+00:00,https://consensus.hankyung.com/analysis/downpdf?report_idx=647383
1851,1,원익QnC(074600) 1Q26 예상 영업이익 247억원,"백길현,임석민",유안타증권,2026-03-06,2026-05-04 22:48:11.228582+00:00,https://consensus.hankyung.com/analysis/downpdf?report_idx=647381
1852,1,아바코(083930) [다시봐] 신규성장동력을 주목!,"권명준,서석준",유안타증권,2026-03-06,2026-05-04 22:48:11.228582+00:00,https://consensus.hankyung.com/analysis/downpdf?report_idx=647379
1853,1,프로텍(053610) 자사주 소각 ⇒ EPS 상승,정홍식,LS증권,2026-03-06,2026-05-04 22:48:11.228582+00:00,https://consensus.hankyung.com/analysis/downpdf?report_idx=647365
1854,1,크레버스(096240) 실적 턴어라운드 기대,"김태현,박규연",한국IR협의회,2026-03-05,2026-05-04 22:48:11.228582+00:00,https://consensus.hankyung.com/analysis/downpdf?report_idx=647359
1855,1,한국가스공사(036460) 배당이 아쉬우니,"송유림,김예림",한화투자증권,2026-03-05,2026-05-04 22:48:11.228582+00:00,https://consensus.hankyung.com/analysis/downpdf?report_idx=647357
1856,1,슈프리마(236200) [NDR 후기] 2026년 성장 요인,"권명준,서석준",유안타증권,2026-03-05,2026-05-04 22:48:11.228582+00:00,https://consensus.hankyung.com/analysis/downpdf?report_idx=647355
1857,1,한섬(020000) 새 옷으로 옷장을 채울 시간,유정현,대신증권,2026-03-05,2026-05-04 22:48:11.228582+00:00,https://consensus.hankyung.com/analysis/downpdf?report_idx=647354
1858,1,하나머티리얼즈(166090) 최대 실적이 다가온다,"류형근,서지원",대신증권,2026-03-05,2026-05-04 22:48:11.228582+00:00,https://consensus.hankyung.com/analysis/downpdf?report_idx=647353
1859,1,엠플러스(259630) 군계일학,나승두,SK증권,2026-03-05,2026-05-04 22:48:11.228582+00:00,https://consensus.hankyung.com/analysis/downpdf?report_idx=647344
1860,1,와이지엔터테인먼트(122870) 빅뱅 20주년 월드투어 동행 확정,황지원,iM증권,2026-03-05,2026-05-04 22:48:11.228582+00:00,https://consensus.hankyung.com/analysis/downpdf?report_idx=647343
1861,1,정상제이엘에스(040420) 배당 메리트가 높은 교육 기업,정홍식,LS증권,2026-03-05,2026-05-04 22:48:11.228582+00:00,https://consensus.hankyung.com/analysis/downpdf?report_idx=647341
1862,1,NICE인프라(063570) 전기차 충전기 수익성 개선,정홍식,LS증권,2026-03-05,2026-05-04 22:48:11.228582+00:00,https://consensus.hankyung.com/analysis/downpdf?report_idx=647340
1863,1,대한조선(439260) 선대 구축과 재편의 수혜가 오버행을 압도,김용민,유안타증권,2026-03-04,2026-05-04 22:48:11.228582+00:00,https://consensus.hankyung.com/analysis/downpdf?report_idx=647335
1864,1,"롯데케미칼(011170) 대산공장 구조조정으로, 2,000억원 절감 기대!","황규원,서석준",유안타증권,2026-03-04,2026-05-04 22:48:11.228582+00:00,https://consensus.hankyung.com/analysis/downpdf?report_idx=647334
1865,1,대한전선(001440) 구조적 전환을 반영하는 주가,"손현정,김고은",유안타증권,2026-03-04,2026-05-04 22:48:11.228582+00:00,https://consensus.hankyung.com/analysis/downpdf?report_idx=647333
1866,1,"일진전기(103590) 증설 효과 본격화, 이익 체질 상향 구간",손현정,유안타증권,2026-03-04,2026-05-04 22:48:11.228582+00:00,https://consensus.hankyung.com/analysis/downpdf?report_idx=647332
1867,1,산일전기(062040) 수급 해소 이후 본격 레벨업,"손현정,김고은",유안타증권,2026-03-04,2026-05-04 22:48:11.228582+00:00,https://consensus.hankyung.com/analysis/downpdf?report_idx=647331
1868,1,HD현대일렉트릭(267260) 고마진이 정당화하는 멀티플,손현정,유안타증권,2026-03-04,2026-05-04 22:48:11.228582+00:00,https://consensus.hankyung.com/analysis/downpdf?report_idx=647330
1869,1,LS ELECTRIC(010120) 밸류에이션 상단을 허물다,손현정,유안타증권,2026-03-04,2026-05-04 22:48:11.228582+00:00,https://consensus.hankyung.com/analysis/downpdf?report_idx=647329
1870,1,효성중공업(298040) 고점을 논하기엔 이른 이유,"손현정,김고은",유안타증권,2026-03-04,2026-05-04 22:48:11.228582+00:00,https://consensus.hankyung.com/analysis/downpdf?report_idx=647328
1871,1,예스티(122640) 2026년 HPA 시장 진출의 원년,"박성순,김혜빈",한국IR협의회,2026-03-04,2026-05-04 22:48:11.228582+00:00,https://consensus.hankyung.com/analysis/downpdf?report_idx=647326
1872,1,인텔리안테크(189300) 뚜렷한 턴어라운드 국면 진입,배성조,한화투자증권,2026-03-04,2026-05-04 22:48:11.228582+00:00,https://consensus.hankyung.com/analysis/downpdf?report_idx=647325
1873,1,와이지엔터테인먼트(122870) 빅뱅 20주년 기념 월드투어 발표!,김유혁,IBK투자증권,2026-03-04,2026-05-04 22:48:11.228582+00:00,https://consensus.hankyung.com/analysis/downpdf?report_idx=647318
1874,1,에이피알(278470) 점점 더 높아지는 가이던스 상회 가시성,조은애,LS증권,2026-03-04,2026-05-04 22:48:11.228582+00:00,https://consensus.hankyung.com/analysis/downpdf?report_idx=647303
1875,1,NICE평가정보(030190) 개인 신용정보의 안정적인 성장성,정홍식,LS증권,2026-03-04,2026-05-04 22:48:11.228582+00:00,https://consensus.hankyung.com/analysis/downpdf?report_idx=647302
1876,1,대한항공(003490) 본업 회복에 더해진 항공우주 기대감,이서연,상상인증권,2026-03-03,2026-05-04 22:48:11.228582+00:00,https://consensus.hankyung.com/analysis/downpdf?report_idx=647301
1877,1,삼양컴텍(484590) K2 수출 다변화와 차세대 무기체계 확장 기대,"이나연,권지승",한국IR협의회,2026-03-03,2026-05-04 22:48:11.228582+00:00,https://consensus.hankyung.com/analysis/downpdf?report_idx=647299
1878,1,"아이에스동서(010780) 랜드마크, 건설! – 개발사업 가치 재평가",김세련,LS증권,2026-03-03,2026-05-04 22:48:11.228582+00:00,https://consensus.hankyung.com/analysis/downpdf?report_idx=647287
1879,1,"한국콜마(161890) 2026년 국내 맑음, 북미 흐림","이승은,김도엽",유안타증권,2026-03-03,2026-05-04 22:48:11.228582+00:00,https://consensus.hankyung.com/analysis/downpdf?report_idx=647280
1880,1,코스맥스(192820) 2026년 두 자릿수 성장 가이던스로 재도약,"이승은,김도엽",유안타증권,2026-03-03,2026-05-04 22:48:11.228582+00:00,https://consensus.hankyung.com/analysis/downpdf?report_idx=647278
1881,1,"엘앤씨바이오(290650) 4Q25 Review: 본업 호조, 순손실은 회계 요인","이승은,김도엽",유안타증권,2026-03-03,2026-05-04 22:48:11.228582+00:00,https://consensus.hankyung.com/analysis/downpdf?report_idx=647276
1882,1,SK스퀘어(402340) 엄마는 우리 아들 믿어,이승웅,유안타증권,2026-03-03,2026-05-04 22:48:11.228582+00:00,https://consensus.hankyung.com/analysis/downpdf?report_idx=647274
1883,1,"현대제철(004020) 현대제철 주가 급등, 시장의 시각을 바꾼 요인은?","장재혁,김아현",메리츠증권,2026-03-03,2026-05-04 22:48:11.228582+00:00,https://consensus.hankyung.com/analysis/downpdf?report_idx=647272
1884,1,SK(034730) 강한 자신감,이승웅,유안타증권,2026-03-03,2026-05-04 22:48:11.228582+00:00,https://consensus.hankyung.com/analysis/downpdf?report_idx=647271
1885,1,"이수페타시스(007660) 추가 증설이 열고, 숫자가 증명하는 성장",양승수,메리츠증권,2026-03-03,2026-05-04 22:48:11.228582+00:00,https://consensus.hankyung.com/analysis/downpdf?report_idx=647267
1886,1,가온그룹(078890) NDR 후기: 강력한 수요에 기반한 호실적,"정지수, 박건영",메리츠증권,2026-03-03,2026-05-04 22:48:11.228582+00:00,https://consensus.hankyung.com/analysis/downpdf?report_idx=647265
1887,1,한샘(009240) 3차 상법 개정 수혜 가능할 듯,"이상헌, 장호",iM증권,2026-03-03,2026-05-04 22:48:11.228582+00:00,https://consensus.hankyung.com/analysis/downpdf?report_idx=647255
1888,1,삼성전기(009150) 새로운 전기를 맞이하다,"고의영,박정하",iM증권,2026-03-03,2026-05-04 22:48:11.228582+00:00,https://consensus.hankyung.com/analysis/downpdf?report_idx=647254
1889,1,SK하이닉스(000660) P/B 3.5배적용가능,리서치센터,iM증권,2026-03-03,2026-05-04 22:48:11.228582+00:00,https://consensus.hankyung.com/analysis/downpdf?report_idx=647253
1890,1,삼성전자(005930) Upside Potential이더큰구간,리서치센터,iM증권,2026-03-03,2026-05-04 22:48:11.228582+00:00,https://consensus.hankyung.com/analysis/downpdf?report_idx=647252
1891,1,"케이지에이(455180) 이차전지 전극공정(코팅, 프레스, 슬리터) 장비 기업","김선호,이희경",한국IR협의회,2026-02-27,2026-05-04 22:48:11.228582+00:00,https://consensus.hankyung.com/analysis/downpdf?report_idx=647239
1892,1,서흥(008490) 하드캡슐 수익성 정상화와 중국향 건강기능식품 수출 성장이 이끄는 본업의 동반 개선,"서진경,이금민",한국IR협의회,2026-02-27,2026-05-04 22:48:11.228582+00:00,https://consensus.hankyung.com/analysis/downpdf?report_idx=647238
1893,1,와이지엔터테인먼트(122870) 단기 주가 상승 모멘텀에 우선 집중,이환욱,유안타증권,2026-02-27,2026-05-04 22:48:11.228582+00:00,https://consensus.hankyung.com/analysis/downpdf?report_idx=647235
1894,1,지투파워(388050) #전력 #태양광 #ESS,"권명준,서석준",유안타증권,2026-02-27,2026-05-04 22:48:11.228582+00:00,https://consensus.hankyung.com/analysis/downpdf?report_idx=647234
1895,1,핑거(163730) 스테이블코인 산업 개화는 기회요인!,"권명준,서석준",유안타증권,2026-02-27,2026-05-04 22:48:11.228582+00:00,https://consensus.hankyung.com/analysis/downpdf?report_idx=647233
1896,1,와이지엔터테인먼트(122870) 투어 호조 속 IP 확장 가속,김민영,메리츠증권,2026-02-27,2026-05-04 22:48:11.228582+00:00,https://consensus.hankyung.com/analysis/downpdf?report_idx=647232
1897,1,KT&G(033780) 보유 자사주 소각과 배당락 관련 Comment,김정욱,메리츠증권,2026-02-27,2026-05-04 22:48:11.228582+00:00,https://consensus.hankyung.com/analysis/downpdf?report_idx=647231
1898,1,"두산(000150) NDR 후기: 독점·증설·환원, 더 큰 그림이 열린다",양승수,메리츠증권,2026-02-27,2026-05-04 22:48:11.228582+00:00,https://consensus.hankyung.com/analysis/downpdf?report_idx=647230
1899,1,한국가스공사(036460) 4Q25 Review: 많은 게 꼬였던 2025년을 뒤로 하고,문경원,메리츠증권,2026-02-27,2026-05-04 22:48:11.228582+00:00,https://consensus.hankyung.com/analysis/downpdf?report_idx=647229
1900,1,"한국전력(015760) 4Q25 Review: 실적과 배당, 둘 다 아쉬웠다",문경원,SK증권,2026-02-27,2026-05-04 22:48:11.228582+00:00,https://consensus.hankyung.com/analysis/downpdf?report_idx=647228
1901,1,에이피알(278470) Keep Going,형권훈,SK증권,2026-02-27,2026-05-04 22:48:11.228582+00:00,https://consensus.hankyung.com/analysis/downpdf?report_idx=647226
1902,1,실리콘투(257720) 일회성 요인보다 중장기적 성장성에 주목,형권훈,SK증권,2026-02-27,2026-05-04 22:48:11.228582+00:00,https://consensus.hankyung.com/analysis/downpdf?report_idx=647225
1903,1,피에스케이홀딩스(031980) 후공정 투자의 최전선,이동주,SK증권,2026-02-27,2026-05-04 22:48:11.228582+00:00,https://consensus.hankyung.com/analysis/downpdf?report_idx=647223
1904,1,한화비전(489790) 올해도 순항 예정,이동주,SK증권,2026-02-27,2026-05-04 22:48:11.228582+00:00,https://consensus.hankyung.com/analysis/downpdf?report_idx=647222
1905,1,영원무역(111770) 글로벌 Top vendor다운 놀라운 실적,유정현,대신증권,2026-02-27,2026-05-04 22:48:11.228582+00:00,https://consensus.hankyung.com/analysis/downpdf?report_idx=647221
1906,1,원익IPS(240810) 국내 장비 대장,이동주,SK증권,2026-02-27,2026-05-04 22:48:11.228582+00:00,https://consensus.hankyung.com/analysis/downpdf?report_idx=647220
1907,1,"한국전력(015760) 아쉬움은 남지만, 해외 원전 사 업 확대에 초점을 맞출 때",허민호,대신증권,2026-02-27,2026-05-04 22:48:11.228582+00:00,https://consensus.hankyung.com/analysis/downpdf?report_idx=647219
1908,1,바텍(043150) 시총보다 이익잉여금이 많은 글로벌 1위,한송협,대신증권,2026-02-27,2026-05-04 22:48:11.228582+00:00,https://consensus.hankyung.com/analysis/downpdf?report_idx=647217
1909,1,SK(034730) 또 한번의 Harvest,최관순,SK증권,2026-02-27,2026-05-04 22:48:11.228582+00:00,https://consensus.hankyung.com/analysis/downpdf?report_idx=647216
1910,1,한국전력(015760) 배당 확대 여지는 확인,김태현,IBK투자증권,2026-02-27,2026-05-04 22:48:11.228582+00:00,https://consensus.hankyung.com/analysis/downpdf?report_idx=647209
1911,1,와이지엔터테인먼트(122870) 올해 활동 계획이 구체화되는 시점에 주목,황지원,iM증권,2026-02-27,2026-05-04 22:48:11.228582+00:00,https://consensus.hankyung.com/analysis/downpdf?report_idx=647206
1912,1,한국전력(015760) 실적 개선 & 배당 증가 방향성 + 원전 잠재력 → 가치 상승 잠재력,성종화,LS증권,2026-02-27,2026-05-04 22:48:11.228582+00:00,https://consensus.hankyung.com/analysis/downpdf?report_idx=647202
1913,1,한국가스공사(036460) 투자포인트는 결국 민수용 요금 인상 여부로 귀결,성종화,LS증권,2026-02-27,2026-05-04 22:48:11.228582+00:00,https://consensus.hankyung.com/analysis/downpdf?report_idx=647201
1914,1,"서울보증보험(031210) 25년 이익증가율 25%, 주주환원율 76%",전배승,LS증권,2026-02-27,2026-05-04 22:48:11.228582+00:00,https://consensus.hankyung.com/analysis/downpdf?report_idx=647200
1915,1,한국전력(015760) Top Pick으로 지속 추천!,황성현,유진투자증권,2026-02-27,2026-05-04 22:48:11.228582+00:00,https://consensus.hankyung.com/analysis/downpdf?report_idx=647198
1916,1,와이지엔터테인먼트(122870) 예상한 대로,"이현지,고수영",유진투자증권,2026-02-27,2026-05-04 22:48:11.228582+00:00,https://consensus.hankyung.com/analysis/downpdf?report_idx=647197
1917,1,AJ네트웍스(095570) 4Q25P Review: 삼성전자 투자 수혜,박종선,유진투자증권,2026-02-27,2026-05-04 22:48:11.228582+00:00,https://consensus.hankyung.com/analysis/downpdf?report_idx=647196
1918,1,인터로조(119610) 본격적인 턴어라운드로 26년 사상 최대 실적 전망,"조영환,박규연",한국IR협의회,2026-02-26,2026-05-04 22:48:11.228582+00:00,https://consensus.hankyung.com/analysis/downpdf?report_idx=647194
1919,1,오리온(271560) 좋은 출발,"한유정,고예진",한화투자증권,2026-02-26,2026-05-04 22:48:11.228582+00:00,https://consensus.hankyung.com/analysis/downpdf?report_idx=647191
1920,1,기아(000270) 역사적 신고가 경신은 새로운 시작을 의미,"김성래,김예인",한화투자증권,2026-02-26,2026-05-04 22:48:11.228582+00:00,https://consensus.hankyung.com/analysis/downpdf?report_idx=647190
1921,1,"아이에스동서(010780) 중산 펜타힐즈W, 직접 보니 믿음이 생겼다",문경원,메리츠증권,2026-02-26,2026-05-04 22:48:11.228582+00:00,https://consensus.hankyung.com/analysis/downpdf?report_idx=647189
1922,1,"원익IPS(240810) 전례 없는 업사이클, 밸류에이션 확장 예상",김동관,메리츠증권,2026-02-26,2026-05-04 22:48:11.228582+00:00,https://consensus.hankyung.com/analysis/downpdf?report_idx=647187
1923,1,한국콜마(161890) 별도법인 매출 성장세 견조,형권훈,SK증권,2026-02-26,2026-05-04 22:48:11.228582+00:00,https://consensus.hankyung.com/analysis/downpdf?report_idx=647185
1924,1,"코세스(089890) SOFC 증설 사이클 초입, 실적 레벨업 시작",허선재,SK증권,2026-02-26,2026-05-04 22:48:11.228582+00:00,https://consensus.hankyung.com/analysis/downpdf?report_idx=647183
1925,1,파트론(091700) 고객사 출하 전략의 수혜,고의영,iM증권,2026-02-26,2026-05-04 22:48:11.228582+00:00,https://consensus.hankyung.com/analysis/downpdf?report_idx=647181
1926,1,LX세미콘(108320) 2026년 실적 성장성 제한적,정원석,iM증권,2026-02-26,2026-05-04 22:48:11.228582+00:00,https://consensus.hankyung.com/analysis/downpdf?report_idx=647179
1927,1,한국콜마(161890) 4Q25 Review: 국내 위주 성장 전망,오린아,LS증권,2026-02-26,2026-05-04 22:48:11.228582+00:00,https://consensus.hankyung.com/analysis/downpdf?report_idx=647178
1928,1,LG화학(051910) 봄봄봄,정경희,LS증권,2026-02-26,2026-05-04 22:48:11.228582+00:00,https://consensus.hankyung.com/analysis/downpdf?report_idx=647177
1929,1,"롯데케미칼(011170) 대산 구조조정, 단기 영업손익 수치 개선될 듯",정경희,LS증권,2026-02-26,2026-05-04 22:48:11.228582+00:00,https://consensus.hankyung.com/analysis/downpdf?report_idx=647176
1930,1,티앤엘(340570) 바닥에서 고객사 리스탁킹과 신규 국가 진출 기다리는 중,조은애,LS증권,2026-02-26,2026-05-04 22:48:11.228582+00:00,https://consensus.hankyung.com/analysis/downpdf?report_idx=647175
1931,1,신흥에스이씨(243840) 미국 공장 가동으로 실적 개선 기대,한병화,유진투자증권,2026-02-26,2026-05-04 22:48:11.228582+00:00,https://consensus.hankyung.com/analysis/downpdf?report_idx=647174
1932,1,"동운아나텍(094170) 4Q25P Review: 본업 실적 성장 속에, 상반기에 의료기기 임상 진행 예정",박종선,유진투자증권,2026-02-26,2026-05-04 22:48:11.228582+00:00,https://consensus.hankyung.com/analysis/downpdf?report_idx=647172
1933,1,오리온(271560) 출발이 좋다,김태현,IBK투자증권,2026-02-26,2026-05-04 22:48:11.228582+00:00,https://consensus.hankyung.com/analysis/downpdf?report_idx=647167
1934,1,티움바이오(321550) 임상 데이터가 만든 기업가치 변곡점,"김승준,이금민",한국IR협의회,2026-02-25,2026-05-04 22:48:11.228582+00:00,https://consensus.hankyung.com/analysis/downpdf?report_idx=647162
1935,1,예스티(122640) 달라질 2026년,"권명준,서석준",유안타증권,2026-02-25,2026-05-04 22:48:11.228582+00:00,https://consensus.hankyung.com/analysis/downpdf?report_idx=647159
1936,1,폰드그룹(472850) 26년에도 멈추지 않을 실적개선,"권명준,서석준",유안타증권,2026-02-25,2026-05-04 22:48:11.228582+00:00,https://consensus.hankyung.com/analysis/downpdf?report_idx=647158
1937,1,"티엘비(356860) 구조적 고마진, 다시 증명",양승수,메리츠증권,2026-02-25,2026-05-04 22:48:11.228582+00:00,https://consensus.hankyung.com/analysis/downpdf?report_idx=647157
1938,1,ISC(095340) HBM 실장 테스터 개발 Comment,김동관,메리츠증권,2026-02-25,2026-05-04 22:48:11.228582+00:00,https://consensus.hankyung.com/analysis/downpdf?report_idx=647156
1939,1,브이엠(089970) 수주가 넘치죠,이동주,SK증권,2026-02-25,2026-05-04 22:48:11.228582+00:00,https://consensus.hankyung.com/analysis/downpdf?report_idx=647152
1940,1,한국카본(017960) 수주&실적&모멘텀 3박자가 완벽,한승한,SK증권,2026-02-25,2026-05-04 22:48:11.228582+00:00,https://consensus.hankyung.com/analysis/downpdf?report_idx=647149
1941,1,티에스이(131290) DRAM Probe Card 공급 본격화,정홍식,LS증권,2026-02-25,2026-05-04 22:48:11.228582+00:00,https://consensus.hankyung.com/analysis/downpdf?report_idx=647148
1942,1,심텍(222800) 2Q26 수익성 개선 기울기에 주목,고의영,iM증권,2026-02-25,2026-05-04 22:48:11.228582+00:00,https://consensus.hankyung.com/analysis/downpdf?report_idx=647147
1943,1,삼성E&A(028050) 유가의 함수에서 벗어나다,류태환,유진투자증권,2026-02-25,2026-05-04 22:48:11.228582+00:00,https://consensus.hankyung.com/analysis/downpdf?report_idx=647146
1944,1,한글과컴퓨터(030520) 4Q25P Review: ‘AI Agent’ 시장 확대 및 ‘AI 오케스트레이션’...,박종선,유진투자증권,2026-02-25,2026-05-04 22:48:11.228582+00:00,https://consensus.hankyung.com/analysis/downpdf?report_idx=647145
1945,1,한컴라이프케어(372910) 4Q25P Review: 방산 사업 정상화 기대,박종선,유진투자증권,2026-02-25,2026-05-04 22:48:11.228582+00:00,https://consensus.hankyung.com/analysis/downpdf?report_idx=647144
1946,1,SK스퀘어(402340) 하나만 낳아 잘 키우자,김회재,대신증권,2026-02-25,2026-05-04 22:48:11.228582+00:00,https://consensus.hankyung.com/analysis/downpdf?report_idx=647142
1947,1,선익시스템(171090) 4Q25 Review: 신사업 기반 멀티플 확대 국면 진입,강민구,IBK투자증권,2026-02-25,2026-05-04 22:48:11.228582+00:00,https://consensus.hankyung.com/analysis/downpdf?report_idx=647137
1948,1,"코디(080530) 색조 확장 사이클, 인디 브랜드 성장과 함께 실적 개선 본격화","서진경,이금민",한국IR협의회,2026-02-24,2026-05-04 22:48:11.228582+00:00,https://consensus.hankyung.com/analysis/downpdf?report_idx=647133
1949,1,대성하이텍(129920) [다시봐] 작지만 강한 기업,"권명준,서석준",유안타증권,2026-02-24,2026-05-04 22:48:11.228582+00:00,https://consensus.hankyung.com/analysis/downpdf?report_idx=647129
1950,1,현대해상(001450) 변화를 지켜볼 시기,"조아해,공건희",메리츠증권,2026-02-24,2026-05-04 22:48:11.228582+00:00,https://consensus.hankyung.com/analysis/downpdf?report_idx=647128
1951,1,한화생명(088350) 보험손익의 개선세 시현,"조야해,공건희",메리츠증권,2026-02-24,2026-05-04 22:48:11.228582+00:00,https://consensus.hankyung.com/analysis/downpdf?report_idx=647127
1952,1,SK오션플랜트(100090) 4Q25 Review: 단기적 매출 감소 구간,문경원,메리츠증권,2026-02-24,2026-05-04 22:48:11.228582+00:00,https://consensus.hankyung.com/analysis/downpdf?report_idx=647125
1953,1,네오티스(085910) 해소되기 어려운 구조적 공급 부족의 중심,양승수,메리츠증권,2026-02-24,2026-05-04 22:48:11.228582+00:00,https://consensus.hankyung.com/analysis/downpdf?report_idx=647124
1954,1,현대해상(001450) 회복의 단초,전배승,LS증권,2026-02-24,2026-05-04 22:48:11.228582+00:00,https://consensus.hankyung.com/analysis/downpdf?report_idx=647121
1955,1,한화생명(088350) 보험손익 개선,전배승,LS증권,2026-02-24,2026-05-04 22:48:11.228582+00:00,https://consensus.hankyung.com/analysis/downpdf?report_idx=647120
1956,1,SK하이닉스(000660) 시급한 재평가,한동희,SK증권,2026-02-24,2026-05-04 22:48:11.228582+00:00,https://consensus.hankyung.com/analysis/downpdf?report_idx=647118
1957,1,삼성전자(005930) 재평가가 필요하다,한동희,SK증권,2026-02-24,2026-05-04 22:48:11.228582+00:00,https://consensus.hankyung.com/analysis/downpdf?report_idx=647117
1958,1,"코스맥스(192820) 수익성 아쉽지만, 올해에 대한 자신감은 긍정적",형권훈,SK증권,2026-02-24,2026-05-04 22:48:11.228582+00:00,https://consensus.hankyung.com/analysis/downpdf?report_idx=647115
1959,1,대한항공(003490) 방산 경쟁력 증대와 합병 시너지로 주가 상승 기대,배세호,iM증권,2026-02-24,2026-05-04 22:48:11.228582+00:00,https://consensus.hankyung.com/analysis/downpdf?report_idx=647112
1960,1,제주항공(089590) 완연한 실적 턴어라운드,배세호,iM증권,2026-02-24,2026-05-04 22:48:11.228582+00:00,https://consensus.hankyung.com/analysis/downpdf?report_idx=647111
1961,1,현대해상(001450) 좋아질 일만 남았다,"박혜진,권용수",대신증권,2026-02-24,2026-05-04 22:48:11.228582+00:00,https://consensus.hankyung.com/analysis/downpdf?report_idx=647110
1962,1,클래시스(214150) 숫자는 거짓말을 하지 않는다,한송협,대신증권,2026-02-24,2026-05-04 22:48:11.228582+00:00,https://consensus.hankyung.com/analysis/downpdf?report_idx=647109
1963,1,지니언스(263860) 4Q25P Review: 지난해 투자 효과 기대,박종선,유진투자증권,2026-02-24,2026-05-04 22:48:11.228582+00:00,https://consensus.hankyung.com/analysis/downpdf?report_idx=647108
1964,1,SK오션플랜트(100090) 조선 부문 수주 본격 확대 예상,한병화,유진투자증권,2026-02-24,2026-05-04 22:48:11.228582+00:00,https://consensus.hankyung.com/analysis/downpdf?report_idx=647106
1965,1,"GST(083450) 장비, 고객 다변화 지속","박성순,김혜빈",한국IR협의회,2026-02-23,2026-05-04 22:48:11.228582+00:00,https://consensus.hankyung.com/analysis/downpdf?report_idx=647094
1966,1,삼성생명(032830) 신뢰의 문제,김도하,한화투자증권,2026-02-23,2026-05-04 22:48:11.228582+00:00,https://consensus.hankyung.com/analysis/downpdf?report_idx=647090
1967,1,"LIG넥스원(079550) [4Q25 Review] 고스트로보틱스, 우려가 기대로",배성조,한화투자증권,2026-02-23,2026-05-04 22:48:11.228582+00:00,https://consensus.hankyung.com/analysis/downpdf?report_idx=647089
1968,1,에스엘(005850) 4Q25 호실적으로 ’26년 방향성 입증,"김성래,김예인",한화투자증권,2026-02-23,2026-05-04 22:48:11.228582+00:00,https://consensus.hankyung.com/analysis/downpdf?report_idx=647087
1969,1,코스메카코리아(241710) K-ODM의 날개를 달다,"이승은,김도엽",유안타증권,2026-02-23,2026-05-04 22:48:11.228582+00:00,https://consensus.hankyung.com/analysis/downpdf?report_idx=647085
1970,1,현대이지웰(090850) 기업도 직원도 모두 좋은 선택적 복지,"권명준,서석준",유안타증권,2026-02-23,2026-05-04 22:48:11.228582+00:00,https://consensus.hankyung.com/analysis/downpdf?report_idx=647084
1971,1,하나마이크론(067310) 메모리 호황 속 돋보이는 성장세,김동관,메리츠증권,2026-02-23,2026-05-04 22:48:11.228582+00:00,https://consensus.hankyung.com/analysis/downpdf?report_idx=647080
1972,1,타이거일렉(219130) 장인정신으로 한 층씩 쌓아 올린 경쟁력,양승수,메리츠증권,2026-02-23,2026-05-04 22:48:11.228582+00:00,https://consensus.hankyung.com/analysis/downpdf?report_idx=647077
1973,1,솔루엠(248070) [NDR 후기] 바닥 친 기대감,고의영,iM증권,2026-02-23,2026-05-04 22:48:11.228582+00:00,https://consensus.hankyung.com/analysis/downpdf?report_idx=647064
1974,1,삼화콘덴서(001820) 가격 인상 기대 및 DC-Link 매출 성장 본격화,"이상헌, 장호",iM증권,2026-02-23,2026-05-04 22:48:11.228582+00:00,https://consensus.hankyung.com/analysis/downpdf?report_idx=647062
1975,1,HL홀딩스(060980) 로봇 회사로 변화 중,이병근,LS증권,2026-02-23,2026-05-04 22:48:11.228582+00:00,https://consensus.hankyung.com/analysis/downpdf?report_idx=647061
1976,1,삼성화재(000810) 수익성 관리기조 강화,전배승,LS증권,2026-02-23,2026-05-04 22:48:11.228582+00:00,https://consensus.hankyung.com/analysis/downpdf?report_idx=647060
1977,1,삼성생명(032830) 점진적 주주환원 확대,전배승,LS증권,2026-02-23,2026-05-04 22:48:11.228582+00:00,https://consensus.hankyung.com/analysis/downpdf?report_idx=647059
1978,1,DB손해보험(005830) 견조한 보험손익 기반 재확인. 주주환원 확대 긍정적,전배승,LS증권,2026-02-23,2026-05-04 22:48:11.228582+00:00,https://consensus.hankyung.com/analysis/downpdf?report_idx=647058
1979,1,"삼성SDI(006400) 디스플레이 활용 긍정적, 단 밸류에이션 수준 유의",정경희,LS증권,2026-02-23,2026-05-04 22:48:11.228582+00:00,https://consensus.hankyung.com/analysis/downpdf?report_idx=647057
1980,1,쿠콘(294570) 4Q25P Review: 수익성 개선 지속 긍정적,박종선,유진투자증권,2026-02-23,2026-05-04 22:48:11.228582+00:00,https://consensus.hankyung.com/analysis/downpdf?report_idx=647055
1981,1,레이언스(228850) 4Q25P Review: 9분기 만에 매출 성장,박종선,유진투자증권,2026-02-23,2026-05-04 22:48:11.228582+00:00,https://consensus.hankyung.com/analysis/downpdf?report_idx=647054
1982,1,삼성물산(028260) 에너지 사업 확대 긍정적,한병화,유진투자증권,2026-02-23,2026-05-04 22:48:11.228582+00:00,https://consensus.hankyung.com/analysis/downpdf?report_idx=647053
1983,1,"삼성화재(000810) 주주가치 제고, 바랍니다.","박해진,권용수",대신증권,2026-02-23,2026-05-04 22:48:11.228582+00:00,https://consensus.hankyung.com/analysis/downpdf?report_idx=647049
1984,1,성호전자(043260) 다가오는 CPO 시대의 주인공,양승수,메리츠증권,2026-02-20,2026-05-04 22:48:11.228582+00:00,https://consensus.hankyung.com/analysis/downpdf?report_idx=647041
1985,1,"비츠로셀(082920) 고마진 포트폴리오 전환, 영업이익률 30% 시대 진입","이나연,권지승",한국IR협의회,2026-02-20,2026-05-04 22:48:11.228582+00:00,https://consensus.hankyung.com/analysis/downpdf?report_idx=647039
1986,1,일진전기(103590) 26년 = Q-growth,나민식,SK증권,2026-02-20,2026-05-04 22:48:11.228582+00:00,https://consensus.hankyung.com/analysis/downpdf?report_idx=647032
1987,1,LS ELECTRIC(010120) 대미투자 수혜까지 기대된다,나민식,SK증권,2026-02-20,2026-05-04 22:48:11.228582+00:00,https://consensus.hankyung.com/analysis/downpdf?report_idx=647031
1988,1,효성중공업(298040) 765kV 변압기 수혜전망,나민식,SK증권,2026-02-20,2026-05-04 22:48:11.228582+00:00,https://consensus.hankyung.com/analysis/downpdf?report_idx=647030
1989,1,HD현대일렉트릭(267260) 26년은 수익성 개선이 기대되는 한 해,나민식,SK증권,2026-02-20,2026-05-04 22:48:11.228582+00:00,https://consensus.hankyung.com/analysis/downpdf?report_idx=647029
1990,1,삼일제약(000520) 실적 정상화와 구조적 재평가 국면,허선재,SK증권,2026-02-20,2026-05-04 22:48:11.228582+00:00,https://consensus.hankyung.com/analysis/downpdf?report_idx=647027
1991,1,휴메딕스(200670) 스킨부스터 매출 성장과 수익성 개선 기대,조은애,LS증권,2026-02-20,2026-05-04 22:48:11.228582+00:00,https://consensus.hankyung.com/analysis/downpdf?report_idx=647021
1992,1,한화솔루션(009830) FEOC 세부안 발표: 비중국산 프리미엄 근거 확보,"전유진,장호",iM증권,2026-02-20,2026-05-04 22:48:11.228582+00:00,https://consensus.hankyung.com/analysis/downpdf?report_idx=647016
1993,1,바텍(043150) 4Q25P Review: 수출 회복 지속 긍정적,박종선박,유진투자증권,2026-02-20,2026-05-04 22:48:11.228582+00:00,https://consensus.hankyung.com/analysis/downpdf?report_idx=647014
1994,1,오킨스전자(080580) 반도체 테스트 시장의 올라운더,"김혜빈,박성순",한국IR협의회,2026-02-19,2026-05-04 22:48:11.228582+00:00,https://consensus.hankyung.com/analysis/downpdf?report_idx=647011
1995,1,"HD건설기계(267270) [NDR 후기] 통합 법인 출범, 구조적 성장 본격화",배성조,한화투자증권,2026-02-19,2026-05-04 22:48:11.228582+00:00,https://consensus.hankyung.com/analysis/downpdf?report_idx=647009
1996,1,현대차(005380) 자율주행 모멘텀도 가시화(feat. Waymo & Motional),"김성래,김예인",한화투자증권,2026-02-19,2026-05-04 22:48:11.228582+00:00,https://consensus.hankyung.com/analysis/downpdf?report_idx=647007
1997,1,"한스바이오메드(042520) 4Q25 Review: 턴어라운드, 성장은 이제 시작","이승은,김도엽",유안타증권,2026-02-19,2026-05-04 22:48:11.228582+00:00,https://consensus.hankyung.com/analysis/downpdf?report_idx=647006
1998,1,LIG넥스원(079550) 4Q25 Review: 좀 더 멀리보자,백종민,유안타증권,2026-02-19,2026-05-04 22:48:11.228582+00:00,https://consensus.hankyung.com/analysis/downpdf?report_idx=647005
1999,1,"삼성전기(009150) Murata, AI 용 MLCC 가격 인상 가능성 시사 코멘트",양승수,메리츠증권,2026-02-19,2026-05-04 22:48:11.228582+00:00,https://consensus.hankyung.com/analysis/downpdf?report_idx=646998
2000,1,클래시스(214150) 숫자는 거짓말을 하지 않는다,한송협,대신증권,2026-02-19,2026-05-04 22:48:11.228582+00:00,https://consensus.hankyung.com/analysis/downpdf?report_idx=646997
2001,1,팬오션(028670) [NDR 후기] 5툴 플레이어,이재혁,LS증권,2026-02-19,2026-05-04 22:48:11.228582+00:00,https://consensus.hankyung.com/analysis/downpdf?report_idx=646985
2002,1,NH투자증권(005940) 긍정적 이익전망과 배당 분리과세 수혜,전배승,LS증권,2026-02-19,2026-05-04 22:48:11.228582+00:00,https://consensus.hankyung.com/analysis/downpdf?report_idx=646984
2003,1,클래시스(214150) 더 높아지는 이익 성장의 가시성,조은애,LS증권,2026-02-19,2026-05-04 22:48:11.228582+00:00,https://consensus.hankyung.com/analysis/downpdf?report_idx=646983
2004,1,두산에너빌리티(034020) 美 원전 수주 등 사상 최대 수주 행진 이어진다⇒밸류 UP,"이상헌, 장호",iM증권,2026-02-19,2026-05-04 22:48:11.228582+00:00,https://consensus.hankyung.com/analysis/downpdf?report_idx=646981
2005,1,디오(039840) 올해 수익성 대폭 개선 및 자사주 소각 기대,"이상헌, 장호",iM증권,2026-02-19,2026-05-04 22:48:11.228582+00:00,https://consensus.hankyung.com/analysis/downpdf?report_idx=646980
2006,1,SNT다이내믹스(003570) 자사주 소각 기대 및 중동 등 수출지역 확대로 레벨업,"이상헌, 장호",iM증권,2026-02-19,2026-05-04 22:48:11.228582+00:00,https://consensus.hankyung.com/analysis/downpdf?report_idx=646979
2007,1,한진(002320) K-브랜드 수요 확대로 글로벌부문 확장세,"이상헌, 장호",iM증권,2026-02-19,2026-05-04 22:48:11.228582+00:00,https://consensus.hankyung.com/analysis/downpdf?report_idx=646978
2008,1,SNT에너지(100840) 미국∙중동 등 수주 확대 및 실적개선 가속화,"이상헌, 장호",iM증권,2026-02-19,2026-05-04 22:48:11.228582+00:00,https://consensus.hankyung.com/analysis/downpdf?report_idx=646977
2009,1,선익시스템(171090) 증명한 Next Level 과 보여줄 Next Step,허준서,유진투자증권,2026-02-19,2026-05-04 22:48:11.228582+00:00,https://consensus.hankyung.com/analysis/downpdf?report_idx=646975
2010,1,파미셀(005690) 유일무이하다 유일무이한,이주형,유진투자증권,2026-02-19,2026-05-04 22:48:11.228582+00:00,https://consensus.hankyung.com/analysis/downpdf?report_idx=646974
2011,1,"클래시스(214150) 4Q25P Review: 19 분기 연속 매출 성장, 영업이익 분기 최초 500억원 ...",박종선,유진투자증권,2026-02-19,2026-05-04 22:48:11.228582+00:00,https://consensus.hankyung.com/analysis/downpdf?report_idx=646973
2012,1,DI동일(001530) 배터리 알루미늄박 전성 시대 온다,한병화,유진투자증권,2026-02-19,2026-05-04 22:48:11.228582+00:00,https://consensus.hankyung.com/analysis/downpdf?report_idx=646972
2013,1,씨에스윈드(112610) 비교업체 대비 주가 약세 과도,한병화,유진투자증권,2026-02-19,2026-05-04 22:48:11.228582+00:00,https://consensus.hankyung.com/analysis/downpdf?report_idx=646971
2014,1,세아베스틸지주(001430) 글로벌 항공우주 소재업체로 본격 도약,김진범,상상인증권,2026-02-13,2026-05-04 22:48:11.228582+00:00,https://consensus.hankyung.com/analysis/downpdf?report_idx=646970
2015,1,탑런토탈솔루션(336680) 사업 모델 고도화와 외형 확대의 원년,"채윤석,정수현",한국IR협의회,2026-02-13,2026-05-04 22:48:11.228582+00:00,https://consensus.hankyung.com/analysis/downpdf?report_idx=646968
2016,1,원익IPS(240810) 한국 반도체 장비 대표주,"김경민,권지승",한국IR협의회,2026-02-13,2026-05-04 22:48:11.228582+00:00,https://consensus.hankyung.com/analysis/downpdf?report_idx=646967
2017,1,에스엠코어(007820) 2026년 턴어라운드와 수주 확대의 원년,"권지승,김경민",한국IR협의회,2026-02-13,2026-05-04 22:48:11.228582+00:00,https://consensus.hankyung.com/analysis/downpdf?report_idx=646966
2018,1,하이브(352820) ‘26년부터는 조금 쓰고 많이 벌어요,박수영,한화투자증권,2026-02-13,2026-05-04 22:48:11.228582+00:00,https://consensus.hankyung.com/analysis/downpdf?report_idx=646963
2019,1,롯데관광개발(032350) [4Q25 Review] 순이익 서프라이즈!,박수영,한화투자증권,2026-02-13,2026-05-04 22:48:11.228582+00:00,https://consensus.hankyung.com/analysis/downpdf?report_idx=646962
2020,1,카카오(035720) 톡개편에 의한 실적 개선,이창영,유안타증권,2026-02-13,2026-05-04 22:48:11.228582+00:00,https://consensus.hankyung.com/analysis/downpdf?report_idx=646960
2021,1,iM금융지주(139130) 4분기 실적 리뷰 및 NDR 후기,우도형,유안타증권,2026-02-13,2026-05-04 22:48:11.228582+00:00,https://consensus.hankyung.com/analysis/downpdf?report_idx=646959
2022,1,HMM(011200) 업황 둔화 속 수익성 방어,최지운,유안타증권,2026-02-13,2026-05-04 22:48:11.228582+00:00,https://consensus.hankyung.com/analysis/downpdf?report_idx=646958
2023,1,팬오션(028670) 사업 포트폴리오 다각화,최지운,유안타증권,2026-02-13,2026-05-04 22:48:11.228582+00:00,https://consensus.hankyung.com/analysis/downpdf?report_idx=646957
2024,1,두산에너빌리티(034020) 원전 팀코리아 러브콜로 성장 잠재력 확대,허민호,대신증권,2026-02-13,2026-05-04 22:48:11.228582+00:00,https://consensus.hankyung.com/analysis/downpdf?report_idx=646956
2025,1,콘텐트리중앙(036420) 6년 만의 흑자 전환,김회재,대신증권,2026-02-13,2026-05-04 22:48:11.228582+00:00,https://consensus.hankyung.com/analysis/downpdf?report_idx=646955
2026,1,카카오(035720) 상반기 성과를 기대하며,이효진,메리츠증권,2026-02-13,2026-05-04 22:48:11.228582+00:00,https://consensus.hankyung.com/analysis/downpdf?report_idx=646952
2027,1,NHN(181710) 다시 한번 눈높이를 높이자,이효진,메리츠증권,2026-02-13,2026-05-04 22:48:11.228582+00:00,https://consensus.hankyung.com/analysis/downpdf?report_idx=646951
2028,1,SOOP(067160) 명확한 사업 반전 포인트가 필요한 때,이효진,메리츠증권,2026-02-13,2026-05-04 22:48:11.228582+00:00,https://consensus.hankyung.com/analysis/downpdf?report_idx=646950
2029,1,두산에너빌리티(034020) 4Q25 Review: 조심스러운 가이던스와 다가오는 원전 호황,문경원,메리츠증권,2026-02-13,2026-05-04 22:48:11.228582+00:00,https://consensus.hankyung.com/analysis/downpdf?report_idx=646949
2030,1,티엘비(356860) SoCAMM 양산 시작,양승수,메리츠증권,2026-02-13,2026-05-04 22:48:11.228582+00:00,https://consensus.hankyung.com/analysis/downpdf?report_idx=646948
2031,1,"하이브(352820) 비용 마무리, 고성장 모멘텀 재개",김민영,메리츠증권,2026-02-13,2026-05-04 22:48:11.228582+00:00,https://consensus.hankyung.com/analysis/downpdf?report_idx=646947
2032,1,카카오(035720) AI 기대가 성과로 이어지기까지,남효지,SK증권,2026-02-13,2026-05-04 22:48:11.228582+00:00,https://consensus.hankyung.com/analysis/downpdf?report_idx=646946
2033,1,두산에너빌리티(034020) 성장사업 위주의 외형 및 수익성 성장,나민식,SK증권,2026-02-13,2026-05-04 22:48:11.228582+00:00,https://consensus.hankyung.com/analysis/downpdf?report_idx=646945
2034,1,하이브(352820) 모든 준비는 끝났다,황지원,iM증권,2026-02-13,2026-05-04 22:48:11.228582+00:00,https://consensus.hankyung.com/analysis/downpdf?report_idx=646939
2035,1,한전기술(052690) 원전주 최상단 대표주. 중단기 실적흐름보단 장기 원전 방향성,성종화,LS증권,2026-02-13,2026-05-04 22:48:11.228582+00:00,https://consensus.hankyung.com/analysis/downpdf?report_idx=646936
2036,1,하이브(352820) 이제부터는 BTS 효과에 집중,박성호,LS증권,2026-02-13,2026-05-04 22:48:11.228582+00:00,https://consensus.hankyung.com/analysis/downpdf?report_idx=646935
2037,1,NHN KCP(060250) PG 성장 지속 및 스테이블코인으로 결제 생태계 확장,조은애,LS증권,2026-02-13,2026-05-04 22:48:11.228582+00:00,https://consensus.hankyung.com/analysis/downpdf?report_idx=646934
2038,1,OCI(456040) NDR 후기 = 턴어라운드 + 저평가,정경희,LS증권,2026-02-13,2026-05-04 22:48:11.228582+00:00,https://consensus.hankyung.com/analysis/downpdf?report_idx=646933
2039,1,케이카(381970) 4Q25 Review: 유효시장 점유율 상승 긍정적,이재일,유진투자증권,2026-02-13,2026-05-04 22:48:11.228582+00:00,https://consensus.hankyung.com/analysis/downpdf?report_idx=646932
2040,1,"더블유게임즈(192080) 매출 성장도 하고, 이익 성장도 하고",정의훈,유진투자증권,2026-02-13,2026-05-04 22:48:11.228582+00:00,https://consensus.hankyung.com/analysis/downpdf?report_idx=646931
2041,1,펄어비스(263750) Crimson Desert is coming,정의훈,유진투자증권,2026-02-13,2026-05-04 22:48:11.228582+00:00,https://consensus.hankyung.com/analysis/downpdf?report_idx=646930
2042,1,코윈테크(282880) 4Q25P Review: 수주 다각화 확대 중,박종선,유진투자증권,2026-02-13,2026-05-04 22:48:11.228582+00:00,https://consensus.hankyung.com/analysis/downpdf?report_idx=646929
2043,1,뷰웍스(100120) 4Q25P Review: 3분기 연속 두 자리 수 매출 성장,박종선,유진투자증권,2026-02-13,2026-05-04 22:48:11.228582+00:00,https://consensus.hankyung.com/analysis/downpdf?report_idx=646928
2044,1,두산(000150) 4Q25 Review: 넌 우리 마을의 영웅이야,이주형,유진투자증권,2026-02-13,2026-05-04 22:48:11.228582+00:00,https://consensus.hankyung.com/analysis/downpdf?report_idx=646927
2045,1,롯데관광개발(032350) 뭘 걱정해 이제 곧 춘절인데,"이현지,고수영",유진투자증권,2026-02-13,2026-05-04 22:48:11.228582+00:00,https://consensus.hankyung.com/analysis/downpdf?report_idx=646926
2046,1,하이브(352820) 비용 다 끝났니? 이제 할 일을 하자,"이현지,고수영",유진투자증권,2026-02-13,2026-05-04 22:48:11.228582+00:00,https://consensus.hankyung.com/analysis/downpdf?report_idx=646925
2047,1,롯데관광개발(032350) 춘절부터 더 강해질 모멘텀,김유혁,IBK투자증권,2026-02-13,2026-05-04 22:48:11.228582+00:00,https://consensus.hankyung.com/analysis/downpdf?report_idx=646922
2048,1,하이브(352820) BTS 월드투어 추정치 상향,김유혁,IBK투자증권,2026-02-13,2026-05-04 22:48:11.228582+00:00,https://consensus.hankyung.com/analysis/downpdf?report_idx=646921
2049,1,오리온(271560) 주주가치 제고에 대한 의지,김태현,IBK투자증권,2026-02-13,2026-05-04 22:48:11.228582+00:00,https://consensus.hankyung.com/analysis/downpdf?report_idx=646917
2050,1,덕산네오룩스(213420) 4Q25 Review: 명확한 성장 시그널,강민구,IBK투자증권,2026-02-13,2026-05-04 22:48:11.228582+00:00,https://consensus.hankyung.com/analysis/downpdf?report_idx=646916
2051,1,이마트(139480) 4Q25 Review: 앞서는 기대감,김혜미,상상인증권,2026-02-12,2026-05-04 22:48:11.228582+00:00,https://consensus.hankyung.com/analysis/downpdf?report_idx=646913
2052,1,라온로보틱스(232680) 반도체 제조공정 로봇 분야 글로벌 리더를 꿈꾼다,"백종석,김혜빈",한국IR협의회,2026-02-12,2026-05-04 22:48:11.228582+00:00,https://consensus.hankyung.com/analysis/downpdf?report_idx=646911
2053,1,"오리온(271560) 실적도, 배당도, 투자도 서프라이즈","한유정,고예진",한화투자증권,2026-02-12,2026-05-04 22:48:11.228582+00:00,https://consensus.hankyung.com/analysis/downpdf?report_idx=646909
2054,1,미래에셋증권(006800) IPO 전까지는 걱정 없다,우도형,유안타증권,2026-02-12,2026-05-04 22:48:11.228582+00:00,https://consensus.hankyung.com/analysis/downpdf?report_idx=646906
2055,1,에스엠(041510) 4Q25 리뷰: 역대 최대 영업이익 달성,이환욱,유안타증권,2026-02-12,2026-05-04 22:48:11.228582+00:00,https://consensus.hankyung.com/analysis/downpdf?report_idx=646903
2056,1,오리온(271560) 원가 부담에도 체력 확인 + 배당 서프라이즈,"손현정,김고은",유안타증권,2026-02-12,2026-05-04 22:48:11.228582+00:00,https://consensus.hankyung.com/analysis/downpdf?report_idx=646902
2057,1,이마트(139480) 규제 해소에 대한 기대,유정현,대신증권,2026-02-12,2026-05-04 22:48:11.228582+00:00,https://consensus.hankyung.com/analysis/downpdf?report_idx=646901
2058,1,현대백화점(069960) 자회사 실적 아쉬운 점 주주가치 제고로 만회,유정현,대신증권,2026-02-12,2026-05-04 22:48:11.228582+00:00,https://consensus.hankyung.com/analysis/downpdf?report_idx=646900
2059,1,LS(006260) 구조적 성장 본격화,허민호,대신증권,2026-02-12,2026-05-04 22:48:11.228582+00:00,https://consensus.hankyung.com/analysis/downpdf?report_idx=646899
2060,1,휴젤(145020) 미국 직판 돈 얼마나 들어요?,한송협,대신증권,2026-02-12,2026-05-04 22:48:11.228582+00:00,https://consensus.hankyung.com/analysis/downpdf?report_idx=646898
2061,1,에스엠(041510) MD/라이선싱 매출이 견인한 어닝 서프라이즈!,김유혁,IBK투자증권,2026-02-12,2026-05-04 22:48:11.228582+00:00,https://consensus.hankyung.com/analysis/downpdf?report_idx=646894
2062,1,유한양행(000100) 바닥 다지고 도약 준비,정이수,IBK투자증권,2026-02-12,2026-05-04 22:48:11.228582+00:00,https://consensus.hankyung.com/analysis/downpdf?report_idx=646891
2063,1,"에스엠(041510) IP 확장 전략 고도화, 레버리지 확인",김민영,메리츠증권,2026-02-12,2026-05-04 22:48:11.228582+00:00,https://consensus.hankyung.com/analysis/downpdf?report_idx=646888
2064,1,에이엘티(172670) 메모리 컨트롤러로 반등 시작,양승수,메리츠증권,2026-02-12,2026-05-04 22:48:11.228582+00:00,https://consensus.hankyung.com/analysis/downpdf?report_idx=646887
2065,1,"사피엔반도체(452430) 자리는 이미 선점, 이제는 시장 개화의 시간",양승수,메리츠증권,2026-02-12,2026-05-04 22:48:11.228582+00:00,https://consensus.hankyung.com/analysis/downpdf?report_idx=646886
2066,1,리노공업(058470) 또 다시 서프라이즈,김동관,메리츠증권,2026-02-12,2026-05-04 22:48:11.228582+00:00,https://consensus.hankyung.com/analysis/downpdf?report_idx=646885
2067,1,"두산퓨얼셀(336260) 4Q25 Review: 대규모 적자, 이제 시선은 데이터센터 수주로",문경원,메리츠증권,2026-02-12,2026-05-04 22:48:11.228582+00:00,https://consensus.hankyung.com/analysis/downpdf?report_idx=646884
2068,1,주성엔지니어링(036930) 반도체가 끌고 태양전지가 민다,김동관,메리츠증권,2026-02-12,2026-05-04 22:48:11.228582+00:00,https://consensus.hankyung.com/analysis/downpdf?report_idx=646883
2069,1,두산테스나(131970) 빛을 발하는 비용 절감 노력,김동관,메리츠증권,2026-02-12,2026-05-04 22:48:11.228582+00:00,https://consensus.hankyung.com/analysis/downpdf?report_idx=646882
2070,1,두산테스나(131970) 빛을 발하는 비용 절감 노력,김동관,메리츠증권,2026-02-12,2026-05-04 22:48:11.228582+00:00,https://consensus.hankyung.com/analysis/downpdf?report_idx=646881
2071,1,LS(006260) 우호적인 업황과 강화된 주주환원,최관순,SK증권,2026-02-12,2026-05-04 22:48:11.228582+00:00,https://consensus.hankyung.com/analysis/downpdf?report_idx=646880
2072,1,현대지에프홀딩스(005440) 지배구조 개편의 묘수,최관순,SK증권,2026-02-12,2026-05-04 22:48:11.228582+00:00,https://consensus.hankyung.com/analysis/downpdf?report_idx=646879
2073,1,두산퓨얼셀(336260) 내 거친 생각과 불안한 눈빛,나민식,SK증권,2026-02-12,2026-05-04 22:48:11.228582+00:00,https://consensus.hankyung.com/analysis/downpdf?report_idx=646878
2074,1,유한양행(000100) 4Q25 Review: 26년을 기대하며,이선경,SK증권,2026-02-12,2026-05-04 22:48:11.228582+00:00,https://consensus.hankyung.com/analysis/downpdf?report_idx=646877
2075,1,덕산네오룩스(213420) 신규 아이템으로 무장! 다시 성장궤도 돌입,권민규,SK증권,2026-02-12,2026-05-04 22:48:11.228582+00:00,https://consensus.hankyung.com/analysis/downpdf?report_idx=646876
2076,1,풍산(103140) 조금 더 숨을 고르자,김윤상,iM증권,2026-02-12,2026-05-04 22:48:11.228582+00:00,https://consensus.hankyung.com/analysis/downpdf?report_idx=646872
2077,1,유한양행(000100) 전통의 강호가 돌아온다,정재원,iM증권,2026-02-12,2026-05-04 22:48:11.228582+00:00,https://consensus.hankyung.com/analysis/downpdf?report_idx=646871
2078,1,덕산네오룩스(213420) 지금 주가 수준에서는 고민할 것이 없다,"정원석,박정하",iM증권,2026-02-12,2026-05-04 22:48:11.228582+00:00,https://consensus.hankyung.com/analysis/downpdf?report_idx=646870
2079,1,에스엠(041510) 안정적인 이익 창출력 입증,황지원,iM증권,2026-02-12,2026-05-04 22:48:11.228582+00:00,https://consensus.hankyung.com/analysis/downpdf?report_idx=646869
2080,1,팬오션(028670) 4Q25 Review: 오빠 배 뽑았다,이재혁,LS증권,2026-02-12,2026-05-04 22:48:11.228582+00:00,https://consensus.hankyung.com/analysis/downpdf?report_idx=646868
2081,1,오리온(271560) 견조한 실적과 더불어 배당 확대,박성호,LS증권,2026-02-12,2026-05-04 22:48:11.228582+00:00,https://consensus.hankyung.com/analysis/downpdf?report_idx=646867
2082,1,HMM(011200) 4Q25 Review: 클래스가 다른 이익 역량,이재혁,LS증권,2026-02-12,2026-05-04 22:48:11.228582+00:00,https://consensus.hankyung.com/analysis/downpdf?report_idx=646866
2083,1,에스엠(041510) 안정적인 실적으로 증명하는 경쟁력,박성호,LS증권,2026-02-12,2026-05-04 22:48:11.228582+00:00,https://consensus.hankyung.com/analysis/downpdf?report_idx=646865
2084,1,휴젤(145020) 매출 성장 가속화 구간 진입(vs. 판관비 증가),조은애,LS증권,2026-02-12,2026-05-04 22:48:11.228582+00:00,https://consensus.hankyung.com/analysis/downpdf?report_idx=646864
2085,1,한국금융지주(071050) 보수적 비용인식으로 26년을 대비,전배승,LS증권,2026-02-12,2026-05-04 22:48:11.228582+00:00,https://consensus.hankyung.com/analysis/downpdf?report_idx=646863
2086,1,KCC(002380) 할인율 감소 가능성 증가,정경희,LS증권,2026-02-12,2026-05-04 22:48:11.228582+00:00,https://consensus.hankyung.com/analysis/downpdf?report_idx=646862
2087,1,SAMG엔터(419530) 나.. 귀여운데 돈도 잘 번다?,"이현지,고수영",유진투자증권,2026-02-12,2026-05-04 22:48:11.228582+00:00,https://consensus.hankyung.com/analysis/downpdf?report_idx=646860
2088,1,OCI홀딩스(010060) 실적 턴어라운드와 주주환원 강화,황성현,유진투자증권,2026-02-12,2026-05-04 22:48:11.228582+00:00,https://consensus.hankyung.com/analysis/downpdf?report_idx=646859
2089,1,KT나스미디어(089600) 4Q25P Review: 수익성 개선을 기대,박종선,유진투자증권,2026-02-12,2026-05-04 22:48:11.228582+00:00,https://consensus.hankyung.com/analysis/downpdf?report_idx=646858
2090,1,유한양행(000100) 4Q25P Review: 중장기 성장 스토리는 여전히 유효,권해순,유진투자증권,2026-02-12,2026-05-04 22:48:11.228582+00:00,https://consensus.hankyung.com/analysis/downpdf?report_idx=646857
2091,1,에스엠(041510) MD 맛집,"이현지,고수영",유진투자증권,2026-02-12,2026-05-04 22:48:11.228582+00:00,https://consensus.hankyung.com/analysis/downpdf?report_idx=646856
2092,1,카카오게임즈(293490) 어디로 가야하오,정의훈,유진투자증권,2026-02-12,2026-05-04 22:48:11.228582+00:00,https://consensus.hankyung.com/analysis/downpdf?report_idx=646855
2093,1,CJ대한통운(000120) 4Q25 Review: 시장 재편 수혜자,이서연,상상인증권,2026-02-11,2026-05-04 22:48:11.228582+00:00,https://consensus.hankyung.com/analysis/downpdf?report_idx=646852
2094,1,"HLB제넥스(187420) 공정에 내재화된 성장, 가시화되는 실적","김승준,이금민",한화투자증권,2026-02-11,2026-05-04 22:48:11.228582+00:00,https://consensus.hankyung.com/analysis/downpdf?report_idx=646850
2095,1,"F&F(383220) 4Q25 Review : 아쉬운 가이던스, 아쉬운 뉴스플로우","이진협,김나우",한화투자증권,2026-02-11,2026-05-04 22:48:11.228582+00:00,https://consensus.hankyung.com/analysis/downpdf?report_idx=646849
2096,1,BGF리테일(282330) 4Q25 Review : 영업 레버리지 본격화,"이진협,김나우",한화투자증권,2026-02-11,2026-05-04 22:48:11.228582+00:00,https://consensus.hankyung.com/analysis/downpdf?report_idx=646848
2097,1,"파라다이스(034230) 지나간 실적 눈 감고, 풀장착 모멘텀에 집중",박수영,한화투자증권,2026-02-11,2026-05-04 22:48:11.228582+00:00,https://consensus.hankyung.com/analysis/downpdf?report_idx=646847
2098,1,"엔씨소프트(036570) 올해 증익은 명확, 그 이상이 필요","김소혜,김나우",한화투자증권,2026-02-11,2026-05-04 22:48:11.228582+00:00,https://consensus.hankyung.com/analysis/downpdf?report_idx=646846
2099,1,코오롱인더(120110) 금융자산도 1조원을 가지고 있다!,"황규원,서석준",유안타증권,2026-02-11,2026-05-04 22:48:11.228582+00:00,https://consensus.hankyung.com/analysis/downpdf?report_idx=646842
2100,1,KT(030200) 믿음의 KT,"이승웅,김고은",유안타증권,2026-02-11,2026-05-04 22:48:11.228582+00:00,https://consensus.hankyung.com/analysis/downpdf?report_idx=646841
2101,1,CJ대한통운(000120) 실적 성장 국면 진입,최지운,유안타증권,2026-02-11,2026-05-04 22:48:11.228582+00:00,https://consensus.hankyung.com/analysis/downpdf?report_idx=646840
2102,1,"한전기술(052690) 지금은 실적이 아니라, 대형 원전 A/E의 가치 재평가",허민호,대신증권,2026-02-11,2026-05-04 22:48:11.228582+00:00,https://consensus.hankyung.com/analysis/downpdf?report_idx=646838
2103,1,에스티팜(237690) 기대감을 높일 시점,정이수,IBK투자증권,2026-02-11,2026-05-04 22:48:11.228582+00:00,https://consensus.hankyung.com/analysis/downpdf?report_idx=646833
2104,1,파라다이스(034230) 춘절 연휴 전 비중확대 추천,김유혁,IBK투자증권,2026-02-11,2026-05-04 22:48:11.228582+00:00,https://consensus.hankyung.com/analysis/downpdf?report_idx=646832
2105,1,"한전기술(052690) 4Q25 Review: 아쉬운 마진, 하반기 미국 모멘텀을 보자",문경원,메리츠증권,2026-02-11,2026-05-04 22:48:11.228582+00:00,https://consensus.hankyung.com/analysis/downpdf?report_idx=646828
2106,1,한전KPS(051600) 4Q25 Review: 예상을 벗어난 원가 상승,문경원,메리츠증권,2026-02-11,2026-05-04 22:48:11.228582+00:00,https://consensus.hankyung.com/analysis/downpdf?report_idx=646827
2107,1,엔씨소프트(036570) 버티기 모드 진입,이효진,메리츠증권,2026-02-11,2026-05-04 22:48:11.228582+00:00,https://consensus.hankyung.com/analysis/downpdf?report_idx=646826
2108,1,네오위즈(095660) 2026년은 도움닫기 해,이효진,메리츠증권,2026-02-11,2026-05-04 22:48:11.228582+00:00,https://consensus.hankyung.com/analysis/downpdf?report_idx=646825
2109,1,서진시스템(178320) 세계적 파트너들로부터 검증받는 경쟁력,나승두,SK증권,2026-02-11,2026-05-04 22:48:11.228582+00:00,https://consensus.hankyung.com/analysis/downpdf?report_idx=646824
2110,1,SK(034730) 리밸런싱과 주주환원의 선순환,최관순,SK증권,2026-02-11,2026-05-04 22:48:11.228582+00:00,https://consensus.hankyung.com/analysis/downpdf?report_idx=646823
2111,1,"KT(030200) 양호한 실적, 양호한 주주환원",최관순,SK증권,2026-02-11,2026-05-04 22:48:11.228582+00:00,https://consensus.hankyung.com/analysis/downpdf?report_idx=646822
2112,1,한화(000880) 분할 앞두고 할인율 축소 진행,최관순,SK증권,2026-02-11,2026-05-04 22:48:11.228582+00:00,https://consensus.hankyung.com/analysis/downpdf?report_idx=646821
2113,1,"롯데렌탈(089860) 비수기에도 역대 최대 이익 달성, 26년은 더 기대",윤혁진,SK증권,2026-02-11,2026-05-04 22:48:11.228582+00:00,https://consensus.hankyung.com/analysis/downpdf?report_idx=646820
2114,1,리노공업(058470) 대체 불가 영역 재확인,이동주,SK증권,2026-02-11,2026-05-04 22:48:11.228582+00:00,https://consensus.hankyung.com/analysis/downpdf?report_idx=646819
2115,1,롯데렌탈(089860) 비수기임에도 OPM 11% 달성,이병근,LS증권,2026-02-11,2026-05-04 22:48:11.228582+00:00,https://consensus.hankyung.com/analysis/downpdf?report_idx=646814
2116,1,CJ제일제당(097950) 단기간 내 실적 회복 가시성은 제한적,박성호,LS증권,2026-02-11,2026-05-04 22:48:11.228582+00:00,https://consensus.hankyung.com/analysis/downpdf?report_idx=646813
2117,1,BGF리테일(282330) 4Q25 Review: 양호한 실적 기록,오린아,LS증권,2026-02-11,2026-05-04 22:48:11.228582+00:00,https://consensus.hankyung.com/analysis/downpdf?report_idx=646812
2118,1,"한전KPS(051600) 원전 방향성은 유효. 다만, 실적은 너무 아쉬움",성종화,LS증권,2026-02-11,2026-05-04 22:48:11.228582+00:00,https://consensus.hankyung.com/analysis/downpdf?report_idx=646811
2119,1,CJ대한통운(000120) 4Q25 Review: LAST PANG!,이재혁,LS증권,2026-02-11,2026-05-04 22:48:11.228582+00:00,https://consensus.hankyung.com/analysis/downpdf?report_idx=646810
2120,1,CJ대한통운(000120) 4Q25 Review: LAST PANG!,이재혁,LS증권,2026-02-11,2026-05-04 22:48:11.228582+00:00,https://consensus.hankyung.com/analysis/downpdf?report_idx=646809
2121,1,"지역난방공사(071320) 26년 예상됐던 P 하락, 그리고 예상치 못한 Q 감소","전유진,장호",iM증권,2026-02-11,2026-05-04 22:48:11.228582+00:00,https://consensus.hankyung.com/analysis/downpdf?report_idx=646808
2122,1,"CJ대한통운(000120) 택배 M/S 상승, 주가 상승의 핵심 동인",배세호,iM증권,2026-02-11,2026-05-04 22:48:11.228582+00:00,https://consensus.hankyung.com/analysis/downpdf?report_idx=646807
2123,1,고려아연(010130) 견고해지는 전략적 위상 > 단기 모멘텀 둔화,김윤상,iM증권,2026-02-11,2026-05-04 22:48:11.228582+00:00,https://consensus.hankyung.com/analysis/downpdf?report_idx=646806
2124,1,엔씨소프트(036570) 2026년 매출 추정치: 2조원,정의훈,유진투자증권,2026-02-11,2026-05-04 22:48:11.228582+00:00,https://consensus.hankyung.com/analysis/downpdf?report_idx=646805
2125,1,KT(030200) 신뢰의 KT,이찬영,유진투자증권,2026-02-11,2026-05-04 22:48:11.228582+00:00,https://consensus.hankyung.com/analysis/downpdf?report_idx=646804
2126,1,텔레칩스(054450) 4Q25P Review: 글로벌 고객사외의 “SoC 개발 용역” 본격화 수혜,박종선,유진투자증권,2026-02-11,2026-05-04 22:48:11.228582+00:00,https://consensus.hankyung.com/analysis/downpdf?report_idx=646803
2127,1,"파라다이스(034230) 인센으로 어닝 쇼크, 부럽습니다","이현지,고수영",유진투자증권,2026-02-11,2026-05-04 22:48:11.228582+00:00,https://consensus.hankyung.com/analysis/downpdf?report_idx=646802
2128,1,네오위즈(095660) 시간은 우리편,정의훈,유진투자증권,2026-02-11,2026-05-04 22:48:11.228582+00:00,https://consensus.hankyung.com/analysis/downpdf?report_idx=646801
2129,1,지역난방공사(071320) 과하게 보수적인 가이던스,황성현,유진투자증권,2026-02-11,2026-05-04 22:48:11.228582+00:00,https://consensus.hankyung.com/analysis/downpdf?report_idx=646800
2130,1,한전KPS(051600) 일회성 비용 반영으로 부진,황성현,유진투자증권,2026-02-11,2026-05-04 22:48:11.228582+00:00,https://consensus.hankyung.com/analysis/downpdf?report_idx=646799
2131,1,GS(078930) 배당 서프라이즈,황성현,유진투자증권,2026-02-11,2026-05-04 22:48:11.228582+00:00,https://consensus.hankyung.com/analysis/downpdf?report_idx=646798
2132,1,HD한국조선해양(009540) 4Q25 실적설명회 정리,배기연,메리츠증권,2026-02-10,2026-05-04 22:48:11.228582+00:00,https://consensus.hankyung.com/analysis/downpdf?report_idx=646796
2133,1,"HD현대중공업(329180) Top-Pick인데, 주가 하락 이유와 반론",배기연,메리츠증권,2026-02-10,2026-05-04 22:48:11.228582+00:00,https://consensus.hankyung.com/analysis/downpdf?report_idx=646795
2134,1,미래에셋증권(006800) 계속되는 평가이익,"조아해,공건희",메리츠증권,2026-02-10,2026-05-04 22:48:11.228582+00:00,https://consensus.hankyung.com/analysis/downpdf?report_idx=646794
2135,1,대우건설(047040) 4Q25 Review: 지금이야 지금. 저평가 해소 트리거 발생,문경원,메리츠증권,2026-02-10,2026-05-04 22:48:11.228582+00:00,https://consensus.hankyung.com/analysis/downpdf?report_idx=646793
2136,1,한화에어로스페이스(012450) 다각화되는 매출과 수주,"이지호,김아현",메리츠증권,2026-02-10,2026-05-04 22:48:11.228582+00:00,https://consensus.hankyung.com/analysis/downpdf?report_idx=646792
2137,1,크래프톤(259960) 덜어낼 필요,이효진,메리츠증권,2026-02-10,2026-05-04 22:48:11.228582+00:00,https://consensus.hankyung.com/analysis/downpdf?report_idx=646791
2138,1,펄어비스(263750) 카운트다운,이효진,메리츠증권,2026-02-10,2026-05-04 22:48:11.228582+00:00,https://consensus.hankyung.com/analysis/downpdf?report_idx=646790
2139,1,대웅제약(069620) 2026년 ThynC가 이끄는 실적개선세,이달미,상상인증권,2026-02-10,2026-05-04 22:48:11.228582+00:00,https://consensus.hankyung.com/analysis/downpdf?report_idx=646789
2140,1,한화오션(042660) 4Q25 NDR 후기: 본질에 집중하기,이서연,상상인증권,2026-02-10,2026-05-04 22:48:11.228582+00:00,https://consensus.hankyung.com/analysis/downpdf?report_idx=646788
2141,1,한화엔진(082740) 4Q25 Review: 놀라운 믹스 효과,이서연,상상인증권,2026-02-10,2026-05-04 22:48:11.228582+00:00,https://consensus.hankyung.com/analysis/downpdf?report_idx=646787
2142,1,HD현대마린엔진(071970) 4Q25 Review: 상상 이상의 수익성,이서연,상상인증권,2026-02-10,2026-05-04 22:48:11.228582+00:00,https://consensus.hankyung.com/analysis/downpdf?report_idx=646786
2143,1,한화에어로스페이스(012450) [4Q25 Review] 꺼낼 수 있는 무기가 많다,배성조,한화투자증권,2026-02-10,2026-05-04 22:48:11.228582+00:00,https://consensus.hankyung.com/analysis/downpdf?report_idx=646784
2144,1,신세계인터내셔날(031430) 4Q25 Review : 해외 브랜드는 압도적,"이진협,김나우",한화투자증권,2026-02-10,2026-05-04 22:48:11.228582+00:00,https://consensus.hankyung.com/analysis/downpdf?report_idx=646782
2145,1,신세계(004170) 4Q25 Review : 더블 체크(Double Check),"이진협,김나우",한화투자증권,2026-02-10,2026-05-04 22:48:11.228582+00:00,https://consensus.hankyung.com/analysis/downpdf?report_idx=646781
2146,1,한섬(020000) 4Q25 Review : 마일스톤을 쌓아가는 중,"이진협,김나우",한화투자증권,2026-02-10,2026-05-04 22:48:11.228582+00:00,https://consensus.hankyung.com/analysis/downpdf?report_idx=646780
2147,1,SK가스(018670) 내실을 다지는 2026년,"이용욱,고예진",한화투자증권,2026-02-10,2026-05-04 22:48:11.228582+00:00,https://consensus.hankyung.com/analysis/downpdf?report_idx=646779
2148,1,세아베스틸지주(001430) SST 가동 앞둔 일시적 흔들림,권지우,한화투자증권,2026-02-10,2026-05-04 22:48:11.228582+00:00,https://consensus.hankyung.com/analysis/downpdf?report_idx=646777
2149,1,"크래프톤(259960) PUBG 반등세 기대, 그 이상을 기대","김소혜,김나우",한화투자증권,2026-02-10,2026-05-04 22:48:11.228582+00:00,https://consensus.hankyung.com/analysis/downpdf?report_idx=646776
2150,1,한화에어로스페이스(012450) 4Q25 Review: 일회성 고려 시 양호!!,백종민,유안타증권,2026-02-10,2026-05-04 22:48:11.228582+00:00,https://consensus.hankyung.com/analysis/downpdf?report_idx=646775
2151,1,HD현대중공업(329180) 일희일비 하지 않기,이지니,대신증권,2026-02-10,2026-05-04 22:48:11.228582+00:00,https://consensus.hankyung.com/analysis/downpdf?report_idx=646773
2152,1,스카이라이프(053210) 투자에는 결실이 따르기 마련,김회재,대신증권,2026-02-10,2026-05-04 22:48:11.228582+00:00,https://consensus.hankyung.com/analysis/downpdf?report_idx=646772
2153,1,미래에셋증권(006800) All about Space X,"박혜진,권용수",대신증권,2026-02-10,2026-05-04 22:48:11.228582+00:00,https://consensus.hankyung.com/analysis/downpdf?report_idx=646771
2154,1,크래프톤(259960) 타이밍 좋은 주주환원 계획 발표,남효지,SK증권,2026-02-10,2026-05-04 22:48:11.228582+00:00,https://consensus.hankyung.com/analysis/downpdf?report_idx=646768
2155,1,대웅제약(069620) 4Q25 Review: 견조한 실적,이선경,SK증권,2026-02-10,2026-05-04 22:48:11.228582+00:00,https://consensus.hankyung.com/analysis/downpdf?report_idx=646766
2156,1,신세계(004170) 높아진 기대치 상회,남성현,IBK투자증권,2026-02-10,2026-05-04 22:48:11.228582+00:00,https://consensus.hankyung.com/analysis/downpdf?report_idx=646764
2157,1,한화에어로스페이스(012450) 4Q25: 서프가 줄었지 체력이 줄었나,변용진,iM증권,2026-02-10,2026-05-04 22:48:11.228582+00:00,https://consensus.hankyung.com/analysis/downpdf?report_idx=646760
2158,1,HD현대중공업(329180) 4Q25: 좋은데 더 좋아질 한 해,변용진,iM증권,2026-02-10,2026-05-04 22:48:11.228582+00:00,https://consensus.hankyung.com/analysis/downpdf?report_idx=646759
2159,1,비에이치(090460) 2Q26에 쏠려 있는 변곡점,고의영,iM증권,2026-02-10,2026-05-04 22:48:11.228582+00:00,https://consensus.hankyung.com/analysis/downpdf?report_idx=646758
2160,1,"제주항공(089590) 최악의 업황을 반영한 주가, 희망을 보여준 4Q25",배세호,iM증권,2026-02-10,2026-05-04 22:48:11.228582+00:00,https://consensus.hankyung.com/analysis/downpdf?report_idx=646757
2161,1,"대우건설(047040) 빅배스로 실적 가시성 증대, 투자의견 상향",배세호,iM증권,2026-02-10,2026-05-04 22:48:11.228582+00:00,https://consensus.hankyung.com/analysis/downpdf?report_idx=646756
2162,1,대우건설(047040) 원전으로 제시하는 미래,김세련,LS증권,2026-02-10,2026-05-04 22:48:11.228582+00:00,https://consensus.hankyung.com/analysis/downpdf?report_idx=646754
2163,1,HD한국조선해양(009540) 4Q25 Review: 26년에도 On-Track,이재혁,LS증권,2026-02-10,2026-05-04 22:48:11.228582+00:00,https://consensus.hankyung.com/analysis/downpdf?report_idx=646753
2164,1,HD한국조선해양(009540) 4Q25 Review: 26년에도 On-Track,이재혁,LS증권,2026-02-10,2026-05-04 22:48:11.228582+00:00,https://consensus.hankyung.com/analysis/downpdf?report_idx=646752
2165,1,미래에셋증권(006800) 투자와 성장의 프리미엄,전배승,LS증권,2026-02-10,2026-05-04 22:48:11.228582+00:00,https://consensus.hankyung.com/analysis/downpdf?report_idx=646751
2166,1,신세계(004170) 4Q25 Review: 럭셔리의 품격,오린아,LS증권,2026-02-10,2026-05-04 22:48:11.228582+00:00,https://consensus.hankyung.com/analysis/downpdf?report_idx=646750
2167,1,HD현대중공업(329180) 그만큼 돈을 잘 번 결과,양승윤,유진투자증권,2026-02-10,2026-05-04 22:48:11.228582+00:00,https://consensus.hankyung.com/analysis/downpdf?report_idx=646748
2168,1,인텔리안테크(189300) 노 젓는데 물이 계속 들어온다,정의훈,유진투자증권,2026-02-10,2026-05-04 22:48:11.228582+00:00,https://consensus.hankyung.com/analysis/downpdf?report_idx=646747
2169,1,"한화에어로스페이스(012450) 높아진 실적 기저, 성장은 불변",양승윤,유진투자증권,2026-02-10,2026-05-04 22:48:11.228582+00:00,https://consensus.hankyung.com/analysis/downpdf?report_idx=646746
2170,1,크래프톤(259960) 일회성 비용 없어도 부진했음,정의훈,유진투자증권,2026-02-10,2026-05-04 22:48:11.228582+00:00,https://consensus.hankyung.com/analysis/downpdf?report_idx=646745
2171,1,GKL(114090) 아쉬움 속 가져보는 작은 기대,"이현지,고수영",유진투자증권,2026-02-10,2026-05-04 22:48:11.228582+00:00,https://consensus.hankyung.com/analysis/downpdf?report_idx=646744
2172,1,비에이치(090460) 4Q25 Review: 실적 개선세 지속,이주형,유진투자증권,2026-02-10,2026-05-04 22:48:11.228582+00:00,https://consensus.hankyung.com/analysis/downpdf?report_idx=646743
2173,1,"대우건설(047040) Big Bath, 이제 원전으로 Big Step",류태환,유진투자증권,2026-02-10,2026-05-04 22:48:11.228582+00:00,https://consensus.hankyung.com/analysis/downpdf?report_idx=646742
2174,1,아모레퍼시픽(090430) 4Q25 Re: 마지막 족쇄를 풀다,"박종대, 김건우",메리츠증권,2026-02-09,2026-05-04 22:48:11.228582+00:00,https://consensus.hankyung.com/analysis/downpdf?report_idx=646737
2175,1,아모레퍼시픽(090430) 4Q25 Re: 마지막 족쇄를 풀다,"박종대, 김건우",메리츠증권,2026-02-09,2026-05-04 22:48:11.228582+00:00,https://consensus.hankyung.com/analysis/downpdf?report_idx=646736
2176,1,코웨이(021240) 4Q25 Re: 동남아 3개국 전역 흑자전환 고무적,"박종대,김건우",메리츠증권,2026-02-09,2026-05-04 22:48:11.228582+00:00,https://consensus.hankyung.com/analysis/downpdf?report_idx=646735
2177,1,PI첨단소재(178920) 시너지 시작에 초점,양승수,메리츠증권,2026-02-09,2026-05-04 22:48:11.228582+00:00,https://consensus.hankyung.com/analysis/downpdf?report_idx=646734
2178,1,NAVER(035420) 우려가 현실이든 기우로 판명되든,dlgywls,메리츠증권,2026-02-09,2026-05-04 22:48:11.228582+00:00,https://consensus.hankyung.com/analysis/downpdf?report_idx=646732
2179,1,GS건설(006360) 4Q25 Review: 아직 한발 남았던 해외 비용,문경원,메리츠증권,2026-02-09,2026-05-04 22:48:11.228582+00:00,https://consensus.hankyung.com/analysis/downpdf?report_idx=646729
2180,1,"DL이앤씨(375500) 4Q25 Review: 주택은 견고, 플랜트 수주는 아직 물음표",문경원,메리츠증권,2026-02-09,2026-05-04 22:48:11.228582+00:00,https://consensus.hankyung.com/analysis/downpdf?report_idx=646728
2181,1,"한국항공우주(047810) 구조적 성장의 초입, 전투기 최초 수출 기대감까지","이지호,김아현",메리츠증권,2026-02-09,2026-05-04 22:48:11.228582+00:00,https://consensus.hankyung.com/analysis/downpdf?report_idx=646724
2182,1,SK바이오팜(326030) 4분기 계절성 요인에 따른 수익성 정체,4분기 계절성 요인에 따른 수익성 정체,메리츠증권,2026-02-09,2026-05-04 22:48:11.228582+00:00,https://consensus.hankyung.com/analysis/downpdf?report_idx=646723
2183,1,테스(095610) 투자 사이클은 이제 시작,김동관,메리츠증권,2026-02-09,2026-05-04 22:48:11.228582+00:00,https://consensus.hankyung.com/analysis/downpdf?report_idx=646721
2184,1,ISC(095340) 가장 필요했던 방향으로의 변화,김동관,메리츠증권,2026-02-09,2026-05-04 22:48:11.228582+00:00,https://consensus.hankyung.com/analysis/downpdf?report_idx=646720
2185,1,시공테크(020710) 강력한 레퍼런스를 보유한 전시문화 전문기업,"조영환,박규연",한국IR협의회,2026-02-09,2026-05-04 22:48:11.228582+00:00,https://consensus.hankyung.com/analysis/downpdf?report_idx=646718
2186,1,우리금융지주(316140) 4Q25 Re- 체질 개선과 주주환원의 콜라보,김현수,상상인증권,2026-02-09,2026-05-04 22:48:11.228582+00:00,https://consensus.hankyung.com/analysis/downpdf?report_idx=646714
2187,1,코웨이(021240) 4Q25 Review : 신규 카테고리 확장으로 성장률 방어 도모,"이진협,김나우",한화투자증권,2026-02-09,2026-05-04 22:48:11.228582+00:00,https://consensus.hankyung.com/analysis/downpdf?report_idx=646713
2188,1,롯데쇼핑(023530) 4Q25 Review : 26년 비중확대는 필수,"이진협,김나우",한화투자증권,2026-02-09,2026-05-04 22:48:11.228582+00:00,https://consensus.hankyung.com/analysis/downpdf?report_idx=646712
2189,1,DL이앤씨(375500) 플랜트 수주에 달렸다,"송유림,김예인",한화투자증권,2026-02-09,2026-05-04 22:48:11.228582+00:00,https://consensus.hankyung.com/analysis/downpdf?report_idx=646711
2190,1,아모레퍼시픽(090430) 대장주 자리 되찾으러 왔습니다,"한유정,고예진",한화투자증권,2026-02-09,2026-05-04 22:48:11.228582+00:00,https://consensus.hankyung.com/analysis/downpdf?report_idx=646710
2191,1,HDC현대산업개발(294870) 한 번은 서프가 나와야,"송유림,김예인",한화투자증권,2026-02-09,2026-05-04 22:48:11.228582+00:00,https://consensus.hankyung.com/analysis/downpdf?report_idx=646709
2192,1,"GS건설(006360) 몸은 가볍게, 마음은 비장하게","송유림,김예인",한화투자증권,2026-02-09,2026-05-04 22:48:11.228582+00:00,https://consensus.hankyung.com/analysis/downpdf?report_idx=646708
2193,1,iM금융지주(139130) 환원 확대와 자본비율 개선의 동반이 필요,김도하,한화투자증권,2026-02-09,2026-05-04 22:48:11.228582+00:00,https://consensus.hankyung.com/analysis/downpdf?report_idx=646707
2194,1,우리금융지주(316140) 비과세인 김에 배당을 더 드립니다,김도하,한화투자증권,2026-02-09,2026-05-04 22:48:11.228582+00:00,https://consensus.hankyung.com/analysis/downpdf?report_idx=646706
2195,1,BNK금융지주(138930) 재차 확보된 TSR 매력,김도하,한화투자증권,2026-02-09,2026-05-04 22:48:11.228582+00:00,https://consensus.hankyung.com/analysis/downpdf?report_idx=646705
2196,1,"금호타이어(073240) 이게 바로 ‘전화위복’, 이익결손에서 이익잉여로 전환","김성래,김예인",한화투자증권,2026-02-09,2026-05-04 22:48:11.228582+00:00,https://consensus.hankyung.com/analysis/downpdf?report_idx=646704
2197,1,기업은행(024110) 2026년은 개선을 꿈꾼다,우도형,유안타증권,2026-02-09,2026-05-04 22:48:11.228582+00:00,https://consensus.hankyung.com/analysis/downpdf?report_idx=646702
2198,1,기업은행(024110) 2026년은 개선을 꿈꾼다,우도형,유안타증권,2026-02-09,2026-05-04 22:48:11.228582+00:00,https://consensus.hankyung.com/analysis/downpdf?report_idx=646701
2199,1,NAVER(035420) 커머스와 AI가 만들어 낸 실적,이창영,유안타증권,2026-02-09,2026-05-04 22:48:11.228582+00:00,https://consensus.hankyung.com/analysis/downpdf?report_idx=646700
2200,1,신한지주(055550) 아직은 자사주를 더 살 시기,우도형,유안타증권,2026-02-09,2026-05-04 22:48:11.228582+00:00,https://consensus.hankyung.com/analysis/downpdf?report_idx=646699
2201,1,HD현대일렉트릭(267260) 근거 있는 자신감,"손현정,김고은",유안타증권,2026-02-09,2026-05-04 22:48:11.228582+00:00,https://consensus.hankyung.com/analysis/downpdf?report_idx=646698
2202,1,"파마리서치(214450) 4Q25 Review: 내수 둔화, 수출 성장 유효","이승은,김도엽",유안타증권,2026-02-09,2026-05-04 22:48:11.228582+00:00,https://consensus.hankyung.com/analysis/downpdf?report_idx=646697
2203,1,아모레퍼시픽(090430) 일회성 비용에도 해외·COSRX 턴어라운드,"이승은,김도엽",유안타증권,2026-02-09,2026-05-04 22:48:11.228582+00:00,https://consensus.hankyung.com/analysis/downpdf?report_idx=646696
2204,1,"쓰리에이로직스(177900) 국내 유일 NFC 팹리스, 2026년 실적 레벨업 구 간 진입",김아영,대신증권,2026-02-09,2026-05-04 22:48:11.228582+00:00,https://consensus.hankyung.com/analysis/downpdf?report_idx=646693
2205,1,"한세실업(105630) 고단가 제품 수주 불구, 가동률 하락으로 마진 훼손",유정현,대신증권,2026-02-09,2026-05-04 22:48:11.228582+00:00,https://consensus.hankyung.com/analysis/downpdf?report_idx=646692
2206,1,자화전자(033240) 4Q 실적은 예상을 상회!,"박강호,서지원",대신증권,2026-02-09,2026-05-04 22:48:11.228582+00:00,https://consensus.hankyung.com/analysis/downpdf?report_idx=646691
2207,1,나라스페이스테크놀로지(478340) 상징적인 우주 데이터 플랫폼 기업,나승두,SK증권,2026-02-09,2026-05-04 22:48:11.228582+00:00,https://consensus.hankyung.com/analysis/downpdf?report_idx=646689
2208,1,"에이치브이엠(295310) 뉴스페이스 시대, 우주향 첨단금속 수요 확대의 수혜주",허선재,SK증권,2026-02-09,2026-05-04 22:48:11.228582+00:00,https://consensus.hankyung.com/analysis/downpdf?report_idx=646688
2209,1,대한전선(001440) 초고압전선이 수익성 견인,나민식,SK증권,2026-02-09,2026-05-04 22:48:11.228582+00:00,https://consensus.hankyung.com/analysis/downpdf?report_idx=646684
2210,1,HD현대일렉트릭(267260) 진공상태,나민식,SK증권,2026-02-09,2026-05-04 22:48:11.228582+00:00,https://consensus.hankyung.com/analysis/downpdf?report_idx=646683
2211,1,NAVER(035420) AI의 실적 기여 시작,남효지,SK증권,2026-02-09,2026-05-04 22:48:11.228582+00:00,https://consensus.hankyung.com/analysis/downpdf?report_idx=646682
2212,1,테스(095610) 증설 효과 반영 시작,이동주,SK증권,2026-02-09,2026-05-04 22:48:11.228582+00:00,https://consensus.hankyung.com/analysis/downpdf?report_idx=646678
2213,1,스피어(347700) SpaceX 밸류체인내핵심SCM 파트너,허선재,SK증권,2026-02-09,2026-05-04 22:48:11.228582+00:00,https://consensus.hankyung.com/analysis/downpdf?report_idx=646676
2214,1,HDC현대산업개발(294870) 4Q25 Review: Valuation call,조정현,IBK투자증권,2026-02-09,2026-05-04 22:48:11.228582+00:00,https://consensus.hankyung.com/analysis/downpdf?report_idx=646675
2215,1,GS건설(006360) 4Q25 Review: 연내 사업 포트폴리오 재편 마무리 전망,조정현,IBK투자증권,2026-02-09,2026-05-04 22:48:11.228582+00:00,https://consensus.hankyung.com/analysis/downpdf?report_idx=646674
2216,1,"DL이앤씨(375500) 4Q25 Review: 이익은 베이스, 수주로 레이스",조정현,IBK투자증권,2026-02-09,2026-05-04 22:48:11.228582+00:00,https://consensus.hankyung.com/analysis/downpdf?report_idx=646673
2217,1,HD현대일렉트릭(267260) 견조한 성장 스토리,김태현,IBK투자증권,2026-02-09,2026-05-04 22:48:11.228582+00:00,https://consensus.hankyung.com/analysis/downpdf?report_idx=646672
2218,1,한국항공우주(047810) 4Q25: 강력한 KF-21 수출 자신감,변용진,iM증권,2026-02-09,2026-05-04 22:48:11.228582+00:00,https://consensus.hankyung.com/analysis/downpdf?report_idx=646668
2219,1,HL만도(204320) 아쉬운 이익에 가려진 잠재력,이상수,LS증권,2026-02-09,2026-05-04 22:48:11.228582+00:00,https://consensus.hankyung.com/analysis/downpdf?report_idx=646667
2220,1,SK가스(018670) 26년 외형확대 제한 vs 점차 확대될 LNG 포트폴리오,"전유진,장호",iM증권,2026-02-09,2026-05-04 22:48:11.228582+00:00,https://consensus.hankyung.com/analysis/downpdf?report_idx=646666
2221,1,SK네트웍스(001740) 배당소득 분리과세 및 자사주 소각 기대됨,"이상헌, 장호헌",iM증권,2026-02-09,2026-05-04 22:48:11.228582+00:00,https://consensus.hankyung.com/analysis/downpdf?report_idx=646665
2222,1,리브스메드(491000) 올해 매출 점프업 및 수술 로봇 성장성 가속화,"이상헌,장호",iM증권,2026-02-09,2026-05-04 22:48:11.228582+00:00,https://consensus.hankyung.com/analysis/downpdf?report_idx=646664
2223,1,"DL이앤씨(375500) 개선될 2026년 실적, 신규 플랜트 수주가 중요",배세호,iM증권,2026-02-09,2026-05-04 22:48:11.228582+00:00,https://consensus.hankyung.com/analysis/downpdf?report_idx=646663
2224,1,HDC현대산업개발(294870) 정상 궤도로 순항 중,배세호,iM증권,2026-02-09,2026-05-04 22:48:11.228582+00:00,https://consensus.hankyung.com/analysis/downpdf?report_idx=646662
2225,1,HDC현대산업개발(294870) 정상 궤도로 순항 중,배세호,iM증권,2026-02-09,2026-05-04 22:48:11.228582+00:00,https://consensus.hankyung.com/analysis/downpdf?report_idx=646661
2226,1,금호타이어(073240) 생산 공백을 이겨낸 서프라이즈,이병근,LS증권,2026-02-09,2026-05-04 22:48:11.228582+00:00,https://consensus.hankyung.com/analysis/downpdf?report_idx=646659
2227,1,DL이앤씨(375500) 밸류에이션 갭을 메워보자,김세련,LS증권,2026-02-09,2026-05-04 22:48:11.228582+00:00,https://consensus.hankyung.com/analysis/downpdf?report_idx=646658
2228,1,GS건설(006360) 본업은 좋았다,김세련,LS증권,2026-02-09,2026-05-04 22:48:11.228582+00:00,https://consensus.hankyung.com/analysis/downpdf?report_idx=646657
2229,1,HDC현대산업개발(294870) 개발이익이 끌고갈 한 해,김세련,LS증권,2026-02-09,2026-05-04 22:48:11.228582+00:00,https://consensus.hankyung.com/analysis/downpdf?report_idx=646656
2230,1,"HD현대일렉트릭(267260) 올해도 두 자릿수 매출 성장, 2%P 이상 수익성 개선 전망",성종화,LS증권,2026-02-09,2026-05-04 22:48:11.228582+00:00,https://consensus.hankyung.com/analysis/downpdf?report_idx=646655
2231,1,롯데웰푸드(280360) 비용 절감 효과 증명할 26년,박성호,LS증권,2026-02-09,2026-05-04 22:48:11.228582+00:00,https://consensus.hankyung.com/analysis/downpdf?report_idx=646654
2232,1,우리금융지주(316140) 포트폴리오 완성으로 주주환원 확대 본격화,전배승,LS증권,2026-02-09,2026-05-04 22:48:11.228582+00:00,https://consensus.hankyung.com/analysis/downpdf?report_idx=646653
2233,1,BNK금융지주(138930) 이익개선을 바탕으로 탄력적 주주환원 확대,전배승,LS증권,2026-02-09,2026-05-04 22:48:11.228582+00:00,https://consensus.hankyung.com/analysis/downpdf?report_idx=646652
2234,1,iM금융지주(139130) 수익성 회복과 주주환원 확대,전배승,LS증권,2026-02-09,2026-05-04 22:48:11.228582+00:00,https://consensus.hankyung.com/analysis/downpdf?report_idx=646651
2235,1,JB금융지주(175330) 레벨업된 기업가치 제고방안,전배승,LS증권,2026-02-09,2026-05-04 22:48:11.228582+00:00,https://consensus.hankyung.com/analysis/downpdf?report_idx=646650
2236,1,아모레퍼시픽(090430) 4Q25 Review: 시장 대응력 탑재 완료,오린아,LS증권,2026-02-09,2026-05-04 22:48:11.228582+00:00,https://consensus.hankyung.com/analysis/downpdf?report_idx=646649
2237,1,코웨이(021240) 4Q25 Review: 신제품 확장 기대,오린아,LS증권,2026-02-09,2026-05-04 22:48:11.228582+00:00,https://consensus.hankyung.com/analysis/downpdf?report_idx=646648
2238,1,"DL이앤씨(375500) 준비된 이익 정상화, 플랜트 수주가 응답할 시간",류태환,유진투자증권,2026-02-09,2026-05-04 22:48:11.228582+00:00,https://consensus.hankyung.com/analysis/downpdf?report_idx=646647
2239,1,GS건설(006360) 동트기 전이 가장 어둡다,류태환,유진투자증권,2026-02-09,2026-05-04 22:48:11.228582+00:00,https://consensus.hankyung.com/analysis/downpdf?report_idx=646642
2240,1,"유진투자증권(001200) 외형보다 내실, 질적 성장의 원년",류태환,유진투자증권,2026-02-09,2026-05-04 22:48:11.228582+00:00,https://consensus.hankyung.com/analysis/downpdf?report_idx=646641
2241,1,교촌에프앤비(339770) 4Q25P Review: 7분기 연속 매출 성장,박종선,유진투자증권,2026-02-09,2026-05-04 22:48:11.228582+00:00,https://consensus.hankyung.com/analysis/downpdf?report_idx=646640
2242,1,하이비젼시스템(126700) 4Q25P Review: 사업 다각화 수혜 기대,박종선,유진투자증권,2026-02-09,2026-05-04 22:48:11.228582+00:00,https://consensus.hankyung.com/analysis/downpdf?report_idx=646639
2243,1,씨어스테크놀로지(458870) Accelerating to Scale,"권해순,이다빈",유진투자증권,2026-02-09,2026-05-04 22:48:11.228582+00:00,https://consensus.hankyung.com/analysis/downpdf?report_idx=646638
2244,1,"NAVER(035420) 상처받은 AI 자긍심, 성과로 회복해야",정의훈,유진투자증권,2026-02-09,2026-05-04 22:48:11.228582+00:00,https://consensus.hankyung.com/analysis/downpdf?report_idx=646637
2245,1,롯데쇼핑(023530) 4Q25 Review,김정욱,메리츠증권,2026-02-06,2026-05-04 22:48:11.228582+00:00,https://consensus.hankyung.com/analysis/downpdf?report_idx=646633
2246,1,셀트리온(068270) 2026년: OPM 본격 개선 구간,김준영,메리츠증권,2026-02-06,2026-05-04 22:48:11.228582+00:00,https://consensus.hankyung.com/analysis/downpdf?report_idx=646632
2247,1,한미약품(128940) 4Q25 Review: 역대 최대 영업이익 달성,김준영,메리츠증권,2026-02-06,2026-05-04 22:48:11.228582+00:00,https://consensus.hankyung.com/analysis/downpdf?report_idx=646631
2248,1,JB금융지주(175330) 강화된 주주환원,"조아해,공건희",메리츠증권,2026-02-06,2026-05-04 22:48:11.228582+00:00,https://consensus.hankyung.com/analysis/downpdf?report_idx=646630
2249,1,기업은행(024110) 비이자이익의 호조,"조아해,공건희",메리츠증권,2026-02-06,2026-05-04 22:48:11.228582+00:00,https://consensus.hankyung.com/analysis/downpdf?report_idx=646629
2250,1,에코프로비엠(247540) 4Q25 Review : 일회성 변수 반영되며 영업흑자 기록,"노우호,황현식",메리츠증권,2026-02-06,2026-05-04 22:48:11.228582+00:00,https://consensus.hankyung.com/analysis/downpdf?report_idx=646628
2251,1,엘앤에프(066970) 4Q25 Review : 2 개 분기 연속 영업이익 흑자 기록 중,"노우호,황현식",메리츠증권,2026-02-06,2026-05-04 22:48:11.228582+00:00,https://consensus.hankyung.com/analysis/downpdf?report_idx=646627
2252,1,HL만도(204320) 로보택시가 온다,"김준성,배현서",메리츠증권,2026-02-06,2026-05-04 22:48:11.228582+00:00,https://consensus.hankyung.com/analysis/downpdf?report_idx=646626
2253,1,"파크시스템스(140860) 증가하는 CAPEX, 확대되는 신장비 효과",김동관,메리츠증권,2026-02-06,2026-05-04 22:48:11.228582+00:00,https://consensus.hankyung.com/analysis/downpdf?report_idx=646624
2254,1,"넷마블(251270) 확연한 주주환원 정책, 그리고 1Q 이벤트",이효진,메리츠증권,2026-02-06,2026-05-04 22:48:11.228582+00:00,https://consensus.hankyung.com/analysis/downpdf?report_idx=646623
2255,1,CJ ENM(035760) 잠재력은 충분하다,"정지수, 박건영",메리츠증권,2026-02-06,2026-05-04 22:48:11.228582+00:00,https://consensus.hankyung.com/analysis/downpdf?report_idx=646622
2256,1,스튜디오드래곤(253450) 돈이 되는 드라마,"정지수, 박건영",메리츠증권,2026-02-06,2026-05-04 22:48:11.228582+00:00,https://consensus.hankyung.com/analysis/downpdf?report_idx=646621
2257,1,KB금융(105560) 4Q25 Re-압도적 주주환원 지속될 전망,김현수,상상인증권,2026-02-06,2026-05-04 22:48:11.228582+00:00,https://consensus.hankyung.com/analysis/downpdf?report_idx=646620
2258,1,신한지주(055550) 4Q25 Re-불확실성의 해소,김현수,상상인증권,2026-02-06,2026-05-04 22:48:11.228582+00:00,https://consensus.hankyung.com/analysis/downpdf?report_idx=646619
2259,1,"JB금융지주(175330) 4Q25 Re-배당주의 정석,흔들림 없는 체력",김현수,상상인증권,2026-02-06,2026-05-04 22:48:11.228582+00:00,https://consensus.hankyung.com/analysis/downpdf?report_idx=646618
2260,1,한미약품(128940) 4Q25 어닝 서프라이즈 시현!,이달미,상상인증권,2026-02-06,2026-05-04 22:48:11.228582+00:00,https://consensus.hankyung.com/analysis/downpdf?report_idx=646617
2261,1,"범한퓨얼셀(382900) 연료전지·수소충전소, 양축 성장이 모두 기대되는 수소전문기업","이희경,이원재",한국IR협의회,2026-02-06,2026-05-04 22:48:11.228582+00:00,https://consensus.hankyung.com/analysis/downpdf?report_idx=646614
2262,1,KB금융(105560) 서프라이즈 범벅,김도하,한화투자증권,2026-02-06,2026-05-04 22:48:11.228582+00:00,https://consensus.hankyung.com/analysis/downpdf?report_idx=646613
2263,1,한국항공우주(047810) [4Q25 Review] 예상을 뛰어넘는 가이던스,배성조,한화투자증권,2026-02-06,2026-05-04 22:48:11.228582+00:00,https://consensus.hankyung.com/analysis/downpdf?report_idx=646611
2264,1,JB금융지주(175330) 첫 번째 Value-up ver.2 발표,김도하,한화투자증권,2026-02-06,2026-05-04 22:48:11.228582+00:00,https://consensus.hankyung.com/analysis/downpdf?report_idx=646610
2265,1,신한지주(055550) 환원 목표를 2년 조기 달성,김도하,한화투자증권,2026-02-06,2026-05-04 22:48:11.228582+00:00,https://consensus.hankyung.com/analysis/downpdf?report_idx=646609
2266,1,한화솔루션(009830) 본격 턴어라운드 시작,"이용욱,고예진",한화투자증권,2026-02-06,2026-05-04 22:48:11.228582+00:00,https://consensus.hankyung.com/analysis/downpdf?report_idx=646608
2267,1,"에코프로비엠(247540) 삼성SDI는 회복, SKon은 악화","이용욱,고예진",한화투자증권,2026-02-06,2026-05-04 22:48:11.228582+00:00,https://consensus.hankyung.com/analysis/downpdf?report_idx=646607
2268,1,HL만도(204320) 미래 제품 수주 확대와 로보틱스 사업가치 증대 기대,"김성래,김예인",한화투자증권,2026-02-06,2026-05-04 22:48:11.228582+00:00,https://consensus.hankyung.com/analysis/downpdf?report_idx=646605
2269,1,"CJ ENM(035760) 깜짝 서프라이즈, 분기 이익 안정성 기대","김소혜,김나우",한화투자증권,2026-02-06,2026-05-04 22:48:11.228582+00:00,https://consensus.hankyung.com/analysis/downpdf?report_idx=646604
2270,1,넷마블(251270) 실적 정상화,"김소혜,김나우",한화투자증권,2026-02-06,2026-05-04 22:48:11.228582+00:00,https://consensus.hankyung.com/analysis/downpdf?report_idx=646603
2271,1,KT&G(033780) 점진적 수익성 개선에 주목할 때,"손현정,김고은",유안타증권,2026-02-06,2026-05-04 22:48:11.228582+00:00,https://consensus.hankyung.com/analysis/downpdf?report_idx=646602
2272,1,산일전기(062040) 데이터센터로 확장된 성장 스토리,"손현정,김고은",유안타증권,2026-02-06,2026-05-04 22:48:11.228582+00:00,https://consensus.hankyung.com/analysis/downpdf?report_idx=646601
2273,1,"SK텔레콤(017670) 돌아온다고 했제, 반영한다고 그랬제","이승웅,김고은",유안타증권,2026-02-06,2026-05-04 22:48:11.228582+00:00,https://consensus.hankyung.com/analysis/downpdf?report_idx=646600
2274,1,LG유플러스(032640) 이익 성장에 따른 주주환원 확대 기대,"이승은,김고은",유안타증권,2026-02-06,2026-05-04 22:48:11.228582+00:00,https://consensus.hankyung.com/analysis/downpdf?report_idx=646599
2275,1,셀트리온(068270) 시밀러 품목 확대로 성장기 진입,하현수,유안타증권,2026-02-06,2026-05-04 22:48:11.228582+00:00,https://consensus.hankyung.com/analysis/downpdf?report_idx=646598
2276,1,에이피알(278470) 미국·유럽 채널 확장으로 성장 가시성 확대,"이승은,김도엽",유안타증권,2026-02-06,2026-05-04 22:48:11.228582+00:00,https://consensus.hankyung.com/analysis/downpdf?report_idx=646597
2277,1,한국항공우주(047810) 4Q25 Review: KF-21이 벌써 해외로?,백종민,유안타증권,2026-02-06,2026-05-04 22:48:11.228582+00:00,https://consensus.hankyung.com/analysis/downpdf?report_idx=646596
2278,1,KB금융(105560) 2025년 총주주환원율 52.4% 달성,우도형,유안타증권,2026-02-06,2026-05-04 22:48:11.228582+00:00,https://consensus.hankyung.com/analysis/downpdf?report_idx=646595
2279,1,SK텔레콤(017670) 신박한 아이디어,김회재,대신증권,2026-02-06,2026-05-04 22:48:11.228582+00:00,https://consensus.hankyung.com/analysis/downpdf?report_idx=646593
2280,1,넷마블(251270) 호실적에도 설레지 않는 신작,이지은,대신증권,2026-02-06,2026-05-04 22:48:11.228582+00:00,https://consensus.hankyung.com/analysis/downpdf?report_idx=646592
2281,1,CJ ENM(035760) 26년은 전 사업부 흑자 도전,김회재,대신증권,2026-02-06,2026-05-04 22:48:11.228582+00:00,https://consensus.hankyung.com/analysis/downpdf?report_idx=646591
2282,1,CJ ENM(035760) 26년은 전 사업부 흑자 도전,김회재,대신증권,2026-02-06,2026-05-04 22:48:11.228582+00:00,https://consensus.hankyung.com/analysis/downpdf?report_idx=646590
2283,1,LG유플러스(032640) 이제 1조원은 기본입니다.,김회재,대신증권,2026-02-06,2026-05-04 22:48:11.228582+00:00,https://consensus.hankyung.com/analysis/downpdf?report_idx=646589
2284,1,"스튜디오드래곤(253450) 제작은 늘리고, 마진은 올리고",김회재,대신증권,2026-02-06,2026-05-04 22:48:11.228582+00:00,https://consensus.hankyung.com/analysis/downpdf?report_idx=646588
2285,1,신한지주(055550) 배당을 향한 총력적인 노력이 모두 가시화,"박혜진,권용수",대신증권,2026-02-06,2026-05-04 22:48:11.228582+00:00,https://consensus.hankyung.com/analysis/downpdf?report_idx=646587
2286,1,"HL만도(204320) 스쳐간 4분기 악몽, 다가올 수주 기대",김귀연,대신증권,2026-02-06,2026-05-04 22:48:11.228582+00:00,https://consensus.hankyung.com/analysis/downpdf?report_idx=646586
2287,1,KB금융(105560) 이제 글로벌 상위권 은행과 어깨를 나란히,"박혜진,권용수",대신증권,2026-02-06,2026-05-04 22:48:11.228582+00:00,https://consensus.hankyung.com/analysis/downpdf?report_idx=646585
2288,1,SK텔레콤(017670) 우려보단 기대를,최관순,SK증권,2026-02-06,2026-05-04 22:48:11.228582+00:00,https://consensus.hankyung.com/analysis/downpdf?report_idx=646580
2289,1,LG헬로비전(037560) 26년 정상화를 기다리며,최관순,SK증권,2026-02-06,2026-05-04 22:48:11.228582+00:00,https://consensus.hankyung.com/analysis/downpdf?report_idx=646579
2290,1,LG유플러스(032640) 26년 영업이익 1조원이 보인다,최관순,SK증권,2026-02-06,2026-05-04 22:48:11.228582+00:00,https://consensus.hankyung.com/analysis/downpdf?report_idx=646578
2291,1,LG(003550) 할인율 축소중,최관순,SK증권,2026-02-06,2026-05-04 22:48:11.228582+00:00,https://consensus.hankyung.com/analysis/downpdf?report_idx=646577
2292,1,"LS에코에너지(229640) 관세이슈 지속, 그러나 성장스토리 유효",나민식,SK증권,2026-02-06,2026-05-04 22:48:11.228582+00:00,https://consensus.hankyung.com/analysis/downpdf?report_idx=646575
2293,1,SGC에너지(005090) AI데이터센터 등 성장동력 제시,나민식,SK증권,2026-02-06,2026-05-04 22:48:11.228582+00:00,https://consensus.hankyung.com/analysis/downpdf?report_idx=646574
2294,1,산일전기(062040) 구조적 성장의 초입,고서영,SK증권,2026-02-06,2026-05-04 22:48:11.228582+00:00,https://consensus.hankyung.com/analysis/downpdf?report_idx=646573
2295,1,셀트리온(068270) 4Q25 Review: 신제품 성장으로 수익성 개선,이선경,SK증권,2026-02-06,2026-05-04 22:48:11.228582+00:00,https://consensus.hankyung.com/analysis/downpdf?report_idx=646572
2296,1,"넷마블(251270) 나야, 넷마블",남효지,SK증권,2026-02-06,2026-05-04 22:48:11.228582+00:00,https://consensus.hankyung.com/analysis/downpdf?report_idx=646571
2297,1,덕산하이메탈(077360) 기판 호황 씬의 주인공으로 리레이팅 중,권민규,SK증권,2026-02-06,2026-05-04 22:48:11.228582+00:00,https://consensus.hankyung.com/analysis/downpdf?report_idx=646570
2298,1,솔루스첨단소재(336370) 26 & 27년에도 EV 집중 전략,박형우,SK증권,2026-02-06,2026-05-04 22:48:11.228582+00:00,https://consensus.hankyung.com/analysis/downpdf?report_idx=646569
2299,1,에코프로비엠(247540) 곧 일어날 시기,이현욱,IBK투자증권,2026-02-06,2026-05-04 22:48:11.228582+00:00,https://consensus.hankyung.com/analysis/downpdf?report_idx=646568
2300,1,엘앤에프(066970) 흑자가 지속되는 시기,이현욱,IBK투자증권,2026-02-06,2026-05-04 22:48:11.228582+00:00,https://consensus.hankyung.com/analysis/downpdf?report_idx=646567
2301,1,CJ ENM(035760) 전 사업부 실적 개선!,김유혁,IBK투자증권,2026-02-06,2026-05-04 22:48:11.228582+00:00,https://consensus.hankyung.com/analysis/downpdf?report_idx=646566
2302,1,스튜디오드래곤(253450) 더 좋아질 일만 남았다,김유혁,IBK투자증권,2026-02-06,2026-05-04 22:48:11.228582+00:00,https://consensus.hankyung.com/analysis/downpdf?report_idx=646565
2303,1,KT&G(033780) 성장과 환원의 선순환 지속,김태현,IBK투자증권,2026-02-06,2026-05-04 22:48:11.228582+00:00,https://consensus.hankyung.com/analysis/downpdf?report_idx=646564
2304,1,"SK텔레콤(017670) 악재 반영 마무리, 실적 회복 가시화",김태현,IBK투자증권,2026-02-06,2026-05-04 22:48:11.228582+00:00,https://consensus.hankyung.com/analysis/downpdf?report_idx=646563
2305,1,LG유플러스(032640) 수익성 회복 국면 진입,김태현,IBK투자증권,2026-02-06,2026-05-04 22:48:11.228582+00:00,https://consensus.hankyung.com/analysis/downpdf?report_idx=646562
2306,1,"LS에코에너지(229640) 작년은 믹스 개선, 올해는 가격 전가",김태현,IBK투자증권,2026-02-06,2026-05-04 22:48:11.228582+00:00,https://consensus.hankyung.com/analysis/downpdf?report_idx=646561
2307,1,셀트리온(068270) 지금까지는 순조롭다,정재원,iM증권,2026-02-06,2026-05-04 22:48:11.228582+00:00,https://consensus.hankyung.com/analysis/downpdf?report_idx=646556
2308,1,한미약품(128940) 흔들리며 피는 꽃,정재원,iM증권,2026-02-06,2026-05-04 22:48:11.228582+00:00,https://consensus.hankyung.com/analysis/downpdf?report_idx=646555
2309,1,한화솔루션(009830) 그래도 꽤 많은 불확실성을 덜어냈다,"전유진,장호",iM증권,2026-02-06,2026-05-04 22:48:11.228582+00:00,https://consensus.hankyung.com/analysis/downpdf?report_idx=646554
2310,1,엘앤에프(066970) 중장기 실적 회복 국면은 긍정적,정원석,iM증권,2026-02-06,2026-05-04 22:48:11.228582+00:00,https://consensus.hankyung.com/analysis/downpdf?report_idx=646553
2311,1,에코프로비엠(247540) 최근 주가 상승 요인은 업황 회복 아닌 수급,정원석,iM증권,2026-02-06,2026-05-04 22:48:11.228582+00:00,https://consensus.hankyung.com/analysis/downpdf?report_idx=646552
2312,1,"산일전기(062040) 4Q25 영업실적, 3Q25 일회성 요인 해소에 의미를 두자",성종화,LS증권,2026-02-06,2026-05-04 22:48:11.228582+00:00,https://consensus.hankyung.com/analysis/downpdf?report_idx=646550
2313,1,LS에코에너지(229640) 희토류 사업 표면화. 이젠 구체화 과정 주시,성종화,LS증권,2026-02-06,2026-05-04 22:48:11.228582+00:00,https://consensus.hankyung.com/analysis/downpdf?report_idx=646549
2314,1,LS에코에너지(229640) 희토류 사업 표면화. 이젠 구체화 과정 주시,성종화,LS증권,2026-02-06,2026-05-04 22:48:11.228582+00:00,https://consensus.hankyung.com/analysis/downpdf?report_idx=646548
2315,1,HL만도(204320) 소외될 수 없는 로봇주,이병근,LS증권,2026-02-06,2026-05-04 22:48:11.228582+00:00,https://consensus.hankyung.com/analysis/downpdf?report_idx=646547
2316,1,KT&G(033780) 안정적인 성장과 주주환원,박성호,LS증권,2026-02-06,2026-05-04 22:48:11.228582+00:00,https://consensus.hankyung.com/analysis/downpdf?report_idx=646546
2317,1,KB금융(105560) 예상을 지속 상회하는 주주환원,전배승,LS증권,2026-02-06,2026-05-04 22:48:11.228582+00:00,https://consensus.hankyung.com/analysis/downpdf?report_idx=646545
2318,1,신한지주(055550) 높은 이익가시성을 바탕으로 주주환원율 지속 확대,전배승,LS증권,2026-02-06,2026-05-04 22:48:11.228582+00:00,https://consensus.hankyung.com/analysis/downpdf?report_idx=646544
2319,1,셀트리온(068270) 신규 제품군 확대에 따른 성장 국면 진입,신지훈,LS증권,2026-02-06,2026-05-04 22:48:11.228582+00:00,https://consensus.hankyung.com/analysis/downpdf?report_idx=646543
2320,1,한국항공우주(047810) 4Q25 Review: KF-21 보라매 하늘을 날다,최정환,LS증권,2026-02-06,2026-05-04 22:48:11.228582+00:00,https://consensus.hankyung.com/analysis/downpdf?report_idx=646542
2321,1,기업은행(024110) 제한적인 주주환원 확대여력,전배승,LS증권,2026-02-06,2026-05-04 22:48:11.228582+00:00,https://consensus.hankyung.com/analysis/downpdf?report_idx=646541
2322,1,HL만도(204320) 4Q25 Review: 핵심은 신규 수주,이재일,유진투자증권,2026-02-06,2026-05-04 22:48:11.228582+00:00,https://consensus.hankyung.com/analysis/downpdf?report_idx=646540
2323,1,솔루스첨단소재(336370) 올해 전지박 매출 급증 예상,한병화,유진투자증권,2026-02-06,2026-05-04 22:48:11.228582+00:00,https://consensus.hankyung.com/analysis/downpdf?report_idx=646539
2324,1,한국항공우주(047810) 모든 것이 궤도에 올라올 한 해,양승윤,유진투자증권,2026-02-06,2026-05-04 22:48:11.228582+00:00,https://consensus.hankyung.com/analysis/downpdf?report_idx=646538
2325,1,"에코프로비엠(247540) 선방한 25년, 올 하반기부터 성장 재개",한병화,유진투자증권,2026-02-06,2026-05-04 22:48:11.228582+00:00,https://consensus.hankyung.com/analysis/downpdf?report_idx=646537
2326,1,한화솔루션(009830) 실적과 주가 모두 우주로 가자!,황성현,유진투자증권,2026-02-06,2026-05-04 22:48:11.228582+00:00,https://consensus.hankyung.com/analysis/downpdf?report_idx=646536
2327,1,LG유플러스(032640) 유유히 오른다,이찬영,유진투자증권,2026-02-06,2026-05-04 22:48:11.228582+00:00,https://consensus.hankyung.com/analysis/downpdf?report_idx=646535
2328,1,스튜디오드래곤(253450) 나도 좋아졌어!,"이현지,고수영",유진투자증권,2026-02-06,2026-05-04 22:48:11.228582+00:00,https://consensus.hankyung.com/analysis/downpdf?report_idx=646534
2329,1,"SK텔레콤(017670) 화려한 컴백, 쉼표가 필요할지도",이찬영,유진투자증권,2026-02-06,2026-05-04 22:48:11.228582+00:00,https://consensus.hankyung.com/analysis/downpdf?report_idx=646533
2330,1,CJ ENM(035760) 나 좋아졌어!,"이현지,고수영",유진투자증권,2026-02-06,2026-05-04 22:48:11.228582+00:00,https://consensus.hankyung.com/analysis/downpdf?report_idx=646532
2331,1,넷마블(251270) Better than last year,정의훈,유진투자증권,2026-02-06,2026-05-04 22:48:11.228582+00:00,https://consensus.hankyung.com/analysis/downpdf?report_idx=646531
2332,1,GS리테일(007070) 4Q25 Review : 26년은 질적 성장의 해,"이진협,김나우",한화투자증권,2026-02-05,2026-05-04 22:48:11.228582+00:00,https://consensus.hankyung.com/analysis/downpdf?report_idx=646523
2333,1,카카오뱅크(323410) 여신 성장성의 회복 여부가 중요,김도하,한화투자증권,2026-02-05,2026-05-04 22:48:11.228582+00:00,https://consensus.hankyung.com/analysis/downpdf?report_idx=646522
2334,1,디어유(376300) 묵묵하게 결국 이기는,박수영,한화투자증권,2026-02-05,2026-05-04 22:48:11.228582+00:00,https://consensus.hankyung.com/analysis/downpdf?report_idx=646521
2335,1,"현대건설(000720) 또 한번, 수주 역사를 쓸까","송유림,김예인",한화투자증권,2026-02-05,2026-05-04 22:48:11.228582+00:00,https://consensus.hankyung.com/analysis/downpdf?report_idx=646520
2336,1,더존비즈온(012510) 마진율 40%가 나오는 SW 기업,"김소혜,김나우",한화투자증권,2026-02-05,2026-05-04 22:48:11.228582+00:00,https://consensus.hankyung.com/analysis/downpdf?report_idx=646519
2337,1,"롯데케미칼(011170) 하방 경직성 확보, 유의미한 반등은 시기상조","이용욱,고예진",한화투자증권,2026-02-05,2026-05-04 22:48:11.228582+00:00,https://consensus.hankyung.com/analysis/downpdf?report_idx=646518
2338,1,세아베스틸지주(001430) 세아베스틸지주 주가 급등 코멘트,권지우,한화투자증권,2026-02-05,2026-05-04 22:48:11.228582+00:00,https://consensus.hankyung.com/analysis/downpdf?report_idx=646517
2339,1,디어유(376300) 글로벌 지역 확장 본격화,김민영,메리츠증권,2026-02-05,2026-05-04 22:48:11.228582+00:00,https://consensus.hankyung.com/analysis/downpdf?report_idx=646515
2340,1,한국타이어앤테크놀로지(161390) 전기차 시장의 승자,"김준성,배현서",메리츠증권,2026-02-05,2026-05-04 22:48:11.228582+00:00,https://consensus.hankyung.com/analysis/downpdf?report_idx=646514
2341,1,"한화오션(042660) 4Q25 Re: 복잡한 실적, 그래도 답은 하나",김용민,유안타증권,2026-02-05,2026-05-04 22:48:11.228582+00:00,https://consensus.hankyung.com/analysis/downpdf?report_idx=646513
2342,1,키움증권(039490) 단일 종목 레버리지 ETF 거래는 키움이지,우도형,유안타증권,2026-02-05,2026-05-04 22:48:11.228582+00:00,https://consensus.hankyung.com/analysis/downpdf?report_idx=646512
2343,1,롯데케미칼(011170) 주가 100% 상승 여정이 시작되다!,"황규원,서석준",유안타증권,2026-02-05,2026-05-04 22:48:11.228582+00:00,https://consensus.hankyung.com/analysis/downpdf?report_idx=646511
2344,1,에이피알(278470) 노이즈를 뚫고 갈 압도적 성장세,한송협,대신증권,2026-02-05,2026-05-04 22:48:11.228582+00:00,https://consensus.hankyung.com/analysis/downpdf?report_idx=646509
2345,1,파마리서치(214450) 왜 나한테만 이렇게 엄격한건데,한송협,대신증권,2026-02-05,2026-05-04 22:48:11.228582+00:00,https://consensus.hankyung.com/analysis/downpdf?report_idx=646508
2346,1,글로벌텍스프리(204620) 신뢰 회복과 글로벌 확장의 전환점,허선재,SK증권,2026-02-05,2026-05-04 22:48:11.228582+00:00,https://consensus.hankyung.com/analysis/downpdf?report_idx=646505
2347,1,이녹스첨단소재(272290) NDR 후기: ‘첨단’ 소재 기업으로 변화 중,권민규,SK증권,2026-02-05,2026-05-04 22:48:11.228582+00:00,https://consensus.hankyung.com/analysis/downpdf?report_idx=646502
2348,1,ISC(095340) 비수기 극복,이동주,SK증권,2026-02-05,2026-05-04 22:48:11.228582+00:00,https://consensus.hankyung.com/analysis/downpdf?report_idx=646501
2349,1,롯데칠성(005300) 올해는 수익성 회복 전망,김태현,IBK투자증권,2026-02-05,2026-05-04 22:48:11.228582+00:00,https://consensus.hankyung.com/analysis/downpdf?report_idx=646499
2350,1,디어유(376300) 컨센서스 상회!,김유혁,IBK투자증권,2026-02-05,2026-05-04 22:48:11.228582+00:00,https://consensus.hankyung.com/analysis/downpdf?report_idx=646498
2351,1,현대건설(000720) 4Q25 Review: 수익성은 3Q26부터 반등 전망,조정현,IBK투자증권,2026-02-05,2026-05-04 22:48:11.228582+00:00,https://consensus.hankyung.com/analysis/downpdf?report_idx=646497
2352,1,한화오션(042660) 4Q25: 기회는 준비된 자에게 찾아온다,변용진,iM증권,2026-02-05,2026-05-04 22:48:11.228582+00:00,https://consensus.hankyung.com/analysis/downpdf?report_idx=646492
2353,1,롯데케미칼(011170) 터널에서 탈출하기가 몹시 고되다,"전유진,장호",iM증권,2026-02-05,2026-05-04 22:48:11.228582+00:00,https://consensus.hankyung.com/analysis/downpdf?report_idx=646491
2354,1,롯데정밀화학(004000) 26~27년 순차적으로 기대되는 것들,"전유진,장호",iM증권,2026-02-05,2026-05-04 22:48:11.228582+00:00,https://consensus.hankyung.com/analysis/downpdf?report_idx=646490
2355,1,디어유(376300) 역대 분기 최고 실적 기록,황지원,iM증권,2026-02-05,2026-05-04 22:48:11.228582+00:00,https://consensus.hankyung.com/analysis/downpdf?report_idx=646489
2356,1,"현대건설(000720) 기대되는 원전 수주, 높은 밸류에이션 정당화",배세호,iM증권,2026-02-05,2026-05-04 22:48:11.228582+00:00,https://consensus.hankyung.com/analysis/downpdf?report_idx=646488
2357,1,현대건설(000720) 에너지 빅사이클의 초입에 서다,김세련,LS증권,2026-02-05,2026-05-04 22:48:11.228582+00:00,https://consensus.hankyung.com/analysis/downpdf?report_idx=646487
2358,1,"한국타이어앤테크놀로지(161390) 타이어는 질적 성장, 한온은 Turn",이병근,LS증권,2026-02-05,2026-05-04 22:48:11.228582+00:00,https://consensus.hankyung.com/analysis/downpdf?report_idx=646486
2359,1,넥센타이어(002350) 유럽이 깔아준 실적 성장판,이병근,LS증권,2026-02-05,2026-05-04 22:48:11.228582+00:00,https://consensus.hankyung.com/analysis/downpdf?report_idx=646485
2360,1,롯데칠성(005300) 더딘 업황 개선,박성호,LS증권,2026-02-05,2026-05-04 22:48:11.228582+00:00,https://consensus.hankyung.com/analysis/downpdf?report_idx=646484
2361,1,"파마리서치(214450) 어닝 쇼크, 그러나 여전한 리쥬란 성장 스토리",조은애,LS증권,2026-02-05,2026-05-04 22:48:11.228582+00:00,https://consensus.hankyung.com/analysis/downpdf?report_idx=646483
2362,1,에이피알(278470) 이제는 시가총액 10조원이 바닥,조은애,LS증권,2026-02-05,2026-05-04 22:48:11.228582+00:00,https://consensus.hankyung.com/analysis/downpdf?report_idx=646482
2363,1,키움증권(039490) 코스닥 약진 수혜주,전배승,LS증권,2026-02-05,2026-05-04 22:48:11.228582+00:00,https://consensus.hankyung.com/analysis/downpdf?report_idx=646481
2364,1,GS리테일(007070) 4Q25 Review: 양질의 점포로 승부한다,오린아,LS증권,2026-02-05,2026-05-04 22:48:11.228582+00:00,https://consensus.hankyung.com/analysis/downpdf?report_idx=646480
2365,1,카카오뱅크(323410) 성장 프리미엄 재개 기대,전배승,LS증권,2026-02-05,2026-05-04 22:48:11.228582+00:00,https://consensus.hankyung.com/analysis/downpdf?report_idx=646479
2366,1,한화오션(042660) 4Q25 Review: 줄 건 줘,이재혁,LS증권,2026-02-05,2026-05-04 22:48:11.228582+00:00,https://consensus.hankyung.com/analysis/downpdf?report_idx=646478
2367,1,"현대건설(000720) 쏟아지는 조명, 아쉬운 CAPA",류태환,유진투자증권,2026-02-05,2026-05-04 22:48:11.228582+00:00,https://consensus.hankyung.com/analysis/downpdf?report_idx=646477
2368,1,더존비즈온(012510) 4Q25P Review: 최고 실적 갱신 지속,박종선,유진투자증권,2026-02-05,2026-05-04 22:48:11.228582+00:00,https://consensus.hankyung.com/analysis/downpdf?report_idx=646476
2369,1,롯데케미칼(011170) 끝날 때까지 끝난 게 아니다,황성현,유진투자증권,2026-02-05,2026-05-04 22:48:11.228582+00:00,https://consensus.hankyung.com/analysis/downpdf?report_idx=646475
2370,1,프로텍(053610) 선단 패키징 수요와 함께 성장,"박성순,김혜빈",한국IR협의회,2026-02-04,2026-05-04 22:48:11.228582+00:00,https://consensus.hankyung.com/analysis/downpdf?report_idx=646470
2371,1,정상제이엘에스(040420) 수익성 개선 기대,"김태현,박규연",한국IR협의회,2026-02-04,2026-05-04 22:48:11.228582+00:00,https://consensus.hankyung.com/analysis/downpdf?report_idx=646469
2372,1,호텔신라(008770) 4Q25 Review : 나도 인바운드 수혜주. 2Q26 모멘텀 확대 전망,"이진협,김나우",한화투자증권,2026-02-04,2026-05-04 22:48:11.228582+00:00,https://consensus.hankyung.com/analysis/downpdf?report_idx=646468
2373,1,롯데에너지머티리얼즈(020150) 사업 포트폴리오 다변화,"노우호,황현식",메리츠증권,2026-02-04,2026-05-04 22:48:11.228582+00:00,https://consensus.hankyung.com/analysis/downpdf?report_idx=646463
2374,1,SNT모티브(064960) 신사업(로봇/방산)이 관건!,김귀연,대신증권,2026-02-04,2026-05-04 22:48:11.228582+00:00,https://consensus.hankyung.com/analysis/downpdf?report_idx=646462
2375,1,CJ CGV(079160) 효율화 마무리. 돈 버는 구간,김회재,대신증권,2026-02-04,2026-05-04 22:48:11.228582+00:00,https://consensus.hankyung.com/analysis/downpdf?report_idx=646461
2376,1,한온시스템(018880) Again 턴어라운드 프리미엄,김귀연,대신증권,2026-02-04,2026-05-04 22:48:11.228582+00:00,https://consensus.hankyung.com/analysis/downpdf?report_idx=646460
2377,1,이노션(214320) 보유 현금 보다는 비싸야죠,김회재,대신증권,2026-02-04,2026-05-04 22:48:11.228582+00:00,https://consensus.hankyung.com/analysis/downpdf?report_idx=646459
2378,1,호텔신라(008770) 해외 공항 철수 비용 반영되며 실적 부진,유정현,대신증권,2026-02-04,2026-05-04 22:48:11.228582+00:00,https://consensus.hankyung.com/analysis/downpdf?report_idx=646458
2379,1,기아(000270) 26년은 미국 HEV와 유럽 EV가 성장의 축,윤혁진,SK증권,2026-02-04,2026-05-04 22:48:11.228582+00:00,https://consensus.hankyung.com/analysis/downpdf?report_idx=646456
2380,1,SNT다이내믹스(003570) 여전히 저평가 국면을 지나고 있다,나승두,SK증권,2026-02-04,2026-05-04 22:48:11.228582+00:00,https://consensus.hankyung.com/analysis/downpdf?report_idx=646454
2381,1,제이에스링크(127120) 영구자석 증설계획 본궤도 진입,나민식,SK증권,2026-02-04,2026-05-04 22:48:11.228582+00:00,https://consensus.hankyung.com/analysis/downpdf?report_idx=646450
2382,1,"롯데에너지머티리얼즈(020150) 회로박, MLB와 FCBGA 기판의 병목",박형우,SK증권,2026-02-04,2026-05-04 22:48:11.228582+00:00,https://consensus.hankyung.com/analysis/downpdf?report_idx=646449
2383,1,덕산네오룩스(213420) 4Q25 Preview: 분기 기준 사상 최대 매출 전망,강민구,IBK투자증권,2026-02-04,2026-05-04 22:48:11.228582+00:00,https://consensus.hankyung.com/analysis/downpdf?report_idx=646448
2384,1,한온시스템(018880) 이익 정상화로 가는 길,이병근,LS증권,2026-02-04,2026-05-04 22:48:11.228582+00:00,https://consensus.hankyung.com/analysis/downpdf?report_idx=646442
2385,1,서울평가정보(036120) 기업신용평가의 안정적인 성장성,정홍식,LS증권,2026-02-04,2026-05-04 22:48:11.228582+00:00,https://consensus.hankyung.com/analysis/downpdf?report_idx=646441
2386,1,티에스이(131290) Probe Card 고성장 진행 중,정홍식,LS증권,2026-02-04,2026-05-04 22:48:11.228582+00:00,https://consensus.hankyung.com/analysis/downpdf?report_idx=646440
2387,1,이노션(214320) 든든한 캡티브,"이현지,고수영",유진투자증권,2026-02-04,2026-05-04 22:48:11.228582+00:00,https://consensus.hankyung.com/analysis/downpdf?report_idx=646438
2388,1,한온시스템(018880) 4Q25 Review: 고난의 25년을 지나 결실 의 26년으로,이재일,유진투자증권,2026-02-04,2026-05-04 22:48:11.228582+00:00,https://consensus.hankyung.com/analysis/downpdf?report_idx=646437
2389,1,"칩스앤미디어(094360) 4Q25P Review: 쌓여 가는 라이선스, 성장세 전환 기대되는 로열티 매출",박종선,유진투자증권,2026-02-04,2026-05-04 22:48:11.228582+00:00,https://consensus.hankyung.com/analysis/downpdf?report_idx=646436
2390,1,롯데에너지머티리얼즈(020150) AI 회로박과 전고체 소재 기대 커,한병화,유진투자증권,2026-02-04,2026-05-04 22:48:11.228582+00:00,https://consensus.hankyung.com/analysis/downpdf?report_idx=646435
2391,1,큐라클(365270) 실패가 아닌 재검증의 단계,"김승준,이금민",한국IR협의회,2026-02-03,2026-05-04 22:48:11.228582+00:00,https://consensus.hankyung.com/analysis/downpdf?report_idx=646431
2392,1,삼성SDI(006400) 더 나빠질 것은 없다,"이용욱,고예진",한화투자증권,2026-02-03,2026-05-04 22:48:11.228582+00:00,https://consensus.hankyung.com/analysis/downpdf?report_idx=646427
2393,1,코리아써키트(007810) 4Q25 실적 코멘트 ‘아직도 돋보이는 밸류에이션 매력’,양승수,메리츠증권,2026-02-03,2026-05-04 22:48:11.228582+00:00,https://consensus.hankyung.com/analysis/downpdf?report_idx=646419
2394,1,제일기획(030000) 디지털과 북미로 성장 후 고배당,김회재,대신증권,2026-02-03,2026-05-04 22:48:11.228582+00:00,https://consensus.hankyung.com/analysis/downpdf?report_idx=646417
2395,1,코리아써키트(007810) 전혀 훼손되지 않은 전망,권민규,SK증권,2026-02-03,2026-05-04 22:48:11.228582+00:00,https://consensus.hankyung.com/analysis/downpdf?report_idx=646415
2396,1,"삼성SDI(006400) 업황부진 지속, 그러나 돋보이는 기저효과",박형우,SK증권,2026-02-03,2026-05-04 22:48:11.228582+00:00,https://consensus.hankyung.com/analysis/downpdf?report_idx=646410
2397,1,"HS효성첨단소재(298050) Toray, 탄소섬유 가격 최대 20% 인상",이동욱,IBK투자증권,2026-02-03,2026-05-04 22:48:11.228582+00:00,https://consensus.hankyung.com/analysis/downpdf?report_idx=646409
2398,1,삼성SDI(006400) 아직 세 발 더 남았다...,이현욱,IBK투자증권,2026-02-03,2026-05-04 22:48:11.228582+00:00,https://consensus.hankyung.com/analysis/downpdf?report_idx=646408
2399,1,삼성SDI(006400) 단기 실적보다는 중장기 ESS 기회 요인에 주목,"정원석,박정하",iM증권,2026-02-03,2026-05-04 22:48:11.228582+00:00,https://consensus.hankyung.com/analysis/downpdf?report_idx=646402
2400,1,팬오션(028670) 지루했던 주가 밴드에서의 탈출,배세호,iM증권,2026-02-03,2026-05-04 22:48:11.228582+00:00,https://consensus.hankyung.com/analysis/downpdf?report_idx=646401
2401,1,"LG화학(051910) F(LGES)=LG화학, LGES영향 증가 구간",정경희,LS증권,2026-02-03,2026-05-04 22:48:11.228582+00:00,https://consensus.hankyung.com/analysis/downpdf?report_idx=646400
2402,1,제일기획(030000) 변화의 시작,"이현지,고수영",유진투자증권,2026-02-03,2026-05-04 22:48:11.228582+00:00,https://consensus.hankyung.com/analysis/downpdf?report_idx=646395
2403,1,"고영(098460) 4Q25P Review: AI, 로봇 매출 확대 기대",박종선,유진투자증권,2026-02-03,2026-05-04 22:48:11.228582+00:00,https://consensus.hankyung.com/analysis/downpdf?report_idx=646394
2404,1,LG에너지솔루션(373220) 4Q25 Review: 긍정적인 외형 증가,백영찬,상상인증권,2026-02-02,2026-05-04 22:48:11.228582+00:00,https://consensus.hankyung.com/analysis/downpdf?report_idx=646392
2405,1,현대백화점(069960) 인천공항 DF2 적격 사업자 선정 코멘트,"이진협,김나우",한화투자증권,2026-02-02,2026-05-04 22:48:11.228582+00:00,https://consensus.hankyung.com/analysis/downpdf?report_idx=646387
2406,1,하나금융지주(086790) 지금도 저평가 구간,김도하,한화투자증권,2026-02-02,2026-05-04 22:48:11.228582+00:00,https://consensus.hankyung.com/analysis/downpdf?report_idx=646386
2407,1,현대로템(064350) [4Q25 Review] 상저하고의 2026년 예상,배성조,한화투자증권,2026-02-02,2026-05-04 22:48:11.228582+00:00,https://consensus.hankyung.com/analysis/downpdf?report_idx=646385
2408,1,"현대오토에버(307950) AI/로봇사업 역할은 확실, 다만 좀 더 긴 호흡으로","김성래,김예인",한화투자증권,2026-02-02,2026-05-04 22:48:11.228582+00:00,https://consensus.hankyung.com/analysis/downpdf?report_idx=646384
2409,1,현대위아(011210) 강한 성장과 모빌리티 기술 영역으로의 체질 개선,"김성래,김예인",한화투자증권,2026-02-02,2026-05-04 22:48:11.228582+00:00,https://consensus.hankyung.com/analysis/downpdf?report_idx=646383
2410,1,현대제철(004020) 저점 통과 이후의 회복 경로 유효,권지우,한화투자증권,2026-02-02,2026-05-04 22:48:11.228582+00:00,https://consensus.hankyung.com/analysis/downpdf?report_idx=646382
2411,1,하나금융지주(086790) 2026년 주주환원율 50% 달성 기대,우도형,유안타증권,2026-02-02,2026-05-04 22:48:11.228582+00:00,https://consensus.hankyung.com/analysis/downpdf?report_idx=646380
2412,1,현대로템(064350) 4Q25 Review: 과거보다 확인될 것에 집중,백종민,유안타증권,2026-02-02,2026-05-04 22:48:11.228582+00:00,https://consensus.hankyung.com/analysis/downpdf?report_idx=646379
2413,1,"대한조선(439260) 최대출력으로 상장, 오버행이 핵심",김용민,유안타증권,2026-02-02,2026-05-04 22:48:11.228582+00:00,https://consensus.hankyung.com/analysis/downpdf?report_idx=646378
2414,1,삼성중공업(010140) 4Q25 Re: 순항이란 말이 너무 어울린다,김용민,유안타증권,2026-02-02,2026-05-04 22:48:11.228582+00:00,https://consensus.hankyung.com/analysis/downpdf?report_idx=646377
2415,1,"LG전자(066570) 4Q25 Review: 악조건 속 체질 개선, 26년 정비 완료",고선영,유안타증권,2026-02-02,2026-05-04 22:48:11.228582+00:00,https://consensus.hankyung.com/analysis/downpdf?report_idx=646376
2416,1,"효성중공업(298040) 더 강해진 확신, 질주는 계속된다.","손현정,김고은",유안타증권,2026-02-02,2026-05-04 22:48:11.228582+00:00,https://consensus.hankyung.com/analysis/downpdf?report_idx=646375
2417,1,현대로템(064350) 쉼표에서 찾은 성장의 증거,"이지호,김아연",메리츠증권,2026-02-02,2026-05-04 22:48:11.228582+00:00,https://consensus.hankyung.com/analysis/downpdf?report_idx=646372
2418,1,"LG전자(066570) 저점 통과, 개선의 초입",양승수,메리츠증권,2026-02-02,2026-05-04 22:48:11.228582+00:00,https://consensus.hankyung.com/analysis/downpdf?report_idx=646371
2419,1,현대위아(011210) Car to Robot: 다종 로봇 열관리 담당,"김준성,배현서",메리츠증권,2026-02-02,2026-05-04 22:48:11.228582+00:00,https://consensus.hankyung.com/analysis/downpdf?report_idx=646364
2420,1,현대제철(004020) 업황 개선의 증거를 기다리는 시간,"장재혁,김아현",메리츠증권,2026-02-02,2026-05-04 22:48:11.228582+00:00,https://consensus.hankyung.com/analysis/downpdf?report_idx=646363
2421,1,에이비엘바이오(298380) Grabody-B 플랫폼 가치는 여전히 유효,김준영,메리츠증권,2026-02-02,2026-05-04 22:48:11.228582+00:00,https://consensus.hankyung.com/analysis/downpdf?report_idx=646362
2422,1,효성중공업(298040) 아직도 보여 줄 것이 많이 남 았다.,허민호,대신증권,2026-02-02,2026-05-04 22:48:11.228582+00:00,https://consensus.hankyung.com/analysis/downpdf?report_idx=646361
2423,1,"에이피알(278470) 미국 견인 사상 최대 실적, 2조 매출 가시성 확대",한송협,대신증권,2026-02-02,2026-05-04 22:48:11.228582+00:00,https://consensus.hankyung.com/analysis/downpdf?report_idx=646360
2424,1,LG에너지솔루션(373220) 조급함보다는 긴 호흡으로,박형우,SK증권,2026-02-02,2026-05-04 22:48:11.228582+00:00,https://consensus.hankyung.com/analysis/downpdf?report_idx=646355
2425,1,"LG전자(066570) AI 모멘텀 주목: 공조설비, 로봇용부품, AI가전",박형우,SK증권,2026-02-02,2026-05-04 22:48:11.228582+00:00,https://consensus.hankyung.com/analysis/downpdf?report_idx=646354
2426,1,포스코퓨처엠(003670) 바닥을 다지는 인고의 시간,박형우,SK증권,2026-02-02,2026-05-04 22:48:11.228582+00:00,https://consensus.hankyung.com/analysis/downpdf?report_idx=646353
2427,1,SK(034730) 매력적인 밸류에이션과 주주환원,최관순,SK증권,2026-02-02,2026-05-04 22:48:11.228582+00:00,https://consensus.hankyung.com/analysis/downpdf?report_idx=646351
2428,1,"효성중공업(298040) 서프라이즈, 미국향 변압기 출하증가",나민식,SK증권,2026-02-02,2026-05-04 22:48:11.228582+00:00,https://consensus.hankyung.com/analysis/downpdf?report_idx=646350
2429,1,LG전자(066570) Level Up 기대,김운호,IBK투자증권,2026-02-02,2026-05-04 22:48:11.228582+00:00,https://consensus.hankyung.com/analysis/downpdf?report_idx=646348
2430,1,유한양행(000100) 로열티 수익과 차기 파이프라인이 중요한 시점,정이수,IBK투자증권,2026-02-02,2026-05-04 22:48:11.228582+00:00,https://consensus.hankyung.com/analysis/downpdf?report_idx=646347
2431,1,효성중공업(298040) 중공업 영업이익률 20% 돌파,김태현,IBK투자증권,2026-02-02,2026-05-04 22:48:11.228582+00:00,https://consensus.hankyung.com/analysis/downpdf?report_idx=646346
2432,1,"현대제철(004020) 미미하지만, 긍정적 변화",김윤상,iM증권,2026-02-02,2026-05-04 22:48:11.228582+00:00,https://consensus.hankyung.com/analysis/downpdf?report_idx=646336
2433,1,삼성전자(005930) 완전한경쟁력회복과실적대폭개선,리서치센터,iM증권,2026-02-02,2026-05-04 22:48:11.228582+00:00,https://consensus.hankyung.com/analysis/downpdf?report_idx=646335
2434,1,SK하이닉스(000660) 역대급분기가격상승예상,리서치센터,iM증권,2026-02-02,2026-05-04 22:48:11.228582+00:00,https://consensus.hankyung.com/analysis/downpdf?report_idx=646334
2435,1,LG전자(066570) 바닥 찍고 개선되는 이익의 흐름,고의영,iM증권,2026-02-02,2026-05-04 22:48:11.228582+00:00,https://consensus.hankyung.com/analysis/downpdf?report_idx=646333
2436,1,HS효성첨단소재(298050) 실적부진 주범의 오명 조금씩 벗어낼 탄소섬유/아라미드,"전유진,장호",iM증권,2026-02-02,2026-05-04 22:48:11.228582+00:00,https://consensus.hankyung.com/analysis/downpdf?report_idx=646332
2437,1,효성티앤씨(298020) 오랜만에 느껴지는 스판덱스 업황의 온기,"전유진,장호",iM증권,2026-02-02,2026-05-04 22:48:11.228582+00:00,https://consensus.hankyung.com/analysis/downpdf?report_idx=646331
2438,1,에스원(012750) DPS 상향에 이어 자사주 소각도 기대됨,"이상헌, 장호",iM증권,2026-02-02,2026-05-04 22:48:11.228582+00:00,https://consensus.hankyung.com/analysis/downpdf?report_idx=646330
2439,1,현대로템(064350) 4Q25: 걱정하지 마세요,변용진,iM증권,2026-02-02,2026-05-04 22:48:11.228582+00:00,https://consensus.hankyung.com/analysis/downpdf?report_idx=646329
2440,1,"삼성중공업(010140) 4Q25: 작년에도, 올해도 우상향",변용진,iM증권,2026-02-02,2026-05-04 22:48:11.228582+00:00,https://consensus.hankyung.com/analysis/downpdf?report_idx=646328
2441,1,효성중공업(298040) 또 한번 Surprise. 구조적 Super Surprise,성종화,LS증권,2026-02-02,2026-05-04 22:48:11.228582+00:00,https://consensus.hankyung.com/analysis/downpdf?report_idx=646327
2442,1,리노공업(058470) 변동성 코멘트,정홍식,LS증권,2026-02-02,2026-05-04 22:48:11.228582+00:00,https://consensus.hankyung.com/analysis/downpdf?report_idx=646326
2443,1,프로텍(053610) 2026년 영업이익 고성장 기대감,정홍식,LS증권,2026-02-02,2026-05-04 22:48:11.228582+00:00,https://consensus.hankyung.com/analysis/downpdf?report_idx=646325
2444,1,삼양식품(003230) 변함 없이 견조할 2026년,박성호,LS증권,2026-02-02,2026-05-04 22:48:11.228582+00:00,https://consensus.hankyung.com/analysis/downpdf?report_idx=646324
2445,1,"삼성중공업(010140) 4Q25 Review: 26년 P, Q 동반 상승",이재혁,LS증권,2026-02-02,2026-05-04 22:48:11.228582+00:00,https://consensus.hankyung.com/analysis/downpdf?report_idx=646323
2446,1,현대로템(064350) 4Q25 Review: 폴란드 2차 매출이 더해진 실적,최정환,LS증권,2026-02-02,2026-05-04 22:48:11.228582+00:00,https://consensus.hankyung.com/analysis/downpdf?report_idx=646322
2447,1,하나금융지주(086790) 비은행 이익개선에 중점,전배승,LS증권,2026-02-02,2026-05-04 22:48:11.228582+00:00,https://consensus.hankyung.com/analysis/downpdf?report_idx=646321
2448,1,LG에너지솔루션(373220) ‘26년 Top Line 정체로 프리미엄 감소 예상,정경희,LS증권,2026-02-02,2026-05-04 22:48:11.228582+00:00,https://consensus.hankyung.com/analysis/downpdf?report_idx=646320
2449,1,LG전자(066570) 4Q25 Review: 셋팅은 좋다. 너만 오면 고,이주형,유진투자증권,2026-02-02,2026-05-04 22:48:11.228582+00:00,https://consensus.hankyung.com/analysis/downpdf?report_idx=646316
2450,1,현대위아(011210) 4Q25Review:로봇과열관리사업 의잠재력이기대요인,이재일,유진투자증권,2026-02-02,2026-05-04 22:48:11.228582+00:00,https://consensus.hankyung.com/analysis/downpdf?report_idx=646315
2451,1,LX인터내셔널(001120) 바닥 확인,황성현,유진투자증권,2026-02-02,2026-05-04 22:48:11.228582+00:00,https://consensus.hankyung.com/analysis/downpdf?report_idx=646314
2452,1,현대로템(064350) 2026년은 곳간을 채우는 해,양승윤,유진투자증권,2026-02-02,2026-05-04 22:48:11.228582+00:00,https://consensus.hankyung.com/analysis/downpdf?report_idx=646313
2453,1,삼성중공업(010140) 연 매출 10조 클럽 복귀,양승윤,유진투자증권,2026-02-02,2026-05-04 22:48:11.228582+00:00,https://consensus.hankyung.com/analysis/downpdf?report_idx=646312
2454,1,현대오토에버(307950) 4Q25 Review: 통합 AI 인프라 구축 시기의 구체화가 필요해,이재일,유진투자증권,2026-02-02,2026-05-04 22:48:11.228582+00:00,https://consensus.hankyung.com/analysis/downpdf?report_idx=646311
2455,1,LG에너지솔루션(373220) 바닥은 확인,"이용욱,고예진",한화투자증권,2026-01-30,2026-05-04 22:48:11.228582+00:00,https://consensus.hankyung.com/analysis/downpdf?report_idx=646297
2456,1,"LG화학(051910) 본업은 흐림, 자산 가치는 맑음","이용욱,고예진",한화투자증권,2026-01-30,2026-05-04 22:48:11.228582+00:00,https://consensus.hankyung.com/analysis/downpdf?report_idx=646296
2457,1,"삼양식품(003230) Shortage, Shortage, Shortage","한유경,고예진",한화투자증권,2026-01-30,2026-05-04 22:48:11.228582+00:00,https://consensus.hankyung.com/analysis/downpdf?report_idx=646295
2458,1,"포스코퓨처엠(003670) 상반기 회복은 제한적, 하반기 반등을 기약","이용욱,고예진",한화투자증권,2026-01-30,2026-05-04 22:48:11.228582+00:00,https://consensus.hankyung.com/analysis/downpdf?report_idx=646294
2459,1,현대글로비스(086280) 해운 중심 본업 성장과 BD 지분가치의 부각 효과,"김성래,김예인",한화투자증권,2026-01-30,2026-05-04 22:48:11.228582+00:00,https://consensus.hankyung.com/analysis/downpdf?report_idx=646293
2460,1,현대차(005380) Robotics Shock >> Earning Shock,"김성래,김예인",한화투자증권,2026-01-30,2026-05-04 22:48:11.228582+00:00,https://consensus.hankyung.com/analysis/downpdf?report_idx=646292
2461,1,POSCO홀딩스(005490) 비워내야 채울 수 있다,권지우,한화투자증권,2026-01-30,2026-05-04 22:48:11.228582+00:00,https://consensus.hankyung.com/analysis/downpdf?report_idx=646290
2462,1,삼양식품(003230) 2026년 성장을 향한 과도기,"손현정,김고은",유안타증권,2026-01-30,2026-05-04 22:48:11.228582+00:00,https://consensus.hankyung.com/analysis/downpdf?report_idx=646288
2463,1,"대덕전자(353200) 4Q25 Review: New Era, 새 시대를 맞이하며",고선영,유안타증권,2026-01-30,2026-05-04 22:48:11.228582+00:00,https://consensus.hankyung.com/analysis/downpdf?report_idx=646287
2464,1,LG에너지솔루션(373220) 2026년 BESS 성장성에 주목,이안나,유안타증권,2026-01-30,2026-05-04 22:48:11.228582+00:00,https://consensus.hankyung.com/analysis/downpdf?report_idx=646286
2465,1,현대글로비스(086280) 견조한 본업 성장,최지운,유안타증권,2026-01-30,2026-05-04 22:48:11.228582+00:00,https://consensus.hankyung.com/analysis/downpdf?report_idx=646285
2466,1,현대글로비스(086280) 견조한 본업 성장,최지,유안타증권,2026-01-30,2026-05-04 22:48:11.228582+00:00,https://consensus.hankyung.com/analysis/downpdf?report_idx=646284
2467,1,삼성전자(005930) 1Q26 예상 영업이익 증가율 43.3%,"백길현,임석민",유안타증권,2026-01-30,2026-05-04 22:48:11.228582+00:00,https://consensus.hankyung.com/analysis/downpdf?report_idx=646283
2468,1,대덕전자(353200) 우려는 숫자로 해소된다,양승수,메리츠증권,2026-01-30,2026-05-04 22:48:11.228582+00:00,https://consensus.hankyung.com/analysis/downpdf?report_idx=646281
2469,1,LG화학(051910) 4Q25P Review: 돌파구 필요,"노우호,황현식",메리츠증권,2026-01-30,2026-05-04 22:48:11.228582+00:00,https://consensus.hankyung.com/analysis/downpdf?report_idx=646279
2470,1,포스코퓨처엠(003670) 4Q25P Review: 충분한 조정 이후 대응 필요,"노우호,황현식",메리츠증권,2026-01-30,2026-05-04 22:48:11.228582+00:00,https://consensus.hankyung.com/analysis/downpdf?report_idx=646278
2471,1,LG에너지솔루션(373220) 4Q25P Review: non-EV 수요 선점 전략,"노우호,황현식",메리츠증권,2026-01-30,2026-05-04 22:48:11.228582+00:00,https://consensus.hankyung.com/analysis/downpdf?report_idx=646277
2472,1,"마크로젠(038290) 저평가 구간, 마크로젠의 반격",한송협,대신증권,2026-01-30,2026-05-04 22:48:11.228582+00:00,https://consensus.hankyung.com/analysis/downpdf?report_idx=646276
2473,1,"삼성전자(005930) 나야, 삼성전자","류형근,서지원",대신증권,2026-01-30,2026-05-04 22:48:11.228582+00:00,https://consensus.hankyung.com/analysis/downpdf?report_idx=646275
2474,1,SK하이닉스(000660) 하.의.치 (하이닉스-의대-치대),"류형근,서지원",대신증권,2026-01-30,2026-05-04 22:48:11.228582+00:00,https://consensus.hankyung.com/analysis/downpdf?report_idx=646274
2475,1,현대차(005380) 돈도 잘 버는 로봇회사,윤혁진,SK증권,2026-01-30,2026-05-04 22:48:11.228582+00:00,https://consensus.hankyung.com/analysis/downpdf?report_idx=646266
2476,1,포스코퓨처엠(003670) 바닥을 지나는 시기?,이현욱,IBK투자증권,2026-01-30,2026-05-04 22:48:11.228582+00:00,https://consensus.hankyung.com/analysis/downpdf?report_idx=646262
2477,1,LG에너지솔루션(373220) 이제 진짜 바닥이 보인다,이현욱,IBK투자증권,2026-01-30,2026-05-04 22:48:11.228582+00:00,https://consensus.hankyung.com/analysis/downpdf?report_idx=646261
2478,1,대양전기공업(108380) 코스닥 선진화의 아이콘이 될 기업,이건재,IBK투자증권,2026-01-30,2026-05-04 22:48:11.228582+00:00,https://consensus.hankyung.com/analysis/downpdf?report_idx=646260
2479,1,강원랜드(035250) 중장기 성장동력 강화 시작,김유혁,IBK투자증권,2026-01-30,2026-05-04 22:48:11.228582+00:00,https://consensus.hankyung.com/analysis/downpdf?report_idx=646259
2480,1,SK하이닉스(000660) 역대급 분기 가격 상승 예상,송명섭,iM증권,2026-01-30,2026-05-04 22:48:11.228582+00:00,https://consensus.hankyung.com/analysis/downpdf?report_idx=646254
2481,1,삼성전자(005930) 완전한 경쟁력 회복과 실적 대폭 개선,송명섭,iM증권,2026-01-30,2026-05-04 22:48:11.228582+00:00,https://consensus.hankyung.com/analysis/downpdf?report_idx=646253
2482,1,LG에너지솔루션(373220) 중장기관점에서 핵심은 북미 ESS,정원석,iM증권,2026-01-30,2026-05-04 22:48:11.228582+00:00,https://consensus.hankyung.com/analysis/downpdf?report_idx=646252
2483,1,대덕전자(353200) 예상보다 더 빠른 데이터센터향 응용처 확대,고의영,iM증권,2026-01-30,2026-05-04 22:48:11.228582+00:00,https://consensus.hankyung.com/analysis/downpdf?report_idx=646251
2484,1,"현대차(005380) 아쉬운 실적, 그럼에도 시장 기대 이상 무",이상수,iM증권,2026-01-30,2026-05-04 22:48:11.228582+00:00,https://consensus.hankyung.com/analysis/downpdf?report_idx=646250
2485,1,LG화학(051910) 기대할 것과 기대 낮춰야 하는 것의 공존,"전유진,장호",iM증권,2026-01-30,2026-05-04 22:48:11.228582+00:00,https://consensus.hankyung.com/analysis/downpdf?report_idx=646249
2486,1,POSCO홀딩스(005490) 턴어라운드 국면,"김윤상,공도연",iM증권,2026-01-30,2026-05-04 22:48:11.228582+00:00,https://consensus.hankyung.com/analysis/downpdf?report_idx=646248
2487,1,현대글로비스(086280) 2026년에도 견조한 실적 지속,배세호,iM증권,2026-01-30,2026-05-04 22:48:11.228582+00:00,https://consensus.hankyung.com/analysis/downpdf?report_idx=646247
2488,1,"에스원(012750) 호실적 지속, 상향된 배당",김세련,LS증권,2026-01-30,2026-05-04 22:48:11.228582+00:00,https://consensus.hankyung.com/analysis/downpdf?report_idx=646246
2489,1,"SNT에너지(100840) LNG의 파도, 높아지는 파고",김세련,LS증권,2026-01-30,2026-05-04 22:48:11.228582+00:00,https://consensus.hankyung.com/analysis/downpdf?report_idx=646245
2490,1,현대글로비스(086280) 4Q25 Review: High-and-Heavy한 이익체력,이재혁,LS증권,2026-01-30,2026-05-04 22:48:11.228582+00:00,https://consensus.hankyung.com/analysis/downpdf?report_idx=646244
2491,1,대양전기공업(108380) 주주가치 제고를 위한 기업구조 개편,정홍식,LS증권,2026-01-30,2026-05-04 22:48:11.228582+00:00,https://consensus.hankyung.com/analysis/downpdf?report_idx=646243
2492,1,샘씨엔에스(252990) DRAM 세라믹 STF 확대 + 비메모리 성장 기대감,정홍식,LS증권,2026-01-30,2026-05-04 22:48:11.228582+00:00,https://consensus.hankyung.com/analysis/downpdf?report_idx=646242
2493,1,"현대차(005380) 악재는 해소, 스마트카∙휴머노이드 양산 임박",이병근,LS증권,2026-01-30,2026-05-04 22:48:11.228582+00:00,https://consensus.hankyung.com/analysis/downpdf?report_idx=646241
2494,1,포스코인터내셔널(047050) 실적 + 주주 환원 + 장기 모멘텀,황성현,유진투자증권,2026-01-30,2026-05-04 22:48:11.228582+00:00,https://consensus.hankyung.com/analysis/downpdf?report_idx=646239
2495,1,LG에너지솔루션(373220) EV → ESS 라인 전환 확대,황성현,유진투자증권,2026-01-30,2026-05-04 22:48:11.228582+00:00,https://consensus.hankyung.com/analysis/downpdf?report_idx=646238
2496,1,LG화학(051910) 바닥을 지나는 중,황성현,유진투자증권,2026-01-30,2026-05-04 22:48:11.228582+00:00,https://consensus.hankyung.com/analysis/downpdf?report_idx=646237
2497,1,금호석유화학(011780) 일회성 비용으로 실적 악화,황성현,유진투자증권,2026-01-30,2026-05-04 22:48:11.228582+00:00,https://consensus.hankyung.com/analysis/downpdf?report_idx=646236
2498,1,"서진시스템(178320) 결자해지 완료, 실적과 업황에 집중! - 주요 주주변경 및 지분공시 관련 Comme...",허준서,유진투자증권,2026-01-30,2026-05-04 22:48:11.228582+00:00,https://consensus.hankyung.com/analysis/downpdf?report_idx=646235
2499,1,현대차(005380) 4Q25 Review: 도움 닫기,이재일,유진투자증권,2026-01-30,2026-05-04 22:48:11.228582+00:00,https://consensus.hankyung.com/analysis/downpdf?report_idx=646234
2500,1,삼성전자(005930) 4Q25 Review: 너무 잘나가서 죄송합니다,임소정,유진투자증권,2026-01-30,2026-05-04 22:48:11.228582+00:00,https://consensus.hankyung.com/analysis/downpdf?report_idx=646233
2501,1,삼성전자(005930) 4Q25 Review: 너무 잘나가서 죄송합니다,임소정,유진투자증권,2026-01-30,2026-05-04 22:48:11.228582+00:00,https://consensus.hankyung.com/analysis/downpdf?report_idx=646232
2502,1,SK하이닉스(000660) 4Q25 Review: 잘 벌어서 많이 돌려 드릴게요,임소정,유진투자증권,2026-01-30,2026-05-04 22:48:11.228582+00:00,https://consensus.hankyung.com/analysis/downpdf?report_idx=646231
2503,1,ISC(095340) 4Q25 Preview: 반드시 거쳐야 하는 AI 수문장,임소정,유진투자증권,2026-01-30,2026-05-04 22:48:11.228582+00:00,https://consensus.hankyung.com/analysis/downpdf?report_idx=646230
2504,1,대덕전자(353200) 4Q25 Review: 거침없이 난 달려가지,이주형,유진투자증권,2026-01-30,2026-05-04 22:48:11.228582+00:00,https://consensus.hankyung.com/analysis/downpdf?report_idx=646229
2505,1,"로보티즈(108490) 4분기 연속 흑자, 휴머노이드 산업 성장의 수혜를 증명","이지호,김아현",메리츠증권,2026-01-29,2026-05-04 22:48:11.228582+00:00,https://consensus.hankyung.com/analysis/downpdf?report_idx=646224
2506,1,HD현대마린솔루션(443060) 4Q25 Preview: 매수 시기가 고민일 뿐,배기연,메리츠증권,2026-01-29,2026-05-04 22:48:11.228582+00:00,https://consensus.hankyung.com/analysis/downpdf?report_idx=646220
2507,1,드림텍(192650) 탐방노트: 메모리모듈과 의료기기로 체질 개선,양승수,메리츠증권,2026-01-29,2026-05-04 22:48:11.228582+00:00,https://consensus.hankyung.com/analysis/downpdf?report_idx=646219
2508,1,삼성물산(028260) 나도 원전 글로벌 플레이어,"송유림,김예인",한화투자증권,2026-01-29,2026-05-04 22:48:11.228582+00:00,https://consensus.hankyung.com/analysis/downpdf?report_idx=646214
2509,1,강원랜드(035250) 4Q25 Review: 영업이익 컨센서스 하회,박수영,한화투자증권,2026-01-29,2026-05-04 22:48:11.228582+00:00,https://consensus.hankyung.com/analysis/downpdf?report_idx=646213
2510,1,현대모비스(012330) 본업의 수익성 증대와 높아지는 미래 사업 가시성,"김성래,김예인",한화투자증권,2026-01-29,2026-05-04 22:48:11.228582+00:00,https://consensus.hankyung.com/analysis/downpdf?report_idx=646212
2511,1,LG생활건강(051900) 2027년을 기다리기로 해요,"한유정,고예진",한화투자증권,2026-01-29,2026-05-04 22:48:11.228582+00:00,https://consensus.hankyung.com/analysis/downpdf?report_idx=646211
2512,1,SK이노베이션(096770) 배터리 부진을 상쇄한 전통산업,"이용욱,고예진",한화투자증권,2026-01-29,2026-05-04 22:48:11.228582+00:00,https://consensus.hankyung.com/analysis/downpdf?report_idx=646210
2513,1,SK아이이테크놀로지(361610) 여전히 어려운 시기,"이용욱,고예진",한화투자증권,2026-01-29,2026-05-04 22:48:11.228582+00:00,https://consensus.hankyung.com/analysis/downpdf?report_idx=646209
2514,1,기아(000270) 신차 효과와 AI/로보틱스로 밸류업,"김성래,김예인",한화투자증권,2026-01-29,2026-05-04 22:48:11.228582+00:00,https://consensus.hankyung.com/analysis/downpdf?report_idx=646208
2515,1,SK이노베이션(096770) Big Bath는 매수 기회인가?,"황규원,서석준",유안타증권,2026-01-29,2026-05-04 22:48:11.228582+00:00,https://consensus.hankyung.com/analysis/downpdf?report_idx=646204
2516,1,에이비엘바이오(298380) 항암 파이프라인 성과 기대,하현수,유안타증권,2026-01-29,2026-05-04 22:48:11.228582+00:00,https://consensus.hankyung.com/analysis/downpdf?report_idx=646203
2517,1,기아(000270) Laggard-play의 가능성을 찾는 것이 중요,김용민,유안타증권,2026-01-29,2026-05-04 22:48:11.228582+00:00,https://consensus.hankyung.com/analysis/downpdf?report_idx=646202
2518,1,"현대모비스(012330) 수주 많이 된다, 북미에서 제일 잘하는 부품사야",김용민,유안타증권,2026-01-29,2026-05-04 22:48:11.228582+00:00,https://consensus.hankyung.com/analysis/downpdf?report_idx=646201
2519,1,LS ELECTRIC(010120) [4Q25 NDR 후기] 2026년 성 장판이 활짝 열린다.,허민호,대신증권,2026-01-29,2026-05-04 22:48:11.228582+00:00,https://consensus.hankyung.com/analysis/downpdf?report_idx=646199
2520,1,LG디스플레이(034220) OLED 선택은 맞다,"박강호,서지원",대신증권,2026-01-29,2026-05-04 22:48:11.228582+00:00,https://consensus.hankyung.com/analysis/downpdf?report_idx=646198
2521,1,두산퓨얼셀(336260) 미국 기대감은 유효하다,나민식,SK증권,2026-01-29,2026-05-04 22:48:11.228582+00:00,https://consensus.hankyung.com/analysis/downpdf?report_idx=646195
2522,1,LG디스플레이(034220) 일회성 비용은 아쉽지만 업황은 나쁘지 않다,권민규,SK증권,2026-01-29,2026-05-04 22:48:11.228582+00:00,https://consensus.hankyung.com/analysis/downpdf?report_idx=646194
2523,1,기아(000270) 26년에도 성장하는 기아,윤혁진,SK증권,2026-01-29,2026-05-04 22:48:11.228582+00:00,https://consensus.hankyung.com/analysis/downpdf?report_idx=646192
2524,1,현대모비스(012330) 턴어라운드에 성장성까지,윤혁진,SK증권,2026-01-29,2026-05-04 22:48:11.228582+00:00,https://consensus.hankyung.com/analysis/downpdf?report_idx=646191
2525,1,"SK스퀘어(402340) SK하이닉스, 기대이상",최관순,SK증권,2026-01-29,2026-05-04 22:48:11.228582+00:00,https://consensus.hankyung.com/analysis/downpdf?report_idx=646190
2526,1,삼성물산(028260) 실적개선과 주주환원의 선순환,최관순,SK증권,2026-01-29,2026-05-04 22:48:11.228582+00:00,https://consensus.hankyung.com/analysis/downpdf?report_idx=646189
2527,1,이수페타시스(007660) 예열 완료: 1분기 실적 모멘텀에 주목,박형우,SK증권,2026-01-29,2026-05-04 22:48:11.228582+00:00,https://consensus.hankyung.com/analysis/downpdf?report_idx=646188
2528,1,LG디스플레이(034220) 4Q25 Review: 그럼에도 턴어라운드에 주목하자,강민구,IBK투자증권,2026-01-29,2026-05-04 22:48:11.228582+00:00,https://consensus.hankyung.com/analysis/downpdf?report_idx=646185
2529,1,현대모비스(012330) 업종 내 Top Pick,이현욱,IBK투자증권,2026-01-29,2026-05-04 22:48:11.228582+00:00,https://consensus.hankyung.com/analysis/downpdf?report_idx=646184
2530,1,기아(000270) 형님 뒤 따라갑니다,이현욱,IBK투자증권,2026-01-29,2026-05-04 22:48:11.228582+00:00,https://consensus.hankyung.com/analysis/downpdf?report_idx=646183
2531,1,삼성물산(028260) 4Q25 Review: 글로벌 원전 수주 시장에 참여 시작,조정현,IBK투자증권,2026-01-29,2026-05-04 22:48:11.228582+00:00,https://consensus.hankyung.com/analysis/downpdf?report_idx=646182
2532,1,녹십자(006280) 턴어라운드 기대가 현실로,정재원,iM증권,2026-01-29,2026-05-04 22:48:11.228582+00:00,https://consensus.hankyung.com/analysis/downpdf?report_idx=646176
2533,1,LG디스플레이(034220) 2026년 사업 정상화 노력 효과 본격화,정원석,iM증권,2026-01-29,2026-05-04 22:48:11.228582+00:00,https://consensus.hankyung.com/analysis/downpdf?report_idx=646175
2534,1,SK아이이테크놀로지(361610) 2026년도 쉽지 않은 한 해,정원석,iM증권,2026-01-29,2026-05-04 22:48:11.228582+00:00,https://consensus.hankyung.com/analysis/downpdf?report_idx=646174
2535,1,현대모비스(012330) 시장의 관심은 액츄에이터로 귀결,이상수,iM증권,2026-01-29,2026-05-04 22:48:11.228582+00:00,https://consensus.hankyung.com/analysis/downpdf?report_idx=646173
2536,1,기아(000270) 결국 시장에 드러날 진가,이상수,iM증권,2026-01-29,2026-05-04 22:48:11.228582+00:00,https://consensus.hankyung.com/analysis/downpdf?report_idx=646172
2537,1,SK이노베이션(096770) 배터리 적자를 정유 사업이 만회,황성현,유진투자증권,2026-01-29,2026-05-04 22:48:11.228582+00:00,https://consensus.hankyung.com/analysis/downpdf?report_idx=646170
2538,1,SK아이이테크놀로지(361610) 장기간 적자 지속 전망,황성현,유진투자증권,2026-01-29,2026-05-04 22:48:11.228582+00:00,https://consensus.hankyung.com/analysis/downpdf?report_idx=646169
2539,1,기아(000270) 4Q25 Review: HEV 공격적 확대 를 통한 관세 위기 극복,이재일,유진투자증권,2026-01-29,2026-05-04 22:48:11.228582+00:00,https://consensus.hankyung.com/analysis/downpdf?report_idx=646168
2540,1,현대모비스(012330) 4Q25 Review: 탄탄한 실적과 로봇 사업 기대감,이재일,유진투자증권,2026-01-29,2026-05-04 22:48:11.228582+00:00,https://consensus.hankyung.com/analysis/downpdf?report_idx=646164
2541,1,강원랜드(035250) 느리지만 꾸준하게,이현지,유진투자증권,2026-01-29,2026-05-04 22:48:11.228582+00:00,https://consensus.hankyung.com/analysis/downpdf?report_idx=646163
2542,1,삼성물산(028260) 보유지분 재평가와 펀더멘탈 강화,한병화,유진투자증권,2026-01-29,2026-05-04 22:48:11.228582+00:00,https://consensus.hankyung.com/analysis/downpdf?report_idx=646162
2543,1,LG생활건강(051900) 4Q25 Review: 기다림의 시간,오린아,LS증권,2026-01-29,2026-05-04 22:48:11.228582+00:00,https://consensus.hankyung.com/analysis/downpdf?report_idx=646159
2544,1,"SK이노베이션(096770) 배터리 영향이 컸던 영업이익, 더 컸던 영업외손익",정경희,LS증권,2026-01-29,2026-05-04 22:48:11.228582+00:00,https://consensus.hankyung.com/analysis/downpdf?report_idx=646158
2545,1,기아(000270) 밸류에이션 정상화의 서막,이병근,LS증권,2026-01-29,2026-05-04 22:48:11.228582+00:00,https://consensus.hankyung.com/analysis/downpdf?report_idx=646157
2546,1,현대모비스(012330) 로봇이 여는 밸류에이션 상단,이병근,LS증권,2026-01-29,2026-05-04 22:48:11.228582+00:00,https://consensus.hankyung.com/analysis/downpdf?report_idx=646156
2547,1,HMM(011200) 4Q25 Preview: 월동 준비,이재혁,LS증권,2026-01-29,2026-05-04 22:48:11.228582+00:00,https://consensus.hankyung.com/analysis/downpdf?report_idx=646155
2548,1,"제이브이엠(054950) 4Q25 아쉽지만, 2026년 수출 레벨업 기대",조은애,LS증권,2026-01-29,2026-05-04 22:48:11.228582+00:00,https://consensus.hankyung.com/analysis/downpdf?report_idx=646154
2549,1,라온로보틱스(232680) [다시봐] 기술 경쟁력 기반 해외 진출 확대 모색,"권명준,서석준",유안타증권,2026-01-28,2026-05-04 22:48:11.228582+00:00,https://consensus.hankyung.com/analysis/downpdf?report_idx=646148
2550,1,LS ELECTRIC(010120) 데이터센터가 이끈 서프라이즈,"손현정,김고은",유안타증권,2026-01-28,2026-05-04 22:48:11.228582+00:00,https://consensus.hankyung.com/analysis/downpdf?report_idx=646147
2551,1,LG씨엔에스(064400) 로봇이 이끌어갈 미래 성장,이창영,유안타증권,2026-01-28,2026-05-04 22:48:11.228582+00:00,https://consensus.hankyung.com/analysis/downpdf?report_idx=646146
2552,1,현대백화점(069960) 탐방 Comment,"김정옥,황홍진",메리츠증권,2026-01-28,2026-05-04 22:48:11.228582+00:00,https://consensus.hankyung.com/analysis/downpdf?report_idx=646143
2553,1,"코리아써키트(007810) 이미 오른 것이 아니라, 이제 올라선 것",양승수,메리츠증권,2026-01-28,2026-05-04 22:48:11.228582+00:00,https://consensus.hankyung.com/analysis/downpdf?report_idx=646142
2554,1,"코리아써키트(007810) 이미 오른 것이 아니라, 이제 올라선 것",양승수,메리츠증권,2026-01-28,2026-05-04 22:48:11.228582+00:00,https://consensus.hankyung.com/analysis/downpdf?report_idx=646141
2555,1,"코리아써키트(007810) 이미 오른 것이 아니라, 이제 올라선 것",양승수,메리츠증권,2026-01-28,2026-05-04 22:48:11.228582+00:00,https://consensus.hankyung.com/analysis/downpdf?report_idx=646140
2556,1,파미셀(005690) 우려만 반영된 좋은 기회,양승수,메리츠증권,2026-01-28,2026-05-04 22:48:11.228582+00:00,https://consensus.hankyung.com/analysis/downpdf?report_idx=646139
2557,1,삼성전자(005930) Still ‘LONG’,한동희,SK증권,2026-01-28,2026-05-04 22:48:11.228582+00:00,https://consensus.hankyung.com/analysis/downpdf?report_idx=646134
2558,1,SK하이닉스(000660) Still ‘LONG’,한동희,SK증권,2026-01-28,2026-05-04 22:48:11.228582+00:00,https://consensus.hankyung.com/analysis/downpdf?report_idx=646133
2559,1,LG씨엔에스(064400) 올해부터 부각될 신사업 가치,남효지,SK증권,2026-01-28,2026-05-04 22:48:11.228582+00:00,https://consensus.hankyung.com/analysis/downpdf?report_idx=646131
2560,1,LS ELECTRIC(010120) 생각보다 국내 전력사업이 좋다,나민식,SK증권,2026-01-28,2026-05-04 22:48:11.228582+00:00,https://consensus.hankyung.com/analysis/downpdf?report_idx=646129
2561,1,LS ELECTRIC(010120) 바야흐로 배전의 시대,김태현,IBK투자증권,2026-01-28,2026-05-04 22:48:11.228582+00:00,https://consensus.hankyung.com/analysis/downpdf?report_idx=646127
2562,1,기가비스(420770) 2027년을 향하는 시선,신희철,iM증권,2026-01-28,2026-05-04 22:48:11.228582+00:00,https://consensus.hankyung.com/analysis/downpdf?report_idx=646121
2563,1,"두산퓨얼셀(336260) 미국 기대 유효, 국내는 부진",한병화,유진투자증권,2026-01-28,2026-05-04 22:48:11.228582+00:00,https://consensus.hankyung.com/analysis/downpdf?report_idx=646119
2564,1,LG씨엔에스(064400) 4Q25P Review: 연간 최고 실적 달성,박종선,유진투자증권,2026-01-28,2026-05-04 22:48:11.228582+00:00,https://consensus.hankyung.com/analysis/downpdf?report_idx=646118
2565,1,LS ELECTRIC(010120) 실적/수주/초고압/배전/증설 모두 다 좋다. 벅찰 정도로!,성종화,LS증권,2026-01-28,2026-05-04 22:48:11.228582+00:00,https://consensus.hankyung.com/analysis/downpdf?report_idx=646117
2566,1,네오팜(092730) 4Q25 Review: 수출 본격 시동,오린아,LS증권,2026-01-28,2026-05-04 22:48:11.228582+00:00,https://consensus.hankyung.com/analysis/downpdf?report_idx=646116
2567,1,팬오션(028670) 4Q25 Preview: 지나치기엔 지나친 저평가,이재혁,LS증권,2026-01-28,2026-05-04 22:48:11.228582+00:00,https://consensus.hankyung.com/analysis/downpdf?report_idx=646115
2568,1,"하이브(352820) 전례 없는 투어 규모, 증명 중인 시스템",김민영,메리츠증권,2026-01-27,2026-05-04 22:48:11.228582+00:00,https://consensus.hankyung.com/analysis/downpdf?report_idx=646111
2569,1,"LG이노텍(011070) 상반기는 Q, 하반기는 P",양승수,메리츠증권,2026-01-27,2026-05-04 22:48:11.228582+00:00,https://consensus.hankyung.com/analysis/downpdf?report_idx=646108
2570,1,"해성디에스(195870) 수익성, 다시 정상 궤도로",양승수,메리츠증권,2026-01-27,2026-05-04 22:48:11.228582+00:00,https://consensus.hankyung.com/analysis/downpdf?report_idx=646106
2571,1,S-Oil(010950) 정유업황 호황기 장기화 조짐,"노우호,황현식",메리츠증권,2026-01-27,2026-05-04 22:48:11.228582+00:00,https://consensus.hankyung.com/analysis/downpdf?report_idx=646105
2572,1,"지니언스(263860) 사이버 보안 솔루션 NAC, EDR 1위 기업","김선호,이희경",한국IR협의회,2026-01-27,2026-05-04 22:48:11.228582+00:00,https://consensus.hankyung.com/analysis/downpdf?report_idx=646102
2573,1,우리손에프앤지(073560) 실적안정성이 부각되는 양돈기업,"조영환,박규연",한국IR협의회,2026-01-27,2026-05-04 22:48:11.228582+00:00,https://consensus.hankyung.com/analysis/downpdf?report_idx=646101
2574,1,S-Oil(010950) 2028년까지 견조한 정유 수급 사이클 기대,"이용욱,고예진",한화투자증권,2026-01-27,2026-05-04 22:48:11.228582+00:00,https://consensus.hankyung.com/analysis/downpdf?report_idx=646099
2575,1,미스토홀딩스(081660) 4Q25 Preview : 아쿠쉬네트 지분 가치만 4조원,"이진협,김나우",한화투자증권,2026-01-27,2026-05-04 22:48:11.228582+00:00,https://consensus.hankyung.com/analysis/downpdf?report_idx=646098
2576,1,LG이노텍(011070) 4Q25 Review: 외형 합격. 훼손되지 않은 본질,고선영,유안타증권,2026-01-27,2026-05-04 22:48:11.228582+00:00,https://consensus.hankyung.com/analysis/downpdf?report_idx=646094
2577,1,KB금융(105560) 성장은 증권이 책임진다,우도형,유안타증권,2026-01-27,2026-05-04 22:48:11.228582+00:00,https://consensus.hankyung.com/analysis/downpdf?report_idx=646093
2578,1,키움증권(039490) 변동성 확대 구간의 수혜주,우도형,유안타증권,2026-01-27,2026-05-04 22:48:11.228582+00:00,https://consensus.hankyung.com/analysis/downpdf?report_idx=646092
2579,1,"한스바이오메드(042520) 셀르디엠이 연 성장, 악재는 종료됐다","이승은,김도엽",유안타증권,2026-01-27,2026-05-04 22:48:11.228582+00:00,https://consensus.hankyung.com/analysis/downpdf?report_idx=646091
2580,1,엘앤씨바이오(290650) 신성장동력 중심 성장 기대,"이승은,김도엽",유안타증권,2026-01-27,2026-05-04 22:48:11.228582+00:00,https://consensus.hankyung.com/analysis/downpdf?report_idx=646090
2581,1,"지노믹트리(228760) 얼리텍-B, 실적 레버리지 구간 진입",허선재,SK증권,2026-01-27,2026-05-04 22:48:11.228582+00:00,https://consensus.hankyung.com/analysis/downpdf?report_idx=646085
2582,1,녹십자(006280) 4Q25 Re: 4분기 흑자전환 성공,이선경,SK증권,2026-01-27,2026-05-04 22:48:11.228582+00:00,https://consensus.hankyung.com/analysis/downpdf?report_idx=646084
2583,1,LG이노텍(011070) 전방 수요 불확실성 vs 카메라 업그레이드 모멘텀,박형우,SK증권,2026-01-27,2026-05-04 22:48:11.228582+00:00,https://consensus.hankyung.com/analysis/downpdf?report_idx=646083
2584,1,해성디에스(195870) 4Q 컨센서스 Beat는 빙산의 일각,권민규,SK증권,2026-01-27,2026-05-04 22:48:11.228582+00:00,https://consensus.hankyung.com/analysis/downpdf?report_idx=646082
2585,1,삼성중공업(010140) 4Q25 Pre: 4분기는 내가 주인공,오지훈,IBK투자증권,2026-01-27,2026-05-04 22:48:11.228582+00:00,https://consensus.hankyung.com/analysis/downpdf?report_idx=646080
2586,1,제이브이엠(054950) 2026년 하반기를 기대한다,이건재,IBK투자증권,2026-01-27,2026-05-04 22:48:11.228582+00:00,https://consensus.hankyung.com/analysis/downpdf?report_idx=646079
2587,1,LG이노텍(011070) 25년 4분기 일회성 비용으로 부진,김운호,IBK투자증권,2026-01-27,2026-05-04 22:48:11.228582+00:00,https://consensus.hankyung.com/analysis/downpdf?report_idx=646078
2588,1,"녹십자(006280) 체질 개선 확인, 성장 옵션 확대",정이수,IBK투자증권,2026-01-27,2026-05-04 22:48:11.228582+00:00,https://consensus.hankyung.com/analysis/downpdf?report_idx=646077
2589,1,대한조선(439260) 4Q25 Pre: 다시 한번 최고 수익성 갱신 전망,오지훈,IBK투자증권,2026-01-27,2026-05-04 22:48:11.228582+00:00,https://consensus.hankyung.com/analysis/downpdf?report_idx=646076
2590,1,빙그레(005180) 해태 합병으로 구조적 개선 가시화,김태현,IBK투자증권,2026-01-27,2026-05-04 22:48:11.228582+00:00,https://consensus.hankyung.com/analysis/downpdf?report_idx=646075
2591,1,S-Oil(010950) 26년 분기별 정제마진 방향성에 대한 고민,"전유진,장호",iM증권,2026-01-27,2026-05-04 22:48:11.228582+00:00,https://consensus.hankyung.com/analysis/downpdf?report_idx=646069
2592,1,LG이노텍(011070) 아이폰 판매 호조와 기판 업사이드,고의영,iM증권,2026-01-27,2026-05-04 22:48:11.228582+00:00,https://consensus.hankyung.com/analysis/downpdf?report_idx=646068
2593,1,LG이노텍(011070) 아이폰 판매 호조와 기판 업사이드,고의영,iM증권,2026-01-27,2026-05-04 22:48:11.228582+00:00,https://consensus.hankyung.com/analysis/downpdf?report_idx=646067
2594,1,대덕전자(353200) 전사적으로 증설이 필요해지고 있음,고의영,iM증권,2026-01-27,2026-05-04 22:48:11.228582+00:00,https://consensus.hankyung.com/analysis/downpdf?report_idx=646066
2595,1,에스엠(041510) 중장기 성장 국면 진입의 분기점,황지원,iM증권,2026-01-27,2026-05-04 22:48:11.228582+00:00,https://consensus.hankyung.com/analysis/downpdf?report_idx=646065
2596,1,S-Oil(010950) OSP 하락 효과 확대되며 하반기 실적 개선 전망,황성현,유진투자증권,2026-01-27,2026-05-04 22:48:11.228582+00:00,https://consensus.hankyung.com/analysis/downpdf?report_idx=646061
2597,1,RFHIC(218410) 방산 믿고 통신에 건다,이찬영,유진투자증권,2026-01-27,2026-05-04 22:48:11.228582+00:00,https://consensus.hankyung.com/analysis/downpdf?report_idx=646060
2598,1,LG이노텍(011070) 4Q25 Review: 비모바일 영역에서의 이익 기여 확대,이주형,유진투자증권,2026-01-27,2026-05-04 22:48:11.228582+00:00,https://consensus.hankyung.com/analysis/downpdf?report_idx=646059
2599,1,해성디에스(195870) 4Q25 Review: 레버리지 구간 진입,이주형,유진투자증권,2026-01-27,2026-05-04 22:48:11.228582+00:00,https://consensus.hankyung.com/analysis/downpdf?report_idx=646058
2600,1,한화오션(042660) 4Q25 Preview: 이어지는 기대,이재혁,LS증권,2026-01-27,2026-05-04 22:48:11.228582+00:00,https://consensus.hankyung.com/analysis/downpdf?report_idx=646056
2601,1,"엘앤씨바이오(290650) 예상보다 빠른 성장 속도(feat. 증설, 수출)",조은애,LS증권,2026-01-27,2026-05-04 22:48:11.228582+00:00,https://consensus.hankyung.com/analysis/downpdf?report_idx=646055
2602,1,삼성E&A(028050) 포트폴리오 재구성이 의미하는 바,김진범,상상인증권,2026-01-26,2026-05-04 22:48:11.228582+00:00,https://consensus.hankyung.com/analysis/downpdf?report_idx=646051
2603,1,삼성E&A(028050) 나만 소외될 이유 없지,"송유림, 김예인",한화투자증권,2026-01-26,2026-05-04 22:48:11.228582+00:00,https://consensus.hankyung.com/analysis/downpdf?report_idx=646048
2604,1,인텔리안테크(189300) 非 스타링크 진영에 대한 관심 확대 필요,"배성조,김나우",한화투자증권,2026-01-26,2026-05-04 22:48:11.228582+00:00,https://consensus.hankyung.com/analysis/downpdf?report_idx=646047
2605,1,"NHN(181710) 증익을 기대하는 두가지, 클라우드와 웹보드","김소혜, 김나우",한화투자증권,2026-01-26,2026-05-04 22:48:11.228582+00:00,https://consensus.hankyung.com/analysis/downpdf?report_idx=646046
2606,1,현대차(005380) 가치의 이해보다 상황에 대한 판단이 우선,김용민,유안타증권,2026-01-26,2026-05-04 22:48:11.228582+00:00,https://consensus.hankyung.com/analysis/downpdf?report_idx=646044
2607,1,삼성전기(009150) 4Q25 Review: 서버 수요 전환과 계절성 약화,고선영,유안타증권,2026-01-26,2026-05-04 22:48:11.228582+00:00,https://consensus.hankyung.com/analysis/downpdf?report_idx=646042
2608,1,삼성전기(009150) 이상 징후 없는 구조적 체질 개선,양승수,메리츠증권,2026-01-26,2026-05-04 22:48:11.228582+00:00,https://consensus.hankyung.com/analysis/downpdf?report_idx=646036
2609,1,"삼성E&A(028050) 4Q25 Review: New Energy, New Valuation?",문경원,메리츠증권,2026-01-26,2026-05-04 22:48:11.228582+00:00,https://consensus.hankyung.com/analysis/downpdf?report_idx=646031
2610,1,삼성전기(009150) 4Q도 좋고 1Q는 더 좋다!,"박강호,서지원",대신증권,2026-01-26,2026-05-04 22:48:11.228582+00:00,https://consensus.hankyung.com/analysis/downpdf?report_idx=646029
2611,1,삼성전기(009150) 일곱 가지 성장동력,박형우,SK증권,2026-01-26,2026-05-04 22:48:11.228582+00:00,https://consensus.hankyung.com/analysis/downpdf?report_idx=646021
2612,1,"삼성전기(009150) 4분기 기대 이상. 26년도 AI, 전장으로 성장",김운호,IBK투자증권,2026-01-26,2026-05-04 22:48:11.228582+00:00,https://consensus.hankyung.com/analysis/downpdf?report_idx=646019
2613,1,디어유(376300) 컨센서스 상회 예상,김유혁,IBK투자증권,2026-01-26,2026-05-04 22:48:11.228582+00:00,https://consensus.hankyung.com/analysis/downpdf?report_idx=646016
2614,1,BGF리테일(282330) 미묘한 차이,남성현,IBK투자증권,2026-01-26,2026-05-04 22:48:11.228582+00:00,https://consensus.hankyung.com/analysis/downpdf?report_idx=646015
2615,1,LS에코에너지(229640) 희토류 탈중국화 밸류체인 구축 본격화로 성장성 부각,"이상헌,장호",iM증권,2026-01-26,2026-05-04 22:48:11.228582+00:00,https://consensus.hankyung.com/analysis/downpdf?report_idx=646013
2616,1,한화(000880) 인적분할 효과 단기적 But 개정상법 수혜,"이상헌,장호",iM증권,2026-01-26,2026-05-04 22:48:11.228582+00:00,https://consensus.hankyung.com/analysis/downpdf?report_idx=646012
2617,1,두산(000150) AI 수요 지속적인 증가 및 개정상법 수혜,"이상현,장호",iM증권,2026-01-26,2026-05-04 22:48:11.228582+00:00,https://consensus.hankyung.com/analysis/downpdf?report_idx=646011
2618,1,"PI첨단소재(178920) 스마트폰 고객사 영향, 북미 우호적 vs 중국 비우호적","이상헌,장호",iM증권,2026-01-26,2026-05-04 22:48:11.228582+00:00,https://consensus.hankyung.com/analysis/downpdf?report_idx=646010
2619,1,삼성E&A(028050) 2023년 전고점 못 갈 이유 있나요?,배세호,iM증권,2026-01-26,2026-05-04 22:48:11.228582+00:00,https://consensus.hankyung.com/analysis/downpdf?report_idx=646009
2620,1,"삼성전기(009150) MLCC에 대한 LTA 요구, 기판 증설의 의미",고의영,iM증권,2026-01-26,2026-05-04 22:48:11.228582+00:00,https://consensus.hankyung.com/analysis/downpdf?report_idx=646007
2621,1,"한국타이어앤테크놀로지(161390) 이익은 상향, 우려는 하향",이병근,LS증권,2026-01-26,2026-05-04 22:48:11.228582+00:00,https://consensus.hankyung.com/analysis/downpdf?report_idx=646006
2622,1,삼성중공업(010140) 4Q25 Preview: 본 궤도 진입,이재혁,LS증권,2026-01-26,2026-05-04 22:48:11.228582+00:00,https://consensus.hankyung.com/analysis/downpdf?report_idx=646005
2623,1,삼성E&A(028050) 에너지 트렌드를 겨냥하는 화살,김세련,LS증권,2026-01-26,2026-05-04 22:48:11.228582+00:00,https://consensus.hankyung.com/analysis/downpdf?report_idx=646004
2624,1,한국가스공사(036460) 배당성향 복원 위해선 민수용 요금의 인상이 필요한데..,성종화,LS증권,2026-01-26,2026-05-04 22:48:11.228582+00:00,https://consensus.hankyung.com/analysis/downpdf?report_idx=646003
2625,1,삼성E&A(028050) Energy Transition: 프레임을 바꾸다,류태환,유진투자증권,2026-01-26,2026-05-04 22:48:11.228582+00:00,https://consensus.hankyung.com/analysis/downpdf?report_idx=646002
2626,1,한솔제지(213500) 4Q25P Review: 2026년 스포츠이벤트 등 수혜 기대,박종선,유진투자증권,2026-01-26,2026-05-04 22:48:11.228582+00:00,https://consensus.hankyung.com/analysis/downpdf?report_idx=646001
2627,1,에스티팜(237690) 대사질환으로 확장하는 RNA 치료제,권해순,유진투자증권,2026-01-26,2026-05-04 22:48:11.228582+00:00,https://consensus.hankyung.com/analysis/downpdf?report_idx=646000
2628,1,삼성전기(009150) 4Q25 Review: 끓는점에 다가가는 중,이주형,유진투자증권,2026-01-26,2026-05-04 22:48:11.228582+00:00,https://consensus.hankyung.com/analysis/downpdf?report_idx=645994
2629,1,현대글로비스(086280) 그룹사 핵심 내러티브의 중심에서,이서연,상상인증권,2026-01-23,2026-05-04 22:48:11.228582+00:00,https://consensus.hankyung.com/analysis/downpdf?report_idx=645992
2630,1,티앤엘(340570) 2026년 매출 턴어라운드 기대,"김태현,박규연",한국IR협의회,2026-01-23,2026-05-04 22:48:11.228582+00:00,https://consensus.hankyung.com/analysis/downpdf?report_idx=645990
2631,1,에스엠(041510) SM Next 3.0: 잘 맞는 퍼스널 컬러를 찾았다,박수영,한화투자증권,2026-01-23,2026-05-04 22:48:11.228582+00:00,https://consensus.hankyung.com/analysis/downpdf?report_idx=645988
2632,1,오킨스전자(080580) P&Q 동시개선으로 2026년도 성장 기대,"권명준,서석준",유안타증권,2026-01-23,2026-05-04 22:48:11.228582+00:00,https://consensus.hankyung.com/analysis/downpdf?report_idx=645985
2633,1,"더블유게임즈(192080) 2026년, 이익과 주주 환원 모두 강화 기대",이지은,대신증권,2026-01-23,2026-05-04 22:48:11.228582+00:00,https://consensus.hankyung.com/analysis/downpdf?report_idx=645983
2634,1,코리아써키트(007810) 시설투자는 ①소캠2 ②브로드컴 AI ③밸류에이션 상향,"박강호,서지원",대신증권,2026-01-23,2026-05-04 22:48:11.228582+00:00,https://consensus.hankyung.com/analysis/downpdf?report_idx=645982
2635,1,이수페타시스(007660) 오해와 진실,박형우,SK증권,2026-01-23,2026-05-04 22:48:11.228582+00:00,https://consensus.hankyung.com/analysis/downpdf?report_idx=645980
2636,1,LS에코에너지(229640) 윤곽이 드러나는 희토류 사업,나민식,SK증권,2026-01-23,2026-05-04 22:48:11.228582+00:00,https://consensus.hankyung.com/analysis/downpdf?report_idx=645978
2637,1,효성중공업(298040) 일시적인 성장률 둔화,나민식,SK증권,2026-01-23,2026-05-04 22:48:11.228582+00:00,https://consensus.hankyung.com/analysis/downpdf?report_idx=645976
2638,1,"대양전기공업(108380) 14년 박스권 돌파, 성장과 분배의 원년",이건재,IBK투자증권,2026-01-23,2026-05-04 22:48:11.228582+00:00,https://consensus.hankyung.com/analysis/downpdf?report_idx=645973
2639,1,JYP Ent.(035900) 기저 부담에도 높은 수익성,박성호,LS증권,2026-01-23,2026-05-04 22:48:11.228582+00:00,https://consensus.hankyung.com/analysis/downpdf?report_idx=645967
2640,1,롯데쇼핑(023530) 4Q25 Preview: 백화점은 양호,오린아,LS증권,2026-01-23,2026-05-04 22:48:11.228582+00:00,https://consensus.hankyung.com/analysis/downpdf?report_idx=645966
2641,1,HD현대중공업(329180) 올해 성장 많이 된다. 수주 많이 받을 거야,이재혁,LS증권,2026-01-23,2026-05-04 22:48:11.228582+00:00,https://consensus.hankyung.com/analysis/downpdf?report_idx=645965
2642,1,피에스케이(319660) PR Strip 중심 성장 지속,"박성순,김혜빈",한국IR협의회,2026-01-22,2026-05-04 22:48:11.228582+00:00,https://consensus.hankyung.com/analysis/downpdf?report_idx=645960
2643,1,"엔젠바이오(354200) NGS에서 플랫폼으로: 데이터,AI,유통을 품은 구조적 전환","김승준,이금민",한국IR협의회,2026-01-22,2026-05-04 22:48:11.228582+00:00,https://consensus.hankyung.com/analysis/downpdf?report_idx=645959
2644,1,피에스케이홀딩스(031980) 탐방노트: 첨단 패키징 기반 성장 지속,김동관,메리츠증권,2026-01-22,2026-05-04 22:48:11.228582+00:00,https://consensus.hankyung.com/analysis/downpdf?report_idx=645958
2645,1,선익시스템(171090) 이제는 단단한 기업으로,양승수,메리츠증권,2026-01-22,2026-05-04 22:48:11.228582+00:00,https://consensus.hankyung.com/analysis/downpdf?report_idx=645957
2646,1,삼성바이오로직스(207940) 4Q25 Re: CDMO 퓨어 플레이어로의 재출발,김준영,메리츠증권,2026-01-22,2026-05-04 22:48:11.228582+00:00,https://consensus.hankyung.com/analysis/downpdf?report_idx=645955
2647,1,"기가비스(420770) 천천히, 그러나 확실한 미래",양승수,메리츠증권,2026-01-22,2026-05-04 22:48:11.228582+00:00,https://consensus.hankyung.com/analysis/downpdf?report_idx=645954
2648,1,솔루스첨단소재(336370) 상반기까지는 어려운 환경 지속,"이용욱,고예진",한화투자증권,2026-01-22,2026-05-04 22:48:11.228582+00:00,https://consensus.hankyung.com/analysis/downpdf?report_idx=645951
2649,1,동국제강(460860) 어렵지만 업황 개선 기회도 존재,이현수,유안타증권,2026-01-22,2026-05-04 22:48:11.228582+00:00,https://consensus.hankyung.com/analysis/downpdf?report_idx=645946
2650,1,대덕전자(353200) 4Q25 Preview: 팔방미인상 수상4Q25,고선영,유안타증권,2026-01-22,2026-05-04 22:48:11.228582+00:00,https://consensus.hankyung.com/analysis/downpdf?report_idx=645945
2651,1,이수페타시스(007660) 4Q25 Preview: 집중모범상 수상,고선영,유안타증권,2026-01-22,2026-05-04 22:48:11.228582+00:00,https://consensus.hankyung.com/analysis/downpdf?report_idx=645944
2652,1,"HD현대중공업(329180) 미포, 헌팅턴과의 시너지",이지니,대신증권,2026-01-22,2026-05-04 22:48:11.228582+00:00,https://consensus.hankyung.com/analysis/downpdf?report_idx=645941
2653,1,아모텍(052710) 빛으로 가는 AI 시대,김운호,IBK투자증권,2026-01-22,2026-05-04 22:48:11.228582+00:00,https://consensus.hankyung.com/analysis/downpdf?report_idx=645936
2654,1,LS에코에너지(229640) 2026년 신사업 가시성 확대,김태현,IBK투자증권,2026-01-22,2026-05-04 22:48:11.228582+00:00,https://consensus.hankyung.com/analysis/downpdf?report_idx=645935
2655,1,LS에코에너지(229640) 2026년 신사업 가시성 확대,김태현,IBK투자증권,2026-01-22,2026-05-04 22:48:11.228582+00:00,https://consensus.hankyung.com/analysis/downpdf?report_idx=645934
2656,1,LG디스플레이(034220) 4Q25 Preview: 1회성 비용보다는 턴어라운드에 주목하자,강민구,IBK투자증권,2026-01-22,2026-05-04 22:48:11.228582+00:00,https://consensus.hankyung.com/analysis/downpdf?report_idx=645932
2657,1,현대차(005380) Re-rating의 선두주자,이상수,iM증권,2026-01-22,2026-05-04 22:48:11.228582+00:00,https://consensus.hankyung.com/analysis/downpdf?report_idx=645927
2658,1,HL만도(204320) 시선을 글로벌 액츄에이터 시장에 둔다,이상수,iM증권,2026-01-22,2026-05-04 22:48:11.228582+00:00,https://consensus.hankyung.com/analysis/downpdf?report_idx=645926
2659,1,현대모비스(012330) Boston Dynamics의 든든한 공급망,이상수,iM증권,2026-01-22,2026-05-04 22:48:11.228582+00:00,https://consensus.hankyung.com/analysis/downpdf?report_idx=645925
2660,1,기아(000270) 본업으로 힘을 길러 때를 기다린다,이상수,iM증권,2026-01-22,2026-05-04 22:48:11.228582+00:00,https://consensus.hankyung.com/analysis/downpdf?report_idx=645924
2661,1,삼성바이오로직스(207940) Pure-CDMO로써의 산뜻한 출발,정재원,iM증권,2026-01-22,2026-05-04 22:48:11.228582+00:00,https://consensus.hankyung.com/analysis/downpdf?report_idx=645923
2662,1,"현대글로비스(086280) BD 지분 가치 및 사업 확대 고려, 목표주가 상향",배세호,iM증권,2026-01-22,2026-05-04 22:48:11.228582+00:00,https://consensus.hankyung.com/analysis/downpdf?report_idx=645922
2663,1,"이지바이오(353810) M&A 잘한다, 잘하는 회사다 성장에 도움 많이 된다",허준서,유진투자증권,2026-01-22,2026-05-04 22:48:11.228582+00:00,https://consensus.hankyung.com/analysis/downpdf?report_idx=645917
2664,1,신세계(004170) 4Q25 Preview: 2026년 기대 만발,오린아,LS증권,2026-01-22,2026-05-04 22:48:11.228582+00:00,https://consensus.hankyung.com/analysis/downpdf?report_idx=645914
2665,1,현대백화점(069960) 4Q25 Preview: 백화점이 으뜸이다,오린아,LS증권,2026-01-22,2026-05-04 22:48:11.228582+00:00,https://consensus.hankyung.com/analysis/downpdf?report_idx=645913
2666,1,현대백화점(069960) 4Q25 Preview: 백화점이 으뜸이다,오린아,LS증권,2026-01-22,2026-05-04 22:48:11.228582+00:00,https://consensus.hankyung.com/analysis/downpdf?report_idx=645912
2667,1,한온시스템(018880) 2026년 3% 영업이익률 기대,이병근,LS증권,2026-01-22,2026-05-04 22:48:11.228582+00:00,https://consensus.hankyung.com/analysis/downpdf?report_idx=645911
2668,1,"LIG넥스원(079550) 4Q25 Preview: 반영된 악재, 개선되는 26년",최정환,LS증권,2026-01-22,2026-05-04 22:48:11.228582+00:00,https://consensus.hankyung.com/analysis/downpdf?report_idx=645910
2669,1,"현대글로비스(086280) 4Q25 Preview: 나야, 리레이팅",이재혁,LS증권,2026-01-22,2026-05-04 22:48:11.228582+00:00,https://consensus.hankyung.com/analysis/downpdf?report_idx=645909
2670,1,진에어(272450) 4Q25 Teview: 국제선 운임 반등,이서연,상상인증권,2026-01-21,2026-05-04 22:48:11.228582+00:00,https://consensus.hankyung.com/analysis/downpdf?report_idx=645906
2671,1,신흥에스이씨(243840) 2차전지 안전부품 전문기업,"김선호,이희경",한국IR협의회,2026-01-21,2026-05-04 22:48:11.228582+00:00,https://consensus.hankyung.com/analysis/downpdf?report_idx=645904
2672,1,한미글로벌(053690) 글로벌 원전사업 진출 예상,"송유림,김예인",한화투자증권,2026-01-21,2026-05-04 22:48:11.228582+00:00,https://consensus.hankyung.com/analysis/downpdf?report_idx=645903
2673,1,삼성중공업(010140) 강력한 해양 수주 모멘텀 기대,"배성조,김나우",한화투자증권,2026-01-21,2026-05-04 22:48:11.228582+00:00,https://consensus.hankyung.com/analysis/downpdf?report_idx=645902
2674,1,세아제강(306200) 해상풍력·LNG로 체질 개선 본격화,권지우,한화투자증권,2026-01-21,2026-05-04 22:48:11.228582+00:00,https://consensus.hankyung.com/analysis/downpdf?report_idx=645901
2675,1,"컴투스(078340) 서머너즈워 반등, 야구 고성장세 지속","김소혜,김나우",한화투자증권,2026-01-21,2026-05-04 22:48:11.228582+00:00,https://consensus.hankyung.com/analysis/downpdf?report_idx=645900
2676,1,현대로템(064350) 수주 많이 된다,"이지호,김아현",메리츠증권,2026-01-21,2026-05-04 22:48:11.228582+00:00,https://consensus.hankyung.com/analysis/downpdf?report_idx=645897
2677,1,"샘씨엔에스(252990) SSD와 HBM, 투트랙 성장 시작",양승수,메리츠증권,2026-01-21,2026-05-04 22:48:11.228582+00:00,https://consensus.hankyung.com/analysis/downpdf?report_idx=645895
2678,1,한섬(020000) 소비심리 회복과 고단가 아우터 판매 증가로 실적 개선,유정현,대신증권,2026-01-21,2026-05-04 22:48:11.228582+00:00,https://consensus.hankyung.com/analysis/downpdf?report_idx=645892
2679,1,신세계인터내셔날(031430) 25년 4분기부터 실적 회복 시작,유정현,대신증권,2026-01-21,2026-05-04 22:48:11.228582+00:00,https://consensus.hankyung.com/analysis/downpdf?report_idx=645891
2680,1,한화엔진(082740) 4박자가 갖춰진 중장기 성장,한승한,SK증권,2026-01-21,2026-05-04 22:48:11.228582+00:00,https://consensus.hankyung.com/analysis/downpdf?report_idx=645890
2681,1,삼성물산(028260) 할인율이 축소될 시점,최관순,SK증권,2026-01-21,2026-05-04 22:48:11.228582+00:00,https://consensus.hankyung.com/analysis/downpdf?report_idx=645887
2682,1,감성코퍼레이션(036620) 저평가 구간,권형훈,SK증권,2026-01-21,2026-05-04 22:48:11.228582+00:00,https://consensus.hankyung.com/analysis/downpdf?report_idx=645885
2683,1,효성중공업(298040) 올해 영업이익 1조원 가시권,김태현,IBK투자증권,2026-01-21,2026-05-04 22:48:11.228582+00:00,https://consensus.hankyung.com/analysis/downpdf?report_idx=645883
2684,1,"한미약품(128940) 실적의 정상화, 굳건한 R&D",정재원,iM증권,2026-01-21,2026-05-04 22:48:11.228582+00:00,https://consensus.hankyung.com/analysis/downpdf?report_idx=645877
2685,1,동방메디컬(240550) IR 後記: 브라질 ANVISA 승인 기대,박종선,유진투자증권,2026-01-21,2026-05-04 22:48:11.228582+00:00,https://consensus.hankyung.com/analysis/downpdf?report_idx=645876
2686,1,서진시스템(178320) 흑자전환과 낙관적인 전망 그리고 오버행 해소,허준서,유진투자증권,2026-01-21,2026-05-04 22:48:11.228582+00:00,https://consensus.hankyung.com/analysis/downpdf?report_idx=645874
2687,1,DB하이텍(000990) 4Q25 Preview: 기회는 반복된다,임소정,유진투자증권,2026-01-21,2026-05-04 22:48:11.228582+00:00,https://consensus.hankyung.com/analysis/downpdf?report_idx=645873
2688,1,SK하이닉스(000660) 4Q25 Preview: 그래도 역시 HBM,임소정,유진투자증권,2026-01-21,2026-05-04 22:48:11.228582+00:00,https://consensus.hankyung.com/analysis/downpdf?report_idx=645872
2689,1,티에스이(131290) 2026년 Probe Card 고성장 기대감,정홍식,LS증권,2026-01-21,2026-05-04 22:48:11.228582+00:00,https://consensus.hankyung.com/analysis/downpdf?report_idx=645870
2690,1,한국전력(015760) 실적 방향성 + 원전 확대 방향성 → 동사 가치 상승 방향성,성종화,LS증권,2026-01-21,2026-05-04 22:48:11.228582+00:00,https://consensus.hankyung.com/analysis/downpdf?report_idx=645869
2691,1,"프로텍(053610) 모멘텀: 레이저 본더, 이익성장: 자회사 효과",정홍식,LS증권,2026-01-21,2026-05-04 22:48:11.228582+00:00,https://consensus.hankyung.com/analysis/downpdf?report_idx=645868
2692,1,에스엠(041510) 26년은 글로벌 확장에 초점,박성호,LS증권,2026-01-21,2026-05-04 22:48:11.228582+00:00,https://consensus.hankyung.com/analysis/downpdf?report_idx=645867
2693,1,"HL만도(204320) 본업 견인, 액추에이터 가속",이병근,LS증권,2026-01-21,2026-05-04 22:48:11.228582+00:00,https://consensus.hankyung.com/analysis/downpdf?report_idx=645866
2694,1,CJ대한통운(000120) 시장 점유율 확장 중,이서연,상상인증권,2026-01-20,2026-05-04 22:48:11.228582+00:00,https://consensus.hankyung.com/analysis/downpdf?report_idx=645864
2695,1,한미약품(128940) 4Q25 영업이익 시장 컨센서스 상회 전망,이달미,상상인증권,2026-01-20,2026-05-04 22:48:11.228582+00:00,https://consensus.hankyung.com/analysis/downpdf?report_idx=645863
2696,1,한미약품(128940) Efinopegdutide 임상 모멘텀은 여전히 유효,김준영,메리츠증권,2026-01-20,2026-05-04 22:48:11.228582+00:00,https://consensus.hankyung.com/analysis/downpdf?report_idx=645861
2697,1,풍산(103140) 25년 대비 방산 수출 회복 기대,이현수,유안타증권,2026-01-20,2026-05-04 22:48:11.228582+00:00,https://consensus.hankyung.com/analysis/downpdf?report_idx=645855
2698,1,"HD현대마린솔루션(443060) 25년 살짝 미스, 올해부터 쭉 기대해도 좋다",한승한,SK증권,2026-01-20,2026-05-04 22:48:11.228582+00:00,https://consensus.hankyung.com/analysis/downpdf?report_idx=645848
2699,1,파라다이스(034230) 높아진 시장기대치에 부합 예상,김유혁,IBK투자증권,2026-01-20,2026-05-04 22:48:11.228582+00:00,https://consensus.hankyung.com/analysis/downpdf?report_idx=645847
2700,1,롯데관광개발(032350) 지속되는 실적 모멘텀,김유혁,IBK투자증권,2026-01-20,2026-05-04 22:48:11.228582+00:00,https://consensus.hankyung.com/analysis/downpdf?report_idx=645846
2701,1,산일전기(062040) 관세 협의 마무리 단계,김태현,IBK투자증권,2026-01-20,2026-05-04 22:48:11.228582+00:00,https://consensus.hankyung.com/analysis/downpdf?report_idx=645845
2702,1,비에이치아이(083650) 수주 확대에 따른 실적 가시성 확대,김태현,IBK투자증권,2026-01-20,2026-05-04 22:48:11.228582+00:00,https://consensus.hankyung.com/analysis/downpdf?report_idx=645844
2703,1,삼양엔씨켐(482630) 탑라인 성장과 마진 확대가 동시에 나타난다,신희철,iM증권,2026-01-20,2026-05-04 22:48:11.228582+00:00,https://consensus.hankyung.com/analysis/downpdf?report_idx=645840
2704,1,HK이노엔(195940) 숫자가 보여줄 성장 궤도,정재원,iM증권,2026-01-20,2026-05-04 22:48:11.228582+00:00,https://consensus.hankyung.com/analysis/downpdf?report_idx=645839
2705,1,녹십자(006280) 알리글로가 이끄는 턴어라운드 기대,정재원,iM증권,2026-01-20,2026-05-04 22:48:11.228582+00:00,https://consensus.hankyung.com/analysis/downpdf?report_idx=645838
2706,1,KCC(002380) ‘26년 실리콘 개선 및 자산 활용이 키,정경희,LS증권,2026-01-20,2026-05-04 22:48:11.228582+00:00,https://consensus.hankyung.com/analysis/downpdf?report_idx=645832
2707,1,"LG화학(051910) 4분기 컨센 하회, ‘26년 수익성 약세 이어질 듯",정경희,LS증권,2026-01-20,2026-05-04 22:48:11.228582+00:00,https://consensus.hankyung.com/analysis/downpdf?report_idx=645831
2708,1,인탑스(049070) 로봇 EMS 사업 확대 기대감,정홍식,LS증권,2026-01-20,2026-05-04 22:48:11.228582+00:00,https://consensus.hankyung.com/analysis/downpdf?report_idx=645830
2709,1,한전KPS(051600) 원전주 Multiple 할증 추이. 동사 밸류 Multiple도 다소 상향,성종화,LS증권,2026-01-20,2026-05-04 22:48:11.228582+00:00,https://consensus.hankyung.com/analysis/downpdf?report_idx=645829
2710,1,인텍플러스(064290) 상저하고의 2026년,정민규,상상인증권,2026-01-19,2026-05-04 22:48:11.228582+00:00,https://consensus.hankyung.com/analysis/downpdf?report_idx=645826
2711,1,팬오션(028670) 안정적 체력 기반 묵묵히 항해 중,이서연,상상인증권,2026-01-19,2026-05-04 22:48:11.228582+00:00,https://consensus.hankyung.com/analysis/downpdf?report_idx=645825
2712,1,"HD현대중공업(329180) 상선도, 미 함정 사업도 자신감 충만",이서연,상상인증권,2026-01-19,2026-05-04 22:48:11.228582+00:00,https://consensus.hankyung.com/analysis/downpdf?report_idx=645824
2713,1,DL이앤씨(375500) 실적은 언급했던 수준 그대로,김진범,상상인증권,2026-01-19,2026-05-04 22:48:11.228582+00:00,https://consensus.hankyung.com/analysis/downpdf?report_idx=645823
2714,1,GS건설(006360) 올해의 초점은 내실 다지기,김진범,상상인증권,2026-01-19,2026-05-04 22:48:11.228582+00:00,https://consensus.hankyung.com/analysis/downpdf?report_idx=645822
2715,1,"SK이노베이션(096770) 정유화학 개선 긍정적이나, 배터리 회복은 요원","이용욱,고예진",한화투자증권,2026-01-19,2026-05-04 22:48:11.228582+00:00,https://consensus.hankyung.com/analysis/downpdf?report_idx=645820
2716,1,LG화학(051910) 상반기까지 부진 지속 전망,"이용욱,고예진",한화투자증권,2026-01-19,2026-05-04 22:48:11.228582+00:00,https://consensus.hankyung.com/analysis/downpdf?report_idx=645819
2717,1,기업은행(024110) 이대로는 배당의 강점도 없어진다,우도형,유안타증권,2026-01-19,2026-05-04 22:48:11.228582+00:00,https://consensus.hankyung.com/analysis/downpdf?report_idx=645815
2718,1,"HD현대마린솔루션(443060) 무난한 4Q25, 연간 매출전망에는 모자랄 것",김용민,유안타증권,2026-01-19,2026-05-04 22:48:11.228582+00:00,https://consensus.hankyung.com/analysis/downpdf?report_idx=645813
2719,1,HD현대마린엔진(071970) 4Q25 감탄만 나오는 수익성,배기연,메리츠증권,2026-01-19,2026-05-04 22:48:11.228582+00:00,https://consensus.hankyung.com/analysis/downpdf?report_idx=645811
2720,1,HD현대마린엔진(071970) 4Q25 감탄만 나오는 수익성,배기연,메리츠증권,2026-01-19,2026-05-04 22:48:11.228582+00:00,https://consensus.hankyung.com/analysis/downpdf?report_idx=645810
2721,1,제일기획(030000) 기대에 못 미친 4Q25 국내 광고 업황,"정지수,박건영",메리츠증권,2026-01-19,2026-05-04 22:48:11.228582+00:00,https://consensus.hankyung.com/analysis/downpdf?report_idx=645809
2722,1,스튜디오드래곤(253450) 설득력 있는 숫자,"정지수,박건영",메리츠증권,2026-01-19,2026-05-04 22:48:11.228582+00:00,https://consensus.hankyung.com/analysis/downpdf?report_idx=645808
2723,1,CJ ENM(035760) 의미심장한 실적,"정지수,박건영",메리츠증권,2026-01-19,2026-05-04 22:48:11.228582+00:00,https://consensus.hankyung.com/analysis/downpdf?report_idx=645807
2724,1,넷마블(251270) 출시 3월로 지연,이효진,메리츠증권,2026-01-19,2026-05-04 22:48:11.228582+00:00,https://consensus.hankyung.com/analysis/downpdf?report_idx=645802
2725,1,이노션(214320) 4Q25까지는 여전히 관세 영향권,"정지수,박건영",메리츠증권,2026-01-19,2026-05-04 22:48:11.228582+00:00,https://consensus.hankyung.com/analysis/downpdf?report_idx=645800
2726,1,대덕전자(353200) 반도체 호황의 수혜는 2026년 이익 확대로!,"박강호,서지원",대신증권,2026-01-19,2026-05-04 22:48:11.228582+00:00,https://consensus.hankyung.com/analysis/downpdf?report_idx=645796
2727,1,"LG전자(066570) 과거의 LG전자가 아니다? 1Q 실적호조, 로봇 경쟁력","박강호,서지원",대신증권,2026-01-19,2026-05-04 22:48:11.228582+00:00,https://consensus.hankyung.com/analysis/downpdf?report_idx=645795
2728,1,삼성중공업(010140) 기다리던 FLNG가 찾아왔어요,이지니,대신증권,2026-01-19,2026-05-04 22:48:11.228582+00:00,https://consensus.hankyung.com/analysis/downpdf?report_idx=645792
2729,1,한국콜마(161890) 예상보다 양호하다,형권훈,SK증권,2026-01-19,2026-05-04 22:48:11.228582+00:00,https://consensus.hankyung.com/analysis/downpdf?report_idx=645787
2730,1,"코리아써키트(007810) 아직도 싸다, 눈높이를 맞추지 않을 이유가 없다",권민규,SK증권,2026-01-19,2026-05-04 22:48:11.228582+00:00,https://consensus.hankyung.com/analysis/downpdf?report_idx=645785
2731,1,아모센스(357580) 숨겨진 SOFC 수혜주(ft.블룸에너지),허선재,SK증권,2026-01-19,2026-05-04 22:48:11.228582+00:00,https://consensus.hankyung.com/analysis/downpdf?report_idx=645784
2732,1,실리콘투(257720) 중장기적 성장성 여전하다,형권훈,SK증권,2026-01-19,2026-05-04 22:48:11.228582+00:00,https://consensus.hankyung.com/analysis/downpdf?report_idx=645778
2733,1,대우건설(047040) 4Q25 Preview: 원전 수주 기다리기,조정현,IBK투자증권,2026-01-19,2026-05-04 22:48:11.228582+00:00,https://consensus.hankyung.com/analysis/downpdf?report_idx=645775
2734,1,삼양식품(003230) 조정 국면 속 성장 스토리는 여전,김태현,IBK투자증권,2026-01-19,2026-05-04 22:48:11.228582+00:00,https://consensus.hankyung.com/analysis/downpdf?report_idx=645774
2735,1,KT&G(033780) 부동산이 효자,김태현,IBK투자증권,2026-01-19,2026-05-04 22:48:11.228582+00:00,https://consensus.hankyung.com/analysis/downpdf?report_idx=645773
2736,1,LX인터내셔널(001120) 올해 실적 턴어라운드 환경하에서 배당 매력적,"이상헌,장호",iM증권,2026-01-19,2026-05-04 22:48:11.228582+00:00,https://consensus.hankyung.com/analysis/downpdf?report_idx=645771
2737,1,LS ELECTRIC(010120) AI 데이터센터 수주로 올해 실적 개선 가속화,"이상헌,장호",iM증권,2026-01-19,2026-05-04 22:48:11.228582+00:00,https://consensus.hankyung.com/analysis/downpdf?report_idx=645770
2738,1,효성(004800) 개정상법으로 지배구조 개선되면서 동사 수혜,"이상헌,장호",iM증권,2026-01-19,2026-05-04 22:48:11.228582+00:00,https://consensus.hankyung.com/analysis/downpdf?report_idx=645769
2739,1,포스코인터내셔널(047050) 트럼프 2.0 시대 LNG 및 희토류 등으로 밸류업,"이상헌,장호",iM증권,2026-01-19,2026-05-04 22:48:11.228582+00:00,https://consensus.hankyung.com/analysis/downpdf?report_idx=645768
2740,1,하이브(352820) 새롭게 쓸 역사,황지원,iM증권,2026-01-19,2026-05-04 22:48:11.228582+00:00,https://consensus.hankyung.com/analysis/downpdf?report_idx=645766
2741,1,HD현대건설기계(267270) 4Q25 Preview: 아쉬운 실적 속 분명한 방향성,최정환,LS증권,2026-01-19,2026-05-04 22:48:11.228582+00:00,https://consensus.hankyung.com/analysis/downpdf?report_idx=645764
2742,1,HD현대일렉트릭(267260) 4Q25 Good. 26년 이후에도 고성장 & 마진 개선 지속 전망,성종화,LS증권,2026-01-19,2026-05-04 22:48:11.228582+00:00,https://consensus.hankyung.com/analysis/downpdf?report_idx=645763
2743,1,"현대건설(000720) 미국 SMR, 원전으로 빛날 한 해",김세련,LS증권,2026-01-19,2026-05-04 22:48:11.228582+00:00,https://consensus.hankyung.com/analysis/downpdf?report_idx=645762
2744,1,"대우건설(047040) 실적과 수주, 양방향의 변동성",김세련,LS증권,2026-01-19,2026-05-04 22:48:11.228582+00:00,https://consensus.hankyung.com/analysis/downpdf?report_idx=645761
2745,1,와이지엔터테인먼트(122870) 높아지는 이익 체력,박성호,LS증권,2026-01-19,2026-05-04 22:48:11.228582+00:00,https://consensus.hankyung.com/analysis/downpdf?report_idx=645760
2746,1,대한항공(003490) 4Q25 Review: 서프라이즈 그 이상,이재혁,LS증권,2026-01-19,2026-05-04 22:48:11.228582+00:00,https://consensus.hankyung.com/analysis/downpdf?report_idx=645759
2747,1,롯데렌탈(089860) 2026년 영업이익 두자릿수 성장,이병근,LS증권,2026-01-19,2026-05-04 22:48:11.228582+00:00,https://consensus.hankyung.com/analysis/downpdf?report_idx=645758
2748,1,대덕전자(353200) 4Q25 Preview: 2026년이 더 기대된다,이주형,유진투자증권,2026-01-19,2026-05-04 22:48:11.228582+00:00,https://consensus.hankyung.com/analysis/downpdf?report_idx=645753
2749,1,해성디에스(195870) 4Q25 Preview: 우호적 업황 속 이익 개선 가시화,이주형,유진투자증권,2026-01-19,2026-05-04 22:48:11.228582+00:00,https://consensus.hankyung.com/analysis/downpdf?report_idx=645750
2750,1,삼성중공업(010140) MASGA 반열에 진입,이서연,상상인증권,2026-01-16,2026-05-04 22:48:11.228582+00:00,https://consensus.hankyung.com/analysis/downpdf?report_idx=645747
2751,1,대한항공(003490) [4Q25 Review] 별도 서프라이즈,리서치센터,한화투자증권,2026-01-16,2026-05-04 22:48:11.228582+00:00,https://consensus.hankyung.com/analysis/downpdf?report_idx=645743
2752,1,"기아(000270) Car to Robot, Same Here","김준성,배현서",메리츠증권,2026-01-16,2026-05-04 22:48:11.228582+00:00,https://consensus.hankyung.com/analysis/downpdf?report_idx=645742
2753,1,한화엔진(082740) 4Q Preview: 뒤 늦은 상향 조정,배기연,메리츠증권,2026-01-16,2026-05-04 22:48:11.228582+00:00,https://consensus.hankyung.com/analysis/downpdf?report_idx=645741
2754,1,두산(000150) Vera Rubin에서도 대체 불가능한 선택지,양승수,메리츠증권,2026-01-16,2026-05-04 22:48:11.228582+00:00,https://consensus.hankyung.com/analysis/downpdf?report_idx=645740
2755,1,대한항공(003490) 비용 부담에도 운임 개선으로 컨센 상회,최지운,유안타증권,2026-01-16,2026-05-04 22:48:11.228582+00:00,https://consensus.hankyung.com/analysis/downpdf?report_idx=645738
2756,1,한화오션(042660) 돈 쓸 줄 아는 회사,이지니,대신증권,2026-01-16,2026-05-04 22:48:11.228582+00:00,https://consensus.hankyung.com/analysis/downpdf?report_idx=645737
2757,1,SK텔레콤(017670) 정상화의 길목,최관순,SK증권,2026-01-16,2026-05-04 22:48:11.228582+00:00,https://consensus.hankyung.com/analysis/downpdf?report_idx=645732
2758,1,KT(030200) 주주환원에서 나오는 안정감,최관순,SK증권,2026-01-16,2026-05-04 22:48:11.228582+00:00,https://consensus.hankyung.com/analysis/downpdf?report_idx=645731
2759,1,코미코(183300) 안정적인 성장 궤도,이동주,SK증권,2026-01-16,2026-05-04 22:48:11.228582+00:00,https://consensus.hankyung.com/analysis/downpdf?report_idx=645729
2760,1,HK이노엔(195940) 4Q25 Preview: 영업이익 컨센 13% 상회,이선경,SK증권,2026-01-16,2026-05-04 22:48:11.228582+00:00,https://consensus.hankyung.com/analysis/downpdf?report_idx=645728
2761,1,KT&G(033780) 4Q25 Preview,이경신,iM증권,2026-01-16,2026-05-04 22:48:11.228582+00:00,https://consensus.hankyung.com/analysis/downpdf?report_idx=645722
2762,1,CJ제일제당(097950) 4Q25 Preview,이경신,iM증권,2026-01-16,2026-05-04 22:48:11.228582+00:00,https://consensus.hankyung.com/analysis/downpdf?report_idx=645721
2763,1,오리온(271560) 4Q25 Preview,이경신,iM증권,2026-01-16,2026-05-04 22:48:11.228582+00:00,https://consensus.hankyung.com/analysis/downpdf?report_idx=645720
2764,1,오뚜기(007310) 4Q25 Preview,이경신,iM증권,2026-01-16,2026-05-04 22:48:11.228582+00:00,https://consensus.hankyung.com/analysis/downpdf?report_idx=645719
2765,1,농심(004370) 4Q25 Preview,이경신,iM증권,2026-01-16,2026-05-04 22:48:11.228582+00:00,https://consensus.hankyung.com/analysis/downpdf?report_idx=645718
2766,1,동원산업(006040) 4Q25 Preview,이경신,iM증권,2026-01-16,2026-05-04 22:48:11.228582+00:00,https://consensus.hankyung.com/analysis/downpdf?report_idx=645717
2767,1,롯데칠성(005300) 4Q25 Preview,이경신,iM증권,2026-01-16,2026-05-04 22:48:11.228582+00:00,https://consensus.hankyung.com/analysis/downpdf?report_idx=645716
2768,1,하이트진로(000080) 4Q25 Preview,이경신,iM증권,2026-01-16,2026-05-04 22:48:11.228582+00:00,https://consensus.hankyung.com/analysis/downpdf?report_idx=645715
2769,1,대상(001680) 4Q25 Preview,이경신,iM증권,2026-01-16,2026-05-04 22:48:11.228582+00:00,https://consensus.hankyung.com/analysis/downpdf?report_idx=645714
2770,1,빙그레(005180) 4Q25 Preview,이경신,iM증권,2026-01-16,2026-05-04 22:48:11.228582+00:00,https://consensus.hankyung.com/analysis/downpdf?report_idx=645713
2771,1,삼양식품(003230) 4Q25 Preview,이경신,iM증권,2026-01-16,2026-05-04 22:48:11.228582+00:00,https://consensus.hankyung.com/analysis/downpdf?report_idx=645712
2772,1,CJ프레시웨이(051500) 4Q25 Preview,이경신,iM증권,2026-01-16,2026-05-04 22:48:11.228582+00:00,https://consensus.hankyung.com/analysis/downpdf?report_idx=645711
2773,1,아모레퍼시픽(090430) 4Q25 Preview: 서구권 성장 브랜드 확보,오린아,LS증권,2026-01-16,2026-05-04 22:48:11.228582+00:00,https://consensus.hankyung.com/analysis/downpdf?report_idx=645708
2774,1,한전기술(052690) 핵심은 원전. 실적은 2026년 급반등 방향성 주목,성종화,LS증권,2026-01-16,2026-05-04 22:48:11.228582+00:00,https://consensus.hankyung.com/analysis/downpdf?report_idx=645707
2775,1,SK바이오팜(326030) 2026년부터는 R&D 모멘텀 기대,이달미,상상인증권,2026-01-15,2026-05-04 22:48:11.228582+00:00,https://consensus.hankyung.com/analysis/downpdf?report_idx=645704
2776,1,한화오션(042660) 상선 실적과 함정 모멘텀 여전히 견조,이서연,상상인증권,2026-01-15,2026-05-04 22:48:11.228582+00:00,https://consensus.hankyung.com/analysis/downpdf?report_idx=645703
2777,1,"지니너스(389030) Genius Platform, Geninus Way: 데이터가 신약이 되는 시대","김승준,이금민",한국IR협의회,2026-01-15,2026-05-04 22:48:11.228582+00:00,https://consensus.hankyung.com/analysis/downpdf?report_idx=645701
2778,1,현대건설(000720) 함부로 내려놓을 수 없는 이유,"송유림,김예인",한화투자증권,2026-01-15,2026-05-04 22:48:11.228582+00:00,https://consensus.hankyung.com/analysis/downpdf?report_idx=645699
2779,1,S-Oil(010950) 2026년에도 정제마진 강세 지속,"이용욱,고예진",한화투자증권,2026-01-15,2026-05-04 22:48:11.228582+00:00,https://consensus.hankyung.com/analysis/downpdf?report_idx=645696
2780,1,LG유플러스(032640) 경쟁사들과는 상반된 분위기,"정지수, 박건영",메리츠증권,2026-01-15,2026-05-04 22:48:11.228582+00:00,https://consensus.hankyung.com/analysis/downpdf?report_idx=645690
2781,1,대덕전자(353200) 거침없는 질주,양승수,메리츠증권,2026-01-15,2026-05-04 22:48:11.228582+00:00,https://consensus.hankyung.com/analysis/downpdf?report_idx=645689
2782,1,KT(030200) 사이버 침해 관련 비용 반영으로 부진,"정지수,박건영",메리츠증권,2026-01-15,2026-05-04 22:48:11.228582+00:00,https://consensus.hankyung.com/analysis/downpdf?report_idx=645688
2783,1,SK텔레콤(017670) 대규모 희망퇴직에 따른 비용 반영,"정지수,박건영",메리츠증권,2026-01-15,2026-05-04 22:48:11.228582+00:00,https://consensus.hankyung.com/analysis/downpdf?report_idx=645687
2784,1,KT&G(033780) 탐방 Comment,"김정욱, 황홍진",메리츠증권,2026-01-15,2026-05-04 22:48:11.228582+00:00,https://consensus.hankyung.com/analysis/downpdf?report_idx=645686
2785,1,NAVER(035420) 힘없는 주가 vs 힘솟는 실적: 4Q25 Preview,이창영,유안타증권,2026-01-15,2026-05-04 22:48:11.228582+00:00,https://consensus.hankyung.com/analysis/downpdf?report_idx=645685
2786,1,큐알티(405100) 2026년 최대 실적 기대,"권명준,서석준",유안타증권,2026-01-15,2026-05-04 22:48:11.228582+00:00,https://consensus.hankyung.com/analysis/downpdf?report_idx=645684
2787,1,한화(000880) 기업가치 제고를 위한 승부수,이승웅,유안타증권,2026-01-15,2026-05-04 22:48:11.228582+00:00,https://consensus.hankyung.com/analysis/downpdf?report_idx=645683
2788,1,한화(000880) 인적분할 코멘트,최관순,SK증권,2026-01-15,2026-05-04 22:48:11.228582+00:00,https://consensus.hankyung.com/analysis/downpdf?report_idx=645679
2789,1,HD현대마린엔진(071970) 큰 폭의 Q&P 상승효과 기대되는 올해,한승한,SK증권,2026-01-15,2026-05-04 22:48:11.228582+00:00,https://consensus.hankyung.com/analysis/downpdf?report_idx=645677
2790,1,카카오(035720) AI 성과에 달린 주가 방향성,남효지,SK증권,2026-01-15,2026-05-04 22:48:11.228582+00:00,https://consensus.hankyung.com/analysis/downpdf?report_idx=645674
2791,1,NAVER(035420) 굳건히 축적한 역량의 결실,남효지,SK증권,2026-01-15,2026-05-04 22:48:11.228582+00:00,https://consensus.hankyung.com/analysis/downpdf?report_idx=645673
2792,1,현대차(005380) 백조가 된 현대차,윤혁진,SK증권,2026-01-15,2026-05-04 22:48:11.228582+00:00,https://consensus.hankyung.com/analysis/downpdf?report_idx=645672
2793,1,롯데케미칼(011170) 범용 케미칼의 회계적 제거,이동욱,IBK투자증권,2026-01-15,2026-05-04 22:48:11.228582+00:00,https://consensus.hankyung.com/analysis/downpdf?report_idx=645670
2794,1,LG유플러스(032640) 2026년 이익 개선 가시성 확대,김태현,IBK투자증권,2026-01-15,2026-05-04 22:48:11.228582+00:00,https://consensus.hankyung.com/analysis/downpdf?report_idx=645669
2795,1,와이지엔터테인먼트(122870) 점진적인 체질 개선 중,김유혁,IBK투자증권,2026-01-15,2026-05-04 22:48:11.228582+00:00,https://consensus.hankyung.com/analysis/downpdf?report_idx=645668
2796,1,마이크로디지탈(305090) 메이저리그 진입! 미국 시장은 의미가 다르다,이건재,IBK투자증권,2026-01-15,2026-05-04 22:48:11.228582+00:00,https://consensus.hankyung.com/analysis/downpdf?report_idx=645667
2797,1,에스엠(041510) 상승할 일만 남았다,김유혁,IBK투자증권,2026-01-15,2026-05-04 22:48:11.228582+00:00,https://consensus.hankyung.com/analysis/downpdf?report_idx=645666
2798,1,삼성E&A(028050) 4Q25 Preview: 명확한 수주 방향성 제시 기대,조정,IBK투자증권,2026-01-15,2026-05-04 22:48:11.228582+00:00,https://consensus.hankyung.com/analysis/downpdf?report_idx=645665
2799,1,"태광(023160) 3Q25 숫자가 증명했고, 2026년에는 주가가 따라올 것",조정현,IBK투자증권,2026-01-15,2026-05-04 22:48:11.228582+00:00,https://consensus.hankyung.com/analysis/downpdf?report_idx=645664
2800,1,DL이앤씨(375500) 4Q25 Preview: 장기 사업 방향성 제시 필요,조정현,IBK투자증권,2026-01-15,2026-05-04 22:48:11.228582+00:00,https://consensus.hankyung.com/analysis/downpdf?report_idx=645663
2801,1,효성중공업(298040) 4Q25 Preview(2): 수정 Update. 1차 Check보다 훨씬 양호,성종화,LS증권,2026-01-15,2026-05-04 22:48:11.228582+00:00,https://consensus.hankyung.com/analysis/downpdf?report_idx=645655
2802,1,현대로템(064350) 4Q25 Preview: 더 큰 도약을 위해 준비 중,최정환,LS증권,2026-01-15,2026-05-04 22:48:11.228582+00:00,https://consensus.hankyung.com/analysis/downpdf?report_idx=645654
2803,1,하이브(352820) 초대형 월드투어,박성호,LS증권,2026-01-15,2026-05-04 22:48:11.228582+00:00,https://consensus.hankyung.com/analysis/downpdf?report_idx=645653
2804,1,LG에너지솔루션(373220) 26년 P와 Q의 게임,정경희,LS증권,2026-01-15,2026-05-04 22:48:11.228582+00:00,https://consensus.hankyung.com/analysis/downpdf?report_idx=645652
2805,1,OCI(456040) 탐방 노트: 턴어라운드 시그널,정경희,LS증권,2026-01-15,2026-05-04 22:48:11.228582+00:00,https://consensus.hankyung.com/analysis/downpdf?report_idx=645651
2806,1,KT&G(033780) 안정적이어 보이지만 파격적인 행보의 연속,"한유정,고예진",한화투자증권,2026-01-14,2026-05-04 22:48:11.228582+00:00,https://consensus.hankyung.com/analysis/downpdf?report_idx=645646
2807,1,CJ제일제당(097950) 쌓여가는 숙제,"한유정,고예진",한화투자증권,2026-01-14,2026-05-04 22:48:11.228582+00:00,https://consensus.hankyung.com/analysis/downpdf?report_idx=645645
2808,1,포스코퓨처엠(003670) GM 가동 중단 영향 본격화,"이용욱,고예진",한화투자증권,2026-01-14,2026-05-04 22:48:11.228582+00:00,https://consensus.hankyung.com/analysis/downpdf?report_idx=645644
2809,1,에코프로비엠(247540) 전망치 하향: Ford 전기차 전략 조정 여파,"이용욱,고예진",한화투자증권,2026-01-14,2026-05-04 22:48:11.228582+00:00,https://consensus.hankyung.com/analysis/downpdf?report_idx=645643
2810,1,엘앤에프(066970) 하향 조정 속 나홀로 선방,"이용욱,고예진",한화투자증권,2026-01-14,2026-05-04 22:48:11.228582+00:00,https://consensus.hankyung.com/analysis/downpdf?report_idx=645642
2811,1,에스엠(041510) 의외로 가장 편안한 Pick,박수영,한화투자증권,2026-01-14,2026-05-04 22:48:11.228582+00:00,https://consensus.hankyung.com/analysis/downpdf?report_idx=645641
2812,1,하이브(352820) 단기 실적 부진에도 목표주가 상향 조정,이환욱,유안타증권,2026-01-14,2026-05-04 22:48:11.228582+00:00,https://consensus.hankyung.com/analysis/downpdf?report_idx=645635
2813,1,"SK텔레콤(017670) 재도약하는 26년, 그리고 앤트로픽 가치",이승웅,유안타증권,2026-01-14,2026-05-04 22:48:11.228582+00:00,https://consensus.hankyung.com/analysis/downpdf?report_idx=645634
2814,1,신세계(004170) 2026년 전계열사 실적 모두 좋다,유정현,대신증권,2026-01-14,2026-05-04 22:48:11.228582+00:00,https://consensus.hankyung.com/analysis/downpdf?report_idx=645632
2815,1,"현대백화점(069960) 내수 소비 회복과 인바운드 증가, 두 개의 날개로 도약",유정현,대신증권,2026-01-14,2026-05-04 22:48:11.228582+00:00,https://consensus.hankyung.com/analysis/downpdf?report_idx=645631
2816,1,신세계(004170) 4Q25 Preview,김정욱,메리츠증권,2026-01-14,2026-05-04 22:48:11.228582+00:00,https://consensus.hankyung.com/analysis/downpdf?report_idx=645630
2817,1,두산테스나(131970) 회복과 성장의 해,김동관,메리츠증권,2026-01-14,2026-05-04 22:48:11.228582+00:00,https://consensus.hankyung.com/analysis/downpdf?report_idx=645629
2818,1,"삼성전기(009150) AI용 FC-BGA, 시장 기대 이상의 업사이클 예상",양승수,메리츠증권,2026-01-14,2026-05-04 22:48:11.228582+00:00,https://consensus.hankyung.com/analysis/downpdf?report_idx=645628
2819,1,KH바텍(060720) 안정적인 성장,양승수,메리츠증권,2026-01-14,2026-05-04 22:48:11.228582+00:00,https://consensus.hankyung.com/analysis/downpdf?report_idx=645627
2820,1,HD현대중공업(329180) 미 함정 최강자 헌팅턴(HII)과 깐부,한승한,SK증권,2026-01-14,2026-05-04 22:48:11.228582+00:00,https://consensus.hankyung.com/analysis/downpdf?report_idx=645626
2821,1,한화오션(042660) 필리와 오스탈로 간다,한승한,SK증권,2026-01-14,2026-05-04 22:48:11.228582+00:00,https://consensus.hankyung.com/analysis/downpdf?report_idx=645625
2822,1,한화오션(042660) 필리와 오스탈로 간다,한승한,SK증권,2026-01-14,2026-05-04 22:48:11.228582+00:00,https://consensus.hankyung.com/analysis/downpdf?report_idx=645624
2823,1,삼성중공업(010140) LNGC&FLNG 수주 잔치가 될 2026년,한승한,SK증권,2026-01-14,2026-05-04 22:48:11.228582+00:00,https://consensus.hankyung.com/analysis/downpdf?report_idx=645623
2824,1,에브리봇(270660) 움직이는 로봇들의 눈과 발이 되어 줄게,나승두,SK증권,2026-01-14,2026-05-04 22:48:11.228582+00:00,https://consensus.hankyung.com/analysis/downpdf?report_idx=645622
2825,1,이랜텍(054210) 4Q25 Preview: 컨센서스 상회 전망,허선재,SK증권,2026-01-14,2026-05-04 22:48:11.228582+00:00,https://consensus.hankyung.com/analysis/downpdf?report_idx=645619
2826,1,아모레퍼시픽(090430) 재정비의 시간,형권훈,SK증권,2026-01-14,2026-05-04 22:48:11.228582+00:00,https://consensus.hankyung.com/analysis/downpdf?report_idx=645617
2827,1,"SK텔레콤(017670) 실적·배당 불확실성 선반영, 주가 회복 기대",김태현,IBK투자증권,2026-01-14,2026-05-04 22:48:11.228582+00:00,https://consensus.hankyung.com/analysis/downpdf?report_idx=645613
2828,1,하이브(352820) 예상을 뛰어넘은 BTS 월드투어,김유혁,IBK투자증권,2026-01-14,2026-05-04 22:48:11.228582+00:00,https://consensus.hankyung.com/analysis/downpdf?report_idx=645612
2829,1,덴티움(145720) 중국 매출 반등 속도에 대한 관심,조은애,LS증권,2026-01-14,2026-05-04 22:48:11.228582+00:00,https://consensus.hankyung.com/analysis/downpdf?report_idx=645607
2830,1,한국단자(025540) 영업이익 성장성 대비 Valuation 저평가,정홍식,LS증권,2026-01-14,2026-05-04 22:48:11.228582+00:00,https://consensus.hankyung.com/analysis/downpdf?report_idx=645606
2831,1,"LS에코에너지(229640) 희토류 사업 표면화, 기대가치 상향. 목표주가 유지",성종화,LS증권,2026-01-14,2026-05-04 22:48:11.228582+00:00,https://consensus.hankyung.com/analysis/downpdf?report_idx=645605
2832,1,한화에어로스페이스(012450) 4Q25 Preview: 여전히 열려있는 잠재적 수요처,최정환,LS증권,2026-01-14,2026-05-04 22:48:11.228582+00:00,https://consensus.hankyung.com/analysis/downpdf?report_idx=645604
2833,1,농심(004370) 4분기 일시적인 비용 증가,박성호,LS증권,2026-01-14,2026-05-04 22:48:11.228582+00:00,https://consensus.hankyung.com/analysis/downpdf?report_idx=645603
2834,1,유니트론텍(142210) 차량용 메모리 반도체 공급,정홍식,LS증권,2026-01-14,2026-05-04 22:48:11.228582+00:00,https://consensus.hankyung.com/analysis/downpdf?report_idx=645602
2835,1,"동양이엔피(079960) 대규모 순현금, 수익성 개선, 저평가",정홍식,LS증권,2026-01-14,2026-05-04 22:48:11.228582+00:00,https://consensus.hankyung.com/analysis/downpdf?report_idx=645601
2836,1,현대건설(000720) 밸류를 정당화해볼까요?,배세호,iM증권,2026-01-14,2026-05-04 22:48:11.228582+00:00,https://consensus.hankyung.com/analysis/downpdf?report_idx=645599
2837,1,DL이앤씨(375500) 비용 반영보다 아쉬운 수주,류태환,유진투자증권,2026-01-14,2026-05-04 22:48:11.228582+00:00,https://consensus.hankyung.com/analysis/downpdf?report_idx=645597
2838,1,이지바이오(353810) 글로벌 사료첨가제 기업으로의 전환,"조영환,박규연",한국IR협의회,2026-01-13,2026-05-04 22:48:11.228582+00:00,https://consensus.hankyung.com/analysis/downpdf?report_idx=645588
2839,1,HL D&I(014790) 하이닉스 옆 자체사업,"송유림,김예인",한화투자증권,2026-01-13,2026-05-04 22:48:11.228582+00:00,https://consensus.hankyung.com/analysis/downpdf?report_idx=645586
2840,1,"하이브(352820) 어닝 쇼크는 4Q25가 마지막, 이제 영광스러울 준비만…",박수영,한화투자증권,2026-01-13,2026-05-04 22:48:11.228582+00:00,https://consensus.hankyung.com/analysis/downpdf?report_idx=645585
2841,1,한화생명(088350) 경상 체력의 안정적인 시현이 필요,김도하,한화투자증권,2026-01-13,2026-05-04 22:48:11.228582+00:00,https://consensus.hankyung.com/analysis/downpdf?report_idx=645584
2842,1,삼성생명(032830) 총자산의 19%가 전자 지분,김도하,한화투자증권,2026-01-13,2026-05-04 22:48:11.228582+00:00,https://consensus.hankyung.com/analysis/downpdf?report_idx=645583
2843,1,한솔케미칼(014680) 점진적 업사이클 반영의 해,김동관,메리츠증권,2026-01-13,2026-05-04 22:48:11.228582+00:00,https://consensus.hankyung.com/analysis/downpdf?report_idx=645580
2844,1,넷마블(251270) 확인된 바닥. 이제는 살 때,이효진,메리츠증권,2026-01-13,2026-05-04 22:48:11.228582+00:00,https://consensus.hankyung.com/analysis/downpdf?report_idx=645578
2845,1,"이수페타시스(007660) 2026년, 멈추지 않는 흐름",양승수,메리츠증권,2026-01-13,2026-05-04 22:48:11.228582+00:00,https://consensus.hankyung.com/analysis/downpdf?report_idx=645576
2846,1,CJ대한통운(000120) 더욱 기대되는 2026년,최지운,유안타증권,2026-01-13,2026-05-04 22:48:11.228582+00:00,https://consensus.hankyung.com/analysis/downpdf?report_idx=645574
2847,1,엔씨소프트(036570) 1분기부터가 진짜 실적,남효지,SK증권,2026-01-13,2026-05-04 22:48:11.228582+00:00,https://consensus.hankyung.com/analysis/downpdf?report_idx=645568
2848,1,넷마블(251270) 신작만 잘 해준다면 올해도 끄떡없을 것,남효지,SK증권,2026-01-13,2026-05-04 22:48:11.228582+00:00,https://consensus.hankyung.com/analysis/downpdf?report_idx=645567
2849,1,원익IPS(240810) 파운드리도 있죠,이동주,SK증권,2026-01-13,2026-05-04 22:48:11.228582+00:00,https://consensus.hankyung.com/analysis/downpdf?report_idx=645564
2850,1,현대모비스(012330) 로봇으로 Value up,이병근,LS증권,2026-01-13,2026-05-04 22:48:11.228582+00:00,https://consensus.hankyung.com/analysis/downpdf?report_idx=645559
2851,1,GS건설(006360) 내실을 다지는 구간,류태환,유진투자증권,2026-01-13,2026-05-04 22:48:11.228582+00:00,https://consensus.hankyung.com/analysis/downpdf?report_idx=645556
2852,1,슈어소프트테크(298830) 소프트웨어 검증 분야를 선도하는 작지만 알찬 기업,"백종석,김혜빈",한국IR협의회,2026-01-12,2026-05-04 22:48:11.228582+00:00,https://consensus.hankyung.com/analysis/downpdf?report_idx=645547
2853,1,에어레인(163280) 기체분리막 전문기업,"김선호,이희경",한국IR협의회,2026-01-12,2026-05-04 22:48:11.228582+00:00,https://consensus.hankyung.com/analysis/downpdf?report_idx=645546
2854,1,LG에너지솔루션(373220) 4Q25 잠정실적 코멘트 –4Q25 실적 기대치 부합. 1H26 걱정은 여전,이용욱,한화투자증권,2026-01-12,2026-05-04 22:48:11.228582+00:00,https://consensus.hankyung.com/analysis/downpdf?report_idx=645545
2855,1,한화오션(042660) 지정학적 불확실성 속에서 찾는 기회,"배성조,김나우",한화투자증권,2026-01-12,2026-05-04 22:48:11.228582+00:00,https://consensus.hankyung.com/analysis/downpdf?report_idx=645541
2856,1,롯데칠성(005300) 탐방 Comment,"김정욱, 황홍진",메리츠증권,2026-01-12,2026-05-04 22:48:11.228582+00:00,https://consensus.hankyung.com/analysis/downpdf?report_idx=645536
2857,1,풍산(103140) 신동부문이 만드는 컨센서스 상회,"장재혁,김아현",메리츠증권,2026-01-12,2026-05-04 22:48:11.228582+00:00,https://consensus.hankyung.com/analysis/downpdf?report_idx=645535
2858,1,한화오션(042660) 4Q25 Preview: 일희일비 할 필요 없다,배기연,메리츠증권,2026-01-12,2026-05-04 22:48:11.228582+00:00,https://consensus.hankyung.com/analysis/downpdf?report_idx=645531
2859,1,LG전자(066570) 4Q25P – 실망보다는 기대감으로 바라볼 시기,양승수,메리츠증권,2026-01-12,2026-05-04 22:48:11.228582+00:00,https://consensus.hankyung.com/analysis/downpdf?report_idx=645530
2860,1,세경하이테크(148150) 내상 회복에 전념,양승수,메리츠증권,2026-01-12,2026-05-04 22:48:11.228582+00:00,https://consensus.hankyung.com/analysis/downpdf?report_idx=645527
2861,1,시프트업(462870) 2027을 기다리며,이효진,메리츠증권,2026-01-12,2026-05-04 22:48:11.228582+00:00,https://consensus.hankyung.com/analysis/downpdf?report_idx=645524
2862,1,크래프톤(259960) 증명해야 할 것이 많아진 2026년,이효진,메리츠증권,2026-01-12,2026-05-04 22:48:11.228582+00:00,https://consensus.hankyung.com/analysis/downpdf?report_idx=645523
2863,1,"한화오션(042660) 4분기 기쁜 일회성 비용, 26년 특장점 발현",김용민,유안타증권,2026-01-12,2026-05-04 22:48:11.228582+00:00,https://consensus.hankyung.com/analysis/downpdf?report_idx=645520
2864,1,"삼성중공업(010140) 4분기 순항, 올해는 23-24년 수주물량 인식",김용민,유안타증권,2026-01-12,2026-05-04 22:48:11.228582+00:00,https://consensus.hankyung.com/analysis/downpdf?report_idx=645519
2865,1,포스코인터내셔널(047050) 알고 보면 심플하다,이현수,유안타증권,2026-01-12,2026-05-04 22:48:11.228582+00:00,https://consensus.hankyung.com/analysis/downpdf?report_idx=645518
2866,1,대한유화(006650) 2026년 이익 3배 성장 기대된다!,"황규원,서석준",유안타증권,2026-01-12,2026-05-04 22:48:11.228582+00:00,https://consensus.hankyung.com/analysis/downpdf?report_idx=645517
2867,1,카카오(035720) 어닝 서프가 없어도 긍정적인 이유: 톡비즈 성장 속도,이지은,대신증권,2026-01-12,2026-05-04 22:48:11.228582+00:00,https://consensus.hankyung.com/analysis/downpdf?report_idx=645514
2868,1,엔씨소프트(036570) 아이온2 이후가 보이기 시작했다,이지은,대신증권,2026-01-12,2026-05-04 22:48:11.228582+00:00,https://consensus.hankyung.com/analysis/downpdf?report_idx=645513
2869,1,F&F(383220) 실적 회복 중,형권훈,SK증권,2026-01-12,2026-05-04 22:48:11.228582+00:00,https://consensus.hankyung.com/analysis/downpdf?report_idx=645506
2870,1,에이피알(278470) 순항 중,형권훈,SK증권,2026-01-12,2026-05-04 22:48:11.228582+00:00,https://consensus.hankyung.com/analysis/downpdf?report_idx=645505
2871,1,두산밥캣(241560) 4Q25 Preview: 견고한 리테일 수요 확인,최정환,LS증권,2026-01-12,2026-05-04 22:48:11.228582+00:00,https://consensus.hankyung.com/analysis/downpdf?report_idx=645500
2872,1,휴젤(145020) 미국∙중국 수출 성장 속도에 대한 관심,조은애,LS증권,2026-01-12,2026-05-04 22:48:11.228582+00:00,https://consensus.hankyung.com/analysis/downpdf?report_idx=645499
2873,1,"효성중공업(298040) 4Q25 숨고르기. But, 고성장 방향성 이상없다",-,LS증권,2026-01-12,2026-05-04 22:48:11.228582+00:00,https://consensus.hankyung.com/analysis/downpdf?report_idx=645498
2874,1,기아(000270) 신차 효과가 기대되는 2026년,이병근,LS증권,2026-01-12,2026-05-04 22:48:11.228582+00:00,https://consensus.hankyung.com/analysis/downpdf?report_idx=645497
2875,1,LG전자(066570) 4Q25 잠정실적 코멘트,고의영,iM증권,2026-01-12,2026-05-04 22:48:11.228582+00:00,https://consensus.hankyung.com/analysis/downpdf?report_idx=645494
2876,1,LG(003550) 개정상법으로 지배구조 개선되면서 동사 수혜,"이상헌, 장호",iM증권,2026-01-12,2026-05-04 22:48:11.228582+00:00,https://consensus.hankyung.com/analysis/downpdf?report_idx=645493
2877,1,비츠로셀(082920) 트럼프 2.0 시대 군용전지 및 시추 수요 확대로 성장세 가속화,"이상헌, 장호",iM증권,2026-01-12,2026-05-04 22:48:11.228582+00:00,https://consensus.hankyung.com/analysis/downpdf?report_idx=645492
2878,1,디아이(003160) 올해 신규 수주 가시화로 사상 최대 실적 예상,"이상헌, 장호",iM증권,2026-01-12,2026-05-04 22:48:11.228582+00:00,https://consensus.hankyung.com/analysis/downpdf?report_idx=645491
2879,1,컨텍(451760) 지상국 서비스 본격화로 수익성 개선 가시화,"이상헌, 장호",iM증권,2026-01-12,2026-05-04 22:48:11.228582+00:00,https://consensus.hankyung.com/analysis/downpdf?report_idx=645490
2880,1,이노스페이스(462350) 뉴스페이스 시대 민간 발사 GO!,이상헌,iM증권,2026-01-12,2026-05-04 22:48:11.228582+00:00,https://consensus.hankyung.com/analysis/downpdf?report_idx=645489
2881,1,삼성E&A(028050) 모든 면에서 매력적인 주가,배세호,iM증권,2026-01-12,2026-05-04 22:48:11.228582+00:00,https://consensus.hankyung.com/analysis/downpdf?report_idx=645488
2882,1,LG에너지솔루션(373220) 초기 가동 비용 반영 영향,황성현,유진투자증권,2026-01-12,2026-05-04 22:48:11.228582+00:00,https://consensus.hankyung.com/analysis/downpdf?report_idx=645487
2883,1,"카카오(035720) 올해 플랫폼 성장의 필요조건, AI 서비스 성과",정의훈,유진투자증권,2026-01-12,2026-05-04 22:48:11.228582+00:00,https://consensus.hankyung.com/analysis/downpdf?report_idx=645486
2884,1,오스코텍(039200) 진화하는 국내 대표 신약 개발사,권해순,유진투자증권,2026-01-12,2026-05-04 22:48:11.228582+00:00,https://consensus.hankyung.com/analysis/downpdf?report_idx=645485
2885,1,비츠로셀(082920) 독보적 성장의 전방시장 포트폴리오는 2026년에도 계속된다,허준서,유진투자증권,2026-01-12,2026-05-04 22:48:11.228582+00:00,https://consensus.hankyung.com/analysis/downpdf?report_idx=645484
2886,1,"NAVER(035420) 상반기는 커머스와 AI, 하반기는 두나무",정의훈,유진투자증권,2026-01-12,2026-05-04 22:48:11.228582+00:00,https://consensus.hankyung.com/analysis/downpdf?report_idx=645483
2887,1,F&F(383220) 4Q25 Preview : 중국 소비 부양 방향성 전환과 테일러메이드,"이진협,김나우",한화투자증권,2026-01-09,2026-05-04 22:48:11.228582+00:00,https://consensus.hankyung.com/analysis/downpdf?report_idx=645473
2888,1,하나기술(299030) 실적 턴어라운드 + 신규 장비 매출 개화,권명,유안타증권,2026-01-09,2026-05-04 22:48:11.228582+00:00,https://consensus.hankyung.com/analysis/downpdf?report_idx=645470
2889,1,"예스티(122640) [다시봐] 시작된 HPA, 밸류 반영은 아직!",권명,유안타증권,2026-01-09,2026-05-04 22:48:11.228582+00:00,https://consensus.hankyung.com/analysis/downpdf?report_idx=645469
2890,1,"에스엠(041510) 4Q25E: 컨센서스 하회, YoY 성장세는 지속",이환욱,유안타증권,2026-01-09,2026-05-04 22:48:11.228582+00:00,https://consensus.hankyung.com/analysis/downpdf?report_idx=645468
2891,1,삼성중공업(010140) 4Q25 Preview: 호실적은 상수,배기연,메리츠증권,2026-01-09,2026-05-04 22:48:11.228582+00:00,https://consensus.hankyung.com/analysis/downpdf?report_idx=645467
2892,1,엔씨소프트(036570) 이익과 밸류에이션 정상화될 2026,이효진,메리츠증권,2026-01-09,2026-05-04 22:48:11.228582+00:00,https://consensus.hankyung.com/analysis/downpdf?report_idx=645465
2893,1,NAVER(035420) 탄탄한 본업. 다가오는 새 그림,이효진,메리츠증권,2026-01-09,2026-05-04 22:48:11.228582+00:00,https://consensus.hankyung.com/analysis/downpdf?report_idx=645464
2894,1,HD현대일렉트릭(267260) 2026년에도 수주 및 매출액 가이던스 상회 전망,허민호,대신증권,2026-01-09,2026-05-04 22:48:11.228582+00:00,https://consensus.hankyung.com/analysis/downpdf?report_idx=645462
2895,1,오스테오닉(226400) 4Q25 Preview: 사상 최대 실적 경신 전망,허선재,SK증권,2026-01-09,2026-05-04 22:48:11.228582+00:00,https://consensus.hankyung.com/analysis/downpdf?report_idx=645459
2896,1,삼성전자(005930) 25년 4분기. 메모리가 돋보인 실적,김운호,IBK투자증권,2026-01-09,2026-05-04 22:48:11.228582+00:00,https://consensus.hankyung.com/analysis/downpdf?report_idx=645456
2897,1,대양전기공업(108380) 2026년에도 최대 실적 전망,정홍식,LS증권,2026-01-09,2026-05-04 22:48:11.228582+00:00,https://consensus.hankyung.com/analysis/downpdf?report_idx=645447
2898,1,"에이피알(278470) 여전히 온라인, 오프라인 동반 고성장 중",조은애,LS증권,2026-01-09,2026-05-04 22:48:11.228582+00:00,https://consensus.hankyung.com/analysis/downpdf?report_idx=645446
2899,1,코스맥스(192820) 4Q25 Preview: 2026년에 걸어보는 기대,오린아,LS증권,2026-01-09,2026-05-04 22:48:11.228582+00:00,https://consensus.hankyung.com/analysis/downpdf?report_idx=645445
2900,1,CJ대한통운(000120) 글로벌기업의 자격,이재혁,LS증권,2026-01-09,2026-05-04 22:48:11.228582+00:00,https://consensus.hankyung.com/analysis/downpdf?report_idx=645444
2901,1,삼성전자(005930) 경쟁력 회복과 Val. 배수 상승,송명섭,iM증권,2026-01-09,2026-05-04 22:48:11.228582+00:00,https://consensus.hankyung.com/analysis/downpdf?report_idx=645443
2902,1,삼성바이오로직스(207940) 혼자서도 잘해요,정재원,iM증권,2026-01-09,2026-05-04 22:48:11.228582+00:00,https://consensus.hankyung.com/analysis/downpdf?report_idx=645442
2903,1,엔씨소프트(036570) 2026년이 기대되는 이유,정의훈,유진투자증권,2026-01-09,2026-05-04 22:48:11.228582+00:00,https://consensus.hankyung.com/analysis/downpdf?report_idx=645440
2904,1,크래프톤(259960) PUBG 트래픽 반등이 필요,정의훈,유진투자증권,2026-01-09,2026-05-04 22:48:11.228582+00:00,https://consensus.hankyung.com/analysis/downpdf?report_idx=645439
2905,1,삼성전자(005930) 4Q25 Review: 메모리 가격 상승을 등에 업고,임소정,유진투자증권,2026-01-09,2026-05-04 22:48:11.228582+00:00,https://consensus.hankyung.com/analysis/downpdf?report_idx=645438
2906,1,에이피알(278470) K-Beauty 새역사,"한유정,고예진",한화투자증권,2026-01-08,2026-05-04 22:48:11.228582+00:00,https://consensus.hankyung.com/analysis/downpdf?report_idx=645435
2907,1,POSCO홀딩스(005490) 이익 정상화 준비,권지우,한화투자증권,2026-01-08,2026-05-04 22:48:11.228582+00:00,https://consensus.hankyung.com/analysis/downpdf?report_idx=645434
2908,1,삼성전자(005930) 4Q25P – 메모리 영업 레버리지 예열 중,"김선우,우서현",메리츠증권,2026-01-08,2026-05-04 22:48:11.228582+00:00,https://consensus.hankyung.com/analysis/downpdf?report_idx=645430
2909,1,비에이치(090460) 단기·중장기 실적 안정 구간 진입,양승수,메리츠증권,2026-01-08,2026-05-04 22:48:11.228582+00:00,https://consensus.hankyung.com/analysis/downpdf?report_idx=645428
2910,1,현대제철(004020) 회복의 방향성은 유효하다,"장재혁,김아현",메리츠증권,2026-01-08,2026-05-04 22:48:11.228582+00:00,https://consensus.hankyung.com/analysis/downpdf?report_idx=645427
2911,1,삼성바이오로직스(207940) 관세 리스크에도 고성장세를 입증한 2025년,김준영,메리츠증권,2026-01-08,2026-05-04 22:48:11.228582+00:00,https://consensus.hankyung.com/analysis/downpdf?report_idx=645426
2912,1,CJ ENM(035760) 많이 좋아졌습니다.,김회재,대신증권,2026-01-08,2026-05-04 22:48:11.228582+00:00,https://consensus.hankyung.com/analysis/downpdf?report_idx=645424
2913,1,"KT(030200) 신뢰 회복, 주가 회복",김회재,대신증권,2026-01-08,2026-05-04 22:48:11.228582+00:00,https://consensus.hankyung.com/analysis/downpdf?report_idx=645423
2914,1,크래프톤(259960) 올해도 무거운 PUBG의 어깨,남효지,SK증권,2026-01-08,2026-05-04 22:48:11.228582+00:00,https://consensus.hankyung.com/analysis/downpdf?report_idx=645419
2915,1,S-Oil(010950) 25년1~3분기누적적자를한번에만회시킬4분기,리서치센터,iM증권,2026-01-08,2026-05-04 22:48:11.228582+00:00,https://consensus.hankyung.com/analysis/downpdf?report_idx=645412
2916,1,SK이노베이션(096770) 결국엔또SK-On에발목잡히는중,리서치,iM증권,2026-01-08,2026-05-04 22:48:11.228582+00:00,https://consensus.hankyung.com/analysis/downpdf?report_idx=645411
2917,1,LG화학(051910) 전사업부에서일단모든우려를털고가는4분기,리서치센터,iM증권,2026-01-08,2026-05-04 22:48:11.228582+00:00,https://consensus.hankyung.com/analysis/downpdf?report_idx=645410
2918,1,롯데케미칼(011170) 생각보다적자타격더큰LCI,리서치센터,iM증권,2026-01-08,2026-05-04 22:48:11.228582+00:00,https://consensus.hankyung.com/analysis/downpdf?report_idx=645409
2919,1,금호석유화학(011780) 래깅효과와일회성비용으로기대치하회예상,리서치센터,iM증권,2026-01-08,2026-05-04 22:48:11.228582+00:00,https://consensus.hankyung.com/analysis/downpdf?report_idx=645408
2920,1,롯데정밀화학(004000) 26년하반기EUDR 시행으로ECH 스프레드추가개선기대,리서치센터,iM증권,2026-01-08,2026-05-04 22:48:11.228582+00:00,https://consensus.hankyung.com/analysis/downpdf?report_idx=645407
2921,1,유니드(014830) 염화칼륨상승과연말일회성비용으로실적부진예상,리서치센터,iM증권,2026-01-08,2026-05-04 22:48:11.228582+00:00,https://consensus.hankyung.com/analysis/downpdf?report_idx=645406
2922,1,한화솔루션(009830) 대내외적으로모두쉽지않았을태양광부문,리서치센터,iM증권,2026-01-08,2026-05-04 22:48:11.228582+00:00,https://consensus.hankyung.com/analysis/downpdf?report_idx=645405
2923,1,HS효성첨단소재(298050) 탄소섬유일회성비용소멸로어느정도정상화되는이익레벨,리서치센터,iM증권,2026-01-08,2026-05-04 22:48:11.228582+00:00,https://consensus.hankyung.com/analysis/downpdf?report_idx=645404
2924,1,"SK가스(018670) LPG, SMP 약세로4분기실적눈높이하향조정필요",리서치센터,iM증권,2026-01-08,2026-05-04 22:48:11.228582+00:00,https://consensus.hankyung.com/analysis/downpdf?report_idx=645403
2925,1,효성티앤씨(298020) 스판덱스증설부담조금씩완화되며꽤나긍정적인분위기,리서치센터,iM증권,2026-01-08,2026-05-04 22:48:11.228582+00:00,https://consensus.hankyung.com/analysis/downpdf?report_idx=645402
2926,1,현대차(005380) 자동차에 부는 로봇 바람,이병근,LS증권,2026-01-08,2026-05-04 22:48:11.228582+00:00,https://consensus.hankyung.com/analysis/downpdf?report_idx=645399
2927,1,파마리서치(214450) 숫자로 확인될 미국 매출 고성장,조은애,LS증권,2026-01-08,2026-05-04 22:48:11.228582+00:00,https://consensus.hankyung.com/analysis/downpdf?report_idx=645398
2928,1,DL이앤씨(375500) 비용 반영의 4분기,김세련,LS증권,2026-01-08,2026-05-04 22:48:11.228582+00:00,https://consensus.hankyung.com/analysis/downpdf?report_idx=645397
2929,1,넷마블(251270) 신작이 없는 분기에 이 정도의 실적을,정의훈,유진투자증권,2026-01-08,2026-05-04 22:48:11.228582+00:00,https://consensus.hankyung.com/analysis/downpdf?report_idx=645395
2930,1,LG에너지솔루션(373220) 1H26 눈높이 하향 조정,이용욱,한화투자증권,2026-01-07,2026-05-04 22:48:11.228582+00:00,https://consensus.hankyung.com/analysis/downpdf?report_idx=645390
2931,1,삼성SDI(006400) 여전히 긴 터널을 지나는 중,이용욱,한화투자증권,2026-01-07,2026-05-04 22:48:11.228582+00:00,https://consensus.hankyung.com/analysis/downpdf?report_idx=645389
2932,1,삼성E&A(028050) 다시 확보된 상승 여력,"송유림,김예인",한화투자증권,2026-01-07,2026-05-04 22:48:11.228582+00:00,https://consensus.hankyung.com/analysis/downpdf?report_idx=645387
2933,1,대한항공(003490) 비용 부담을 상쇄할 운임 반등,이서연,상상인증권,2026-01-07,2026-05-04 22:48:11.228582+00:00,https://consensus.hankyung.com/analysis/downpdf?report_idx=645385
2934,1,세아제강(306200) 비우호적 환경 속 희망 키우기,김진범,상상인증권,2026-01-07,2026-05-04 22:48:11.228582+00:00,https://consensus.hankyung.com/analysis/downpdf?report_idx=645384
2935,1,엔씨소프트(036570) 보이는 것만 믿어도,이창영,유안타증권,2026-01-07,2026-05-04 22:48:11.228582+00:00,https://consensus.hankyung.com/analysis/downpdf?report_idx=645383
2936,1,삼성바이오로직스(207940) 커진 CDMO 경쟁력,하현수,유안타증권,2026-01-07,2026-05-04 22:48:11.228582+00:00,https://consensus.hankyung.com/analysis/downpdf?report_idx=645382
2937,1,KT(030200) 불확실성 Delete,이승웅,유안타증권,2026-01-07,2026-05-04 22:48:11.228582+00:00,https://consensus.hankyung.com/analysis/downpdf?report_idx=645381
2938,1,POSCO홀딩스(005490) 긴 호흡으로 바라볼 시점,"장재혁,김아현",메리츠증권,2026-01-07,2026-05-04 22:48:11.228582+00:00,https://consensus.hankyung.com/analysis/downpdf?report_idx=645379
2939,1,"HD현대중공업(329180) 4Q25 Preview: 2026년에도 Top-Pick, 의심은 없다",배기연,메리츠증권,2026-01-07,2026-05-04 22:48:11.228582+00:00,https://consensus.hankyung.com/analysis/downpdf?report_idx=645377
2940,1,HD한국조선해양(009540) 4Q25 Preview: HD현대삼호의 수익성은 지지선에 도달,배기연,메리츠증권,2026-01-07,2026-05-04 22:48:11.228582+00:00,https://consensus.hankyung.com/analysis/downpdf?report_idx=645376
2941,1,티엘비(356860) 우린 달라요 (ft. 메모리 매출 비중 95%),양승수,메리츠증권,2026-01-07,2026-05-04 22:48:11.228582+00:00,https://consensus.hankyung.com/analysis/downpdf?report_idx=645375
2942,1,카카오게임즈(293490) 상반기까지는 눌림목,이효진,메리츠증권,2026-01-07,2026-05-04 22:48:11.228582+00:00,https://consensus.hankyung.com/analysis/downpdf?report_idx=645374
2943,1,"카카오(035720) 2025년 정상화, 2026년 포인트는?",이효진,메리츠증권,2026-01-07,2026-05-04 22:48:11.228582+00:00,https://consensus.hankyung.com/analysis/downpdf?report_idx=645373
2944,1,"TKG휴켐스(069260) MNB, 물량과 가격이 동시에 개선될 것이다",이동욱,IBK투자증권,2026-01-07,2026-05-04 22:48:11.228582+00:00,https://consensus.hankyung.com/analysis/downpdf?report_idx=645368
2945,1,롯데웰푸드(280360) 2026년 수익성 회복 본격화,김태현,IBK투자증권,2026-01-07,2026-05-04 22:48:11.228582+00:00,https://consensus.hankyung.com/analysis/downpdf?report_idx=645366
2946,1,CJ대한통운(000120) 경쟁 강도 심화되고 있으나 안정적 이익 체력,배세호,iM증권,2026-01-07,2026-05-04 22:48:11.228582+00:00,https://consensus.hankyung.com/analysis/downpdf?report_idx=645361
2947,1,"삼성전자(005930) 4Q25 Preview: 메모리 맹수, 앙!",임소정,유진투자증권,2026-01-07,2026-05-04 22:48:11.228582+00:00,https://consensus.hankyung.com/analysis/downpdf?report_idx=645359
2948,1,삼양식품(003230) 비용 압박에도 영업이익률 개선,박성호,LS증권,2026-01-07,2026-05-04 22:48:11.228582+00:00,https://consensus.hankyung.com/analysis/downpdf?report_idx=645353
2949,1,"LS ELECTRIC(010120) 送舊迎新: 2025년은 보내고, 2026년 방향성을 보자",성종화,LS증권,2026-01-07,2026-05-04 22:48:11.228582+00:00,https://consensus.hankyung.com/analysis/downpdf?report_idx=645352
2950,1,에스비비테크(389500) 베어링을 넘어 로봇 부품 다크호스로 변모 중,"백종석,김혜빈",한국IR협의회,2026-01-06,2026-05-04 22:48:11.228582+00:00,https://consensus.hankyung.com/analysis/downpdf?report_idx=645348
2951,1,슈프리마(236200) 기다려지는 실적 발표,"권명준,서석준",유안타증권,2026-01-06,2026-05-04 22:48:11.228582+00:00,https://consensus.hankyung.com/analysis/downpdf?report_idx=645346
2952,1,파인엠텍(441270) 올해 드디어 확인될 폴더블 아이폰 관련 매출,"권명준,서석준",유안타증권,2026-01-06,2026-05-04 22:48:11.228582+00:00,https://consensus.hankyung.com/analysis/downpdf?report_idx=645345
2953,1,코리아써키트(007810) 4Q 실적은 예상을 상회! 26년 新성장으로 진입~,"박강호,서지원",대신증권,2026-01-06,2026-05-04 22:48:11.228582+00:00,https://consensus.hankyung.com/analysis/downpdf?report_idx=645342
2954,1,네패스(033640) 탐방노트: 점진적 사업 개선의 해,김동관,메리츠증권,2026-01-06,2026-05-04 22:48:11.228582+00:00,https://consensus.hankyung.com/analysis/downpdf?report_idx=645330
2955,1,파인엠텍(441270) 약속의 2026년,양승수,메리츠증권,2026-01-06,2026-05-04 22:48:11.228582+00:00,https://consensus.hankyung.com/analysis/downpdf?report_idx=645329
2956,1,NHN(181710) 규제 완화 사이클이 가져올 이익 배증,이효진,메리츠증권,2026-01-06,2026-05-04 22:48:11.228582+00:00,https://consensus.hankyung.com/analysis/downpdf?report_idx=645328
2957,1,산일전기(062040) 4Q25 OP 예상치 부합 전망. 3Q25 일회성 요인 해소,성종화,LS증권,2026-01-06,2026-05-04 22:48:11.228582+00:00,https://consensus.hankyung.com/analysis/downpdf?report_idx=645325
2958,1,클래시스(214150) 높아지는 이익 성장의 가시성,조은애,LS증권,2026-01-06,2026-05-04 22:48:11.228582+00:00,https://consensus.hankyung.com/analysis/downpdf?report_idx=645324
2959,1,파크시스템스(140860) 중국 반등 + 신규 장비 모멘텀,이동주,SK증권,2026-01-06,2026-05-04 22:48:11.228582+00:00,https://consensus.hankyung.com/analysis/downpdf?report_idx=645320
2960,1,삼성전자(005930) 4Q25 Preview: 증익 사이클,정민규,상상인증권,2026-01-05,2026-05-04 22:48:11.228582+00:00,https://consensus.hankyung.com/analysis/downpdf?report_idx=645314
2961,1,SK하이닉스(000660) 4Q25 Preview: 기술 격차 유지 관건,정민규,상상인증권,2026-01-05,2026-05-04 22:48:11.228582+00:00,https://consensus.hankyung.com/analysis/downpdf?report_idx=645313
2962,1,SK하이닉스(000660) 4Q25 Preview: 기술 격차 유지 관건,정민규,상상인증권,2026-01-05,2026-05-04 22:48:11.228582+00:00,https://consensus.hankyung.com/analysis/downpdf?report_idx=645312
2963,1,셀트리온(068270) 신규 시밀러 성장으로 수익성 개선,하현수,유안타증권,2026-01-05,2026-05-04 22:48:11.228582+00:00,https://consensus.hankyung.com/analysis/downpdf?report_idx=645306
2964,1,현대제철(004020) 올해도 실적 기저는 낮다,이현수,유안타증권,2026-01-05,2026-05-04 22:48:11.228582+00:00,https://consensus.hankyung.com/analysis/downpdf?report_idx=645305
2965,1,POSCO홀딩스(005490) 신뢰 회복의 '26년을 기대,이현수,유안타증권,2026-01-05,2026-05-04 22:48:11.228582+00:00,https://consensus.hankyung.com/analysis/downpdf?report_idx=645304
2966,1,화승엔터프라이즈(241590) 고객사의 보수적 재고 정책 지속되며 실적 부진,유정현,대신증권,2026-01-05,2026-05-04 22:48:11.228582+00:00,https://consensus.hankyung.com/analysis/downpdf?report_idx=645300
2967,1,영원무역(111770) 고객사가 developing 되는 기업,유정현,대신증권,2026-01-05,2026-05-04 22:48:11.228582+00:00,https://consensus.hankyung.com/analysis/downpdf?report_idx=645299
2968,1,"한세실업(105630) 25년 4분기, 7개 분기 만에 이익 증가세로 전환 전망",유정현,대신증권,2026-01-05,2026-05-04 22:48:11.228582+00:00,https://consensus.hankyung.com/analysis/downpdf?report_idx=645298
2969,1,테스(095610) CAPEX 증가 초입에서 편안한 선택지,김동관,메리츠증권,2026-01-05,2026-05-04 22:48:11.228582+00:00,https://consensus.hankyung.com/analysis/downpdf?report_idx=645283
2970,1,삼성전자(005930) 경쟁력회복과실적기저효과,리서치센터,iM증권,2026-01-05,2026-05-04 22:48:11.228582+00:00,https://consensus.hankyung.com/analysis/downpdf?report_idx=645278
2971,1,SK하이닉스(000660) 실적전망치상향조정지속될듯,리서치센터,iM증권,2026-01-05,2026-05-04 22:48:11.228582+00:00,https://consensus.hankyung.com/analysis/downpdf?report_idx=645277
2972,1,LG전자(066570) 구간매매 하기 좋은 구간,고의영,iM증권,2026-01-05,2026-05-04 22:48:11.228582+00:00,https://consensus.hankyung.com/analysis/downpdf?report_idx=645276
2973,1,삼성전기(009150) 고점 멀티플 목표가 합리적,고의영,iM증권,2026-01-05,2026-05-04 22:48:11.228582+00:00,https://consensus.hankyung.com/analysis/downpdf?report_idx=645275
2974,1,인텍플러스(064290) 반도체 패키징 검사 중심 체질개선 진행중,신희철,iM증권,2026-01-05,2026-05-04 22:48:11.228582+00:00,https://consensus.hankyung.com/analysis/downpdf?report_idx=645274
2975,1,에이치브이엠(295310) 뉴스페이스 시대 우주향 첨단금속 매출 日就月將,"이상헌, 장호",iM증권,2026-01-05,2026-05-04 22:48:11.228582+00:00,https://consensus.hankyung.com/analysis/downpdf?report_idx=645273
2976,1,AP위성(211270) 올해 달/천리안/군정찰 등 사상 최대 수주 가시화,"이상헌, 장호",iM증권,2026-01-05,2026-05-04 22:48:11.228582+00:00,https://consensus.hankyung.com/analysis/downpdf?report_idx=645272
2977,1,인텔리안테크(189300) 게이트웨이/하이브리드/군용 등 매출성장 3대축,"이상헌, 장호",iM증권,2026-01-05,2026-05-04 22:48:11.228582+00:00,https://consensus.hankyung.com/analysis/downpdf?report_idx=645271
2978,1,대한항공(003490) 실적을 내려놓고 보면 편하다,배세호,iM증권,2026-01-05,2026-05-04 22:48:11.228582+00:00,https://consensus.hankyung.com/analysis/downpdf?report_idx=645270
2979,1,스피어(347700) 니켈 제련소 지분 확보 공시: 2025년을 완벽한 피날레로 장식,"정지수,박건영",메리츠증권,2026-01-02,2026-05-04 22:48:11.228582+00:00,https://consensus.hankyung.com/analysis/downpdf?report_idx=645257
2980,1,롯데이노베이트(286940) 내년 주요 자회사 실적 개선폭이 관건,"이상헌, 장호",iM증권,2025-12-29,2026-05-04 22:48:11.228582+00:00,https://consensus.hankyung.com/analysis/downpdf?report_idx=645253
2981,1,SK(034730) 주식 소각 및 상법 개정 수혜 기대,"이상헌, 장호",iM증권,2025-12-29,2026-05-04 22:48:11.228582+00:00,https://consensus.hankyung.com/analysis/downpdf?report_idx=645252
2982,1,CJ(001040) 자사주 소각 등으로 기업구조 개편 가시화 될 듯,"이상헌, 장호",iM증권,2025-12-29,2026-05-04 22:48:11.228582+00:00,https://consensus.hankyung.com/analysis/downpdf?report_idx=645251
2983,1,LS(006260) 동 가격 상승 수혜 및 자사주 소각 기대,"이상헌, 장호",iM증권,2025-12-29,2026-05-04 22:48:11.228582+00:00,https://consensus.hankyung.com/analysis/downpdf?report_idx=645250
2984,1,"로킷헬스케어(376900) 26년 임상, 27년 상업화 기대",이선경,SK증권,2025-12-29,2026-05-04 22:48:11.228582+00:00,https://consensus.hankyung.com/analysis/downpdf?report_idx=645246
2985,1,두산(000150) 두산로보틱스 지분 매각 공시 관련 코멘트,"양승수,우서현",메리츠증권,2025-12-24,2026-05-04 22:48:11.228582+00:00,https://consensus.hankyung.com/analysis/downpdf?report_idx=645238
2986,1,진영(285800) 불황에도 지속되는 다변화 노력,"공도연,배세호",iM증권,2025-12-24,2026-05-04 22:48:11.228582+00:00,https://consensus.hankyung.com/analysis/downpdf?report_idx=645231
2987,1,디어유(376300) C팝 아티스트 입점 본격화,황지원,iM증권,2025-12-24,2026-05-04 22:48:11.228582+00:00,https://consensus.hankyung.com/analysis/downpdf?report_idx=645230
2988,1,비스토스(419540) 앤데믹 이후 잠시 숨 고르기,나승두,SK증권,2025-12-23,2026-05-04 22:48:11.228582+00:00,https://consensus.hankyung.com/analysis/downpdf?report_idx=645226
2989,1,메쎄이상(408920) 다시보면 느껴지는 매력,나승두,SK증권,2025-12-23,2026-05-04 22:48:11.228582+00:00,https://consensus.hankyung.com/analysis/downpdf?report_idx=645225
2990,1,에스투더블유(488280) 사이버 안보 및 보안 수요 증가로 성장성 가속화,"이상헌, 장호",iM증권,2025-12-22,2026-05-04 22:48:11.228582+00:00,https://consensus.hankyung.com/analysis/downpdf?report_idx=645221
2991,1,SNT다이내믹스(003570) 자사주 소각 기대 및 중동수출 가속화로 수주증가 UP,"이상헌, 장호",iM증권,2025-12-22,2026-05-04 22:48:11.228582+00:00,https://consensus.hankyung.com/analysis/downpdf?report_idx=645220
2992,1,스톰테크(352090) IPO Update: 배당수익률 6.5% 예상,"이상헌,장호",iM증권,2025-12-22,2026-05-04 22:48:11.228582+00:00,https://consensus.hankyung.com/analysis/downpdf?report_idx=645219
2993,1,유한양행(000100) 26년 레이저티닙 미국 매출 본격화 기대,이선경,SK증권,2025-12-22,2026-05-04 22:48:11.228582+00:00,https://consensus.hankyung.com/analysis/downpdf?report_idx=645214
2994,1,HRS(036640) 실리콘 고무 생산 기업,정홍식,LS증권,2025-12-19,2026-05-04 22:48:11.228582+00:00,https://consensus.hankyung.com/analysis/downpdf?report_idx=645197
2995,1,코닉오토메이션(391710) 장비 제어SW 기반의 스마트팩토리 솔루션 기업,이나연,한국IR협의회,2025-12-18,2026-05-04 22:48:11.228582+00:00,https://consensus.hankyung.com/analysis/downpdf?report_idx=645196
2996,1,아이비김영(339950) 편입 사업의 성장 + 취업 부문의 수익성 개선,정홍식,LS증권,2025-12-18,2026-05-04 22:48:11.228582+00:00,https://consensus.hankyung.com/analysis/downpdf?report_idx=645185
2997,1,큐알티(405100) 탐방노트: 신뢰의 시작,"양승수,우서현",메리츠증권,2025-12-18,2026-05-04 22:48:11.228582+00:00,https://consensus.hankyung.com/analysis/downpdf?report_idx=645180
2998,1,LG유플러스(032640) 멀티플 확장국면,최관순,SK증권,2025-12-18,2026-05-04 22:48:11.228582+00:00,https://consensus.hankyung.com/analysis/downpdf?report_idx=645178
2999,1,오리온(271560) 최고의 방어 시현 중,이경신,iM증권,2025-12-17,2026-05-04 22:48:11.228582+00:00,https://consensus.hankyung.com/analysis/downpdf?report_idx=645176
3000,1,"해성디에스(195870) 예상보다 더 좋은 실적, 더 좋은 상황",권민규,SK증권,2025-12-17,2026-05-04 22:48:11.228582+00:00,https://consensus.hankyung.com/analysis/downpdf?report_idx=645173
3001,1,오리온(271560) 11월 잠정 실적 Review,박성호,LS증권,2025-12-17,2026-05-04 22:48:11.228582+00:00,https://consensus.hankyung.com/analysis/downpdf?report_idx=645171
3002,1,"코메론(049430) 줄자 생산 기업, Valuation 저평가",정홍식,LS증권,2025-12-17,2026-05-04 22:48:11.228582+00:00,https://consensus.hankyung.com/analysis/downpdf?report_idx=645170
3003,1,LG전자(066570) 2026년 3년만의 별도 기준 증익 예상,양승수,메리츠증권,2025-12-17,2026-05-04 22:48:11.228582+00:00,https://consensus.hankyung.com/analysis/downpdf?report_idx=645167
3004,1,파크시스템스(140860) 분기 신규 수주액 개선 재개,송명섭,iM증권,2025-12-16,2026-05-04 22:48:11.228582+00:00,https://consensus.hankyung.com/analysis/downpdf?report_idx=645161
3005,1,드림인사이트(362990) 외형 확대를 위한 사전 준비 완료,신희철,iM증권,2025-12-16,2026-05-04 22:48:11.228582+00:00,https://consensus.hankyung.com/analysis/downpdf?report_idx=645160
3006,1,"LG이노텍(011070) 대마초 테마, 이벤트 드리븐 랠리 성격과 투자 한계",김운호,IBK투자증권,2025-12-16,2026-05-04 22:48:11.228582+00:00,https://consensus.hankyung.com/analysis/downpdf?report_idx=645154
3007,1,노을(376930) 콥데이 후기: 이건 적응증이 확대되고 있는 진단기업의 이야기다,허준서,유진투자증권,2025-12-16,2026-05-04 22:48:11.228582+00:00,https://consensus.hankyung.com/analysis/downpdf?report_idx=645149
3008,1,RFHIC(218410) 방산∙우주 관련 수주확대로 실적개선 가속화,"이상헌, 장호",iM증권,2025-12-15,2026-05-04 22:48:11.228582+00:00,https://consensus.hankyung.com/analysis/downpdf?report_idx=645140
3009,1,"셀비온(308430) CSR 공시, 이변 없는 데이터로 불확실성 불식",이선경,SK증권,2025-12-15,2026-05-04 22:48:11.228582+00:00,https://consensus.hankyung.com/analysis/downpdf?report_idx=645139
3010,1,네오티스(085910) PCB 쇼티지의 중심,양승수,메리츠증권,2025-12-15,2026-05-04 22:48:11.228582+00:00,https://consensus.hankyung.com/analysis/downpdf?report_idx=645129
3011,1,네오티스(085910) PCB 쇼티지의 중심,양승수,메리츠증권,2025-12-15,2026-05-04 22:48:11.228582+00:00,https://consensus.hankyung.com/analysis/downpdf?report_idx=645128
3012,1,액트로(290740) 새로운 성장 축 – 자율주행과 테라헤르츠,"양승수,우서현",메리츠증권,2025-12-15,2026-05-04 22:48:11.228582+00:00,https://consensus.hankyung.com/analysis/downpdf?report_idx=645127
3013,1,에이치브이엠(295310) 우주산업과 함께 증가할 특수합금 수요,최정환,LS증권,2025-12-15,2026-05-04 22:48:11.228582+00:00,https://consensus.hankyung.com/analysis/downpdf?report_idx=645126
3014,1,뉴프렉스(085670)실적 반등과 성장 모멘텀 동시 재점화,"양승수,우서현",메리츠증권,2025-12-12,2026-05-04 22:48:11.228582+00:00,https://consensus.hankyung.com/analysis/downpdf?report_idx=645116
3015,1,서진시스템(178320) 더 큰 기회와 가능성이 다가온다,나승두,SK증권,2025-12-11,2026-05-04 22:48:11.228582+00:00,https://consensus.hankyung.com/analysis/downpdf?report_idx=645112
3016,1,SK(034730) 자회사 가치 상승과 할인율 축소의 트리거,최관순,SK증권,2025-12-11,2026-05-04 22:48:11.228582+00:00,https://consensus.hankyung.com/analysis/downpdf?report_idx=645111
3017,1,하이브(352820) 대장이 온다,황지원,iM증권,2025-12-10,2026-05-04 22:48:11.228582+00:00,https://consensus.hankyung.com/analysis/downpdf?report_idx=645091
3018,1,와이즈버즈(273060) 애드테크 역량을 갖춘 디지털 광고 기업,"채윤석,정수현",한국IR협의회,2025-12-09,2026-05-04 22:48:11.228582+00:00,https://consensus.hankyung.com/analysis/downpdf?report_idx=645086
3019,1,코오롱인더(120110) 2026년 4년만에 증익 가능해!,"황규원,서석준",유안타증권,2025-12-09,2026-05-04 22:48:11.228582+00:00,https://consensus.hankyung.com/analysis/downpdf?report_idx=645079
3020,1,"LG이노텍(011070) 2026년 최선호주, 저평가, 성장 구간에 진입","박강호,서지원",대신증권,2025-12-09,2026-05-04 22:48:11.228582+00:00,https://consensus.hankyung.com/analysis/downpdf?report_idx=645078
3021,1,POSCO홀딩스(005490) 동토[凍土]에도싹은돋아날것이다,리서치센터,iM증권,2025-12-09,2026-05-04 22:48:11.228582+00:00,https://consensus.hankyung.com/analysis/downpdf?report_idx=645075
3022,1,고려아연(010130) 바야흐로“Smelter”의시대: 동사의전략적가치는더욱부각될것,리서치센터,iM증권,2025-12-09,2026-05-04 22:48:11.228582+00:00,https://consensus.hankyung.com/analysis/downpdf?report_idx=645074
3023,1,"DL이앤씨(375500) 순현금 1조원에 글래드 여의도까지, 이 시총이 맞나요?",배세호,iM증권,2025-12-09,2026-05-04 22:48:11.228582+00:00,https://consensus.hankyung.com/analysis/downpdf?report_idx=645073
3024,1,한중엔시에스(107640) 더 좋아진 북미 업황,이현욱,IBK투자증권,2025-12-09,2026-05-04 22:48:11.228582+00:00,https://consensus.hankyung.com/analysis/downpdf?report_idx=645062
3025,1,액트로(290740) 3Q25 Review: 장비 사업의 본격 성장세 진입 초기,박종선,유진투자증권,2025-12-09,2026-05-04 22:48:11.228582+00:00,https://consensus.hankyung.com/analysis/downpdf?report_idx=645058
3026,1,태웅(044490),"이상헌, 장호",iM증권,2025-12-08,2026-05-04 22:48:11.228582+00:00,https://consensus.hankyung.com/analysis/downpdf?report_idx=645055
3027,1,HL홀딩스(060980),"이상헌, 장호",iM증권,2025-12-08,2026-05-04 22:48:11.228582+00:00,https://consensus.hankyung.com/analysis/downpdf?report_idx=645053
3028,1,LG씨엔에스(064400),"이상헌, 장호",iM증권,2025-12-08,2026-05-04 22:48:11.228582+00:00,https://consensus.hankyung.com/analysis/downpdf?report_idx=645052
3029,1,삼성전기(009150) 이전과 다른 따듯한 겨울,"양승수,우서현",메리츠증권,2025-12-08,2026-05-04 22:48:11.228582+00:00,https://consensus.hankyung.com/analysis/downpdf?report_idx=645047
3030,1,LG이노텍(011070),"양승수, 우서현",메리츠증권,2025-12-08,2026-05-04 22:48:11.228582+00:00,https://consensus.hankyung.com/analysis/downpdf?report_idx=645043
3031,1,삼양컴텍(484590) 삼양컴텍 NDR 후기: 아직도 부족한 방탄,최정환,LS증권,2025-12-05,2026-05-04 22:48:11.228582+00:00,https://consensus.hankyung.com/analysis/downpdf?report_idx=645034
3032,1,제이브이엠(054950) 실적 성장에 로보틱스 더하기(feat. PER 8배),조은애,LS증권,2025-12-05,2026-05-04 22:48:11.228582+00:00,https://consensus.hankyung.com/analysis/downpdf?report_idx=645033
3033,1,삼양식품(003230) NDR 후기: 쇼티지 장기화 예상,한유정,한화투자증권,2025-12-03,2026-05-04 22:48:11.228582+00:00,https://consensus.hankyung.com/analysis/downpdf?report_idx=645026
3034,1,두산(000150) 견고한 지배력 유지 + 고객사 확대 시동,"양승수,우서현",메리츠증권,2025-12-03,2026-05-04 22:48:11.228582+00:00,https://consensus.hankyung.com/analysis/downpdf?report_idx=645022
3035,1,LS ELECTRIC(010120) 배전 & 초고압변압기 고성장 쌍두마차,성종화,LS증권,2025-12-03,2026-05-04 22:48:11.228582+00:00,https://consensus.hankyung.com/analysis/downpdf?report_idx=645021
3036,1,아스테라시스(450950) ‘쿨(Cool)’한 성장이 기대된다,신희철,iM증권,2025-12-03,2026-05-04 22:48:11.228582+00:00,https://consensus.hankyung.com/analysis/downpdf?report_idx=645018
3037,1,퓨릿(445180) 반도체 케미컬 국산화의 스페셜리스트,신희철,iM증권,2025-12-03,2026-05-04 22:48:11.228582+00:00,https://consensus.hankyung.com/analysis/downpdf?report_idx=645017
3038,1,LS ELECTRIC(010120) 부산 및 울산 변압기 공 장 투어 후기,허민호,대신증권,2025-12-02,2026-05-04 22:48:11.228582+00:00,https://consensus.hankyung.com/analysis/downpdf?report_idx=645010
3039,1,TIGER 현대차그룹+펀더멘털(138540) 하이브리드 중심의 성장 지속,윤혁진,SK증권,2025-12-02,2026-05-04 22:48:11.228582+00:00,https://consensus.hankyung.com/analysis/downpdf?report_idx=645007
3040,1,셀비온(308430) Next 플루빅토를 꿈꾸며,이선경,SK증권,2025-12-02,2026-05-04 22:48:11.228582+00:00,https://consensus.hankyung.com/analysis/downpdf?report_idx=645006
3041,1,삼성중공업(010140) 고민할필요없는안정감,변용진,iM증권,2025-12-02,2026-05-04 22:48:11.228582+00:00,https://consensus.hankyung.com/analysis/downpdf?report_idx=644998
3042,1,한화오션(042660) 아직미국진출은시작일뿐,변용진,iM증권,2025-12-02,2026-05-04 22:48:11.228582+00:00,https://consensus.hankyung.com/analysis/downpdf?report_idx=644997
3043,1,HD현대중공업(329180) 2026년은내가MASGA주도주,변용진,iM증권,2025-12-02,2026-05-04 22:48:11.228582+00:00,https://consensus.hankyung.com/analysis/downpdf?report_idx=644995
3044,1,롯데관광개발(032350) 4분기 영업이익 대폭 상향합니다,이현지,유진투자증권,2025-12-02,2026-05-04 22:48:11.228582+00:00,https://consensus.hankyung.com/analysis/downpdf?report_idx=644990
3045,1,고영(098460) 성장성과 실적을 겸비한 코스닥 로봇업체 기수,"이상헌,장호",iM증권,2025-12-01,2026-05-04 22:48:11.228582+00:00,https://consensus.hankyung.com/analysis/downpdf?report_idx=644970
3046,1,비에이치아이(083650) 원전 낙수효과 및 수주확대로 실적개선 가속화,"이상헌,장호",iM증권,2025-12-01,2026-05-04 22:48:11.228582+00:00,https://consensus.hankyung.com/analysis/downpdf?report_idx=644969
3047,1,"한전기술(052690) 원전수주, 원자력 협정, 미국시장 수혜 가시화","이상헌,장호",iM증권,2025-12-01,2026-05-04 22:48:11.228582+00:00,https://consensus.hankyung.com/analysis/downpdf?report_idx=644968
3048,1,"삼성물산(028260) 원전, 바이오, 지배구조로 밸류 성장성 가속화","이상헌,장호",iM증권,2025-12-01,2026-05-04 22:48:11.228582+00:00,https://consensus.hankyung.com/analysis/downpdf?report_idx=644967
3049,1,두산에너빌리티(034020) 매년 14조원 이상 신규수주로 밸류 리레이팅,"이상헌,장호",iM증권,2025-12-01,2026-05-04 22:48:11.228582+00:00,https://consensus.hankyung.com/analysis/downpdf?report_idx=644966
3050,1,미래에셋벤처투자(100790) 코스닥 활성화 방안 가시화 되면 최대 수혜 가능할 듯,"이상헌,장호",iM증권,2025-12-01,2026-05-04 22:48:11.228582+00:00,https://consensus.hankyung.com/analysis/downpdf?report_idx=644965
3051,1,NAVER(035420) 1 차 이벤트 종료,이효진,메리츠증권,2025-11-28,2026-05-04 22:48:11.228582+00:00,https://consensus.hankyung.com/analysis/downpdf?report_idx=644954
3052,1,"동아에스티(170900) 신규 품목의 성장 지속, R&D 성과 기대",신지훈,LS증권,2025-11-28,2026-05-04 22:48:11.228582+00:00,https://consensus.hankyung.com/analysis/downpdf?report_idx=644952
3053,1,"레뷰코퍼레이션(443250) 주가 하락 아쉽지만, 숏뜨는 여전히 성장 중",조은애,LS증권,2025-11-28,2026-05-04 22:48:11.228582+00:00,https://consensus.hankyung.com/analysis/downpdf?report_idx=644951
3054,1,"HL홀딩스(060980) 배당수익률 4.5%, 자사주 소각 지속 중",이병근,LS증권,2025-11-28,2026-05-04 22:48:11.228582+00:00,https://consensus.hankyung.com/analysis/downpdf?report_idx=644950
3055,1,"보령(003850) 수익성 개선에 주목, 이제는 봐야 할 때",이선경,SK증권,2025-11-28,2026-05-04 22:48:11.228582+00:00,https://consensus.hankyung.com/analysis/downpdf?report_idx=644945
3056,1,"대원제약(003220) 겨울의 강자, 26년 수익성 개선에 주목",이선경,SK증권,2025-11-28,2026-05-04 22:48:11.228582+00:00,https://consensus.hankyung.com/analysis/downpdf?report_idx=644944
3057,1,"케이카(381970) 중고차 시장, 신뢰 업고 성장 지속",나승두,SK증권,2025-11-28,2026-05-04 22:48:11.228582+00:00,https://consensus.hankyung.com/analysis/downpdf?report_idx=644943
3058,1,호전실업(111110) 차별받을 이유는 없다,나승두,SK증권,2025-11-28,2026-05-04 22:48:11.228582+00:00,https://consensus.hankyung.com/analysis/downpdf?report_idx=644942
3059,1,아바텍(149950) 우리도 MLCC,양승수,메리츠증권,2025-11-27,2026-05-04 22:48:11.228582+00:00,https://consensus.hankyung.com/analysis/downpdf?report_idx=644937
3060,1,NAVER(035420) 네이버파이낸셜-두나무 합병 결정,이효진,메리츠증권,2025-11-27,2026-05-04 22:48:11.228582+00:00,https://consensus.hankyung.com/analysis/downpdf?report_idx=644934
3061,1,"NHN KCP(060250) NDR 후기: 왼손에 실적, 오른손에 스테이블코인",조은애,LS증권,2025-11-27,2026-05-04 22:48:11.228582+00:00,https://consensus.hankyung.com/analysis/downpdf?report_idx=644933
3062,1,두산퓨얼셀(336260) 연료전지가 주목받는 이유,나민식,SK증권,2025-11-27,2026-05-04 22:48:11.228582+00:00,https://consensus.hankyung.com/analysis/downpdf?report_idx=644930
3063,1,두산에너빌리티(034020) 원전과 가스터빈을 동시에,나민식,SK증권,2025-11-27,2026-05-04 22:48:11.228582+00:00,https://consensus.hankyung.com/analysis/downpdf?report_idx=644928
3064,1,한전기술(052690) 원전확대 정책으로 매출회복 전망,나민식,SK증권,2025-11-27,2026-05-04 22:48:11.228582+00:00,https://consensus.hankyung.com/analysis/downpdf?report_idx=644927
3065,1,에프엔에스테크(083500) 숨겨진 반도체 소부장 + 유리기판 저평가주,허선재,SK증권,2025-11-27,2026-05-04 22:48:11.228582+00:00,https://consensus.hankyung.com/analysis/downpdf?report_idx=644926
3066,1,대한전선(001440) 종합전선 기업으로 진화 중,나민식,SK증권,2025-11-27,2026-05-04 22:48:11.228582+00:00,https://consensus.hankyung.com/analysis/downpdf?report_idx=644923
3067,1,"LG씨엔에스(064400) 클라우드/AI 비중 60%, 수익성 개선 지속 전망",남효지,SK증권,2025-11-27,2026-05-04 22:48:11.228582+00:00,https://consensus.hankyung.com/analysis/downpdf?report_idx=644922
3068,1,오리온(271560) 캘린더 효과를 더한 1H26 기대,이경,iM증권,2025-11-27,2026-05-04 22:48:11.228582+00:00,https://consensus.hankyung.com/analysis/downpdf?report_idx=644921
3069,1,삼양식품(003230) 상반기엔 항상 놀라운 실적을 보였다 #again,이경신,iM증권,2025-11-27,2026-05-04 22:48:11.228582+00:00,https://consensus.hankyung.com/analysis/downpdf?report_idx=644919
3070,1,"KT&G(033780) 담배사업부 성장 지속 예상, 알파도 기대",이경신,iM증권,2025-11-27,2026-05-04 22:48:11.228582+00:00,https://consensus.hankyung.com/analysis/downpdf?report_idx=644918
3071,1,성일하이텍(365340) 회복 시그널 가시화되는 중,이용욱,한화투자증권,2025-11-26,2026-05-04 22:48:11.228582+00:00,https://consensus.hankyung.com/analysis/downpdf?report_idx=644916
3072,1,HDC현대산업개발(294870) 보법이 다른 PF보증 전략,류태환,유진투자증권,2025-11-26,2026-05-04 22:48:11.228582+00:00,https://consensus.hankyung.com/analysis/downpdf?report_idx=644912
3073,1,현대차(005380) 다채로운 믹스 개선 요소에 휴머노이드로 방점,이상수,iM증권,2025-11-25,2026-05-04 22:48:11.228582+00:00,https://consensus.hankyung.com/analysis/downpdf?report_idx=644901
3074,1,현대모비스(012330) 본업 반등과 신사업까지 시간을 벌어줄 AS,이상수,iM증권,2025-11-25,2026-05-04 22:48:11.228582+00:00,https://consensus.hankyung.com/analysis/downpdf?report_idx=644900
3075,1,HL만도(204320) 액츄에이터를 준비할 수 있는 튼튼한 체력,이상수,iM증권,2025-11-25,2026-05-04 22:48:11.228582+00:00,https://consensus.hankyung.com/analysis/downpdf?report_idx=644899
3076,1,기아(000270) 인도와 유럽이 힘을 내준다면 그 다음은 PBV,이상수,iM증권,2025-11-25,2026-05-04 22:48:11.228582+00:00,https://consensus.hankyung.com/analysis/downpdf?report_idx=644898
3077,1,코리아에프티(123410) 내년이 더 기대되는 HEV,이병근,LS증권,2025-11-25,2026-05-04 22:48:11.228582+00:00,https://consensus.hankyung.com/analysis/downpdf?report_idx=644897
3078,1,HPSP(403870) 3Q25 Review: 여전히 대체 불가,차용호,LS증권,2025-11-25,2026-05-04 22:48:11.228582+00:00,https://consensus.hankyung.com/analysis/downpdf?report_idx=644894
3079,1,파라다이스(034230) NDR 후기: 내년 5월이 승부처,박수영,한화투자증권,2025-11-24,2026-05-04 22:48:11.228582+00:00,https://consensus.hankyung.com/analysis/downpdf?report_idx=644890
3080,1,기아(000270) 하이브리드 성장의 답답함이 뚫린다,윤혁진,SK증권,2025-11-24,2026-05-04 22:48:11.228582+00:00,https://consensus.hankyung.com/analysis/downpdf?report_idx=644871
3081,1,현대차(005380) 미국시장 MS 사상 최고치 돌파! 다음은 주가 차례,윤혁진,SK증권,2025-11-24,2026-05-04 22:48:11.228582+00:00,https://consensus.hankyung.com/analysis/downpdf?report_idx=644870
3082,1,"SK가스(018670) LPG에서 LNG로, 트레이딩 영역 확대 중",문경원,SK증권,2025-11-21,2026-05-04 22:48:11.228582+00:00,https://consensus.hankyung.com/analysis/downpdf?report_idx=644863
3083,1,엠씨넥스(097520) 시장 성장률 그 이상,이동주,SK증권,2025-11-21,2026-05-04 22:48:11.228582+00:00,https://consensus.hankyung.com/analysis/downpdf?report_idx=644858
3084,1,시프트업(462870) 이젠 next IP를 봐야할 때,남효지,SK증권,2025-11-21,2026-05-04 22:48:11.228582+00:00,https://consensus.hankyung.com/analysis/downpdf?report_idx=644857
3085,1,천보(278280) P 인상 가능성 부각되나 Q 불확실성 존재,정원석,iM증권,2025-11-21,2026-05-04 22:48:11.228582+00:00,https://consensus.hankyung.com/analysis/downpdf?report_idx=644856
3086,1,삼양식품(003230) 두가지 공시의 함의: 축복에 끝이 없네,한유정,한화투자증권,2025-11-20,2026-05-04 22:48:11.228582+00:00,https://consensus.hankyung.com/analysis/downpdf?report_idx=644855
3087,1,이수페타시스(007660) NDR 후기: TPU 사이클의 유일한 선택지,-,메리츠증권,2025-11-20,2026-05-04 22:48:11.228582+00:00,https://consensus.hankyung.com/analysis/downpdf?report_idx=644852
3088,1,케이아이엔엑스(093320) 3Q25 Review,정우성,LS증권,2025-11-20,2026-05-04 22:48:11.228582+00:00,https://consensus.hankyung.com/analysis/downpdf?report_idx=644850
3089,1,솔브레인(357780) 3Q25 Review: NAND 감산 기조 확대,차용호,LS증권,2025-11-20,2026-05-04 22:48:11.228582+00:00,https://consensus.hankyung.com/analysis/downpdf?report_idx=644849
3090,1,코리안리(003690) 배당수익률 5% 내외의 기댓값은 적정,김도하,한화투자증권,2025-11-19,2026-05-04 22:48:11.228582+00:00,https://consensus.hankyung.com/analysis/downpdf?report_idx=644846
3091,1,세아제강(306200) 관세 영향 본격화에 따른 어닝 쇼크 기록,권지우,한화투자증권,2025-11-19,2026-05-04 22:48:11.228582+00:00,https://consensus.hankyung.com/analysis/downpdf?report_idx=644843
3092,1,태웅(044490) 탐방노트 – SMR 소재 수주 시작,문경원,메리츠증권,2025-11-19,2026-05-04 22:48:11.228582+00:00,https://consensus.hankyung.com/analysis/downpdf?report_idx=644840
3093,1,오리온(271560) 국가별 10월 실적 Comment,김정욱,메리츠증권,2025-11-19,2026-05-04 22:48:11.228582+00:00,https://consensus.hankyung.com/analysis/downpdf?report_idx=644839
3094,1,"쎄트렉아이(099320) 3Q25 Review: 무난한 실적, 추가 위성임대 계약을 기대",최정환,LS증권,2025-11-19,2026-05-04 22:48:11.228582+00:00,https://consensus.hankyung.com/analysis/downpdf?report_idx=644833
3095,1,SK가스(018670) LNG 밸류체인에서꾸준한확장기대,전유진,iM증권,2025-11-19,2026-05-04 22:48:11.228582+00:00,https://consensus.hankyung.com/analysis/downpdf?report_idx=644832
3096,1,LG화학(051910) 26년LGES 지분추가활용가능성이시사하는것들,전유진,iM증권,2025-11-19,2026-05-04 22:48:11.228582+00:00,https://consensus.hankyung.com/analysis/downpdf?report_idx=644831
3097,1,롯데케미칼(011170) 5년만에처음흑자전환을기대해보는26년,전유진,iM증권,2025-11-19,2026-05-04 22:48:11.228582+00:00,https://consensus.hankyung.com/analysis/downpdf?report_idx=644830
3098,1,한국전력(015760) 기대되는변화가너무도많은2026년,전유진,iM증권,2025-11-19,2026-05-04 22:48:11.228582+00:00,https://consensus.hankyung.com/analysis/downpdf?report_idx=644829
3099,1,S-Oil(010950) 26년1분기까지는편안할유가와정제마진,전유진,iM증권,2025-11-19,2026-05-04 22:48:11.228582+00:00,https://consensus.hankyung.com/analysis/downpdf?report_idx=644828
3100,1,샘씨엔에스(252990) 비상을 앞두고,"양승수,우서현",메리츠증권,2025-11-18,2026-05-04 22:48:11.228582+00:00,https://consensus.hankyung.com/analysis/downpdf?report_idx=644827
3101,1,에이치브이엠(295310) 거스를 수 없는 New Space 기류,"정지수,박건영",메리츠증권,2025-11-18,2026-05-04 22:48:11.228582+00:00,https://consensus.hankyung.com/analysis/downpdf?report_idx=644825
3102,1,인텔리안테크(189300) 실력에 못 미치는 실적,"정지수,박건영",메리츠증권,2025-11-18,2026-05-04 22:48:11.228582+00:00,https://consensus.hankyung.com/analysis/downpdf?report_idx=644823
3103,1,이노스페이스(462350) 첫 상용 발사 전 체크리스트,"정지수,박건영",메리츠증권,2025-11-18,2026-05-04 22:48:11.228582+00:00,https://consensus.hankyung.com/analysis/downpdf?report_idx=644822
3104,1,SK오션플랜트(100090) 3Q25 Review: 불확실성에 가려진 성장성,문경원,메리츠증권,2025-11-18,2026-05-04 22:48:11.228582+00:00,https://consensus.hankyung.com/analysis/downpdf?report_idx=644821
3105,1,"한온시스템(018880) 순이자비용 완화 기대, 고정비 부담은 아직",유민기,상상인증권,2025-11-18,2026-05-04 22:48:11.228582+00:00,https://consensus.hankyung.com/analysis/downpdf?report_idx=644820
3106,1,HRS(036640) 저성장 국면에도 독보이는 업계 최고 수익성,"이원재,이희경",한국IR협의회,2025-11-18,2026-05-04 22:48:11.228582+00:00,https://consensus.hankyung.com/analysis/downpdf?report_idx=644818
3107,1,"금호석유화학(011780) 분명, 2026년이 더 나아진다!","황규원,서석준",유안타증권,2025-11-18,2026-05-04 22:48:11.228582+00:00,https://consensus.hankyung.com/analysis/downpdf?report_idx=644813
3108,1,젝시믹스(337930) 유연성,"권명준,서석준",유안타증권,2025-11-18,2026-05-04 22:48:11.228582+00:00,https://consensus.hankyung.com/analysis/downpdf?report_idx=644812
3109,1,라온시큐어(042510) 백화제방(百花齊放),"권명준,서석준",유안타증권,2025-11-18,2026-05-04 22:48:11.228582+00:00,https://consensus.hankyung.com/analysis/downpdf?report_idx=644811
3110,1,유나이티드제약(033270) 신제품 출시로 26년 수익성 회복 기대,하현수,유안타증권,2025-11-18,2026-05-04 22:48:11.228582+00:00,https://consensus.hankyung.com/analysis/downpdf?report_idx=644810
3111,1,"메리츠금융지주(138040) 선구자 지위는 그대로, 달라진 것은 환경 뿐","박혜진,권용수",메리츠증권,2025-11-18,2026-05-04 22:48:11.228582+00:00,https://consensus.hankyung.com/analysis/downpdf?report_idx=644809
3112,1,"동성화인텍(033500) 3Q25 Re: 반성은 차갑게, 개선은 뜨겁게",오지훈,IBK투자증권,2025-11-18,2026-05-04 22:48:11.228582+00:00,https://consensus.hankyung.com/analysis/downpdf?report_idx=644802
3113,1,대한조선(439260) 3Q25 Re: 한국 조선업 역사상 최고 수익성 달성,오지훈,IBK투자증권,2025-11-18,2026-05-04 22:48:11.228582+00:00,https://consensus.hankyung.com/analysis/downpdf?report_idx=644801
3114,1,한국카본(017960) 3Q25 Re: 견조한 본업. 다만 아쉬웠던 자회사 실적,오지훈,IBK투자증권,2025-11-18,2026-05-04 22:48:11.228582+00:00,https://consensus.hankyung.com/analysis/downpdf?report_idx=644799
3115,1,기가비스(420770) 전방산업 증설 효과가 나타날 시기,신희철,iM증권,2025-11-18,2026-05-04 22:48:11.228582+00:00,https://consensus.hankyung.com/analysis/downpdf?report_idx=644798
3116,1,금호건설(002990) [NDR 후기] 성장의 궤도,김세련,LS증권,2025-11-18,2026-05-04 22:48:11.228582+00:00,https://consensus.hankyung.com/analysis/downpdf?report_idx=644797
3117,1,서울보증보험(031210) 보험손익이 개선되는 보험주,전배승,LS증권,2025-11-18,2026-05-04 22:48:11.228582+00:00,https://consensus.hankyung.com/analysis/downpdf?report_idx=644796
3118,1,SAMG엔터(419530) 나 돌아왔어 츄!,이현지,유진투자증권,2025-11-18,2026-05-04 22:48:11.228582+00:00,https://consensus.hankyung.com/analysis/downpdf?report_idx=644791
3119,1,서진시스템(178320) 북미 AI 인프라 구축의 동반자,허준서,유진투자증권,2025-11-18,2026-05-04 22:48:11.228582+00:00,https://consensus.hankyung.com/analysis/downpdf?report_idx=644790
3120,1,전진건설로봇(079900) 3Q25 Review: 유럽 재건 수요 회복 중,박종선,유진투자증권,2025-11-18,2026-05-04 22:48:11.228582+00:00,https://consensus.hankyung.com/analysis/downpdf?report_idx=644789
3121,1,"쿠콘(294570) 3Q25 Review: PG 부문, 수익성 개선",박종선,유진투자증권,2025-11-18,2026-05-04 22:48:11.228582+00:00,https://consensus.hankyung.com/analysis/downpdf?report_idx=644788
3122,1,영원무역(111770) 3Q25 Review : 극복하면 그만,이진협,한화투자증권,2025-11-17,2026-05-04 22:48:11.228582+00:00,https://consensus.hankyung.com/analysis/downpdf?report_idx=644780
3123,1,삼양식품(003230) 불확실성 해소,한유정,한화투자증권,2025-11-17,2026-05-04 22:48:11.228582+00:00,https://consensus.hankyung.com/analysis/downpdf?report_idx=644779
3124,1,"미스토홀딩스(081660) 3Q25 Review : 덜어내고, 강화하고",이진협,한화투자증권,2025-11-17,2026-05-04 22:48:11.228582+00:00,https://consensus.hankyung.com/analysis/downpdf?report_idx=644778
3125,1,NICE인프라(063570) 3Q25 Review: 영업이익 +38.3% YoY,정홍식,LS증권,2025-11-17,2026-05-04 22:48:11.228582+00:00,https://consensus.hankyung.com/analysis/downpdf?report_idx=644776
3126,1,DB손해보험(005830) 수익성 관리기조 강화,전배승,LS증권,2025-11-17,2026-05-04 22:48:11.228582+00:00,https://consensus.hankyung.com/analysis/downpdf?report_idx=644775
3127,1,코미코(183300) 큰 도약을 위한 준비,이동주,SK증권,2025-11-17,2026-05-04 22:48:11.228582+00:00,https://consensus.hankyung.com/analysis/downpdf?report_idx=644769
3128,1,미스토홀딩스(081660) 안정적인 실적,형권훈,SK증권,2025-11-17,2026-05-04 22:48:11.228582+00:00,https://consensus.hankyung.com/analysis/downpdf?report_idx=644768
3129,1,영원무역(111770) 우려 대비 아주 좋은 실적,형권훈,SK증권,2025-11-17,2026-05-04 22:48:11.228582+00:00,https://consensus.hankyung.com/analysis/downpdf?report_idx=644767
3130,1,"이수페타시스(007660) 2026 모멘텀: ①적층기술, ②네트워크, ③단가인상",박형우,SK증권,2025-11-17,2026-05-04 22:48:11.228582+00:00,https://consensus.hankyung.com/analysis/downpdf?report_idx=644766
3131,1,NICE평가정보(030190) 3Q25 Review: 영업이익 +19.4% YoY,정홍식,LS증권,2025-11-17,2026-05-04 22:48:11.228582+00:00,https://consensus.hankyung.com/analysis/downpdf?report_idx=644765
3132,1,나이스디앤비(130580) 3Q25 Review: 영업이익 증가 흐름,정홍식,LS증권,2025-11-17,2026-05-04 22:48:11.228582+00:00,https://consensus.hankyung.com/analysis/downpdf?report_idx=644764
3133,1,유니퀘스트(077500) 3Q25 Review: 영업이익 +24.8% YoY,정홍식,LS증권,2025-11-17,2026-05-04 22:48:11.228582+00:00,https://consensus.hankyung.com/analysis/downpdf?report_idx=644763
3134,1,플리토(300080) 언어데이터 수요 확대⇒글로벌 빅테크향 매출 성장성 UP,"이상헌,장호",iM증권,2025-11-17,2026-05-04 22:48:11.228582+00:00,https://consensus.hankyung.com/analysis/downpdf?report_idx=644762
3135,1,농심(004370) 든든한 내수가 돋보이는 실적,이경신,iM증권,2025-11-17,2026-05-04 22:48:11.228582+00:00,https://consensus.hankyung.com/analysis/downpdf?report_idx=644760
3136,1,삼양식품(003230) 여기서 또 고성장 시현이 가능하다,이경신,iM증권,2025-11-17,2026-05-04 22:48:11.228582+00:00,https://consensus.hankyung.com/analysis/downpdf?report_idx=644759
3137,1,한글과컴퓨터(030520) 3Q25 Review: ‘AI 사업화’ 기반 구축 중,박종선,유진투자증권,2025-11-13,2026-05-04 22:48:11.228582+00:00,https://consensus.hankyung.com/analysis/downpdf?report_idx=644758
3138,1,한국가스공사(036460) 예상 수준의 실적,황성현,유진투자증권,2025-11-13,2026-05-04 22:48:11.228582+00:00,https://consensus.hankyung.com/analysis/downpdf?report_idx=644757
3139,1,롯데케미칼(011170) 턴어라운드 국면의 업사이드 리스크,황성현,유진투자증권,2025-11-13,2026-05-04 22:48:11.228582+00:00,https://consensus.hankyung.com/analysis/downpdf?report_idx=644755
3140,1,교촌에프앤비(339770) 3Q25 Review: 소비쿠폰 및 성수기 수혜,박종선,유진투자증권,2025-11-13,2026-05-04 22:48:11.228582+00:00,https://consensus.hankyung.com/analysis/downpdf?report_idx=644754
3141,1,JYP Ent.(035900) 기선을 제압하는 고연차 성과,이현지,유진투자증권,2025-11-13,2026-05-04 22:48:11.228582+00:00,https://consensus.hankyung.com/analysis/downpdf?report_idx=644753
3142,1,한국가스공사(036460) 배당은 이어지겠지만,송유림,한화투자증권,2025-11-13,2026-05-04 22:48:11.228582+00:00,https://consensus.hankyung.com/analysis/downpdf?report_idx=644751
3143,1,"롯데케미칼(011170) 여전히 부진하나, 기대감은 높아지는 중",이용욱,한화투자증권,2025-11-13,2026-05-04 22:48:11.228582+00:00,https://consensus.hankyung.com/analysis/downpdf?report_idx=644749
3144,1,JYP Ent.(035900) 어쨌거나 효율화는 진행 중,박수영,한화투자증권,2025-11-13,2026-05-04 22:48:11.228582+00:00,https://consensus.hankyung.com/analysis/downpdf?report_idx=644747
3145,1,SGC에너지(005090) NDC목표 상향으로 수혜 전망,나민식,SK증권,2025-11-13,2026-05-04 22:48:11.228582+00:00,https://consensus.hankyung.com/analysis/downpdf?report_idx=644746
3146,1,펄어비스(263750) 이젠 출시일까지 잘 도달하는 것이 목표,남효지,SK증권,2025-11-13,2026-05-04 22:48:11.228582+00:00,https://consensus.hankyung.com/analysis/downpdf?report_idx=644745
3147,1,파크시스템스(140860) 3Q25 Review: 과도한 낙폭 속 기회,차용호,LS증권,2025-11-13,2026-05-04 22:48:11.228582+00:00,https://consensus.hankyung.com/analysis/downpdf?report_idx=644743
3148,1,JYP Ent.(035900) 매니지먼트 비용 증가,박성호,LS증권,2025-11-13,2026-05-04 22:48:11.228582+00:00,https://consensus.hankyung.com/analysis/downpdf?report_idx=644742
3149,1,메쎄이상(408920) 3Q25 Review: 향후 5년간 Full CAPA 예상,정우성,LS증권,2025-11-13,2026-05-04 22:48:11.228582+00:00,https://consensus.hankyung.com/analysis/downpdf?report_idx=644741
3150,1,한국가스공사(036460) 미수금 회수 부진으로 통상적 배당성향 복원 지연,성종화,LS증권,2025-11-13,2026-05-04 22:48:11.228582+00:00,https://consensus.hankyung.com/analysis/downpdf?report_idx=644740
3151,1,더존비즈온(012510) 분기 실적보다는 중장기 방향성 변화에 집중,정우성,LS증권,2025-11-13,2026-05-04 22:48:11.228582+00:00,https://consensus.hankyung.com/analysis/downpdf?report_idx=644739
3152,1,JYP Ent.(035900) 원가 부담 확대에 따른 수익성 저하,황지원,iM증권,2025-11-13,2026-05-04 22:48:11.228582+00:00,https://consensus.hankyung.com/analysis/downpdf?report_idx=644738
3153,1,롯데케미칼(011170) 이번에는 진짜로 4년 만의 바닥 탈출 기대,"전유진,장호",iM증권,2025-11-13,2026-05-04 22:48:11.228582+00:00,https://consensus.hankyung.com/analysis/downpdf?report_idx=644737
3154,1,이마트(139480) 계획대로 진행 중!,남성현,IBK투자증권,2025-11-12,2026-05-04 22:48:11.228582+00:00,https://consensus.hankyung.com/analysis/downpdf?report_idx=644735
3155,1,"대한조선(439260) 수에즈막스 탱커 2척 추가 수주, 28년 슬롯도 완판에 가까워짐",오지훈,IBK투자증권,2025-11-12,2026-05-04 22:48:11.228582+00:00,https://consensus.hankyung.com/analysis/downpdf?report_idx=644733
3156,1,대한조선(439260) 공포를 사야 할 때,오지훈,IBK투자증권,2025-11-12,2026-05-04 22:48:11.228582+00:00,https://consensus.hankyung.com/analysis/downpdf?report_idx=644732
3157,1,이마트(139480) 3Q25 Review : 다가온 반격의 시간,이진협,한화투자증권,2025-11-12,2026-05-04 22:48:11.228582+00:00,https://consensus.hankyung.com/analysis/downpdf?report_idx=644728
3158,1,엔씨소프트(036570) D-7,남효지,LS증권,2025-11-12,2026-05-04 22:48:11.228582+00:00,https://consensus.hankyung.com/analysis/downpdf?report_idx=644723
3159,1,더블유게임즈(192080) 탑라인 성장 회복 중,남효지,SK증권,2025-11-12,2026-05-04 22:48:11.228582+00:00,https://consensus.hankyung.com/analysis/downpdf?report_idx=644722
3160,1,이마트(139480) 3Q25 Review: 경쟁 완화 국면 주목,오린아,LS증권,2025-11-12,2026-05-04 22:48:11.228582+00:00,https://consensus.hankyung.com/analysis/downpdf?report_idx=644720
3161,1,SK네트웍스(001740) 3Q25 Review: 신제품 성과를 지켜보자,오린아,LS증권,2025-11-12,2026-05-04 22:48:11.228582+00:00,https://consensus.hankyung.com/analysis/downpdf?report_idx=644719
3162,1,삼성증권(016360) 최대실적 시현,전배승,LS증권,2025-11-12,2026-05-04 22:48:11.228582+00:00,https://consensus.hankyung.com/analysis/downpdf?report_idx=644718
3163,1,"한국금융지주(071050) 연간 2조원대 순이익, ROE 20%",전배승,LS증권,2025-11-12,2026-05-04 22:48:11.228582+00:00,https://consensus.hankyung.com/analysis/downpdf?report_idx=644717
3164,1,DB하이텍(000990) 3Q25 Review: 레거시의 묘미는 공급 제약에 있다,차용호,LS증권,2025-11-12,2026-05-04 22:48:11.228582+00:00,https://consensus.hankyung.com/analysis/downpdf?report_idx=644716
3165,1,바텍(043150) 3Q25 Review: 북미 견조한 매출 흐름,정홍식,LS증권,2025-11-12,2026-05-04 22:48:11.228582+00:00,https://consensus.hankyung.com/analysis/downpdf?report_idx=644715
3166,1,메가스터디교육(215200) 3Q25 Review: 그래도 견조한 실적,정홍식,LS증권,2025-11-12,2026-05-04 22:48:11.228582+00:00,https://consensus.hankyung.com/analysis/downpdf?report_idx=644714
3167,1,레이언스(228850) 3Q25 Review: 영업이익 흑자 전환,정홍식,LS증권,2025-11-12,2026-05-04 22:48:11.228582+00:00,https://consensus.hankyung.com/analysis/downpdf?report_idx=644713
3168,1,CJ제일제당(097950) 업황 부진의 늪,박성호,LS증권,2025-11-12,2026-05-04 22:48:11.228582+00:00,https://consensus.hankyung.com/analysis/downpdf?report_idx=644712
3169,1,한샘(009240) 비용 컨트롤 진행 중,김세련,LS증권,2025-11-12,2026-05-04 22:48:11.228582+00:00,https://consensus.hankyung.com/analysis/downpdf?report_idx=644711
3170,1,CJ제일제당(097950) 잘됐으면 좋겠다,이경신,iM증권,2025-11-12,2026-05-04 22:48:11.228582+00:00,https://consensus.hankyung.com/analysis/downpdf?report_idx=644710
3171,1,"헥토이노베이션(214180) Good!, Good!, Good!",권명준,유안타증권,2025-11-11,2026-05-04 22:48:11.228582+00:00,https://consensus.hankyung.com/analysis/downpdf?report_idx=644709
3172,1,진에어(272450) 부진했던 국제선,최지운,유안타증권,2025-11-11,2026-05-04 22:48:11.228582+00:00,https://consensus.hankyung.com/analysis/downpdf?report_idx=644706
3173,1,한전KPS(051600) 무난한 실적,황성현,유진투자증권,2025-11-11,2026-05-04 22:48:11.228582+00:00,https://consensus.hankyung.com/analysis/downpdf?report_idx=644702
3174,1,하이브(352820) 불편한 희극,이현지,유진투자증권,2025-11-11,2026-05-04 22:48:11.228582+00:00,https://consensus.hankyung.com/analysis/downpdf?report_idx=644701
3175,1,파라다이스(034230) 자주 와서 경험해보면 재밌을텐데,이현지,유진투자증권,2025-11-11,2026-05-04 22:48:11.228582+00:00,https://consensus.hankyung.com/analysis/downpdf?report_idx=644700
3176,1,클래시스(214150) 3Q25P Review: 18개 분기 연속 성장세,박종선,유진투자증권,2025-11-11,2026-05-04 22:48:11.228582+00:00,https://consensus.hankyung.com/analysis/downpdf?report_idx=644699
3177,1,바텍(043150) 3Q25P Review: 해외 수출 회복세 지속,박종선,유진투자증권,2025-11-11,2026-05-04 22:48:11.228582+00:00,https://consensus.hankyung.com/analysis/downpdf?report_idx=644696
3178,1,롯데에너지머티리얼즈(020150) 국내 캐파를 AI 회로박으로 전환,한병화,유진투자증권,2025-11-11,2026-05-04 22:48:11.228582+00:00,https://consensus.hankyung.com/analysis/downpdf?report_idx=644695
3179,1,"레이언스(228850) 3Q25P Review: VET, 산업 부문 회복 중",박종선,유진투자증권,2025-11-11,2026-05-04 22:48:11.228582+00:00,https://consensus.hankyung.com/analysis/downpdf?report_idx=644694
3180,1,두산(000150) 3Q25 Review: 신뢰의 도약,이주형,유진투자증권,2025-11-11,2026-05-04 22:48:11.228582+00:00,https://consensus.hankyung.com/analysis/downpdf?report_idx=644693
3181,1,더존비즈온(012510) 3Q25P Review: 23분기 만에 분기 최고 OPM 달성,박종선,유진투자증권,2025-11-11,2026-05-04 22:48:11.228582+00:00,https://consensus.hankyung.com/analysis/downpdf?report_idx=644692
3182,1,KT나스미디어(089600) 3Q25P Review: 신규 수주 효과 기대,박종선,유진투자증권,2025-11-11,2026-05-04 22:48:11.228582+00:00,https://consensus.hankyung.com/analysis/downpdf?report_idx=644690
3183,1,하이브(352820) 예상보다 큰 초기 투자 비용,김민영,메리츠증권,2025-11-11,2026-05-04 22:48:11.228582+00:00,https://consensus.hankyung.com/analysis/downpdf?report_idx=644686
3184,1,엠씨넥스(097520) 안정적 실적 기반의 주주가치 제고,양승수,메리츠증권,2025-11-11,2026-05-04 22:48:11.228582+00:00,https://consensus.hankyung.com/analysis/downpdf?report_idx=644680
3185,1,두산(000150) CCL 슈퍼사이클의 중심,양승수,메리츠증권,2025-11-11,2026-05-04 22:48:11.228582+00:00,https://consensus.hankyung.com/analysis/downpdf?report_idx=644677
3186,1,SK하이닉스(000660) 재평가 여정 Good to Great(1/2),김선우,메리츠증권,2025-11-11,2026-05-04 22:48:11.228582+00:00,https://consensus.hankyung.com/analysis/downpdf?report_idx=644675
3187,1,NHN(181710) KCP 효과,이효진,메리츠증권,2025-11-11,2026-05-04 22:48:11.228582+00:00,https://consensus.hankyung.com/analysis/downpdf?report_idx=644674
3188,1,하이브(352820) 물 들어올 때 노 젓기 위한 873억원,박수영,한화투자증권,2025-11-11,2026-05-04 22:48:11.228582+00:00,https://consensus.hankyung.com/analysis/downpdf?report_idx=644673
3189,1,파라다이스(034230) 3Q 비용이 비용의 CAP이라면,박수영,한화투자증권,2025-11-11,2026-05-04 22:48:11.228582+00:00,https://consensus.hankyung.com/analysis/downpdf?report_idx=644672
3190,1,코스맥스(192820) 우려스러운 마진 하락,한유정,한화투자증권,2025-11-11,2026-05-04 22:48:11.228582+00:00,https://consensus.hankyung.com/analysis/downpdf?report_idx=644671
3191,1,"F&F(383220) 3Q25 Review : 실적 전망치 상향, 기대감은 하향",이진협,한화투자증권,2025-11-11,2026-05-04 22:48:11.228582+00:00,https://consensus.hankyung.com/analysis/downpdf?report_idx=644669
3192,1,삼성SDI(006400) EV 실적부진을상쇄시켜줄ESS의높은성장가능성에주목,정원석,iM증권,2025-11-11,2026-05-04 22:48:11.228582+00:00,https://consensus.hankyung.com/analysis/downpdf?report_idx=644668
3193,1,GS건설(006360) 긴호흡으로정상화구간진입중,배세호,iM증권,2025-11-11,2026-05-04 22:48:11.228582+00:00,https://consensus.hankyung.com/analysis/downpdf?report_idx=644667
3194,1,대우건설(047040) 아직은기다려야할때,배세호,iM증권,2025-11-11,2026-05-04 22:48:11.228582+00:00,https://consensus.hankyung.com/analysis/downpdf?report_idx=644666
3195,1,"현대건설(000720) 2026년뚜렷해질원전성과,여전히매력적인주가",배세호,iM증권,2025-11-11,2026-05-04 22:48:11.228582+00:00,https://consensus.hankyung.com/analysis/downpdf?report_idx=644665
3196,1,HDC현대산업개발(294870) 본격화되는이익증가사이클,배세호,iM증권,2025-11-11,2026-05-04 22:48:11.228582+00:00,https://consensus.hankyung.com/analysis/downpdf?report_idx=644664
3197,1,"DL이앤씨(375500) 주택수익성개선세는긍정적이나, 플랜트수주필요",정원석,iM증권,2025-11-11,2026-05-04 22:48:11.228582+00:00,https://consensus.hankyung.com/analysis/downpdf?report_idx=644663
3198,1,삼성E&A(028050) 아쉬웠던것보다더커진수주기대감,배세호,iM증권,2025-11-11,2026-05-04 22:48:11.228582+00:00,https://consensus.hankyung.com/analysis/downpdf?report_idx=644662
3199,1,"하이브(352820) 예상보다 더 부진한 실적, 그럼에도 불구하고",황지원,iM증권,2025-11-11,2026-05-04 22:48:11.228582+00:00,https://consensus.hankyung.com/analysis/downpdf?report_idx=644658
3200,1,롯데에너지머티리얼즈(020150) AI 밸류체인 진입: 기판 소재 탈중국 반사수혜,박형우,SK증권,2025-11-11,2026-05-04 22:48:11.228582+00:00,https://consensus.hankyung.com/analysis/downpdf?report_idx=644656
3201,1,F&F(383220) 중국 성장 견조,형권훈,SK증권,2025-11-11,2026-05-04 22:48:11.228582+00:00,https://consensus.hankyung.com/analysis/downpdf?report_idx=644655
3202,1,코스맥스(192820) 흔들린 수익성,형권훈,SK증권,2025-11-11,2026-05-04 22:48:11.228582+00:00,https://consensus.hankyung.com/analysis/downpdf?report_idx=644654
3203,1,"클래시스(214150) 이제는 정상화의 시간(feat. 브라질, 실적, 밸류에이션)",조은애,LS증권,2025-11-11,2026-05-04 22:48:11.228582+00:00,https://consensus.hankyung.com/analysis/downpdf?report_idx=644652
3204,1,NHN KCP(060250) 4분기 성수기와 내년이 기대되는 호실적,조은애,LS증권,2025-11-11,2026-05-04 22:48:11.228582+00:00,https://consensus.hankyung.com/analysis/downpdf?report_idx=644651
3205,1,코스맥스(192820) 3Q25 Review: 마진 가시성 하락,오린아,LS증권,2025-11-11,2026-05-04 22:48:11.228582+00:00,https://consensus.hankyung.com/analysis/downpdf?report_idx=644650
3206,1,"KCC(002380) OPM 8% 견조한 실적, 영업외손익에서 +α기대",정경희,LS증권,2025-11-11,2026-05-04 22:48:11.228582+00:00,https://consensus.hankyung.com/analysis/downpdf?report_idx=644649
3207,1,신세계(004170) 2026년을 보고 베팅할 시점,남성현,IBK투자증권,2025-11-10,2026-05-04 22:48:11.228582+00:00,https://consensus.hankyung.com/analysis/downpdf?report_idx=644646
3208,1,롯데에너지머티리얼즈(020150) AI와 ESS로 어플리케이션 다변화,이현욱,IBK투자증권,2025-11-10,2026-05-04 22:48:11.228582+00:00,https://consensus.hankyung.com/analysis/downpdf?report_idx=644644
3209,1,금호석유화학(011780) 에너지 내재화 구조로 수익성 방어력 보유,이동욱,IBK투자증권,2025-11-10,2026-05-04 22:48:11.228582+00:00,https://consensus.hankyung.com/analysis/downpdf?report_idx=644642
3210,1,TKG휴켐스(069260) NDC 상향 논의로 배출권 장기 가치 상승 전망,이동욱,IBK투자증권,2025-11-10,2026-05-04 22:48:11.228582+00:00,https://consensus.hankyung.com/analysis/downpdf?report_idx=644641
3211,1,KT(030200) 불확실성의 시기,김태현,IBK투자증권,2025-11-10,2026-05-04 22:48:11.228582+00:00,https://consensus.hankyung.com/analysis/downpdf?report_idx=644640
3212,1,DL(000210) 비화학 계열이 전사 수익성 개선 견인,이동욱,IBK투자증권,2025-11-10,2026-05-04 22:48:11.228582+00:00,https://consensus.hankyung.com/analysis/downpdf?report_idx=644639
3213,1,현대위아(011210) 강한 성장 구간 진입,김성래,한화투자증권,2025-11-10,2026-05-04 22:48:11.228582+00:00,https://consensus.hankyung.com/analysis/downpdf?report_idx=644638
3214,1,한국타이어앤테크놀로지(161390) [3Q25 Review] 마진 확대 구간 진입,김성래,한화투자증권,2025-11-10,2026-05-04 22:48:11.228582+00:00,https://consensus.hankyung.com/analysis/downpdf?report_idx=644636
3215,1,코웨이(021240) 3Q25 Review : 투자의 결실이 줄줄이 소시지처럼,이진협,한화투자증권,2025-11-10,2026-05-04 22:48:11.228582+00:00,https://consensus.hankyung.com/analysis/downpdf?report_idx=644635
3216,1,신세계인터내셔날(031430) 3Q25 Review : 우려보다 기대,이진협,한화투자증권,2025-11-10,2026-05-04 22:48:11.228582+00:00,https://consensus.hankyung.com/analysis/downpdf?report_idx=644632
3217,1,신세계(004170) 3Q25 Review : Godfather of Luxury Retailer,이진협,한화투자증권,2025-11-10,2026-05-04 22:48:11.228582+00:00,https://consensus.hankyung.com/analysis/downpdf?report_idx=644631
3218,1,HDC(012630) [3Q25 Review] 기대감을 실어보자,송유림,한화투자증권,2025-11-10,2026-05-04 22:48:11.228582+00:00,https://consensus.hankyung.com/analysis/downpdf?report_idx=644630
3219,1,CJ대한통운(000120) 충분히 기대감을 가져볼 만한 시기,배세호,iM증권,2025-11-10,2026-05-04 22:48:11.228582+00:00,https://consensus.hankyung.com/analysis/downpdf?report_idx=644629
3220,1,와이지엔터테인먼트(122870) 높아진 기대치 대비 다소 아쉬운 실적,황지원,iM증권,2025-11-10,2026-05-04 22:48:11.228582+00:00,https://consensus.hankyung.com/analysis/downpdf?report_idx=644628
3221,1,지역난방공사(071320) 열과 전력 모두 서프라이즈,"전유진,장호",iM증권,2025-11-10,2026-05-04 22:48:11.228582+00:00,https://consensus.hankyung.com/analysis/downpdf?report_idx=644627
3222,1,고영(098460) AI 및 로봇으로 실적과 성장성 다 잡는다,"이상헌,장호",iM증권,2025-11-10,2026-05-04 22:48:11.228582+00:00,https://consensus.hankyung.com/analysis/downpdf?report_idx=644626
3223,1,두산에너빌리티(034020) 매년 신규수주 14조원 이상 시대를 열다⇒밸류 UP,"이상헌,장호",iM증권,2025-11-10,2026-05-04 22:48:11.228582+00:00,https://consensus.hankyung.com/analysis/downpdf?report_idx=644625
3224,1,디오(039840) 이제 매출 성장으로 꽃을 피울 시기,"이상헌,장호",iM증권,2025-11-10,2026-05-04 22:48:11.228582+00:00,https://consensus.hankyung.com/analysis/downpdf?report_idx=644624
3225,1,한화엔진(082740) 3Q25: 엔진가 하락은 선가 하락보다 늦다,변용진,iM증권,2025-11-10,2026-05-04 22:48:11.228582+00:00,https://consensus.hankyung.com/analysis/downpdf?report_idx=644623
3226,1,LG이노텍(011070) [NDR 후기] 패키지기판 추가 업사이드,고의영,iM증권,2025-11-10,2026-05-04 22:48:11.228582+00:00,https://consensus.hankyung.com/analysis/downpdf?report_idx=644621
3227,1,솔브레인(357780) 분위기 전환 시작,이동주,SK증권,2025-11-10,2026-05-04 22:48:11.228582+00:00,https://consensus.hankyung.com/analysis/downpdf?report_idx=644620
3228,1,주성엔지니어링(036930) 우려에서 기대의 시선으로,이동주,SK증권,2025-11-10,2026-05-04 22:48:11.228582+00:00,https://consensus.hankyung.com/analysis/downpdf?report_idx=644619
3229,1,유니셈(036200) 부대 장비지만 필수야,이동주,SK증권,2025-11-10,2026-05-04 22:48:11.228582+00:00,https://consensus.hankyung.com/analysis/downpdf?report_idx=644618
3230,1,이오테크닉스(039030) 캐시카우는 상단을 열고 신규 장비는 새로 붙고,이동주,SK증권,2025-11-10,2026-05-04 22:48:11.228582+00:00,https://consensus.hankyung.com/analysis/downpdf?report_idx=644617
3231,1,원익IPS(240810) Keep Going,이동주,SK증권,2025-11-10,2026-05-04 22:48:11.228582+00:00,https://consensus.hankyung.com/analysis/downpdf?report_idx=644616
3232,1,카카오(035720) 톡 개편+AI = New Normal의 시작,남효지,SK증권,2025-11-10,2026-05-04 22:48:11.228582+00:00,https://consensus.hankyung.com/analysis/downpdf?report_idx=644614
3233,1,한국콜마(161890) 잠시 쉬어갑니다,형권훈,SK증권,2025-11-10,2026-05-04 22:48:11.228582+00:00,https://consensus.hankyung.com/analysis/downpdf?report_idx=644613
3234,1,신세계인터내셔날(031430) 간만에 탑라인 성장,형권훈,SK증권,2025-11-10,2026-05-04 22:48:11.228582+00:00,https://consensus.hankyung.com/analysis/downpdf?report_idx=644612
3235,1,LG전자(066570) 이제는 ‘AI 주식’이어야 한다,박형우,SK증권,2025-11-10,2026-05-04 22:48:11.228582+00:00,https://consensus.hankyung.com/analysis/downpdf?report_idx=644611
3236,1,네오팜(092730) 3Q25 Review: 추정치 상회,오린아,LS증권,2025-11-10,2026-05-04 22:48:11.228582+00:00,https://consensus.hankyung.com/analysis/downpdf?report_idx=644606
3237,1,코웨이(021240) 3Q25 Review: 늘 그렇듯 편안하다,오린아,LS증권,2025-11-10,2026-05-04 22:48:11.228582+00:00,https://consensus.hankyung.com/analysis/downpdf?report_idx=644605
3238,1,"한국타이어앤테크놀로지(161390) 판가↑, 관세↓",이병근,LS증권,2025-11-10,2026-05-04 22:48:11.228582+00:00,https://consensus.hankyung.com/analysis/downpdf?report_idx=644604
3239,1,한전기술(052690) 3Q25 Surprise & 중장기 글로벌 원전 확대 방향성,성종화,LS증권,2025-11-10,2026-05-04 22:48:11.228582+00:00,https://consensus.hankyung.com/analysis/downpdf?report_idx=644603
3240,1,신세계(004170) 3Q25 Review: 개선 국면 돌입,오린아,LS증권,2025-11-10,2026-05-04 22:48:11.228582+00:00,https://consensus.hankyung.com/analysis/downpdf?report_idx=644602
3241,1,에이피알(278470) 남다른 체급,형권훈,SK증권,2025-11-07,2026-05-04 22:48:11.228582+00:00,https://consensus.hankyung.com/analysis/downpdf?report_idx=644601
3242,1,아모레퍼시픽(090430) 코스알엑스만 턴어라운드 한다면,형권훈,SK증권,2025-11-07,2026-05-04 22:48:11.228582+00:00,https://consensus.hankyung.com/analysis/downpdf?report_idx=644600
3243,1,넷마블(251270) 괜한 실적 걱정이었다,남효지,SK증권,2025-11-07,2026-05-04 22:48:11.228582+00:00,https://consensus.hankyung.com/analysis/downpdf?report_idx=644598
3244,1,KT&G(033780) 기대 이상의 담배 사업 실적,박성호,LS증권,2025-11-07,2026-05-04 22:48:11.228582+00:00,https://consensus.hankyung.com/analysis/downpdf?report_idx=644596
3245,1,롯데칠성(005300) 국내 사업 이익 개선,박성호,LS증권,2025-11-07,2026-05-04 22:48:11.228582+00:00,https://consensus.hankyung.com/analysis/downpdf?report_idx=644595
3246,1,DL이앤씨(375500) 흔들리는 돌다리,김세련,LS증권,2025-11-07,2026-05-04 22:48:11.228582+00:00,https://consensus.hankyung.com/analysis/downpdf?report_idx=644594
3247,1,GS건설(006360) [NDR 후기] 안정적 펀더멘탈 재확인,김세련,LS증권,2025-11-07,2026-05-04 22:48:11.228582+00:00,https://consensus.hankyung.com/analysis/downpdf?report_idx=644593
3248,1,GS리테일(007070) 3Q25 Review: 눈에 띄는 기존점 신장률,오린아,LS증권,2025-11-07,2026-05-04 22:48:11.228582+00:00,https://consensus.hankyung.com/analysis/downpdf?report_idx=644592
3249,1,LIG넥스원(079550) 3Q25 Review: 호실적 시현했으나 4분기가 고비,최정환,LS증권,2025-11-07,2026-05-04 22:48:11.228582+00:00,https://consensus.hankyung.com/analysis/downpdf?report_idx=644591
3250,1,미래에셋증권(006800) 향상된 경상이익력. 주가 상승여력은 축소,전배승,LS증권,2025-11-07,2026-05-04 22:48:11.228582+00:00,https://consensus.hankyung.com/analysis/downpdf?report_idx=644590
3251,1,에이피알(278470) 더 높아진 이익 성장의 가시성,조은애,LS증권,2025-11-07,2026-05-04 22:48:11.228582+00:00,https://consensus.hankyung.com/analysis/downpdf?report_idx=644589
3252,1,아모레퍼시픽(090430) 3Q25 Review: 민첩성 탑재 완료,오린아,LS증권,2025-11-07,2026-05-04 22:48:11.228582+00:00,https://consensus.hankyung.com/analysis/downpdf?report_idx=644587
3253,1,"LIG넥스원(079550) 3Q25: 좋은데, 단기 모멘텀은 다소 부재",변용진,iM증권,2025-11-07,2026-05-04 22:48:11.228582+00:00,https://consensus.hankyung.com/analysis/downpdf?report_idx=644586
3254,1,롯데정밀화학(004000) 26년 ECH 적자 사이클 종료 예상,"전유진,장호",iM증권,2025-11-07,2026-05-04 22:48:11.228582+00:00,https://consensus.hankyung.com/analysis/downpdf?report_idx=644585
3255,1,헥토이노베이션(214180) 3Q25P Review: 6분기 연속 최대 매출 갱신,박종선,유진투자증권,2025-11-07,2026-05-04 22:48:11.228582+00:00,https://consensus.hankyung.com/analysis/downpdf?report_idx=644581
3256,1,텔레칩스(054450) 3Q25P Review: 해외 수출비중 상승 중,박종선,유진투자증권,2025-11-07,2026-05-04 22:48:11.228582+00:00,https://consensus.hankyung.com/analysis/downpdf?report_idx=644580
3257,1,콘텐트리중앙(036420) 수확의 계절,이현지,유진투자증권,2025-11-07,2026-05-04 22:48:11.228582+00:00,https://consensus.hankyung.com/analysis/downpdf?report_idx=644579
3258,1,스튜디오드래곤(253450) 요새 드라마 재밌긴 하지,이현지,유진투자증권,2025-11-07,2026-05-04 22:48:11.228582+00:00,https://consensus.hankyung.com/analysis/downpdf?report_idx=644576
3259,1,"넷마블(251270) 실적도 좋고, 신작도 좋고",정의훈,유진투자증권,2025-11-07,2026-05-04 22:48:11.228582+00:00,https://consensus.hankyung.com/analysis/downpdf?report_idx=644575
3260,1,GS(078930) GS칼텍스가 이끈 호실적,황성현,유진투자증권,2025-11-07,2026-05-04 22:48:11.228582+00:00,https://consensus.hankyung.com/analysis/downpdf?report_idx=644574
3261,1,CJ ENM(035760) 천천히 바닥을 다지는 중,이현지,유진투자증권,2025-11-07,2026-05-04 22:48:11.228582+00:00,https://consensus.hankyung.com/analysis/downpdf?report_idx=644573
3262,1,코스메카코리아(241710) 이제는 인정해야 해요,한유정,한화투자증권,2025-11-07,2026-05-04 22:48:11.228582+00:00,https://consensus.hankyung.com/analysis/downpdf?report_idx=644571
3263,1,롯데칠성(005300) 가볍게 맞이할 새해,한유정,한화투자증권,2025-11-07,2026-05-04 22:48:11.228582+00:00,https://consensus.hankyung.com/analysis/downpdf?report_idx=644568
3264,1,LIG넥스원(079550) [3Q25 Review] 담보된 성장을 차근차근 실현해 나가는 중,배성조,한화투자증권,2025-11-07,2026-05-04 22:48:11.228582+00:00,https://consensus.hankyung.com/analysis/downpdf?report_idx=644567
3265,1,GS리테일(007070) 3Q25 Review : 10년 전 일본 편의점의 향기,이진협,한화투자증권,2025-11-07,2026-05-04 22:48:11.228582+00:00,https://consensus.hankyung.com/analysis/downpdf?report_idx=644566
3266,1,CJ ENM(035760) 콘텐츠 화제성에 비해 아쉬운 실적,김소혜,한화투자증권,2025-11-07,2026-05-04 22:48:11.228582+00:00,https://consensus.hankyung.com/analysis/downpdf?report_idx=644565
3267,1,BGF리테일(282330) 3Q25 Review : 격차를 줄여라,이진협,한화투자증권,2025-11-07,2026-05-04 22:48:11.228582+00:00,https://consensus.hankyung.com/analysis/downpdf?report_idx=644564
3268,1,KT&G(033780) 눈높이 상향으로 보는 자신감,이경신,iM증권,2025-11-07,2026-05-04 22:48:11.228582+00:00,https://consensus.hankyung.com/analysis/downpdf?report_idx=644563
3269,1,고려아연(010130) 4분기 역대 최대 실적 달성 전망,"김윤상,공도연",iM증권,2025-11-07,2026-05-04 22:48:11.228582+00:00,https://consensus.hankyung.com/analysis/downpdf?report_idx=644562
3270,1,"롯데칠성(005300) 제한적인 성수기 효과의 아쉬움, 해외로 일부 상쇄",이경신,iM증권,2025-11-07,2026-05-04 22:48:11.228582+00:00,https://consensus.hankyung.com/analysis/downpdf?report_idx=644561
3271,1,두산에너빌리티(034020) 목 말랐던 목표주가 상향 근거 발생,허민호,대신증권,2025-11-06,2026-05-04 22:48:11.228582+00:00,https://consensus.hankyung.com/analysis/downpdf?report_idx=644560
3272,1,"유한양행(000100) 레이저티닙 모멘텀 유효, 차세대 성장축은 비만/MASH",이희영,대신증권,2025-11-06,2026-05-04 22:48:11.228582+00:00,https://consensus.hankyung.com/analysis/downpdf?report_idx=644559
3273,1,한국항공우주(047810) 곧 성장 궤도에 들어설 것,이태환,대신증권,2025-11-06,2026-05-04 22:48:11.228582+00:00,https://consensus.hankyung.com/analysis/downpdf?report_idx=644558
3274,1,NAVER(035420) 본업 건강하고 그림도 예쁘다,이효진,메리츠증권,2025-11-06,2026-05-04 22:48:11.228582+00:00,https://consensus.hankyung.com/analysis/downpdf?report_idx=644556
3275,1,두산에너빌리티(034020) 3Q25 Review: 시작된 증설,문경원,메리츠증권,2025-11-06,2026-05-04 22:48:11.228582+00:00,https://consensus.hankyung.com/analysis/downpdf?report_idx=644555
3276,1,SK바이오팜(326030) 3Q25 Review: 레버리지 효과 지속 중,문경원,메리츠증권,2025-11-06,2026-05-04 22:48:11.228582+00:00,https://consensus.hankyung.com/analysis/downpdf?report_idx=644554
3277,1,두산퓨얼셀(336260) 3Q25 Review: 실적보다 미국,문경원,메리츠증권,2025-11-06,2026-05-04 22:48:11.228582+00:00,https://consensus.hankyung.com/analysis/downpdf?report_idx=644553
3278,1,덕산하이메탈(077360) 기판 + HDD사이클 반등의 숨겨진 수혜주,양승수,메리츠증권,2025-11-06,2026-05-04 22:48:11.228582+00:00,https://consensus.hankyung.com/analysis/downpdf?report_idx=644545
3279,1,한화솔루션(009830) 2026년 글로벌 태양광 시장 흐림!,"황규원,서석준",유안타증권,2025-11-06,2026-05-04 22:48:11.228582+00:00,https://consensus.hankyung.com/analysis/downpdf?report_idx=644542
3280,1,인크로스(216050) 실적성장 이상무,"권명준,서석준",유안타증권,2025-11-06,2026-05-04 22:48:11.228582+00:00,https://consensus.hankyung.com/analysis/downpdf?report_idx=644541
3281,1,현대이지웰(090850) 긍정적인 면에 주목!,"권명준,서석준",유안타증권,2025-11-06,2026-05-04 22:48:11.228582+00:00,https://consensus.hankyung.com/analysis/downpdf?report_idx=644540
3282,1,NAVER(035420) AI를 통한 성장성 제고,이창영,유안타증권,2025-11-06,2026-05-04 22:48:11.228582+00:00,https://consensus.hankyung.com/analysis/downpdf?report_idx=644539
3283,1,LG유플러스(032640) 일회성을 걷어내면 보이는 옥석,이승웅,유안타증권,2025-11-06,2026-05-04 22:48:11.228582+00:00,https://consensus.hankyung.com/analysis/downpdf?report_idx=644538
3284,1,산일전기(062040) 쇼크처럼 보이지만 서프입니다,"손현정,김고은",유안타증권,2025-11-06,2026-05-04 22:48:11.228582+00:00,https://consensus.hankyung.com/analysis/downpdf?report_idx=644537
3285,1,"한국항공우주(047810) 3Q25 Review: 예정된 부진, 예고된 성장",백종민,유안타증권,2025-11-06,2026-05-04 22:48:11.228582+00:00,https://consensus.hankyung.com/analysis/downpdf?report_idx=644536
3286,1,SKC(011790) 2026년 동박 vs 글라스기판 혼조 국면...,"황규원,서석준",유안타증권,2025-11-06,2026-05-04 22:48:11.228582+00:00,https://consensus.hankyung.com/analysis/downpdf?report_idx=644535
3287,1,현대백화점(069960) 3Q25 Review : 발목 잡으려는 지누스를 뿌리치는 백화점,"이진협,김나우",한화투자증권,2025-11-06,2026-05-04 22:48:11.228582+00:00,https://consensus.hankyung.com/analysis/downpdf?report_idx=644532
3288,1,카카오뱅크(323410) 평가손익 부진의 영향,김도하,한화투자증권,2025-11-06,2026-05-04 22:48:11.228582+00:00,https://consensus.hankyung.com/analysis/downpdf?report_idx=644530
3289,1,에스엠(041510) 또다시 변화가 필요한 시점,박수영,한화투자증권,2025-11-06,2026-05-04 22:48:11.228582+00:00,https://consensus.hankyung.com/analysis/downpdf?report_idx=644528
3290,1,에스엠(041510) 또다시 변화가 필요한 시점,박수영,한화투자증권,2025-11-06,2026-05-04 22:48:11.228582+00:00,https://consensus.hankyung.com/analysis/downpdf?report_idx=644527
3291,1,한화솔루션(009830) 또다시 실망스러운 가이던스,이용욱,한화투자증권,2025-11-06,2026-05-04 22:48:11.228582+00:00,https://consensus.hankyung.com/analysis/downpdf?report_idx=644526
3292,1,"켄코아에어로스페이스(274090) 숨고르기에 들어간 PTF, 성장세를 이어가는 미국","이원재,이희경",한국IR협의회,2025-11-06,2026-05-04 22:48:11.228582+00:00,https://consensus.hankyung.com/analysis/downpdf?report_idx=644525
3293,1,카카오게임즈(293490) 또 다시 기다림,남효지,SK증권,2025-11-06,2026-05-04 22:48:11.228582+00:00,https://consensus.hankyung.com/analysis/downpdf?report_idx=644523
3294,1,SK바이오팜(326030) 3Q25 Review: 영업이익 컨센 51% 상회,이선경,SK증권,2025-11-06,2026-05-04 22:48:11.228582+00:00,https://consensus.hankyung.com/analysis/downpdf?report_idx=644522
3295,1,NAVER(035420) 네이버에 AI가 스며들면 생기는 일,남효지,SK증권,2025-11-06,2026-05-04 22:48:11.228582+00:00,https://consensus.hankyung.com/analysis/downpdf?report_idx=644521
3296,1,롯데렌탈(089860) 성장 궤도 진입,이병근,LS증권,2025-11-06,2026-05-04 22:48:11.228582+00:00,https://consensus.hankyung.com/analysis/downpdf?report_idx=644519
3297,1,카카오뱅크(323410) 성장성과 수익성 모멘텀 약세 구간,전배승,LS증권,2025-11-06,2026-05-04 22:48:11.228582+00:00,https://consensus.hankyung.com/analysis/downpdf?report_idx=644518
3298,1,DB하이텍(000990) 3Q25 Preview: P의 상승을 기다리며,차용호,LS증권,2025-11-06,2026-05-04 22:48:11.228582+00:00,https://consensus.hankyung.com/analysis/downpdf?report_idx=644517
3299,1,현대백화점(069960) 3Q25 Review: 빛나는 백화점 실적,오린아,LS증권,2025-11-06,2026-05-04 22:48:11.228582+00:00,https://consensus.hankyung.com/analysis/downpdf?report_idx=644516
3300,1,산일전기(062040) 3Q25 Shock? No! Surprise!!,성종화,LS증권,2025-11-06,2026-05-04 22:48:11.228582+00:00,https://consensus.hankyung.com/analysis/downpdf?report_idx=644515
3301,1,유한양행(000100) 3Q25 Review: 레이저티닙 성장 본격화 기대,신지훈,LS증권,2025-11-06,2026-05-04 22:48:11.228582+00:00,https://consensus.hankyung.com/analysis/downpdf?report_idx=644514
3302,1,에스엠(041510) 콘서트 매출이 성장 견인,박성호,LS증권,2025-11-06,2026-05-04 22:48:11.228582+00:00,https://consensus.hankyung.com/analysis/downpdf?report_idx=644513
3303,1,뷰웍스(100120) 3Q25 Review: 회복은 천천히,정홍식,LS증권,2025-11-06,2026-05-04 22:48:11.228582+00:00,https://consensus.hankyung.com/analysis/downpdf?report_idx=644512
3304,1,뷰웍스(100120) 3Q25 Review: 회복은 천천히,정홍식,LS증권,2025-11-06,2026-05-04 22:48:11.228582+00:00,https://consensus.hankyung.com/analysis/downpdf?report_idx=644511
3305,1,현대건설(000720) [NDR 후기] 중장기 성장 포텐셜에 주목,김세련,LS증권,2025-11-06,2026-05-04 22:48:11.228582+00:00,https://consensus.hankyung.com/analysis/downpdf?report_idx=644510
3306,1,"유한양행(000100) 숨고른 실적, 달려나가는 R&D",정재원,iM증권,2025-11-06,2026-05-04 22:48:11.228582+00:00,https://consensus.hankyung.com/analysis/downpdf?report_idx=644509
3307,1,에스엠(041510) 실적은 좋은데,황지원,iM증권,2025-11-06,2026-05-04 22:48:11.228582+00:00,https://consensus.hankyung.com/analysis/downpdf?report_idx=644508
3308,1,비에이치(090460) 폴더블 아이폰으로의 시선 변화 기대,고의영,iM증권,2025-11-06,2026-05-04 22:48:11.228582+00:00,https://consensus.hankyung.com/analysis/downpdf?report_idx=644507
3309,1,한화솔루션(009830) 25년에 이어 26년도 눈높이 하향 조정 필요,"전유진,장호",iM증권,2025-11-06,2026-05-04 22:48:11.228582+00:00,https://consensus.hankyung.com/analysis/downpdf?report_idx=644506
3310,1,디어유(376300) 속도의 문제,박수영,한화투자증권,2025-11-05,2026-05-04 22:48:11.228582+00:00,https://consensus.hankyung.com/analysis/downpdf?report_idx=644504
3311,1,강원랜드(035250) 3Q25 Review: 영업이익 컨센서스 하회,박수영,한화투자증권,2025-11-05,2026-05-04 22:48:11.228582+00:00,https://consensus.hankyung.com/analysis/downpdf?report_idx=644503
3312,1,호텔신라(008770) 3Q25 Review,김정욱,메리츠증권,2025-11-05,2026-05-04 22:48:11.228582+00:00,https://consensus.hankyung.com/analysis/downpdf?report_idx=644502
3313,1,크래프톤(259960) 예상대로 좋았던 PC. 아쉬운 모바일,이효진,메리츠증권,2025-11-05,2026-05-04 22:48:11.228582+00:00,https://consensus.hankyung.com/analysis/downpdf?report_idx=644501
3314,1,셀트리온(068270) 오픈 이노베이션을 통한 신약 개발 의지 확인,김준영,메리츠증권,2025-11-05,2026-05-04 22:48:11.228582+00:00,https://consensus.hankyung.com/analysis/downpdf?report_idx=644497
3315,1,크래프톤(259960) 신작 출시 전까진 PUBG 트래픽/매출이 관건,남효지,SK증권,2025-11-05,2026-05-04 22:48:11.228582+00:00,https://consensus.hankyung.com/analysis/downpdf?report_idx=644493
3316,1,한화에어로스페이스(012450) 3Q25 Review: 유도탄이 쏘아올린 서프라이즈,최정환,LS증권,2025-11-05,2026-05-04 22:48:11.228582+00:00,https://consensus.hankyung.com/analysis/downpdf?report_idx=644491
3317,1,롯데웰푸드(280360) 판매량 반등에 따른 실적 개선,박성호,LS증권,2025-11-05,2026-05-04 22:48:11.228582+00:00,https://consensus.hankyung.com/analysis/downpdf?report_idx=644490
3318,1,에코프로비엠(247540) 3분기 영업이익 쪼개 보기,정경희,LS증권,2025-11-05,2026-05-04 22:48:11.228582+00:00,https://consensus.hankyung.com/analysis/downpdf?report_idx=644489
3319,1,LX하우시스(108670) 원재료 가격 안정화 효과 확인,김세련,LS증권,2025-11-05,2026-05-04 22:48:11.228582+00:00,https://consensus.hankyung.com/analysis/downpdf?report_idx=644488
3320,1,"휴젤(145020) 분기 실적 아쉽지만, 주가는 이미 바닥",조은애,LS증권,2025-11-05,2026-05-04 22:48:11.228582+00:00,https://consensus.hankyung.com/analysis/downpdf?report_idx=644487
3321,1,셀트리온(068270) 3Q25 Review: 수익성 개선 흐름 지속,신지훈,LS증권,2025-11-05,2026-05-04 22:48:11.228582+00:00,https://consensus.hankyung.com/analysis/downpdf?report_idx=644486
3322,1,"GS건설(006360) 플랜트, 신사업이 이끈 호실적",김세련,LS증권,2025-11-05,2026-05-04 22:48:11.228582+00:00,https://consensus.hankyung.com/analysis/downpdf?report_idx=644485
3323,1,세아베스틸지주(001430) 반덤핑 관세 효과를 기대한다,"김윤상,공도연",iM증권,2025-11-05,2026-05-04 22:48:11.228582+00:00,https://consensus.hankyung.com/analysis/downpdf?report_idx=644483
3324,1,대덕전자(353200) AI 메모리 수혜 가시화,고의영,iM증권,2025-11-05,2026-05-04 22:48:11.228582+00:00,https://consensus.hankyung.com/analysis/downpdf?report_idx=644482
3325,1,"GS건설(006360) 수익성은 안정 추세, 외형 반등 위한 수주 필요",배세호,iM증권,2025-11-05,2026-05-04 22:48:11.228582+00:00,https://consensus.hankyung.com/analysis/downpdf?report_idx=644481
3326,1,디어유(376300) 속도보다 방향,황지원,iM증권,2025-11-05,2026-05-04 22:48:11.228582+00:00,https://consensus.hankyung.com/analysis/downpdf?report_idx=644480
3327,1,GS건설(006360) 3Q25 Review: 새로워진 마진을 눈으로 확인,문경원,메리츠증권,2025-11-04,2026-05-04 22:48:11.228582+00:00,https://consensus.hankyung.com/analysis/downpdf?report_idx=644478
3328,1,현대로템(064350) 전 세계로 뻗어나가는 K2,이태환,대신증권,2025-11-04,2026-05-04 22:48:11.228582+00:00,https://consensus.hankyung.com/analysis/downpdf?report_idx=644472
3329,1,"SK바이오사이언스(302440) 수익성 회복세 지속, PCV21가 임상 순항중",이희영,대신증권,2025-11-04,2026-05-04 22:48:11.228582+00:00,https://consensus.hankyung.com/analysis/downpdf?report_idx=644471
3330,1,팬오션(028670) (028670) 운영선대 축소로 실적 예상 하회,양지환,대신증권,2025-11-04,2026-05-04 22:48:11.228582+00:00,https://consensus.hankyung.com/analysis/downpdf?report_idx=644470
3331,1,HD현대(267250) 분기 사상 최대 실적 시현,양지환,대신증권,2025-11-04,2026-05-04 22:48:11.228582+00:00,https://consensus.hankyung.com/analysis/downpdf?report_idx=644469
3332,1,현대차(005380) 미국 전기차 시장 급랭과 기아의 판매 선방,윤혁진,SK증권,2025-11-04,2026-05-04 22:48:11.228582+00:00,https://consensus.hankyung.com/analysis/downpdf?report_idx=644467
3333,1,HD현대중공업(329180) MASGA는 아직 시작도 안 했다,한승한,SK증권,2025-11-04,2026-05-04 22:48:11.228582+00:00,https://consensus.hankyung.com/analysis/downpdf?report_idx=644466
3334,1,이녹스첨단소재(272290) 기다림의 시간,권민규,SK증권,2025-11-04,2026-05-04 22:48:11.228582+00:00,https://consensus.hankyung.com/analysis/downpdf?report_idx=644463
3335,1,HD현대마린엔진(071970) 부품도 본격적인 성장 궤도에 진입,한승한,SK증권,2025-11-04,2026-05-04 22:48:11.228582+00:00,https://consensus.hankyung.com/analysis/downpdf?report_idx=644461
3336,1,"HD현대미포(010620) 미포야, 그동안 정말 수고 많았어",한승한,SK증권,2025-11-04,2026-05-04 22:48:11.228582+00:00,https://consensus.hankyung.com/analysis/downpdf?report_idx=644460
3337,1,"S-Oil(010950) 등/경유 크랙 급등, 정제마진 회복세 본격화",이동욱,IBK투자증권,2025-11-04,2026-05-04 22:48:11.228582+00:00,https://consensus.hankyung.com/analysis/downpdf?report_idx=644459
3338,1,"SK가스(018670) 발전사업부문 영업이익률, 30% 상회",이동욱,IBK투자증권,2025-11-04,2026-05-04 22:48:11.228582+00:00,https://consensus.hankyung.com/analysis/downpdf?report_idx=644458
3339,1,GS피앤엘(499790) 3분기 웨스틴 영향을 감안해서 보자,남성현,IBK투자증권,2025-11-04,2026-05-04 22:48:11.228582+00:00,https://consensus.hankyung.com/analysis/downpdf?report_idx=644452
3340,1,SK가스(018670) LNG 밸류체인에서 종횡적 확장이 가장 기대되는 업체,"전유진,장호",iM증권,2025-11-04,2026-05-04 22:48:11.228582+00:00,https://consensus.hankyung.com/analysis/downpdf?report_idx=644450
3341,1,현대로템(064350) 3Q25: 폴란드는 주춧돌일 뿐,변용진,iM증권,2025-11-04,2026-05-04 22:48:11.228582+00:00,https://consensus.hankyung.com/analysis/downpdf?report_idx=644449
3342,1,"한화에어로스페이스(012450) 3Q25: 서프라이즈는 계속, 편히 가져가자",변용진,iM증권,2025-11-04,2026-05-04 22:48:11.228582+00:00,https://consensus.hankyung.com/analysis/downpdf?report_idx=644448
3343,1,S-Oil(010950) 정제마진 강세 vs 유가 약세 사이의 고민,"전유진,장호",iM증권,2025-11-04,2026-05-04 22:48:11.228582+00:00,https://consensus.hankyung.com/analysis/downpdf?report_idx=644447
3344,1,"HD현대(267250) 3분기 정유까지 흑자전환, 사상최대 실적",정경희,LS증권,2025-11-04,2026-05-04 22:48:11.228582+00:00,https://consensus.hankyung.com/analysis/downpdf?report_idx=644446
3345,1,대교(019680) 3Q25 Review: 그래도 눈높이는 선방,정홍식,LS증권,2025-11-04,2026-05-04 22:48:11.228582+00:00,https://consensus.hankyung.com/analysis/downpdf?report_idx=644445
3346,1,현대로템(064350) 3Q25 Review: 폴란드 1차에 곁들여진 2차 매출,최정환,LS증권,2025-11-04,2026-05-04 22:48:11.228582+00:00,https://consensus.hankyung.com/analysis/downpdf?report_idx=644443
3347,1,팬오션(028670) 3Q25 Review: 효자가 되어가는 LNG,이재혁,LS증권,2025-11-04,2026-05-04 22:48:11.228582+00:00,https://consensus.hankyung.com/analysis/downpdf?report_idx=644442
3348,1,한솔제지(213500) 3Q25P Review: 4분기 단가 인상 기대,박종선,유진투자증권,2025-11-04,2026-05-04 22:48:11.228582+00:00,https://consensus.hankyung.com/analysis/downpdf?report_idx=644440
3349,1,"한화에어로스페이스(012450) 높아진 기저에도, 선방한 실적",양승윤,유진투자증권,2025-11-04,2026-05-04 22:48:11.228582+00:00,https://consensus.hankyung.com/analysis/downpdf?report_idx=644439
3350,1,S-Oil(010950) 호황을 반영하지 못하고 있는 주가,황성현,유진투자증권,2025-11-04,2026-05-04 22:48:11.228582+00:00,https://consensus.hankyung.com/analysis/downpdf?report_idx=644438
3351,1,녹십자(006280) 3Q25P Review: 중장기 관점에서 투자 권유,권해순,유진투자증권,2025-11-04,2026-05-04 22:48:11.228582+00:00,https://consensus.hankyung.com/analysis/downpdf?report_idx=644437
3352,1,현대로템(064350) 더해지는 자신감,양승윤,유진투자증권,2025-11-04,2026-05-04 22:48:11.228582+00:00,https://consensus.hankyung.com/analysis/downpdf?report_idx=644435
3353,1,현대건설(000720) 내려간 실적 기대감만큼 올라간 원전 기대감,배세호,iM증권,2025-11-03,2026-05-04 22:48:11.228582+00:00,https://consensus.hankyung.com/analysis/downpdf?report_idx=644433
3354,1,한화시스템(272210) 3Q25: 필리 조선소와 단독수출의 밝은 미래,변용진,iM증권,2025-11-03,2026-05-04 22:48:11.228582+00:00,https://consensus.hankyung.com/analysis/downpdf?report_idx=644430
3355,1,풍산(103140) 더 강한 모멘텀이 필요하다,"김윤상,공도연",iM증권,2025-11-03,2026-05-04 22:48:11.228582+00:00,https://consensus.hankyung.com/analysis/downpdf?report_idx=644429
3356,1,LG전자(066570) 가장 큰 고비를 넘긴 듯,고의영,iM증권,2025-11-03,2026-05-04 22:48:11.228582+00:00,https://consensus.hankyung.com/analysis/downpdf?report_idx=644428
3357,1,SK이노베이션(096770) 미국 ESS 진출은 고무적. 그러나 아쉬운 규모,"전유진,장호",iM증권,2025-11-03,2026-05-04 22:48:11.228582+00:00,https://consensus.hankyung.com/analysis/downpdf?report_idx=644426
3358,1,제이브이엠(054950) 내년부터 북미 主流市場 진출 본격화 될 듯,"이상헌,장호",iM증권,2025-11-03,2026-05-04 22:48:11.228582+00:00,https://consensus.hankyung.com/analysis/downpdf?report_idx=644425
3359,1,"삼성물산(028260) 원전, 바이오, 지배구조로 밸류 성장성 가속화","이상헌,장호",iM증권,2025-11-03,2026-05-04 22:48:11.228582+00:00,https://consensus.hankyung.com/analysis/downpdf?report_idx=644424
3360,1,삼성에스디에스(018260) AI 데이터센터 활용 가능성 UP⇒ 성장성 UP,"이상헌,장호",iM증권,2025-11-03,2026-05-04 22:48:11.228582+00:00,https://consensus.hankyung.com/analysis/downpdf?report_idx=644423
3361,1,LG화학(051910) 26년 실적 개선과 LGES 지분 추가 활용에 주목,"전유진,장호",iM증권,2025-11-03,2026-05-04 22:48:11.228582+00:00,https://consensus.hankyung.com/analysis/downpdf?report_idx=644422
3362,1,기아(000270) [3Q25 Review] 관세 15%와 신차 확대로 ’26년 실적 우상향,김성래,한화투자증권,2025-11-03,2026-05-04 22:48:11.228582+00:00,https://consensus.hankyung.com/analysis/downpdf?report_idx=644419
3363,1,SK이노베이션(096770) 배터리 부진을 상쇄한 정유,이용욱,한화투자증권,2025-11-03,2026-05-04 22:48:11.228582+00:00,https://consensus.hankyung.com/analysis/downpdf?report_idx=644416
3364,1,LG화학(051910) 어려운 영업환경에도 LGES 지분 활용 기대감,이용욱,한화투자증권,2025-11-03,2026-05-04 22:48:11.228582+00:00,https://consensus.hankyung.com/analysis/downpdf?report_idx=644415
3365,1,iM금융지주(139130) 마진 전망치 조정으로 이익 추정 상향,김도하,한화투자증권,2025-11-03,2026-05-04 22:48:11.228582+00:00,https://consensus.hankyung.com/analysis/downpdf?report_idx=644414
3366,1,"BNK금융지주(138930) 연간 경상 이익이 8,000억원 근접할 전망",김도하,한화투자증권,2025-11-03,2026-05-04 22:48:11.228582+00:00,https://consensus.hankyung.com/analysis/downpdf?report_idx=644413
3367,1,"LS(006260) 실적 저점 통과, 배당수익률 5.4%",이병근,LS증권,2025-11-03,2026-05-04 22:48:11.228582+00:00,https://consensus.hankyung.com/analysis/downpdf?report_idx=644411
3368,1,"한화시스템(272210) 3Q25 Review: 견고한 본업, 필리조선소 적자 지속",최정환,LS증권,2025-11-03,2026-05-04 22:48:11.228582+00:00,https://consensus.hankyung.com/analysis/downpdf?report_idx=644410
3369,1,현대모비스(012330) 안정적인 수익성에 신사업을 더해서,이병근,LS증권,2025-11-03,2026-05-04 22:48:11.228582+00:00,https://consensus.hankyung.com/analysis/downpdf?report_idx=644409
3370,1,환인제약(016580) 3Q25 Review: 아직은 부진한 흐름,정홍식,LS증권,2025-11-03,2026-05-04 22:48:11.228582+00:00,https://consensus.hankyung.com/analysis/downpdf?report_idx=644408
3371,1,효성중공업(298040) 2개 분기 연속 Super Surprise !!,성종화,LS증권,2025-11-03,2026-05-04 22:48:11.228582+00:00,https://consensus.hankyung.com/analysis/downpdf?report_idx=644407
3372,1,현대건설(000720) 실적의 그늘을 비추는 원전의 빛,김세련,LS증권,2025-11-03,2026-05-04 22:48:11.228582+00:00,https://consensus.hankyung.com/analysis/downpdf?report_idx=644406
3373,1,에스원(012750) 무난한 이익 달성,김세련,LS증권,2025-11-03,2026-05-04 22:48:11.228582+00:00,https://consensus.hankyung.com/analysis/downpdf?report_idx=644405
3374,1,대우건설(047040) 변동성 확대,김세련,LS증권,2025-11-03,2026-05-04 22:48:11.228582+00:00,https://consensus.hankyung.com/analysis/downpdf?report_idx=644404
3375,1,NH투자증권(005940) 전부문 실적호조로 최대실적 시현,전배승,LS증권,2025-11-03,2026-05-04 22:48:11.228582+00:00,https://consensus.hankyung.com/analysis/downpdf?report_idx=644403
3376,1,기업은행(024110) 건전성 개선 지연,전배승,LS증권,2025-11-03,2026-05-04 22:48:11.228582+00:00,https://consensus.hankyung.com/analysis/downpdf?report_idx=644402
3377,1,BNK금융지주(138930) 향상된 이익창출력 유지,전배승,LS증권,2025-11-03,2026-05-04 22:48:11.228582+00:00,https://consensus.hankyung.com/analysis/downpdf?report_idx=644401
3378,1,일동제약(249420) 임상에서 증명한 글로벌 기술경쟁력,이선경,SK증권,2025-11-03,2026-05-04 22:48:11.228582+00:00,https://consensus.hankyung.com/analysis/downpdf?report_idx=644398
3379,1,현대모비스(012330) 안정적인 수익력을 보여주는 실적,윤혁진,SK증권,2025-11-03,2026-05-04 22:48:11.228582+00:00,https://consensus.hankyung.com/analysis/downpdf?report_idx=644397
3380,1,현대오토에버(307950) 주가만 좋은게 아니라 실적도 좋은 회사,윤혁진,SK증권,2025-11-03,2026-05-04 22:48:11.228582+00:00,https://consensus.hankyung.com/analysis/downpdf?report_idx=644396
3381,1,효성중공업(298040) 중공업 사업부 실적개선 이어진다,나민식,SK증권,2025-11-03,2026-05-04 22:48:11.228582+00:00,https://consensus.hankyung.com/analysis/downpdf?report_idx=644395
3382,1,"한미약품(128940) 아쉬운 실적, 풍부한 모멘텀",정재원,iM증권,2025-10-31,2026-05-04 22:48:11.228582+00:00,https://consensus.hankyung.com/analysis/downpdf?report_idx=644394
3383,1,삼성전자(005930) HBM4 인증 통과 시 경쟁사 대비 큰 폭의 실적 개선 가능,송명섭,iM증권,2025-10-31,2026-05-04 22:48:11.228582+00:00,https://consensus.hankyung.com/analysis/downpdf?report_idx=644393
3384,1,LG이노텍(011070) 아직도 PBR 1.0배 미만,고의영,iM증권,2025-10-31,2026-05-04 22:48:11.228582+00:00,https://consensus.hankyung.com/analysis/downpdf?report_idx=644392
3385,1,현대글로비스(086280) 3Q25 Review: 불확실성 해소 구간,배세호,iM증권,2025-10-31,2026-05-04 22:48:11.228582+00:00,https://consensus.hankyung.com/analysis/downpdf?report_idx=644391
3386,1,현대글로비스(086280) 3Q25 Review: 불확실성 해소 구간,배세호,iM증권,2025-10-31,2026-05-04 22:48:11.228582+00:00,https://consensus.hankyung.com/analysis/downpdf?report_idx=644390
3387,1,"삼성E&A(028050) 수주 안건의 지역, 공종 확대, 목표주가 상향",배세호,iM증권,2025-10-31,2026-05-04 22:48:11.228582+00:00,https://consensus.hankyung.com/analysis/downpdf?report_idx=644389
3388,1,LG디스플레이(034220) 2026년 OLED 중심의 실적 개선 지속 전망,정원석,iM증권,2025-10-31,2026-05-04 22:48:11.228582+00:00,https://consensus.hankyung.com/analysis/downpdf?report_idx=644388
3389,1,LG에너지솔루션(373220) EV 배터리 수요 둔화 Vs. ESS 수요 급증,정원석,iM증권,2025-10-31,2026-05-04 22:48:11.228582+00:00,https://consensus.hankyung.com/analysis/downpdf?report_idx=644387
3390,1,HS효성첨단소재(298050) 일회성 비용으로 기대치 큰 폭 하회한 아쉬움,"전유진,장호",iM증권,2025-10-31,2026-05-04 22:48:11.228582+00:00,https://consensus.hankyung.com/analysis/downpdf?report_idx=644386
3391,1,현대제철(004020) 낮아진 중국發 기대감,"김윤상,공도연",iM증권,2025-10-31,2026-05-04 22:48:11.228582+00:00,https://consensus.hankyung.com/analysis/downpdf?report_idx=644385
3392,1,HL만도(204320) 3Q25 Review: 관세 영향에도 선방 한 실적,이재일,유진투자증권,2025-10-31,2026-05-04 22:48:11.228582+00:00,https://consensus.hankyung.com/analysis/downpdf?report_idx=644382
3393,1,현대차(005380) [3Q25 Review] 관세 15% 타결과 신차 사이클 도래,김성래,한화투자증권,2025-10-31,2026-05-04 22:48:11.228582+00:00,https://consensus.hankyung.com/analysis/downpdf?report_idx=644380
3394,1,"현대제철(004020) 흑자전환 확인, 다음 관전 포인트는?",권지우,한화투자증권,2025-10-31,2026-05-04 22:48:11.228582+00:00,https://consensus.hankyung.com/analysis/downpdf?report_idx=644379
3395,1,"현대글로비스(086280) [3Q25 Review] 이익 개선 지속, 입항 수수료 부과 우려 부각",김성래,한화투자증권,2025-10-31,2026-05-04 22:48:11.228582+00:00,https://consensus.hankyung.com/analysis/downpdf?report_idx=644378
3396,1,LG에너지솔루션(373220) 2년만에 수주잔고 반등,이용욱,한화투자증권,2025-10-31,2026-05-04 22:48:11.228582+00:00,https://consensus.hankyung.com/analysis/downpdf?report_idx=644374
3397,1,KB금융(105560) 2026년 주주환원 3.1조원 예상,김도하,한화투자증권,2025-10-31,2026-05-04 22:48:11.228582+00:00,https://consensus.hankyung.com/analysis/downpdf?report_idx=644373
3398,1,HL만도(204320) [3Q25 Review] 수익성 개선 흐름 긍정적,김성래,한화투자증권,2025-10-31,2026-05-04 22:48:11.228582+00:00,https://consensus.hankyung.com/analysis/downpdf?report_idx=644372
3399,1,SK(034730) 리밸런싱 및 자사주 소각 효과 극대화,최관순,SK증권,2025-10-31,2026-05-04 22:48:11.228582+00:00,https://consensus.hankyung.com/analysis/downpdf?report_idx=644370
3400,1,SK스퀘어(402340) 주주친화정책이 견인하는 할인율 축소 구간,최관순,SK증권,2025-10-31,2026-05-04 22:48:11.228582+00:00,https://consensus.hankyung.com/analysis/downpdf?report_idx=644369
3401,1,한화(000880) 충분한 주가상승 여력,최관순,SK증권,2025-10-31,2026-05-04 22:48:11.228582+00:00,https://consensus.hankyung.com/analysis/downpdf?report_idx=644368
3402,1,CJ(001040) 적수가 없는 올리브영,최관순,SK증권,2025-10-31,2026-05-04 22:48:11.228582+00:00,https://consensus.hankyung.com/analysis/downpdf?report_idx=644367
3403,1,LS(006260) 우호적 업황과 보유 자사주 가치,최관순,SK증권,2025-10-31,2026-05-04 22:48:11.228582+00:00,https://consensus.hankyung.com/analysis/downpdf?report_idx=644366
3404,1,LG(003550) 주가 키맞추기,최관순,SK증권,2025-10-31,2026-05-04 22:48:11.228582+00:00,https://consensus.hankyung.com/analysis/downpdf?report_idx=644365
3405,1,삼성물산(028260) 저평가된 자산가치와 자체사업 턴어라운드,최관순,SK증권,2025-10-31,2026-05-04 22:48:11.228582+00:00,https://consensus.hankyung.com/analysis/downpdf?report_idx=644364
3406,1,현대지에프홀딩스(005440) 주주친화정책에 대한 재평가 필요,최관순,SK증권,2025-10-31,2026-05-04 22:48:11.228582+00:00,https://consensus.hankyung.com/analysis/downpdf?report_idx=644363
3407,1,롯데지주(004990) 자사주 통한 재무구조 개선 가능성,최관순,SK증권,2025-10-31,2026-05-04 22:48:11.228582+00:00,https://consensus.hankyung.com/analysis/downpdf?report_idx=644362
3408,1,HD현대마린솔루션(443060) 핵심사업부문 항해 이상 무,한승한,SK증권,2025-10-31,2026-05-04 22:48:11.228582+00:00,https://consensus.hankyung.com/analysis/downpdf?report_idx=644361
3409,1,현대차(005380) 26년 신차 골드 사이클과 미국 시장 재편에 준비해야 할 때,윤혁진,SK증권,2025-10-31,2026-05-04 22:48:11.228582+00:00,https://consensus.hankyung.com/analysis/downpdf?report_idx=644360
3410,1,SK텔레콤(017670) 반등시점 모색구간,최관순,SK증권,2025-10-31,2026-05-04 22:48:11.228582+00:00,https://consensus.hankyung.com/analysis/downpdf?report_idx=644359
3411,1,LG이노텍(011070) 견조한 실적 흐름. AI 성장동력 필요,박형우,SK증권,2025-10-31,2026-05-04 22:48:11.228582+00:00,https://consensus.hankyung.com/analysis/downpdf?report_idx=644358
3412,1,LG디스플레이(034220) 예전의 그런 기업 아닙니다,권민규,SK증권,2025-10-31,2026-05-04 22:48:11.228582+00:00,https://consensus.hankyung.com/analysis/downpdf?report_idx=644357
3413,1,LG에너지솔루션(373220) ESS로 가려지지 않는 북미 EV 쇼크,박형우,SK증권,2025-10-31,2026-05-04 22:48:11.228582+00:00,https://consensus.hankyung.com/analysis/downpdf?report_idx=644354
3414,1,인텔리안테크(189300) 다음 숙제는 마진율 개선,정지수,메리츠증권,2025-10-30,2026-05-04 22:48:11.228582+00:00,https://consensus.hankyung.com/analysis/downpdf?report_idx=644348
3415,1,루미르(474170) 다가올 국가위성사업을 기다리며,정지수,메리츠증권,2025-10-30,2026-05-04 22:48:11.228582+00:00,https://consensus.hankyung.com/analysis/downpdf?report_idx=644345
3416,1,한온시스템(018880) [3Q25 Review] 단기 수익성 개선에 대한 지속성 증명 여부 중요,김성래,한화투자증권,2025-10-30,2026-05-04 22:48:11.228582+00:00,https://consensus.hankyung.com/analysis/downpdf?report_idx=644342
3417,1,우리금융지주(316140) 세후 5%의 기대 배당수익률,김도하,한화투자증권,2025-10-30,2026-05-04 22:48:11.228582+00:00,https://consensus.hankyung.com/analysis/downpdf?report_idx=644340
3418,1,엘앤에프(066970) 리레이팅 구간 진입,이용욱,한화투자증권,2025-10-30,2026-05-04 22:48:11.228582+00:00,https://consensus.hankyung.com/analysis/downpdf?report_idx=644339
3419,1,"코윈테크(282880) ESS, 저희가 자동으로 만들어 드립니다",나승두,SK증권,2025-10-30,2026-05-04 22:48:11.228582+00:00,https://consensus.hankyung.com/analysis/downpdf?report_idx=644337
3420,1,테스(095610) 짙어진 DRAM 색채,이동주,SK증권,2025-10-30,2026-05-04 22:48:11.228582+00:00,https://consensus.hankyung.com/analysis/downpdf?report_idx=644336
3421,1,"삼성전기(009150) 국내 1위 MLCC, 기판 기업. AI 핵심 부품주",박형우,SK증권,2025-10-30,2026-05-04 22:48:11.228582+00:00,https://consensus.hankyung.com/analysis/downpdf?report_idx=644334
3422,1,HK이노엔(195940) 3Q25 Review: 백신매출 인식 지연으로 기대치 하회,신지훈,LS증권,2025-10-30,2026-05-04 22:48:11.228582+00:00,https://consensus.hankyung.com/analysis/downpdf?report_idx=644332
3423,1,에스티팜(237690) 3Q25 Review: 컨센서스 상회,신지훈,LS증권,2025-10-30,2026-05-04 22:48:11.228582+00:00,https://consensus.hankyung.com/analysis/downpdf?report_idx=644331
3424,1,LS에코에너지(229640) 신사업 일정 진행상황 주시. 진척상황 따라 가치 상향 가능,성종화,LS증권,2025-10-30,2026-05-04 22:48:11.228582+00:00,https://consensus.hankyung.com/analysis/downpdf?report_idx=644330
3425,1,SK하이닉스(000660) 강력한 자신감 표출,송명섭,iM증권,2025-10-30,2026-05-04 22:48:11.228582+00:00,https://consensus.hankyung.com/analysis/downpdf?report_idx=644329
3426,1,"삼성전기(009150) MLCC 업황 지속성: 풀가동, 절제된 자본지출, 제한된 신규 진입",고의영,iM증권,2025-10-30,2026-05-04 22:48:11.228582+00:00,https://consensus.hankyung.com/analysis/downpdf?report_idx=644328
3427,1,파미셀(005690) ‘GB300’ 게임 체인저로 부상,양승수,메리츠증권,2025-10-29,2026-05-04 22:48:11.228582+00:00,https://consensus.hankyung.com/analysis/downpdf?report_idx=644326
3428,1,"주성엔지니어링(036930) 아쉬움을 털고, 시선은 올해 너머로",김동관,메리츠증권,2025-10-29,2026-05-04 22:48:11.228582+00:00,https://consensus.hankyung.com/analysis/downpdf?report_idx=644325
3429,1,에이치브이엠(295310) 성장을 위한 불가피한 과정,정지수,메리츠증권,2025-10-29,2026-05-04 22:48:11.228582+00:00,https://consensus.hankyung.com/analysis/downpdf?report_idx=644321
3430,1,두산(000150) 상단 확장 국면 진입,양승수,메리츠증권,2025-10-29,2026-05-04 22:48:11.228582+00:00,https://consensus.hankyung.com/analysis/downpdf?report_idx=644319
3431,1,"POSCO홀딩스(005490) E&C 불확실성 해소 국면, 2026년 철강 업황 개선에 주목",장재혁,메리츠증권,2025-10-29,2026-05-04 22:48:11.228582+00:00,https://consensus.hankyung.com/analysis/downpdf?report_idx=644317
3432,1,신한지주(055550) 내용이 좋은 실적,김도하,한화투자증권,2025-10-29,2026-05-04 22:48:11.228582+00:00,https://consensus.hankyung.com/analysis/downpdf?report_idx=644316
3433,1,삼성물산(028260) 어느 것 하나 놓칠 수 없지,송유림,한화투자증권,2025-10-29,2026-05-04 22:48:11.228582+00:00,https://consensus.hankyung.com/analysis/downpdf?report_idx=644315
3434,1,삼성SDI(006400) ESS 기대감이 반영되는 시기,이용욱,한화투자증권,2025-10-29,2026-05-04 22:48:11.228582+00:00,https://consensus.hankyung.com/analysis/downpdf?report_idx=644314
3435,1,JB금융지주(175330) 기대보다 빠른 환원 확대도 가능할 것,김도하,한화투자증권,2025-10-29,2026-05-04 22:48:11.228582+00:00,https://consensus.hankyung.com/analysis/downpdf?report_idx=644312
3436,1,두산퓨얼셀(336260) SOFC 양산이기대된다,나민식,SK증권,2025-10-29,2026-05-04 22:48:11.228582+00:00,https://consensus.hankyung.com/analysis/downpdf?report_idx=644310
3437,1,비에이치아이(083650) 가스터빈수요가늘어나면주목받을기업,나민식,SK증권,2025-10-29,2026-05-04 22:48:11.228582+00:00,https://consensus.hankyung.com/analysis/downpdf?report_idx=644309
3438,1,"SNT에너지(100840) 천연가스의귀환, 에어쿨러와HRSG로답하다",나민식,SK증권,2025-10-29,2026-05-04 22:48:11.228582+00:00,https://consensus.hankyung.com/analysis/downpdf?report_idx=644308
3439,1,"비나텍(126340) AI 인프라전력안정화핵심, 슈퍼커패시터리더",나민식,SK증권,2025-10-29,2026-05-04 22:48:11.228582+00:00,https://consensus.hankyung.com/analysis/downpdf?report_idx=644307
3440,1,두산에너빌리티(034020) 원전·가스터빈투트랙성장기대,나민식,SK증권,2025-10-29,2026-05-04 22:48:11.228582+00:00,https://consensus.hankyung.com/analysis/downpdf?report_idx=644306
3441,1,현대건설(000720) 실적불확실성으로낮아진주가와 높아질원전기대감,나민식,SK증권,2025-10-29,2026-05-04 22:48:11.228582+00:00,https://consensus.hankyung.com/analysis/downpdf?report_idx=644305
3442,1,한전기술(052690) 순수원전기업,나민식,SK증권,2025-10-29,2026-05-04 22:48:11.228582+00:00,https://consensus.hankyung.com/analysis/downpdf?report_idx=644304
3443,1,우진(105840) 국내유일의원전계측기공급사,나민식,SK증권,2025-10-29,2026-05-04 22:48:11.228582+00:00,https://consensus.hankyung.com/analysis/downpdf?report_idx=644303
3444,1,대한광통신(010170) 중소형독점방산업체로리레이팅될전망,허선재,SK증권,2025-10-29,2026-05-04 22:48:11.228582+00:00,https://consensus.hankyung.com/analysis/downpdf?report_idx=644302
3445,1,"에이비엘바이오(298380) 차별화된기술력 입증, BBB 셔틀플랫폼주목",이선경,SK증권,2025-10-29,2026-05-04 22:48:11.228582+00:00,https://consensus.hankyung.com/analysis/downpdf?report_idx=644301
3446,1,"에이프릴바이오(397030) 내년상반기, 임상에서의가치를입증할모멘텀에주목",이선경,SK증권,2025-10-29,2026-05-04 22:48:11.228582+00:00,https://consensus.hankyung.com/analysis/downpdf?report_idx=644300
3447,1,"셀비온(308430) 과도한주가하락, 내년상반기국내신속허가신청기대감에주목",이선경,SK증권,2025-10-29,2026-05-04 22:48:11.228582+00:00,https://consensus.hankyung.com/analysis/downpdf?report_idx=644299
3448,1,"하나투어(039130) 부담없는가격, 합리적인선택",나승두,SK증권,2025-10-29,2026-05-04 22:48:11.228582+00:00,https://consensus.hankyung.com/analysis/downpdf?report_idx=644298
3449,1,모두투어(080160) 9월부터송출객반등시작,나승두,SK증권,2025-10-29,2026-05-04 22:48:11.228582+00:00,https://consensus.hankyung.com/analysis/downpdf?report_idx=644297
3450,1,롯데관광개발(032350) 고점은아직멀었습니다,나승두,SK증권,2025-10-29,2026-05-04 22:48:11.228582+00:00,https://consensus.hankyung.com/analysis/downpdf?report_idx=644296
3451,1,서부T&D(006730) 남는자리가없습니다,나승두,SK증권,2025-10-29,2026-05-04 22:48:11.228582+00:00,https://consensus.hankyung.com/analysis/downpdf?report_idx=644295
3452,1,JTC(950170) 일본도관광특수진행중,나승두,SK증권,2025-10-29,2026-05-04 22:48:11.228582+00:00,https://consensus.hankyung.com/analysis/downpdf?report_idx=644294
3453,1,"솔루스첨단소재(336370) 고객사 다변화, 실현 가능성 주목",박형우,SK증권,2025-10-29,2026-05-04 22:48:11.228582+00:00,https://consensus.hankyung.com/analysis/downpdf?report_idx=644293
3454,1,"삼성SDI(006400) 부진한 숫자들 속, 의미 있는 흐름",박형우,SK증권,2025-10-29,2026-05-04 22:48:11.228582+00:00,https://consensus.hankyung.com/analysis/downpdf?report_idx=644292
3455,1,신한지주(055550) 이익의 질적 개선,전배승,LS증권,2025-10-29,2026-05-04 22:48:11.228582+00:00,https://consensus.hankyung.com/analysis/downpdf?report_idx=644289
3456,1,영화테크(265560) 자동차 Junction Box 공급,정홍식,LS증권,2025-10-29,2026-05-04 22:48:11.228582+00:00,https://consensus.hankyung.com/analysis/downpdf?report_idx=644288
3457,1,삼양식품(003230) 우호적인 영업환경 지속,박성호,LS증권,2025-10-29,2026-05-04 22:48:11.228582+00:00,https://consensus.hankyung.com/analysis/downpdf?report_idx=644287
3458,1,HDC현대산업개발(294870) 펀더멘탈 이상 무,김세련,LS증권,2025-10-29,2026-05-04 22:48:11.228582+00:00,https://consensus.hankyung.com/analysis/downpdf?report_idx=644286
3459,1,삼성바이오로직스(207940) 3Q25 Review: 예상을 넘어선 4공장 풀가동 효과,신지훈,LS증권,2025-10-29,2026-05-04 22:48:11.228582+00:00,https://consensus.hankyung.com/analysis/downpdf?report_idx=644285
3460,1,하나금융지주(086790) 핵심이익 개선 긍정적,전배승,LS증권,2025-10-29,2026-05-04 22:48:11.228582+00:00,https://consensus.hankyung.com/analysis/downpdf?report_idx=644284
3461,1,삼성SDI(006400) 단기 실적보다는 중장기 ESS 기회 요인에 주목,정원석,iM증권,2025-10-29,2026-05-04 22:48:11.228582+00:00,https://consensus.hankyung.com/analysis/downpdf?report_idx=644282
3462,1,"HDC현대산업개발(294870) 이익 증가 가시성은 높지만, 업황의 그늘",배세호,iM증권,2025-10-29,2026-05-04 22:48:11.228582+00:00,https://consensus.hankyung.com/analysis/downpdf?report_idx=644281
3463,1,삼성바이오로직스(207940) 호실적을 즐길 시간이 단 하루뿐이라니,정재원,iM증권,2025-10-29,2026-05-04 22:48:11.228582+00:00,https://consensus.hankyung.com/analysis/downpdf?report_idx=644280
3464,1,해성디에스(195870) DDR5에 이어 리드프레임도 업사이클 본격화,양승수,메리츠증권,2025-10-27,2026-05-04 22:48:11.228582+00:00,https://consensus.hankyung.com/analysis/downpdf?report_idx=644274
3465,1,이수페타시스(007660) 구체화되는 TPU 밸류체인의 매력 (ft TPU-as-a-service),양승수,메리츠증권,2025-10-27,2026-05-04 22:48:11.228582+00:00,https://consensus.hankyung.com/analysis/downpdf?report_idx=644267
3466,1,고려아연(010130) 상법 개정에 따른 경영권분쟁 업데이트 및 3Q25 실적 점검,장재혁,메리츠증권,2025-10-27,2026-05-04 22:48:11.228582+00:00,https://consensus.hankyung.com/analysis/downpdf?report_idx=644262
3467,1,포스코퓨처엠(003670) 미중분쟁 반사수혜,박형우,SK증권,2025-10-28,2026-05-04 22:48:11.228582+00:00,https://consensus.hankyung.com/analysis/downpdf?report_idx=644260
3468,1,이리츠코크렙(088260) 내실을 다지는 한 해,김세련,LS증권,2025-10-28,2026-05-04 22:48:11.228582+00:00,https://consensus.hankyung.com/analysis/downpdf?report_idx=644258
3469,1,롯데리츠(330590) 리파이낸싱의 성과,김세련,LS증권,2025-10-28,2026-05-04 22:48:11.228582+00:00,https://consensus.hankyung.com/analysis/downpdf?report_idx=644257
3470,1,신한알파리츠(293940) 제고되는 수익성,김세련,LS증권,2025-10-28,2026-05-04 22:48:11.228582+00:00,https://consensus.hankyung.com/analysis/downpdf?report_idx=644253
3471,1,유니드(014830) 다소 아쉬운 3분기 실적,"전유진,장호",iM증권,2025-10-28,2026-05-04 22:48:11.228582+00:00,https://consensus.hankyung.com/analysis/downpdf?report_idx=644252
3472,1,POSCO홀딩스(005490) 악재가 다 반영된 주가,"김윤상,공도연",iM증권,2025-10-28,2026-05-04 22:48:11.228582+00:00,https://consensus.hankyung.com/analysis/downpdf?report_idx=644251
3473,1,JYP Ent.(035900) 아침은 온다,황지원,iM증권,2025-10-28,2026-05-04 22:48:11.228582+00:00,https://consensus.hankyung.com/analysis/downpdf?report_idx=644250
3474,1,"한화오션(042660) 3Q25: 언제 할지 모르지만, 하면 우리가 한다",변용진,iM증권,2025-10-28,2026-05-04 22:48:11.228582+00:00,https://consensus.hankyung.com/analysis/downpdf?report_idx=644248
3475,1,현대위아(011210) 앞으로 나아가는 중,이병근,LS증권,2025-10-27,2026-05-04 22:48:11.228582+00:00,https://consensus.hankyung.com/analysis/downpdf?report_idx=644242
3476,1,비에이치아이(083650) 수주확대로 실적개선 가속화 및 원전 낙수효과 가시화,"이상헌,장호",iM증권,2025-10-27,2026-05-04 22:48:11.228582+00:00,https://consensus.hankyung.com/analysis/downpdf?report_idx=644240
3477,1,포스코인터내셔널(047050) 미국에서 희토류 및 LNG 공급망 확장성 가속화,"이상헌,장호",iM증권,2025-10-27,2026-05-04 22:48:11.228582+00:00,https://consensus.hankyung.com/analysis/downpdf?report_idx=644239
3478,1,HD현대일렉트릭(267260) 트럼프도 막지 못한 변압기,나민식,SK증권,2025-10-24,2026-05-04 22:48:11.228582+00:00,https://consensus.hankyung.com/analysis/downpdf?report_idx=644235
3479,1,"삼성중공업(010140) 컨센서스 소폭 상회, 4분기는 더 좋다",한승한,SK증권,2025-10-24,2026-05-04 22:48:11.228582+00:00,https://consensus.hankyung.com/analysis/downpdf?report_idx=644233
3480,1,삼성중공업(010140) 3Q25 Review: 송구영신,이재혁,LS증권,2025-10-24,2026-05-04 22:48:11.228582+00:00,https://consensus.hankyung.com/analysis/downpdf?report_idx=644231
3481,1,한미반도체(042700) 3Q25 Preview: TCB 장비 1위 지위 강화 전망,차용호,LS증권,2025-10-24,2026-05-04 22:48:11.228582+00:00,https://consensus.hankyung.com/analysis/downpdf?report_idx=644230
3482,1,신세계(004170) 3Q25 Preview: 면세는 최악 통과 국면,오린아,LS증권,2025-10-24,2026-05-04 22:48:11.228582+00:00,https://consensus.hankyung.com/analysis/downpdf?report_idx=644229
3483,1,HD현대일렉트릭(267260) 북미시장 대호조 지속. 유럽시장 대약진 주목,성종화,LS증권,2025-10-24,2026-05-04 22:48:11.228582+00:00,https://consensus.hankyung.com/analysis/downpdf?report_idx=644227
3484,1,삼성중공업(010140) 3Q25: 항상 기대를 살짝 넘는 편안한 실적,변용진,iM증권,2025-10-24,2026-05-04 22:48:11.228582+00:00,https://consensus.hankyung.com/analysis/downpdf?report_idx=644226
3485,1,"이지바이오(353810) 곡물가도 싸고, 축산가도 높고, 이 안에 3분기 호실적이 있다 이게 내 결론이다",허준서,유진투자증권,2025-10-23,2026-05-04 22:48:11.228582+00:00,https://consensus.hankyung.com/analysis/downpdf?report_idx=644225
3486,1,두산(000150) 3Q25 Preview: 일류(一流),이주형,유진투자증권,2025-10-23,2026-05-04 22:48:11.228582+00:00,https://consensus.hankyung.com/analysis/downpdf?report_idx=644223
3487,1,LS ELECTRIC(010120) 26년이 기대되는 4가지 이유,나민식,SK증권,2025-10-23,2026-05-04 22:48:11.228582+00:00,https://consensus.hankyung.com/analysis/downpdf?report_idx=644217
3488,1,LS ELECTRIC(010120) 배전 호황 강도 강화! 초고압변압기 대규모 증설!,성종화,LS증권,2025-10-23,2026-05-04 22:48:11.228582+00:00,https://consensus.hankyung.com/analysis/downpdf?report_idx=644215
3489,1,SK하이닉스(000660) 3Q25 Preview: Cycle 실적 반영은 4Q25부터,차용호,LS증권,2025-10-23,2026-05-04 22:48:11.228582+00:00,https://consensus.hankyung.com/analysis/downpdf?report_idx=644213
3490,1,한화에어로스페이스(012450) 점점 늘어나는 사거리,이지호,메리츠증권,2025-10-22,2026-05-04 22:48:11.228582+00:00,https://consensus.hankyung.com/analysis/downpdf?report_idx=644211
3491,1,카카오(035720) 하나의 문제 해결. 남은 문제 하나,이효진,메리츠증권,2025-10-22,2026-05-04 22:48:11.228582+00:00,https://consensus.hankyung.com/analysis/downpdf?report_idx=644210
3492,1,선익시스템(171090) 넘쳐나는 먹거리,양승수,메리츠증권,2025-10-22,2026-05-04 22:48:11.228582+00:00,https://consensus.hankyung.com/analysis/downpdf?report_idx=644206
3493,1,현대오토에버(307950) [3Q25 Preview] 고부가 중심 성장과 그룹 미래 사업 수혜,김성래,한화투자증권,2025-10-22,2026-05-04 22:48:11.228582+00:00,https://consensus.hankyung.com/analysis/downpdf?report_idx=644203
3494,1,현대건설(000720) 딱 실적 추정치 만큼 내려온 주가,송유림,한화투자증권,2025-10-21,2026-05-04 22:48:11.228582+00:00,https://consensus.hankyung.com/analysis/downpdf?report_idx=644201
3495,1,한화시스템(272210) 지상방산과 해양방산 모멘텀을 모두 흡수,배성조,한화투자증권,2025-10-21,2026-05-04 22:48:11.228582+00:00,https://consensus.hankyung.com/analysis/downpdf?report_idx=644200
3496,1,삼양식품(003230) 숨 고르기,한유정,한화투자증권,2025-10-21,2026-05-04 22:48:11.228582+00:00,https://consensus.hankyung.com/analysis/downpdf?report_idx=644199
3497,1,HDC현대산업개발(294870) 가장 높고도 가파를 OPM 개선,송유림,한화투자증권,2025-10-21,2026-05-04 22:48:11.228582+00:00,https://consensus.hankyung.com/analysis/downpdf?report_idx=644196
3498,1,한화에어로스페이스(012450) 3Q25 Preview: 다변화되는 제품 포트폴리오,최정환,LS증권,2025-10-22,2026-05-04 22:48:11.228582+00:00,https://consensus.hankyung.com/analysis/downpdf?report_idx=644191
3499,1,대한항공(003490) 3Q25 Review: 터뷸런스,이재혁,LS증권,2025-10-22,2026-05-04 22:48:11.228582+00:00,https://consensus.hankyung.com/analysis/downpdf?report_idx=644190
3500,1,원익IPS(240810) 다시금 주도주의 시간,이동주,SK증권,2025-10-21,2026-05-04 22:48:11.228582+00:00,https://consensus.hankyung.com/analysis/downpdf?report_idx=644188
3501,1,"녹십자(006280) 3Q25 Pre: 도약을 위한 준비, 컨센 하회",이선경,SK증권,2025-10-21,2026-05-04 22:48:11.228582+00:00,https://consensus.hankyung.com/analysis/downpdf?report_idx=644187
3502,1,롯데렌탈(089860) 주식은 쌀 때 사 두는 것,"윤혁진,박준형",SK증권,2025-10-21,2026-05-04 22:48:11.228582+00:00,https://consensus.hankyung.com/analysis/downpdf?report_idx=644186
3503,1,"F&F(383220) 국내 부진, 중국 성장",형권훈,SK증권,2025-10-21,2026-05-04 22:48:11.228582+00:00,https://consensus.hankyung.com/analysis/downpdf?report_idx=644185
3504,1,"휴젤(145020) 주가 하락 아쉽지만, 미국 성장 이상 무",조은애,LS증권,2025-10-21,2026-05-04 22:48:11.228582+00:00,https://consensus.hankyung.com/analysis/downpdf?report_idx=644183
3505,1,한화시스템(272210) 3Q25 Preview: 미래를 위한 투자가 지속되는 구간,최정환,LS증권,2025-10-21,2026-05-04 22:48:11.228582+00:00,https://consensus.hankyung.com/analysis/downpdf?report_idx=644180
3506,1,하이브(352820) 숫자로 증명할 2026년,황지원,iM증권,2025-10-21,2026-05-04 22:48:11.228582+00:00,https://consensus.hankyung.com/analysis/downpdf?report_idx=644179
3507,1,CJ제일제당(097950) 3Q25 Preview,이경신,iM증권,2025-10-21,2026-05-04 22:48:11.228582+00:00,https://consensus.hankyung.com/analysis/downpdf?report_idx=644177
3508,1,CJ프레시웨이(051500) 3Q25 Preview,이경신,iM증권,2025-10-21,2026-05-04 22:48:11.228582+00:00,https://consensus.hankyung.com/analysis/downpdf?report_idx=644176
3509,1,"한전기술(052690) 원전수주, 원자력 협정, 미국시장 수혜 가시화","이상헌,장호",iM증권,2025-10-20,2026-05-04 22:48:11.228582+00:00,https://consensus.hankyung.com/analysis/downpdf?report_idx=644175
3510,1,코윈테크(282880) 물류로봇 성장성 가속화로 밸류에이션 리레이팅,"이상헌,장호",iM증권,2025-10-20,2026-05-04 22:48:11.228582+00:00,https://consensus.hankyung.com/analysis/downpdf?report_idx=644174
3511,1,"한라캐스트(125490) 로봇, 자율주행 등 경량화로 성장성 가속화","이상헌,장호",iM증권,2025-10-20,2026-05-04 22:48:11.228582+00:00,https://consensus.hankyung.com/analysis/downpdf?report_idx=644173
3512,1,엠앤씨솔루션(484870) K-방산공급망의핵심,변용진,iM증권,2025-10-20,2026-05-04 22:48:11.228582+00:00,https://consensus.hankyung.com/analysis/downpdf?report_idx=644172
3513,1,삼양컴텍(484590) 가파른성장세의방탄·방호솔루션기업,변용진,iM증권,2025-10-20,2026-05-04 22:48:11.228582+00:00,https://consensus.hankyung.com/analysis/downpdf?report_idx=644171
3514,1,"현대건설(000720) 혼조의 실적으로 주가 하락, 결국 인정받을 가치",배세호,iM증권,2025-10-20,2026-05-04 22:48:11.228582+00:00,https://consensus.hankyung.com/analysis/downpdf?report_idx=644170
3515,1,한화에어로스페이스(012450) 전차빼고다하는지상무기의산실,변용진,iM증권,2025-10-20,2026-05-04 22:48:11.228582+00:00,https://consensus.hankyung.com/analysis/downpdf?report_idx=644169
3516,1,쎄트렉아이(099320) 3Q25 Preview: 높아진 눈높이는 실적으로 채워나갈 것,최정환,LS증권,2025-10-20,2026-05-04 22:48:11.228582+00:00,https://consensus.hankyung.com/analysis/downpdf?report_idx=644167
3517,1,LG전자(066570) 인도에서도 가전은 역시 LG,이주형,유진투자증권,2025-10-20,2026-05-04 22:48:11.228582+00:00,https://consensus.hankyung.com/analysis/downpdf?report_idx=644163
3518,1,"넷마블(251270) 무난한 실적, 다가올 기회",남효지,SK증권,2025-10-17,2026-05-04 22:48:11.228582+00:00,https://consensus.hankyung.com/analysis/downpdf?report_idx=644149
3519,1,"파마리서치(214450) 우려보다 나쁘지 않은 비수기, 다가오는 성수기",조은애,LS증권,2025-10-17,2026-05-04 22:48:11.228582+00:00,https://consensus.hankyung.com/analysis/downpdf?report_idx=644146
3520,1,SK하이닉스(000660) 적어도 1H26까지는 업황 강세 예상,송명섭,iM증권,2025-10-17,2026-05-04 22:48:11.228582+00:00,https://consensus.hankyung.com/analysis/downpdf?report_idx=644142
3521,1,티움바이오(321550) NDR 후기; 미리 메리골릭스마스,정재원,iM증권,2025-10-17,2026-05-04 22:48:11.228582+00:00,https://consensus.hankyung.com/analysis/downpdf?report_idx=644141
3522,1,엔씨소프트(036570) 1년 중 엔씨에게 가장 중요한 한 달,남효지,SK증권,2025-10-16,2026-05-04 22:48:11.228582+00:00,https://consensus.hankyung.com/analysis/downpdf?report_idx=644135
3523,1,리노공업(058470) 3Q25 Preview: 기대치 이상의 실적 전망,정홍식,LS증권,2025-10-16,2026-05-04 22:48:11.228582+00:00,https://consensus.hankyung.com/analysis/downpdf?report_idx=644133
3524,1,현대글로비스(086280) 입항 수수료 부과 우려 과도,김준성,메리츠증권,2025-10-15,2026-05-04 22:48:11.228582+00:00,https://consensus.hankyung.com/analysis/downpdf?report_idx=644129
3525,1,한미약품(128940) 3Q25 Pre: 서서히 다가오는 임상 모멘텀,김준영,메리츠증권,2025-10-15,2026-05-04 22:48:11.228582+00:00,https://consensus.hankyung.com/analysis/downpdf?report_idx=644128
3526,1,하이브(352820) 성장을 위한 선제적 포석,김민영,메리츠증권,2025-10-15,2026-05-04 22:48:11.228582+00:00,https://consensus.hankyung.com/analysis/downpdf?report_idx=644127
3527,1,와이지엔터테인먼트(122870) 명불허전,김민영,메리츠증권,2025-10-15,2026-05-04 22:48:11.228582+00:00,https://consensus.hankyung.com/analysis/downpdf?report_idx=644123
3528,1,에스엠(041510) 꾸준한 본업 성장,김민영,메리츠증권,2025-10-15,2026-05-04 22:48:11.228582+00:00,https://consensus.hankyung.com/analysis/downpdf?report_idx=644122
3529,1,KT&G(033780) 탐방 Comment,김정욱,메리츠증권,2025-10-15,2026-05-04 22:48:11.228582+00:00,https://consensus.hankyung.com/analysis/downpdf?report_idx=644119
3530,1,"JYP Ent.(035900) 든든한 고연차, 확장되는 IP 파이프라인",김민영,메리츠증권,2025-10-15,2026-05-04 22:48:11.228582+00:00,https://consensus.hankyung.com/analysis/downpdf?report_idx=644118
3531,1,대한광통신(010170) 중소형 독점 방산 업체로 리레이팅될 전망,허선재,SK증권,2025-10-15,2026-05-04 22:48:11.228582+00:00,https://consensus.hankyung.com/analysis/downpdf?report_idx=644116
3532,1,"클래시스(214150) 주가 하락 아쉽지만, 계단식 성장 이상 무",조은애,LS증권,2025-10-15,2026-05-04 22:48:11.228582+00:00,https://consensus.hankyung.com/analysis/downpdf?report_idx=644114
3533,1,삼성전자(005930) 4Q25 영업이익 12.9조원으로 추가 개선 전망,송명섭,iM증권,2025-10-15,2026-05-04 22:48:11.228582+00:00,https://consensus.hankyung.com/analysis/downpdf?report_idx=644113
3534,1,심플랫폼(444530) 흑자전환을 목전에 둔 산업용 AIoT 플랫폼 기업,"이새롬,권지승",한국IR협의회,2025-10-14,2026-05-04 22:48:11.228582+00:00,https://consensus.hankyung.com/analysis/downpdf?report_idx=644112
3535,1,알피바이오(314140) 제형 혁신과 개별인정형 원료 확장,"채윤석,정수현",한국IR협의회,2025-10-14,2026-05-04 22:48:11.228582+00:00,https://consensus.hankyung.com/analysis/downpdf?report_idx=644111
3536,1,루켄테크놀러지스(162120) 반도체 테스트 소켓 및 프로브 카드 공급사,"김경민,권지승",한국IR협의회,2025-10-14,2026-05-04 22:48:11.228582+00:00,https://consensus.hankyung.com/analysis/downpdf?report_idx=644110
3537,1,KT&G(033780) 3분기도 호실적,한유정,한화투자증권,2025-10-14,2026-05-04 22:48:11.228582+00:00,https://consensus.hankyung.com/analysis/downpdf?report_idx=644109
3538,1,LG에너지솔루션(373220) 3Q25 잠정실적 코멘트 – 기대와 우려가 공존하는 구간,이용욱,한화투자증권,2025-10-14,2026-05-04 22:48:11.228582+00:00,https://consensus.hankyung.com/analysis/downpdf?report_idx=644108
3539,1,파라다이스(034230) 3분기 호실적+10월 중국인 VIP 이벤트,박수영,한화투자증권,2025-10-14,2026-05-04 22:48:11.228582+00:00,https://consensus.hankyung.com/analysis/downpdf?report_idx=644106
3540,1,이노와이어리스(073490) The change has begun!,"권명준,서석준",유안타증권,2025-10-14,2026-05-04 22:48:11.228582+00:00,https://consensus.hankyung.com/analysis/downpdf?report_idx=644102
3541,1,에이치시티(072990) 꼭 필요한 기업,"권명준,서석준",유안타증권,2025-10-14,2026-05-04 22:48:11.228582+00:00,https://consensus.hankyung.com/analysis/downpdf?report_idx=644101
3542,1,대한전선(001440) 4Q부터 구조적 개선 진입,손현정,메리츠증권,2025-10-14,2026-05-04 22:48:11.228582+00:00,https://consensus.hankyung.com/analysis/downpdf?report_idx=644100
3543,1,일진전기(103590) 변압기 증설효과 진행 중,손현정,메리츠증권,2025-10-14,2026-05-04 22:48:11.228582+00:00,https://consensus.hankyung.com/analysis/downpdf?report_idx=644099
3544,1,산일전기(062040) 흔들릴 이유가 없다,손현정,유안타증권,2025-10-14,2026-05-04 22:48:11.228582+00:00,https://consensus.hankyung.com/analysis/downpdf?report_idx=644098
3545,1,LS ELECTRIC(010120) 2026년 구조적 성장 가시화,손현정,유안타증권,2025-10-14,2026-05-04 22:48:11.228582+00:00,https://consensus.hankyung.com/analysis/downpdf?report_idx=644097
3546,1,효성중공업(298040) 여전히 확신의 영역,손현정,유안타증권,2025-10-14,2026-05-04 22:48:11.228582+00:00,https://consensus.hankyung.com/analysis/downpdf?report_idx=644096
3547,1,HD현대일렉트릭(267260) 프리미엄 정당화 시기,손현정,유안타증권,2025-10-14,2026-05-04 22:48:11.228582+00:00,https://consensus.hankyung.com/analysis/downpdf?report_idx=644095
3548,1,삼성전자(005930) 3Q25P – 업사이클 훈풍 속 갤럭시 후광,"김선우,우서현",메리츠증권,2025-10-14,2026-05-04 22:48:11.228582+00:00,https://consensus.hankyung.com/analysis/downpdf?report_idx=644093
3549,1,디어유(376300) 천천히 나아가는 중,김민영,메리츠증권,2025-10-14,2026-05-04 22:48:11.228582+00:00,https://consensus.hankyung.com/analysis/downpdf?report_idx=644087
3550,1,NAVER(035420) naver x dunamu on-chain era,이효진,메리츠증권,2025-10-14,2026-05-04 22:48:11.228582+00:00,https://consensus.hankyung.com/analysis/downpdf?report_idx=644084
3551,1,LG에너지솔루션(373220) 3Q25P 잠정실적 점검,노우호,메리츠증권,2025-10-14,2026-05-04 22:48:11.228582+00:00,https://consensus.hankyung.com/analysis/downpdf?report_idx=644083
3552,1,LG유플러스(032640) 희망퇴직 관련 인건비 일회성 반영,"정지수,박건영",메리츠증권,2025-10-14,2026-05-04 22:48:11.228582+00:00,https://consensus.hankyung.com/analysis/downpdf?report_idx=644080
3553,1,KT(030200) 익숙한 호실적,"정지수,박건영",SK증권,2025-10-14,2026-05-04 22:48:11.228582+00:00,https://consensus.hankyung.com/analysis/downpdf?report_idx=644079
3554,1,SK텔레콤(017670) 예고된 실적 부진,"정지수,박건영",메리츠증권,2025-10-14,2026-05-04 22:48:11.228582+00:00,https://consensus.hankyung.com/analysis/downpdf?report_idx=644078
3555,1,삼성전자(005930) 삼성전자 3Q25P: 기대 이상의 메모리,한동희,SK증권,2025-10-14,2026-05-04 22:48:11.228582+00:00,https://consensus.hankyung.com/analysis/downpdf?report_idx=644075
3556,1,"카카오(035720) 아직 남은 한 발, AI",남효지,SK증권,2025-10-14,2026-05-04 22:48:11.228582+00:00,https://consensus.hankyung.com/analysis/downpdf?report_idx=644072
3557,1,"NAVER(035420) “AI, 핀테크, 커머스” 모두 바쁨",남효지,SK증권,2025-10-14,2026-05-04 22:48:11.228582+00:00,https://consensus.hankyung.com/analysis/downpdf?report_idx=644071
3558,1,기아(000270) 버티면 이긴다,"윤혁진,박준형",SK증권,2025-10-14,2026-05-04 22:48:11.228582+00:00,https://consensus.hankyung.com/analysis/downpdf?report_idx=644069
3559,1,LG전자(066570) 어려운 환경에서 호실적,고의영,iM증권,2025-10-14,2026-05-04 22:48:11.228582+00:00,https://consensus.hankyung.com/analysis/downpdf?report_idx=644061
3560,1,LG에너지솔루션(373220) 내년부터 ESS 부문이 이끄는 본격적인 실적 회복세,정원석,iM증권,2025-10-14,2026-05-04 22:48:11.228582+00:00,https://consensus.hankyung.com/analysis/downpdf?report_idx=644060
3561,1,산일전기(062040) 3Q25 영업실적 컨센서스 부합 전망,성종화,LS증권,2025-10-14,2026-05-04 22:48:11.228582+00:00,https://consensus.hankyung.com/analysis/downpdf?report_idx=644059
3562,1,아이디피(332370) 카드프린터 생산 기업,정홍식,LS증권,2025-10-14,2026-05-04 22:48:11.228582+00:00,https://consensus.hankyung.com/analysis/downpdf?report_idx=644058
3563,1,한국항공우주(047810) 3Q25 Preview: 아쉬운 실적 속 분명한 성장 방향성,최정환,LS증권,2025-10-14,2026-05-04 22:48:11.228582+00:00,https://consensus.hankyung.com/analysis/downpdf?report_idx=644057
3564,1,"LG에너지솔루션(373220) 3분기 잠정 실적, 미국 EV vs 미국 ESS",정경희,LS증권,2025-10-14,2026-05-04 22:48:11.228582+00:00,https://consensus.hankyung.com/analysis/downpdf?report_idx=644055
3565,1,"크래프톤(259960) 좋은 실적을 기대, 떨어지는 트래픽을 걱정",정의훈,유진투자증권,2025-10-14,2026-05-04 22:48:11.228582+00:00,https://consensus.hankyung.com/analysis/downpdf?report_idx=644054
3566,1,LG에너지솔루션(373220) 3Q25 잠정 실적 리뷰,황성현,유진투자증권,2025-10-14,2026-05-04 22:48:11.228582+00:00,https://consensus.hankyung.com/analysis/downpdf?report_idx=644052
3567,1,풀무원(017810) 탐방 Comment,김정욱,메리츠증권,2025-10-13,2026-05-04 22:48:11.228582+00:00,https://consensus.hankyung.com/analysis/downpdf?report_idx=644048
3568,1,티엘비(356860) 꺼지지 않는 불꽃,양승수,메리츠증권,2025-10-13,2026-05-04 22:48:11.228582+00:00,https://consensus.hankyung.com/analysis/downpdf?report_idx=644047
3569,1,제일기획(030000) 연말 배당 매력 부각 전망,정지수,메리츠증권,2025-10-13,2026-05-04 22:48:11.228582+00:00,https://consensus.hankyung.com/analysis/downpdf?report_idx=644042
3570,1,이노션(214320) 유효했던 자회사 경영 효율화,정지수,메리츠증권,2025-10-13,2026-05-04 22:48:11.228582+00:00,https://consensus.hankyung.com/analysis/downpdf?report_idx=644038
3571,1,농심(004370) 탐방 Comment,김정욱,메리츠증권,2025-10-13,2026-05-04 22:48:11.228582+00:00,https://consensus.hankyung.com/analysis/downpdf?report_idx=644033
3572,1,CJ ENM(035760) 예상보단 다소 더디게 회복 중,정지수,메리츠증권,2025-10-13,2026-05-04 22:48:11.228582+00:00,https://consensus.hankyung.com/analysis/downpdf?report_idx=644031
3573,1,"현대글로비스(086280) [3Q25 Preview] 관세, 공급망 재편에도 끄떡없는 이익 개선",김성래,한화투자증권,2025-10-13,2026-05-04 22:48:11.228582+00:00,https://consensus.hankyung.com/analysis/downpdf?report_idx=644030
3574,1,하이브(352820) 3Q 프리뷰 구간 채워둬야 할 주식,박수영,한화투자증권,2025-10-13,2026-05-04 22:48:11.228582+00:00,https://consensus.hankyung.com/analysis/downpdf?report_idx=644029
3575,1,와이지엔터테인먼트(122870) 3분기 역대급의 실적,박수영,한화투자증권,2025-10-13,2026-05-04 22:48:11.228582+00:00,https://consensus.hankyung.com/analysis/downpdf?report_idx=644027
3576,1,JYP Ent.(035900) 3분기까지 스키즈 레버리지 효과 확인,박수영,한화투자증권,2025-10-13,2026-05-04 22:48:11.228582+00:00,https://consensus.hankyung.com/analysis/downpdf?report_idx=644026
3577,1,"DL이앤씨(375500) 다시 낮아진 주가, 반등에 무게",송유림,한화투자증권,2025-10-13,2026-05-04 22:48:11.228582+00:00,https://consensus.hankyung.com/analysis/downpdf?report_idx=644025
3578,1,HD현대미포(010620) 일회성 환입으로 컨센서스 큰 폭 상회 예상,한승한,SK증권,2025-10-13,2026-05-04 22:48:11.228582+00:00,https://consensus.hankyung.com/analysis/downpdf?report_idx=644024
3579,1,HD현대중공업(329180) 합병 후 시너지를 통한 추가 성장 기대,한승한,SK증권,2025-10-13,2026-05-04 22:48:11.228582+00:00,https://consensus.hankyung.com/analysis/downpdf?report_idx=644023
3580,1,HD현대마린엔진(071970) 올해에 이어 내년도 기대할 수 있는 이유,한승한,SK증권,2025-10-13,2026-05-04 22:48:11.228582+00:00,https://consensus.hankyung.com/analysis/downpdf?report_idx=644022
3581,1,현대차(005380) 시계 제로,"윤혁진,박준형",SK증권,2025-10-13,2026-05-04 22:48:11.228582+00:00,https://consensus.hankyung.com/analysis/downpdf?report_idx=644021
3582,1,HK이노엔(195940) 3Q25 Pre: 가시화될 케이캡의 글로벌 성과,이선경,SK증권,2025-10-13,2026-05-04 22:48:11.228582+00:00,https://consensus.hankyung.com/analysis/downpdf?report_idx=644019
3583,1,"대웅제약(069620) 3Q25 Pre: 컨센 상회, 호실적 지속",이선경,SK증권,2025-10-13,2026-05-04 22:48:11.228582+00:00,https://consensus.hankyung.com/analysis/downpdf?report_idx=644017
3584,1,HD한국조선해양(009540) 미국 진출 모멘텀 및 해외 야드 성장 기대,한승한,SK증권,2025-10-13,2026-05-04 22:48:11.228582+00:00,https://consensus.hankyung.com/analysis/downpdf?report_idx=644016
3585,1,동국제약(086450) 서방형 플랫폼 기대감,정홍식,LS증권,2025-10-13,2026-05-04 22:48:11.228582+00:00,https://consensus.hankyung.com/analysis/downpdf?report_idx=644014
3586,1,LS ELECTRIC(010120) 3Q25 영업실적 당사 및 컨센서스 전망치 부합 전망,성종화,LS증권,2025-10-13,2026-05-04 22:48:11.228582+00:00,https://consensus.hankyung.com/analysis/downpdf?report_idx=644013
3587,1,LG화학(051910) LG에너지솔루션 약 2.5% PRS 발행,정경희,LS증권,2025-10-13,2026-05-04 22:48:11.228582+00:00,https://consensus.hankyung.com/analysis/downpdf?report_idx=644012
3588,1,ISC(095340) AI 위주의 성장세 지속,송명섭,iM증권,2025-10-13,2026-05-04 22:48:11.228582+00:00,https://consensus.hankyung.com/analysis/downpdf?report_idx=644011
3589,1,"한미글로벌(053690) 반도체, 중동, 원전 등 성장 모멘텀 가속화","이상헌,장호",iM증권,2025-10-13,2026-05-04 22:48:11.228582+00:00,https://consensus.hankyung.com/analysis/downpdf?report_idx=644009
3590,1,"대한항공(003490) 3Q25 Pre: 여객, 화물 부진, 4Q 여객 반등 기대",배세호,iM증권,2025-10-13,2026-05-04 22:48:11.228582+00:00,https://consensus.hankyung.com/analysis/downpdf?report_idx=644008
3591,1,현대모비스(012330) [3Q25 Preview] 관세 영향에도 안정적,김성래,한화투자증권,2025-10-10,2026-05-04 22:48:11.228582+00:00,https://consensus.hankyung.com/analysis/downpdf?report_idx=644006
3592,1,삼성중공업(010140) LNGC&FLNG의 본격적인 수주가 시작된다,한승한,SK증권,2025-10-10,2026-05-04 22:48:11.228582+00:00,https://consensus.hankyung.com/analysis/downpdf?report_idx=644000
3593,1,"한화오션(042660) 견조한 상선, 기대되는 특수선",한승한,SK증권,2025-10-10,2026-05-04 22:48:11.228582+00:00,https://consensus.hankyung.com/analysis/downpdf?report_idx=643999
3594,1,한화엔진(082740) 현재 보다 미래가 더 기대되는 회사,한승한,SK증권,2025-10-10,2026-05-04 22:48:11.228582+00:00,https://consensus.hankyung.com/analysis/downpdf?report_idx=643998
3595,1,"LS에코에너지(229640) 3Q25 실적은 숨고르기 예상하나, 중장기 잠재력 유효",성종화,LS증권,2025-10-10,2026-05-04 22:48:11.228582+00:00,https://consensus.hankyung.com/analysis/downpdf?report_idx=643995
3596,1,"HD현대일렉트릭(267260) 3Q25 실적, 당사 전망치 다소 초과 전망",성종화,LS증권,2025-10-10,2026-05-04 22:48:11.228582+00:00,https://consensus.hankyung.com/analysis/downpdf?report_idx=643994
3597,1,디아이(003160) 올해와 내년 HBM 등이 실적개선 이끌 듯,"이상헌,장호",iM증권,2025-10-10,2026-05-04 22:48:11.228582+00:00,https://consensus.hankyung.com/analysis/downpdf?report_idx=643993
3598,1,"엑시콘(092870) CLT는 실적개선을, 신규장비는 성장성을 이끌 듯","이상헌,장호",iM증권,2025-10-10,2026-05-04 22:48:11.228582+00:00,https://consensus.hankyung.com/analysis/downpdf?report_idx=643992
3599,1,GST(083450) 전방산업 투자 환경이 성장성 등으로 이어진다,"이상헌,장호",iM증권,2025-10-10,2026-05-04 22:48:11.228582+00:00,https://consensus.hankyung.com/analysis/downpdf?report_idx=643990
3600,1,현대차(005380) [3Q25 Preview] 관세받고 배당 매력도와 시장 점유율 확대,김성래,한화투자증권,2025-10-02,2026-05-04 22:48:11.228582+00:00,https://consensus.hankyung.com/analysis/downpdf?report_idx=643985
3601,1,롯데관광개발(032350) 비수기를 몰랐던 9월. 그리고 10월에 쌓이는 기대,박수영,한화투자증권,2025-10-02,2026-05-04 22:48:11.228582+00:00,https://consensus.hankyung.com/analysis/downpdf?report_idx=643981
3602,1,기아(000270) [3Q25 Review] 관세받고 배당 매력도와 xEV 물량 확대,김성래,한화투자증권,2025-10-02,2026-05-04 22:48:11.228582+00:00,https://consensus.hankyung.com/analysis/downpdf?report_idx=643979
3603,1,CJ제일제당(097950) CJ피드앤케어 지분 매각 Comment,한유정,한화투자증권,2025-10-02,2026-05-04 22:48:11.228582+00:00,https://consensus.hankyung.com/analysis/downpdf?report_idx=643977
3604,1,두산(000150) 외부 요인에 가려진 AI CCL 슈퍼사이클,양승수,메리츠증권,2025-10-02,2026-05-04 22:48:11.228582+00:00,https://consensus.hankyung.com/analysis/downpdf?report_idx=643969
3605,1,대덕전자(353200) 다양성이 약점에서 강점으로,양승수,메리츠증권,2025-10-02,2026-05-04 22:48:11.228582+00:00,https://consensus.hankyung.com/analysis/downpdf?report_idx=643968
3606,1,LG화학(051910) 자회사 지분 담보로 유동성 확보,노우호,메리츠증권,2025-10-02,2026-05-04 22:48:11.228582+00:00,https://consensus.hankyung.com/analysis/downpdf?report_idx=643966
3607,1,KCC(002380) 3분기 Preview 및 공시 내용 점검,정경희,LS증권,2025-10-02,2026-05-04 22:48:11.228582+00:00,https://consensus.hankyung.com/analysis/downpdf?report_idx=643960
3608,1,효성중공업(298040) 중공업부문 중심 실적호조 지속,성종화,LS증권,2025-10-02,2026-05-04 22:48:11.228582+00:00,https://consensus.hankyung.com/analysis/downpdf?report_idx=643958
3609,1,"CJ대한통운(000120) 긍정적인 물동량 성장, 주춤한 글로벌 포워딩",배세호,iM증권,2025-10-02,2026-05-04 22:48:11.228582+00:00,https://consensus.hankyung.com/analysis/downpdf?report_idx=643956
3610,1,팬오션(028670) 3Q25 Pre: 시황 대비 보수적인 실적,배세호,iM증권,2025-10-02,2026-05-04 22:48:11.228582+00:00,https://consensus.hankyung.com/analysis/downpdf?report_idx=643955
3611,1,기가비스(420770) 기판 업사이클에 올라타기,양승수,메리츠증권,2025-10-01,2026-05-04 22:48:11.228582+00:00,https://consensus.hankyung.com/analysis/downpdf?report_idx=643950
3612,1,크래프톤(259960) 걱정없는 실적,남효지,SK증권,2025-10-01,2026-05-04 22:48:11.228582+00:00,https://consensus.hankyung.com/analysis/downpdf?report_idx=643945
3613,1,샘씨엔에스(252990) ProbeCard 공급 증가 → 세라믹 STF 고성장,정홍식,LS증권,2025-10-01,2026-05-04 22:48:11.228582+00:00,https://consensus.hankyung.com/analysis/downpdf?report_idx=643941
3614,1,SK하이닉스(000660) FY26에도실적개선세가예상되나HBM4 경쟁심화가능성은우려요인,송명섭,iM증권,2025-10-01,2026-05-04 22:48:11.228582+00:00,https://consensus.hankyung.com/analysis/downpdf?report_idx=643938
3615,1,"삼성전자(005930) HBM4성공시, Val. 회복과실적대폭개선예상",송명섭,iM증권,2025-10-01,2026-05-04 22:48:11.228582+00:00,https://consensus.hankyung.com/analysis/downpdf?report_idx=643935
3616,1,한국팩키지(037230) 일반팩 및 골판지 전문업체,"김선호,이희경",한국IR협의회,2025-09-30,2026-05-04 22:48:11.228582+00:00,https://consensus.hankyung.com/analysis/downpdf?report_idx=643926
3617,1,헥토파이낸셜(234340) 스테이블코인 신사업에 대한 기대,"김태현,박규연",한국IR협의회,2025-09-30,2026-05-04 22:48:11.228582+00:00,https://consensus.hankyung.com/analysis/downpdf?report_idx=643925
3618,1,한국자산신탁(123890) 지나온 고비,송유림,한화투자증권,2025-09-30,2026-05-04 22:48:11.228582+00:00,https://consensus.hankyung.com/analysis/downpdf?report_idx=643923
3619,1,코스맥스(192820) 3Q 영업이익 컨센 하회 전망,"이승은,김도엽",유안타증권,2025-09-30,2026-05-04 22:48:11.228582+00:00,https://consensus.hankyung.com/analysis/downpdf?report_idx=643920
3620,1,실리콘투(257720) 3Q 안정적 성장 · 거점 확충 본격화,"이승은,김도엽",유안타증권,2025-09-30,2026-05-04 22:48:11.228582+00:00,https://consensus.hankyung.com/analysis/downpdf?report_idx=643919
3621,1,"LG이노텍(011070) 단기는 안도감에서, 지속성은 수익성에서","양승수,우서현",메리츠증권,2025-09-30,2026-05-04 22:48:11.228582+00:00,https://consensus.hankyung.com/analysis/downpdf?report_idx=643912
3622,1,"한미약품(128940) 경구 제형 전환 핵심 물질, 길리어드와 계약",정이수,IBK투자증권,2025-09-30,2026-05-04 22:48:11.228582+00:00,https://consensus.hankyung.com/analysis/downpdf?report_idx=643904
3623,1,에이피알(278470) 신고가가 당연한 실적 흐름,조은애,LS증권,2025-09-30,2026-05-04 22:48:11.228582+00:00,https://consensus.hankyung.com/analysis/downpdf?report_idx=643902
3624,1,대양전기공업(108380) 영업이익 고성장 흐름 가능할 듯,정홍식,LS증권,2025-09-30,2026-05-04 22:48:11.228582+00:00,https://consensus.hankyung.com/analysis/downpdf?report_idx=643901
3625,1,"더존비즈온(012510) 지배구조 변화에 대해, 정해진 건 없지만",정우성,LS증권,2025-09-30,2026-05-04 22:48:11.228582+00:00,https://consensus.hankyung.com/analysis/downpdf?report_idx=643899
3626,1,비씨엔씨(146320) 3Q25 Preview: 품목 다변화가 활짝,임소정,유진투자증권,2025-09-30,2026-05-04 22:48:11.228582+00:00,https://consensus.hankyung.com/analysis/downpdf?report_idx=643898
3627,1,LG디스플레이(034220) 올해뿐 아니라 내년까지 볼 수 있는 기업,권민규,SK증권,2025-09-29,2026-05-04 22:48:11.228582+00:00,https://consensus.hankyung.com/analysis/downpdf?report_idx=643891
3628,1,DB손해보험(005830) 추가성장을 위한 해외진출,전배승,LS증권,2025-09-29,2026-05-04 22:48:11.228582+00:00,https://consensus.hankyung.com/analysis/downpdf?report_idx=643889
3629,1,"미래에셋벤처투자(100790) 국민성장펀드, BDC, 투자수익 등 물 들어올 때 노 젓기","이상헌,장호",iM증권,2025-09-29,2026-05-04 22:48:11.228582+00:00,https://consensus.hankyung.com/analysis/downpdf?report_idx=643888
3630,1,헥토파이낸셜(234340) 스테이블코인 시장 개화시 지급결제 분야에서 성장성 가속화,"이상헌,장호",iM증권,2025-09-29,2026-05-04 22:48:11.228582+00:00,https://consensus.hankyung.com/analysis/downpdf?report_idx=643887
3631,1,SNT다이내믹스(003570) 중동 전차수요 확대⇒변속기 국산화로 중동수출 가속화,"이상헌,장호",iM증권,2025-09-29,2026-05-04 22:48:11.228582+00:00,https://consensus.hankyung.com/analysis/downpdf?report_idx=643885
3632,1,"NAVER(035420) 두나무, 오픈AI/메타",이효진,메리츠증권,2025-09-26,2026-05-04 22:48:11.228582+00:00,https://consensus.hankyung.com/analysis/downpdf?report_idx=643880
3633,1,이수페타시스(007660) Scale Out 을 넘어 Scale Up의 주연으로,양승수,메리츠증권,2025-09-25,2026-05-04 22:48:11.228582+00:00,https://consensus.hankyung.com/analysis/downpdf?report_idx=643870
3634,1,카카오(035720) 큰 변화에 따른 가능성 확인,남효지,SK증권,2025-09-25,2026-05-04 22:48:11.228582+00:00,https://consensus.hankyung.com/analysis/downpdf?report_idx=643864
3635,1,"KCC(002380) 자사주 EB 발행, Korea Discount의 단면",정경희,LS증권,2025-09-25,2026-05-04 22:48:11.228582+00:00,https://consensus.hankyung.com/analysis/downpdf?report_idx=643861
3636,1,"한온시스템(018880) 9,000억 유상증자 결정, 남아있는 과제들",이병근,LS증권,2025-09-25,2026-05-04 22:48:11.228582+00:00,https://consensus.hankyung.com/analysis/downpdf?report_idx=643860
3637,1,이오테크닉스(039030) 신규 레이저 장비 성과 현실화 단계 진입,송명섭,iM증권,2025-09-25,2026-05-04 22:48:11.228582+00:00,https://consensus.hankyung.com/analysis/downpdf?report_idx=643858
3638,1,아모레퍼시픽(090430) 폼 돌아오는 중,형권훈,SK증권,2025-09-24,2026-05-04 22:48:11.228582+00:00,https://consensus.hankyung.com/analysis/downpdf?report_idx=643857
3639,1,"SG(255220) 악재 둔감 국면, 트레이딩 유효 구간 진입",허선재,SK증권,2025-09-24,2026-05-04 22:48:11.228582+00:00,https://consensus.hankyung.com/analysis/downpdf?report_idx=643856
3640,1,KT&G(033780) 신사업 진출과 추가 주주환원,박성호,LS증권,2025-09-24,2026-05-04 22:48:11.228582+00:00,https://consensus.hankyung.com/analysis/downpdf?report_idx=643854
3641,1,현대차(005380) 미국 산업시찰 후기,이병근,LS증권,2025-09-24,2026-05-04 22:48:11.228582+00:00,https://consensus.hankyung.com/analysis/downpdf?report_idx=643853
3642,1,쏠리드(050890) 준비된 통신장비 전문기업,"백종석,김혜빈",한국IR협의회,2025-09-23,2026-05-04 22:48:11.228582+00:00,https://consensus.hankyung.com/analysis/downpdf?report_idx=643850
3643,1,인텍플러스(064290) 후공정 병목 해소 과정에서 빛나는 검사장비업체,이나연,한국IR협의회,2025-09-23,2026-05-04 22:48:11.228582+00:00,https://consensus.hankyung.com/analysis/downpdf?report_idx=643849
3644,1,디앤디파마텍(347850) Pfizer 의 Metsera인수: 장기 지속/경구 시장 선점 위한 초석,김준영,메리츠증권,2025-09-23,2026-05-04 22:48:11.228582+00:00,https://consensus.hankyung.com/analysis/downpdf?report_idx=643841
3645,1,SK이터닉스(475150) ESS로 2차 도약,문경원,메리츠증권,2025-09-23,2026-05-04 22:48:11.228582+00:00,https://consensus.hankyung.com/analysis/downpdf?report_idx=643840
3646,1,파미셀(005690) 파미셀 공시 코멘트,양승수,메리츠증권,2025-09-23,2026-05-04 22:48:11.228582+00:00,https://consensus.hankyung.com/analysis/downpdf?report_idx=643839
3647,1,SK하이닉스(000660) 3분기 NAND 순풍,김운호,IBK투자증권,2025-09-23,2026-05-04 22:48:11.228582+00:00,https://consensus.hankyung.com/analysis/downpdf?report_idx=643832
3648,1,에이디테크놀로지(200710) 이제 좋은 일만 남았다,정우성,LS증권,2025-09-23,2026-05-04 22:48:11.228582+00:00,https://consensus.hankyung.com/analysis/downpdf?report_idx=643830
3649,1,가온칩스(399720) 2026년 양산 매출액 본격화 시점 도래,정우성,LS증권,2025-09-23,2026-05-04 22:48:11.228582+00:00,https://consensus.hankyung.com/analysis/downpdf?report_idx=643829
3650,1,호텔신라(008770) 업사이드 리스크 > 다운사이드 리스크,이진협,한화투자증권,2025-09-22,2026-05-04 22:48:11.228582+00:00,https://consensus.hankyung.com/analysis/downpdf?report_idx=643824
3651,1,쎄트렉아이(099320) 이제 위성 영상으로 돈을 벌 차례,배성조,한화투자증권,2025-09-22,2026-05-04 22:48:11.228582+00:00,https://consensus.hankyung.com/analysis/downpdf?report_idx=643822
3652,1,티엘비(356860) SOCAMM까지 가세,양승수,메리츠증권,2025-09-22,2026-05-04 22:48:11.228582+00:00,https://consensus.hankyung.com/analysis/downpdf?report_idx=643820
3653,1,BGF리테일(282330) 탐방 Comment,김정욱,메리츠증권,2025-09-22,2026-05-04 22:48:11.228582+00:00,https://consensus.hankyung.com/analysis/downpdf?report_idx=643808
3654,1,LG이노텍(011070) 하나씩 풀리는 매듭,고의영,iM증권,2025-09-22,2026-05-04 22:48:11.228582+00:00,https://consensus.hankyung.com/analysis/downpdf?report_idx=643799
3655,1,동아쏘시오홀딩스(000640) 내년부터 CMO와 로열티 수익 함께 달린다,"이상헌,장호",iM증권,2025-09-22,2026-05-04 22:48:11.228582+00:00,https://consensus.hankyung.com/analysis/downpdf?report_idx=643798
3656,1,루닛(328130) 글로벌 의료용 AI 기업으로서 성장성 가속화,"이상헌,장호",iM증권,2025-09-22,2026-05-04 22:48:11.228582+00:00,https://consensus.hankyung.com/analysis/downpdf?report_idx=643797
3657,1,한샘(009240) 법안 통과시 이제 기댈 곳은 자사주 소각,"이상헌,장호",iM증권,2025-09-22,2026-05-04 22:48:11.228582+00:00,https://consensus.hankyung.com/analysis/downpdf?report_idx=643796
3658,1,현대차(005380) CID takeaways: 불확실성 해소 필요,김준성,메리츠증권,2025-09-19,2026-05-04 22:48:11.228582+00:00,https://consensus.hankyung.com/analysis/downpdf?report_idx=643795
3659,1,서진시스템(178320) 美 ESS 시장 지각변동 속 적자생존,신희철,iM증권,2025-09-19,2026-05-04 22:48:11.228582+00:00,https://consensus.hankyung.com/analysis/downpdf?report_idx=643784
3660,1,켐트로닉스(089010) 탐방노트: ‘The Next Chemtronics’,양승수,메리츠증권,2025-09-18,2026-05-04 22:48:11.228582+00:00,https://consensus.hankyung.com/analysis/downpdf?report_idx=643783
3661,1,켐트로닉스(089010) 켐트로닉스 공장 투어 후기: 켐트로닉스 붐은 온다,권민규,SK증권,2025-09-18,2026-05-04 22:48:11.228582+00:00,https://consensus.hankyung.com/analysis/downpdf?report_idx=643769
3662,1,LS(006260) 전선 중심의 글로벌 호황과 자사주 가치 부각,최관순,SK증권,2025-09-17,2026-05-04 22:48:11.228582+00:00,https://consensus.hankyung.com/analysis/downpdf?report_idx=643757
3663,1,오리온(271560) 8월 잠정 실적 Review,박성호,LS증권,2025-09-17,2026-05-04 22:48:11.228582+00:00,https://consensus.hankyung.com/analysis/downpdf?report_idx=643755
3664,1,한국전력(015760) 원전 기대감에 숨겨진 이익체력 개선 잠재력,전유진,iM증권,2025-09-17,2026-05-04 22:48:11.228582+00:00,https://consensus.hankyung.com/analysis/downpdf?report_idx=643753
3665,1,지역난방공사(071320) 짱짱한 이익 체력에 압도적인 배당 매력,전유진,iM증권,2025-09-17,2026-05-04 22:48:11.228582+00:00,https://consensus.hankyung.com/analysis/downpdf?report_idx=643752
3666,1,SK가스(018670) 동절기 본격 발휘될 수 있는 GPS 연료 경쟁력,전유진,iM증권,2025-09-17,2026-05-04 22:48:11.228582+00:00,https://consensus.hankyung.com/analysis/downpdf?report_idx=643750
3667,1,HD현대(267250) 성장의 과실이 모이는 곳,정경희,LS증권,2025-09-16,2026-05-04 22:48:11.228582+00:00,https://consensus.hankyung.com/analysis/downpdf?report_idx=643748
3668,1,동양이엔피(079960) 자산가치 대비 저평가,정홍식,LS증권,2025-09-16,2026-05-04 22:48:11.228582+00:00,https://consensus.hankyung.com/analysis/downpdf?report_idx=643745
3669,1,삼성전기(009150) 모든조건이맞추어지고있다,고의영,iM증권,2025-09-16,2026-05-04 22:48:11.228582+00:00,https://consensus.hankyung.com/analysis/downpdf?report_idx=643741
3670,1,아모텍(052710) AI 서버용MLCC 낙수효과,고의영,iM증권,2025-09-16,2026-05-04 22:48:11.228582+00:00,https://consensus.hankyung.com/analysis/downpdf?report_idx=643740
3671,1,LG디스플레이(034220) 하반기 뚜렷한 실적 회복세 예상,정원석,iM증권,2025-09-16,2026-05-04 22:48:11.228582+00:00,https://consensus.hankyung.com/analysis/downpdf?report_idx=643739
3672,1,롯데쇼핑(023530) CEO IR Day 후기 : 변화에 대한 강한 의지 재확인,이진협,한화투자증권,2025-09-16,2026-05-04 22:48:11.228582+00:00,https://consensus.hankyung.com/analysis/downpdf?report_idx=643738
3673,1,대덕전자(353200) 가속화구간진입,고의영,iM증권,2025-09-16,2026-05-04 22:48:11.228582+00:00,https://consensus.hankyung.com/analysis/downpdf?report_idx=643733
3674,1,테스(095610) 내년까지 편안한 증익 구간,김광진,한화투자증권,2025-09-15,2026-05-04 22:48:11.228582+00:00,https://consensus.hankyung.com/analysis/downpdf?report_idx=643731
3675,1,농심홀딩스(072710) 농심보다 높을 상승 여력,한유정,한화투자증권,2025-09-15,2026-05-04 22:48:11.228582+00:00,https://consensus.hankyung.com/analysis/downpdf?report_idx=643729
3676,1,한국가스공사(036460) LNG 공급의 시대 두 마리 토끼를 잡는다,"이상헌,장호",iM증권,2025-09-15,2026-05-04 22:48:11.228582+00:00,https://consensus.hankyung.com/analysis/downpdf?report_idx=643711
3677,1,유니셈(036200) 삼성전자 투자가 실적향상으로 이어진다,"이상헌,장호",iM증권,2025-09-15,2026-05-04 22:48:11.228582+00:00,https://consensus.hankyung.com/analysis/downpdf?report_idx=643710
3678,1,티엘비(356860) ASP 상승으로 수익성 개선 가속화,"이상헌,장호",iM증권,2025-09-15,2026-05-04 22:48:11.228582+00:00,https://consensus.hankyung.com/analysis/downpdf?report_idx=643709
3679,1,"SK하이닉스(000660) 내년 HBM은 둔화되나 레거시 디램, 낸드는 양호",송명섭,iM증권,2025-09-15,2026-05-04 22:48:11.228582+00:00,https://consensus.hankyung.com/analysis/downpdf?report_idx=643707
3680,1,트루엔(417790) AI 카메라 선도와 아마존 진출로 글로벌 도약,"박성순,김혜빈",한국IR협의회,2025-09-12,2026-05-04 22:48:11.228582+00:00,https://consensus.hankyung.com/analysis/downpdf?report_idx=643705
3681,1,"POSCO홀딩스(005490) 철강, 내수 시장부터 회복 기대",이현수,유안타증권,2025-09-12,2026-05-04 22:48:11.228582+00:00,https://consensus.hankyung.com/analysis/downpdf?report_idx=643704
3682,1,팬오션(028670) 성수기 진입으로 견조한 시황,양지환,대신증권,2025-09-12,2026-05-04 22:48:11.228582+00:00,https://consensus.hankyung.com/analysis/downpdf?report_idx=643698
3683,1,서진시스템(178320) NDR 후기 - 모두가 궁금해하던 근황에 대하여,나승두,SK증권,2025-09-12,2026-05-04 22:48:11.228582+00:00,https://consensus.hankyung.com/analysis/downpdf?report_idx=643694
3684,1,제이에스링크(127120) 공격적인 영구자석 생산계획,나민식,SK증권,2025-09-12,2026-05-04 22:48:11.228582+00:00,https://consensus.hankyung.com/analysis/downpdf?report_idx=643692
3685,1,LS에코에너지(229640) 해저케이블 그리고 희토류,나민식,SK증권,2025-09-12,2026-05-04 22:48:11.228582+00:00,https://consensus.hankyung.com/analysis/downpdf?report_idx=643691
3686,1,"라온텍(418420) 준비된 LCoS 사수, 격발만 남았다",권민규,SK증권,2025-09-12,2026-05-04 22:48:11.228582+00:00,https://consensus.hankyung.com/analysis/downpdf?report_idx=643690
3687,1,사피엔반도체(452430) 스마트글래스 실적주 도약 임박,권민규,SK증권,2025-09-12,2026-05-04 22:48:11.228582+00:00,https://consensus.hankyung.com/analysis/downpdf?report_idx=643689
3688,1,에코마케팅(230360) 안다르 컴퍼니,박찬솔,SK증권,2025-09-12,2026-05-04 22:48:11.228582+00:00,https://consensus.hankyung.com/analysis/downpdf?report_idx=643688
3689,1,누리플랜(069140) 차별화된 기술력은 강력한 경쟁력,나승두,SK증권,2025-09-12,2026-05-04 22:48:11.228582+00:00,https://consensus.hankyung.com/analysis/downpdf?report_idx=643687
3690,1,"에스티팜(237690) 늘어나는 수주, 공장은 가동 개시",정이수,IBK투자증권,2025-09-12,2026-05-04 22:48:11.228582+00:00,https://consensus.hankyung.com/analysis/downpdf?report_idx=643683
3691,1,프로티나(468530) 단백질의 이야기를 들어보자,정재원,iM증권,2025-09-12,2026-05-04 22:48:11.228582+00:00,https://consensus.hankyung.com/analysis/downpdf?report_idx=643681
3692,1,쓰리빌리언(394800) 유전자의 이야기도 들어보자 [제약/바이오] 정재원,정재원,iM증권,2025-09-12,2026-05-04 22:48:11.228582+00:00,https://consensus.hankyung.com/analysis/downpdf?report_idx=643678
3693,1,유니퀘스트(077500) 4Q25 AI 서버용 물량 확대될 듯,정홍식,LS증권,2025-09-12,2026-05-04 22:48:11.228582+00:00,https://consensus.hankyung.com/analysis/downpdf?report_idx=643677
3694,1,삼영전자(005680) 자산가치 대비 현저히 저평가,정홍식,LS증권,2025-09-12,2026-05-04 22:48:11.228582+00:00,https://consensus.hankyung.com/analysis/downpdf?report_idx=643676
3695,1,하나마이크론(067310) 양방향에서 더 좋아지는 시기,김동관,메리츠증권,2025-09-11,2026-05-04 22:48:11.228582+00:00,https://consensus.hankyung.com/analysis/downpdf?report_idx=643665
3696,1,"호전실업(111110) 이유 있는 자신감, 저평가 탈출의 서막",나승두,SK증권,2025-09-11,2026-05-04 22:48:11.228582+00:00,https://consensus.hankyung.com/analysis/downpdf?report_idx=643653
3697,1,옵티코어(380540) AI 데이터센터에 꼭 필요한 광모듈은 이곳에서,나승두,SK증권,2025-09-11,2026-05-04 22:48:11.228582+00:00,https://consensus.hankyung.com/analysis/downpdf?report_idx=643652
3698,1,삼성에스디에스(018260) P/E 13배에는 아직 없는 CSP 가치,김소혜,한화투자증권,2025-09-10,2026-05-04 22:48:11.228582+00:00,https://consensus.hankyung.com/analysis/downpdf?report_idx=643635
3699,1,JTC(950170) 조용히 실적 상승 중,나승두,SK증권,2025-09-10,2026-05-04 22:48:11.228582+00:00,https://consensus.hankyung.com/analysis/downpdf?report_idx=643631
3700,1,파라다이스(034230) 중요한 변곡점,나승두,SK증권,2025-09-10,2026-05-04 22:48:11.228582+00:00,https://consensus.hankyung.com/analysis/downpdf?report_idx=643630
3701,1,서부T&D(006730) 우리나라 대표 얼굴 되어가는 드래곤시티,나승두,SK증권,2025-09-10,2026-05-04 22:48:11.228582+00:00,https://consensus.hankyung.com/analysis/downpdf?report_idx=643629
3702,1,모두투어(080160) 4분기가 기대됩니다,나승두,SK증권,2025-09-10,2026-05-04 22:48:11.228582+00:00,https://consensus.hankyung.com/analysis/downpdf?report_idx=643628
3703,1,롯데관광개발(032350) 아직 갈 길 많이 남았습니다,나승두,SK증권,2025-09-10,2026-05-04 22:48:11.228582+00:00,https://consensus.hankyung.com/analysis/downpdf?report_idx=643627
3704,1,LG화학(051910) 3분기 호실적 예상하지만,정경희,LS증권,2025-09-10,2026-05-04 22:48:11.228582+00:00,https://consensus.hankyung.com/analysis/downpdf?report_idx=643625
3705,1,LG화학(051910) 글로벌 석화 폐쇄 사이클 수혜를 기대한다!,"황규원,서석준",유안타증권,2025-09-09,2026-05-04 22:48:11.228582+00:00,https://consensus.hankyung.com/analysis/downpdf?report_idx=643620
3706,1,SK하이닉스(000660) 다시 한번 전고점을 향해,류형근,대신증권,2025-09-09,2026-05-04 22:48:11.228582+00:00,https://consensus.hankyung.com/analysis/downpdf?report_idx=643612
3707,1,레뷰코퍼레이션(443250) 숏폼 시장과 함께 우상향하는 실적,조은애,LS증권,2025-09-09,2026-05-04 22:48:11.228582+00:00,https://consensus.hankyung.com/analysis/downpdf?report_idx=643605
3708,1,환인제약(016580) 이익 회복 기대감,정홍식,LS증권,2025-09-09,2026-05-04 22:48:11.228582+00:00,https://consensus.hankyung.com/analysis/downpdf?report_idx=643604
3709,1,파인엠텍(441270) 폴더블 2차 성장 Cycle의 중심,양승수,메리츠증권,2025-09-08,2026-05-04 22:48:11.228582+00:00,https://consensus.hankyung.com/analysis/downpdf?report_idx=643597
3710,1,이수페타시스(007660) 대구 라인 투어 후기 - Vippo 장인에서 Sequential 선구자로,양승수,메리츠증권,2025-09-08,2026-05-04 22:48:11.228582+00:00,https://consensus.hankyung.com/analysis/downpdf?report_idx=643591
3711,1,신세계푸드(031440) 말이 안되는 Valuation,한유정,한화투자증권,2025-09-08,2026-05-04 22:48:11.228582+00:00,https://consensus.hankyung.com/analysis/downpdf?report_idx=643583
3712,1,이수페타시스(007660) 세 번째 공장 투어 후기,"박형우,권민규",SK증권,2025-09-08,2026-05-04 22:48:11.228582+00:00,https://consensus.hankyung.com/analysis/downpdf?report_idx=643579
3713,1,LG에너지솔루션(373220) 미국 HMGMA 공사중단 영향,정경희,LS증권,2025-09-08,2026-05-04 22:48:11.228582+00:00,https://consensus.hankyung.com/analysis/downpdf?report_idx=643577
3714,1,"성광벤드(014620) 미국, 중동에서 LNG 관련 수주 증가로 실적개선 가속화","이상헌,장호",iM증권,2025-09-08,2026-05-04 22:48:11.228582+00:00,https://consensus.hankyung.com/analysis/downpdf?report_idx=643574
3715,1,오리엔탈정공(014940) LNG 운반선 관련 수주 확대로 실적개선 가속화,"이상헌,장호",iM증권,2025-09-08,2026-05-04 22:48:11.228582+00:00,https://consensus.hankyung.com/analysis/downpdf?report_idx=643573
3716,1,씨어스테크놀로지(458870) 판매상 및 보험수가 시너지로 씽크 도입 확대 가속화,"이상헌,장호",iM증권,2025-09-08,2026-05-04 22:48:11.228582+00:00,https://consensus.hankyung.com/analysis/downpdf?report_idx=643572
3717,1,덕산네오룩스(213420) 작년 연간 실적에 달하는 하반기 실적 예상,정원,iM증권,2025-09-08,2026-05-04 22:48:11.228582+00:00,https://consensus.hankyung.com/analysis/downpdf?report_idx=643571
3718,1,휴메딕스(200670) 엘라비에 리투오 및 필러수출 성장성 가속화,"이상헌,장호",iM증권,2025-09-08,2026-05-04 22:48:11.228582+00:00,https://consensus.hankyung.com/analysis/downpdf?report_idx=643568
3719,1,폰드그룹(472850) 수출이 되면 주가도 된다,박찬솔,SK증권,2025-09-05,2026-05-04 22:48:11.228582+00:00,https://consensus.hankyung.com/analysis/downpdf?report_idx=643552
3720,1,"셀트리온(068270) 멀티플 저점 구간, 지금이 기회",김준영,메리츠증권,2025-09-04,2026-05-04 22:48:11.228582+00:00,https://consensus.hankyung.com/analysis/downpdf?report_idx=643541
3721,1,삼성전기(009150) 역대 최고 외국인 지분율의 의미,양승수,메리츠증권,2025-09-04,2026-05-04 22:48:11.228582+00:00,https://consensus.hankyung.com/analysis/downpdf?report_idx=643540
3722,1,이오테크닉스(039030) 매력 발산,이동주,SK증권,2025-09-04,2026-05-04 22:48:11.228582+00:00,https://consensus.hankyung.com/analysis/downpdf?report_idx=643534
3723,1,파크시스템스(140860) 선단 공정의 숨은 일등 공신,이동주,SK증권,2025-09-04,2026-05-04 22:48:11.228582+00:00,https://consensus.hankyung.com/analysis/downpdf?report_idx=643533
3724,1,유니셈(036200) 모멘텀 재개를 넘어 확장까지,이동주,SK증권,2025-09-04,2026-05-04 22:48:11.228582+00:00,https://consensus.hankyung.com/analysis/downpdf?report_idx=643532
3725,1,테스(095610) 전방 투자 효과 지속,이동주,SK증권,2025-09-04,2026-05-04 22:48:11.228582+00:00,https://consensus.hankyung.com/analysis/downpdf?report_idx=643531
3726,1,원익IPS(240810) 장비 내 주도주,이동주,SK증권,2025-09-04,2026-05-04 22:48:11.228582+00:00,https://consensus.hankyung.com/analysis/downpdf?report_idx=643530
3727,1,슈프리마(236200) 스마트 빌딩 시장 확대 + 중동·인도 수출 모멘텀,정우성,LS증권,2025-09-04,2026-05-04 22:48:11.228582+00:00,https://consensus.hankyung.com/analysis/downpdf?report_idx=643528
3728,1,"동원산업(006040) 제한적관세이슈, 식품성장동력확보에주주환원까지",이경신,iM증권,2025-09-04,2026-05-04 22:48:11.228582+00:00,https://consensus.hankyung.com/analysis/downpdf?report_idx=643526
3729,1,"동원산업(006040) 제한적관세이슈, 식품성장동력확보에주주환원까지",이경신,iM증권,2025-09-04,2026-05-04 22:48:11.228582+00:00,https://consensus.hankyung.com/analysis/downpdf?report_idx=643525
3730,1,오리온(271560) 다음성장주력지역은미국,이경신,iM증권,2025-09-04,2026-05-04 22:48:11.228582+00:00,https://consensus.hankyung.com/analysis/downpdf?report_idx=643524
3731,1,"삼양식품(003230) 고성장과레버리지효과로관세이슈제한, 모범적인해답보유",이경신,iM증권,2025-09-04,2026-05-04 22:48:11.228582+00:00,https://consensus.hankyung.com/analysis/downpdf?report_idx=643522
3732,1,"삼양식품(003230) 고성장과레버리지효과로관세이슈제한, 모범적인해답보유",이경신,iM증권,2025-09-04,2026-05-04 22:48:11.228582+00:00,https://consensus.hankyung.com/analysis/downpdf?report_idx=643521
3733,1,"삼양식품(003230) 고성장과레버리지효과로관세이슈제한, 모범적인해답보유",이경신,iM증권,2025-09-04,2026-05-04 22:48:11.228582+00:00,https://consensus.hankyung.com/analysis/downpdf?report_idx=643520
3734,1,파라다이스(034230) P-City의 8월은 북적북적,박수영,한화투자증권,2025-09-03,2026-05-04 22:48:11.228582+00:00,https://consensus.hankyung.com/analysis/downpdf?report_idx=643505
3735,1,SNT모티브(064960) 미국 현지 생산으로 관세 리스크 대응과 고객 Retention 강화,김성래,한화투자증권,2025-09-03,2026-05-04 22:48:11.228582+00:00,https://consensus.hankyung.com/analysis/downpdf?report_idx=643501
3736,1,비에이치(090460) 2026년 3가지 변화,양승수,메리츠증권,2025-09-03,2026-05-04 22:48:11.228582+00:00,https://consensus.hankyung.com/analysis/downpdf?report_idx=643497
3737,1,KH바텍(060720) 힌지로 한 점 돌파,양승수,메리츠증권,2025-09-03,2026-05-04 22:48:11.228582+00:00,https://consensus.hankyung.com/analysis/downpdf?report_idx=643494
3738,1,동성화인텍(033500) LNG 사이클 속 주목해야 할 종목,한승한,SK증권,2025-09-03,2026-05-04 22:48:11.228582+00:00,https://consensus.hankyung.com/analysis/downpdf?report_idx=643491
3739,1,"한국카본(017960) 이익 성장은 보장, Q확장과 미국 진출 모멘텀 기대",한승한,SK증권,2025-09-03,2026-05-04 22:48:11.228582+00:00,https://consensus.hankyung.com/analysis/downpdf?report_idx=643490
3740,1,"한라캐스트(125490) 숨어있는 진주, 먼저 찾는 사람이 임자",-,SK증권,2025-09-03,2026-05-04 22:48:11.228582+00:00,https://consensus.hankyung.com/analysis/downpdf?report_idx=643489
3741,1,"쎄트렉아이(099320) 위성활용콘퍼런스를 통해 만난 자회사 SIIS, SIA",최정환,LS증권,2025-09-03,2026-05-04 22:48:11.228582+00:00,https://consensus.hankyung.com/analysis/downpdf?report_idx=643487
3742,1,삼성전자(005930) 이젠HBM4 성공여부가중요,송명섭,iM증권,2025-09-03,2026-05-04 22:48:11.228582+00:00,https://consensus.hankyung.com/analysis/downpdf?report_idx=643486
3743,1,"SK하이닉스(000660) 3Q 저점매수, 4Q 고점매도전략",송명섭,iM증권,2025-09-03,2026-05-04 22:48:11.228582+00:00,https://consensus.hankyung.com/analysis/downpdf?report_idx=643483
3744,1,에이비엘바이오(298380) ABL301을 통해 바라본 Grabody-B 안전성,김준영,메리츠증권,2025-09-02,2026-05-04 22:48:11.228582+00:00,https://consensus.hankyung.com/analysis/downpdf?report_idx=643474
3745,1,삼성전기(009150) 피지컬 AI 시대의 방점,고의영,iM증권,2025-09-02,2026-05-04 22:48:11.228582+00:00,https://consensus.hankyung.com/analysis/downpdf?report_idx=643463
3746,1,"LG에너지솔루션(373220) 7월 data로 보는 3, 4분기",정경희,LS증권,2025-09-02,2026-05-04 22:48:11.228582+00:00,https://consensus.hankyung.com/analysis/downpdf?report_idx=643461
3747,1,"동운아나텍(094170) NDR 後記: 스마트폰에서 자동차 전장, 그리고 의료기기로 순항 중",박종선,유진투자증권,2025-09-02,2026-05-04 22:48:11.228582+00:00,https://consensus.hankyung.com/analysis/downpdf?report_idx=643458
3748,1,코미코(183300) 공격적인 설비투자에서 확인되는 명확한 성장성,김광진,한화투자증권,2025-09-01,2026-05-04 22:48:11.228582+00:00,https://consensus.hankyung.com/analysis/downpdf?report_idx=643451
3749,1,SNT에너지(100840) 미국 투자로 거점 확보,김세련,LS증권,2025-09-01,2026-05-04 22:48:11.228582+00:00,https://consensus.hankyung.com/analysis/downpdf?report_idx=643443
3750,1,SNT모티브(064960) 북미지역 교두보 확보 및 기관총 중동향 수출 가속화,"이상헌,장호",iM증권,2025-09-01,2026-05-04 22:48:11.228582+00:00,https://consensus.hankyung.com/analysis/downpdf?report_idx=643439
3751,1,지역난방공사(071320) 실적개선 및 배당성향 상향으로 DPS 대폭 증가할 듯,"이상헌,장호",iM증권,2025-09-01,2026-05-04 22:48:11.228582+00:00,https://consensus.hankyung.com/analysis/downpdf?report_idx=643438
3752,1,미래에셋벤처투자(100790) BDC 도입 및 AI 투자 활성화 ⇒ 동사 성장의 마중물 역할,"이상헌,장호",iM증권,2025-09-01,2026-05-04 22:48:11.228582+00:00,https://consensus.hankyung.com/analysis/downpdf?report_idx=643437
3753,1,SNT에너지(100840) 미국 지역 확장성 및 실적개선 가속화,"이상헌,장호",iM증권,2025-09-01,2026-05-04 22:48:11.228582+00:00,https://consensus.hankyung.com/analysis/downpdf?report_idx=643436
3754,1,현대모비스(012330) 2025 CEO Investor Day Review – 키워드는 ‘미래 핵심제품’ ...,김성래,한화투자증권,2025-08-28,2026-05-04 22:48:11.228582+00:00,https://consensus.hankyung.com/analysis/downpdf?report_idx=643424
3755,1,"대한제강(084010) 부진한 업황, 그러나 견고한 주가 하방","김윤상,공도연",iM증권,2025-08-28,2026-05-04 22:48:11.228582+00:00,https://consensus.hankyung.com/analysis/downpdf?report_idx=643417
3756,1,파트론(091700) 도전적인 영업 환경,고의영,iM증권,2025-08-28,2026-05-04 22:48:11.228582+00:00,https://consensus.hankyung.com/analysis/downpdf?report_idx=643416
3757,1,일진전기(103590) 그룹컨콜 후기,나민식,SK증권,2025-08-27,2026-05-04 22:48:11.228582+00:00,https://consensus.hankyung.com/analysis/downpdf?report_idx=643403
3758,1,에이유브랜즈(481070) 해외 전략 실행만 남았다.,박찬솔,SK증권,2025-08-27,2026-05-04 22:48:11.228582+00:00,https://consensus.hankyung.com/analysis/downpdf?report_idx=643398
3759,1,"인터플렉스(051370) 올해는 조정 국면, 전장향 중장기 성장 모멘텀은 유효","이새롬,권지승",한국IR협의회,2025-08-26,2026-05-04 22:48:11.228582+00:00,https://consensus.hankyung.com/analysis/downpdf?report_idx=643393
3760,1,펄어비스(263750) 쌉T의 마인드로 다시 보기,이효진,메리츠증권,2025-08-26,2026-05-04 22:48:11.228582+00:00,https://consensus.hankyung.com/analysis/downpdf?report_idx=643384
3761,1,제이브이엠(054950) 노란 봉투법 수혜? 맞습니다!,이건재,IBK투자증권,2025-08-26,2026-05-04 22:48:11.228582+00:00,https://consensus.hankyung.com/analysis/downpdf?report_idx=643378
3762,1,넥스트바이오메디컬(389650) 넥스파우더 계단식 성장에 넥스피어-F 더하기,조은애,LS증권,2025-08-26,2026-05-04 22:48:11.228582+00:00,https://consensus.hankyung.com/analysis/downpdf?report_idx=643376
3763,1,"와이즈넛(096250) 커스텀 AI 에이전트 솔루션 공급, 3Q25에 주요 파이프라인 집중",정우성,LS증권,2025-08-26,2026-05-04 22:48:11.228582+00:00,https://consensus.hankyung.com/analysis/downpdf?report_idx=643374
3764,1,"와이즈넛(096250) 커스텀 AI 에이전트 솔루션 공급, 3Q25에 주요 파이프라인 집중",정우성,LS증권,2025-08-26,2026-05-04 22:48:11.228582+00:00,https://consensus.hankyung.com/analysis/downpdf?report_idx=643373
3765,1,이노스페이스(462350) 이젠 발사만 남았다,정의훈,유진투자증권,2025-08-26,2026-05-04 22:48:11.228582+00:00,https://consensus.hankyung.com/analysis/downpdf?report_idx=643371
3766,1,에스켐(475660) 메기의 등장,양승수,메리츠증권,2025-08-25,2026-05-04 22:48:11.228582+00:00,https://consensus.hankyung.com/analysis/downpdf?report_idx=643367
3767,1,엠앤씨솔루션(484870) 영업 레버리지 효과 나타나는 중,배성조,한화투자증권,2025-08-25,2026-05-04 22:48:11.228582+00:00,https://consensus.hankyung.com/analysis/downpdf?report_idx=643360
3768,1,아이패밀리에스씨(114840) 전진 개시,한유정,한화투자증권,2025-08-25,2026-05-04 22:48:11.228582+00:00,https://consensus.hankyung.com/analysis/downpdf?report_idx=643359
3769,1,비에이치아이(083650) 원전 BOP 수주확대 가능성 증대될 듯,"이상헌,장호",iM증권,2025-08-25,2026-05-04 22:48:11.228582+00:00,https://consensus.hankyung.com/analysis/downpdf?report_idx=643353
3770,1,두산에너빌리티(034020) 우호적인 환경변화로 원전 수주증가는 지속된다,"이상헌,장호",iM증권,2025-08-25,2026-05-04 22:48:11.228582+00:00,https://consensus.hankyung.com/analysis/downpdf?report_idx=643352
3771,1,한전기술(052690) 미국 시장 진출 및 해외원전 수주 지속성 부각,"이상헌,장호",iM증권,2025-08-25,2026-05-04 22:48:11.228582+00:00,https://consensus.hankyung.com/analysis/downpdf?report_idx=643351
3772,1,한진(002320) 택배 및 미주 역직구 수요 증가로 실적개선 가속화,"이상헌,장호",iM증권,2025-08-25,2026-05-04 22:48:11.228582+00:00,https://consensus.hankyung.com/analysis/downpdf?report_idx=643350
3773,1,삼화콘덴서(001820) 내년부터 DC-Link 매출 성장 본격화 될 듯,"이상헌,장호",iM증권,2025-08-25,2026-05-04 22:48:11.228582+00:00,https://consensus.hankyung.com/analysis/downpdf?report_idx=643348
3774,1,세경하이테크(148150) 극심한 성장통,양승수,메리츠증권,2025-08-22,2026-05-04 22:48:11.228582+00:00,https://consensus.hankyung.com/analysis/downpdf?report_idx=643347
3775,1,"한국타이어앤테크놀로지(161390) 하반기 물량/믹스 개선과 배당 확대 긍정적, 유증 참여 규모는 관건",김성래,한화투자증권,2025-08-22,2026-05-04 22:48:11.228582+00:00,https://consensus.hankyung.com/analysis/downpdf?report_idx=643340
3776,1,"컴투스(078340) [NDR 후기] 바텀라인 효율화 완료, 신작으로 실적 반등 기대",김소혜,한화투자증권,2025-08-22,2026-05-04 22:48:11.228582+00:00,https://consensus.hankyung.com/analysis/downpdf?report_idx=643339
3777,1,인텍플러스 (064290) 오랜만에 다시 주목해볼만한 종목,차용호,LS증권,2025-08-22,2026-05-04 22:48:11.228582+00:00,https://consensus.hankyung.com/analysis/downpdf?report_idx=643333
3778,1,원익QnC(074600) 올해 실적 눈높이 하향,김광진,한화투자증권,2025-08-21,2026-05-04 22:48:11.228582+00:00,https://consensus.hankyung.com/analysis/downpdf?report_idx=643329
3779,1,샘씨엔에스(252990) 로드맵 이상 無,양승수,메리츠증권,2025-08-21,2026-05-04 22:48:11.228582+00:00,https://consensus.hankyung.com/analysis/downpdf?report_idx=643327
3780,1,SK(034730) NDR 후기: 속도감 있는 자산효율화,최관순,SK증권,2025-08-21,2026-05-04 22:48:11.228582+00:00,https://consensus.hankyung.com/analysis/downpdf?report_idx=643316
3781,1,아이에스동서(010780) [NDR 후기] 다시 보여준 디벨로퍼의 마진,김세련,LS증권,2025-08-21,2026-05-04 22:48:11.228582+00:00,https://consensus.hankyung.com/analysis/downpdf?report_idx=643314
3782,1,"티앤엘(340570) 수출 회복을 기다려보자(feat. 미국 내 침투율, 신규 고객사)",조은애,LS증권,2025-08-21,2026-05-04 22:48:11.228582+00:00,https://consensus.hankyung.com/analysis/downpdf?report_idx=643312
3783,1,솔루엠(248070) 대내외적으로 아쉬운 상황,고의영,iM증권,2025-08-21,2026-05-04 22:48:11.228582+00:00,https://consensus.hankyung.com/analysis/downpdf?report_idx=643310
3784,1,쿠콘(294570) 2Q25 Review: 신규 서비스 효과 기대,박종선,유진투자증권,2025-08-20,2026-05-04 22:48:11.228582+00:00,https://consensus.hankyung.com/analysis/downpdf?report_idx=643309
3785,1,오리온(271560) 7월 잠정 실적 Comment,김진우,유진투자증권,2025-08-20,2026-05-04 22:48:11.228582+00:00,https://consensus.hankyung.com/analysis/downpdf?report_idx=643308
3786,1,동운아나텍(094170) 2Q25 Review: eOIS 제품군 성장 기대,박종선,유진투자증권,2025-08-20,2026-05-04 22:48:11.228582+00:00,https://consensus.hankyung.com/analysis/downpdf?report_idx=643306
3787,1,SAMG엔터(419530) 아! 타겟은 조카가 아니라 나였구나!,이현지,유진투자증권,2025-08-20,2026-05-04 22:48:11.228582+00:00,https://consensus.hankyung.com/analysis/downpdf?report_idx=643305
3788,1,"KX(122450) 2Q25 Review: 레저 부문, 성수기 기대",박종선,유진투자증권,2025-08-20,2026-05-04 22:48:11.228582+00:00,https://consensus.hankyung.com/analysis/downpdf?report_idx=643304
3789,1,"에스엘(005850) 상반기 선방, 하반기 북미 중심 회복",김성래,한화투자증권,2025-08-20,2026-05-04 22:48:11.228582+00:00,https://consensus.hankyung.com/analysis/downpdf?report_idx=643297
3790,1,바이오포트(188040) 하반기 사상 최대 매출 기대,한유정,한화투자증권,2025-08-20,2026-05-04 22:48:11.228582+00:00,https://consensus.hankyung.com/analysis/downpdf?report_idx=643295
3791,1,성일하이텍(365340) 2Q25 Review: 바닥을 벗어나는 매출,박종선,유진투자증권,2025-08-19,2026-05-04 22:48:11.228582+00:00,https://consensus.hankyung.com/analysis/downpdf?report_idx=643283
3792,1,라온시큐어(042510) 2Q25 Review: 사이버 위협 확대 수혜,박종선,유진투자증권,2025-08-19,2026-05-04 22:48:11.228582+00:00,https://consensus.hankyung.com/analysis/downpdf?report_idx=643282
3793,1,"크래프톤(259960) PUBG, 3Q24 실적 이미 넘었다",이효진,메리츠증권,2025-08-19,2026-05-04 22:48:11.228582+00:00,https://consensus.hankyung.com/analysis/downpdf?report_idx=643272
3794,1,"한국단자(025540) 미국은 생각보다 많이 약하고, 유럽은 생각보다 양호","윤혁진,박준형",SK증권,2025-08-19,2026-05-04 22:48:11.228582+00:00,https://consensus.hankyung.com/analysis/downpdf?report_idx=643263
3795,1,"코미코(183300) 코미코, 미코세라믹스 지분 취득",이동주,SK증권,2025-08-19,2026-05-04 22:48:11.228582+00:00,https://consensus.hankyung.com/analysis/downpdf?report_idx=643262
3796,1,오스테오닉(226400) 수출 기반의 안정적 성장 궤도 진입,허선재,SK증권,2025-08-19,2026-05-04 22:48:11.228582+00:00,https://consensus.hankyung.com/analysis/downpdf?report_idx=643261
3797,1,금호건설(002990) [NDR 후기] 큰 폭의 이익 신장,김세련,LS증권,2025-08-19,2026-05-04 22:48:11.228582+00:00,https://consensus.hankyung.com/analysis/downpdf?report_idx=643259
3798,1,"KCC(002380) 노루홀딩스 지분 매입, 단순 투자인 듯",정경희,LS증권,2025-08-19,2026-05-04 22:48:11.228582+00:00,https://consensus.hankyung.com/analysis/downpdf?report_idx=643258
3799,1,"에이피알(278470) 온라인이 끌고, 오프라인이 밀어주며 계단식 성장",조은애,LS증권,2025-08-19,2026-05-04 22:48:11.228582+00:00,https://consensus.hankyung.com/analysis/downpdf?report_idx=643257
3800,1,서울보증보험(031210) 완만한 회복기조,전배승,LS증권,2025-08-19,2026-05-04 22:48:11.228582+00:00,https://consensus.hankyung.com/analysis/downpdf?report_idx=643256
3801,1,한솔케미칼(014680) 뚜렷한 실적 성장세 대비 저평가,정원석,iM증권,2025-08-19,2026-05-04 22:48:11.228582+00:00,https://consensus.hankyung.com/analysis/downpdf?report_idx=643255
3802,1,"아모텍(052710) 올해는 전장, 내년은 AI서버",고의영,iM증권,2025-08-19,2026-05-04 22:48:11.228582+00:00,https://consensus.hankyung.com/analysis/downpdf?report_idx=643254
3803,1,CJ(001040) 올리브영은 순항중,최관순,SK증권,2025-08-18,2026-05-04 22:48:11.228582+00:00,https://consensus.hankyung.com/analysis/downpdf?report_idx=643253
3804,1,미스토홀딩스(081660) 미스토 부문 흑자전환 성공,형권훈,SK증권,2025-08-18,2026-05-04 22:48:11.228582+00:00,https://consensus.hankyung.com/analysis/downpdf?report_idx=643252
3805,1,"영원무역(111770) OEM 견조, SCOTT 부진",형권훈,SK증권,2025-08-18,2026-05-04 22:48:11.228582+00:00,https://consensus.hankyung.com/analysis/downpdf?report_idx=643251
3806,1,"영원무역(111770) OEM 견조, SCOTT 부진",형권훈,SK증권,2025-08-18,2026-05-04 22:48:11.228582+00:00,https://consensus.hankyung.com/analysis/downpdf?report_idx=643250
3807,1,DB손해보험(005830) 어려운 업황에도 양호한 핵심 지표 긍정적,설용진,SK증권,2025-08-18,2026-05-04 22:48:11.228582+00:00,https://consensus.hankyung.com/analysis/downpdf?report_idx=643249
3808,1,코리안리(003690) 양호한 실적 흐름 긍정적이지만 높아진 변동성,설용진,SK증권,2025-08-18,2026-05-04 22:48:11.228582+00:00,https://consensus.hankyung.com/analysis/downpdf?report_idx=643248
3809,1,"덕산네오룩스(213420) 아쉬운 실적, 하반기 및 내년 기대감은 유지","권민규,박형우",SK증권,2025-08-18,2026-05-04 22:48:11.228582+00:00,https://consensus.hankyung.com/analysis/downpdf?report_idx=643247
3810,1,이수앱지스(086890) NDR 후기: 탄탄한 실적과 R&D 전략에 주목,이선경,SK증권,2025-08-18,2026-05-04 22:48:11.228582+00:00,https://consensus.hankyung.com/analysis/downpdf?report_idx=643246
3811,1,엠플러스(259630) 실적 반등 초입 시그널,박찬솔,SK증권,2025-08-18,2026-05-04 22:48:11.228582+00:00,https://consensus.hankyung.com/analysis/downpdf?report_idx=643245
3812,1,"이수페타시스(007660) 단기 실적 숨고르기, 구조적 공급제약 지속","박형우,권민규",SK증권,2025-08-18,2026-05-04 22:48:11.228582+00:00,https://consensus.hankyung.com/analysis/downpdf?report_idx=643244
3813,1,한온시스템(018880) [2Q25 Review] 영업성과 개선에도 유상증자가 밸류를 희석,김성래,한화투자증권,2025-08-18,2026-05-04 22:48:11.228582+00:00,https://consensus.hankyung.com/analysis/downpdf?report_idx=643239
3814,1,한세실업(105630) 2Q25 Review : 하반기 상호관세 영향 본격화 전망,이진협,한화투자증권,2025-08-18,2026-05-04 22:48:11.228582+00:00,https://consensus.hankyung.com/analysis/downpdf?report_idx=643238
3815,1,인텔리안테크(189300) [2Q25 Review] 효자 제품 게이트웨이,배성조,한화투자증권,2025-08-18,2026-05-04 22:48:11.228582+00:00,https://consensus.hankyung.com/analysis/downpdf?report_idx=643235
3816,1,"한온시스템(018880) 실적은 좋았으나, 불확실성은 확대",이병근,LS증권,2025-08-18,2026-05-04 22:48:11.228582+00:00,https://consensus.hankyung.com/analysis/downpdf?report_idx=643234
3817,1,NICE인프라(063570) 2Q25 Review: 영업이익 +56.5% YoY,정홍식,LS증권,2025-08-18,2026-05-04 22:48:11.228582+00:00,https://consensus.hankyung.com/analysis/downpdf?report_idx=643233
3818,1,NICE인프라(063570) 2Q25 Review: 영업이익 +56.5% YoY,정홍식,LS증권,2025-08-18,2026-05-04 22:48:11.228582+00:00,https://consensus.hankyung.com/analysis/downpdf?report_idx=643232
3819,1,NICE평가정보(030190) 2Q25 Review: 영업이익 +14.5% YoY,정홍식,LS증권,2025-08-18,2026-05-04 22:48:11.228582+00:00,https://consensus.hankyung.com/analysis/downpdf?report_idx=643231
3820,1,영원무역(111770) 2Q25 Review : OEM 업황 자체는 호조,이진협,한화투자증권,2025-08-18,2026-05-04 22:48:11.228582+00:00,https://consensus.hankyung.com/analysis/downpdf?report_idx=643230
3821,1,대양전기공업(108380) 2Q25 Review: 영업이익 +88.9% YoY,정홍식,LS증권,2025-08-18,2026-05-04 22:48:11.228582+00:00,https://consensus.hankyung.com/analysis/downpdf?report_idx=643229
3822,1,세아제강(306200) 3분기부터 관세 영향 본격화,권지우,한화투자증권,2025-08-18,2026-05-04 22:48:11.228582+00:00,https://consensus.hankyung.com/analysis/downpdf?report_idx=643228
3823,1,매커스(093520) 2Q25 Review: 영업이익 +70.5% YoY,정홍식,LS증권,2025-08-18,2026-05-04 22:48:11.228582+00:00,https://consensus.hankyung.com/analysis/downpdf?report_idx=643227
3824,1,"삼양식품(003230) 원숭이가 나무에서 떨어질 때, 매수 타이밍",한유정,한화투자증권,2025-08-18,2026-05-04 22:48:11.228582+00:00,https://consensus.hankyung.com/analysis/downpdf?report_idx=643226
3825,1,"삼영전자(005680) 순현금 3,023억원 ⇔ 시가총액 2,136 억원",정홍식,LS증권,2025-08-18,2026-05-04 22:48:11.228582+00:00,https://consensus.hankyung.com/analysis/downpdf?report_idx=643225
3826,1,미스토홀딩스(081660) 2Q25 Review : 드디어 실적으로 증명해내다,이진협,한화투자증권,2025-08-18,2026-05-04 22:48:11.228582+00:00,https://consensus.hankyung.com/analysis/downpdf?report_idx=643224
3827,1,DB손해보험(005830) 정상화의 증명이 필요,김도하,한화투자증권,2025-08-18,2026-05-04 22:48:11.228582+00:00,https://consensus.hankyung.com/analysis/downpdf?report_idx=643221
3828,1,서흥(008490) 2Q25 Review: 영업이익 큰 폭 회복,정홍식,LS증권,2025-08-18,2026-05-04 22:48:11.228582+00:00,https://consensus.hankyung.com/analysis/downpdf?report_idx=643220
3829,1,에이직랜드(445090) 2Q25 사업 현황 Update,정우성,LS증권,2025-08-18,2026-05-04 22:48:11.228582+00:00,https://consensus.hankyung.com/analysis/downpdf?report_idx=643219
3830,1,엠로(058970) 2Q25 Review: 일단 개발할 것이 많다,정우성,LS증권,2025-08-18,2026-05-04 22:48:11.228582+00:00,https://consensus.hankyung.com/analysis/downpdf?report_idx=643218
3831,1,한화생명(088350) 제도변화에 거는 기대,전배승,LS증권,2025-08-18,2026-05-04 22:48:11.228582+00:00,https://consensus.hankyung.com/analysis/downpdf?report_idx=643217
3832,1,"DB손해보험(005830) 신계약 CSM, 보유 CSM 동반 성장",전배승,iM증권,2025-08-18,2026-05-04 22:48:11.228582+00:00,https://consensus.hankyung.com/analysis/downpdf?report_idx=643215
3833,1,나이스디앤비(130580) 2Q25 Review: 안정적인 실적 흐름,정홍식,iM증권,2025-08-18,2026-05-04 22:48:11.228582+00:00,https://consensus.hankyung.com/analysis/downpdf?report_idx=643214
3834,1,한국단자(025540) 2Q25 Review: 2분기 저점으로 하반기 회복,정홍식,LS증권,2025-08-18,2026-05-04 22:48:11.228582+00:00,https://consensus.hankyung.com/analysis/downpdf?report_idx=643213
3835,1,농심(004370) 광고성 비용 부담 지속,박성호,LS증권,2025-08-18,2026-05-04 22:48:11.228582+00:00,https://consensus.hankyung.com/analysis/downpdf?report_idx=643212
3836,1,서호전기(065710) 배당메리트가 높은 서호전기,정홍식,LS증권,2025-08-18,2026-05-04 22:48:11.228582+00:00,https://consensus.hankyung.com/analysis/downpdf?report_idx=643211
3837,1,티에이치엔(019180) 자동차 Wire Harness 고성장,정홍식,LS증권,2025-08-18,2026-05-04 22:48:11.228582+00:00,https://consensus.hankyung.com/analysis/downpdf?report_idx=643210
3838,1,SK네트웍스(001740) AI 웰니스 로봇 기업으로 변신,"이상헌,장호",iM증권,2025-08-18,2026-05-04 22:48:11.228582+00:00,https://consensus.hankyung.com/analysis/downpdf?report_idx=643209
3839,1,디오(039840) 하반기 해외매출 성장 본격화로 실적 개선 가속화,"이상현,장호",iM증권,2025-08-18,2026-05-04 22:48:11.228582+00:00,https://consensus.hankyung.com/analysis/downpdf?report_idx=643208
3840,1,STX엔진(077970) 발전기 및 방산용 엔진 호황으로 실적개선 가속화,"이상현,장호",iM증권,2025-08-18,2026-05-04 22:48:11.228582+00:00,https://consensus.hankyung.com/analysis/downpdf?report_idx=643207
3841,1,오뚜기(007310) 터프한 환경을 버티는 중,이경신,iM증권,2025-08-18,2026-05-04 22:48:11.228582+00:00,https://consensus.hankyung.com/analysis/downpdf?report_idx=643206
3842,1,빙그레(005180) 경기개선과 맞물린 성수기효과 기대,이경신,iM증권,2025-08-18,2026-05-04 22:48:11.228582+00:00,https://consensus.hankyung.com/analysis/downpdf?report_idx=643205
3843,1,농심(004370) 글로벌 성장을 위한 전력 투입 구간,이경신,iM증권,2025-08-18,2026-05-04 22:48:11.228582+00:00,https://consensus.hankyung.com/analysis/downpdf?report_idx=643204
3844,1,덕산네오룩스(213420) 하반기부터 본격적인 실적 개선세 전망,정원석,iM증권,2025-08-18,2026-05-04 22:48:11.228582+00:00,https://consensus.hankyung.com/analysis/downpdf?report_idx=643203
3845,1,"HMM(011200) [철강] 중국 업황, 전방 산업 부진에도 정책 기대감이 지지",배세호,iM증권,2025-08-18,2026-05-04 22:48:11.228582+00:00,https://consensus.hankyung.com/analysis/downpdf?report_idx=643202
3846,1,JYP Ent.(035900) 다시 만난 20%대 영업이익률,황지원,iM증권,2025-08-18,2026-05-04 22:48:11.228582+00:00,https://consensus.hankyung.com/analysis/downpdf?report_idx=643200
3847,1,더블유게임즈(192080) 씨앗 뿌리는 중,남효지,SK증권,2025-08-14,2026-05-04 22:48:11.228582+00:00,https://consensus.hankyung.com/analysis/downpdf?report_idx=643199
3848,1,일진전기(103590) 중전기기 분기 사상 최대 매출,나민식,SK증권,2025-08-14,2026-05-04 22:48:11.228582+00:00,https://consensus.hankyung.com/analysis/downpdf?report_idx=643198
3849,1,펄어비스(263750) 기다림과 실망의 반복,남효지,SK증권,2025-08-14,2026-05-04 22:48:11.228582+00:00,https://consensus.hankyung.com/analysis/downpdf?report_idx=643197
3850,1,리노공업(058470) 전고점도 시간의 문제일 뿐,이동주,SK증권,2025-08-14,2026-05-04 22:48:11.228582+00:00,https://consensus.hankyung.com/analysis/downpdf?report_idx=643196
3851,1,"현대해상(001450) 예상된 당기 부진, 개선된 미래 지표",김도하,한화투자증권,2025-08-14,2026-05-04 22:48:11.228582+00:00,https://consensus.hankyung.com/analysis/downpdf?report_idx=643191
3852,1,펄어비스(263750) 이젠 붉은사막 출시 이후가 더 걱정,정의훈,유진투자증권,2025-08-14,2026-05-04 22:48:11.228582+00:00,https://consensus.hankyung.com/analysis/downpdf?report_idx=643190
3853,1,선진(136490) 본업에 집중합니다,허준서,유진투자증권,2025-08-14,2026-05-04 22:48:11.228582+00:00,https://consensus.hankyung.com/analysis/downpdf?report_idx=643188
3854,1,더블유게임즈(192080) 2분기 실적 저점 확인,정의훈,유진투자증권,2025-08-14,2026-05-04 22:48:11.228582+00:00,https://consensus.hankyung.com/analysis/downpdf?report_idx=643187
3855,1,교촌에프앤비(339770) 2Q25 Review: 하반기 소비쿠폰 수혜,박종선,유진투자증권,2025-08-14,2026-05-04 22:48:11.228582+00:00,https://consensus.hankyung.com/analysis/downpdf?report_idx=643186
3856,1,JYP Ent.(035900) 소문에 속아 IP의 힘을 잊지 말자,이현지,유진투자증권,2025-08-14,2026-05-04 22:48:11.228582+00:00,https://consensus.hankyung.com/analysis/downpdf?report_idx=643185
3857,1,삼성생명(032830) 사업가치와 지분가치 모두 상향,김도하,한화투자증권,2025-08-14,2026-05-04 22:48:11.228582+00:00,https://consensus.hankyung.com/analysis/downpdf?report_idx=643182
3858,1,현대해상(001450) 중장기 관점의 Quality는 분명히 개선되는 중,설용진,SK증권,2025-08-14,2026-05-04 22:48:11.228582+00:00,https://consensus.hankyung.com/analysis/downpdf?report_idx=643178
3859,1,한화생명(088350) 한화생명 2Q25 실적 Comment: 지속되는 불확실성,설용진,SK증권,2025-08-14,2026-05-04 22:48:11.228582+00:00,https://consensus.hankyung.com/analysis/downpdf?report_idx=643177
3860,1,메리츠금융지주(138040) 변한 것은 없다,설용진,SK증권,2025-08-14,2026-05-04 22:48:11.228582+00:00,https://consensus.hankyung.com/analysis/downpdf?report_idx=643176
3861,1,한국카본(017960) 또 한 번 어닝 서프라이즈,한승한,SK증권,2025-08-14,2026-05-04 22:48:11.228582+00:00,https://consensus.hankyung.com/analysis/downpdf?report_idx=643175
3862,1,에스엠씨지(460870) 2Q25 Review: 영업 레버리지 효과 확인,허선재,SK증권,2025-08-14,2026-05-04 22:48:11.228582+00:00,https://consensus.hankyung.com/analysis/downpdf?report_idx=643174
3863,1,리노공업(058470) 2Q25 Review: 분기 최대 실적,정홍식,LS증권,2025-08-14,2026-05-04 22:48:11.228582+00:00,https://consensus.hankyung.com/analysis/downpdf?report_idx=643170
3864,1,삼성생명(032830) 수익성과 안정성 동반 개선,전배승,LS증권,2025-08-14,2026-05-04 22:48:11.228582+00:00,https://consensus.hankyung.com/analysis/downpdf?report_idx=643169
3865,1,삼성화재(000810) 안정성 강점은 지속,전배승,LS증권,2025-08-14,2026-05-04 22:48:11.228582+00:00,https://consensus.hankyung.com/analysis/downpdf?report_idx=643168
3866,1,엑셈(205100) 2Q25 Review: 빅데이터 부문 성장성이 더 중요,정우성,LS증권,2025-08-14,2026-05-04 22:48:11.228582+00:00,https://consensus.hankyung.com/analysis/downpdf?report_idx=643167
3867,1,엑셈(205100) 2Q25 Review: 빅데이터 부문 성장성이 더 중요,정우성,LS증권,2025-08-14,2026-05-04 22:48:11.228582+00:00,https://consensus.hankyung.com/analysis/downpdf?report_idx=643166
3868,1,이크레더블(092130) 2Q25 Review: 안정적인 성장 흐름,정홍식,LS증권,2025-08-14,2026-05-04 22:48:11.228582+00:00,https://consensus.hankyung.com/analysis/downpdf?report_idx=643165
3869,1,현대해상(001450) 수익성 위주의 경영성과 가시화,전배승,LS증권,2025-08-14,2026-05-04 22:48:11.228582+00:00,https://consensus.hankyung.com/analysis/downpdf?report_idx=643164
3870,1,HMM(011200) 2Q25 Review: Give me another TACO,이재혁,LS증권,2025-08-14,2026-05-04 22:48:11.228582+00:00,https://consensus.hankyung.com/analysis/downpdf?report_idx=643163
3871,1,쎄트렉아이(099320) 2Q25 Review: 빨라지고 있는 턴어라운드,최정환,LS증권,2025-08-14,2026-05-04 22:48:11.228582+00:00,https://consensus.hankyung.com/analysis/downpdf?report_idx=643162
3872,1,HMM(011200) 2Q25 Re: 시장의 관심은 자사주 매입,배세호,iM증권,2025-08-14,2026-05-04 22:48:11.228582+00:00,https://consensus.hankyung.com/analysis/downpdf?report_idx=643160
3873,1,하이트진로(000080) 시장 확대를 위한 기조 변화 감지,이경신,iM증권,2025-08-14,2026-05-04 22:48:11.228582+00:00,https://consensus.hankyung.com/analysis/downpdf?report_idx=643159
3874,1,엔씨소프트(036570) 출시까지 GO,남효지,SK증권,2025-08-13,2026-05-04 22:48:11.228582+00:00,https://consensus.hankyung.com/analysis/downpdf?report_idx=643158
3875,1,한국전력(015760) 2Q25 Review: 컨센서스 소폭하회,나민식,SK증권,2025-08-13,2026-05-04 22:48:11.228582+00:00,https://consensus.hankyung.com/analysis/downpdf?report_idx=643157
3876,1,씨어스테크놀로지(458870) 2Q25 Review: 본격적인 성장 구간 진입,허선재,SK증권,2025-08-13,2026-05-04 22:48:11.228582+00:00,https://consensus.hankyung.com/analysis/downpdf?report_idx=643155
3877,1,노머스(473980) 중국 사업 본격 준비,박찬솔,SK증권,2025-08-13,2026-05-04 22:48:11.228582+00:00,https://consensus.hankyung.com/analysis/downpdf?report_idx=643153
3878,1,동국제약(086450) 2Q25 Review: 화장품 +22.0% YoY,정홍식,LS증권,2025-08-13,2026-05-04 22:48:11.228582+00:00,https://consensus.hankyung.com/analysis/downpdf?report_idx=643151
3879,1,레이언스(228850) 2Q25 Review: 다소 부진한 실적,정홍식,LS증권,2025-08-13,2026-05-04 22:48:11.228582+00:00,https://consensus.hankyung.com/analysis/downpdf?report_idx=643150
3880,1,바텍(043150) 2Q25 Review: 북미지역 판매 확대,정홍식,LS증권,2025-08-13,2026-05-04 22:48:11.228582+00:00,https://consensus.hankyung.com/analysis/downpdf?report_idx=643149
3881,1,CJ제일제당(097950) 하반기 식품 업황 개선 기대감 유효,박성호,LS증권,2025-08-13,2026-05-04 22:48:11.228582+00:00,https://consensus.hankyung.com/analysis/downpdf?report_idx=643148
3882,1,한국전력(015760) 실적 무난 + 원전 잠재력 유의미 → Rerating 과정 유효,성종화,LS증권,2025-08-13,2026-05-04 22:48:11.228582+00:00,https://consensus.hankyung.com/analysis/downpdf?report_idx=643147
3883,1,한샘(009240) 지난한 터널,김세련,LS증권,2025-08-13,2026-05-04 22:48:11.228582+00:00,https://consensus.hankyung.com/analysis/downpdf?report_idx=643145
3884,1,CJ제일제당(097950) 긴 터널 통과 중,이경신,iM증권,2025-08-13,2026-05-04 22:48:11.228582+00:00,https://consensus.hankyung.com/analysis/downpdf?report_idx=643143
3885,1,디어유(376300) TME도 버블에 진심이다,황지원,iM증권,2025-08-13,2026-05-04 22:48:11.228582+00:00,https://consensus.hankyung.com/analysis/downpdf?report_idx=643142
3886,1,KT(030200) (030200) 우리가 알던 KT가 아닙니다,김희재,대신증권,2025-08-12,2026-05-04 22:48:11.228582+00:00,https://consensus.hankyung.com/analysis/downpdf?report_idx=643140
3887,1,롯데관광개발(032350) NDR 후기: 조정은 기회,박수영,한화투자증권,2025-08-12,2026-05-04 22:48:11.228582+00:00,https://consensus.hankyung.com/analysis/downpdf?report_idx=643135
3888,1,클래시스(214150) 2Q25P Review: 6개 분기 연속 최대 매출,박종선,유진투자증권,2025-08-12,2026-05-04 22:48:11.228582+00:00,https://consensus.hankyung.com/analysis/downpdf?report_idx=643133
3889,1,인텔리안테크(189300) AST Spacemobile 게이트웨이 수주 코멘트,정의훈,유진투자증권,2025-08-12,2026-05-04 22:48:11.228582+00:00,https://consensus.hankyung.com/analysis/downpdf?report_idx=643131
3890,1,신흥에스이씨(243840) 3분기만에 영업 흑자 전환 예상,한병화,유진투자증권,2025-08-12,2026-05-04 22:48:11.228582+00:00,https://consensus.hankyung.com/analysis/downpdf?report_idx=643130
3891,1,바텍(043150) 2Q25P Review: 북미 7분기 연속 증가,박종선,유진투자증권,2025-08-12,2026-05-04 22:48:11.228582+00:00,https://consensus.hankyung.com/analysis/downpdf?report_idx=643129
3892,1,레이언스(228850) 2Q25P Review: 하반기 실적 회복 기대,박종선,유진투자증권,2025-08-12,2026-05-04 22:48:11.228582+00:00,https://consensus.hankyung.com/analysis/downpdf?report_idx=643128
3893,1,KT(030200) 일회성 요인 고려해도 호실적,최관순,SK증권,2025-08-12,2026-05-04 22:48:11.228582+00:00,https://consensus.hankyung.com/analysis/downpdf?report_idx=643123
3894,1,"KT(030200) 완만한 순풍, 진로 이상 無",이찬영,유진투자증권,2025-08-12,2026-05-04 22:48:11.228582+00:00,https://consensus.hankyung.com/analysis/downpdf?report_idx=643122
3895,1,메가스터디교육(215200) 2Q25 Review: 영업이익 소폭 상승,정홍식,LS증권,2025-08-12,2026-05-04 22:48:11.228582+00:00,https://consensus.hankyung.com/analysis/downpdf?report_idx=643120
3896,1,"클래시스(214150) 숫자로 보여주는 계단식 성장의 정석(feat. 볼뉴머, 이루다)",조은애,LS증권,2025-08-12,2026-05-04 22:48:11.228582+00:00,https://consensus.hankyung.com/analysis/downpdf?report_idx=643119
3897,1,코스맥스(192820) 2Q25 Review: 하반기 미국이 더 기대되는 시점,오린아,LS증권,2025-08-12,2026-05-04 22:48:11.228582+00:00,https://consensus.hankyung.com/analysis/downpdf?report_idx=643118
3898,1,동원산업(006040) 2Q25 Review,"김정욱,황홍진",메리츠증권,2025-08-11,2026-05-04 22:48:11.228582+00:00,https://consensus.hankyung.com/analysis/downpdf?report_idx=643113
3899,1,씨앤씨인터내셔널(352480) 개선의 시그널,정한솔,대신증권,2025-08-11,2026-05-04 22:48:11.228582+00:00,https://consensus.hankyung.com/analysis/downpdf?report_idx=643111
3900,1,파마리서치(214450) 판단을 바꾸기에 충분했던 압도적 숫자,한송협,대신증권,2025-08-11,2026-05-04 22:48:11.228582+00:00,https://consensus.hankyung.com/analysis/downpdf?report_idx=643110
3901,1,삼성증권(016360) 판관비 증가 외 특이요인 없음,설용진,SK증권,2025-08-11,2026-05-04 22:48:11.228582+00:00,https://consensus.hankyung.com/analysis/downpdf?report_idx=643105
3902,1,LG헬로비전(037560) 비용효율화 효과 확인,최관순,SK증권,2025-08-11,2026-05-04 22:48:11.228582+00:00,https://consensus.hankyung.com/analysis/downpdf?report_idx=643104
3903,1,NAVER(035420) 다시 성장성에 초점,남효지,SK증권,2025-08-11,2026-05-04 22:48:11.228582+00:00,https://consensus.hankyung.com/analysis/downpdf?report_idx=643103
3904,1,LG유플러스(032640) 최대 영업이익과 주주환원 확대 가능성,최관순,SK증권,2025-08-11,2026-05-04 22:48:11.228582+00:00,https://consensus.hankyung.com/analysis/downpdf?report_idx=643102
3905,1,"코오롱인더(120110) 코오롱스포츠 중국, 2Q에도 94% 이상 매출 성장",이동욱,IBK투자증권,2025-08-11,2026-05-04 22:48:11.228582+00:00,https://consensus.hankyung.com/analysis/downpdf?report_idx=643099
3906,1,HDC(012630) 통영에코파워 실적 개선 가속화로 동사 밸류 레벨업 될 듯,"이상헌,장호",iM증권,2025-08-11,2026-05-04 22:48:11.228582+00:00,https://consensus.hankyung.com/analysis/downpdf?report_idx=643097
3907,1,롯데케미칼(011170) 상반기보단 좀 더 숨통 트일 하반기,"전유진,장호",iM증권,2025-08-11,2026-05-04 22:48:11.228582+00:00,https://consensus.hankyung.com/analysis/downpdf?report_idx=643094
3908,1,와이지엔터테인먼트(122870) 하반기 사상 최대 MD 실적 기대,황지원,iM증권,2025-08-11,2026-05-04 22:48:11.228582+00:00,https://consensus.hankyung.com/analysis/downpdf?report_idx=643093
3909,1,"대한항공(003490) 멀티플 상향 요인 충분, 저평가 해소의 시작",배세호,iM증권,2025-08-11,2026-05-04 22:48:11.228582+00:00,https://consensus.hankyung.com/analysis/downpdf?report_idx=643092
3910,1,한국콜마(161890) 2Q25 Review: 숨고르기 구간,오린아,LS증권,2025-08-11,2026-05-04 22:48:11.228582+00:00,https://consensus.hankyung.com/analysis/downpdf?report_idx=643091
3911,1,신세계(004170) 2Q25 Review: 여전히 기대 유효,오린아,LS증권,2025-08-11,2026-05-04 22:48:11.228582+00:00,https://consensus.hankyung.com/analysis/downpdf?report_idx=643090
3912,1,CJ대한통운(000120) 2Q25 Review: Half-time,이재혁,LS증권,2025-08-11,2026-05-04 22:48:11.228582+00:00,https://consensus.hankyung.com/analysis/downpdf?report_idx=643089
3913,1,파마리서치(214450) 또 실적 상향을 해야하는 이유,조은애,LS증권,2025-08-11,2026-05-04 22:48:11.228582+00:00,https://consensus.hankyung.com/analysis/downpdf?report_idx=643088
3914,1,"한국가스공사(036460) 민수용 요금 인상? 단기 불확실, 중장기 방향성은 유효",성종화,LS증권,2025-08-11,2026-05-04 22:48:11.228582+00:00,https://consensus.hankyung.com/analysis/downpdf?report_idx=643087
3915,1,현대백화점(069960) 2Q25 Review: 힘든 시기 선방,이해니,유진투자증권,2025-08-11,2026-05-04 22:48:11.228582+00:00,https://consensus.hankyung.com/analysis/downpdf?report_idx=643086
3916,1,한국가스공사(036460) 특이사항 무,황성현,유진투자증권,2025-08-11,2026-05-04 22:48:11.228582+00:00,https://consensus.hankyung.com/analysis/downpdf?report_idx=643085
3917,1,NAVER(035420) 하반기 키워드: 커머스와 AI,정의훈,유진투자증권,2025-08-11,2026-05-04 22:48:11.228582+00:00,https://consensus.hankyung.com/analysis/downpdf?report_idx=643084
3918,1,롯데케미칼(011170) 중국 공급 구조조정 기대감,황성현,유진투자증권,2025-08-11,2026-05-04 22:48:11.228582+00:00,https://consensus.hankyung.com/analysis/downpdf?report_idx=643083
3919,1,신세계(004170) 2Q25 Review: 본업 회복은 하반기로,이해니,유진투자증권,2025-08-11,2026-05-04 22:48:11.228582+00:00,https://consensus.hankyung.com/analysis/downpdf?report_idx=643082
3920,1,스튜디오드래곤(253450) 방영회차 기준으론 2분기가 바닥,정지수,메리츠증권,2025-08-08,2026-05-04 22:48:11.228582+00:00,https://consensus.hankyung.com/analysis/downpdf?report_idx=643081
3921,1,미래에셋증권(006800) 2Q25 Review: 실적은 호조,조아해,메리츠증권,2025-08-08,2026-05-04 22:48:11.228582+00:00,https://consensus.hankyung.com/analysis/downpdf?report_idx=643080
3922,1,넷마블(251270) 단기 주가는 성과가 결정,이효진,메리츠증권,2025-08-08,2026-05-04 22:48:11.228582+00:00,https://consensus.hankyung.com/analysis/downpdf?report_idx=643079
3923,1,"LIG넥스원(079550) 성장 궤적 이상 없음, 다만 한 발 앞서간 주가",이지호,메리츠증권,2025-08-08,2026-05-04 22:48:11.228582+00:00,https://consensus.hankyung.com/analysis/downpdf?report_idx=643075
3924,1,CJ ENM(035760) 부실한 실적 대비 알찬 내용,정지수,메리츠증권,2025-08-08,2026-05-04 22:48:11.228582+00:00,https://consensus.hankyung.com/analysis/downpdf?report_idx=643074
3925,1,코미코(183300) 파운드리 노출에 실적까지 겸비,이동주,SK증권,2025-08-08,2026-05-04 22:48:11.228582+00:00,https://consensus.hankyung.com/analysis/downpdf?report_idx=643073
3926,1,카카오(035720) 딱 맞아 떨어지는 타이밍,남효지,SK증권,2025-08-08,2026-05-04 22:48:11.228582+00:00,https://consensus.hankyung.com/analysis/downpdf?report_idx=643072
3927,1,넷마블(251270) 상반기 이익 < 하반기 이익,남효지,SK증권,2025-08-08,2026-05-04 22:48:11.228582+00:00,https://consensus.hankyung.com/analysis/downpdf?report_idx=643068
3928,1,"LIG넥스원(079550) 2Q25 Review: 비용투입 지속, 눈높이는 하반기로",최정환,LS증권,2025-08-08,2026-05-04 22:48:11.228582+00:00,https://consensus.hankyung.com/analysis/downpdf?report_idx=643066
3929,1,KT&G(033780) 해외 궐련과 부동산이 견인,박성호,LS증권,2025-08-08,2026-05-04 22:48:11.228582+00:00,https://consensus.hankyung.com/analysis/downpdf?report_idx=643065
3930,1,코미코(183300) 2Q25P Review: 미중 양방 수혜,차용호,LS증권,2025-08-08,2026-05-04 22:48:11.228582+00:00,https://consensus.hankyung.com/analysis/downpdf?report_idx=643064
3931,1,BGF리테일(282330) 2Q25 Review: 중대형 점포 중심 출점 전략,오린아,LS증권,2025-08-08,2026-05-04 22:48:11.228582+00:00,https://consensus.hankyung.com/analysis/downpdf?report_idx=643063
3932,1,한전KPS(051600) 원전 정비에서 해체까지. 중장기 원전 방향성 유효,성종화,LS증권,2025-08-08,2026-05-04 22:48:11.228582+00:00,https://consensus.hankyung.com/analysis/downpdf?report_idx=643062
3933,1,메쎄이상(408920) 2Q25 Review: 경상적인 성장 흐름 + 임차료 절감으로 OPM 개선,정우성,LS증권,2025-08-08,2026-05-04 22:48:11.228582+00:00,https://consensus.hankyung.com/analysis/downpdf?report_idx=643060
3934,1,LG화학(051910) 하반기 실적 부진 vs LGES 지분 활용 기대,"전유진,장호",iM증권,2025-08-08,2026-05-04 22:48:11.228582+00:00,https://consensus.hankyung.com/analysis/downpdf?report_idx=643059
3935,1,고려아연(010130) 펀더멘털은 양호하지만…,"김윤상,공도연",iM증권,2025-08-08,2026-05-04 22:48:11.228582+00:00,https://consensus.hankyung.com/analysis/downpdf?report_idx=643058
3936,1,KT&G(033780) 어느 하나 빠지는 것이 없다,이경신,iM증권,2025-08-08,2026-05-04 22:48:11.228582+00:00,https://consensus.hankyung.com/analysis/downpdf?report_idx=643057
3937,1,현대홈쇼핑(057050) 2Q25 Review : 홈쇼핑 질적 성장 지속,이진협,한화투자증권,2025-08-07,2026-05-04 22:48:11.228582+00:00,https://consensus.hankyung.com/analysis/downpdf?report_idx=643047
3938,1,현대백화점(069960) 2Q25 Review : 탄탄한 실적,이진협,한화투자증권,2025-08-07,2026-05-04 22:48:11.228582+00:00,https://consensus.hankyung.com/analysis/downpdf?report_idx=643046
3939,1,하이브(352820) 그럼에도 실적이 아닌 지표에 투자해야할 시기,박수영,한화투자증권,2025-08-07,2026-05-04 22:48:11.228582+00:00,https://consensus.hankyung.com/analysis/downpdf?report_idx=643045
3940,1,에이피알(278470) 말이 필요 없는 최선호주,한유정,한화투자증권,2025-08-07,2026-05-04 22:48:11.228582+00:00,https://consensus.hankyung.com/analysis/downpdf?report_idx=643044
3941,1,에스엠(041510) MD 화수분,박수영,한화투자증권,2025-08-07,2026-05-04 22:48:11.228582+00:00,https://consensus.hankyung.com/analysis/downpdf?report_idx=643043
3942,1,SK텔레콤(017670) 저점을 확인한 주가,최관순,SK증권,2025-08-07,2026-05-04 22:48:11.228582+00:00,https://consensus.hankyung.com/analysis/downpdf?report_idx=643041
3943,1,롯데에너지머티리얼즈(020150) CAPEX 축소 vs 미국 본토 진출,"박형우,권민규",SK증권,2025-08-07,2026-05-04 22:48:11.228582+00:00,https://consensus.hankyung.com/analysis/downpdf?report_idx=643040
3944,1,SK텔레콤(017670) 저점을 확인한 주가,최관순,SK증권,2025-08-07,2026-05-04 22:48:11.228582+00:00,https://consensus.hankyung.com/analysis/downpdf?report_idx=643038
3945,1,우리금융지주(316140) 비은행 강화 및 예상보다 빠른 CET1비율 개선,설용진,SK증권,2025-08-07,2026-05-04 22:48:11.228582+00:00,https://consensus.hankyung.com/analysis/downpdf?report_idx=643037
3946,1,신한지주(055550) 밸류에이션 갭 축소에 대한 기대감,설용진,SK증권,2025-08-07,2026-05-04 22:48:11.228582+00:00,https://consensus.hankyung.com/analysis/downpdf?report_idx=643036
3947,1,KB금융(105560) 은행주를 하나만 살 수 있다면,설용진,SK증권,2025-08-07,2026-05-04 22:48:11.228582+00:00,https://consensus.hankyung.com/analysis/downpdf?report_idx=643035
3948,1,카카오게임즈(293490) 기다림의 연속,남효지,SK증권,2025-08-07,2026-05-04 22:48:11.228582+00:00,https://consensus.hankyung.com/analysis/downpdf?report_idx=643033
3949,1,산일전기(062040) 2Q25 영업실적 대호조 & 당사 전망치 부합,성종화,LS증권,2025-08-07,2026-05-04 22:48:11.228582+00:00,https://consensus.hankyung.com/analysis/downpdf?report_idx=643031
3950,1,한국금융지주(071050) 상반기에만 1조 순이익,전배승,LS증권,2025-08-07,2026-05-04 22:48:11.228582+00:00,https://consensus.hankyung.com/analysis/downpdf?report_idx=643030
3951,1,카카오뱅크(323410) 탑라인 둔화추세 지속,전배승,LS증권,2025-08-07,2026-05-04 22:48:11.228582+00:00,https://consensus.hankyung.com/analysis/downpdf?report_idx=643029
3952,1,롯데렌탈(089860) 하반기 반등의 서막,이병근,LS증권,2025-08-07,2026-05-04 22:48:11.228582+00:00,https://consensus.hankyung.com/analysis/downpdf?report_idx=643028
3953,1,현대백화점(069960) 2Q25 Review: 양호한 실적,오린아,LS증권,2025-08-07,2026-05-04 22:48:11.228582+00:00,https://consensus.hankyung.com/analysis/downpdf?report_idx=643027
3954,1,한화에어로스페이스(012450) [NDR 후기] 글로벌 사업 전략 구체화,최정환,LS증권,2025-08-07,2026-05-04 22:48:11.228582+00:00,https://consensus.hankyung.com/analysis/downpdf?report_idx=643026
3955,1,하이브(352820) 내년 실적을 기대하며,황지원,iM증권,2025-08-07,2026-05-04 22:48:11.228582+00:00,https://consensus.hankyung.com/analysis/downpdf?report_idx=643025
3956,1,셀트리온(068270) 실적은 좋았지만 짐펜트라는 아쉬웠다,정재원,iM증권,2025-08-07,2026-05-04 22:48:11.228582+00:00,https://consensus.hankyung.com/analysis/downpdf?report_idx=643024
3957,1,에스엠(041510) 사상 최대 MD 실적 기록,황지원,iM증권,2025-08-07,2026-05-04 22:48:11.228582+00:00,https://consensus.hankyung.com/analysis/downpdf?report_idx=643023
3958,1,이수스페셜티케미컬(457190) 황화리튬 투자로 전고체 전지 첫 걸음을 떼다,노우호,메리츠증권,2025-08-06,2026-05-04 22:48:11.228582+00:00,https://consensus.hankyung.com/analysis/downpdf?report_idx=643021
3959,1,"SK바이오팜(326030) 2Q25 Review: 어닝 서프라이즈, 탄탄대로",이선경,SK증권,2025-08-06,2026-05-04 22:48:11.228582+00:00,https://consensus.hankyung.com/analysis/downpdf?report_idx=643014
3960,1,토비스(051360) 일회성 이익 없이 서프라이즈!,"권민규,박형우",SK증권,2025-08-06,2026-05-04 22:48:11.228582+00:00,https://consensus.hankyung.com/analysis/downpdf?report_idx=643013
3961,1,롯데웰푸드(280360) 일회성 비용 제외하면 컨센서스 부합,박성호,LS증권,2025-08-06,2026-05-04 22:48:11.228582+00:00,https://consensus.hankyung.com/analysis/downpdf?report_idx=643011
3962,1,DB하이텍(000990) NDR 후기: 2H25부터 실적의 차별화 전망,차용호,LS증권,2025-08-06,2026-05-04 22:48:11.228582+00:00,https://consensus.hankyung.com/analysis/downpdf?report_idx=643010
3963,1,케이아이엔엑스(093320) 2Q25 Review: 과천 데이터센터 가동 중,정우성,LS증권,2025-08-06,2026-05-04 22:48:11.228582+00:00,https://consensus.hankyung.com/analysis/downpdf?report_idx=643009
3964,1,"현대로템(064350) 2Q25 Review: 견고한 마진율, 기대되는 추가수주",최정환,LS증권,2025-08-06,2026-05-04 22:48:11.228582+00:00,https://consensus.hankyung.com/analysis/downpdf?report_idx=643008
3965,1,KCC(002380) 예상보다 더 견조한 펀더멘탈에 금융자산까지,정경희,LS증권,2025-08-06,2026-05-04 22:48:11.228582+00:00,https://consensus.hankyung.com/analysis/downpdf?report_idx=643007
3966,1,뷰웍스(100120) 2Q25 Review: 영업이익 큰 폭 증가,정홍식,LS증권,2025-08-06,2026-05-04 22:48:11.228582+00:00,https://consensus.hankyung.com/analysis/downpdf?report_idx=643006
3967,1,에코프로비엠(247540) 어닝 서프라이즈 다시 보기,정경희,LS증권,2025-08-06,2026-05-04 22:48:11.228582+00:00,https://consensus.hankyung.com/analysis/downpdf?report_idx=643005
3968,1,"현대로템(064350) K2 전차, Blitzkrieg(전격전) 시작!",변용진,iM증권,2025-08-06,2026-05-04 22:48:11.228582+00:00,https://consensus.hankyung.com/analysis/downpdf?report_idx=643004
3969,1,LG전자(066570) [NDR 후기] 반등 조건 모색,고의영,iM증권,2025-08-06,2026-05-04 22:48:11.228582+00:00,https://consensus.hankyung.com/analysis/downpdf?report_idx=643003
3970,1,비에이치(090460) 바닥 통과,"양승수,우서현",메리츠증권,2025-08-05,2026-05-04 22:48:11.228582+00:00,https://consensus.hankyung.com/analysis/downpdf?report_idx=642999
3971,1,롯데칠성(005300) 해외 모멘텀 강화,정한솔,대신증권,2025-08-05,2026-05-04 22:48:11.228582+00:00,https://consensus.hankyung.com/analysis/downpdf?report_idx=642994
3972,1,롯데칠성(005300) 해외가 살렸다,김태현,IBK투자증권,2025-08-05,2026-05-04 22:48:11.228582+00:00,https://consensus.hankyung.com/analysis/downpdf?report_idx=642992
3973,1,선익시스템(171090) 퀀텀 점프를 보아라,허준서,유진투자증권,2025-08-05,2026-05-04 22:48:11.228582+00:00,https://consensus.hankyung.com/analysis/downpdf?report_idx=642983
3974,1,"뷰웍스(100120) 2Q25 Review: 북미, 유럽 증가세 전환",박종선,유진투자증권,2025-08-05,2026-05-04 22:48:11.228582+00:00,https://consensus.hankyung.com/analysis/downpdf?report_idx=642982
3975,1,"비에이치(090460) 2Q25 Review: 바텀아웃, 성장 구간 재진입",이주형,유진투자증권,2025-08-05,2026-05-04 22:48:11.228582+00:00,https://consensus.hankyung.com/analysis/downpdf?report_idx=642981
3976,1,DB하이텍(000990) 2Q25 Review: 파운드리 맑음,임소정,유진투자증권,2025-08-05,2026-05-04 22:48:11.228582+00:00,https://consensus.hankyung.com/analysis/downpdf?report_idx=642980
3977,1,비에이치(090460) 실적 반등보다 더 중요한 경쟁구도 변화,"박형우,권민규",SK증권,2025-08-05,2026-05-04 22:48:11.228582+00:00,https://consensus.hankyung.com/analysis/downpdf?report_idx=642976
3978,1,이녹스첨단소재(272290) 새로운 성장동력을 준비하는 시기,"권민규,박형우",SK증권,2025-08-05,2026-05-04 22:48:11.228582+00:00,https://consensus.hankyung.com/analysis/downpdf?report_idx=642975
3979,1,한화(000880) 높은 주가 상승 잠재력,최관순,SK증권,2025-08-05,2026-05-04 22:48:11.228582+00:00,https://consensus.hankyung.com/analysis/downpdf?report_idx=642974
3980,1,롯데칠성(005300) 해외 사업 수익성 개선 효과,박성호,LS증권,2025-08-05,2026-05-04 22:48:11.228582+00:00,https://consensus.hankyung.com/analysis/downpdf?report_idx=642972
3981,1,롯데칠성(005300) 음료 레버리지 효과를 통한 반전 기대,이경신,iM증권,2025-08-05,2026-05-04 22:48:11.228582+00:00,https://consensus.hankyung.com/analysis/downpdf?report_idx=642971
3982,1,"풍산(103140) 일회성비용 걷어내면 견조한 본업, 그러나 관세 이슈는 상존",장재혁,메리츠증권,2025-08-04,2026-05-04 22:48:11.228582+00:00,https://consensus.hankyung.com/analysis/downpdf?report_idx=642964
3983,1,아모레퍼시픽(090430) 2Q25 Re: K 뷰티 대기업으로 진화 중,박종대,메리츠증권,2025-08-04,2026-05-04 22:48:11.228582+00:00,https://consensus.hankyung.com/analysis/downpdf?report_idx=642963
3984,1,한솔제지(213500) 2Q25 Review: 높은 배당수익률 기대,박종선,유진투자증권,2025-08-04,2026-05-04 22:48:11.228582+00:00,https://consensus.hankyung.com/analysis/downpdf?report_idx=642952
3985,1,금호타이어(073240) 예상보다 빠른 회복속도 기대,유민기,상상인증권,2025-08-04,2026-05-04 22:48:11.228582+00:00,https://consensus.hankyung.com/analysis/downpdf?report_idx=642951
3986,1,"삼성SDI(006400) 기대치 하회, ESS 장기성장에 대한 기대",유민기,상상인증권,2025-08-04,2026-05-04 22:48:11.228582+00:00,https://consensus.hankyung.com/analysis/downpdf?report_idx=642950
3987,1,"아이엠비디엑스(461030) 암진단 액체생검 기술은 완성됐다, 이제는 확산의 시간","김승준,박규연",한국IR협의회,2025-08-04,2026-05-04 22:48:11.228582+00:00,https://consensus.hankyung.com/analysis/downpdf?report_idx=642942
3988,1,네오팜(092730) 2Q25 Re: 3 분기가 더 기대되는 해외 모멘텀,박종대,메리츠증권,2025-08-04,2026-05-04 22:48:11.228582+00:00,https://consensus.hankyung.com/analysis/downpdf?report_idx=642940
3989,1,LG생활건강(051900) 단기 회복은 어려울 전망,정한솔,대신증권,2025-08-04,2026-05-04 22:48:11.228582+00:00,https://consensus.hankyung.com/analysis/downpdf?report_idx=642936
3990,1,아모레퍼시픽(090430) 안정적인 실적과 성장성,정한솔,대신증권,2025-08-04,2026-05-04 22:48:11.228582+00:00,https://consensus.hankyung.com/analysis/downpdf?report_idx=642934
3991,1,덕산네오룩스(213420) 마지막 쉬어가는 구간,강민구,IBK투자증권,2025-08-04,2026-05-04 22:48:11.228582+00:00,https://consensus.hankyung.com/analysis/downpdf?report_idx=642930
3992,1,삼성중공업(010140) 2Q25 NDR 후기: 늦바람이 무서울 것이다,오지훈,IBK투자증권,2025-08-04,2026-05-04 22:48:11.228582+00:00,https://consensus.hankyung.com/analysis/downpdf?report_idx=642929
3993,1,TKG휴켐스(069260) 역내/외 TDI 업체 생산차질로 반사수혜 발생,이동욱,IBK투자증권,2025-08-04,2026-05-04 22:48:11.228582+00:00,https://consensus.hankyung.com/analysis/downpdf?report_idx=642925
3994,1,풍산(103140) 잠시 숨을 고르자,"김윤상,",iM증권,2025-08-04,2026-05-04 22:48:11.228582+00:00,https://consensus.hankyung.com/analysis/downpdf?report_idx=642923
3995,1,"에스원(012750) 실적개선, 배당성향, 자사주 등 세 개의 화살","이상헌,장호",iM증권,2025-08-04,2026-05-04 22:48:11.228582+00:00,https://consensus.hankyung.com/analysis/downpdf?report_idx=642922
3996,1,"대한전선(001440) 성장의 3박자: 수주잔고, 해저케이블, 에너지 고속도로","이상헌,장호",iM증권,2025-08-04,2026-05-04 22:48:11.228582+00:00,https://consensus.hankyung.com/analysis/downpdf?report_idx=642920
3997,1,"정상제이엘에스(040420) 배당메리트 높고, 2026년 이익 개선 기대감",정홍식,LS증권,2025-08-04,2026-05-04 22:48:11.228582+00:00,https://consensus.hankyung.com/analysis/downpdf?report_idx=642919
3998,1,지니언스(263860) 2Q25 Review: 하반기에 매출액 집중 예상,정우성,LS증권,2025-08-04,2026-05-04 22:48:11.228582+00:00,https://consensus.hankyung.com/analysis/downpdf?report_idx=642918
3999,1,아모레퍼시픽(090430) 2Q25 Review: 오랜만에 반가운 실적,오린아,LS증권,2025-08-04,2026-05-04 22:48:11.228582+00:00,https://consensus.hankyung.com/analysis/downpdf?report_idx=642917
4000,1,풍산(103140) 성장엔 이상 무,이유진,유진투자증권,2025-08-04,2026-05-04 22:48:11.228582+00:00,https://consensus.hankyung.com/analysis/downpdf?report_idx=642914
4001,1,아모레퍼시픽(090430) 2Q25Review:작년2분기는잊었다,이해니,유진투자증권,2025-08-04,2026-05-04 22:48:11.228582+00:00,https://consensus.hankyung.com/analysis/downpdf?report_idx=642913
4002,1,금호석유화학(011780) 예상 수준의 실적,황성현,유진투자증권,2025-08-04,2026-05-04 22:48:11.228582+00:00,https://consensus.hankyung.com/analysis/downpdf?report_idx=642912
4003,1,LX인터내셔널(001120) 이제는 자원보다 물류,황성현,유진투자증권,2025-08-04,2026-05-04 22:48:11.228582+00:00,https://consensus.hankyung.com/analysis/downpdf?report_idx=642911
4004,1,녹십자(006280) 2Q25P Review: 주력 제품 성장 확인,권해순,유진투자증권,2025-08-04,2026-05-04 22:48:11.228582+00:00,https://consensus.hankyung.com/analysis/downpdf?report_idx=642910
4005,1,SK이노베이션(096770) 무조건 개선되어야 하는 SKon,이용욱,한화투자증권,2025-08-01,2026-05-04 22:48:11.228582+00:00,https://consensus.hankyung.com/analysis/downpdf?report_idx=642908
4006,1,POSCO홀딩스(005490) 철강 개선 모멘텀 가시화,권지우,한화투자증권,2025-08-01,2026-05-04 22:48:11.228582+00:00,https://consensus.hankyung.com/analysis/downpdf?report_idx=642907
4007,1,LG생활건강(051900) 보수적 접근 필요,한유정,한화투자증권,2025-08-01,2026-05-04 22:48:11.228582+00:00,https://consensus.hankyung.com/analysis/downpdf?report_idx=642906
4008,1,F&F(383220) 2Q25 Review : 실망하기엔 아직 일러요,이진협,한화투자증권,2025-08-01,2026-05-04 22:48:11.228582+00:00,https://consensus.hankyung.com/analysis/downpdf?report_idx=642905
4009,1,"삼성전기(009150) MLCC의 뚝심, 가동률과 재고가 증명","박형우,권민규",SK증권,2025-08-01,2026-05-04 22:48:11.228582+00:00,https://consensus.hankyung.com/analysis/downpdf?report_idx=642903
4010,1,"대웅제약(069620) 2Q25 Re: 컨센 상회, 하반기에도 이어질 호실적",이선경,SK증권,2025-08-01,2026-05-04 22:48:11.228582+00:00,https://consensus.hankyung.com/analysis/downpdf?report_idx=642902
4011,1,삼성SDI(006400) 보급형 라인업 진입 > 셀 3사 간 경쟁심화,"박형우,권민규",SK증권,2025-08-01,2026-05-04 22:48:11.228582+00:00,https://consensus.hankyung.com/analysis/downpdf?report_idx=642901
4012,1,HD한국조선해양(009540) 자회사들의 이익 성장 견인 지속,한승한,SK증권,2025-08-01,2026-05-04 22:48:11.228582+00:00,https://consensus.hankyung.com/analysis/downpdf?report_idx=642900
4013,1,HD현대중공업(329180) 다수의 해외 거점 진출 모멘텀 기대,한승한,SK증권,2025-08-01,2026-05-04 22:48:11.228582+00:00,https://consensus.hankyung.com/analysis/downpdf?report_idx=642899
4014,1,HD현대미포(010620) 점점 속도 붙는다,한승한,SK증권,2025-08-01,2026-05-04 22:48:11.228582+00:00,https://consensus.hankyung.com/analysis/downpdf?report_idx=642898
4015,1,"F&F(383220) 국내 부진, 중국은 회복세 지속",형권훈,SK증권,2025-08-01,2026-05-04 22:48:11.228582+00:00,https://consensus.hankyung.com/analysis/downpdf?report_idx=642897
4016,1,"DL이앤씨(375500) 기대감도 있고, 챌린지도 있다",김세련,LS증권,2025-08-01,2026-05-04 22:48:11.228582+00:00,https://consensus.hankyung.com/analysis/downpdf?report_idx=642896
4017,1,대우건설(047040) [NDR 후기] 채워갈 개선의 그림,김세련,LS증권,2025-08-01,2026-05-04 22:48:11.228582+00:00,https://consensus.hankyung.com/analysis/downpdf?report_idx=642894
4018,1,LG생활건강(051900) 2Q25 Review: 체력 재정비,오린아,LS증권,2025-08-01,2026-05-04 22:48:11.228582+00:00,https://consensus.hankyung.com/analysis/downpdf?report_idx=642893
4019,1,대웅제약(069620) 2Q25 Review: 컨센서스 상회,신지훈,LS증권,2025-08-01,2026-05-04 22:48:11.228582+00:00,https://consensus.hankyung.com/analysis/downpdf?report_idx=642892
4020,1,한미반도체(042700) Logic향 하이브리드 본더 시장 진출,차용호,LS증권,2025-08-01,2026-05-04 22:48:11.228582+00:00,https://consensus.hankyung.com/analysis/downpdf?report_idx=642891
4021,1,에이치시티(072990) 시험인증 기관의 성장성,정홍식,LS증권,2025-08-01,2026-05-04 22:48:11.228582+00:00,https://consensus.hankyung.com/analysis/downpdf?report_idx=642890
4022,1,HD현대중공업(329180) 2Q25 Review: 조선-해양-엔진 삼중주,이재혁,LS증권,2025-08-01,2026-05-04 22:48:11.228582+00:00,https://consensus.hankyung.com/analysis/downpdf?report_idx=642889
4023,1,"HD현대중공업(329180) 2Q25: 실적이 하방을, 기대가 상방을",변용진,iM증권,2025-08-01,2026-05-04 22:48:11.228582+00:00,https://consensus.hankyung.com/analysis/downpdf?report_idx=642888
4024,1,삼성SDI(006400) 실적 부진 흐름 예상되나 ESS 성장성 주목,정원석,iM증권,2025-08-01,2026-05-04 22:48:11.228582+00:00,https://consensus.hankyung.com/analysis/downpdf?report_idx=642887
4025,1,삼성전기(009150) TSLA發 주가 급등에 대한 생각,고의영,iM증권,2025-08-01,2026-05-04 22:48:11.228582+00:00,https://consensus.hankyung.com/analysis/downpdf?report_idx=642886
4026,1,NH투자증권(005940) 불확실성 감안하여 일단 지켜보기,설용진,SK증권,2025-08-01,2026-05-04 22:48:11.228582+00:00,https://consensus.hankyung.com/analysis/downpdf?report_idx=642885
4027,1,BNK금융지주(138930) BNK금융지주 2Q25 실적 Comment: 크게 높아진 자사주 매입/소각 규모...,설용진,SK증권,2025-08-01,2026-05-04 22:48:11.228582+00:00,https://consensus.hankyung.com/analysis/downpdf?report_idx=642884
4028,1,삼성카드(029780) 삼성카드 NDR 후기: 분명히 어려운 업황이나 안정적으로 관리 중,설용진,SK증권,2025-08-01,2026-05-04 22:48:11.228582+00:00,https://consensus.hankyung.com/analysis/downpdf?report_idx=642883
4029,1,NH투자증권(005940) 성장을 위한 증자이긴 하나,전배승,LS증권,2025-08-01,2026-05-04 22:48:11.228582+00:00,https://consensus.hankyung.com/analysis/downpdf?report_idx=642881
4030,1,BNK금융지주(138930) 실적개선과 주주환원 확대 병행,전배승,LS증권,2025-08-01,2026-05-04 22:48:11.228582+00:00,https://consensus.hankyung.com/analysis/downpdf?report_idx=642880
4031,1,"한화에어로스페이스(012450) 2Q25 Review: 폴란드향 인도 집중, 놀라운 마진율",최정환,LS증권,2025-08-01,2026-05-04 22:48:11.228582+00:00,https://consensus.hankyung.com/analysis/downpdf?report_idx=642879
4032,1,팬오션(028670) 시황 부진에도 안정적 실적 지속,배세호,iM증권,2025-08-01,2026-05-04 22:48:11.228582+00:00,https://consensus.hankyung.com/analysis/downpdf?report_idx=642878
4033,1,"한화에어로스페이스(012450) 2Q25: 비공개 수주라도 괜찮아, 좋으니까",변용진,iM증권,2025-08-01,2026-05-04 22:48:11.228582+00:00,https://consensus.hankyung.com/analysis/downpdf?report_idx=642876
4034,1,POSCO홀딩스(005490) 기대감이 현실이 될 수 있을까?,"김윤상,공도연",iM증권,2025-08-01,2026-05-04 22:48:11.228582+00:00,https://consensus.hankyung.com/analysis/downpdf?report_idx=642875
4035,1,세아베스틸지주(001430) Valuation 추가 상향을 위해서는?,"김윤상,공도연",iM증권,2025-08-01,2026-05-04 22:48:11.228582+00:00,https://consensus.hankyung.com/analysis/downpdf?report_idx=642874
4036,1,ISC(095340) AI 반도체와 신사업이 주도할 하반기,김동관,메리츠증권,2025-07-31,2026-05-04 22:48:11.228582+00:00,https://consensus.hankyung.com/analysis/downpdf?report_idx=642873
4037,1,SKC(011790) 2Q25 Review,노우호,메리츠증권,2025-07-31,2026-05-04 22:48:11.228582+00:00,https://consensus.hankyung.com/analysis/downpdf?report_idx=642872
4038,1,넥센타이어(002350) 관세 비용 최소화 확인 필요,김준성,메리츠증권,2025-07-31,2026-05-04 22:48:11.228582+00:00,https://consensus.hankyung.com/analysis/downpdf?report_idx=642869
4039,1,엘앤에프(066970) 2Q25 Review,노우호,메리츠증권,2025-07-31,2026-05-04 22:48:11.228582+00:00,https://consensus.hankyung.com/analysis/downpdf?report_idx=642865
4040,1,유한양행(000100) 2Q25 Review: 하반기 모멘텀에 집중,김준영,메리츠증권,2025-07-31,2026-05-04 22:48:11.228582+00:00,https://consensus.hankyung.com/analysis/downpdf?report_idx=642864
4041,1,"주성엔지니어링(036930) 달라지지 않은 그림, 내년을 바라볼 시점",김동관,메리츠증권,2025-07-31,2026-05-04 22:48:11.228582+00:00,https://consensus.hankyung.com/analysis/downpdf?report_idx=642860
4042,1,콘텐트리중앙(036420) 방송 사업부터 먼저 회복,정지수,메리츠증권,2025-07-31,2026-05-04 22:48:11.228582+00:00,https://consensus.hankyung.com/analysis/downpdf?report_idx=642859
4043,1,"키움증권(039490) 최대실적 시현, 증시활성화 대표 수혜주",전배승,LS증권,2025-07-31,2026-05-04 22:48:11.228582+00:00,https://consensus.hankyung.com/analysis/downpdf?report_idx=642857
4044,1,HPSP(403870) 2Q25 Preview: 위기가 기회로 바뀌는 구간,차용호,LS증권,2025-07-31,2026-05-04 22:48:11.228582+00:00,https://consensus.hankyung.com/analysis/downpdf?report_idx=642856
4045,1,덴티움(145720) 중국 매출 반등 속도에 대한 관심,조은애,LS증권,2025-07-31,2026-05-04 22:48:11.228582+00:00,https://consensus.hankyung.com/analysis/downpdf?report_idx=642855
4046,1,제이브이엠(054950) 카운트메이트와 메니스 수출 성장에 대한 관심,조은애,LS증권,2025-07-31,2026-05-04 22:48:11.228582+00:00,https://consensus.hankyung.com/analysis/downpdf?report_idx=642854
4047,1,HK이노엔(195940) 2Q25 Re: 기대할 것이 많은 하반기,이선경,SK증권,2025-07-31,2026-05-04 22:48:11.228582+00:00,https://consensus.hankyung.com/analysis/downpdf?report_idx=642852
4048,1,"SK아이이테크놀로지(361610) 출하량 반등, 수익성 회복 모색 중","박형우,권민규",SK증권,2025-07-31,2026-05-04 22:48:11.228582+00:00,https://consensus.hankyung.com/analysis/downpdf?report_idx=642851
4049,1,키움증권(039490) 높은 베타의 이유,설용진,SK증권,2025-07-31,2026-05-04 22:48:11.228582+00:00,https://consensus.hankyung.com/analysis/downpdf?report_idx=642850
4050,1,SK(034730) 리밸런싱 승부수,최관순,SK증권,2025-07-31,2026-05-04 22:48:11.228582+00:00,https://consensus.hankyung.com/analysis/downpdf?report_idx=642849
4051,1,"주성엔지니어링(036930) 중국 장비 셋업 지연, 시선은 PO로",이동주,SK증권,2025-07-31,2026-05-04 22:48:11.228582+00:00,https://consensus.hankyung.com/analysis/downpdf?report_idx=642848
4052,1,"한화시스템(272210) 2Q25 Review: 필리조선소 비용 반영, 26년을 기대",최정환,LS증권,2025-07-31,2026-05-04 22:48:11.228582+00:00,https://consensus.hankyung.com/analysis/downpdf?report_idx=642847
4053,1,GS건설(006360) 선택과 집중,김세련,LS증권,2025-07-31,2026-05-04 22:48:11.228582+00:00,https://consensus.hankyung.com/analysis/downpdf?report_idx=642846
4054,1,"HK이노엔(195940) 음료 회수로 인한 단기 차질 발생, 성장은 지속",신지훈,LS증권,2025-07-31,2026-05-04 22:48:11.228582+00:00,https://consensus.hankyung.com/analysis/downpdf?report_idx=642845
4055,1,효성중공업(298040) HVDC용 변압기 공장 신설 공시,성종화,LS증권,2025-07-31,2026-05-04 22:48:11.228582+00:00,https://consensus.hankyung.com/analysis/downpdf?report_idx=642843
4056,1,크래프톤(259960) 더욱 중요해진 PUBG 트래픽,남효지,SK증권,2025-07-30,2026-05-04 22:48:11.228582+00:00,https://consensus.hankyung.com/analysis/downpdf?report_idx=642837
4057,1,한화오션(042660) 환율 하락에도 서프라이즈 시현,한승한,SK증권,2025-07-30,2026-05-04 22:48:11.228582+00:00,https://consensus.hankyung.com/analysis/downpdf?report_idx=642835
4058,1,칩스앤미디어(094360) 미국의 반도체 규제는 생각보다 강했다,정우성,LS증권,2025-07-30,2026-05-04 22:48:11.228582+00:00,https://consensus.hankyung.com/analysis/downpdf?report_idx=642830
4059,1,"한국항공우주(047810) 2Q25 Review: 무난한 실적, 기대되는 하반기",최정환,LS증권,2025-07-30,2026-05-04 22:48:11.228582+00:00,https://consensus.hankyung.com/analysis/downpdf?report_idx=642829
4060,1,"대우건설(047040) 변동성은 있지만, 개선 중",김세련,LS증권,2025-07-30,2026-05-04 22:48:11.228582+00:00,https://consensus.hankyung.com/analysis/downpdf?report_idx=642828
4061,1,대교(019680) 2Q25 Review: 시니어 사업 외형확대 진행 중,정홍식,LS증권,2025-07-30,2026-05-04 22:48:11.228582+00:00,https://consensus.hankyung.com/analysis/downpdf?report_idx=642827
4062,1,JB금융지주(175330) 주주환원 확대와 성장전략 병행,전배승,LS증권,2025-07-30,2026-05-04 22:48:11.228582+00:00,https://consensus.hankyung.com/analysis/downpdf?report_idx=642825
4063,1,한화오션(042660) 2Q25 Review: 사뿐사뿐,이재혁,LS증권,2025-07-30,2026-05-04 22:48:11.228582+00:00,https://consensus.hankyung.com/analysis/downpdf?report_idx=642824
4064,1,한화(000880) 남들보다 빠르게,양승윤,유진투자증권,2025-07-30,2026-05-04 22:48:11.228582+00:00,https://consensus.hankyung.com/analysis/downpdf?report_idx=642823
4065,1,한화시스템(272210) 2Q25: 단기 실적보다 멀리 볼 필요,변용진,iM증권,2025-07-30,2026-05-04 22:48:11.228582+00:00,https://consensus.hankyung.com/analysis/downpdf?report_idx=642820
4066,1,크래프톤(259960) 컨센 하회에도 웃을 수 있는 이유,정의훈,유진투자증권,2025-07-30,2026-05-04 22:48:11.228582+00:00,https://consensus.hankyung.com/analysis/downpdf?report_idx=642819
4067,1,칩스앤미디어(094360) 2Q25P Review: 일본 R사 고객 확보,박종선,한화투자증권,2025-07-30,2026-05-04 22:48:11.228582+00:00,https://consensus.hankyung.com/analysis/downpdf?report_idx=642818
4068,1,이지바이오(353810) 관세협상 이면에 글로벌 축산 공급망 재편 있다,허준서,유진투자증권,2025-07-30,2026-05-04 22:48:11.228582+00:00,https://consensus.hankyung.com/analysis/downpdf?report_idx=642817
4069,1,강원랜드(035250) 언젠간 한 번쯤은 돌아봐 주겠죠,이현지,유진투자증권,2025-07-30,2026-05-04 22:48:11.228582+00:00,https://consensus.hankyung.com/analysis/downpdf?report_idx=642815
4070,1,롯데하이마트(071840) 2분기 1회성? 아니 펀더멘탈 회복 구간,남성현,IBK투자증권,2025-07-30,2026-05-04 22:48:11.228582+00:00,https://consensus.hankyung.com/analysis/downpdf?report_idx=642811
4071,1,"한화시스템(272210) [2Q25 Review] 예견된 성장통, 더 강해질 필리",배성조,한화투자증권,2025-07-30,2026-05-04 22:48:11.228582+00:00,https://consensus.hankyung.com/analysis/downpdf?report_idx=642808
4072,1,"대우건설(047040) 주택 공급도, 마진도 상향",송유림,한화투자증권,2025-07-30,2026-05-04 22:48:11.228582+00:00,https://consensus.hankyung.com/analysis/downpdf?report_idx=642806
4073,1,"한화오션(042660) 2Q25: 실적이 깡패인데, 미국과 북극도 있다",변용진,iM증권,2025-07-30,2026-05-04 22:48:11.228582+00:00,https://consensus.hankyung.com/analysis/downpdf?report_idx=642805
4074,1,대덕전자(353200) PKG 8600억원+MLB 6400억원,고의영,iM증권,2025-07-30,2026-05-04 22:48:11.228582+00:00,https://consensus.hankyung.com/analysis/downpdf?report_idx=642804
4075,1,샘씨엔에스(252990) 2Q25 Review: 영업이익 +13.5% YoY,정홍식,LS증권,2025-07-29,2026-05-04 22:48:11.228582+00:00,https://consensus.hankyung.com/analysis/downpdf?report_idx=642803
4076,1,CJ대한통운(000120) 2Q25 Preview: 추진력을 얻기 위함,이재혁,LS증권,2025-07-29,2026-05-04 22:48:11.228582+00:00,https://consensus.hankyung.com/analysis/downpdf?report_idx=642802
4077,1,RFHIC(218410) 2Q25 실적 코멘트: 방산부문 수출사업 호조,최정환,LS증권,2025-07-29,2026-05-04 22:48:11.228582+00:00,https://consensus.hankyung.com/analysis/downpdf?report_idx=642801
4078,1,산일전기(062040) 2Q25 영업실적 컨센서스 초과 전망,성종화,LS증권,2025-07-29,2026-05-04 22:48:11.228582+00:00,https://consensus.hankyung.com/analysis/downpdf?report_idx=642799
4079,1,두산밥캣(241560) 하반기를 위한 포석,장윤석,유안타증권,2025-07-29,2026-05-04 22:48:11.228582+00:00,https://consensus.hankyung.com/analysis/downpdf?report_idx=642797
4080,1,iM금융지주(139130) 눈에 보이기 시작한 실적 개선,우도형,유안타증권,2025-07-29,2026-05-04 22:48:11.228582+00:00,https://consensus.hankyung.com/analysis/downpdf?report_idx=642794
4081,1,효성(004800) 지분법 이익 증가로 깜짝 실적,양지환,대신증권,2025-07-29,2026-05-04 22:48:11.228582+00:00,https://consensus.hankyung.com/analysis/downpdf?report_idx=642793
4082,1,현대오토에버(307950) 일희일비할 필요 없이 보면 됩니다,김귀연,대신증권,2025-07-29,2026-05-04 22:48:11.228582+00:00,https://consensus.hankyung.com/analysis/downpdf?report_idx=642792
4083,1,삼성전자(005930) Top Pick 의견 유지,류형근,대신증권,2025-07-29,2026-05-04 22:48:11.228582+00:00,https://consensus.hankyung.com/analysis/downpdf?report_idx=642790
4084,1,iM금융지주(139130) iM금융지주 2Q25 실적 Comment: 정상화된 이익 확인,설용진,SK증권,2025-07-29,2026-05-04 22:48:11.228582+00:00,https://consensus.hankyung.com/analysis/downpdf?report_idx=642785
4085,1,iM금융지주(139130) 실적개선과 주주환원 확대 병행,전배승,LS증권,2025-07-29,2026-05-04 22:48:11.228582+00:00,https://consensus.hankyung.com/analysis/downpdf?report_idx=642783
4086,1,현대오토에버(307950) 변함없는 방향성,이병근,LS증권,2025-07-29,2026-05-04 22:48:11.228582+00:00,https://consensus.hankyung.com/analysis/downpdf?report_idx=642781
4087,1,호텔신라(008770) 2분기 실적 쇼크보다는 호텔 가치 상승에 주목,남성현,IBK투자증권,2025-07-29,2026-05-04 22:48:11.228582+00:00,https://consensus.hankyung.com/analysis/downpdf?report_idx=642780
4088,1,에이치엔에스하이텍(044990) IoT 내 회로 미세화에 대응하는 ACF 공급,정우성,LS증권,2025-07-29,2026-05-04 22:48:11.228582+00:00,https://consensus.hankyung.com/analysis/downpdf?report_idx=642778
4089,1,고영(098460) 시작이 반이다⇒향후 3년안에 미국에서 100대 판매,"이상헌,장호",iM증권,2025-07-29,2026-05-04 22:48:11.228582+00:00,https://consensus.hankyung.com/analysis/downpdf?report_idx=642775
4090,1,JYP Ent.(035900) 2분기 실적이 만들어낼 나비효과,김유혁,IBK투자증권,2025-07-29,2026-05-04 22:48:11.228582+00:00,https://consensus.hankyung.com/analysis/downpdf?report_idx=642771
4091,1,교촌에프앤비(339770) 2분기 부진에도 긍정적인 이유,남성현,IBK투자증권,2025-07-29,2026-05-04 22:48:11.228582+00:00,https://consensus.hankyung.com/analysis/downpdf?report_idx=642770
4092,1,iM금융지주(139130) 계열 증권사의 정상화 지속,김도하,한화투자증권,2025-07-29,2026-05-04 22:48:11.228582+00:00,https://consensus.hankyung.com/analysis/downpdf?report_idx=642762
4093,1,하나금융지주(086790) 지나치기 어려운 너무나도 좋은 가성비,설용진,SK증권,2025-07-28,2026-05-04 22:48:11.228582+00:00,https://consensus.hankyung.com/analysis/downpdf?report_idx=642760
4094,1,신한지주(055550) 지나치기 어려운 너무나도 좋은 가성비,설용진,SK증권,2025-07-28,2026-05-04 22:48:11.228582+00:00,https://consensus.hankyung.com/analysis/downpdf?report_idx=642759
4095,1,우리금융지주(316140) 괄목할만한 CET1비율 개선,설용진,SK증권,2025-07-28,2026-05-04 22:48:11.228582+00:00,https://consensus.hankyung.com/analysis/downpdf?report_idx=642758
4096,1,기아(000270) 수익성 하락보다는 MS 확대가 긍정적,"윤혁진,박준형",SK증권,2025-07-28,2026-05-04 22:48:11.228582+00:00,https://consensus.hankyung.com/analysis/downpdf?report_idx=642757
4097,1,현대차(005380) 관세비용에도 불구하고 양호한 실적,"윤혁진,박준형진",SK증권,2025-07-28,2026-05-04 22:48:11.228582+00:00,https://consensus.hankyung.com/analysis/downpdf?report_idx=642756
4098,1,현대모비스(012330) 북미전동화 공장의 흑전과 고성장,"윤혁진,박준형",SK증권,2025-07-28,2026-05-04 22:48:11.228582+00:00,https://consensus.hankyung.com/analysis/downpdf?report_idx=642755
4099,1,LG전자(066570) 글로벌 스윙생산체계로 관세 영향 방어,"박형우,권민규",SK증권,2025-07-28,2026-05-04 22:48:11.228582+00:00,https://consensus.hankyung.com/analysis/downpdf?report_idx=642754
4100,1,이랜텍(054210) 본업 턴어라운드 + 배터리팩 신사업 본격화,허선재,SK증권,2025-07-28,2026-05-04 22:48:11.228582+00:00,https://consensus.hankyung.com/analysis/downpdf?report_idx=642752
4101,1,한미약품(128940) 2Q25 Review: 판관비 효율화로 수익성 개선,이선경,SK증권,2025-07-28,2026-05-04 22:48:11.228582+00:00,https://consensus.hankyung.com/analysis/downpdf?report_idx=642751
4102,1,"LG에너지솔루션(373220) 손익개선은 이어지나, 하반기는 여전히 불편","박형우,권민규",SK증권,2025-07-28,2026-05-04 22:48:11.228582+00:00,https://consensus.hankyung.com/analysis/downpdf?report_idx=642750
4103,1,기아(000270) 불확실성 해소에 집중,이병근,LS증권,2025-07-28,2026-05-04 22:48:11.228582+00:00,https://consensus.hankyung.com/analysis/downpdf?report_idx=642749
4104,1,HL만도(204320) 유효한 성장 스토리,이병근,LS증권,2025-07-28,2026-05-04 22:48:11.228582+00:00,https://consensus.hankyung.com/analysis/downpdf?report_idx=642748
4105,1,현대모비스(012330) 높아진 이익 체력을 증명하는 중,이병근,LS증권,2025-07-28,2026-05-04 22:48:11.228582+00:00,https://consensus.hankyung.com/analysis/downpdf?report_idx=642747
4106,1,신한지주(055550) 50%에 근접한 총주주환원율,전배승,LS증권,2025-07-28,2026-05-04 22:48:11.228582+00:00,https://consensus.hankyung.com/analysis/downpdf?report_idx=642746
4107,1,하나금융지주(086790) 실적과 주주환원 순항 중,전배승,LS증권,2025-07-28,2026-05-04 22:48:11.228582+00:00,https://consensus.hankyung.com/analysis/downpdf?report_idx=642745
4108,1,HDC현대산업개발(294870) 앞으로만 가는 성장의 바퀴,김세련,LS증권,2025-07-28,2026-05-04 22:48:11.228582+00:00,https://consensus.hankyung.com/analysis/downpdf?report_idx=642744
4109,1,에스원(012750) 견고히 이어가는 이익,김세련,LS증권,2025-07-28,2026-05-04 22:48:11.228582+00:00,https://consensus.hankyung.com/analysis/downpdf?report_idx=642743
4110,1,BGF리테일(282330) 하반기 소비쿠폰 모멘텀 기대,오린아,LS증권,2025-07-28,2026-05-04 22:48:11.228582+00:00,https://consensus.hankyung.com/analysis/downpdf?report_idx=642742
4111,1,한미약품(128940) 2Q25 Review: R&D 성과가 기대되는 하반기,신지훈,LS증권,2025-07-28,2026-05-04 22:48:11.228582+00:00,https://consensus.hankyung.com/analysis/downpdf?report_idx=642741
4112,1,효성중공업(298040) 2Q25 Super Surprise. 중공업 부문 폭발적 대호조,성종화,LS증권,2025-07-28,2026-05-04 22:48:11.228582+00:00,https://consensus.hankyung.com/analysis/downpdf?report_idx=642740
4113,1,롯데렌탈(089860) 성장성 유효 하반기를 주목하자,이병근,LS증권,2025-07-28,2026-05-04 22:48:11.228582+00:00,https://consensus.hankyung.com/analysis/downpdf?report_idx=642739
4114,1,SK네트웍스(001740) 2Q25 Preview: 비용 절감으로 개선 예상,오린아,LS증권,2025-07-28,2026-05-04 22:48:11.228582+00:00,https://consensus.hankyung.com/analysis/downpdf?report_idx=642738
4115,1,두산(000150) 2025년 PER 기준 전자BG 14.5배 vs 글로벌 AI MLB/CCL 24.9배,양승수,메리츠증권,2025-07-28,2026-05-04 22:48:11.228582+00:00,https://consensus.hankyung.com/analysis/downpdf?report_idx=642733
4116,1,S-Oil(010950) 2Q25P Review: 유가 변동성 확대에 영업적자 지속,노우호,메리츠증권,2025-07-28,2026-05-04 22:48:11.228582+00:00,https://consensus.hankyung.com/analysis/downpdf?report_idx=642731
4117,1,미래에셋벤처투자(100790) 돈이 되는 BDC 및 AI ⇒ 성장의 마중물 역할,"이상헌,장호",iM증권,2025-07-28,2026-05-04 22:48:11.228582+00:00,https://consensus.hankyung.com/analysis/downpdf?report_idx=642730
4118,1,"비에이치아이(083650) 가스로 실적개선, 원전으로 성장성 가속화","이상헌,장호",iM증권,2025-07-28,2026-05-04 22:48:11.228582+00:00,https://consensus.hankyung.com/analysis/downpdf?report_idx=642729
4119,1,두산(000150) AI 수요 증가 및 상법개정 수혜,"이상헌,장호",iM증권,2025-07-28,2026-05-04 22:48:11.228582+00:00,https://consensus.hankyung.com/analysis/downpdf?report_idx=642728
4120,1,한화(000880) 상법개정으로 지배구조 개선되면서 동사 수혜,"이상헌,장호",iM증권,2025-07-28,2026-05-04 22:48:11.228582+00:00,https://consensus.hankyung.com/analysis/downpdf?report_idx=642727
4121,1,"HDC현대산업개발(294870) 흔들림 없는 실적, 내 갈 길을 간다",배세호,iM증권,2025-07-28,2026-05-04 22:48:11.228582+00:00,https://consensus.hankyung.com/analysis/downpdf?report_idx=642726
4122,1,LG전자(066570) PBR 0.6배에 담겨 있는 관세 걱정,고의영,iM증권,2025-07-28,2026-05-04 22:48:11.228582+00:00,https://consensus.hankyung.com/analysis/downpdf?report_idx=642725
4123,1,LG에너지솔루션(373220) 미국 ESS 시장에서 중국 퇴출 가능성 확대,정원석,iM증권,2025-07-28,2026-05-04 22:48:11.228582+00:00,https://consensus.hankyung.com/analysis/downpdf?report_idx=642724
4124,1,S-Oil(010950) 유가 급락 효과 소멸로 상저하고 전망,"전유진,장호",iM증권,2025-07-28,2026-05-04 22:48:11.228582+00:00,https://consensus.hankyung.com/analysis/downpdf?report_idx=642723
4125,1,디와이피엔에프(104460) 석유화학 플랜트 내 분체 이송시스템: 글로벌 석화 CAPA 경쟁 심화에 수혜,정우성,LS증권,2025-07-28,2026-05-04 22:48:11.228582+00:00,https://consensus.hankyung.com/analysis/downpdf?report_idx=642718
4126,1,현대제철(004020) 8월 4중 전회까지는 긍정적 관점 유지,"김윤상,공도연",iM증권,2025-07-25,2026-05-04 22:48:11.228582+00:00,https://consensus.hankyung.com/analysis/downpdf?report_idx=642715
4127,1,현대글로비스(086280) 2Q25 Review: 놀라운 해운 수익성,이서연,상상인증권,2025-07-25,2026-05-04 22:48:11.228582+00:00,https://consensus.hankyung.com/analysis/downpdf?report_idx=642714
4128,1,현대차(005380) 하방 대비 상방을 열어둘 필요,김귀연,대신증권,2025-07-25,2026-05-04 22:48:11.228582+00:00,https://consensus.hankyung.com/analysis/downpdf?report_idx=642709
4129,1,SNT모티브(064960) 관세 격량 속 편안한 선택지,김귀연,대신증권,2025-07-25,2026-05-04 22:48:11.228582+00:00,https://consensus.hankyung.com/analysis/downpdf?report_idx=642708
4130,1,에스티팜(237690) 2Q25P Review: 영업이익률 19%,권해순,유진투자증권,2025-07-25,2026-05-04 22:48:11.228582+00:00,https://consensus.hankyung.com/analysis/downpdf?report_idx=642701
4131,1,에스티팜(237690) 2Q25P Review: 영업이익률 19%,권해순,유진투자증권,2025-07-25,2026-05-04 22:48:11.228582+00:00,https://consensus.hankyung.com/analysis/downpdf?report_idx=642700
4132,1,LG디스플레이(034220) 여전한 하반기 실적 자신감 확인,"권민규,박형우",SK증권,2025-07-25,2026-05-04 22:48:11.228582+00:00,https://consensus.hankyung.com/analysis/downpdf?report_idx=642696
4133,1,JB금융지주(175330) 보법이 다른 RORWA 관리,설용진,SK증권,2025-07-25,2026-05-04 22:48:11.228582+00:00,https://consensus.hankyung.com/analysis/downpdf?report_idx=642695
4134,1,KB금융(105560) To 50% and beyond,설용진,SK증권,2025-07-25,2026-05-04 22:48:11.228582+00:00,https://consensus.hankyung.com/analysis/downpdf?report_idx=642694
4135,1,SK스퀘어(402340) 추가적인 할인율 축소 유인,최관순,SK증권,2025-07-25,2026-05-04 22:48:11.228582+00:00,https://consensus.hankyung.com/analysis/downpdf?report_idx=642693
4136,1,삼성에스디에스(018260) 컨센서스 부합한 영업성과,최관순,SK증권,2025-07-25,2026-05-04 22:48:11.228582+00:00,https://consensus.hankyung.com/analysis/downpdf?report_idx=642692
4137,1,SK하이닉스(000660) 2Q25P Review: 우호적인 환경 지속,차용호,SK증권,2025-07-25,2026-05-04 22:48:11.228582+00:00,https://consensus.hankyung.com/analysis/downpdf?report_idx=642691
4138,1,티에스이(131290) ProbeCard 추세적인 성장성,정홍식,LS증권,2025-07-25,2026-05-04 22:48:11.228582+00:00,https://consensus.hankyung.com/analysis/downpdf?report_idx=642690
4139,1,기업은행(024110) 비이자이익 호조세 지속,전배승,LS증권,2025-07-25,2026-05-04 22:48:11.228582+00:00,https://consensus.hankyung.com/analysis/downpdf?report_idx=642689
4140,1,KB금융(105560) 주주환원 강화를 선도,전배승,LS증권,2025-07-25,2026-05-04 22:48:11.228582+00:00,https://consensus.hankyung.com/analysis/downpdf?report_idx=642688
4141,1,"삼성E&A(028050) 수주 가이던스 달성 긍정적, 목표주가 상향",배세호,iM증권,2025-07-25,2026-05-04 22:48:11.228582+00:00,https://consensus.hankyung.com/analysis/downpdf?report_idx=642687
4142,1,"현대글로비스(086280) 인상적인 해운 실적, 톤세제 효과로 배당 추정치 상향",배세호,iM증권,2025-07-25,2026-05-04 22:48:11.228582+00:00,https://consensus.hankyung.com/analysis/downpdf?report_idx=642686
4143,1,SK하이닉스(000660) 업황 둔화 재개 및 HBM 수요 둔화 우려,송명섭,iM증권,2025-07-25,2026-05-04 22:48:11.228582+00:00,https://consensus.hankyung.com/analysis/downpdf?report_idx=642685
4144,1,삼성중공업(010140) 2Q25: 믿고 보는 편안한 실적,변용진,iM증권,2025-07-25,2026-05-04 22:48:11.228582+00:00,https://consensus.hankyung.com/analysis/downpdf?report_idx=642682
4145,1,"삼성바이오로직스(207940) 2025년 하반기, 분할이 기다려진다",이달미,상상인증권,2025-07-24,2026-05-04 22:48:11.228582+00:00,https://consensus.hankyung.com/analysis/downpdf?report_idx=642681
4146,1,"삼성바이오로직스(207940) CDMO의 정석, 흔들림 없는 성장 신호",이희영,대신증권,2025-07-24,2026-05-04 22:48:11.228582+00:00,https://consensus.hankyung.com/analysis/downpdf?report_idx=642680
4147,1,세진중공업(075580) 때로는 고정관념이 가장 큰 장애물이 된다,오지훈,IBK투자증권,2025-07-24,2026-05-04 22:48:11.228582+00:00,https://consensus.hankyung.com/analysis/downpdf?report_idx=642677
4148,1,"솔루스첨단소재(336370) 핵심 고객 부진, 신규 고객 확보는 긍정적",한병화,유진투자증권,2025-07-24,2026-05-04 22:48:11.228582+00:00,https://consensus.hankyung.com/analysis/downpdf?report_idx=642675
4149,1,LG이노텍(011070) 2Q25P Review: 그의 튼튼한 다리를 믿어,이주형,유진투자증권,2025-07-24,2026-05-04 22:48:11.228582+00:00,https://consensus.hankyung.com/analysis/downpdf?report_idx=642673
4150,1,LG이노텍(011070) 실적저점 통과 vs 매크로 불확실성,"박형우,권민규",SK증권,2025-07-24,2026-05-04 22:48:11.228582+00:00,https://consensus.hankyung.com/analysis/downpdf?report_idx=642665
4151,1,솔루스첨단소재(336370) 전기차 불황? 고객사 다변화로 돌파,"박형우,권민규",SK증권,2025-07-24,2026-05-04 22:48:11.228582+00:00,https://consensus.hankyung.com/analysis/downpdf?report_idx=642663
4152,1,코스모신소재(005070) 본격적 반등은 4분기. 안정된 재무기반 주목,"박형우,권민규",SK증권,2025-07-24,2026-05-04 22:48:11.228582+00:00,https://consensus.hankyung.com/analysis/downpdf?report_idx=642662
4153,1,"삼성바이오로직스(207940) 2Q25 Re: 이어진 호실적, 컨센 10% 상회",이선경,SK증권,2025-07-24,2026-05-04 22:48:11.228582+00:00,https://consensus.hankyung.com/analysis/downpdf?report_idx=642660
4154,1,LS(006260) 한 걸음 두 걸음 나아가는 Rerating,성종화,LS증권,2025-07-24,2026-05-04 22:48:11.228582+00:00,https://consensus.hankyung.com/analysis/downpdf?report_idx=642658
4155,1,삼성바이오로직스(207940) 2Q25 Review: 매출 가이던스 상향,신지훈,LS증권,2025-07-24,2026-05-04 22:48:11.228582+00:00,https://consensus.hankyung.com/analysis/downpdf?report_idx=642657
4156,1,KT&G(033780) 성장하는 배당주,박성호,LS증권,2025-07-24,2026-05-04 22:48:11.228582+00:00,https://consensus.hankyung.com/analysis/downpdf?report_idx=642656
4157,1,LG이노텍(011070) 언제 다시 봐야할까,고의영,iM증권,2025-07-24,2026-05-04 22:48:11.228582+00:00,https://consensus.hankyung.com/analysis/downpdf?report_idx=642653
4158,1,솔루스첨단소재(336370) 당분간 보수적인 관점에서 접근,정원석,iM증권,2025-07-24,2026-05-04 22:48:11.228582+00:00,https://consensus.hankyung.com/analysis/downpdf?report_idx=642652
4159,1,"삼성바이오로직스(207940) 머리는 차갑게, 가슴은 뜨겁게",정재원,iM증권,2025-07-24,2026-05-04 22:48:11.228582+00:00,https://consensus.hankyung.com/analysis/downpdf?report_idx=642651
4160,1,유니드(014830) 중국 염화칼륨 급등으로 하반기 판가 추가 상승 기대,"전유진,장호",iM증권,2025-07-24,2026-05-04 22:48:11.228582+00:00,https://consensus.hankyung.com/analysis/downpdf?report_idx=642650
4161,1,"파라다이스(034230) 2Q 실적 좋고, 모멘텀 유효하고",박수영,한화투자증권,2025-07-23,2026-05-04 22:48:11.228582+00:00,https://consensus.hankyung.com/analysis/downpdf?report_idx=642642
4162,1,LIG넥스원(079550) 더 멀리 내다보기,배성조,한화투자증권,2025-07-23,2026-05-04 22:48:11.228582+00:00,https://consensus.hankyung.com/analysis/downpdf?report_idx=642641
4163,1,매커스(093520) 적극적인 주주환원 계획 발표,정홍식,LS증권,2025-07-23,2026-05-04 22:48:11.228582+00:00,https://consensus.hankyung.com/analysis/downpdf?report_idx=642638
4164,1,ISC(095340) 2Q25 Preview: 아이세미 2H25 실적 본격 기여,차용호,LS증권,2025-07-23,2026-05-04 22:48:11.228582+00:00,https://consensus.hankyung.com/analysis/downpdf?report_idx=642636
4165,1,한미반도체(042700) 2Q25 Preview: 하반기를 향해,임소정,유진투자증권,2025-07-22,2026-05-04 22:48:11.228582+00:00,https://consensus.hankyung.com/analysis/downpdf?report_idx=642628
4166,1,셀트리온(068270) 2Q25P Review: 예상치 부합,권해순,유진투자증권,2025-07-22,2026-05-04 22:48:11.228582+00:00,https://consensus.hankyung.com/analysis/downpdf?report_idx=642624
4167,1,"엔씨소프트(036570) 현재 주가는 24년 10월, 글로벌TL 출시 시점 수준",김소혜,한화투자증권,2025-07-22,2026-05-04 22:48:11.228582+00:00,https://consensus.hankyung.com/analysis/downpdf?report_idx=642619
4168,1,한국단자(025540) 올해는 유럽 EV 호조로 폴란드 법인 성장 기대,"윤혁진,박준형",SK증권,2025-07-22,2026-05-04 22:48:11.228582+00:00,https://consensus.hankyung.com/analysis/downpdf?report_idx=642608
4169,1,삼성중공업(010140) 2Q25 Preview: Slipstream,이재혁,LS증권,2025-07-22,2026-05-04 22:48:11.228582+00:00,https://consensus.hankyung.com/analysis/downpdf?report_idx=642606
4170,1,"코난테크놀로지(402030) 기밀 정보는 클라우드가 두렵다, 온프레미스 AI 산업 성장 흐름에 수혜",정우사,LS증권,2025-07-22,2026-05-04 22:48:11.228582+00:00,https://consensus.hankyung.com/analysis/downpdf?report_idx=642605
4171,1,비에이치(090460) 2027년 폴더블 아이폰 추정치 신규 반영,고의영,iM증권,2025-07-22,2026-05-04 22:48:11.228582+00:00,https://consensus.hankyung.com/analysis/downpdf?report_idx=642603
4172,1,엘티씨(170920) SK하이닉스 소재와 장비를 담당하는 핵심 벤더,-,한국IR협의회,2025-07-21,2026-05-04 22:48:11.228582+00:00,https://consensus.hankyung.com/analysis/downpdf?report_idx=642602
4173,1,LG디스플레이(034220) 모바일 계절성에 탑승,"김선우,우서현",메리츠증권,2025-07-21,2026-05-04 22:48:11.228582+00:00,https://consensus.hankyung.com/analysis/downpdf?report_idx=642598
4174,1,비에이치(090460) 기회 요인을 점검할 때,"양승수,우서현",메리츠증권,2025-07-21,2026-05-04 22:48:11.228582+00:00,https://consensus.hankyung.com/analysis/downpdf?report_idx=642597
4175,1,포스코퓨처엠(003670) 2Q25 Review: 양극재 출하량 가이던스 하향,노우호,메리츠증권,2025-07-21,2026-05-04 22:48:11.228582+00:00,https://consensus.hankyung.com/analysis/downpdf?report_idx=642586
4176,1,현대건설(000720) 2Q25 Review: 프리미엄의 근거 마련 중,문경원,메리츠증권,2025-07-21,2026-05-04 22:48:11.228582+00:00,https://consensus.hankyung.com/analysis/downpdf?report_idx=642584
4177,1,포스코퓨처엠(003670) 탈중국 흐름에서 기회 발굴,"박형우,권민규",SK증권,2025-07-21,2026-05-04 22:48:11.228582+00:00,https://consensus.hankyung.com/analysis/downpdf?report_idx=642578
4178,1,제이브이엠(054950) 의정 갈등 해결? 수혜 전망!,이건재,IBK투자증권,2025-07-21,2026-05-04 22:48:11.228582+00:00,https://consensus.hankyung.com/analysis/downpdf?report_idx=642574
4179,1,"코오롱인더(120110) 코오롱스포츠 중국, 2분기에도 70% 이상 성장",이동욱,IBK투자증권,2025-07-21,2026-05-04 22:48:11.228582+00:00,https://consensus.hankyung.com/analysis/downpdf?report_idx=642571
4180,1,"포스코퓨처엠(003670) 기대 반, 걱정 반",이현욱,IBK투자증권,2025-07-21,2026-05-04 22:48:11.228582+00:00,https://consensus.hankyung.com/analysis/downpdf?report_idx=642570
4181,1,현대건설(000720) 2Q25 Review: 커져가는 원전 기대감,배세호,iM증권,2025-07-21,2026-05-04 22:48:11.228582+00:00,https://consensus.hankyung.com/analysis/downpdf?report_idx=642568
4182,1,효성(004800) 상법개정으로 지배구조 개선되면서 동사 수혜,"이상헌,장호",iM증권,2025-07-21,2026-05-04 22:48:11.228582+00:00,https://consensus.hankyung.com/analysis/downpdf?report_idx=642567
4183,1,LS에코에너지(229640) 2Q 역대 최고 OP 달성 예상 및 베트남 성장 최대 수혜,"이상헌,장호",iM증권,2025-07-21,2026-05-04 22:48:11.228582+00:00,https://consensus.hankyung.com/analysis/downpdf?report_idx=642566
4184,1,LG디스플레이(034220) 2Q25 일시적인 실적 부진 예상,정원석,iM증권,2025-07-21,2026-05-04 22:48:11.228582+00:00,https://consensus.hankyung.com/analysis/downpdf?report_idx=642565
4185,1,"PI첨단소재(178920) 초극박 PI필름 적용(초슬림폰,폴더블폰) 확대로 성장성 부각","이상헌,장호",iM증권,2025-07-21,2026-05-04 22:48:11.228582+00:00,https://consensus.hankyung.com/analysis/downpdf?report_idx=642563
4186,1,현대건설(000720) 모멘텀이 품어주는 실적,김세련,LS증권,2025-07-21,2026-05-04 22:48:11.228582+00:00,https://consensus.hankyung.com/analysis/downpdf?report_idx=642562
4187,1,쎄트렉아이(099320) 국방용 위성수요 증가에 따른 성장 기대,최정환,LS증권,2025-07-21,2026-05-04 22:48:11.228582+00:00,https://consensus.hankyung.com/analysis/downpdf?report_idx=642561
4188,1,"삼양식품(003230) 2분기는 선방, 시선은 하반기로",박성호,LS증권,2025-07-21,2026-05-04 22:48:11.228582+00:00,https://consensus.hankyung.com/analysis/downpdf?report_idx=642560
4189,1,넷마블(251270) 아는 맛의 무서움을 보여준 2분기,이효진,메리츠증권,2025-07-18,2026-05-04 22:48:11.228582+00:00,https://consensus.hankyung.com/analysis/downpdf?report_idx=642550
4190,1,네오위즈(095660) 베이스 레벨 상향을 증명한 2분기,이효진,메리츠증권,2025-07-18,2026-05-04 22:48:11.228582+00:00,https://consensus.hankyung.com/analysis/downpdf?report_idx=642549
4191,1,유한양행(000100) 2Q25 Pre: Lazcluze 순조롭게 침투 중,김준영,메리츠증권,2025-07-18,2026-05-04 22:48:11.228582+00:00,https://consensus.hankyung.com/analysis/downpdf?report_idx=642548
4192,1,엔씨소프트(036570) 아이온 좋아하세요?,정의훈,유진투자증권,2025-07-18,2026-05-04 22:48:11.228582+00:00,https://consensus.hankyung.com/analysis/downpdf?report_idx=642543
4193,1,파인엠텍(441270) 이렇게 올랐는데 사도 돼요? 네.,이주형,유진투자증권,2025-07-18,2026-05-04 22:48:11.228582+00:00,https://consensus.hankyung.com/analysis/downpdf?report_idx=642542
4194,1,"녹십자(006280) 2Q25 Pre: 컨센 상회, 전 사업부 고른 성장",이선경,SK증권,2025-07-18,2026-05-04 22:48:11.228582+00:00,https://consensus.hankyung.com/analysis/downpdf?report_idx=642538
4195,1,한온시스템(018880) 시간이 좀 더 필요하다,이병근,LS증권,2025-07-18,2026-05-04 22:48:11.228582+00:00,https://consensus.hankyung.com/analysis/downpdf?report_idx=642535
4196,1,PI첨단소재(178920) 스마트폰 슬림화의 중심,양승수,메리츠증권,2025-07-17,2026-05-04 22:48:11.228582+00:00,https://consensus.hankyung.com/analysis/downpdf?report_idx=642526
4197,1,솔브레인(357780) 2026년 풍부해지는 모멘텀,이동주,SK증권,2025-07-17,2026-05-04 22:48:11.228582+00:00,https://consensus.hankyung.com/analysis/downpdf?report_idx=642521
4198,1,코미코(183300) 국내 & 미국 법인 가동률 상승세,이동주,SK증권,2025-07-17,2026-05-04 22:48:11.228582+00:00,https://consensus.hankyung.com/analysis/downpdf?report_idx=642520
4199,1,엔씨소프트(036570) 쉴 틈 없는 하반기,남효지,SK증권,2025-07-17,2026-05-04 22:48:11.228582+00:00,https://consensus.hankyung.com/analysis/downpdf?report_idx=642519
4200,1,GS리테일(007070) 2Q25 Preview: 터널 끝에는 소비쿠폰이,오린아,LS증권,2025-07-17,2026-05-04 22:48:11.228582+00:00,https://consensus.hankyung.com/analysis/downpdf?report_idx=642517
4201,1,LS에코에너지(229640) 2Q25 실적 Big Surprise 전망,성종화,LS증권,2025-07-17,2026-05-04 22:48:11.228582+00:00,https://consensus.hankyung.com/analysis/downpdf?report_idx=642516
4202,1,대한항공(003490) [NDR 후기] 첫번째 레슨. 좋은 건 같이 알기,이재혁,LS증권,2025-07-17,2026-05-04 22:48:11.228582+00:00,https://consensus.hankyung.com/analysis/downpdf?report_idx=642515
4203,1,이글루(067920) 제로 트러스트 가시성 & 자동화 솔루션 공공부문 내 M/S 1위,정우성,LS증권,2025-07-17,2026-05-04 22:48:11.228582+00:00,https://consensus.hankyung.com/analysis/downpdf?report_idx=642514
4204,1,대양전기공업(108380) ESC센서 기대치 이상 고성장,정홍식,LS증권,2025-07-17,2026-05-04 22:48:11.228582+00:00,https://consensus.hankyung.com/analysis/downpdf?report_idx=642513
4205,1,NICE인프라(063570) 하반기 기대 요인이 많다,정홍식,LS증권,2025-07-17,2026-05-04 22:48:11.228582+00:00,https://consensus.hankyung.com/analysis/downpdf?report_idx=642512
4206,1,KH바텍(060720) 오랜만에 갖는 기대감,"양승수,우서현",메리츠증권,2025-07-16,2026-05-04 22:48:11.228582+00:00,https://consensus.hankyung.com/analysis/downpdf?report_idx=642511
4207,1,"링크솔루션(474650) 3D프린팅, 제조업의 게임 체인저",허선재,SK증권,2025-07-16,2026-05-04 22:48:11.228582+00:00,https://consensus.hankyung.com/analysis/downpdf?report_idx=642505
4208,1,신세계인터내셔날(031430) 하반기 실적 회복 예상,형권훈,SK증권,2025-07-16,2026-05-04 22:48:11.228582+00:00,https://consensus.hankyung.com/analysis/downpdf?report_idx=642503
4209,1,롯데쇼핑(023530) 2Q25 Preview: 하반기 개선 기대,오린아,LS증권,2025-07-16,2026-05-04 22:48:11.228582+00:00,https://consensus.hankyung.com/analysis/downpdf?report_idx=642501
4210,1,한국가스공사(036460) 요금 인상 방향성? 장기 방향성으로 접근,성종화,LS증권,2025-07-16,2026-05-04 22:48:11.228582+00:00,https://consensus.hankyung.com/analysis/downpdf?report_idx=642500
4211,1,KCC(002380) 정책 변화로 부각되는 2가지 가치,정경희,LS증권,2025-07-16,2026-05-04 22:48:11.228582+00:00,https://consensus.hankyung.com/analysis/downpdf?report_idx=642499
4212,1,오리온(271560) 6월 잠정 실적 Review,박성호,LS증권,2025-07-16,2026-05-04 22:48:11.228582+00:00,https://consensus.hankyung.com/analysis/downpdf?report_idx=642498
4213,1,"현대오토에버(307950) 2Q25 Preview: 컨센서스 부합, 로보 틱스 모멘텀 부각될 전망",이재일,유진투자증권,2025-07-16,2026-05-04 22:48:11.228582+00:00,https://consensus.hankyung.com/analysis/downpdf?report_idx=642488
4214,1,한국콜마(161890) 2Q25 Preview: Sun 성수기 기대,이해니,유진투자증권,2025-07-16,2026-05-04 22:48:11.228582+00:00,https://consensus.hankyung.com/analysis/downpdf?report_idx=642487
4215,1,케이카(381970) 2Q25 Preview: 고배당(7.1%)과 배 당 성장 매력,이재일,유진투자증권,2025-07-16,2026-05-04 22:48:11.228582+00:00,https://consensus.hankyung.com/analysis/downpdf?report_idx=642486
4216,1,삼양식품(003230) 어차피 2분기 실적은 관심 없으실 테니 하반기 CAPA나 예측해보겠습니다,김진우,유진투자증권,2025-07-16,2026-05-04 22:48:11.228582+00:00,https://consensus.hankyung.com/analysis/downpdf?report_idx=642483
4217,1,HL만도(204320) 2Q25 Preview:이익 정상화 흐름 지속,이재일,유진투자증권,2025-07-16,2026-05-04 22:48:11.228582+00:00,https://consensus.hankyung.com/analysis/downpdf?report_idx=642481
4218,1,F&F(383220) 2Q25 Preview: 국내는 쉬고 중국은 간다,이해니,유진투자증권,2025-07-16,2026-05-04 22:48:11.228582+00:00,https://consensus.hankyung.com/analysis/downpdf?report_idx=642480
4219,1,디어유(376300) Super Fans Monetization (feat. TME),박수영,한화투자증권,2025-07-16,2026-05-04 22:48:11.228582+00:00,https://consensus.hankyung.com/analysis/downpdf?report_idx=642478
4220,1,F&F(383220) 2Q25 Preview : 더 가팔라질 중국 아웃도어 성장 경로와 기대감,이진협,한화투자증권,2025-07-16,2026-05-04 22:48:11.228582+00:00,https://consensus.hankyung.com/analysis/downpdf?report_idx=642475
4221,1,현대제철(004020) 알고 보면 무서운 쇠맛,이유진,유진투자증권,2025-07-15,2026-05-04 22:48:11.228582+00:00,https://consensus.hankyung.com/analysis/downpdf?report_idx=642468
4222,1,풍산(103140) 이제 방산 밸류에이션 줘요,이유진,유진투자증권,2025-07-15,2026-05-04 22:48:11.228582+00:00,https://consensus.hankyung.com/analysis/downpdf?report_idx=642467
4223,1,청담글로벌(362320) K-beautyTiktokHunters,이해니,유진투자증권,2025-07-15,2026-05-04 22:48:11.228582+00:00,https://consensus.hankyung.com/analysis/downpdf?report_idx=642466
4224,1,POSCO홀딩스(005490) 실적 관건: 이차전지 적자 폭,이유진,유진투자증권,2025-07-15,2026-05-04 22:48:11.228582+00:00,https://consensus.hankyung.com/analysis/downpdf?report_idx=642464
4225,1,현대글로비스(086280) China Boost,김준성,메리츠증권,2025-07-15,2026-05-04 22:48:11.228582+00:00,https://consensus.hankyung.com/analysis/downpdf?report_idx=642462
4226,1,해성디에스(195870) 회복의 강도와 지속성이 향후 관건,양승수,메리츠증권,2025-07-15,2026-05-04 22:48:11.228582+00:00,https://consensus.hankyung.com/analysis/downpdf?report_idx=642461
4227,1,리노공업(058470) 경쟁력을 증명한 실적,김동관,메리츠증권,2025-07-15,2026-05-04 22:48:11.228582+00:00,https://consensus.hankyung.com/analysis/downpdf?report_idx=642454
4228,1,코웨이(021240) 주가 상승의 톱니바퀴가 맞물린 모습,이진협,한화투자증권,2025-07-15,2026-05-04 22:48:11.228582+00:00,https://consensus.hankyung.com/analysis/downpdf?report_idx=642451
4229,1,덕산네오룩스(213420) 중장기 우상향은 보장된 미래,"권민규,박형우",SK증권,2025-07-15,2026-05-04 22:48:11.228582+00:00,https://consensus.hankyung.com/analysis/downpdf?report_idx=642447
4230,1,대한항공(003490) 2Q25 Review: 이익역량 재증명,이재혁,LS증권,2025-07-15,2026-05-04 22:48:11.228582+00:00,https://consensus.hankyung.com/analysis/downpdf?report_idx=642444
4231,1,서울보증보험(031210) 점진적 실적회복 예상,전배승,LS증권,2025-07-15,2026-05-04 22:48:11.228582+00:00,https://consensus.hankyung.com/analysis/downpdf?report_idx=642442
4232,1,나이스정보통신(036800) TRS 기대치 이상 고성장,정홍식,LS증권,2025-07-15,2026-05-04 22:48:11.228582+00:00,https://consensus.hankyung.com/analysis/downpdf?report_idx=642441
4233,1,수산아이앤티(050960) 공공 부문향 보안 솔루션 매출액 CAGR +22.8%,정우성,LS증권,2025-07-15,2026-05-04 22:48:11.228582+00:00,https://consensus.hankyung.com/analysis/downpdf?report_idx=642440
4234,1,"HMM(011200) 차별화된 주가 흐름, 투자의견 Buy로 상향",배세호,iM증권,2025-07-15,2026-05-04 22:48:11.228582+00:00,https://consensus.hankyung.com/analysis/downpdf?report_idx=642439
4235,1,하이브(352820) 중장기적 모멘텀 유효,황지원,iM증권,2025-07-15,2026-05-04 22:48:11.228582+00:00,https://consensus.hankyung.com/analysis/downpdf?report_idx=642438
4236,1,CJ대한통운(000120) 앞으로 다가올 것에 주목하기,이서연,상상인증권,2025-07-14,2026-05-04 22:48:11.228582+00:00,https://consensus.hankyung.com/analysis/downpdf?report_idx=642436
4237,1,대한항공(003490) 2Q25 Review: 우수한 방어력,이서연,상상인증권,2025-07-14,2026-05-04 22:48:11.228582+00:00,https://consensus.hankyung.com/analysis/downpdf?report_idx=642435
4238,1,영원무역(111770) 신규 브랜드가 이끄는 양호한 실적 전망,유정현,대신증권,2025-07-14,2026-05-04 22:48:11.228582+00:00,https://consensus.hankyung.com/analysis/downpdf?report_idx=642434
4239,1,화승엔터프라이즈(241590) 2분기 수주 일부 이연,유정현,대신증권,2025-07-14,2026-05-04 22:48:11.228582+00:00,https://consensus.hankyung.com/analysis/downpdf?report_idx=642433
4240,1,LX인터내셔널(001120) 배당수익률(6.3%) 및 밸류에이션 매력적,"이상헌,장호",iM증권,2025-07-14,2026-05-04 22:48:11.228582+00:00,https://consensus.hankyung.com/analysis/downpdf?report_idx=642432
4241,1,한화솔루션(009830) 경쟁사 파산으로 주택용 에너지 M/S 확대 전망,이동욱,IBK투자증권,2025-07-14,2026-05-04 22:48:11.228582+00:00,https://consensus.hankyung.com/analysis/downpdf?report_idx=642430
4242,1,효성티앤씨(298020) 신규 특수가스 개발 확대 중,이동욱,IBK투자증권,2025-07-14,2026-05-04 22:48:11.228582+00:00,https://consensus.hankyung.com/analysis/downpdf?report_idx=642429
4243,1,유니드(014830) 경쟁 플랜트 대비 고위 가동 지속 전망,이동욱,IBK투자증권,2025-07-14,2026-05-04 22:48:11.228582+00:00,https://consensus.hankyung.com/analysis/downpdf?report_idx=642428
4244,1,HDC현대산업개발(294870) 상황은 바뀌어도 방향성은 유지 가능,김진범,상상인증권,2025-07-14,2026-05-04 22:48:11.228582+00:00,https://consensus.hankyung.com/analysis/downpdf?report_idx=642427
4245,1,대우건설(047040) 무난한 여름맞이,김진범,상상인증권,2025-07-14,2026-05-04 22:48:11.228582+00:00,https://consensus.hankyung.com/analysis/downpdf?report_idx=642426
4246,1,유니셈(036200) 분위기 반전을 기대해도 좋습니다,"이새롬,권지승",한국IR협의회,2025-07-14,2026-05-04 22:48:11.228582+00:00,https://consensus.hankyung.com/analysis/downpdf?report_idx=642422
4247,1,파인엠텍(441270) 시선은 위로,양승수,메리츠증권,2025-07-14,2026-05-04 22:48:11.228582+00:00,https://consensus.hankyung.com/analysis/downpdf?report_idx=642420
4248,1,"시프트업(462870) Peer 대비 매력 상승, Buy 상향",이효진,메리츠증권,2025-07-14,2026-05-04 22:48:11.228582+00:00,https://consensus.hankyung.com/analysis/downpdf?report_idx=642418
4249,1,엘앤에프(066970) 선제적 LFP 공급망 대응,노우호,메리츠증권,2025-07-14,2026-05-04 22:48:11.228582+00:00,https://consensus.hankyung.com/analysis/downpdf?report_idx=642417
4250,1,한세실업(105630) 환율 변동에 따른 원가율 상승 으로 실적 부진 전망,유정현,대신증권,2025-07-14,2026-05-04 22:48:11.228582+00:00,https://consensus.hankyung.com/analysis/downpdf?report_idx=642416
4251,1,한국콜마(161890) 다가온 성수기,정한솔,대신증권,2025-07-14,2026-05-04 22:48:11.228582+00:00,https://consensus.hankyung.com/analysis/downpdf?report_idx=642415
4252,1,코리안리(003690) 제한적인 고액 사고 영향 전망,설용진,SK증권,2025-07-14,2026-05-04 22:48:11.228582+00:00,https://consensus.hankyung.com/analysis/downpdf?report_idx=642411
4253,1,DB손해보험(005830) 여전히 남아있는 밸류에이션/주주환원 매력,설용진,SK증권,2025-07-14,2026-05-04 22:48:11.228582+00:00,https://consensus.hankyung.com/analysis/downpdf?report_idx=642410
4254,1,한화생명(088350) 제도 동향은 긍정적이나 보다 확실한 개선 필요,설용진,SK증권,2025-07-14,2026-05-04 22:48:11.228582+00:00,https://consensus.hankyung.com/analysis/downpdf?report_idx=642409
4255,1,넷마블(251270) 이제 적자 넷마블은 잊어줘,남효지,SK증권,2025-07-14,2026-05-04 22:48:11.228582+00:00,https://consensus.hankyung.com/analysis/downpdf?report_idx=642408
4256,1,카카오(035720) 가능성에 베팅,남효지,SK증권,2025-07-14,2026-05-04 22:48:11.228582+00:00,https://consensus.hankyung.com/analysis/downpdf?report_idx=642407
4257,1,"비에이치아이(083650) 상반기 수주, 연간 목표의 81% 달성 전망",김태현,IBK투자증권,2025-07-14,2026-05-04 22:48:11.228582+00:00,https://consensus.hankyung.com/analysis/downpdf?report_idx=642405
4258,1,대우건설(047040) 2Q25 Preview: 새로운 청사진이 필요,조정현,IBK투자증권,2025-07-14,2026-05-04 22:48:11.228582+00:00,https://consensus.hankyung.com/analysis/downpdf?report_idx=642403
4259,1,SNT모티브(064960) 기관총 중동향 수출 증가로 수익성 개선 가속화,"이상헌,장호",iM증권,2025-07-14,2026-05-04 22:48:11.228582+00:00,https://consensus.hankyung.com/analysis/downpdf?report_idx=642401
4260,1,LS(006260) 상법개정으로 지배구조 개선되면서 동사 수혜,"이상헌,장호",iM증권,2025-07-14,2026-05-04 22:48:11.228582+00:00,https://consensus.hankyung.com/analysis/downpdf?report_idx=642400
4261,1,LS ELECTRIC(010120) 주가의 속도조절이 필요한 시기,"이상헌,장호",iM증권,2025-07-14,2026-05-04 22:48:11.228582+00:00,https://consensus.hankyung.com/analysis/downpdf?report_idx=642399
4262,1,대한항공(003490) 2Q25 Re: 고운임과 유류단가 하락에 따른 호실적,배세호,iM증권,2025-07-14,2026-05-04 22:48:11.228582+00:00,https://consensus.hankyung.com/analysis/downpdf?report_idx=642398
4263,1,"뉴파워프라즈마(144960) 플라즈마, UTG, 방산 등 실적의 날개를 달다","이상헌,징호",iM증권,2025-07-14,2026-05-04 22:48:11.228582+00:00,https://consensus.hankyung.com/analysis/downpdf?report_idx=642397
4264,1,DB하이텍(000990) 일회성 Pull-In이 아닌 중장기적 수혜 전망,차용호,LS증권,2025-07-14,2026-05-04 22:48:11.228582+00:00,https://consensus.hankyung.com/analysis/downpdf?report_idx=642396
4265,1,한화에어로스페이스(012450) 2Q25 Preview: 현지거점 통한 장기 성장동력 확보,최정환,LS증권,2025-07-14,2026-05-04 22:48:11.228582+00:00,https://consensus.hankyung.com/analysis/downpdf?report_idx=642395
4266,1,한미반도체(042700) 해외고객사 중심 확대 전략 유효,차용호,LS증권,2025-07-14,2026-05-04 22:48:11.228582+00:00,https://consensus.hankyung.com/analysis/downpdf?report_idx=642394
4267,1,더블유게임즈(192080) 시장 확대와 실적이 바로 붙는 M&A,김소혜,한화투자증권,2025-07-11,2026-05-04 22:48:11.228582+00:00,https://consensus.hankyung.com/analysis/downpdf?report_idx=642380
4268,1,"SNT에너지(100840) 중동 플랜트, 미국 LNG 정조준",김세련,LS증권,2025-07-11,2026-05-04 22:48:11.228582+00:00,https://consensus.hankyung.com/analysis/downpdf?report_idx=642370
4269,1,한국콜마(161890) 2Q25 Preview: 컨센서스 부합 예상,오린아,LS증권,2025-07-11,2026-05-04 22:48:11.228582+00:00,https://consensus.hankyung.com/analysis/downpdf?report_idx=642369
4270,1,코스맥스(192820) 2Q25 Preview: 컨센서스 부합 예상,오린아,LS증권,2025-07-11,2026-05-04 22:48:11.228582+00:00,https://consensus.hankyung.com/analysis/downpdf?report_idx=642368
4271,1,롯데칠성(005300) 회복기에 진입,박성호,LS증권,2025-07-11,2026-05-04 22:48:11.228582+00:00,https://consensus.hankyung.com/analysis/downpdf?report_idx=642367
4272,1,"금호석유화학(011780) 2분기 약세, 그러나 자사주 가치로 BUY 상향",정경희,LS증권,2025-07-11,2026-05-04 22:48:11.228582+00:00,https://consensus.hankyung.com/analysis/downpdf?report_idx=642366
4273,1,현대오토에버(307950) 그룹사 로보틱스 사업 내 역할 부각,이병근,LS증권,2025-07-11,2026-05-04 22:48:11.228582+00:00,https://consensus.hankyung.com/analysis/downpdf?report_idx=642365
4274,1,CJ대한통운(000120) 3Q25부터 다시 성장국면 돌입,배세호,iM증권,2025-07-11,2026-05-04 22:48:11.228582+00:00,https://consensus.hankyung.com/analysis/downpdf?report_idx=642361
4275,1,미스토홀딩스(081660) 실적 회복 중,형권훈,SK증권,2025-07-10,2026-05-04 22:48:11.228582+00:00,https://consensus.hankyung.com/analysis/downpdf?report_idx=642355
4276,1,LG유플러스(032640) 실적개선과 주주환원의 선순환,최관순,SK증권,2025-07-10,2026-05-04 22:48:11.228582+00:00,https://consensus.hankyung.com/analysis/downpdf?report_idx=642353
4277,1,현대모비스(012330) 상법개정의 나비효과,"윤혁진,박준형",SK증권,2025-07-10,2026-05-04 22:48:11.228582+00:00,https://consensus.hankyung.com/analysis/downpdf?report_idx=642352
4278,1,기아(000270) 배당 수익률 6.5% 예상되는 고배당주,"윤혁진,박준형",SK증권,2025-07-10,2026-05-04 22:48:11.228582+00:00,https://consensus.hankyung.com/analysis/downpdf?report_idx=642351
4279,1,SK이노베이션(096770) 엔무브상장철회가시사하는것,전유진,iM증권,2025-07-10,2026-05-04 22:48:11.228582+00:00,https://consensus.hankyung.com/analysis/downpdf?report_idx=642350
4280,1,"한화솔루션(009830) 여전한OBBB 법안불확실성, 그리고몇가지아쉬움",전유진,iM증권,2025-07-10,2026-05-04 22:48:11.228582+00:00,https://consensus.hankyung.com/analysis/downpdf?report_idx=642349
4281,1,효성티앤씨(298020) 우려와달리아직까지관세관련비용부담은미미,전유진,iM증권,2025-07-10,2026-05-04 22:48:11.228582+00:00,https://consensus.hankyung.com/analysis/downpdf?report_idx=642348
4282,1,HS효성첨단소재(298050) 글로벌1위업체의위용으로버텨내는관세부담,전유진,iM증권,2025-07-10,2026-05-04 22:48:11.228582+00:00,https://consensus.hankyung.com/analysis/downpdf?report_idx=642347
4283,1,유니드(014830) 하반기스프레드추가개선을기대할수있는이유,전유진,iM증권,2025-07-10,2026-05-04 22:48:11.228582+00:00,https://consensus.hankyung.com/analysis/downpdf?report_idx=642346
4284,1,롯데정밀화학(004000) 상반기와는확실히다른분위기를느낄수있을하반기,전유진,iM증권,2025-07-10,2026-05-04 22:48:11.228582+00:00,https://consensus.hankyung.com/analysis/downpdf?report_idx=642345
4285,1,"금호석유화학(011780) NB-Latex, 2분기부진에도3분기레벨업은변화없어",전유진,iM증권,2025-07-10,2026-05-04 22:48:11.228582+00:00,https://consensus.hankyung.com/analysis/downpdf?report_idx=642344
4286,1,롯데케미칼(011170) 부진한업황속그래도개선포인트들이조금씩출현하고있는요즘,전유진,iM증권,2025-07-10,2026-05-04 22:48:11.228582+00:00,https://consensus.hankyung.com/analysis/downpdf?report_idx=642343
4287,1,LG화학(051910) 하반기3가지관전포인트,전유진,iM증권,2025-07-10,2026-05-04 22:48:11.228582+00:00,https://consensus.hankyung.com/analysis/downpdf?report_idx=642342
4288,1,현대차(005380) 배당 수익률 5.7% 예상되는 고배당주,"윤혁진,박준형",SK증권,2025-07-10,2026-05-04 22:48:11.228582+00:00,https://consensus.hankyung.com/analysis/downpdf?report_idx=642339
4289,1,KT(030200) 서행할 차례,이찬영,유진투자증권,2025-07-10,2026-05-04 22:48:11.228582+00:00,https://consensus.hankyung.com/analysis/downpdf?report_idx=642338
4290,1,"DB하이텍(000990) 2Q25 Preview: 높은 가동률, 강한 수요",임소정,유진투자증권,2025-07-10,2026-05-04 22:48:11.228582+00:00,https://consensus.hankyung.com/analysis/downpdf?report_idx=642336
4291,1,주성엔지니어링(036930) 2분기도 순항,이동주,SK증권,2025-07-10,2026-05-04 22:48:11.228582+00:00,https://consensus.hankyung.com/analysis/downpdf?report_idx=642335
4292,1,아모레퍼시픽(090430) 2Q25 Preview: 하반기 기대 중,오린아,LS증권,2025-07-10,2026-05-04 22:48:11.228582+00:00,https://consensus.hankyung.com/analysis/downpdf?report_idx=642333
4293,1,라온시큐어(042510) 제로 트러스트 수요 확대에 수혜 + 디지털 ID 사업 기대감,정우성,LS증권,2025-07-10,2026-05-04 22:48:11.228582+00:00,https://consensus.hankyung.com/analysis/downpdf?report_idx=642332
4294,1,한국항공우주(047810) 2Q25 Preview: 상저하고 실적 전망,최정환,LS증권,2025-07-10,2026-05-04 22:48:11.228582+00:00,https://consensus.hankyung.com/analysis/downpdf?report_idx=642331
4295,1,현대위아(011210) [2Q25 Preview] 사업 규모 축소 기저 구간 도달,김성래,한화투자증권,2025-07-10,2026-05-04 22:48:11.228582+00:00,https://consensus.hankyung.com/analysis/downpdf?report_idx=642330
4296,1,"하이브(352820) 실적은 주춤, 하지만 모멘텀은 여전히 유효",박수영,한화투자증권,2025-07-10,2026-05-04 22:48:11.228582+00:00,https://consensus.hankyung.com/analysis/downpdf?report_idx=642328
4297,1,와이지엔터테인먼트(122870) Mega IP가 둘,박수영,한화투자증권,2025-07-10,2026-05-04 22:48:11.228582+00:00,https://consensus.hankyung.com/analysis/downpdf?report_idx=642326
4298,1,HDC현대산업개발(294870) 가장 빛나는 순간,송유림,한화투자증권,2025-07-10,2026-05-04 22:48:11.228582+00:00,https://consensus.hankyung.com/analysis/downpdf?report_idx=642324
4299,1,현대로템(064350) 축제는 이제 시작,양승윤,유진투자증권,2025-07-09,2026-05-04 22:48:11.228582+00:00,https://consensus.hankyung.com/analysis/downpdf?report_idx=642323
4300,1,한화에어로스페이스(012450) 가장 뜨겁게 준비중,양승윤,유진투자증권,2025-07-09,2026-05-04 22:48:11.228582+00:00,https://consensus.hankyung.com/analysis/downpdf?report_idx=642322
4301,1,액트로(290740) IR 後記: 기존 사업의 실적 회복 속에 장비 사업의 본격 성장 기대,박종선,유진투자증권,2025-07-09,2026-05-04 22:48:11.228582+00:00,https://consensus.hankyung.com/analysis/downpdf?report_idx=642321
4302,1,삼성중공업(010140) 단단하게 다진 내실이 빛을 발할 때,양승윤,유진투자증권,2025-07-09,2026-05-04 22:48:11.228582+00:00,https://consensus.hankyung.com/analysis/downpdf?report_idx=642319
4303,1,삼성전자(005930) Bottom or Breakdown?,이승우,유진투자증권,2025-07-09,2026-05-04 22:48:11.228582+00:00,https://consensus.hankyung.com/analysis/downpdf?report_idx=642318
4304,1,삼성전자(005930) 2Q25 잠정실적 리뷰 : 낮았던 기대. 악재 해소에 무게,김광진,한화투자증권,2025-07-09,2026-05-04 22:48:11.228582+00:00,https://consensus.hankyung.com/analysis/downpdf?report_idx=642312
4305,1,LG화학(051910) LGES 서프라이즈 제외하면 기대치 하회,이용욱,한화투자증권,2025-07-09,2026-05-04 22:48:11.228582+00:00,https://consensus.hankyung.com/analysis/downpdf?report_idx=642310
4306,1,유한양행(000100) 2Q25 Pre: 라이선스 및 API 매출 성장 지속,이선경,SK증권,2025-07-09,2026-05-04 22:48:11.228582+00:00,https://consensus.hankyung.com/analysis/downpdf?report_idx=642308
4307,1,"한미약품(128940) 2Q25 Pre: 컨센 부합, 하반기 R&D 주목",이선경,SK증권,2025-07-09,2026-05-04 22:48:11.228582+00:00,https://consensus.hankyung.com/analysis/downpdf?report_idx=642306
4308,1,한화오션(042660) 큰 그림을 위한 예열 중,한승한,SK증권,2025-07-09,2026-05-04 22:48:11.228582+00:00,https://consensus.hankyung.com/analysis/downpdf?report_idx=642302
4309,1,삼성중공업(010140) FLNG의 힘,한승한,SK증권,2025-07-09,2026-05-04 22:48:11.228582+00:00,https://consensus.hankyung.com/analysis/downpdf?report_idx=642301
4310,1,삼성전자(005930) 2Q25P Review: DS일회성 비용 반영,차용호,LS증권,2025-07-09,2026-05-04 22:48:11.228582+00:00,https://consensus.hankyung.com/analysis/downpdf?report_idx=642298
4311,1,현대로템(064350) 2Q25 Preview: 세계를 누비는 K2전차,최정환,LS증권,2025-07-09,2026-05-04 22:48:11.228582+00:00,https://consensus.hankyung.com/analysis/downpdf?report_idx=642297
4312,1,"LG화학(051910) LG에너지 솔루션 가치 가시화, BUY로 상향",정경희,LS증권,2025-07-09,2026-05-04 22:48:11.228582+00:00,https://consensus.hankyung.com/analysis/downpdf?report_idx=642296
4313,1,NICE평가정보(030190) 현황 업데이트,정홍식,LS증권,2025-07-09,2026-05-04 22:48:11.228582+00:00,https://consensus.hankyung.com/analysis/downpdf?report_idx=642295
4314,1,DL이앤씨(375500) 2Q25 Preview: 모든 것이 순조롭다,배세호,iM증권,2025-07-09,2026-05-04 22:48:11.228582+00:00,https://consensus.hankyung.com/analysis/downpdf?report_idx=642294
4315,1,HDC현대산업개발(294870) 2Q25 Preview: 충분히 인상적인 실적,배세호,iM증권,2025-07-09,2026-05-04 22:48:11.228582+00:00,https://consensus.hankyung.com/analysis/downpdf?report_idx=642293
4316,1,GS건설(006360) 2Q25 이후 두드러질 개선의 방향성,배세호,iM증권,2025-07-09,2026-05-04 22:48:11.228582+00:00,https://consensus.hankyung.com/analysis/downpdf?report_idx=642292
4317,1,현대건설(000720) 2Q25 Preview: 압도적인 퍼포먼스,배세호,iM증권,2025-07-09,2026-05-04 22:48:11.228582+00:00,https://consensus.hankyung.com/analysis/downpdf?report_idx=642291
4318,1,삼성전자(005930) 3Q25 실적은 개선될 전망이나..,-,iM증권,2025-07-09,2026-05-04 22:48:11.228582+00:00,https://consensus.hankyung.com/analysis/downpdf?report_idx=642289
4319,1,대한유화(006650) 울산 LNG발전소 가치가 얹어지다!,황규원,유안타증권,2025-07-08,2026-05-04 22:48:11.228582+00:00,https://consensus.hankyung.com/analysis/downpdf?report_idx=642286
4320,1,LG에너지솔루션(373220) 북미 판매 증가로 믹스 개선,황성현,유진투자증권,2025-07-08,2026-05-04 22:48:11.228582+00:00,https://consensus.hankyung.com/analysis/downpdf?report_idx=642276
4321,1,"한화솔루션(009830) 정책 불확실성은 해소, 펀더멘탈 개선을 기대",이용욱,한화투자증권,2025-07-08,2026-05-04 22:48:11.228582+00:00,https://consensus.hankyung.com/analysis/downpdf?report_idx=642273
4322,1,"LG에너지솔루션(373220) 2Q25 잠정실적 코멘트 – 서프라이즈 기록했으나, 하반기 북미 우려 확대",이용욱,한화투자증권,2025-07-08,2026-05-04 22:48:11.228582+00:00,https://consensus.hankyung.com/analysis/downpdf?report_idx=642272
4323,1,에스엠(041510) 유종의 미를 거둘 SM 3.0,박수영,한화투자증권,2025-07-08,2026-05-04 22:48:11.228582+00:00,https://consensus.hankyung.com/analysis/downpdf?report_idx=642271
4324,1,NAVER(035420) 히든천재,남효지,SK증권,2025-07-08,2026-05-04 22:48:11.228582+00:00,https://consensus.hankyung.com/analysis/downpdf?report_idx=642267
4325,1,LG디스플레이(034220) 하반기 실적 기대감 여전히 유효,"권민규,박형우",SK증권,2025-07-08,2026-05-04 22:48:11.228582+00:00,https://consensus.hankyung.com/analysis/downpdf?report_idx=642266
4326,1,"F&F(383220) 국내 부진, 중국 회복 지속",형권훈,SK증권,2025-07-08,2026-05-04 22:48:11.228582+00:00,https://consensus.hankyung.com/analysis/downpdf?report_idx=642265
4327,1,HD현대중공업(329180) 우려 대비 견조한 실적 기록 예상,한승한,SK증권,2025-07-08,2026-05-04 22:48:11.228582+00:00,https://consensus.hankyung.com/analysis/downpdf?report_idx=642264
4328,1,HD현대미포(010620) 현재보다 미래가 훨씬 더 기대된다,한승한,SK증권,2025-07-08,2026-05-04 22:48:11.228582+00:00,https://consensus.hankyung.com/analysis/downpdf?report_idx=642263
4329,1,LG전자(066570) LG전자 실적이 보여준 관세 충격의 단면 (feat. 2분기 잠정실적 결론),"박형우,권민규",SK증권,2025-07-08,2026-05-04 22:48:11.228582+00:00,https://consensus.hankyung.com/analysis/downpdf?report_idx=642262
4330,1,"LG에너지솔루션(373220) 2분기 서프, 그러나 하반기 불확실성 잔존 (재고, 관세)","박형우,권민규",SK증권,2025-07-08,2026-05-04 22:48:11.228582+00:00,https://consensus.hankyung.com/analysis/downpdf?report_idx=642261
4331,1,대한광통신(010170) 턴어라운드를 앞둔 AI인프라+방산 수혜주,허선재,SK증권,2025-07-08,2026-05-04 22:48:11.228582+00:00,https://consensus.hankyung.com/analysis/downpdf?report_idx=642260
4332,1,GS건설(006360) 성장을 향한 걸음,김세련,LS증권,2025-07-08,2026-05-04 22:48:11.228582+00:00,https://consensus.hankyung.com/analysis/downpdf?report_idx=642258
4333,1,LS ELECTRIC(010120) 배전제품 빅테크향 수주 활발. 배전부문 성장 방향성 주목,성종화,LS증권,2025-07-08,2026-05-04 22:48:11.228582+00:00,https://consensus.hankyung.com/analysis/downpdf?report_idx=642257
4334,1,LG생활건강(051900) 2Q25 Preview: 계속해서 지켜보는 중,오린아,LS증권,2025-07-08,2026-05-04 22:48:11.228582+00:00,https://consensus.hankyung.com/analysis/downpdf?report_idx=642256
4335,1,대한항공(003490) 2Q25 Preview: 무난한 비수기 통과,이재혁,LS증권,2025-07-08,2026-05-04 22:48:11.228582+00:00,https://consensus.hankyung.com/analysis/downpdf?report_idx=642255
4336,1,LG에너지솔루션(373220) 2분기 영업이익,정경희,LS증권,2025-07-08,2026-05-04 22:48:11.228582+00:00,https://consensus.hankyung.com/analysis/downpdf?report_idx=642254
4337,1,HDC현대산업개발(294870) 펀더멘탈 굳히기,김세련,LS증권,2025-07-08,2026-05-04 22:48:11.228582+00:00,https://consensus.hankyung.com/analysis/downpdf?report_idx=642253
4338,1,LG전자(066570) 궤도 복귀를 위한 인내의 시간,고의영,iM증권,2025-07-08,2026-05-04 22:48:11.228582+00:00,https://consensus.hankyung.com/analysis/downpdf?report_idx=642252
4339,1,LG에너지솔루션(373220) 미국 감세법안 시행으로 인한 불확실성 확대,정원석,iM증권,2025-07-08,2026-05-04 22:48:11.228582+00:00,https://consensus.hankyung.com/analysis/downpdf?report_idx=642251
4340,1,"현대제철(004020) 금상첨화, 흑전에 감산까지",김진범,상상인증권,2025-07-07,2026-05-04 22:48:11.228582+00:00,https://consensus.hankyung.com/analysis/downpdf?report_idx=642247
4341,1,POSCO홀딩스(005490) 정도를 걷겠다.,김진범,상상인증권,2025-07-07,2026-05-04 22:48:11.228582+00:00,https://consensus.hankyung.com/analysis/downpdf?report_idx=642246
4342,1,LG이노텍(011070) 2Q25 Preview: 초점은 내년으로,정민규,상상인증권,2025-07-07,2026-05-04 22:48:11.228582+00:00,https://consensus.hankyung.com/analysis/downpdf?report_idx=642245
4343,1,LG전자(066570) 2Q25 Preview: 불확실성 해소 필요,정민규,상상인증권,2025-07-07,2026-05-04 22:48:11.228582+00:00,https://consensus.hankyung.com/analysis/downpdf?report_idx=642244
4344,1,한화오션(042660) 실적 및 영업환경 모두 순항 중,이서연,상상인증권,2025-07-07,2026-05-04 22:48:11.228582+00:00,https://consensus.hankyung.com/analysis/downpdf?report_idx=642243
4345,1,이엠티(232530) 하이니켈 전구체를 제조하는 충주의 향토기업,"김경민,권지승",한국IR협의회,2025-07-07,2026-05-04 22:48:11.228582+00:00,https://consensus.hankyung.com/analysis/downpdf?report_idx=642241
4346,1,"한국전력(015760) 우호적인 요금정책 지속, 해외 원전건설 사업가치 재평가",허민호,대신증권,2025-07-07,2026-05-04 22:48:11.228582+00:00,https://consensus.hankyung.com/analysis/downpdf?report_idx=642238
4347,1,"한국가스공사(036460) 2H25부터 현금흐름 개선 본격화되지만, 여전히 요 금 인상 필요",허민호,대신증권,2025-07-07,2026-05-04 22:48:11.228582+00:00,https://consensus.hankyung.com/analysis/downpdf?report_idx=642237
4348,1,미래에셋증권(006800) 정상화된 이익 예상되나 다소 과도한 기대감,설용진,SK증권,2025-07-07,2026-05-04 22:48:11.228582+00:00,https://consensus.hankyung.com/analysis/downpdf?report_idx=642232
4349,1,삼성바이오로직스(207940) 2Q25 Preview: 예상대로 순항 중,정이수,IBK투자증권,2025-07-07,2026-05-04 22:48:11.228582+00:00,https://consensus.hankyung.com/analysis/downpdf?report_idx=642230
4350,1,SK텔레콤(017670) 초유의 사태,김태현,IBK투자증권,2025-07-07,2026-05-04 22:48:11.228582+00:00,https://consensus.hankyung.com/analysis/downpdf?report_idx=642227
4351,1,KCC(002380) 정부의 민간 ZEB 인증 의무화로 인한 수혜 전망,이동욱,IBK투자증권,2025-07-07,2026-05-04 22:48:11.228582+00:00,https://consensus.hankyung.com/analysis/downpdf?report_idx=642226
4352,1,루닛(328130) Agentic 의료AI 솔루션 글로벌 확장성 및 소버린 AI 수혜,"이상헌,장호",iM증권,2025-07-07,2026-05-04 22:48:11.228582+00:00,https://consensus.hankyung.com/analysis/downpdf?report_idx=642224
4353,1,LG(003550) 상법개정으로 지배구조 개선되면서 동사 수혜,"이상헌,장호",iM증권,2025-07-07,2026-05-04 22:48:11.228582+00:00,https://consensus.hankyung.com/analysis/downpdf?report_idx=642222
4354,1,현대차(005380) 2Q25 Preview: 실적 하회 예상하나 핵심은 관세 협상,이재일,유진투자증권,2025-07-07,2026-05-04 22:48:11.228582+00:00,https://consensus.hankyung.com/analysis/downpdf?report_idx=642221
4355,1,SK오션플랜트(100090) 해상풍력 수주 전성기 도래,한병화,유진투자증권,2025-07-07,2026-05-04 22:48:11.228582+00:00,https://consensus.hankyung.com/analysis/downpdf?report_idx=642220
4356,1,SK텔레콤(017670) 아직 끝이 아닙니다,이찬형,유진투자증권,2025-07-07,2026-05-04 22:48:11.228582+00:00,https://consensus.hankyung.com/analysis/downpdf?report_idx=642214
4357,1,유니셈(036200) 모멘텀 재개,이동주,SK증권,2025-07-04,2026-05-04 22:48:11.228582+00:00,https://consensus.hankyung.com/analysis/downpdf?report_idx=642211
4358,1,대웅제약(069620) 2Q25 Pre: 수출 확대로 컨센 상회,이선경,SK증권,2025-07-04,2026-05-04 22:48:11.228582+00:00,https://consensus.hankyung.com/analysis/downpdf?report_idx=642210
4359,1,원익IPS(240810) 모멘텀 서서히 회복,이동주,SK증권,2025-07-04,2026-05-04 22:48:11.228582+00:00,https://consensus.hankyung.com/analysis/downpdf?report_idx=642208
4360,1,"삼성SDI(006400) 2분기 Preview, 아직 긴 터널 속",정경희,LS증권,2025-07-04,2026-05-04 22:48:11.228582+00:00,https://consensus.hankyung.com/analysis/downpdf?report_idx=642206
4361,1,"KCC(002380) 한조양 EB발행 및 기업가치 제고 계획, 아쉬운 점들",정경희,LS증권,2025-07-04,2026-05-04 22:48:11.228582+00:00,https://consensus.hankyung.com/analysis/downpdf?report_idx=642204
4362,1,크래프톤(259960) 나.. 아직 14배,남효지,SK증권,2025-07-03,2026-05-04 22:48:11.228582+00:00,https://consensus.hankyung.com/analysis/downpdf?report_idx=642186
4363,1,"한화(000880) 빠른 속도, 바른 방향",최관순,SK증권,2025-07-03,2026-05-04 22:48:11.228582+00:00,https://consensus.hankyung.com/analysis/downpdf?report_idx=642185
4364,1,파마리서치(214450) 예상보다 더 빠른 리쥬란 성장속도,조은애,LS증권,2025-07-03,2026-05-04 22:48:11.228582+00:00,https://consensus.hankyung.com/analysis/downpdf?report_idx=642184
4365,1,한국단자(025540) 그래도 하이브리드 수혜는 있다,성종화,LS증권,2025-07-03,2026-05-04 22:48:11.228582+00:00,https://consensus.hankyung.com/analysis/downpdf?report_idx=642183
4366,1,"HD현대일렉트릭(267260) 성장성, 수익성 호조 지속. 밸류에이션 여력 충분",성종화,LS증권,2025-07-03,2026-05-04 22:48:11.228582+00:00,https://consensus.hankyung.com/analysis/downpdf?report_idx=642182
4367,1,현대로템(064350) 폴란드 K2전차 2차 계약 확정 코멘트,최정환,LS증권,2025-07-03,2026-05-04 22:48:11.228582+00:00,https://consensus.hankyung.com/analysis/downpdf?report_idx=642180
4368,1,삼성E&A(028050) 탑라인 방향성 전환,송유림,한화투자증권,2025-07-03,2026-05-04 22:48:11.228582+00:00,https://consensus.hankyung.com/analysis/downpdf?report_idx=642173
4369,1,롯데관광개발(032350) 성수기는 봐야지,박수영,한화투자증권,2025-07-03,2026-05-04 22:48:11.228582+00:00,https://consensus.hankyung.com/analysis/downpdf?report_idx=642172
4370,1,선진뷰티사이언스(086710) ODM 공장 준공식 후기,허준서,유진투자증권,2025-07-03,2026-05-04 22:48:11.228582+00:00,https://consensus.hankyung.com/analysis/downpdf?report_idx=642164
4371,1,신세계(004170) 2Q25 Preview: 하반기 기대주,오린아,LS증권,2025-07-02,2026-05-04 22:48:11.228582+00:00,https://consensus.hankyung.com/analysis/downpdf?report_idx=642157
4372,1,대한약품(023910) 중장기적인 DPS 성장 기대감,정홍식,LS증권,2025-07-02,2026-05-04 22:48:11.228582+00:00,https://consensus.hankyung.com/analysis/downpdf?report_idx=642156
4373,1,"효성중공업(298040) 건설, 바닥 다지기. 중공업, 고공 비행",성종화,LS증권,2025-07-02,2026-05-04 22:48:11.228582+00:00,https://consensus.hankyung.com/analysis/downpdf?report_idx=642155
4374,1,우리금융지주(316140) 할인요인 축소 본격화,전배승,LS증권,2025-07-02,2026-05-04 22:48:11.228582+00:00,https://consensus.hankyung.com/analysis/downpdf?report_idx=642154
4375,1,JYP Ent.(035900) 중요한 기로에 선 지금,황지원,iM증권,2025-07-02,2026-05-04 22:48:11.228582+00:00,https://consensus.hankyung.com/analysis/downpdf?report_idx=642143
4376,1,에스엠(041510) 저연차 성장 기반 IP 비즈니스 본격화,황지원,iM증권,2025-07-02,2026-05-04 22:48:11.228582+00:00,https://consensus.hankyung.com/analysis/downpdf?report_idx=642141
4377,1,와이지엔터테인먼트(122870) 하반기 소속 아티스트 총출동,황지원,iM증권,2025-07-02,2026-05-04 22:48:11.228582+00:00,https://consensus.hankyung.com/analysis/downpdf?report_idx=642140
4378,1,하이브(352820) BTS 효과는 이미 시작됐다,황지원,iM증권,2025-07-02,2026-05-04 22:48:11.228582+00:00,https://consensus.hankyung.com/analysis/downpdf?report_idx=642138
4379,1,크래프톤(259960) 잠시 쉬어가는 2분기,정의훈,유진투자증권,2025-07-02,2026-05-04 22:48:11.228582+00:00,https://consensus.hankyung.com/analysis/downpdf?report_idx=642134
4380,1,카카오(035720) 기대감으로 오른 주가를 이끌어 갈 요인들,김소혜,한화투자증권,2025-07-02,2026-05-04 22:48:11.228582+00:00,https://consensus.hankyung.com/analysis/downpdf?report_idx=642128
4381,1,NAVER(035420) 파이낸셜과 클라우드,김소혜,한화투자증권,2025-07-02,2026-05-04 22:48:11.228582+00:00,https://consensus.hankyung.com/analysis/downpdf?report_idx=642123
4382,1,HD현대건설기계(267270) HD현대건설기계-HD현대인프라코어 합병 코멘트,배성조,한화투자증권,2025-07-02,2026-05-04 22:48:11.228582+00:00,https://consensus.hankyung.com/analysis/downpdf?report_idx=642122
4383,1,하이트진로(000080) 2Q25 F&B Preview: 하반기에 거는 기대,이경신,iM증권,2025-07-01,2026-05-04 22:48:11.228582+00:00,https://consensus.hankyung.com/analysis/downpdf?report_idx=642121
4384,1,대상(001680) 2Q25 F&B Preview: 하반기에 거는 기대,이경신,iM증권,2025-07-01,2026-05-04 22:48:11.228582+00:00,https://consensus.hankyung.com/analysis/downpdf?report_idx=642120
4385,1,농심(004370) 2Q25 F&B Preview: 하반기에 거는 기대,이경신,iM증권,2025-07-01,2026-05-04 22:48:11.228582+00:00,https://consensus.hankyung.com/analysis/downpdf?report_idx=642119
4386,1,빙그레(005180) 2Q25 F&B Preview: 하반기에 거는 기대,이경신,iM증권,2025-07-01,2026-05-04 22:48:11.228582+00:00,https://consensus.hankyung.com/analysis/downpdf?report_idx=642118
4387,1,롯데칠성(005300) 2Q25 F&B Preview: 하반기에 거는 기대,이경신,iM증권,2025-07-01,2026-05-04 22:48:11.228582+00:00,https://consensus.hankyung.com/analysis/downpdf?report_idx=642117
4388,1,오뚜기(007310) 2Q25 F&B Preview: 하반기에 거는 기대,이경신,iM증권,2025-07-01,2026-05-04 22:48:11.228582+00:00,https://consensus.hankyung.com/analysis/downpdf?report_idx=642116
4389,1,신세계푸드(031440) 2Q25 F&B Preview: 하반기에 거는 기대,이경신,iM증권,2025-07-01,2026-05-04 22:48:11.228582+00:00,https://consensus.hankyung.com/analysis/downpdf?report_idx=642115
4390,1,KT&G(033780) 2Q25 F&B Preview: 하반기에 거는 기대,이경신,iM증권,2025-07-01,2026-05-04 22:48:11.228582+00:00,https://consensus.hankyung.com/analysis/downpdf?report_idx=642114
4391,1,동원F&B(049770) 2Q25 F&B Preview: 하반기에 거는 기대,이경신,iM증권,2025-07-01,2026-05-04 22:48:11.228582+00:00,https://consensus.hankyung.com/analysis/downpdf?report_idx=642113
4392,1,CJ프레시웨이(051500) 2Q25 F&B Preview: 하반기에 거는 기대,이경신,iM증권,2025-07-01,2026-05-04 22:48:11.228582+00:00,https://consensus.hankyung.com/analysis/downpdf?report_idx=642112
4393,1,SK하이닉스(000660) 강력한경쟁력과실적Vs 하반기업황재둔화가능성과Valuation 부담,송명섭,iM증권,2025-07-01,2026-05-04 22:48:11.228582+00:00,https://consensus.hankyung.com/analysis/downpdf?report_idx=642111
4394,1,삼성전자(005930) Legacy DRAM 경쟁력회복조짐Vs 늦어지고있는HBM 경쟁력개선,송명섭,iM증권,2025-07-01,2026-05-04 22:48:11.228582+00:00,https://consensus.hankyung.com/analysis/downpdf?report_idx=642110
4395,1,LG전자(066570) 도전적인 환경,고의영,iM증권,2025-07-01,2026-05-04 22:48:11.228582+00:00,https://consensus.hankyung.com/analysis/downpdf?report_idx=642109
4396,1,LG이노텍(011070) 우려 요인을 뒤집어 보면…,"고의영,손우성",iM증권,2025-07-01,2026-05-04 22:48:11.228582+00:00,https://consensus.hankyung.com/analysis/downpdf?report_idx=642108
4397,1,삼성전기(009150) 레거시로부터 탈피하는 중,고의영,iM증권,2025-07-01,2026-05-04 22:48:11.228582+00:00,https://consensus.hankyung.com/analysis/downpdf?report_idx=642107
4398,1,풍산(103140) 리레이팅 완료된 방산. 구리 가격도 강세,이태환,대신증권,2025-07-01,2026-05-04 22:48:11.228582+00:00,https://consensus.hankyung.com/analysis/downpdf?report_idx=642105
4399,1,대한항공(003490) 양호한 실적 예상하나 화물 우려 재부상,이서연,상상인증권,2025-07-01,2026-05-04 22:48:11.228582+00:00,https://consensus.hankyung.com/analysis/downpdf?report_idx=642100
4400,1,SK하이닉스(000660) 1위 유지,정민규,상상인증권,2025-07-01,2026-05-04 22:48:11.228582+00:00,https://consensus.hankyung.com/analysis/downpdf?report_idx=642098
4401,1,제이앤티씨(204270) 설명회 後記: 신사업은 순항 중,박종선,유진투자증권,2025-07-01,2026-05-04 22:48:11.228582+00:00,https://consensus.hankyung.com/analysis/downpdf?report_idx=642096
4402,1,"현대차(005380) [2Q25 Preview] 관세 영향 본격화, ’25년 관세 영향 2.6조원 추정",김성래,한화투자증권,2025-07-01,2026-05-04 22:48:11.228582+00:00,https://consensus.hankyung.com/analysis/downpdf?report_idx=642090
4403,1,"기아(000270) [2Q25 Preview] 관세 영향 본격화, ’25년 관세 영향 2.3조원 추정",김성래,한화투자증권,2025-07-01,2026-05-04 22:48:11.228582+00:00,https://consensus.hankyung.com/analysis/downpdf?report_idx=642085
4404,1,"산일전기(062040) 2공장 1,2차 증설로 3+3년의 장기 고성장 안배",성종화,LS증권,2025-07-01,2026-05-04 22:48:11.228582+00:00,https://consensus.hankyung.com/analysis/downpdf?report_idx=642082
4405,1,샘씨엔에스(252990) DRAM 세라믹STF 고성장,정홍식,LS증권,2025-07-01,2026-05-04 22:48:11.228582+00:00,https://consensus.hankyung.com/analysis/downpdf?report_idx=642081
4406,1,에이치엔에스하이텍(044990) 에이치엔에스하이텍 탐방노트: 성장률 높은 가치주,권민규,SK증권,2025-06-30,2026-05-04 22:48:11.228582+00:00,https://consensus.hankyung.com/analysis/downpdf?report_idx=642076
4407,1,비스토스(419540) 해외 시장 공략 다변화,나승두,SK증권,2025-06-30,2026-05-04 22:48:11.228582+00:00,https://consensus.hankyung.com/analysis/downpdf?report_idx=642073
4408,1,"메쎄이상(408920) 배당으로 하방 지지, 성장성+수익성 돋보인다",나승두,SK증권,2025-06-30,2026-05-04 22:48:11.228582+00:00,https://consensus.hankyung.com/analysis/downpdf?report_idx=642072
4409,1,하스(450330) 가장 자연스러운 복원이 가장 완벽한 솔루션,"박선영,정수현",한국IR협의회,2025-06-30,2026-05-04 22:48:11.228582+00:00,https://consensus.hankyung.com/analysis/downpdf?report_idx=642068
4410,1,벡트(457600) 전방위 디지털 사이니지 전문 기업,"채윤석,정수현",한국IR협의회,2025-06-30,2026-05-04 22:48:11.228582+00:00,https://consensus.hankyung.com/analysis/downpdf?report_idx=642067
4411,1,SK이노베이션(096770) 펀더멘탈 개선되는 중. 하반기 유지가 관건,이용욱,한화투자증권,2025-06-30,2026-05-04 22:48:11.228582+00:00,https://consensus.hankyung.com/analysis/downpdf?report_idx=642063
4412,1,신시웨이(290560) 좋아질 일만 남았다,오지훈,IBK투자증권,2025-06-30,2026-05-04 22:48:11.228582+00:00,https://consensus.hankyung.com/analysis/downpdf?report_idx=642056
4413,1,"심텍(222800) GDDR 6,7 그리고 비메모리",이건재,IBK투자증권,2025-06-30,2026-05-04 22:48:11.228582+00:00,https://consensus.hankyung.com/analysis/downpdf?report_idx=642054
4414,1,롯데정밀화학(004000) 경쟁사 설비 폐쇄로 역외 ECH 수출 확대 전망,아동욱,IBK투자증권,2025-06-30,2026-05-04 22:48:11.228582+00:00,https://consensus.hankyung.com/analysis/downpdf?report_idx=642053
4415,1,진영(285800) 업황은 바닥을 지나고 있다,"공도연,배세호",iM증권,2025-06-30,2026-05-04 22:48:11.228582+00:00,https://consensus.hankyung.com/analysis/downpdf?report_idx=642051
4416,1,"대한항공(003490) 2Q25 견조한 실적 기대, 화물 불확실성 제거 중요",배세호,iM증권,2025-06-30,2026-05-04 22:48:11.228582+00:00,https://consensus.hankyung.com/analysis/downpdf?report_idx=642050
4417,1,더존비즈온(012510) 내 안에 디지털뱅킹이 있다(ft. 정부정책 수혜),"이상헌,장호",iM증권,2025-06-30,2026-05-04 22:48:11.228582+00:00,https://consensus.hankyung.com/analysis/downpdf?report_idx=642049
4418,1,LG씨엔에스(064400) 소버린 AI 적용된 AX 관련 수주 가속화(ft. 정부정책 수혜),"이상헌,장호",iM증권,2025-06-30,2026-05-04 22:48:11.228582+00:00,https://consensus.hankyung.com/analysis/downpdf?report_idx=642046
4419,1,LS ELECTRIC(010120) 버티브건 6/25 자료 내용 수정 & 미국시장 투자 계획 업데이트,성종화,LS증권,2025-06-30,2026-05-04 22:48:11.228582+00:00,https://consensus.hankyung.com/analysis/downpdf?report_idx=642045
4420,1,"HD현대일렉트릭(267260) 6/25 진행, 경영진 간담회 내용 요약",성종화,LS증권,2025-06-30,2026-05-04 22:48:11.228582+00:00,https://consensus.hankyung.com/analysis/downpdf?report_idx=642044
4421,1,씨피시스템(413630) 하반기부터 점차 실적 회복 기대,박종선,유진투자증권,2025-06-30,2026-05-04 22:48:11.228582+00:00,https://consensus.hankyung.com/analysis/downpdf?report_idx=642037
4422,1,"삼성전기(009150) 2Q25 Preview: 아쉬운 실적, 성장 방 향성은 유지",이주형,유진투자증권,2025-06-30,2026-05-04 22:48:11.228582+00:00,https://consensus.hankyung.com/analysis/downpdf?report_idx=642035
4423,1,디지털대성(068930) 시장 우려와 다른 실적 성장세,권명준,유안타증권,2025-06-27,2026-05-04 22:48:11.228582+00:00,https://consensus.hankyung.com/analysis/downpdf?report_idx=642032
4424,1,"라이콤(388790) 광통신 장비가 주력, 영업부진 지속",김운호,IBK투자증권,2025-06-27,2026-05-04 22:48:11.228582+00:00,https://consensus.hankyung.com/analysis/downpdf?report_idx=642023
4425,1,DI동일(001530) 알루미늄박 실적 개선 조짐,한병화,유진투자증권,2025-06-27,2026-05-04 22:48:11.228582+00:00,https://consensus.hankyung.com/analysis/downpdf?report_idx=642020
4426,1,SK하이닉스(000660) 지금까지는 멀티플의 정상화. 이젠 내년 성장을 바라볼 때,김광진,한화투자증권,2025-06-27,2026-05-04 22:48:11.228582+00:00,https://consensus.hankyung.com/analysis/downpdf?report_idx=642014
4427,1,미스토홀딩스(081660) 다시 주목할 시점,이진협,한화투자증권,2025-06-27,2026-05-04 22:48:11.228582+00:00,https://consensus.hankyung.com/analysis/downpdf?report_idx=642010
4428,1,"라이콤(388790) 광통신 장비가 주력, 영업부진 지속",김운호,IBK투자증권,2025-06-27,2026-05-04 22:48:11.228582+00:00,https://consensus.hankyung.com/analysis/downpdf?report_idx=642007
4429,1,DI동일(001530) 알루미늄박 실적 개선 조짐,한병화,유진투자증권,2025-06-27,2026-05-04 22:48:11.228582+00:00,https://consensus.hankyung.com/analysis/downpdf?report_idx=642005
4430,1,"리노공업(058470) On-Device AI, 의심의 여지없는 직접 수혜",이동주,SK증권,2025-06-27,2026-05-04 22:48:11.228582+00:00,https://consensus.hankyung.com/analysis/downpdf?report_idx=642000
4431,1,ISC(095340) 대면적 AI 소켓과 함께 크다,이동주,SK증권,2025-06-27,2026-05-04 22:48:11.228582+00:00,https://consensus.hankyung.com/analysis/downpdf?report_idx=641999
4432,1,JB금융지주(175330) 우려 완화 시 부각될 45%의 총 주주환원율,설용진,SK증권,2025-06-27,2026-05-04 22:48:11.228582+00:00,https://consensus.hankyung.com/analysis/downpdf?report_idx=641998
4433,1,iM금융지주(139130) 전년보다는 무조건 나은 상황,설용진,SK증권,2025-06-27,2026-05-04 22:48:11.228582+00:00,https://consensus.hankyung.com/analysis/downpdf?report_idx=641997
4434,1,BNK금융지주(138930) 향후 건전성이 관건,설용진,SK증권,2025-06-27,2026-05-04 22:48:11.228582+00:00,https://consensus.hankyung.com/analysis/downpdf?report_idx=641996
4435,1,기업은행(024110) 낮은 배당소득 분리과세 관련 불확실성,설용진,SK증권,2025-06-27,2026-05-04 22:48:11.228582+00:00,https://consensus.hankyung.com/analysis/downpdf?report_idx=641995
4436,1,우리금융지주(316140) 수익기반을 갖춰가는 중,설용진,SK증권,2025-06-27,2026-05-04 22:48:11.228582+00:00,https://consensus.hankyung.com/analysis/downpdf?report_idx=641994
4437,1,하나금융지주(086790) 최근 환율 방향성은 긍정적,설용진,SK증권,2025-06-27,2026-05-04 22:48:11.228582+00:00,https://consensus.hankyung.com/analysis/downpdf?report_idx=641993
4438,1,신한지주(055550) 카드 업황 부진 감안해도 다소 과도한 저평가,설용진,SK증권,2025-06-27,2026-05-04 22:48:11.228582+00:00,https://consensus.hankyung.com/analysis/downpdf?report_idx=641992
4439,1,KB금융(105560) 양호한 자본력으로 기대 이상의 주주환원 전망,설용진,SK증권,2025-06-27,2026-05-04 22:48:11.228582+00:00,https://consensus.hankyung.com/analysis/downpdf?report_idx=641991
4440,1,에이비엘바이오(298380) Best-in-class 잠재력을 확인한 데이터,신지훈,LS증권,2025-06-27,2026-05-04 22:48:11.228582+00:00,https://consensus.hankyung.com/analysis/downpdf?report_idx=641988
4441,1,SK(034730) 가장 안정적인 선택지,최관순,SK증권,2025-06-26,2026-05-04 22:48:11.228582+00:00,https://consensus.hankyung.com/analysis/downpdf?report_idx=641984
4442,1,"현대오토에버(307950) 단기 변동성 확대돼도, 중장기 우상향 방향성은 유효",김귀연,대신증권,2025-06-26,2026-05-04 22:48:11.228582+00:00,https://consensus.hankyung.com/analysis/downpdf?report_idx=641982
4443,1,한텍(098070) 애프터마켓 확대와 LNG 수 요 회복의 교차점,이지니,대신증권,2025-06-26,2026-05-04 22:48:11.228582+00:00,https://consensus.hankyung.com/analysis/downpdf?report_idx=641979
4444,1,한국팩키지(037230) 재무건전성 관리에 유의,이지니,대신증권,2025-06-26,2026-05-04 22:48:11.228582+00:00,https://consensus.hankyung.com/analysis/downpdf?report_idx=641978
4445,1,"토모큐브(475960) HT, 오가노이드 시험에 필수 장비로 기대",하현수,유안타증권,2025-06-26,2026-05-04 22:48:11.228582+00:00,https://consensus.hankyung.com/analysis/downpdf?report_idx=641974
4446,1,"율촌(146060) 외형성장은 유효, 관세 불확실성은 부담",이현수,유안타증권,2025-06-26,2026-05-04 22:48:11.228582+00:00,https://consensus.hankyung.com/analysis/downpdf?report_idx=641972
4447,1,대덕전자(353200) MLB 고객사의 아웃퍼폼 주목,고의영,iM증권,2025-06-26,2026-05-04 22:48:11.228582+00:00,https://consensus.hankyung.com/analysis/downpdf?report_idx=641966
4448,1,한화오션(042660) 해양과 특수선도 기대된다,변용진,iM증권,2025-06-26,2026-05-04 22:48:11.228582+00:00,https://consensus.hankyung.com/analysis/downpdf?report_idx=641965
4449,1,"HD현대중공업(329180) 안정적 수주잔고, 여전한 대장주",변용진,iM증권,2025-06-26,2026-05-04 22:48:11.228582+00:00,https://consensus.hankyung.com/analysis/downpdf?report_idx=641961
4450,1,"HD현대중공업(329180) 안정적 수주잔고, 여전한 대장주",변용진,iM증권,2025-06-26,2026-05-04 22:48:11.228582+00:00,https://consensus.hankyung.com/analysis/downpdf?report_idx=641960
4451,1,"삼성물산(028260) SMR은 정밀하게, 공간은 유연하게",조정현,IBK투자증권,2025-06-26,2026-05-04 22:48:11.228582+00:00,https://consensus.hankyung.com/analysis/downpdf?report_idx=641958
4452,1,스톰테크(352090) IPO Update: 정수기 피팅 1등의 탑라인 성장,"장호,이상헌",iM증권,2025-06-26,2026-05-04 22:48:11.228582+00:00,https://consensus.hankyung.com/analysis/downpdf?report_idx=641956
4453,1,컨텍(451760) 아시아 유일 지상국 서비 스 기업,김아영,대신증권,2025-06-25,2026-05-04 22:48:11.228582+00:00,https://consensus.hankyung.com/analysis/downpdf?report_idx=641949
4454,1,우신시스템(017370) 2028년 성장까지도 가시성 있는 장기성장주,"윤혁진,박준형",SK증권,2025-06-25,2026-05-04 22:48:11.228582+00:00,https://consensus.hankyung.com/analysis/downpdf?report_idx=641942
4455,1,"한국전력(015760) 전일(6/24) 급등 사유? 그리고, 그 의미는?",성종화,LS증권,2025-06-25,2026-05-04 22:48:11.228582+00:00,https://consensus.hankyung.com/analysis/downpdf?report_idx=641937
4456,1,LS ELECTRIC(010120) 엔비디아 AI 서버 냉각시스템 전력기기 공급 진행 중,성종화,LS증권,2025-06-25,2026-05-04 22:48:11.228582+00:00,https://consensus.hankyung.com/analysis/downpdf?report_idx=641936
4457,1,유한양행(000100) 레이저티닙의 무한도전,정재원,iM증권,2025-06-25,2026-05-04 22:48:11.228582+00:00,https://consensus.hankyung.com/analysis/downpdf?report_idx=641935
4458,1,셀트리온(068270) 믿음 그리고 소망,정재원,iM증권,2025-06-25,2026-05-04 22:48:11.228582+00:00,https://consensus.hankyung.com/analysis/downpdf?report_idx=641934
4459,1,리가켐바이오(141080) 여길 봐도 저길 봐도 ADC(All Day Christmas),정재원,iM증권,2025-06-25,2026-05-04 22:48:11.228582+00:00,https://consensus.hankyung.com/analysis/downpdf?report_idx=641933
4460,1,삼성바이오로직스(207940) 무소의 뿔처럼 나아간다,정재원,iM증권,2025-06-25,2026-05-04 22:48:11.228582+00:00,https://consensus.hankyung.com/analysis/downpdf?report_idx=641932
4461,1,"드림인사이트(362990) 광고업계 작황부진, 혼작 통해 위기극복",이경신,iM증권,2025-06-25,2026-05-04 22:48:11.228582+00:00,https://consensus.hankyung.com/analysis/downpdf?report_idx=641931
4462,1,한미약품(128940) 비만에 날리는 진심펀치,정재원,iM증권,2025-06-25,2026-05-04 22:48:11.228582+00:00,https://consensus.hankyung.com/analysis/downpdf?report_idx=641930
4463,1,웹젠(069080) 신작 출시 기대,"김태현,박규연",한국IR협의회,2025-06-24,2026-05-04 22:48:11.228582+00:00,https://consensus.hankyung.com/analysis/downpdf?report_idx=641928
4464,1,"에코프로비엠(247540) LIB 소재가격(P) 안정, 물량(Q) 증가로 턴어라운드","이원재,이희경",한국IR협의회,2025-06-24,2026-05-04 22:48:11.228582+00:00,https://consensus.hankyung.com/analysis/downpdf?report_idx=641927
4465,1,"코오롱인더(120110) 2025년 5월, 아라미드 가격 반등 시작하다!","황규원,서석준",유안타증권,2025-06-24,2026-05-04 22:48:11.228582+00:00,https://consensus.hankyung.com/analysis/downpdf?report_idx=641921
4466,1,농심(004370) 지금이 매수 적기,김태현,IBK투자증권,2025-06-24,2026-05-04 22:48:11.228582+00:00,https://consensus.hankyung.com/analysis/downpdf?report_idx=641918
4467,1,"녹십자웰빙(234690) ‘라이넥’으로 중국 뚫고, 톡신&필러로 세계 겨눈다","김승준,박규연",한국IR협의회,2025-06-23,2026-05-04 22:48:11.228582+00:00,https://consensus.hankyung.com/analysis/downpdf?report_idx=641895
4468,1,"엔비티(236810) 정체 끝, 다시 찾아온 성장기","채윤석,정수현",한국IR협의회,2025-06-23,2026-05-04 22:48:11.228582+00:00,https://consensus.hankyung.com/analysis/downpdf?report_idx=641894
4469,1,리노공업(058470) 포고핀 소켓 절대 강자,"박성순,김혜빈",한국IR협의회,2025-06-23,2026-05-04 22:48:11.228582+00:00,https://consensus.hankyung.com/analysis/downpdf?report_idx=641893
4470,1,"크래프톤(259960) 펍지의 일시적 부진, 하반기 반등 가능",김소혜,한화투자증권,2025-06-23,2026-05-04 22:48:11.228582+00:00,https://consensus.hankyung.com/analysis/downpdf?report_idx=641887
4471,1,GKL(114090) 북적북적 드래곤시티  프리미엄 매스 지표 호조 기대,박수영,한화투자증권,2025-06-23,2026-05-04 22:48:11.228582+00:00,https://consensus.hankyung.com/analysis/downpdf?report_idx=641886
4472,1,피에스케이(319660) 하반기 고객사 1c 투자 수혜와 신규 고객 확보 기대,김광진,한화투자증권,2025-06-23,2026-05-04 22:48:11.228582+00:00,https://consensus.hankyung.com/analysis/downpdf?report_idx=641885
4473,1,토니모리(214420) 실적도 Good 주가도 Good,"이승은,김도엽",유안타증권,2025-06-23,2026-05-04 22:48:11.228582+00:00,https://consensus.hankyung.com/analysis/downpdf?report_idx=641877
4474,1,코스메카코리아(241710) ODM 업종 내 저평가주,"이승은,김도엽",유안타증권,2025-06-23,2026-05-04 22:48:11.228582+00:00,https://consensus.hankyung.com/analysis/downpdf?report_idx=641876
4475,1,디오(039840) 정부정책 수혜 및 실적 개선 가속화,"이상헌,장호",iM증권,2025-06-23,2026-05-04 22:48:11.228582+00:00,https://consensus.hankyung.com/analysis/downpdf?report_idx=641857
4476,1,휴메딕스(200670) 필러수출 고성장⇒성장성 및 수익성 개선,"이상헌,장호",iM증권,2025-06-23,2026-05-04 22:48:11.228582+00:00,https://consensus.hankyung.com/analysis/downpdf?report_idx=641856
4477,1,서부T&D(006730) 드래곤시티호텔 Q 증가가 P 상승을 이끈다,"이상헌,장호",iM증권,2025-06-23,2026-05-04 22:48:11.228582+00:00,https://consensus.hankyung.com/analysis/downpdf?report_idx=641855
4478,1,비츠로셀(082920) 트럼프 2.0 시대 방산수출 및 시추수요 확대로 성장세 가속화,"이상헌,장호",iM증권,2025-06-23,2026-05-04 22:48:11.228582+00:00,https://consensus.hankyung.com/analysis/downpdf?report_idx=641854
4479,1,엠앤씨솔루션(484870) 다다익선 수주가 동사 실적개선 가속화로 연결,"이상헌,장호",iM증권,2025-06-23,2026-05-04 22:48:11.228582+00:00,https://consensus.hankyung.com/analysis/downpdf?report_idx=641853
4480,1,SNT다이내믹스(003570) 동사 변속기 첨병 역할로 K2ME 중동수출 탄력 받을 듯,"이상헌,장호",iM증권,2025-06-23,2026-05-04 22:48:11.228582+00:00,https://consensus.hankyung.com/analysis/downpdf?report_idx=641852
4481,1,지역난방공사(071320) 미수금 감소로 배당성향 상향되면서 밸류 리레이팅,"이상헌,장호",iM증권,2025-06-23,2026-05-04 22:48:11.228582+00:00,https://consensus.hankyung.com/analysis/downpdf?report_idx=641851
4482,1,포스코인터내셔널(047050) 미국산 트레이딩 확대 및 가스전 인수 가시화로 성장성 부각,"이상헌,장호",iM증권,2025-06-23,2026-05-04 22:48:11.228582+00:00,https://consensus.hankyung.com/analysis/downpdf?report_idx=641850
4483,1,한국가스공사(036460) LNG 트레이딩 기회 확대될 듯,"이상헌,장호",iM증권,2025-06-23,2026-05-04 22:48:11.228582+00:00,https://consensus.hankyung.com/analysis/downpdf?report_idx=641849
4484,1,"태웅(044490) SMR 성장의 핵, 유럽해상풍력 실적의 핵","이상헌,장호",iM증권,2025-06-23,2026-05-04 22:48:11.228582+00:00,https://consensus.hankyung.com/analysis/downpdf?report_idx=641848
4485,1,한전기술(052690) 글로벌 SMR 확장성 및 해외원전 수주 지속성,"이상헌,장호",iM증권,2025-06-23,2026-05-04 22:48:11.228582+00:00,https://consensus.hankyung.com/analysis/downpdf?report_idx=641847
4486,1,두산에너빌리티(034020) 글로벌 원전 르네상스 시대 최대 수혜,"이상헌,장호",iM증권,2025-06-23,2026-05-04 22:48:11.228582+00:00,https://consensus.hankyung.com/analysis/downpdf?report_idx=641846
4487,1,미래에셋벤처투자(100790) AI 및 정부정책의 큰 손인 동사 제대로,"이상헌,장호",iM증권,2025-06-23,2026-05-04 22:48:11.228582+00:00,https://consensus.hankyung.com/analysis/downpdf?report_idx=641845
4488,1,롯데이노베이트(286940) AI 활성화 정책 등으로 수혜 가능할 듯,"이상헌,장호",iM증권,2025-06-23,2026-05-04 22:48:11.228582+00:00,https://consensus.hankyung.com/analysis/downpdf?report_idx=641844
4489,1,삼성에스디에스(018260) 이재명 정부 AI 활성화 정책 최대 수혜,"이상헌,장호",iM증권,2025-06-23,2026-05-04 22:48:11.228582+00:00,https://consensus.hankyung.com/analysis/downpdf?report_idx=641843
4490,1,CJ(001040) 기업구조개편 가시화로 동사 기업가치 제고 될 듯,"이상헌,장호",iM증권,2025-06-23,2026-05-04 22:48:11.228582+00:00,https://consensus.hankyung.com/analysis/downpdf?report_idx=641842
4491,1,SK(034730) 이재명 정부 상법 및 자본시장법 개정 동사 최대 수혜,"이상헌,장호",iM증권,2025-06-23,2026-05-04 22:48:11.228582+00:00,https://consensus.hankyung.com/analysis/downpdf?report_idx=641841
4492,1,제이브이엠(054950) 북미 主流市場 진출 및 로봇팔로 성장 훈풍이 분다,"이상헌,장호",iM증권,2025-06-23,2026-05-04 22:48:11.228582+00:00,https://consensus.hankyung.com/analysis/downpdf?report_idx=641840
4493,1,고영(098460) 글로벌 뇌수술용 로봇 강자로 거듭날 듯,"이상헌,장호",iM증권,2025-06-23,2026-05-04 22:48:11.228582+00:00,https://consensus.hankyung.com/analysis/downpdf?report_idx=641839
4494,1,삼성물산(028260) 삼성그룹 지배구조 혁신 수혜 및 SMR 사업 확대,"이상헌,장호",iM증권,2025-06-23,2026-05-04 22:48:11.228582+00:00,https://consensus.hankyung.com/analysis/downpdf?report_idx=641838
4495,1,한전KPS(051600) 해외 노후 원전 정비 모멘텀. 신규 원전은 장기 잠재력,성종화,LS증권,2025-06-23,2026-05-04 22:48:11.228582+00:00,https://consensus.hankyung.com/analysis/downpdf?report_idx=641834
4496,1,클래시스(214150) 미지의 매각 보다는 가시성 높은 펀더멘털 레벨업에 주목,조은애,LS증권,2025-06-23,2026-05-04 22:48:11.228582+00:00,https://consensus.hankyung.com/analysis/downpdf?report_idx=641833
4497,1,핑거(163730) IR 後記: 우호적인 정책 수혜 기대,박종선,유진투자증권,2025-06-23,2026-05-04 22:48:11.228582+00:00,https://consensus.hankyung.com/analysis/downpdf?report_idx=641824
4498,1,더블유게임즈(192080) 팍시게임즈 on,정의훈,유진투자증권,2025-06-23,2026-05-04 22:48:11.228582+00:00,https://consensus.hankyung.com/analysis/downpdf?report_idx=641822
4499,1,티에프이(425420) 반도체 업사이클에 관심종목 추가,이동욱,IBK투자증권,2025-06-20,2026-05-04 22:48:11.228582+00:00,https://consensus.hankyung.com/analysis/downpdf?report_idx=641819
4500,1,비아이매트릭스(413640) AI Model Tailor,조정현,IBK투자증권,2025-06-20,2026-05-04 22:48:11.228582+00:00,https://consensus.hankyung.com/analysis/downpdf?report_idx=641818
4501,1,이노룰스(296640) IR 後記: AX/DX 도입 확대 수혜 기대,박종선,유진투자증권,2025-06-20,2026-05-04 22:48:11.228582+00:00,https://consensus.hankyung.com/analysis/downpdf?report_idx=641815
4502,1,피에스케이(319660) 하반기 고객사 1c 투자 수혜와 신규 고객 확보 기대,김광진,한화투자증권,2025-06-20,2026-05-04 22:48:11.228582+00:00,https://consensus.hankyung.com/analysis/downpdf?report_idx=641805
4503,1,한전기술(052690) 단기 변동성 가능성 vs 국내외 원전 모멘텀 순차적 지속,성종화,LS증권,2025-06-20,2026-05-04 22:48:11.228582+00:00,https://consensus.hankyung.com/analysis/downpdf?report_idx=641802
4504,1,씨메스(475400) 똑똑한 지능형 로봇 솔루션 기업,"백종석,김혜빈",한국IR협의회,2025-06-19,2026-05-04 22:48:11.228582+00:00,https://consensus.hankyung.com/analysis/downpdf?report_idx=641798
4505,1,E8(418620) 수년간 기다려온 디지털 트윈 사업 실질 수혜 전망,김소혜,한화투자증권,2025-06-19,2026-05-04 22:48:11.228582+00:00,https://consensus.hankyung.com/analysis/downpdf?report_idx=641796
4506,1,SNT모티브(064960) 모터 중심 펀더멘털 성장과 방산 사업의 밸류에이션 효과,"김성래,김예인",한화투자증권,2025-06-19,2026-05-04 22:48:11.228582+00:00,https://consensus.hankyung.com/analysis/downpdf?report_idx=641795
4507,1,"POSCO홀딩스(005490) 쉽지 않았던 전반전, 후반전을 기대",이현수,유안타증권,2025-06-19,2026-05-04 22:48:11.228582+00:00,https://consensus.hankyung.com/analysis/downpdf?report_idx=641787
4508,1,에이피알(278470) 예상 보다 더 빠른 성장 속도,조은애,LS증권,2025-06-19,2026-05-04 22:48:11.228582+00:00,https://consensus.hankyung.com/analysis/downpdf?report_idx=641763
4509,1,"티앤엘(340570) 미지의 미국, 미래의 유럽과 신규 고객사",조은애,LS증권,2025-06-18,2026-05-04 22:48:11.228582+00:00,https://consensus.hankyung.com/analysis/downpdf?report_idx=641758
4510,1,파크시스템스(140860) 싸이클과 상관없는 꾸준한 성장세 지속,송명섭,iM증권,2025-06-18,2026-05-04 22:48:11.228582+00:00,https://consensus.hankyung.com/analysis/downpdf?report_idx=641757
4511,1,오리온(271560) 다시 성장 채비 완료,이경신,iM증권,2025-06-18,2026-05-04 22:48:11.228582+00:00,https://consensus.hankyung.com/analysis/downpdf?report_idx=641756
4512,1,"더존비즈온(012510) AI 정부 정책의 핵심은 중소기업, 소상공인 활성화",김소혜,한화투자증권,2025-06-17,2026-05-04 22:48:11.228582+00:00,https://consensus.hankyung.com/analysis/downpdf?report_idx=641753
4513,1,바이오포트(188040) K푸드 시장의 떠오르는 인디브랜드,허선재,SK증권,2025-06-17,2026-05-04 22:48:11.228582+00:00,https://consensus.hankyung.com/analysis/downpdf?report_idx=641749
4514,1,리노공업(058470) 2분기 최대 실적이 기대된다.,정홍식,LS증권,2025-06-17,2026-05-04 22:48:11.228582+00:00,https://consensus.hankyung.com/analysis/downpdf?report_idx=641747
4515,1,닷밀(464580) 올인원 사업 역량을 갖춘 실감미디어 전문 기업,"채윤석,정수현",한국IR협의회,2025-06-16,2026-05-04 22:48:11.228582+00:00,https://consensus.hankyung.com/analysis/downpdf?report_idx=641742
4516,1,파마리서치(214450) 단기 노이즈는 호실적이 깨부순다,한송협,대신증권,2025-06-16,2026-05-04 22:48:11.228582+00:00,https://consensus.hankyung.com/analysis/downpdf?report_idx=641714
4517,1,제이에스코퍼레이션(194370) 이제는 황금알을 낳는 거위,나승두,SK증권,2025-06-16,2026-05-04 22:48:11.228582+00:00,https://consensus.hankyung.com/analysis/downpdf?report_idx=641709
4518,1,JTC(950170) 비상식적 우려에는 매수로 대응,나승두,SK증권,2025-06-16,2026-05-04 22:48:11.228582+00:00,https://consensus.hankyung.com/analysis/downpdf?report_idx=641708
4519,1,서부T&D(006730) 탄탄한 수익성에 주주 친화 정책 더해진다,나승두,SK증권,2025-06-16,2026-05-04 22:48:11.228582+00:00,https://consensus.hankyung.com/analysis/downpdf?report_idx=641707
4520,1,파라다이스(034230) 하반기는 더 기대됩니다,나승두,SK증권,2025-06-16,2026-05-04 22:48:11.228582+00:00,https://consensus.hankyung.com/analysis/downpdf?report_idx=641706
4521,1,롯데관광개발(032350) 삼박자 갖춘 유일한 기업,나승두,SK증권,2025-06-16,2026-05-04 22:48:11.228582+00:00,https://consensus.hankyung.com/analysis/downpdf?report_idx=641704
4522,1,비큐AI(148780) 소버린 AI 개발 기대감 부각,강민구,IBK투자증권,2025-06-16,2026-05-04 22:48:11.228582+00:00,https://consensus.hankyung.com/analysis/downpdf?report_idx=641700
4523,1,"해성디에스(195870) 전기차 캐즘과 DDR4 단종, 극복 가능한 문제",이건재,IBK투자증권,2025-06-16,2026-05-04 22:48:11.228582+00:00,https://consensus.hankyung.com/analysis/downpdf?report_idx=641699
4524,1,"태웅(044490) SMR 성장의 핵, 유럽해상풍력 실적향상의 핵","이상헌,장호",iM증권,2025-06-16,2026-05-04 22:48:11.228582+00:00,https://consensus.hankyung.com/analysis/downpdf?report_idx=641696
4525,1,한전기술(052690) 글로벌 SMR 확장성 및 해외원전 수주 지속성,"이상헌,장호",iM증권,2025-06-16,2026-05-04 22:48:11.228582+00:00,https://consensus.hankyung.com/analysis/downpdf?report_idx=641694
4526,1,"파마리서치(214450) 미지의 인적분할, 미래의 리쥬란 성장성",조은애,LS증권,2025-06-16,2026-05-04 22:48:11.228582+00:00,https://consensus.hankyung.com/analysis/downpdf?report_idx=641693
4527,1,유니퀘스트(077500) 비메모리 반도체 유통 기업,정홍식,LS증권,2025-06-16,2026-05-04 22:48:11.228582+00:00,https://consensus.hankyung.com/analysis/downpdf?report_idx=641691
4528,1,파마리서치(214450) 차가운 이성이 필요한 때,차가운 이성이 필요한 때,유진투자증권,2025-06-16,2026-05-04 22:48:11.228582+00:00,https://consensus.hankyung.com/analysis/downpdf?report_idx=641684
4529,1,비에이치(090460) 저점 매수 제안,"박형우,권민규",SK증권,2025-06-13,2026-05-04 22:48:11.228582+00:00,https://consensus.hankyung.com/analysis/downpdf?report_idx=641682
4530,1,한화손해보험(000370) 배당만 빼면 대체로 안정적인 지표,설용진,SK증권,2025-06-13,2026-05-04 22:48:11.228582+00:00,https://consensus.hankyung.com/analysis/downpdf?report_idx=641678
4531,1,롯데관광개발(032350) 괄목상대(刮目相對),박수영,한화투자증권,2025-06-12,2026-05-04 22:48:11.228582+00:00,https://consensus.hankyung.com/analysis/downpdf?report_idx=641667
4532,1,한국전력(015760) 배당 확대 기대감은 유효,송유림,한화투자증권,2025-06-11,2026-05-04 22:48:11.228582+00:00,https://consensus.hankyung.com/analysis/downpdf?report_idx=641659
4533,1,삼성전기(009150) 환율 하락을 넘어서는 본질적 기업가치,"박형우,권민규",SK증권,2025-06-11,2026-05-04 22:48:11.228582+00:00,https://consensus.hankyung.com/analysis/downpdf?report_idx=641645
4534,1,하이브(352820) WE ARE BACK,황지원,iM증권,2025-06-11,2026-05-04 22:48:11.228582+00:00,https://consensus.hankyung.com/analysis/downpdf?report_idx=641641
4535,1,한화에어로스페이스(012450) 선택이 아닌 필수가 될 현지화 전략,배성조,한화투자증권,2025-06-10,2026-05-04 22:48:11.228582+00:00,https://consensus.hankyung.com/analysis/downpdf?report_idx=641637
4536,1,POSCO홀딩스(005490) 예상대비업황은부진하나..,김윤상,iM증권,2025-06-10,2026-05-04 22:48:11.228582+00:00,https://consensus.hankyung.com/analysis/downpdf?report_idx=641628
4537,1,풍산(103140) 하반기에도업종최선호주: 2분기에도이어지는실적서프라이즈,김윤상,iM증권,2025-06-10,2026-05-04 22:48:11.228582+00:00,https://consensus.hankyung.com/analysis/downpdf?report_idx=641627
4538,1,KX(122450) 캐시카우를 기반으로 기회를 확장하다,"박선영,정수현",한국IR협의회,2025-06-09,2026-05-04 22:48:11.228582+00:00,https://consensus.hankyung.com/analysis/downpdf?report_idx=641622
4539,1,"아셈스(136410) 저평가 기업 발굴, 지금은 신사업 확장 中",이준석,한양증권,2025-06-09,2026-05-04 22:48:11.228582+00:00,https://consensus.hankyung.com/analysis/downpdf?report_idx=641621
4540,1,세진중공업(075580) 시가총액 1조원은 거뜬한 조선의 ‘저PER’ 주,오지훈,IBK투자증권,2025-06-09,2026-05-04 22:48:11.228582+00:00,https://consensus.hankyung.com/analysis/downpdf?report_idx=641587
4541,1,LG에너지솔루션(373220) 북미전기차수요둔화가능성Vs. 북미ESS 시장내점유율확대가능성,정원석,iM증권,2025-06-09,2026-05-04 22:48:11.228582+00:00,https://consensus.hankyung.com/analysis/downpdf?report_idx=641585
4542,1,미래에셋벤처투자(100790) AI 및 정부정책의 큰 손인 동사 제대로 물 만났다,"이상헌,장호",iM증권,2025-06-09,2026-05-04 22:48:11.228582+00:00,https://consensus.hankyung.com/analysis/downpdf?report_idx=641583
4543,1,"삼성SDI(006400) 유럽, 북미향배터리출하부진으로2Q25 실적시장기대치하회할전망",정원석,iM증권,2025-06-09,2026-05-04 22:48:11.228582+00:00,https://consensus.hankyung.com/analysis/downpdf?report_idx=641579
4544,1,HK이노엔(195940) 미국 경쟁 약물 제네릭 조기 출시 우려 해소,신지훈,LS증권,2025-06-09,2026-05-04 22:48:11.228582+00:00,https://consensus.hankyung.com/analysis/downpdf?report_idx=641576
4545,1,"에이유브랜즈(481070) 헌터, 어그 잡으러 온 올웨더 브랜드",이해니,유진투자증권,2025-06-09,2026-05-04 22:48:11.228582+00:00,https://consensus.hankyung.com/analysis/downpdf?report_idx=641568
4546,1,오스테오닉(226400) 본격적인 수출 성장 지속될 전망,허선재,SK증권,2025-06-05,2026-05-04 22:48:11.228582+00:00,https://consensus.hankyung.com/analysis/downpdf?report_idx=641565
4547,1,서호전기(065710) 항만크레인 무인화 시스템 솔루션,정홍식,LS증권,2025-06-05,2026-05-04 22:48:11.228582+00:00,https://consensus.hankyung.com/analysis/downpdf?report_idx=641562
4548,1,RFHIC(218410) 방산용 GaN 전력증폭기 설계 기업,최정환,LS증권,2025-06-05,2026-05-04 22:48:11.228582+00:00,https://consensus.hankyung.com/analysis/downpdf?report_idx=641561
4549,1,한화오션(042660) 미국발 특수선 수혜는 우리가 먼저,변용진,iM증권,2025-06-05,2026-05-04 22:48:11.228582+00:00,https://consensus.hankyung.com/analysis/downpdf?report_idx=641560
4550,1,한화에어로스페이스(012450) 투자로 기회의 문을 연다,변용진,iM증권,2025-06-05,2026-05-04 22:48:11.228582+00:00,https://consensus.hankyung.com/analysis/downpdf?report_idx=641558
4551,1,HDC(012630) 기분좋은 시작,송유림,한화투자증권,2025-06-05,2026-05-04 22:48:11.228582+00:00,https://consensus.hankyung.com/analysis/downpdf?report_idx=641539
4552,1,이오테크닉스(039030) 반도체 장비 중심의 성장 지속,"송명섭,손우성",iM증권,2025-06-04,2026-05-04 22:48:11.228582+00:00,https://consensus.hankyung.com/analysis/downpdf?report_idx=641521
4553,1,아모텍(052710) 매출의60%가전장부품인회사,고의영,iM증권,2025-06-04,2026-05-04 22:48:11.228582+00:00,https://consensus.hankyung.com/analysis/downpdf?report_idx=641520
4554,1,솔루엠(248070) 눈높이현실화에걸린시간…,고의영,iM증권,2025-06-04,2026-05-04 22:48:11.228582+00:00,https://consensus.hankyung.com/analysis/downpdf?report_idx=641519
4555,1,대덕전자(353200) 업황부진에도묵묵히,고의영,iM증권,2025-06-04,2026-05-04 22:48:11.228582+00:00,https://consensus.hankyung.com/analysis/downpdf?report_idx=641518
4556,1,LG이노텍(011070) 꼬인실타래가풀리면,고의영,iM증권,2025-06-04,2026-05-04 22:48:11.228582+00:00,https://consensus.hankyung.com/analysis/downpdf?report_idx=641517
4557,1,삼성전기(009150) 불확실성의파고를넘어,고의영,iM증권,2025-06-04,2026-05-04 22:48:11.228582+00:00,https://consensus.hankyung.com/analysis/downpdf?report_idx=641516
4558,1,LG전자(066570) 촉매를기다린다,고의영,iM증권,2025-06-04,2026-05-04 22:48:11.228582+00:00,https://consensus.hankyung.com/analysis/downpdf?report_idx=641514
4559,1,솔브레인홀딩스(036830) 전해액과 바이오헬스케어로 균형잡힌 포트폴리오,"김경민,권지승",한국IR협의회,2025-06-02,2026-05-04 22:48:11.228582+00:00,https://consensus.hankyung.com/analysis/downpdf?report_idx=641511
4560,1,"비아이매트릭스(413640) AI 시대, 데이터 전문 기업의 가치",백종민,유안타증권,2025-06-02,2026-05-04 22:48:11.228582+00:00,https://consensus.hankyung.com/analysis/downpdf?report_idx=641499
4561,1,"와이즈넛(096250) 늦었지만, 가장 커질 수도 있는 기업",백종민,유안타증권,2025-06-02,2026-05-04 22:48:11.228582+00:00,https://consensus.hankyung.com/analysis/downpdf?report_idx=641498
4562,1,코난테크놀로지(402030) AI 국가대표가 되기 위해 걸어온 길,백종민,유안타증권,2025-06-02,2026-05-04 22:48:11.228582+00:00,https://consensus.hankyung.com/analysis/downpdf?report_idx=641497
4563,1,솔트룩스(304100) 내가 AI 국가대표가 될 상인가?,백종민,유안타증권,2025-06-02,2026-05-04 22:48:11.228582+00:00,https://consensus.hankyung.com/analysis/downpdf?report_idx=641496
4564,1,에이치엔에스하이텍(044990) 탐방노트: 숫자와 기술이 뒷받침된 저평가 기업,양승수,메리츠증권,2025-06-02,2026-05-04 22:48:11.228582+00:00,https://consensus.hankyung.com/analysis/downpdf?report_idx=641493
4565,1,메디톡스(086900) 지금쯤이면 볼 만하다,한송협,대신증권,2025-06-02,2026-05-04 22:48:11.228582+00:00,https://consensus.hankyung.com/analysis/downpdf?report_idx=641481
4566,1,와이지엔터테인먼트(122870) 더욱 커져가는 기대감,임수진,대신증권,2025-06-02,2026-05-04 22:48:11.228582+00:00,https://consensus.hankyung.com/analysis/downpdf?report_idx=641480
4567,1,한화손해보험(000370) 한화손해보험 NDR 후기: 제도 개선 여부와 관계없이 양질의 이익체력 확보 중,설용진,SK증권,2025-06-02,2026-05-04 22:48:11.228582+00:00,https://consensus.hankyung.com/analysis/downpdf?report_idx=641476
4568,1,S-Oil(010950) GTG 투자로 자가발전 비율 40% 돌파 전망,이동욱,IBK투자증권,2025-06-02,2026-05-04 22:48:11.228582+00:00,https://consensus.hankyung.com/analysis/downpdf?report_idx=641471
4569,1,쿠쿠홀딩스(192400) 배당확대로 밸류에이션 리레이팅 될 듯,이상헌,iM증권,2025-06-02,2026-05-04 22:48:11.228582+00:00,https://consensus.hankyung.com/analysis/downpdf?report_idx=641469
4570,1,덕산네오룩스(213420) 향후 높은 성장성 대비 여전히 싼 주가,"정원석,손우성",iM증권,2025-06-02,2026-05-04 22:48:11.228582+00:00,https://consensus.hankyung.com/analysis/downpdf?report_idx=641468
4571,1,SK(034730) 이번 대선 공약 실현시 동사 최대 수혜,이상헌,iM증권,2025-06-02,2026-05-04 22:48:11.228582+00:00,https://consensus.hankyung.com/analysis/downpdf?report_idx=641466
4572,1,인탑스(049070) 자산가치가 높은 기업,정홍식,LS증권,2025-06-02,2026-05-04 22:48:11.228582+00:00,https://consensus.hankyung.com/analysis/downpdf?report_idx=641465
4573,1,NICE인프라(063570) 영업이익 증가 요인 점검,정홍식,LS증권,2025-06-02,2026-05-04 22:48:11.228582+00:00,https://consensus.hankyung.com/analysis/downpdf?report_idx=641464
4574,1,케이엔알시스템(199430) Heavy-Duty 전문가에요,박찬솔,SK증권,2025-05-30,2026-05-04 22:48:11.228582+00:00,https://consensus.hankyung.com/analysis/downpdf?report_idx=641448
4575,1,에스비비테크(389500) 어떤 정책이 나와도 괜찮을 것 같아요,박찬솔,SK증권,2025-05-30,2026-05-04 22:48:11.228582+00:00,https://consensus.hankyung.com/analysis/downpdf?report_idx=641447
4576,1,에브리봇(270660) 자율주행 OEM 해보려고요,박찬솔,SK증권,2025-05-30,2026-05-04 22:48:11.228582+00:00,https://consensus.hankyung.com/analysis/downpdf?report_idx=641446
4577,1,티로보틱스(117730) 저희가 제일 잘 옮겨드려요,박찬솔,SK증권,2025-05-30,2026-05-04 22:48:11.228582+00:00,https://consensus.hankyung.com/analysis/downpdf?report_idx=641445
4578,1,"뉴로메카(348340) 철강/조선/F&B, 로봇과 함께 가자",박찬솔,SK증권,2025-05-30,2026-05-04 22:48:11.228582+00:00,https://consensus.hankyung.com/analysis/downpdf?report_idx=641444
4579,1,씨메스(475400) 어디까지 알아보고 오셨어요?,박찬솔,SK증권,2025-05-30,2026-05-04 22:48:11.228582+00:00,https://consensus.hankyung.com/analysis/downpdf?report_idx=641443
4580,1,엔젤로보틱스(455900) 천사의 마음은 어디로 향할까?,박찬솔,SK증권,2025-05-30,2026-05-04 22:48:11.228582+00:00,https://consensus.hankyung.com/analysis/downpdf?report_idx=641442
4581,1,큐렉소(060280) 올해 실적 좋아요,박찬솔,SK증권,2025-05-30,2026-05-04 22:48:11.228582+00:00,https://consensus.hankyung.com/analysis/downpdf?report_idx=641441
4582,1,클로봇(466100) We Make You Move,박찬솔,SK증권,2025-05-30,2026-05-04 22:48:11.228582+00:00,https://consensus.hankyung.com/analysis/downpdf?report_idx=641440
4583,1,에스피지(058610) 정밀한 건 저한테 맡겨 주세요,박찬솔,SK증권,2025-05-30,2026-05-04 22:48:11.228582+00:00,https://consensus.hankyung.com/analysis/downpdf?report_idx=641439
4584,1,유일로보틱스(388720) 제가 생산성 올려드릴게요,박찬솔,SK증권,2025-05-30,2026-05-04 22:48:11.228582+00:00,https://consensus.hankyung.com/analysis/downpdf?report_idx=641438
4585,1,하이젠알앤엠(160190) 차세대 모터를 책임지겠습니다,박찬솔,SK증권,2025-05-30,2026-05-04 22:48:11.228582+00:00,https://consensus.hankyung.com/analysis/downpdf?report_idx=641437
4586,1,두산로보틱스(454910) 공항에 사람이 부족해요,박찬솔,SK증권,2025-05-30,2026-05-04 22:48:11.228582+00:00,https://consensus.hankyung.com/analysis/downpdf?report_idx=641436
4587,1,"레인보우로보틱스(277810) K-Humanoid, 제가 해보겠습니다",박찬솔,SK증권,2025-05-30,2026-05-04 22:48:11.228582+00:00,https://consensus.hankyung.com/analysis/downpdf?report_idx=641435
4588,1,로보티즈(108490) 이제 Data Factory,박찬솔,SK증권,2025-05-30,2026-05-04 22:48:11.228582+00:00,https://consensus.hankyung.com/analysis/downpdf?report_idx=641434
4589,1,동아에스티(170900) 비만 치료제 성과 기대,신지훈,LS증권,2025-05-30,2026-05-04 22:48:11.228582+00:00,https://consensus.hankyung.com/analysis/downpdf?report_idx=641433
4590,1,천보(278280) 2026년 미-중 상계관세 부과 가능성 부각,정원석,iM증권,2025-05-30,2026-05-04 22:48:11.228582+00:00,https://consensus.hankyung.com/analysis/downpdf?report_idx=641432
4591,1,제주항공(089590) 운항 편수 감소에 따른 실적 악화,배세호,iM증권,2025-05-30,2026-05-04 22:48:11.228582+00:00,https://consensus.hankyung.com/analysis/downpdf?report_idx=641431
4592,1,로보티즈(108490) 이미액츄에이터제품레퍼런스를확보,이상수,iM증권,2025-05-30,2026-05-04 22:48:11.228582+00:00,https://consensus.hankyung.com/analysis/downpdf?report_idx=641430
4593,1,에스피지(058610) 정밀감속기를넘어액츄에이터까지,이상수,iM증권,2025-05-30,2026-05-04 22:48:11.228582+00:00,https://consensus.hankyung.com/analysis/downpdf?report_idx=641428
4594,1,"에스엘(005850) 하반기 북미 생산 비중 확대, 내년 대규모 수주 물량의 매출 전환 시작",김성래,한화투자증권,2025-05-29,2026-05-04 22:48:11.228582+00:00,https://consensus.hankyung.com/analysis/downpdf?report_idx=641425
4595,1,두산(000150) ‘Special One’,양승수,메리츠증권,2025-05-29,2026-05-04 22:48:11.228582+00:00,https://consensus.hankyung.com/analysis/downpdf?report_idx=641414
4596,1,한국단자(025540) 열배 확대되는 시장에 올라타자,윤혁진,SK증권,2025-05-29,2026-05-04 22:48:11.228582+00:00,https://consensus.hankyung.com/analysis/downpdf?report_idx=641411
4597,1,제우스(079370) 포토닉 디본딩 개화를 기다리며,차용호,LS증권,2025-05-29,2026-05-04 22:48:11.228582+00:00,https://consensus.hankyung.com/analysis/downpdf?report_idx=641409
4598,1,유니드(014830) 2~3분기더욱뚜렷하게목격할스프레드확대,전유진,iM증권,2025-05-29,2026-05-04 22:48:11.228582+00:00,https://consensus.hankyung.com/analysis/downpdf?report_idx=641407
4599,1,롯데정밀화학(004000) 글리세린강세에에폭시반덤핑까지더해진ECH 반사수혜,전유진,iM증권,2025-05-29,2026-05-04 22:48:11.228582+00:00,https://consensus.hankyung.com/analysis/downpdf?report_idx=641406
4600,1,한화솔루션(009830) 반신반의했던것의소멸과그나마확실했던것마저약화,전유진,iM증권,2025-05-29,2026-05-04 22:48:11.228582+00:00,https://consensus.hankyung.com/analysis/downpdf?report_idx=641405
4601,1,한화솔루션(009830) 반신반의했던것의소멸과그나마확실했던것마저약화,전유진,iM증권,2025-05-29,2026-05-04 22:48:11.228582+00:00,https://consensus.hankyung.com/analysis/downpdf?report_idx=641404
4602,1,롯데케미칼(011170) 저유가어부지리속적자규모축소예상,전유진,iM증권,2025-05-29,2026-05-04 22:48:11.228582+00:00,https://consensus.hankyung.com/analysis/downpdf?report_idx=641403
4603,1,"코리아에프티(123410) 실적 좋고, 관세 리스크 없고",이병근,LS증권,2025-05-28,2026-05-04 22:48:11.228582+00:00,https://consensus.hankyung.com/analysis/downpdf?report_idx=641388
4604,1,서부T&D(006730) 드래곤시티호텔 Q 증가가 P 상승을 이끈다,이상헌,iM증권,2025-05-28,2026-05-04 22:48:11.228582+00:00,https://consensus.hankyung.com/analysis/downpdf?report_idx=641387
4605,1,오리온(271560) 2H25 F&B Outlook: 행복회로가 돌아간다,이경신,iM증권,2025-05-28,2026-05-04 22:48:11.228582+00:00,https://consensus.hankyung.com/analysis/downpdf?report_idx=641386
4606,1,KT&G(033780) 2H25 F&B Outlook: 행복회로가 돌아간다,이경신,iM증권,2025-05-28,2026-05-04 22:48:11.228582+00:00,https://consensus.hankyung.com/analysis/downpdf?report_idx=641385
4607,1,LS마린솔루션(060370) 유상증자&신규투자  주가희석보다 신성장 동력에 주목할 시점,나민식,SK증권,2025-05-27,2026-05-04 22:48:11.228582+00:00,https://consensus.hankyung.com/analysis/downpdf?report_idx=641365
4608,1,한국전력(015760) 밸류 디스카운트 해소 관련 투심/여론 변화의 물결,성종화,LS증권,2025-05-27,2026-05-04 22:48:11.228582+00:00,https://consensus.hankyung.com/analysis/downpdf?report_idx=641361
4609,1,현대건설(000720) 되찾은 건설 대장주의 무게,배세호,iM증권,2025-05-27,2026-05-04 22:48:11.228582+00:00,https://consensus.hankyung.com/analysis/downpdf?report_idx=641360
4610,1,HDC현대산업개발(294870) 여전히 유효한 에쿼티 스토리,배세호,iM증권,2025-05-27,2026-05-04 22:48:11.228582+00:00,https://consensus.hankyung.com/analysis/downpdf?report_idx=641359
4611,1,GS건설(006360) 점차 다시 찾아갈 본연의 자리,배세호,iM증권,2025-05-27,2026-05-04 22:48:11.228582+00:00,https://consensus.hankyung.com/analysis/downpdf?report_idx=641358
4612,1,나노신소재(121600) 전방 시장 둔화 속 견조한 성장 기반 확보,정원석,iM증권,2025-05-27,2026-05-04 22:48:11.228582+00:00,https://consensus.hankyung.com/analysis/downpdf?report_idx=641356
4613,1,두산테스나(131970) 변화를 모색하는 시스템 반도체 테스트 전문기업,"백종석,김혜빈",한국IR협의회,2025-05-26,2026-05-04 22:48:11.228582+00:00,https://consensus.hankyung.com/analysis/downpdf?report_idx=641354
4614,1,코미코(183300) 자회사 성장에 가려진 본업 성장세,김광진,한화투자증권,2025-05-26,2026-05-04 22:48:11.228582+00:00,https://consensus.hankyung.com/analysis/downpdf?report_idx=641352
4615,1,실리콘투(257720) NDR 후기: 판을 바꾸는 유통사,"이승은,김도엽",유안타증권,2025-05-26,2026-05-04 22:48:11.228582+00:00,https://consensus.hankyung.com/analysis/downpdf?report_idx=641348
4616,1,KCC(002380) 순이익 급증으로 재평가를 받을 시점,이동욱,IBK투자증권,2025-05-26,2026-05-04 22:48:11.228582+00:00,https://consensus.hankyung.com/analysis/downpdf?report_idx=641312
4617,1,삼성물산(028260) 삼성그룹 지배구조 혁신 수혜 및 SMR 사업 확대,"이상헌,장호",iM증권,2025-05-26,2026-05-04 22:48:11.228582+00:00,https://consensus.hankyung.com/analysis/downpdf?report_idx=641309
4618,1,동양이엔피(079960) Valuation 저평가 + 높은 자산가치,정홍식,LS증권,2025-05-26,2026-05-04 22:48:11.228582+00:00,https://consensus.hankyung.com/analysis/downpdf?report_idx=641308
4619,1,솔브레인(357780) 1Q25 Review: 삼성전자 자연 감산 지속,차용호,LS증권,2025-05-26,2026-05-04 22:48:11.228582+00:00,https://consensus.hankyung.com/analysis/downpdf?report_idx=641307
4620,1,라온시큐어(042510) 1Q25 Review: 사이버보안 공격 확대 수혜 기대,박종선,유진투자증권,2025-05-26,2026-05-04 22:48:11.228582+00:00,https://consensus.hankyung.com/analysis/downpdf?report_idx=641302
4621,1,제주항공(089590) 시간이 필요한 구간,박수영,한화투자증권,2025-05-23,2026-05-04 22:48:11.228582+00:00,https://consensus.hankyung.com/analysis/downpdf?report_idx=641299
4622,1,선익시스템(171090) 과소평가 되고 있는 동사의 본질적 가치,양승수,메리츠증권,2025-05-23,2026-05-04 22:48:11.228582+00:00,https://consensus.hankyung.com/analysis/downpdf?report_idx=641294
4623,1,사피엔반도체(452430) AI + AR 글래스 시대의 핵심 플레이어,양승수,메리츠증권,2025-05-23,2026-05-04 22:48:11.228582+00:00,https://consensus.hankyung.com/analysis/downpdf?report_idx=641293
4624,1,SK가스(018670) 신사업 수익성을 눈으로 확인. 이제 다음은?,문경원,메리츠증권,2025-05-23,2026-05-04 22:48:11.228582+00:00,https://consensus.hankyung.com/analysis/downpdf?report_idx=641291
4625,1,삼성바이오로직스(207940) 삼성바이오로직스 인적 분할,이선경,SK증권,2025-05-23,2026-05-04 22:48:11.228582+00:00,https://consensus.hankyung.com/analysis/downpdf?report_idx=641289
4626,1,삼성증권(016360) 안정적인 이익체력에 비해 다소 저평가,설용진,SK증권,2025-05-22,2026-05-04 22:48:11.228582+00:00,https://consensus.hankyung.com/analysis/downpdf?report_idx=641282
4627,1,코리안리(003690) 주마가편,설용진,SK증권,2025-05-22,2026-05-04 22:48:11.228582+00:00,https://consensus.hankyung.com/analysis/downpdf?report_idx=641281
4628,1,한국금융지주(071050) 레버리지에 기반한 실적 개선 기대감,설용진,SK증권,2025-05-22,2026-05-04 22:48:11.228582+00:00,https://consensus.hankyung.com/analysis/downpdf?report_idx=641279
4629,1,HL홀딩스(060980) 강화된 주주 환원에 더해질 이익 개선,이병근,LS증권,2025-05-22,2026-05-04 22:48:11.228582+00:00,https://consensus.hankyung.com/analysis/downpdf?report_idx=641277
4630,1,NAVER(035420) 애널리스트 데이 후기,-,한화투자증권,2025-05-21,2026-05-04 22:48:11.228582+00:00,https://consensus.hankyung.com/analysis/downpdf?report_idx=641271
4631,1,칩스앤미디어(094360) 차량 ADAS 고도화 흐름에 중장기적 성장성 지속,정우성,LS증권,2025-05-21,2026-05-04 22:48:11.228582+00:00,https://consensus.hankyung.com/analysis/downpdf?report_idx=641259
4632,1,오리온(271560) 중국 소비 회복 기대감은 유효,박성호,LS증권,2025-05-21,2026-05-04 22:48:11.228582+00:00,https://consensus.hankyung.com/analysis/downpdf?report_idx=641258
4633,1,HD현대(267250) NDR 후기: 성장하는 배당주,정경희,LS증권,2025-05-21,2026-05-04 22:48:11.228582+00:00,https://consensus.hankyung.com/analysis/downpdf?report_idx=641257
4634,1,이노스페이스(462350) 첫 상용 발사에 의미를 부여,정지수,메리츠증권,2025-05-20,2026-05-04 22:48:11.228582+00:00,https://consensus.hankyung.com/analysis/downpdf?report_idx=641252
4635,1,LIG넥스원(079550) 1Q25 NDR 후기,이지호,메리츠증권,2025-05-20,2026-05-04 22:48:11.228582+00:00,https://consensus.hankyung.com/analysis/downpdf?report_idx=641248
4636,1,뉴프렉스(085670) 하반기 두가지 변화 기대,양승수,메리츠증권,2025-05-20,2026-05-04 22:48:11.228582+00:00,https://consensus.hankyung.com/analysis/downpdf?report_idx=641247
4637,1,삼영전자(005680) 2025년 이후 영업이익 성장 기대감,정홍식,LS증권,2025-05-20,2026-05-04 22:48:11.228582+00:00,https://consensus.hankyung.com/analysis/downpdf?report_idx=641240
4638,1,금호건설(002990) [NDR 후기] 턴어라운드 시작,김세련,LS증권,2025-05-20,2026-05-04 22:48:11.228582+00:00,https://consensus.hankyung.com/analysis/downpdf?report_idx=641239
4639,1,휴메딕스(200670) Time to Level Up,조은애,LS증권,2025-05-20,2026-05-04 22:48:11.228582+00:00,https://consensus.hankyung.com/analysis/downpdf?report_idx=641238
4640,1,OCI홀딩스(010060) 새로운 기회의 시작,백영찬,상상인증권,2025-05-19,2026-05-04 22:48:11.228582+00:00,https://consensus.hankyung.com/analysis/downpdf?report_idx=641232
4641,1,"휴네시온(290270) 망연계 보안 절대 강자 휴네시온, 이제는 다계층이다","이새롬,권지승",한국IR협의회,2025-05-19,2026-05-04 22:48:11.228582+00:00,https://consensus.hankyung.com/analysis/downpdf?report_idx=641229
4642,1,유진테크(084370) 올해 눈높이 하향,김광진,한화투자증권,2025-05-19,2026-05-04 22:48:11.228582+00:00,https://consensus.hankyung.com/analysis/downpdf?report_idx=641227
4643,1,코리안리(003690) 속도는 더디지만 방향성은 확실히 좋다,김도하,한화투자증권,2025-05-19,2026-05-04 22:48:11.228582+00:00,https://consensus.hankyung.com/analysis/downpdf?report_idx=641226
4644,1,삼성생명(032830) 금리 하락기에는 불리한 구조,김도하,한화투자증권,2025-05-19,2026-05-04 22:48:11.228582+00:00,https://consensus.hankyung.com/analysis/downpdf?report_idx=641225
4645,1,"미래에셋증권(006800) 해외수수료, WM, 해외법인 삼박자",우도형,유안타증권,2025-05-19,2026-05-04 22:48:11.228582+00:00,https://consensus.hankyung.com/analysis/downpdf?report_idx=641224
4646,1,에이피알(278470) NDR 후기: Big2 가자!,"이승은,김도엽",유안타증권,2025-05-19,2026-05-04 22:48:11.228582+00:00,https://consensus.hankyung.com/analysis/downpdf?report_idx=641219
4647,1,코스맥스(192820) 성수기 앞두고 실적이 먼저 왔다,"이승은,김도엽",유안타증권,2025-05-19,2026-05-04 22:48:11.228582+00:00,https://consensus.hankyung.com/analysis/downpdf?report_idx=641218
4648,1,"실리콘투(257720) 실적 대비 과도한 조정, 브랜드·지역 성장 본격","이승은,김도엽",유안타증권,2025-05-19,2026-05-04 22:48:11.228582+00:00,https://consensus.hankyung.com/analysis/downpdf?report_idx=641217
4649,1,지니언스(263860) 기대되는 통신사 해킹이 유발할 나비효과,"권명준,조혜빈",유안타증권,2025-05-19,2026-05-04 22:48:11.228582+00:00,https://consensus.hankyung.com/analysis/downpdf?report_idx=641216
4650,1,필옵틱스(161580) [NDR] 적극적인 유리기판 시장 확대 준비 행보,"권명준,조혜빈",유안타증권,2025-05-19,2026-05-04 22:48:11.228582+00:00,https://consensus.hankyung.com/analysis/downpdf?report_idx=641215
4651,1,오상헬스케어(036220) 7개 분기만에 영업이익 흑자전환,"권명준,조혜빈",유안타증권,2025-05-19,2026-05-04 22:48:11.228582+00:00,https://consensus.hankyung.com/analysis/downpdf?report_idx=641214
4652,1,SK오션플랜트(100090) 1Q25 Review: 한국 해상풍력 + 미국 MRO,문경원,메리츠증권,2025-05-19,2026-05-04 22:48:11.228582+00:00,https://consensus.hankyung.com/analysis/downpdf?report_idx=641208
4653,1,"CJ(001040) 상장 자회사 부진, 비상장 견조",양지환,대신증권,2025-05-19,2026-05-04 22:48:11.228582+00:00,https://consensus.hankyung.com/analysis/downpdf?report_idx=641198
4654,1,영원무역(111770) 모든 아웃도어 브랜드는 여기로 통한다,유정현,대신증권,2025-05-19,2026-05-04 22:48:11.228582+00:00,https://consensus.hankyung.com/analysis/downpdf?report_idx=641197
4655,1,SK(034730) 재무구조 개선 통한 디스카운트 해소,최관순,SK증권,2025-05-19,2026-05-04 22:48:11.228582+00:00,https://consensus.hankyung.com/analysis/downpdf?report_idx=641195
4656,1,코리안리(003690) 고액 사고에도 양호한 실적 기록,설용진,SK증권,2025-05-19,2026-05-04 22:48:11.228582+00:00,https://consensus.hankyung.com/analysis/downpdf?report_idx=641194
4657,1,삼성생명(032830) 전반적으로 안정적인 펀더멘털,설용진,SK증권,2025-05-19,2026-05-04 22:48:11.228582+00:00,https://consensus.hankyung.com/analysis/downpdf?report_idx=641193
4658,1,유한양행(000100) 앞으로 기대할 이벤트가 많다,이선경,SK증권,2025-05-19,2026-05-04 22:48:11.228582+00:00,https://consensus.hankyung.com/analysis/downpdf?report_idx=641192
4659,1,이녹스첨단소재(272290) 실력으로 업황을 극복 중,김운호,IBK투자증권,2025-05-19,2026-05-04 22:48:11.228582+00:00,https://consensus.hankyung.com/analysis/downpdf?report_idx=641186
4660,1,코스모신소재(005070) 약간 더 밀릴 것 같은 느낌,이현욱,IBK투자증권,2025-05-19,2026-05-04 22:48:11.228582+00:00,https://consensus.hankyung.com/analysis/downpdf?report_idx=641185
4661,1,삼성전자(005930) 경쟁력개선조짐이있으나아직은불확실,송명섭,iM증권,2025-05-19,2026-05-04 22:48:11.228582+00:00,https://consensus.hankyung.com/analysis/downpdf?report_idx=641181
4662,1,한국가스공사(036460) 배당성향 상향으로 밸류에이션 리레이팅 될 듯,"이상헌,장호",iM증권,2025-05-19,2026-05-04 22:48:11.228582+00:00,https://consensus.hankyung.com/analysis/downpdf?report_idx=641180
4663,1,지역난방공사(071320) 미수금 감소로 배당성향 상향되면서 밸류 리레이팅,"이상헌,장호",iM증권,2025-05-19,2026-05-04 22:48:11.228582+00:00,https://consensus.hankyung.com/analysis/downpdf?report_idx=641179
4664,1,비츠로셀(082920) 트럼프 2.0 시대 방산수출 및 시추수요 확대로 성장세 가속화,이상헌,iM증권,2025-05-19,2026-05-04 22:48:11.228582+00:00,https://consensus.hankyung.com/analysis/downpdf?report_idx=641178
4665,1,HMM(011200) 공적 자금 투자의 모범 사례,배세호,iM증권,2025-05-19,2026-05-04 22:48:11.228582+00:00,https://consensus.hankyung.com/analysis/downpdf?report_idx=641176
4666,1,SK하이닉스(000660) 아직은저점매수에힘쓸시기,송명섭,iM증권,2025-05-19,2026-05-04 22:48:11.228582+00:00,https://consensus.hankyung.com/analysis/downpdf?report_idx=641175
4667,1,삼성생명(032830) 자본관리 필요성 지속,전배승,LS증권,2025-05-19,2026-05-04 22:48:11.228582+00:00,https://consensus.hankyung.com/analysis/downpdf?report_idx=641174
4668,1,신세계(004170) NDR 후기: 리뉴얼이 끌고 면세가 밀고,오린아,LS증권,2025-05-19,2026-05-04 22:48:11.228582+00:00,https://consensus.hankyung.com/analysis/downpdf?report_idx=641173
4669,1,서울보증보험(031210) 느리지만 회복추세,전배승,LS증권,2025-05-19,2026-05-04 22:48:11.228582+00:00,https://consensus.hankyung.com/analysis/downpdf?report_idx=641172
4670,1,"LS(006260) 한진과 도원결의, 그 이후 시나리오 분석",이유진,유진투자증권,2025-05-19,2026-05-04 22:48:11.228582+00:00,https://consensus.hankyung.com/analysis/downpdf?report_idx=641171
4671,1,웹케시(053580) 1Q25 Review: ‘금융 AI 에이전트 기업’으로 도약 중,박종선,유진투자증권,2025-05-19,2026-05-04 22:48:11.228582+00:00,https://consensus.hankyung.com/analysis/downpdf?report_idx=641170
4672,1,선진뷰티사이언스(086710) 착실하게 준비 중,허준서,유진투자증권,2025-05-19,2026-05-04 22:48:11.228582+00:00,https://consensus.hankyung.com/analysis/downpdf?report_idx=641169
4673,1,SK오션플랜트(100090) 해상풍력에미국MRO시장까지,한병화,유진투자증권,2025-05-19,2026-05-04 22:48:11.228582+00:00,https://consensus.hankyung.com/analysis/downpdf?report_idx=641168
4674,1,코윈테크(282880) 1Q25 Review: 하반기 LFP 양극재 공장 가동 예정,박종선,유진투자증권,2025-05-19,2026-05-04 22:48:11.228582+00:00,https://consensus.hankyung.com/analysis/downpdf?report_idx=641167
4675,1,SAMG엔터(419530) 같이 더 큰 세상을 경험해볼까 츄?,이현지,유진투자증권,2025-05-19,2026-05-04 22:48:11.228582+00:00,https://consensus.hankyung.com/analysis/downpdf?report_idx=641163
4676,1,NICE평가정보(030190) 1Q25 Review: 영업이익 고성장,정홍식,LS증권,2025-05-16,2026-05-04 22:48:11.228582+00:00,https://consensus.hankyung.com/analysis/downpdf?report_idx=641161
4677,1,대양전기공업(108380) 1Q25 Review: 영업이익 고성장,정홍식,LS증권,2025-05-16,2026-05-04 22:48:11.228582+00:00,https://consensus.hankyung.com/analysis/downpdf?report_idx=641160
4678,1,동국제약(086450) 1Q25 Review: 화장품 고성장(+30.4% YoY),정홍식,LS증권,2025-05-16,2026-05-04 22:48:11.228582+00:00,https://consensus.hankyung.com/analysis/downpdf?report_idx=641159
4679,1,서흥(008490) 1Q25 Review: 영업이익 소폭 역성장,정홍식,LS증권,2025-05-16,2026-05-04 22:48:11.228582+00:00,https://consensus.hankyung.com/analysis/downpdf?report_idx=641158
4680,1,엑셈(205100) 1Q25 Review: 도약을 위한 준비,정우성,LS증권,2025-05-16,2026-05-04 22:48:11.228582+00:00,https://consensus.hankyung.com/analysis/downpdf?report_idx=641157
4681,1,이크레더블(092130) 1Q25 Review: 안정적인 기업,정홍식,LS증권,2025-05-16,2026-05-04 22:48:11.228582+00:00,https://consensus.hankyung.com/analysis/downpdf?report_idx=641156
4682,1,한국금융지주(071050) 운용이익뿐 아니라 전 부문 실적 호조,전배승,LS증권,2025-05-16,2026-05-04 22:48:11.228582+00:00,https://consensus.hankyung.com/analysis/downpdf?report_idx=641155
4683,1,한국단자(025540) 2025년 상반기 쉬고 하반기 회복,정홍식,LS증권,2025-05-16,2026-05-04 22:48:11.228582+00:00,https://consensus.hankyung.com/analysis/downpdf?report_idx=641154
4684,1,한화생명(088350) 비우호적 경영여건 지속,전배승,LS증권,2025-05-16,2026-05-04 22:48:11.228582+00:00,https://consensus.hankyung.com/analysis/downpdf?report_idx=641153
4685,1,농심(004370) 해외 판촉비 부담 증가,박성호,LS증권,2025-05-16,2026-05-04 22:48:11.228582+00:00,https://consensus.hankyung.com/analysis/downpdf?report_idx=641152
4686,1,삼양식품(003230) 1분기 영업이익 +67% YoY,박성호,LS증권,2025-05-16,2026-05-04 22:48:11.228582+00:00,https://consensus.hankyung.com/analysis/downpdf?report_idx=641151
4687,1,비올(335890) 예상 보다 빠른 중국 성장 속도,조은애,iM증권,2025-05-16,2026-05-04 22:48:11.228582+00:00,https://consensus.hankyung.com/analysis/downpdf?report_idx=641150
4688,1,아이에스동서(010780) 1Q25 Review: 쉬어가는 중,김세련,LS증권,2025-05-16,2026-05-04 22:48:11.228582+00:00,https://consensus.hankyung.com/analysis/downpdf?report_idx=641149
4689,1,한전KPS(051600) 1Q 쇼크는 다분히 일회성. 심리적 영향도 반영 완료,성종화,LS증권,2025-05-16,2026-05-04 22:48:11.228582+00:00,https://consensus.hankyung.com/analysis/downpdf?report_idx=641148
4690,1,"현대로템(064350) 1Q25 Review: 놀라운 마진율, 기다려지는 신규수주",최정환,LS증권,2025-05-16,2026-05-04 22:48:11.228582+00:00,https://consensus.hankyung.com/analysis/downpdf?report_idx=641147
4691,1,아모텍(052710) 눈물의 MLCC,"고의영,손우성",iM증권,2025-05-16,2026-05-04 22:48:11.228582+00:00,https://consensus.hankyung.com/analysis/downpdf?report_idx=641146
4692,1,"솔루엠(248070) 1H25 인건비와 관세, 2H25 반등","고의영,손우성",iM증권,2025-05-16,2026-05-04 22:48:11.228582+00:00,https://consensus.hankyung.com/analysis/downpdf?report_idx=641144
4693,1,삼성화재(000810) 업종 내에서는 가장 무난한 선택지,설용진,SK증권,2025-05-15,2026-05-04 22:48:11.228582+00:00,https://consensus.hankyung.com/analysis/downpdf?report_idx=641143
4694,1,리노공업(058470) Quality 기업 그 자체,이동주,SK증권,2025-05-15,2026-05-04 22:48:11.228582+00:00,https://consensus.hankyung.com/analysis/downpdf?report_idx=641142
4695,1,DB손해보험(005830) 우려보다 안정적인 실적 방어는 긍정적,설용진,SK증권,2025-05-15,2026-05-04 22:48:11.228582+00:00,https://consensus.hankyung.com/analysis/downpdf?report_idx=641141
4696,1,"더블유게임즈(192080) 아이게이밍, 캐주얼로 성장성 확보",남효지,SK증권,2025-05-15,2026-05-04 22:48:11.228582+00:00,https://consensus.hankyung.com/analysis/downpdf?report_idx=641140
4697,1,엔씨소프트(036570) 하반기보고 질주,남효지,SK증권,2025-05-15,2026-05-04 22:48:11.228582+00:00,https://consensus.hankyung.com/analysis/downpdf?report_idx=641139
4698,1,펄어비스(263750) 게임쇼 거치며 기대감 증폭될 것,남효지,SK증권,2025-05-15,2026-05-04 22:48:11.228582+00:00,https://consensus.hankyung.com/analysis/downpdf?report_idx=641138
4699,1,현대해상(001450) CSM 확대 긍정적이나 여전히 제도 개선 필요,설용진,SK증권,2025-05-15,2026-05-04 22:48:11.228582+00:00,https://consensus.hankyung.com/analysis/downpdf?report_idx=641137
4700,1,메리츠금융지주(138040) 든든한 효율적 자본 활용 관점의 매력,설용진,SK증권,2025-05-15,2026-05-04 22:48:11.228582+00:00,https://consensus.hankyung.com/analysis/downpdf?report_idx=641136
4701,1,한국금융지주(071050) 운용손익의 로켓점프,설용진,SK증권,2025-05-15,2026-05-04 22:48:11.228582+00:00,https://consensus.hankyung.com/analysis/downpdf?report_idx=641135
4702,1,삼성증권(016360) 삼성증권 1Q25 Review: 예상 수준에 부합하는 무난한 실적 시현,설용진,SK증권,2025-05-15,2026-05-04 22:48:11.228582+00:00,https://consensus.hankyung.com/analysis/downpdf?report_idx=641134
4703,1,감성코퍼레이션(036620) 성장은 계속된다,형권훈,SK증권,2025-05-15,2026-05-04 22:48:11.228582+00:00,https://consensus.hankyung.com/analysis/downpdf?report_idx=641133
4704,1,이수페타시스(007660) 하반기에도 ASP상승,"박형우,권민규",SK증권,2025-05-15,2026-05-04 22:48:11.228582+00:00,https://consensus.hankyung.com/analysis/downpdf?report_idx=641132
4705,1,클리오(237880) 1Q25 Re: 의미 있는 해외 매출 성장 필요,박종대,메리츠증권,2025-05-15,2026-05-04 22:48:11.228582+00:00,https://consensus.hankyung.com/analysis/downpdf?report_idx=641129
4706,1,DB손해보험(005830) 견조한 CSM 증가추세,전배승,LS증권,2025-05-15,2026-05-04 22:48:11.228582+00:00,https://consensus.hankyung.com/analysis/downpdf?report_idx=641126
4707,1,이수페타시스(007660) 비상(飛上),양승수,메리츠증권,2025-05-15,2026-05-04 22:48:11.228582+00:00,https://consensus.hankyung.com/analysis/downpdf?report_idx=641124
4708,1,나이스디앤비(130580) 1Q25 Review: 영업이익 부진,정홍식,LS증권,2025-05-15,2026-05-04 22:48:11.228582+00:00,https://consensus.hankyung.com/analysis/downpdf?report_idx=641123
4709,1,나이스정보통신(036800) 1Q25 Review: 영업이익 +19.1% YoY,정홍식,LS증권,2025-05-15,2026-05-04 22:48:11.228582+00:00,https://consensus.hankyung.com/analysis/downpdf?report_idx=641122
4710,1,리노공업(058470) 1Q25 Review: 영업이익 +49.9% YoY,정홍식,LS증권,2025-05-15,2026-05-04 22:48:11.228582+00:00,https://consensus.hankyung.com/analysis/downpdf?report_idx=641121
4711,1,매커스(093520) 1Q25 Review: 영업이익 고성장,정홍식,LS증권,2025-05-15,2026-05-04 22:48:11.228582+00:00,https://consensus.hankyung.com/analysis/downpdf?report_idx=641120
4712,1,HMM(011200) 1Q25 Review: 폭풍전야,이재혁,LS증권,2025-05-15,2026-05-04 22:48:11.228582+00:00,https://consensus.hankyung.com/analysis/downpdf?report_idx=641119
4713,1,삼성화재(000810) 이익모멘텀 둔화에도 안정성 강점 유지,전배승,LS증권,2025-05-15,2026-05-04 22:48:11.228582+00:00,https://consensus.hankyung.com/analysis/downpdf?report_idx=641117
4714,1,엔씨소프트(036570) 변화를 보고 접근해도 늦지 않다,이효진,메리츠증권,2025-05-15,2026-05-04 22:48:11.228582+00:00,https://consensus.hankyung.com/analysis/downpdf?report_idx=641115
4715,1,삼성화재(000810) 1Q25 Review: 상대적 안정성,조아해,메리츠증권,2025-05-15,2026-05-04 22:48:11.228582+00:00,https://consensus.hankyung.com/analysis/downpdf?report_idx=641114
4716,1,삼성증권(016360) 1Q25 Review: 안정적이다,조아해,메리츠증권,2025-05-15,2026-05-04 22:48:11.228582+00:00,https://consensus.hankyung.com/analysis/downpdf?report_idx=641113
4717,1,리노공업(058470) 양산용 소켓 수요 호조는 진행 중,김동관,메리츠증권,2025-05-15,2026-05-04 22:48:11.228582+00:00,https://consensus.hankyung.com/analysis/downpdf?report_idx=641111
4718,1,DB손해보험(005830) 1Q25 Review: 여전히 높은 배당매력도,조아해,메리츠증권,2025-05-15,2026-05-04 22:48:11.228582+00:00,https://consensus.hankyung.com/analysis/downpdf?report_idx=641108
4719,1,JYP Ent.(035900) 2분기부터 확인될 실적 개선 흐름,황지원,iM증권,2025-05-15,2026-05-04 22:48:11.228582+00:00,https://consensus.hankyung.com/analysis/downpdf?report_idx=641107
4720,1,HMM(011200) 1Q25 Re: 보수적 시황에도 주가 방어는 가능,배세호,iM증권,2025-05-15,2026-05-04 22:48:11.228582+00:00,https://consensus.hankyung.com/analysis/downpdf?report_idx=641106
4721,1,현대해상(001450) 최악의 구간을 통과,김도하,한화투자증권,2025-05-15,2026-05-04 22:48:11.228582+00:00,https://consensus.hankyung.com/analysis/downpdf?report_idx=641105
4722,1,클리오(237880) 매출 성장이 급선무,한유정,한화투자증권,2025-05-15,2026-05-04 22:48:11.228582+00:00,https://consensus.hankyung.com/analysis/downpdf?report_idx=641104
4723,1,"DB손해보험(005830) 최고의 수익성, 건전한 자본비율, 평균 DY 10%",김도하,한화투자증권,2025-05-15,2026-05-04 22:48:11.228582+00:00,https://consensus.hankyung.com/analysis/downpdf?report_idx=641101
4724,1,한국전력(015760) 1Q25 Review: 컨센서스 부합,나민식,SK증권,2025-05-14,2026-05-04 22:48:11.228582+00:00,https://consensus.hankyung.com/analysis/downpdf?report_idx=641100
4725,1,엠아이텍(179290) 1Q25 Review: 좋아지는 기초체력,허선재,SK증권,2025-05-14,2026-05-04 22:48:11.228582+00:00,https://consensus.hankyung.com/analysis/downpdf?report_idx=641099
4726,1,신세계인터내셔날(031430) 모멘텀을 기다리며,형권훈,SK증권,2025-05-14,2026-05-04 22:48:11.228582+00:00,https://consensus.hankyung.com/analysis/downpdf?report_idx=641097
4727,1,한샘(009240) 1Q25 Review: 흐림,김세련,LS증권,2025-05-14,2026-05-04 22:48:11.228582+00:00,https://consensus.hankyung.com/analysis/downpdf?report_idx=641095
4728,1,한국전력(015760) 관세 관련 대안주 역할은 마무리. 관심은 다시 요금 인상으로,성종화,LS증권,2025-05-14,2026-05-04 22:48:11.228582+00:00,https://consensus.hankyung.com/analysis/downpdf?report_idx=641094
4729,1,한국가스공사(036460) 미수금 회수 속도 부진. 3Q 요금 인상 여부/강도 중요,성종화,LS증권,2025-05-14,2026-05-04 22:48:11.228582+00:00,https://consensus.hankyung.com/analysis/downpdf?report_idx=641093
4730,1,코스맥스(192820) 1Q25 Review: 반가운 중국 실적,오린아,LS증권,2025-05-14,2026-05-04 22:48:11.228582+00:00,https://consensus.hankyung.com/analysis/downpdf?report_idx=641092
4731,1,"파마리서치(214450) 리쥬란, 글로벌 브랜드로 레벨업 중",조은애,LS증권,2025-05-14,2026-05-04 22:48:11.228582+00:00,https://consensus.hankyung.com/analysis/downpdf?report_idx=641091
4732,1,CJ제일제당(097950) 점진적인 이익 개선 전망,박성호,LS증권,2025-05-14,2026-05-04 22:48:11.228582+00:00,https://consensus.hankyung.com/analysis/downpdf?report_idx=641088
4733,1,대덕전자(353200) AI가속기용 MLB와 자율주행용 FCBGA,"고의영,손우성",iM증권,2025-05-14,2026-05-04 22:48:11.228582+00:00,https://consensus.hankyung.com/analysis/downpdf?report_idx=641085
4734,1,CJ대한통운(000120) 1Q25 Re: 실적 눈높이 낮출 필요,배세호,iM증권,2025-05-14,2026-05-04 22:48:11.228582+00:00,https://consensus.hankyung.com/analysis/downpdf?report_idx=641084
4735,1,CJ제일제당(097950) 대외변수 악화 반영 축소에 대한 기대,이경신,iM증권,2025-05-14,2026-05-04 22:48:11.228582+00:00,https://consensus.hankyung.com/analysis/downpdf?report_idx=641083
4736,1,한국전력(015760) 1Q25 Review: 조금은 밝아진 배당 전망,문경원,메리츠증권,2025-05-14,2026-05-04 22:48:11.228582+00:00,https://consensus.hankyung.com/analysis/downpdf?report_idx=641081
4737,1,"한국가스공사(036460) 1Q25 Review: 아쉬운 실적은 뒤로, 자원 개발 모멘텀 앞으로",문경원,메리츠증권,2025-05-14,2026-05-04 22:48:11.228582+00:00,https://consensus.hankyung.com/analysis/downpdf?report_idx=641080
4738,1,코스맥스(192820) 1Q25 Re: 드디어 돌아서는 중국,박종대,메리츠증권,2025-05-14,2026-05-04 22:48:11.228582+00:00,https://consensus.hankyung.com/analysis/downpdf?report_idx=641079
4739,1,브이티(018290) 1Q25 Re: 신규 지역 실적 가시화 관건,박종대,메리츠증권,2025-05-14,2026-05-04 22:48:11.228582+00:00,https://consensus.hankyung.com/analysis/downpdf?report_idx=641075
4740,1,네오위즈(095660) 여름까지 Buy and Hold,이효진,메리츠증권,2025-05-14,2026-05-04 22:48:11.228582+00:00,https://consensus.hankyung.com/analysis/downpdf?report_idx=641073
4741,1,PI첨단소재(178920) 주변과 다른 계절,양승수,메리츠증권,2025-05-14,2026-05-04 22:48:11.228582+00:00,https://consensus.hankyung.com/analysis/downpdf?report_idx=641071
4742,1,한글과컴퓨터(030520) 1Q25 Review: ‘AI 중심 기업’으로 전환 중,박종선,유진투자증권,2025-05-13,2026-05-04 22:48:11.228582+00:00,https://consensus.hankyung.com/analysis/downpdf?report_idx=641066
4743,1,코스메카코리아(241710) 1Q25 Re: 1 분기가 바닥,박종대,메리츠증권,2025-05-13,2026-05-04 22:48:11.228582+00:00,https://consensus.hankyung.com/analysis/downpdf?report_idx=641060
4744,1,실리콘투(257720) 1Q25 Re: K 뷰티 유럽 지역 맹주가 되다,박종대,메리츠증권,2025-05-13,2026-05-04 22:48:11.228582+00:00,https://consensus.hankyung.com/analysis/downpdf?report_idx=641056
4745,1,시프트업(462870) 2024년 중국 이벤트 참고할 때,이효진,메리츠증권,2025-05-13,2026-05-04 22:48:11.228582+00:00,https://consensus.hankyung.com/analysis/downpdf?report_idx=641055
4746,1,SK텔레콤(017670) 신규 모집 재개를 기다리며,정지수,메리츠증권,2025-05-13,2026-05-04 22:48:11.228582+00:00,https://consensus.hankyung.com/analysis/downpdf?report_idx=641052
4747,1,롯데에너지머티리얼즈(020150) 반등의 서막,"박형우,권민규",SK증권,2025-05-13,2026-05-04 22:48:11.228582+00:00,https://consensus.hankyung.com/analysis/downpdf?report_idx=641051
4748,1,솔루스첨단소재(336370) 생산공장 현지화로 차별화,"박형우,권민규",SK증권,2025-05-13,2026-05-04 22:48:11.228582+00:00,https://consensus.hankyung.com/analysis/downpdf?report_idx=641048
4749,1,SK텔레콤(017670) 불확실한 센티와 양호한 실적사이,최관순,SK증권,2025-05-13,2026-05-04 22:48:11.228582+00:00,https://consensus.hankyung.com/analysis/downpdf?report_idx=641047
4750,1,씨어스테크놀로지(458870) 1Q25 Review: 사업 순항 중,허선재,SK증권,2025-05-13,2026-05-04 22:48:11.228582+00:00,https://consensus.hankyung.com/analysis/downpdf?report_idx=641046
4751,1,이마트(139480) 1Q25 Review: 할인점 체질 개선 돋보여,오린아,LS증권,2025-05-13,2026-05-04 22:48:11.228582+00:00,https://consensus.hankyung.com/analysis/downpdf?report_idx=641044
4752,1,이마트(139480) 1Q25 Review: 할인점 체질 개선 돋보여,오린아,LS증권,2025-05-13,2026-05-04 22:48:11.228582+00:00,https://consensus.hankyung.com/analysis/downpdf?report_idx=641043
4753,1,클래시스(214150) 성수기를 더 기대하게 만드는 비수기 호실적,조은애,LS증권,2025-05-13,2026-05-04 22:48:11.228582+00:00,https://consensus.hankyung.com/analysis/downpdf?report_idx=641042
4754,1,SGC E&C(016250) [NDR 후기] 구조적 턴어라운드 확인,김세련,LS증권,2025-05-13,2026-05-04 22:48:11.228582+00:00,https://consensus.hankyung.com/analysis/downpdf?report_idx=641041
4755,1,와이지엔터테인먼트(122870) BLACK PINK 컴백과 신규 아티스트의 성장,"채윤석,정수현",한국IR협의회,2025-05-12,2026-05-04 22:48:11.228582+00:00,https://consensus.hankyung.com/analysis/downpdf?report_idx=641035
4756,1,"케어젠(214370) 경구용 GLP-1 보충제와, 황반변성 신약 가치 반영될 시간",오병용,한양증권,2025-05-12,2026-05-04 22:48:11.228582+00:00,https://consensus.hankyung.com/analysis/downpdf?report_idx=641034
4757,1,씨앤씨인터내셔널(352480) 산이 높으면 골도 깊다,한유정,한화투자증권,2025-05-12,2026-05-04 22:48:11.228582+00:00,https://consensus.hankyung.com/analysis/downpdf?report_idx=641032
4758,1,한국콜마(161890) 아직 여름은 오지도 않았어요,한유정,한화투자증권,2025-05-12,2026-05-04 22:48:11.228582+00:00,https://consensus.hankyung.com/analysis/downpdf?report_idx=641031
4759,1,롯데웰푸드(280360) 카카오를 넘는 구조적 문제,한유정,한화투자증권,2025-05-12,2026-05-04 22:48:11.228582+00:00,https://consensus.hankyung.com/analysis/downpdf?report_idx=641030
4760,1,GS리테일(007070) 1Q25 Review : 포트폴리오 재정비의 시간이 필요,이진협,한화투자증권,2025-05-12,2026-05-04 22:48:11.228582+00:00,https://consensus.hankyung.com/analysis/downpdf?report_idx=641029
4761,1,롯데쇼핑(023530) 1Q25 Review : 자이언츠도 쇼핑도 잘해요,이진협,한화투자증권,2025-05-12,2026-05-04 22:48:11.228582+00:00,https://consensus.hankyung.com/analysis/downpdf?report_idx=641028
4762,1,더존비즈온(012510) 너무 어려웠던 업황,김소혜,한화투자증권,2025-05-12,2026-05-04 22:48:11.228582+00:00,https://consensus.hankyung.com/analysis/downpdf?report_idx=641027
4763,1,현대백화점(069960) 1Q25 Review : 밸류업에 진심,이진협,한화투자증권,2025-05-12,2026-05-04 22:48:11.228582+00:00,https://consensus.hankyung.com/analysis/downpdf?report_idx=641026
4764,1,코웨이(021240) 1Q25 Review : 성장률(+17% YoY)에 걸맞는 밸류에이션 필요,이진협,한화투자증권,2025-05-12,2026-05-04 22:48:11.228582+00:00,https://consensus.hankyung.com/analysis/downpdf?report_idx=641025
4765,1,롯데쇼핑(023530) 저평가 탈피 신호! 해외 성장 + 실적 모멘텀,"이승은,김도엽",유안타증권,2025-05-12,2026-05-04 22:48:11.228582+00:00,https://consensus.hankyung.com/analysis/downpdf?report_idx=641020
4766,1,한국콜마(161890) 미국 법인 흑자 전환! 2공장 가동 임박,"이승은,김도엽",유안타증권,2025-05-12,2026-05-04 22:48:11.228582+00:00,https://consensus.hankyung.com/analysis/downpdf?report_idx=641018
4767,1,"롯데웰푸드(280360) 1Q25 Re: 카카오 부담 지속, 저점 확인 구간",손현정,유안타증권,2025-05-12,2026-05-04 22:48:11.228582+00:00,https://consensus.hankyung.com/analysis/downpdf?report_idx=641016
4768,1,NAVER(035420) 경기침체에도 두자릿수 성장 지속,이창영,유안타증권,2025-05-12,2026-05-04 22:48:11.228582+00:00,https://consensus.hankyung.com/analysis/downpdf?report_idx=641013
4769,1,셀트리온(068270) 1Q25Re: 아쉬운 성장,하현수,유안타증권,2025-05-12,2026-05-04 22:48:11.228582+00:00,https://consensus.hankyung.com/analysis/downpdf?report_idx=641012
4770,1,파미셀(005690) 고공행진,양승수,메리츠증권,2025-05-12,2026-05-04 22:48:11.228582+00:00,https://consensus.hankyung.com/analysis/downpdf?report_idx=641007
4771,1,"와이지엔터테인먼트(122870) 연속된 서프라이즈, 구조적 개선",김민영,메리츠증권,2025-05-12,2026-05-04 22:48:11.228582+00:00,https://consensus.hankyung.com/analysis/downpdf?report_idx=641003
4772,1,씨앤씨인터내셔널(352480) 1Q25 Re: 높아지는 기대감,박종대,메리츠증권,2025-05-12,2026-05-04 22:48:11.228582+00:00,https://consensus.hankyung.com/analysis/downpdf?report_idx=641001
4773,1,"SK바이오팜(326030) 단기 리스크 존재, 중장기 밸류에이션은 유효",김준영,메리츠증권,2025-05-12,2026-05-04 22:48:11.228582+00:00,https://consensus.hankyung.com/analysis/downpdf?report_idx=640997
4774,1,한국콜마(161890) 1Q25 Re: 2025 년 탄탄대로,박종대,메리츠증권,2025-05-12,2026-05-04 22:48:11.228582+00:00,https://consensus.hankyung.com/analysis/downpdf?report_idx=640996
4775,1,NAVER(035420) 본업 걱정 없다. 환원율이 중요해진 때,이효진,메리츠증권,2025-05-12,2026-05-04 22:48:11.228582+00:00,https://consensus.hankyung.com/analysis/downpdf?report_idx=640994
4776,1,이노션(214320) 대외 불확실성에도 의연한 실적,"정지수,박건영",메리츠증권,2025-05-12,2026-05-04 22:48:11.228582+00:00,https://consensus.hankyung.com/analysis/downpdf?report_idx=640992
4777,1,CJ CGV(079160) 해외와 달리 부진한 국내 박스오피스,"정지수,박건영",메리츠증권,2025-05-12,2026-05-04 22:48:11.228582+00:00,https://consensus.hankyung.com/analysis/downpdf?report_idx=640991
4778,1,"팬오션(028670) NDR 후기: Non-Dry 사업부의 힘, 그리고 다가올 수급개선의 시간",오정하,메리츠증권,2025-05-12,2026-05-04 22:48:11.228582+00:00,https://consensus.hankyung.com/analysis/downpdf?report_idx=640989
4779,1,KT(030200) 요즘 폼이 상당히 좋은 KT,"정지수,박건영",메리츠증권,2025-05-12,2026-05-04 22:48:11.228582+00:00,https://consensus.hankyung.com/analysis/downpdf?report_idx=640988
4780,1,DL(000210) 공급과잉 산업 내 모범답안,위정원,대신증권,2025-05-12,2026-05-04 22:48:11.228582+00:00,https://consensus.hankyung.com/analysis/downpdf?report_idx=640987
4781,1,GS리테일(007070) 편의점 점포 본격 구조조정 시작되며 손익 부진,유정현,대신증권,2025-05-12,2026-05-04 22:48:11.228582+00:00,https://consensus.hankyung.com/analysis/downpdf?report_idx=640986
4782,1,"롯데쇼핑(023530) 실적 서프라이즈 기록, 현저히 낮은 PBR 지표의 re-rating 가능성 확대",유정현,대신증권,2025-05-12,2026-05-04 22:48:11.228582+00:00,https://consensus.hankyung.com/analysis/downpdf?report_idx=640985
4783,1,"현대백화점(069960) 실적 개선과 주주환원 위한 노력, valuation 향상으로 이어질 것",유정현,대신증권,2025-05-12,2026-05-04 22:48:11.228582+00:00,https://consensus.hankyung.com/analysis/downpdf?report_idx=640984
4784,1,"와이지엔터테인먼트(122870) 1Q25 어닝 서프라이즈, 블랙핑크 MD 기대 Up",임수진,대신증권,2025-05-12,2026-05-04 22:48:11.228582+00:00,https://consensus.hankyung.com/analysis/downpdf?report_idx=640983
4785,1,씨앤씨인터내셔널(352480) 회복ing…,정한솔,대신증권,2025-05-12,2026-05-04 22:48:11.228582+00:00,https://consensus.hankyung.com/analysis/downpdf?report_idx=640982
4786,1,한국콜마(161890) 기대되는 성수기,임수진,대신증권,2025-05-12,2026-05-04 22:48:11.228582+00:00,https://consensus.hankyung.com/analysis/downpdf?report_idx=640981
4787,1,NAVER(035420) 플러스스토어의 안착 확인,남효지,SK증권,2025-05-12,2026-05-04 22:48:11.228582+00:00,https://consensus.hankyung.com/analysis/downpdf?report_idx=640977
4788,1,KT(030200) 실적개선과 주주환원 모두 만족,최관순,SK증권,2025-05-12,2026-05-04 22:48:11.228582+00:00,https://consensus.hankyung.com/analysis/downpdf?report_idx=640972
4789,1,롯데웰푸드(280360) 기대 수준이 낮았음에도,김태현,IBK투자증권,2025-05-12,2026-05-04 22:48:11.228582+00:00,https://consensus.hankyung.com/analysis/downpdf?report_idx=640970
4790,1,KT(030200) 남은 분기도 맘 편하게,김태현,IBK투자증권,2025-05-12,2026-05-04 22:48:11.228582+00:00,https://consensus.hankyung.com/analysis/downpdf?report_idx=640969
4791,1,KT(030200) 남은 분기도 맘 편하게,김태현,IBK투자증권,2025-05-12,2026-05-04 22:48:11.228582+00:00,https://consensus.hankyung.com/analysis/downpdf?report_idx=640968
4792,1,와이지엔터테인먼트(122870) 일회성 제외해도 좋은 실적,김유혁,IBK투자증권,2025-05-12,2026-05-04 22:48:11.228582+00:00,https://consensus.hankyung.com/analysis/downpdf?report_idx=640965
4793,1,금호석유화학(011780) 경쟁사 대비 차별화 실적 지속 중,이동욱,IBK투자증권,2025-05-12,2026-05-04 22:48:11.228582+00:00,https://consensus.hankyung.com/analysis/downpdf?report_idx=640961
4794,1,TKG휴켐스(069260) 올해 1분기를 바닥으로 실적 개선 전망,이동욱,IBK투자증권,2025-05-12,2026-05-04 22:48:11.228582+00:00,https://consensus.hankyung.com/analysis/downpdf?report_idx=640960
4795,1,"DL(000210) Kraton, 흑자전환 기록",이동욱,IBK투자증권,2025-05-12,2026-05-04 22:48:11.228582+00:00,https://consensus.hankyung.com/analysis/downpdf?report_idx=640959
4796,1,"SK바이오팜(326030) 1Q25 Review: 성장은 지속, 눈높이엔 부족",정이수,IBK투자증권,2025-05-12,2026-05-04 22:48:11.228582+00:00,https://consensus.hankyung.com/analysis/downpdf?report_idx=640958
4797,1,와이지엔터테인먼트(122870) 구조적 성장의 서막,황지원,iM증권,2025-05-12,2026-05-04 22:48:11.228582+00:00,https://consensus.hankyung.com/analysis/downpdf?report_idx=640957
4798,1,CJ(001040) 기업구조개편 가시화로 동사 기업가치 제고 될 듯,이상헌,iM증권,2025-05-12,2026-05-04 22:48:11.228582+00:00,https://consensus.hankyung.com/analysis/downpdf?report_idx=640955
4799,1,고영(098460) 미국 등 판매증가로 뇌수술용 로봇 강자로 거듭날 듯,이상헌,iM증권,2025-05-12,2026-05-04 22:48:11.228582+00:00,https://consensus.hankyung.com/analysis/downpdf?report_idx=640954
4800,1,디오(039840) 임플란트 건보 적용 확대정책 수혜 및 성장성 가속화,이상헌,iM증권,2025-05-12,2026-05-04 22:48:11.228582+00:00,https://consensus.hankyung.com/analysis/downpdf?report_idx=640953
4801,1,두산에너빌리티(034020) 원전 관련 매년 4조원 이상 수주 가시화,"이상헌,장호",iM증권,2025-05-12,2026-05-04 22:48:11.228582+00:00,https://consensus.hankyung.com/analysis/downpdf?report_idx=640951
4802,1,롯데쇼핑(023530) 1Q25 Review: 좋아서 반가운 실적,오린아,LS증권,2025-05-12,2026-05-04 22:48:11.228582+00:00,https://consensus.hankyung.com/analysis/downpdf?report_idx=640950
4803,1,"휴젤(145020) 숫자로 확인될 미국, 중국, 신공장 효과",조은애,LS증권,2025-05-12,2026-05-04 22:48:11.228582+00:00,https://consensus.hankyung.com/analysis/downpdf?report_idx=640949
4804,1,현대백화점(069960) 1Q25 Review: 무난한 실적,오린아,LS증권,2025-05-12,2026-05-04 22:48:11.228582+00:00,https://consensus.hankyung.com/analysis/downpdf?report_idx=640948
4805,1,"GS리테일(007070) 1Q25 Review: 흔들린 실적, 일말의 희망",오린아,LS증권,2025-05-12,2026-05-04 22:48:11.228582+00:00,https://consensus.hankyung.com/analysis/downpdf?report_idx=640947
4806,1,코웨이(021240) 1Q25 Review: 역대 최대 분기 매출,오린아,LS증권,2025-05-12,2026-05-04 22:48:11.228582+00:00,https://consensus.hankyung.com/analysis/downpdf?report_idx=640946
4807,1,롯데웰푸드(280360) 인도 사업 호실적 시현,박성호,LS증권,2025-05-12,2026-05-04 22:48:11.228582+00:00,https://consensus.hankyung.com/analysis/downpdf?report_idx=640945
4808,1,메가스터디교육(215200) 1Q25 Review: 영업이익 +29.3% YoY,정홍식,LS증권,2025-05-12,2026-05-04 22:48:11.228582+00:00,https://consensus.hankyung.com/analysis/downpdf?report_idx=640944
4809,1,셀트리온(068270) 1Q25 Review: 컨센서스 하회,신지훈,LS증권,2025-05-12,2026-05-04 22:48:11.228582+00:00,https://consensus.hankyung.com/analysis/downpdf?report_idx=640943
4810,1,"한전기술(052690) 실적 쇼크, 체코 원전 계약 지연. 그래도 원전 모멘텀 유효",성종화,LS증권,2025-05-12,2026-05-04 22:48:11.228582+00:00,https://consensus.hankyung.com/analysis/downpdf?report_idx=640942
4811,1,에이피알(278470) 1Q25 Review: 글로벌 전 지역 확대 중,박종선,유진투자증권,2025-05-12,2026-05-04 22:48:11.228582+00:00,https://consensus.hankyung.com/analysis/downpdf?report_idx=640939
4812,1,이노션(214320) 그럼에도 든든한 울타리가 있으니까,이현지,유진투자증권,2025-05-12,2026-05-04 22:48:11.228582+00:00,https://consensus.hankyung.com/analysis/downpdf?report_idx=640938
4813,1,한국콜마(161890) 1Q25 Review: 국내 ODM 최대 OPM,이해니,유진투자증권,2025-05-12,2026-05-04 22:48:11.228582+00:00,https://consensus.hankyung.com/analysis/downpdf?report_idx=640937
4814,1,와이지엔터테인먼트(122870) 베몬 붐이 왔다,이현지,유진투자증권,2025-05-12,2026-05-04 22:48:11.228582+00:00,https://consensus.hankyung.com/analysis/downpdf?report_idx=640936
4815,1,씨에스윈드(112610) 미 재생에너지 보조금 차단 반대 확산,한병화,유진투자증권,2025-05-12,2026-05-04 22:48:11.228582+00:00,https://consensus.hankyung.com/analysis/downpdf?report_idx=640935
4816,1,셀트리온(068270) 1Q25P Review: 확인이 필요한 시기,권해순,유진투자증권,2025-05-12,2026-05-04 22:48:11.228582+00:00,https://consensus.hankyung.com/analysis/downpdf?report_idx=640934
4817,1,NAVER(035420) 하반기 가시화 될 이익 성장,정의훈,유진투자증권,2025-05-12,2026-05-04 22:48:11.228582+00:00,https://consensus.hankyung.com/analysis/downpdf?report_idx=640933
4818,1,KT(030200) 계획대로 가고 있다,이찬영,유진투자증권,2025-05-12,2026-05-04 22:48:11.228582+00:00,https://consensus.hankyung.com/analysis/downpdf?report_idx=640932
4819,1,롯데에너지머티리얼즈(020150) 1분기까지 강한 재고조정 진행,한병화,유진투자증권,2025-05-12,2026-05-04 22:48:11.228582+00:00,https://consensus.hankyung.com/analysis/downpdf?report_idx=640931
4820,1,더존비즈온(012510) 1Q25 Review: 전 사업에서 실적 성장,박종선,유진투자증권,2025-05-12,2026-05-04 22:48:11.228582+00:00,https://consensus.hankyung.com/analysis/downpdf?report_idx=640930
4821,1,"한전기술(052690) 1Q25 Review: 예상치 못한 내우외환, 하반기에는 개선",문경원,메리츠증권,2025-05-09,2026-05-04 22:48:11.228582+00:00,https://consensus.hankyung.com/analysis/downpdf?report_idx=640927
4822,1,스튜디오드래곤(253450) 도약을 위한 디딤발,정지수,메리츠증권,2025-05-09,2026-05-04 22:48:11.228582+00:00,https://consensus.hankyung.com/analysis/downpdf?report_idx=640921
4823,1,CJ ENM(035760) 퐁당퐁당 실적,정지수,메리츠증권,2025-05-09,2026-05-04 22:48:11.228582+00:00,https://consensus.hankyung.com/analysis/downpdf?report_idx=640918
4824,1,헥토이노베이션(214180) 1Q25 Review: 4분기 연속 최대 매출 갱신,박종선,유진투자증권,2025-05-09,2026-05-04 22:48:11.228582+00:00,https://consensus.hankyung.com/analysis/downpdf?report_idx=640913
4825,1,텔레칩스(054450) 1Q25 Review: 신제품 공급 확대 중,박종선,유진투자증권,2025-05-09,2026-05-04 22:48:11.228582+00:00,https://consensus.hankyung.com/analysis/downpdf?report_idx=640912
4826,1,콘텐트리중앙(036420) 변화의 시작,이현지,유진투자증권,2025-05-09,2026-05-04 22:48:11.228582+00:00,https://consensus.hankyung.com/analysis/downpdf?report_idx=640911
4827,1,카카오(035720) 길어지는 역성장,정의훈,유진투자증권,2025-05-09,2026-05-04 22:48:11.228582+00:00,https://consensus.hankyung.com/analysis/downpdf?report_idx=640910
4828,1,"유한양행(000100) 1Q25P Review: 경영효율화, 아직은 미미",권해순,유진투자증권,2025-05-09,2026-05-04 22:48:11.228582+00:00,https://consensus.hankyung.com/analysis/downpdf?report_idx=640909
4829,1,스튜디오드래곤(253450) 여름아 부탁해,이현지,유진투자증권,2025-05-09,2026-05-04 22:48:11.228582+00:00,https://consensus.hankyung.com/analysis/downpdf?report_idx=640907
4830,1,넷마블(251270) Netmarble: ReBirth,정의훈,유진투자증권,2025-05-09,2026-05-04 22:48:11.228582+00:00,https://consensus.hankyung.com/analysis/downpdf?report_idx=640906
4831,1,LG유플러스(032640) 바닥 찍고 U턴,이찬영,유진투자증권,2025-05-09,2026-05-04 22:48:11.228582+00:00,https://consensus.hankyung.com/analysis/downpdf?report_idx=640905
4832,1,"CJ ENM(035760) 이해는 하지만, 숨길 수 없는 실망감",이현지,유진투자증권,2025-05-09,2026-05-04 22:48:11.228582+00:00,https://consensus.hankyung.com/analysis/downpdf?report_idx=640904
4833,1,펌텍코리아(251970) 재평가 구간 진입,한유정,한화투자증권,2025-05-09,2026-05-04 22:48:11.228582+00:00,https://consensus.hankyung.com/analysis/downpdf?report_idx=640903
4834,1,에이피알(278470) 괜히 Top Pick이 아니지,한유정,한화투자증권,2025-05-09,2026-05-04 22:48:11.228582+00:00,https://consensus.hankyung.com/analysis/downpdf?report_idx=640901
4835,1,아이패밀리에스씨(114840) 제품 경쟁력의 문제는 아니지만,한유정,한화투자증권,2025-05-09,2026-05-04 22:48:11.228582+00:00,https://consensus.hankyung.com/analysis/downpdf?report_idx=640900
4836,1,LIG넥스원(079550) [1Q25 Review] 국내 양산의 볼륨 증가로 서프라이즈,배성조,한화투자증권,2025-05-09,2026-05-04 22:48:11.228582+00:00,https://consensus.hankyung.com/analysis/downpdf?report_idx=640897
4837,1,KT&G(033780) 본업으로 증명한 서프라이즈,한유정,한화투자증권,2025-05-09,2026-05-04 22:48:11.228582+00:00,https://consensus.hankyung.com/analysis/downpdf?report_idx=640896
4838,1,CJ ENM(035760) 여러 포인트가 흐려진 상황,김소혜,한화투자증권,2025-05-09,2026-05-04 22:48:11.228582+00:00,https://consensus.hankyung.com/analysis/downpdf?report_idx=640895
4839,1,BGF리테일(282330) 1Q25 Review : 1분기 실적에 과도한 매몰은 금물,이진협,한화투자증권,2025-05-09,2026-05-04 22:48:11.228582+00:00,https://consensus.hankyung.com/analysis/downpdf?report_idx=640894
4840,1,에이피알(278470) 1Q25 Review: 힘찬 스타트,박찬솔,SK증권,2025-05-09,2026-05-04 22:48:11.228582+00:00,https://consensus.hankyung.com/analysis/downpdf?report_idx=640892
4841,1,비에이치(090460) 저평가 우량주의 2026년 성장동력,"박형우,권민규",SK증권,2025-05-09,2026-05-04 22:48:11.228582+00:00,https://consensus.hankyung.com/analysis/downpdf?report_idx=640891
4842,1,롯데렌탈(089860) 호실적 2분기와 하반기도 지속,"윤혁진,박준형",SK증권,2025-05-09,2026-05-04 22:48:11.228582+00:00,https://consensus.hankyung.com/analysis/downpdf?report_idx=640890
4843,1,넷마블(251270) 놀랍게도 1분기가 바닥,남효지,SK증권,2025-05-09,2026-05-04 22:48:11.228582+00:00,https://consensus.hankyung.com/analysis/downpdf?report_idx=640889
4844,1,LG(003550) 지분법손익 개선효과,최관순,SK증권,2025-05-09,2026-05-04 22:48:11.228582+00:00,https://consensus.hankyung.com/analysis/downpdf?report_idx=640888
4845,1,미래에셋증권(006800) 해치웠나?,설용진,SK증권,2025-05-09,2026-05-04 22:48:11.228582+00:00,https://consensus.hankyung.com/analysis/downpdf?report_idx=640887
4846,1,카카오(035720) 큰 변화의 앞에서,남효지,SK증권,2025-05-09,2026-05-04 22:48:11.228582+00:00,https://consensus.hankyung.com/analysis/downpdf?report_idx=640886
4847,1,"LG유플러스(032640) 턴어라운드 성공, 목표주가 상향",최관순,SK증권,2025-05-09,2026-05-04 22:48:11.228582+00:00,https://consensus.hankyung.com/analysis/downpdf?report_idx=640885
4848,1,LIG넥스원(079550) 1Q25: 궁금하지만 믿을 수밖에,변용진,iM증권,2025-05-09,2026-05-04 22:48:11.228582+00:00,https://consensus.hankyung.com/analysis/downpdf?report_idx=640883
4849,1,KT&G(033780) GOAT!,이경신,iM증권,2025-05-09,2026-05-04 22:48:11.228582+00:00,https://consensus.hankyung.com/analysis/downpdf?report_idx=640882
4850,1,파크시스템스(140860) 1Q25 Review,김동관,메리츠증권,2025-05-08,2026-05-04 22:48:11.228582+00:00,https://consensus.hankyung.com/analysis/downpdf?report_idx=640881
4851,1,엠씨넥스(097520) 나홀로 호황,양승수,메리츠증권,2025-05-08,2026-05-04 22:48:11.228582+00:00,https://consensus.hankyung.com/analysis/downpdf?report_idx=640877
4852,1,에스엠(041510) 2분기 실적 모멘텀+활동 사이클 본격화,김민영,메리츠증권,2025-05-08,2026-05-04 22:48:11.228582+00:00,https://consensus.hankyung.com/analysis/downpdf?report_idx=640876
4853,1,엠씨넥스(097520) 살아남는 자가 강자,이동주,SK증권,2025-05-08,2026-05-04 22:48:11.228582+00:00,https://consensus.hankyung.com/analysis/downpdf?report_idx=640870
4854,1,하나금융지주(086790) 기업가치 제고 기대감 리부트,설용진,SK증권,2025-05-08,2026-05-04 22:48:11.228582+00:00,https://consensus.hankyung.com/analysis/downpdf?report_idx=640869
4855,1,KB금융(105560) 부진KB곤곤래,설용진,SK증권,2025-05-08,2026-05-04 22:48:11.228582+00:00,https://consensus.hankyung.com/analysis/downpdf?report_idx=640868
4856,1,와이씨켐(112290) 변곡점 임박!,권민규,SK증권,2025-05-08,2026-05-04 22:48:11.228582+00:00,https://consensus.hankyung.com/analysis/downpdf?report_idx=640866
4857,1,"LS에코에너지(229640) 희토류 사업 지연, 관세 노이즈 등 반영 후 재상승",성종화,LS증권,2025-05-08,2026-05-04 22:48:11.228582+00:00,https://consensus.hankyung.com/analysis/downpdf?report_idx=640864
4858,1,롯데칠성(005300) 아쉬웠던 해외 사업,박성호,LS증권,2025-05-08,2026-05-04 22:48:11.228582+00:00,https://consensus.hankyung.com/analysis/downpdf?report_idx=640863
4859,1,카카오뱅크(323410) 양호한 실적 시현,전배승,LS증권,2025-05-08,2026-05-04 22:48:11.228582+00:00,https://consensus.hankyung.com/analysis/downpdf?report_idx=640862
4860,1,롯데칠성(005300) 성수기 영업 레버리지 효과에 대한 기대,이경신,iM증권,2025-05-08,2026-05-04 22:48:11.228582+00:00,https://consensus.hankyung.com/analysis/downpdf?report_idx=640859
4861,1,에스엠(041510) 2분기부터 뚜렷한 마진 개선 효과,황지원,iM증권,2025-05-08,2026-05-04 22:48:11.228582+00:00,https://consensus.hankyung.com/analysis/downpdf?report_idx=640858
4862,1,카카오뱅크(323410) 당분간 실적은 운용 성과와 대손비용에 민감할 것,김도하,한화투자증권,2025-05-07,2026-05-04 22:48:11.228582+00:00,https://consensus.hankyung.com/analysis/downpdf?report_idx=640857
4863,1,우리금융지주(316140) 보험사 인수로 주주환원 여력은 확대될 전망,김도하,한화투자증권,2025-05-07,2026-05-04 22:48:11.228582+00:00,https://consensus.hankyung.com/analysis/downpdf?report_idx=640853
4864,1,아이티센엔텍(010280) 골리앗 이기는 다윗의 등장,나승두,SK증권,2025-05-07,2026-05-04 22:48:11.228582+00:00,https://consensus.hankyung.com/analysis/downpdf?report_idx=640848
4865,1,녹십자(006280) 1Q25 Re: 고마진 품목 성장으로 흑전 성공,이선경,SK증권,2025-05-07,2026-05-04 22:48:11.228582+00:00,https://consensus.hankyung.com/analysis/downpdf?report_idx=640846
4866,1,"대창솔루션(096350) 숨겨진 선박엔진 강자, 친환경까지 잡다",나승두,SK증권,2025-05-07,2026-05-04 22:48:11.228582+00:00,https://consensus.hankyung.com/analysis/downpdf?report_idx=640845
4867,1,한국항공우주(047810) 1Q25 Review: 미래를 위한 투자 지속,최정환,LS증권,2025-05-07,2026-05-04 22:48:11.228582+00:00,https://consensus.hankyung.com/analysis/downpdf?report_idx=640843
4868,1,제이브이엠(054950) 북미 主流市場 진출 및 로봇팔로 성장 훈풍이 분다,이상현,iM증권,2025-05-07,2026-05-04 22:48:11.228582+00:00,https://consensus.hankyung.com/analysis/downpdf?report_idx=640841
4869,1,비에이치(090460) 어려운 영업환경,"고의영,손우성",iM증권,2025-05-07,2026-05-04 22:48:11.228582+00:00,https://consensus.hankyung.com/analysis/downpdf?report_idx=640839
4870,1,"SK이노베이션(096770) 하반기 반등을 기대하나, 낮아진 가시성",이용욱,한화투자증권,2025-05-02,2026-05-04 22:48:11.228582+00:00,https://consensus.hankyung.com/analysis/downpdf?report_idx=640833
4871,1,LG화학(051910) 관세로 인해 실적 회복 불확실성 확대,이용욱,한화투자증권,2025-05-02,2026-05-04 22:48:11.228582+00:00,https://consensus.hankyung.com/analysis/downpdf?report_idx=640832
4872,1,"LG에너지솔루션(373220) ESS 시장 성장, 그보다 뼈아픈 EV의 둔화",이용욱,한화투자증권,2025-05-02,2026-05-04 22:48:11.228582+00:00,https://consensus.hankyung.com/analysis/downpdf?report_idx=640831
4873,1,서진시스템(178320) 하나하나 찬찬히 다시 생각해보았습니다,나승두,SK증권,2025-05-02,2026-05-04 22:48:11.228582+00:00,https://consensus.hankyung.com/analysis/downpdf?report_idx=640830
4874,1,ISC(095340) 2분기 반등과 볼트온 전략 가동,이동주,SK증권,2025-05-02,2026-05-04 22:48:11.228582+00:00,https://consensus.hankyung.com/analysis/downpdf?report_idx=640828
4875,1,키움증권(039490) 기존 강점 유지+사업 영역 확대,설용진,SK증권,2025-05-02,2026-05-04 22:48:11.228582+00:00,https://consensus.hankyung.com/analysis/downpdf?report_idx=640827
4876,1,"한화에어로스페이스(012450) 1Q25 Review: 산뜻한 출발, 강해질 실적",최정환,LS증권,2025-05-02,2026-05-04 22:48:11.228582+00:00,https://consensus.hankyung.com/analysis/downpdf?report_idx=640826
4877,1,"산일전기(062040) 성장가도 이상무. 관세 영향 제한적, 노이즈도 선반영",성종화,LS증권,2025-05-02,2026-05-04 22:48:11.228582+00:00,https://consensus.hankyung.com/analysis/downpdf?report_idx=640825
4878,1,LG화학(051910) 1분기 실적과 자산매각 뉴스,정경희,LS증권,2025-05-02,2026-05-04 22:48:11.228582+00:00,https://consensus.hankyung.com/analysis/downpdf?report_idx=640824
4879,1,삼성전자(005930) 2H25 수요 공백 속 더욱 중요해진 HBM,차용호,LS증권,2025-05-02,2026-05-04 22:48:11.228582+00:00,https://consensus.hankyung.com/analysis/downpdf?report_idx=640823
4880,1,키움증권(039490) 수치와 내용 모두 긍정적,전배승,LS증권,2025-05-02,2026-05-04 22:48:11.228582+00:00,https://consensus.hankyung.com/analysis/downpdf?report_idx=640822
4881,1,GS건설(006360) 1Q25 Review: 더딘 성장의 시동,김세련,LS증권,2025-05-02,2026-05-04 22:48:11.228582+00:00,https://consensus.hankyung.com/analysis/downpdf?report_idx=640821
4882,1,SK이노베이션(096770) E&S 합병효과가 무색했던 실적,"전유진,장호",iM증권,2025-05-02,2026-05-04 22:48:11.228582+00:00,https://consensus.hankyung.com/analysis/downpdf?report_idx=640820
4883,1,"한화에어로스페이스(012450) 1Q25: 실적은 거들뿐, 투자로 더 앞서나갈",변용진,iM증권,2025-05-02,2026-05-04 22:48:11.228582+00:00,https://consensus.hankyung.com/analysis/downpdf?report_idx=640819
4884,1,삼성전자(005930) 당분간은 지켜볼 수 밖에…,"송명섭,손우성",iM증권,2025-05-02,2026-05-04 22:48:11.228582+00:00,https://consensus.hankyung.com/analysis/downpdf?report_idx=640818
4885,1,엘앤에프(066970) Tesla 신차 출시 효과에 따른 물량 증가 예상,"정원석,손우성",iM증권,2025-05-02,2026-05-04 22:48:11.228582+00:00,https://consensus.hankyung.com/analysis/downpdf?report_idx=640817
4886,1,LG에너지솔루션(373220) 2Q25 실적 부진 이후 하반기 회복세 전망,"정원석,손우성",iM증권,2025-05-02,2026-05-04 22:48:11.228582+00:00,https://consensus.hankyung.com/analysis/downpdf?report_idx=640816
4887,1,현대글로비스(086280) 1Q25 Review: 높아진 이익 증익의 가시성,배세호,iM증권,2025-05-02,2026-05-04 22:48:11.228582+00:00,https://consensus.hankyung.com/analysis/downpdf?report_idx=640815
4888,1,풍산(103140) 여전히 업종 내 최선호주,"김윤상,공도연",iM증권,2025-05-02,2026-05-04 22:48:11.228582+00:00,https://consensus.hankyung.com/analysis/downpdf?report_idx=640814
4889,1,대우건설(047040) 1Q25 Review: 마진 개선 확인. 분양 개선은 아직,문경원,메리츠증권,2025-04-30,2026-05-04 22:48:11.228582+00:00,https://consensus.hankyung.com/analysis/downpdf?report_idx=640813
4890,1,DL이앤씨(375500) 1Q25 Review: 이번 분기에 많은 짐을 털어냈다,문경원,메리츠증권,2025-04-30,2026-05-04 22:48:11.228582+00:00,https://consensus.hankyung.com/analysis/downpdf?report_idx=640811
4891,1,CJ제일제당(097950) 셀렉타 지분 매각 및 업황 Comment,김정욱,메리츠증권,2025-04-30,2026-05-04 22:48:11.228582+00:00,https://consensus.hankyung.com/analysis/downpdf?report_idx=640810
4892,1,"코스모신소재(005070) 불황을 버티는 힘: 현금흐름, 부채비율, 보유부지","박형우,권민규",SK증권,2025-04-30,2026-05-04 22:48:11.228582+00:00,https://consensus.hankyung.com/analysis/downpdf?report_idx=640808
4893,1,"삼성전기(009150) MLCC, 완만한 회복세 지속","박형우,권민규",SK증권,2025-04-30,2026-05-04 22:48:11.228582+00:00,https://consensus.hankyung.com/analysis/downpdf?report_idx=640807
4894,1,크래프톤(259960) 그저 놀라울 뿐,남효지,SK증권,2025-04-30,2026-05-04 22:48:11.228582+00:00,https://consensus.hankyung.com/analysis/downpdf?report_idx=640805
4895,1,"F&F(383220) 국내 부진, 중국 회복",형권훈,SK증권,2025-04-30,2026-05-04 22:48:11.228582+00:00,https://consensus.hankyung.com/analysis/downpdf?report_idx=640804
4896,1,제이브이엠(054950) 회복하는 내수에 메니스와 카운트메이트가 더해지는 중,조은애,LS증권,2025-04-30,2026-05-04 22:48:11.228582+00:00,https://consensus.hankyung.com/analysis/downpdf?report_idx=640801
4897,1,현대건설(000720) 1Q25 Review: 확신의 센터상,김세련,LS증권,2025-04-30,2026-05-04 22:48:11.228582+00:00,https://consensus.hankyung.com/analysis/downpdf?report_idx=640800
4898,1,"대우건설(047040) 1Q25 Review: 이익, 레벨업",김셰련,LS증권,2025-04-30,2026-05-04 22:48:11.228582+00:00,https://consensus.hankyung.com/analysis/downpdf?report_idx=640799
4899,1,"대우건설(047040) 1Q25 Review: 이익, 레벨업",김셰련,LS증권,2025-04-30,2026-05-04 22:48:11.228582+00:00,https://consensus.hankyung.com/analysis/downpdf?report_idx=640798
4900,1,DL이앤씨(375500) 1Q25 Review: 서서히 드러나는 윤곽,김세련,LS증권,2025-04-30,2026-05-04 22:48:11.228582+00:00,https://consensus.hankyung.com/analysis/downpdf?report_idx=640797
4901,1,NH투자증권(005940) 견조한 핵심이익 바탕으로 10% ROE 시현,전배승,LS증권,2025-04-30,2026-05-04 22:48:11.228582+00:00,https://consensus.hankyung.com/analysis/downpdf?report_idx=640796
4902,1,에스티팜(237690) 1Q25 Review: 중장기 성장 전망 유효,신지훈,LS증권,2025-04-30,2026-05-04 22:48:11.228582+00:00,https://consensus.hankyung.com/analysis/downpdf?report_idx=640795
4903,1,삼성중공업(010140) [NDR 후기] 무수히 많은 악수의 요청이,이재혁,LS증권,2025-04-30,2026-05-04 22:48:11.228582+00:00,https://consensus.hankyung.com/analysis/downpdf?report_idx=640794
4904,1,현대건설(000720) 1Q25 Review: 산뜻한 출발,배세호,iM증권,2025-04-30,2026-05-04 22:48:11.228582+00:00,https://consensus.hankyung.com/analysis/downpdf?report_idx=640793
4905,1,DL이앤씨(375500) 1Q25 Review: 산뜻한 출발,배세호,iM증권,2025-04-30,2026-05-04 22:48:11.228582+00:00,https://consensus.hankyung.com/analysis/downpdf?report_idx=640792
4906,1,롯데정밀화학(004000) 미국/유럽의 에폭시 반덤핑 반사수혜 누릴 ECH,"전유진,장호",iM증권,2025-04-30,2026-05-04 22:48:11.228582+00:00,https://consensus.hankyung.com/analysis/downpdf?report_idx=640791
4907,1,하이브(352820) 이제부터 시작,황지원,iM증권,2025-04-30,2026-05-04 22:48:11.228582+00:00,https://consensus.hankyung.com/analysis/downpdf?report_idx=640790
4908,1,"에코프로비엠(247540) 실적 회복세 불구, 밸류에이션 정당화 어렵다","정원석,손우성",iM증권,2025-04-30,2026-05-04 22:48:11.228582+00:00,https://consensus.hankyung.com/analysis/downpdf?report_idx=640789
4909,1,세아베스틸지주(001430) 쉽지 않은 상황이나…,"김윤상,공도연",iM증권,2025-04-30,2026-05-04 22:48:11.228582+00:00,https://consensus.hankyung.com/analysis/downpdf?report_idx=640788
4910,1,삼성전기(009150) 펀더멘털과 주가의 괴리,"고의영,손우성",iM증권,2025-04-30,2026-05-04 22:48:11.228582+00:00,https://consensus.hankyung.com/analysis/downpdf?report_idx=640787
4911,1,한화시스템(272210) 1Q25: 필리 날개 장착,변용진,iM증권,2025-04-30,2026-05-04 22:48:11.228582+00:00,https://consensus.hankyung.com/analysis/downpdf?report_idx=640786
4912,1,주성엔지니어링(036930) 호실적과 순조로운 사업 확장,김동관,메리츠증권,2025-04-29,2026-05-04 22:48:11.228582+00:00,https://consensus.hankyung.com/analysis/downpdf?report_idx=640783
4913,1,NH투자증권(005940) 1Q25 Review: 올해에도 매력적일 주주환원수익률,조아해,메리츠증권,2025-04-29,2026-05-04 22:48:11.228582+00:00,https://consensus.hankyung.com/analysis/downpdf?report_idx=640775
4914,1,기아(000270) 1Q24 Preview - 기존 고객사 비중 확대,유민기,상상인증권,2025-04-28,2026-05-04 22:48:11.228582+00:00,https://consensus.hankyung.com/analysis/downpdf?report_idx=640774
4915,1,HL만도(204320) 1Q24 Preview - 기존 고객사 비중 확대,유민기,상상인증권,2025-04-28,2026-05-04 22:48:11.228582+00:00,https://consensus.hankyung.com/analysis/downpdf?report_idx=640773
4916,1,해성디에스(195870) 1Q24 Preview: 저점 확인 구간,정민규,상상인증권,2025-04-28,2026-05-04 22:48:11.228582+00:00,https://consensus.hankyung.com/analysis/downpdf?report_idx=640772
4917,1,JYP Ent.(035900) 재개되는 월드투어와 실적 개선 기대,"채윤석,정수현",한국IR협의회,2025-04-28,2026-05-04 22:48:11.228582+00:00,https://consensus.hankyung.com/analysis/downpdf?report_idx=640769
4918,1,유바이오로직스(206650) 콜레라 대 유행 중이다,오병용병,한양증권,2025-04-28,2026-05-04 22:48:11.228582+00:00,https://consensus.hankyung.com/analysis/downpdf?report_idx=640768
4919,1,기아(000270) [1Q25 Review] 제품믹스 감소는 제품/지역 세그먼트 다양화의 과정,"김성래,김예인",한화투자증권,2025-04-28,2026-05-04 22:48:11.228582+00:00,https://consensus.hankyung.com/analysis/downpdf?report_idx=640767
4920,1,CJ제일제당(097950) 결국 무산된 셀렉타 매각,한유정,한화투자증권,2025-04-28,2026-05-04 22:48:11.228582+00:00,https://consensus.hankyung.com/analysis/downpdf?report_idx=640766
4921,1,우리금융지주(316140) 어닝 쇼크지만 투자 포인트는 유효,"김도하,권지우",한화투자증권,2025-04-28,2026-05-04 22:48:11.228582+00:00,https://consensus.hankyung.com/analysis/downpdf?report_idx=640765
4922,1,신한지주(055550) 최대로 벌어진 PBR 격차,"김도하,권지우",한화투자증권,2025-04-28,2026-05-04 22:48:11.228582+00:00,https://consensus.hankyung.com/analysis/downpdf?report_idx=640764
4923,1,HDC현대산업개발(294870) [1Q25 Review] 두려울 것이 없다,"송유림,김예림",한화투자증권,2025-04-28,2026-05-04 22:48:11.228582+00:00,https://consensus.hankyung.com/analysis/downpdf?report_idx=640763
4924,1,삼성SDI(006400) Q 회복에 대한 가시성 부족,이용욱,한화투자증권,2025-04-28,2026-05-04 22:48:11.228582+00:00,https://consensus.hankyung.com/analysis/downpdf?report_idx=640762
4925,1,HL만도(204320) [1Q25 Review] 주요 고객사 물량 회복 시 상저하고 기대,"김성래,김예인",한화투자증권,2025-04-28,2026-05-04 22:48:11.228582+00:00,https://consensus.hankyung.com/analysis/downpdf?report_idx=640761
4926,1,현대모비스(012330) [1Q25 Review] 미국 현지화가 전동화 실적 개선으로 연결,"김성래,김예인",한화투자증권,2025-04-28,2026-05-04 22:48:11.228582+00:00,https://consensus.hankyung.com/analysis/downpdf?report_idx=640760
4927,1,"호텔신라(008770) 1Q25 Review : 수익성은 반등, 업황 회복은 아직",이진협,한화투자증권,2025-04-28,2026-05-04 22:48:11.228582+00:00,https://consensus.hankyung.com/analysis/downpdf?report_idx=640757
4928,1,보로노이(310210) 임상으로 재확인한 전임상 결과,하헌수,유안타증권,2025-04-28,2026-05-04 22:48:11.228582+00:00,https://consensus.hankyung.com/analysis/downpdf?report_idx=640749
4929,1,"실리콘투(257720) 미국에서 유럽으로, 중심 이동의 투자 의미","이승은,김도엽",유안타증권,2025-04-28,2026-05-04 22:48:11.228582+00:00,https://consensus.hankyung.com/analysis/downpdf?report_idx=640748
4930,1,HDC현대산업개발(294870) 예상보다 더욱 강력했던 자체사업의 힘,장윤석,유안타증권,2025-04-28,2026-05-04 22:48:11.228582+00:00,https://consensus.hankyung.com/analysis/downpdf?report_idx=640744
4931,1,"HD현대인프라코어(042670) 기대 이하의 매출, 기대 이상의 수익성",장윤석,유안타증권,2025-04-28,2026-05-04 22:48:11.228582+00:00,https://consensus.hankyung.com/analysis/downpdf?report_idx=640743
4932,1,제일기획(030000) 비계열로 위기 돌파,"정지수,박건영",메리츠증권,2025-04-28,2026-05-04 22:48:11.228582+00:00,https://consensus.hankyung.com/analysis/downpdf?report_idx=640740
4933,1,BNK금융지주(138930) 1Q25 Review: 대손비용 확대,조아해,메리츠증권,2025-04-28,2026-05-04 22:48:11.228582+00:00,https://consensus.hankyung.com/analysis/downpdf?report_idx=640726
4934,1,기업은행(024110) 1Q25 Review: 대손비용률 개선세 시현,조아해,메리츠증권,2025-04-28,2026-05-04 22:48:11.228582+00:00,https://consensus.hankyung.com/analysis/downpdf?report_idx=640725
4935,1,"효성중공업(298040) 북미 매출/수주 확대, 증설 가속화로 저평가 요소 축소",허민호,대신증권,2025-04-28,2026-05-04 22:48:11.228582+00:00,https://consensus.hankyung.com/analysis/downpdf?report_idx=640724
4936,1,"호텔신라(008770) 시내점 수익성 개선, 면세점 업황 최악 상황 지나…",유정현,대신증권,2025-04-28,2026-05-04 22:48:11.228582+00:00,https://consensus.hankyung.com/analysis/downpdf?report_idx=640723
4937,1,HDC현대산업개발(294870) 편안한 탑승 기회,이태환,대신증권,2025-04-28,2026-05-04 22:48:11.228582+00:00,https://consensus.hankyung.com/analysis/downpdf?report_idx=640722
4938,1,삼성바이오로직스(207940) NDR 후기: 기대해도 좋을 2분기,이선경,SK증권,2025-04-28,2026-05-04 22:48:11.228582+00:00,https://consensus.hankyung.com/analysis/downpdf?report_idx=640715
4939,1,기업은행(024110) 양호한 실적. 공공성이 요구되는 국면은 부담,설용진,SK증권,2025-04-28,2026-05-04 22:48:11.228582+00:00,https://consensus.hankyung.com/analysis/downpdf?report_idx=640714
4940,1,BNK금융지주(138930) 급격한 건전성 악화,설용진,SK증권,2025-04-28,2026-05-04 22:48:11.228582+00:00,https://consensus.hankyung.com/analysis/downpdf?report_idx=640713
4941,1,우리금융지주(316140) 파종의 시기,설용진,SK증권,2025-04-28,2026-05-04 22:48:11.228582+00:00,https://consensus.hankyung.com/analysis/downpdf?report_idx=640712
4942,1,하나금융지주(086790) 깔끔한 대손비용 관리,설용진,SK증권,2025-04-28,2026-05-04 22:48:11.228582+00:00,https://consensus.hankyung.com/analysis/downpdf?report_idx=640711
4943,1,신한지주(055550) 적극적인 주주환원으로 높아진 밸류에이션 매력,설용진,SK증권,2025-04-28,2026-05-04 22:48:11.228582+00:00,https://consensus.hankyung.com/analysis/downpdf?report_idx=640710
4944,1,현대모비스(012330) 부품에 대한 미 관세는 조금더 긍정적으로 봐야,"윤혁진,박준형",SK증권,2025-04-28,2026-05-04 22:48:11.228582+00:00,https://consensus.hankyung.com/analysis/downpdf?report_idx=640709
4945,1,기아(000270) 관세와 EV전환에 따른 수익성 하락을 극복해야,"윤혁진,박준형",SK증권,2025-04-28,2026-05-04 22:48:11.228582+00:00,https://consensus.hankyung.com/analysis/downpdf?report_idx=640708
4946,1,효성중공업(298040) 사이클은 살아있다,나민식,SK증권,2025-04-28,2026-05-04 22:48:11.228582+00:00,https://consensus.hankyung.com/analysis/downpdf?report_idx=640707
4947,1,삼성카드(029780) 어려운 환경이지만 안정적으로 관리 중,설용진,SK증권,2025-04-28,2026-05-04 22:48:11.228582+00:00,https://consensus.hankyung.com/analysis/downpdf?report_idx=640706
4948,1,"기아(000270) 관세 영향권, 불확실성 증대 구간",이현욱,IBK투자증권,2025-04-28,2026-05-04 22:48:11.228582+00:00,https://consensus.hankyung.com/analysis/downpdf?report_idx=640703
4949,1,삼성SDI(006400) 업황 개선은 언제쯤?,이현욱,IBK투자증권,2025-04-28,2026-05-04 22:48:11.228582+00:00,https://consensus.hankyung.com/analysis/downpdf?report_idx=640702
4950,1,"효성티앤씨(298020) 실적, 성장, 주주환원 삼박자 조화",이동욱,IBK투자증권,2025-04-28,2026-05-04 22:48:11.228582+00:00,https://consensus.hankyung.com/analysis/downpdf?report_idx=640701
4951,1,HDC현대산업개발(294870) 1Q25 Review: 계획대로 가는 중,배세호,iM증권,2025-04-28,2026-05-04 22:48:11.228582+00:00,https://consensus.hankyung.com/analysis/downpdf?report_idx=640699
4952,1,엠앤씨솔루션(484870) 다다익선 수주가 동사 실적개선 가속화로 연결,이상헌,iM증권,2025-04-28,2026-05-04 22:48:11.228582+00:00,https://consensus.hankyung.com/analysis/downpdf?report_idx=640698
4953,1,휴메딕스(200670) 필러수출 고성장⇒성장성 및 수익성 개선 가속화,이상헌,iM증권,2025-04-28,2026-05-04 22:48:11.228582+00:00,https://consensus.hankyung.com/analysis/downpdf?report_idx=640697
4954,1,SK(034730) 자사주 소각 의무화로 가는 길목에서,이상헌,iM증권,2025-04-28,2026-05-04 22:48:11.228582+00:00,https://consensus.hankyung.com/analysis/downpdf?report_idx=640696
4955,1,삼성SDI(006400) 1Q25 바닥으로 점진적인 실적 회복세 전망,"정원석,손우성",iM증권,2025-04-28,2026-05-04 22:48:11.228582+00:00,https://consensus.hankyung.com/analysis/downpdf?report_idx=640693
4956,1,골프존(215000) 1Q25 Review: 수익성 개선세 긍정적,박종선,유진투자증권,2025-04-28,2026-05-04 22:48:11.228582+00:00,https://consensus.hankyung.com/analysis/downpdf?report_idx=640688
4957,1,HL만도(204320) 1Q25 Review: 1분기 부진을 만회할 2분기,이재일,유진투자증권,2025-04-28,2026-05-04 22:48:11.228582+00:00,https://consensus.hankyung.com/analysis/downpdf?report_idx=640687
4958,1,"롯데관광개발(032350) 봄의 제주도, 재밌지?",이현지,유진투자증권,2025-04-28,2026-05-04 22:48:11.228582+00:00,https://consensus.hankyung.com/analysis/downpdf?report_idx=640686
4959,1,제일기획(030000) 업황은 안 좋은데 내가 잘했지,이현지,유진투자증권,2025-04-28,2026-05-04 22:48:11.228582+00:00,https://consensus.hankyung.com/analysis/downpdf?report_idx=640685
4960,1,"현대모비스(012330) 1Q25 Review: 부품, A/S 부문의 추세적 개선세 입증",이재일,유진투자증권,2025-04-28,2026-05-04 22:48:11.228582+00:00,https://consensus.hankyung.com/analysis/downpdf?report_idx=640684
4961,1,호텔신라(008770) 1Q25 Review: 비용 감축 지속,이해니,유진투자증권,2025-04-28,2026-05-04 22:48:11.228582+00:00,https://consensus.hankyung.com/analysis/downpdf?report_idx=640683
4962,1,"기아(000270) 1Q25 Review: 수익성 둔화, 관세 리스크 해소 필요",이재일,유진투자증권,2025-04-28,2026-05-04 22:48:11.228582+00:00,https://consensus.hankyung.com/analysis/downpdf?report_idx=640682
4963,1,LG전자(066570) 배당주로 재평가,"박형우,권민규",SK증권,2025-04-25,2026-05-04 22:48:11.228582+00:00,https://consensus.hankyung.com/analysis/downpdf?report_idx=640679
4964,1,삼성중공업(010140) 차질 없이 계획대로 순항 중,한승한,SK증권,2025-04-25,2026-05-04 22:48:11.228582+00:00,https://consensus.hankyung.com/analysis/downpdf?report_idx=640677
4965,1,HD현대마린솔루션(443060) 경쟁력 강화와 가속화될 성장,한승한,SK증권,2025-04-25,2026-05-04 22:48:11.228582+00:00,https://consensus.hankyung.com/analysis/downpdf?report_idx=640676
4966,1,LG디스플레이(034220) 올해는 보여준다고 했지,"권민규,박형우",SK증권,2025-04-25,2026-05-04 22:48:11.228582+00:00,https://consensus.hankyung.com/analysis/downpdf?report_idx=640675
4967,1,HD현대미포(010620) 예상보다 빠른 실적 개선 속도,한승한,SK증권,2025-04-25,2026-05-04 22:48:11.228582+00:00,https://consensus.hankyung.com/analysis/downpdf?report_idx=640674
4968,1,HD현대중공업(329180) 놀라운 생산성 향상으로 어닝 서프!,한승한,SK증권,2025-04-25,2026-05-04 22:48:11.228582+00:00,https://consensus.hankyung.com/analysis/downpdf?report_idx=640673
4969,1,JB금융지주(175330) 다시 한번 눈이 가는 건전성,설용진,SK증권,2025-04-25,2026-05-04 22:48:11.228582+00:00,https://consensus.hankyung.com/analysis/downpdf?report_idx=640672
4970,1,현대차(005380) 관세 영향은 온통 불확실,"윤혁진,박준형",SK증권,2025-04-25,2026-05-04 22:48:11.228582+00:00,https://consensus.hankyung.com/analysis/downpdf?report_idx=640671
4971,1,삼성중공업(010140) 1Q25 Review: LNG로 대동단결,이재혁,LS증권,2025-04-25,2026-05-04 22:48:11.228582+00:00,https://consensus.hankyung.com/analysis/downpdf?report_idx=640669
4972,1,한국콜마(161890) 1Q25 Preview: 양호,오린아,LS증권,2025-04-25,2026-05-04 22:48:11.228582+00:00,https://consensus.hankyung.com/analysis/downpdf?report_idx=640667
4973,1,삼성E&A(028050) 1Q25 Review: 채워나갈 빈자리,김세련,LS증권,2025-04-25,2026-05-04 22:48:11.228582+00:00,https://consensus.hankyung.com/analysis/downpdf?report_idx=640666
4974,1,"레뷰코퍼레이션(443250) 안정적 레뷰, 고성장 숏뜨(Feat. K-소비재)",조은애,LS증권,2025-04-25,2026-05-04 22:48:11.228582+00:00,https://consensus.hankyung.com/analysis/downpdf?report_idx=640665
4975,1,SK하이닉스(000660) 1Q25P Review: 2H25 메모리 가격 상승 둔화 전망,차용호,LS증권,2025-04-25,2026-05-04 22:48:11.228582+00:00,https://consensus.hankyung.com/analysis/downpdf?report_idx=640664
4976,1,KB금융(105560) 예상을 상회한 실적과 주주환원,전배승,LS증권,2025-04-25,2026-05-04 22:48:11.228582+00:00,https://consensus.hankyung.com/analysis/downpdf?report_idx=640663
4977,1,"현대차(005380) [1Q25 Review] 현재 시총 48조원, 향후 3년간 자사주 매입 4조원",김성래,한화투자증권,2025-04-25,2026-05-04 22:48:11.228582+00:00,https://consensus.hankyung.com/analysis/downpdf?report_idx=640662
4978,1,한화솔루션(009830) 태양광 사업부 본격 턴어라운드,이용욱,한화투자증권,2025-04-25,2026-05-04 22:48:11.228582+00:00,https://consensus.hankyung.com/analysis/downpdf?report_idx=640661
4979,1,JB금융지주(175330) 주주환원 확대에도 자산건전성 부담 가중,전배승,LS증권,2025-04-25,2026-05-04 22:48:11.228582+00:00,https://consensus.hankyung.com/analysis/downpdf?report_idx=640659
4980,1,포스코퓨처엠(003670) 차근차근 개선되는 중,이용욱,한화투자증권,2025-04-25,2026-05-04 22:48:11.228582+00:00,https://consensus.hankyung.com/analysis/downpdf?report_idx=640658
4981,1,"현대차(005380) 좋은 실적, 관세가 반영된 주가",이병근,LS증권,2025-04-25,2026-05-04 22:48:11.228582+00:00,https://consensus.hankyung.com/analysis/downpdf?report_idx=640657
4982,1,삼성에스디에스(018260) 클라우드 성장성 회복,김소혜,한화투자증권,2025-04-25,2026-05-04 22:48:11.228582+00:00,https://consensus.hankyung.com/analysis/downpdf?report_idx=640655
4983,1,삼성E&A(028050) [1Q25 Review] 아래보단 위를 볼 때,송유림,한화투자증권,2025-04-25,2026-05-04 22:48:11.228582+00:00,https://consensus.hankyung.com/analysis/downpdf?report_idx=640654
4984,1,SK하이닉스(000660) 1Q25 Review : HBM이 만들어낸 격차,김광진,한화투자증권,2025-04-25,2026-05-04 22:48:11.228582+00:00,https://consensus.hankyung.com/analysis/downpdf?report_idx=640652
4985,1,KB금융(105560) 만회를 넘어 자신감을 드러낸 의사결정,김도하,한화투자증권,2025-04-25,2026-05-04 22:48:11.228582+00:00,https://consensus.hankyung.com/analysis/downpdf?report_idx=640651
4986,1,JB금융지주(175330) 연간 환원율 45%에 근접할 전망,김도하,한화투자증권,2025-04-25,2026-05-04 22:48:11.228582+00:00,https://consensus.hankyung.com/analysis/downpdf?report_idx=640650
4987,1,HD현대인프라코어(042670) [1Q25 Review] 엔진으로 지켜낸 수익성,배성조,한화투자증권,2025-04-25,2026-05-04 22:48:11.228582+00:00,https://consensus.hankyung.com/analysis/downpdf?report_idx=640649
4988,1,HD현대미포(010620) 1Q25: 항상 기대보다 빠른 개선,변용진,iM증권,2025-04-25,2026-05-04 22:48:11.228582+00:00,https://consensus.hankyung.com/analysis/downpdf?report_idx=640648
4989,1,HD현대중공업(329180) 1Q25: 전인미답의 길,변용진,iM증권,2025-04-25,2026-05-04 22:48:11.228582+00:00,https://consensus.hankyung.com/analysis/downpdf?report_idx=640647
4990,1,"LG디스플레이(034220) 연간 영업이익 추정치 9,810억원으로 상향","정원석,손우성",iM증권,2025-04-25,2026-05-04 22:48:11.228582+00:00,https://consensus.hankyung.com/analysis/downpdf?report_idx=640646
4991,1,LG전자(066570) 바텀업 개선과 탑다운 우려,"고의영,손우성",iM증권,2025-04-25,2026-05-04 22:48:11.228582+00:00,https://consensus.hankyung.com/analysis/downpdf?report_idx=640645
4992,1,"현대제철(004020) 바닥은 확인, 불확실성은 여전",28000,iM증권,2025-04-25,2026-05-04 22:48:11.228582+00:00,https://consensus.hankyung.com/analysis/downpdf?report_idx=640644
4993,1,POSCO홀딩스(005490) 주가 반등 시점은 하반기,"김윤상,공도연",iM증권,2025-04-25,2026-05-04 22:48:11.228582+00:00,https://consensus.hankyung.com/analysis/downpdf?report_idx=640643
4994,1,SK하이닉스(000660) 적극적인 매매 결정이 어려운 시기,"송명섭,손우성",iM증권,2025-04-25,2026-05-04 22:48:11.228582+00:00,https://consensus.hankyung.com/analysis/downpdf?report_idx=640642
4995,1,삼성E&A(028050) 외형 감소 불확실성 vs. 선반영된 주가,배세호,iM증권,2025-04-25,2026-05-04 22:48:11.228582+00:00,https://consensus.hankyung.com/analysis/downpdf?report_idx=640641
4996,1,삼성E&A(028050) 외형 감소 불확실성 vs. 선반영된 주가,배세호,iM증권,2025-04-25,2026-05-04 22:48:11.228582+00:00,https://consensus.hankyung.com/analysis/downpdf?report_idx=640640
4997,1,한화솔루션(009830) 반신반의한 것과 그래도 확실한 것의 공존,"전유진,장호",iM증권,2025-04-25,2026-05-04 22:48:11.228582+00:00,https://consensus.hankyung.com/analysis/downpdf?report_idx=640639
4998,1,디어유(376300) 제비가 물고 올 박씨들,박수영,한화투자증권,2025-04-24,2026-05-04 22:48:11.228582+00:00,https://consensus.hankyung.com/analysis/downpdf?report_idx=640638
4999,1,삼성바이오로직스(207940) 1Q25 Review: 믿고 가는 실적 우등생,김준영,메리츠증권,2025-04-24,2026-05-04 22:48:11.228582+00:00,https://consensus.hankyung.com/analysis/downpdf?report_idx=640627
5000,1,LG이노텍(011070) 끝나지 않는 경사,양승수,메리츠증권,2025-04-24,2026-05-04 22:48:11.228582+00:00,https://consensus.hankyung.com/analysis/downpdf?report_idx=640624
5001,1,"씨메스(475400) 눈에 보이는 것, 보이지 않는 것",박찬솔,SK증권,2025-04-24,2026-05-04 22:48:11.228582+00:00,https://consensus.hankyung.com/analysis/downpdf?report_idx=640623
5002,1,LG이노텍(011070) 밸류에이션 콜,"박형우,권민규",SK증권,2025-04-24,2026-05-04 22:48:11.228582+00:00,https://consensus.hankyung.com/analysis/downpdf?report_idx=640620
5003,1,"삼성바이오로직스(207940) 1Q25 Re: 역대 최대 실적, 컨센 36% 상회",이선경,SK증권,2025-04-24,2026-05-04 22:48:11.228582+00:00,https://consensus.hankyung.com/analysis/downpdf?report_idx=640619
5004,1,LG이노텍(011070) 아이폰 패닉바잉과 LG이노텍 패닉셀링,고의영,iM증권,2025-04-24,2026-05-04 22:48:11.228582+00:00,https://consensus.hankyung.com/analysis/downpdf?report_idx=640616
5005,1,"HD현대일렉트릭(267260) 서프라이즈는 없었지만, 과도 한 주가 하락",허민호,대신증권,2025-04-23,2026-05-04 22:48:11.228582+00:00,https://consensus.hankyung.com/analysis/downpdf?report_idx=640605
5006,1,CJ(001040) 올리브영 역성장 우려 과도,양지환,대신증권,2025-04-23,2026-05-04 22:48:11.228582+00:00,https://consensus.hankyung.com/analysis/downpdf?report_idx=640604
5007,1,HD현대일렉트릭(267260) 분기 매출액 1조원 달성,나민식,SK증권,2025-04-23,2026-05-04 22:48:11.228582+00:00,https://consensus.hankyung.com/analysis/downpdf?report_idx=640595
5008,1,엔씨소프트(036570) NC is starving,남효지,SK증권,2025-04-23,2026-05-04 22:48:11.228582+00:00,https://consensus.hankyung.com/analysis/downpdf?report_idx=640593
5009,1,LG디스플레이(034220) 관세 우려 속 실적 개선 진행 중,"권민규,박형우",SK증권,2025-04-23,2026-05-04 22:48:11.228582+00:00,https://consensus.hankyung.com/analysis/downpdf?report_idx=640592
5010,1,오로스테크놀로지(322310) 포트폴리오 다변화에 따른 재평가 필요,차용호,LS증권,2025-04-23,2026-05-04 22:48:11.228582+00:00,https://consensus.hankyung.com/analysis/downpdf?report_idx=640590
5011,1,HD현대일렉트릭(267260) 전일 실적발표 직후 급락. 영문 모를 해프닝,성종화,LS증권,2025-04-23,2026-05-04 22:48:11.228582+00:00,https://consensus.hankyung.com/analysis/downpdf?report_idx=640589
5012,1,LG화학(051910) EB 점검,정경희,LS증권,2025-04-23,2026-05-04 22:48:11.228582+00:00,https://consensus.hankyung.com/analysis/downpdf?report_idx=640587
5013,1,CJ대한통운(000120) 1Q25 Preview: 물동량 감소로 이익 감소 예상,배세호,iM증권,2025-04-23,2026-05-04 22:48:11.228582+00:00,https://consensus.hankyung.com/analysis/downpdf?report_idx=640586
5014,1,한국타이어앤테크놀로지(161390) [1Q25 Preview] 판가 인상 효과 vs. 관세/원자재가 불확실성...,김성래,한화투자증권,2025-04-22,2026-05-04 22:48:11.228582+00:00,https://consensus.hankyung.com/analysis/downpdf?report_idx=640577
5015,1,넥센타이어(002350) [1Q25 Preview] 유럽/북미 물량 개선 vs. 관세/원자재가 불확실성,김성래,한화투자증권,2025-04-22,2026-05-04 22:48:11.228582+00:00,https://consensus.hankyung.com/analysis/downpdf?report_idx=640575
5016,1,금호타이어(073240) [1Q25 Preview] 현지 생산 확대 vs. 관세/원자재가 불확실성,김성래,한화투자증권,2025-04-22,2026-05-04 22:48:11.228582+00:00,https://consensus.hankyung.com/analysis/downpdf?report_idx=640573
5017,1,HL D&I(014790) 3년 만의 수주 반등,송유림,한화투자증권,2025-04-22,2026-05-04 22:48:11.228582+00:00,https://consensus.hankyung.com/analysis/downpdf?report_idx=640572
5018,1,DB손해보험(005830) One-off 영향에도 펀더멘털 우려는 제한적,설용진,SK증권,2025-04-22,2026-05-04 22:48:11.228582+00:00,https://consensus.hankyung.com/analysis/downpdf?report_idx=640570
5019,1,현대해상(001450) 규제 개선을 기다리며,설용진,SK증권,2025-04-22,2026-05-04 22:48:11.228582+00:00,https://consensus.hankyung.com/analysis/downpdf?report_idx=640569
5020,1,코미코(183300) 소재 업종 Top-pick,이동주,SK증권,2025-04-22,2026-05-04 22:48:11.228582+00:00,https://consensus.hankyung.com/analysis/downpdf?report_idx=640568
5021,1,LS ELECTRIC(010120) 올해는 1분기가 저점,나민식,SK증권,2025-04-22,2026-05-04 22:48:11.228582+00:00,https://consensus.hankyung.com/analysis/downpdf?report_idx=640567
5022,1,한화엔진(082740) ASP 상승효과 및 AM 성장 확인,한승한,SK증권,2025-04-22,2026-05-04 22:48:11.228582+00:00,https://consensus.hankyung.com/analysis/downpdf?report_idx=640566
5023,1,"나이스디앤비(130580) Valuation, 자산가치 대비 저평가",정홍식,LS증권,2025-04-22,2026-05-04 22:48:11.228582+00:00,https://consensus.hankyung.com/analysis/downpdf?report_idx=640563
5024,1,뷰웍스(100120) 1Q25 저점으로 점진적인 회복 전망,정홍식,LS증권,2025-04-22,2026-05-04 22:48:11.228582+00:00,https://consensus.hankyung.com/analysis/downpdf?report_idx=640562
5025,1,메디톡스(086900) 실적 턴어라운드와 뉴럭스 수출 본격화에 대한 관심,조은애,LS증권,2025-04-22,2026-05-04 22:48:11.228582+00:00,https://consensus.hankyung.com/analysis/downpdf?report_idx=640560
5026,1,LS ELECTRIC(010120) 1Q 부진보단 빅테크향 배전제품 수주 본격화 주목,성종화,LS증권,2025-04-22,2026-05-04 22:48:11.228582+00:00,https://consensus.hankyung.com/analysis/downpdf?report_idx=640559
5027,1,제이브이엠(054950) 내수 판가 인상에 메니스 수출 더하기,조은애,LS증권,2025-04-22,2026-05-04 22:48:11.228582+00:00,https://consensus.hankyung.com/analysis/downpdf?report_idx=640558
5028,1,코스맥스(192820) 1Q25 Preview,오린아,LS증권,2025-04-22,2026-05-04 22:48:11.228582+00:00,https://consensus.hankyung.com/analysis/downpdf?report_idx=640556
5029,1,한화엔진(082740) 1Q25: 엔진 가동은 이제 시작,변용진,iM증권,2025-04-22,2026-05-04 22:48:11.228582+00:00,https://consensus.hankyung.com/analysis/downpdf?report_idx=640555
5030,1,"NAVER(035420) 컬리 제휴 발표, 커머스의 빈 퍼즐 조각을 매우는 결정",김소혜,한화투자증권,2025-04-21,2026-05-04 22:48:11.228582+00:00,https://consensus.hankyung.com/analysis/downpdf?report_idx=640552
5031,1,더존비즈온(012510) 불확실성과 변동성을 줄이는 최선의 지름길,김소혜,한화투자증권,2025-04-21,2026-05-04 22:48:11.228582+00:00,https://consensus.hankyung.com/analysis/downpdf?report_idx=640550
5032,1,GKL(114090) 올해는 홀드율이 좋네요,임수진,대신증권,2025-04-21,2026-05-04 22:48:11.228582+00:00,https://consensus.hankyung.com/analysis/downpdf?report_idx=640526
5033,1,파라다이스(034230) 1Q 양호한 홀드율로 기대치 상회 전망,임수진,대신증권,2025-04-21,2026-05-04 22:48:11.228582+00:00,https://consensus.hankyung.com/analysis/downpdf?report_idx=640525
5034,1,토비스(051360) 업황 부진은 없다,"권민규,박형우",SK증권,2025-04-21,2026-05-04 22:48:11.228582+00:00,https://consensus.hankyung.com/analysis/downpdf?report_idx=640522
5035,1,비에이치아이(083650) 원전 및 HRSG 수주 확대로 성장성 가속화,"이상헌,장호",iM증권,2025-04-21,2026-05-04 22:48:11.228582+00:00,https://consensus.hankyung.com/analysis/downpdf?report_idx=640513
5036,1,한전기술(052690) 해외원전 수주 대폭 확대 및 SMR 성장성 가시화,"이상헌,장호",iM증권,2025-04-21,2026-05-04 22:48:11.228582+00:00,https://consensus.hankyung.com/analysis/downpdf?report_idx=640512
5037,1,HDC(012630) 통영에코파워 히든밸류 레벨업⇒동사 주가 상승 모멘텀,"이상헌,장호",iM증권,2025-04-21,2026-05-04 22:48:11.228582+00:00,https://consensus.hankyung.com/analysis/downpdf?report_idx=640509
5038,1,롯데렌탈(089860) 변곡점을 지나는 중,이병근,LS증권,2025-04-21,2026-05-04 22:48:11.228582+00:00,https://consensus.hankyung.com/analysis/downpdf?report_idx=640508
5039,1,한국가스공사(036460) 3Q25 요금 인상? 단기적으론 핵심 현안,성종화,LS증권,2025-04-21,2026-05-04 22:48:11.228582+00:00,https://consensus.hankyung.com/analysis/downpdf?report_idx=640507
5040,1,"대양전기공업(108380) 자동차용 센서 고성장, 영업이익 큰 폭 증가",정홍식,LS증권,2025-04-21,2026-05-04 22:48:11.228582+00:00,https://consensus.hankyung.com/analysis/downpdf?report_idx=640506
5041,1,JYP Ent.(035900) 보여줄 게 많은데 시간이 필요할 뿐,이현지,유진투자증권,2025-04-21,2026-05-04 22:48:11.228582+00:00,https://consensus.hankyung.com/analysis/downpdf?report_idx=640504
5042,1,에스엠(041510) 개선의 여지가 많아? 오히려 좋아,이현지,유진투자증권,2025-04-21,2026-05-04 22:48:11.228582+00:00,https://consensus.hankyung.com/analysis/downpdf?report_idx=640503
5043,1,와이지엔터테인먼트(122870) 가랑비에 옷 젖듯 다가온 성장,이현지,유진투자증권,2025-04-21,2026-05-04 22:48:11.228582+00:00,https://consensus.hankyung.com/analysis/downpdf?report_idx=640502
5044,1,롯데웰푸드(280360) 하반기를 바라보자,김진우,유진투자증권,2025-04-21,2026-05-04 22:48:11.228582+00:00,https://consensus.hankyung.com/analysis/downpdf?report_idx=640501
5045,1,하이브(352820) 동 트기 전 새벽이 가장 어둡다,이현지,유진투자증권,2025-04-21,2026-05-04 22:48:11.228582+00:00,https://consensus.hankyung.com/analysis/downpdf?report_idx=640500
5046,1,현대로템(064350) 꾸준한 실적 성장에 더해지는 수주 기대감,이지호,메리츠증권,2025-04-18,2026-05-04 22:48:11.228582+00:00,https://consensus.hankyung.com/analysis/downpdf?report_idx=640486
5047,1,이수페타시스(007660) MLB는 미중분쟁 환경에서 쇼티지 심화,"박형우,권민규",SK증권,2025-04-18,2026-05-04 22:48:11.228582+00:00,https://consensus.hankyung.com/analysis/downpdf?report_idx=640477
5048,1,한국전력(015760) 상호관세 영향 없음. 불확실성 장세에선 대안주 역할,성종화,LS증권,2025-04-18,2026-05-04 22:48:11.228582+00:00,https://consensus.hankyung.com/analysis/downpdf?report_idx=640471
5049,1,농심(004370) 신라면 툼바에 거는 기대,박성호,LS증권,2025-04-18,2026-05-04 22:48:11.228582+00:00,https://consensus.hankyung.com/analysis/downpdf?report_idx=640469
5050,1,"LS(006260) 1 분기 실적 무난, 중장기 성장 스토리 유효",장재혁,메리츠증권,2025-04-17,2026-05-04 22:48:11.228582+00:00,https://consensus.hankyung.com/analysis/downpdf?report_idx=640447
5051,1,넷마블(251270) 나혼렙을 이을 신작 필요,김소혜,한화투자증권,2025-04-17,2026-05-04 22:48:11.228582+00:00,https://consensus.hankyung.com/analysis/downpdf?report_idx=640443
5052,1,"펄어비스(263750) 컨센서스 상회 추정, 다가오는 붉은사막",김소혜,한화투자증권,2025-04-17,2026-05-04 22:48:11.228582+00:00,https://consensus.hankyung.com/analysis/downpdf?report_idx=640439
5053,1,서진시스템(178320) 관세를 크게 걱정하지 않는 이유 (미국 공장 이미 준비되어 있습니다),나승두,SK증권,2025-04-17,2026-05-04 22:48:11.228582+00:00,https://consensus.hankyung.com/analysis/downpdf?report_idx=640438
5054,1,CJ제일제당(097950) 하반기 모멘텀에 집중,박성호,LS증권,2025-04-17,2026-05-04 22:48:11.228582+00:00,https://consensus.hankyung.com/analysis/downpdf?report_idx=640433
5055,1,삼양식품(003230) 1분기 실적 선방 기대,박성호,LS증권,2025-04-17,2026-05-04 22:48:11.228582+00:00,https://consensus.hankyung.com/analysis/downpdf?report_idx=640431
5056,1,이마트(139480) 1Q25 Preview: 무난한 실적 예상,오린아,LS증권,2025-04-17,2026-05-04 22:48:11.228582+00:00,https://consensus.hankyung.com/analysis/downpdf?report_idx=640430
5057,1,현대백화점(069960) 1Q25 Preview: 편안,오린아,LS증권,2025-04-17,2026-05-04 22:48:11.228582+00:00,https://consensus.hankyung.com/analysis/downpdf?report_idx=640428
5058,1,"현대로템(064350) 전차 강국, 우리가 만들어준다",변용진,iM증권,2025-04-17,2026-05-04 22:48:11.228582+00:00,https://consensus.hankyung.com/analysis/downpdf?report_idx=640425
5059,1,현대위아(011210) [1Q25 Preview] 사업 규모 축소 영향 지속,김성래,한화투자증권,2025-04-16,2026-05-04 22:48:11.228582+00:00,https://consensus.hankyung.com/analysis/downpdf?report_idx=640419
5060,1,"한화시스템(272210) 방산과 조선, 투 트랙",배성조,한화투자증권,2025-04-16,2026-05-04 22:48:11.228582+00:00,https://consensus.hankyung.com/analysis/downpdf?report_idx=640417
5061,1,넷마블(251270) 다이어트 성공: 체지방 뺐고 근육 붙이는 중,남효지,SK증권,2025-04-16,2026-05-04 22:48:11.228582+00:00,https://consensus.hankyung.com/analysis/downpdf?report_idx=640408
5062,1,한화오션(042660) 시대주의적 종목에 반하지 말자,한승한,SK증권,2025-04-16,2026-05-04 22:48:11.228582+00:00,https://consensus.hankyung.com/analysis/downpdf?report_idx=640407
5063,1,코리안리(003690) LA 산불 등 영향 예상되나 안정적 실적 전망,설용진,SK증권,2025-04-16,2026-05-04 22:48:11.228582+00:00,https://consensus.hankyung.com/analysis/downpdf?report_idx=640405
5064,1,한국항공우주(047810) 1Q25 Preview: 도약의 원년,최정환,LS증권,2025-04-16,2026-05-04 22:48:11.228582+00:00,https://consensus.hankyung.com/analysis/downpdf?report_idx=640403
5065,1,"SOOP(067160) 버추얼이 막아주고, 글로벌이 뚫어주고",정우성,LS증권,2025-04-16,2026-05-04 22:48:11.228582+00:00,https://consensus.hankyung.com/analysis/downpdf?report_idx=640402
5066,1,코미코(183300) 1Q25 Preview: 미코세라믹스 가치 희석 제한적,차용호,LS증권,2025-04-16,2026-05-04 22:48:11.228582+00:00,https://consensus.hankyung.com/analysis/downpdf?report_idx=640401
5067,1,풍산(103140) 소재가격둔화국면에서의최선의대안주,김윤상,iM증권,2025-04-16,2026-05-04 22:48:11.228582+00:00,https://consensus.hankyung.com/analysis/downpdf?report_idx=640397
5068,1,세아베스틸지주(001430) 배당수익률을고려한다면..,김윤상,iM증권,2025-04-16,2026-05-04 22:48:11.228582+00:00,https://consensus.hankyung.com/analysis/downpdf?report_idx=640396
5069,1,대한제강(084010) 여전히견고한주가하방,김윤상,iM증권,2025-04-16,2026-05-04 22:48:11.228582+00:00,https://consensus.hankyung.com/analysis/downpdf?report_idx=640395
5070,1,현대제철(004020) 쉽지않은업황,김윤상,iM증권,2025-04-16,2026-05-04 22:48:11.228582+00:00,https://consensus.hankyung.com/analysis/downpdf?report_idx=640394
5071,1,POSCO홀딩스(005490) 하반기중반등기회가있을것,김윤상,iM증권,2025-04-16,2026-05-04 22:48:11.228582+00:00,https://consensus.hankyung.com/analysis/downpdf?report_idx=640393
5072,1,"오리온(271560) 성장률, 걱정이 없다",이경신,iM증권,2025-04-16,2026-05-04 22:48:11.228582+00:00,https://consensus.hankyung.com/analysis/downpdf?report_idx=640390
5073,1,카카오(035720) 변화의 초입,남효지,SK증권,2025-04-15,2026-05-04 22:48:11.228582+00:00,https://consensus.hankyung.com/analysis/downpdf?report_idx=640378
5074,1,삼성중공업(010140) 수주와 실적 모두 순항 중,한승한,SK증권,2025-04-15,2026-05-04 22:48:11.228582+00:00,https://consensus.hankyung.com/analysis/downpdf?report_idx=640377
5075,1,"셀트리온(068270) 1Q25 Pre: 아쉬운 실적, 하반기 기대",이선경,SK증권,2025-04-15,2026-05-04 22:48:11.228582+00:00,https://consensus.hankyung.com/analysis/downpdf?report_idx=640376
5076,1,현대차(005380) 높은 이익과 관세 불확실성 상존,이병근,LS증권,2025-04-15,2026-05-04 22:48:11.228582+00:00,https://consensus.hankyung.com/analysis/downpdf?report_idx=640373
5077,1,현대모비스(012330) 다시 한번 AS가 견인,이병근,LS증권,2025-04-15,2026-05-04 22:48:11.228582+00:00,https://consensus.hankyung.com/analysis/downpdf?report_idx=640372
5078,1,"동국제약(086450) 낙폭과대, 성장성 더 높아질 듯",정홍식,LS증권,2025-04-15,2026-05-04 22:48:11.228582+00:00,https://consensus.hankyung.com/analysis/downpdf?report_idx=640371
5079,1,"뷰웍스(100120) 신제품 효과, 수익성 개선될 듯",정홍식,LS증권,2025-04-15,2026-05-04 22:48:11.228582+00:00,https://consensus.hankyung.com/analysis/downpdf?report_idx=640370
5080,1,CJ대한통운(000120) 1Q25 Preview: 숨고르기,이재혁,LS증권,2025-04-15,2026-05-04 22:48:11.228582+00:00,https://consensus.hankyung.com/analysis/downpdf?report_idx=640369
5081,1,KCC글라스(344820) [NDR 후기] 본업이 좋아지는 것이 순서,김세련,LS증권,2025-04-15,2026-05-04 22:48:11.228582+00:00,https://consensus.hankyung.com/analysis/downpdf?report_idx=640367
5082,1,LG화학(051910) 1분기 LG에너지솔루션으로 선방,정경희,LS증권,2025-04-15,2026-05-04 22:48:11.228582+00:00,https://consensus.hankyung.com/analysis/downpdf?report_idx=640366
5083,1,롯데쇼핑(023530) 1Q25 Preview: 목표주가 상향,오린아,LS증권,2025-04-15,2026-05-04 22:48:11.228582+00:00,https://consensus.hankyung.com/analysis/downpdf?report_idx=640365
5084,1,ISC(095340) 1Q25 Preview: 관세 직접적인 영향 제한적,차용호,LS증권,2025-04-15,2026-05-04 22:48:11.228582+00:00,https://consensus.hankyung.com/analysis/downpdf?report_idx=640364
5085,1,대한항공(003490) 1Q25 Review: 비용 상승으로 기대치 하회,이재혁,LS증권,2025-04-15,2026-05-04 22:48:11.228582+00:00,https://consensus.hankyung.com/analysis/downpdf?report_idx=640363
5086,1,휴젤(145020) 더 레벨업한 펀더멘털에 미국을 더하는 원년,조은애,LS증권,2025-04-15,2026-05-04 22:48:11.228582+00:00,https://consensus.hankyung.com/analysis/downpdf?report_idx=640362
5087,1,ISC(095340) AI 수혜 지속,"송명섭,손우성",iM증권,2025-04-15,2026-05-04 22:48:11.228582+00:00,https://consensus.hankyung.com/analysis/downpdf?report_idx=640361
5088,1,대한항공(003490) 1Q25 Review: 비우호적 업황 영향,이서연,상상인증권,2025-04-14,2026-05-04 22:48:11.228582+00:00,https://consensus.hankyung.com/analysis/downpdf?report_idx=640360
5089,1,씨앤씨인터내셔널(352480) 성장통과 함께 찾아온 밸류에이션 매력,"박선영,정수현",한국IR협의회,2025-04-14,2026-05-04 22:48:11.228582+00:00,https://consensus.hankyung.com/analysis/downpdf?report_idx=640358
5090,1,알테오젠(196170) 빅파마가 선택한 Hybrozyme 기술,임윤진,한국IR협의회,2025-04-14,2026-05-04 22:48:11.228582+00:00,https://consensus.hankyung.com/analysis/downpdf?report_idx=640357
5091,1,지니뮤직(043610) 영역을 넓혀가는 똘똘한 콘텐츠 플랫폼 전문기업,"백종석,김혜빈",한국IR협의회,2025-04-14,2026-05-04 22:48:11.228582+00:00,https://consensus.hankyung.com/analysis/downpdf?report_idx=640356
5092,1,테스(095610) 올해 이익 추정치 상향에 따른 목표주가 상향,김광진,한화투자증권,2025-04-14,2026-05-04 22:48:11.228582+00:00,https://consensus.hankyung.com/analysis/downpdf?report_idx=640355
5093,1,HK이노엔(195940) 1Q25Pre: 좋은 실적으로 25년 시작,하현수,유안타증권,2025-04-14,2026-05-04 22:48:11.228582+00:00,https://consensus.hankyung.com/analysis/downpdf?report_idx=640350
5094,1,한미약품(128940) 1Q25Pre: 북경 한미 회복이 필요,하현수,유안타증권,2025-04-14,2026-05-04 22:48:11.228582+00:00,https://consensus.hankyung.com/analysis/downpdf?report_idx=640349
5095,1,"코스맥스(192820) 하단은 확인, 상단은 국내와 동남아가 이끈다","이승은,김도엽",유안타증권,2025-04-14,2026-05-04 22:48:11.228582+00:00,https://consensus.hankyung.com/analysis/downpdf?report_idx=640347
5096,1,"한국콜마(161890) 한국 안정, 미국 확장, 실적·주가 모멘텀 확보!","이승은,김도엽",유안타증권,2025-04-14,2026-05-04 22:48:11.228582+00:00,https://consensus.hankyung.com/analysis/downpdf?report_idx=640346
5097,1,"펌텍코리아(251970) 1Q 무난, 2Q 본게임 시작! 성장 본격화","이승은,김도엽",유안타증권,2025-04-14,2026-05-04 22:48:11.228582+00:00,https://consensus.hankyung.com/analysis/downpdf?report_idx=640345
5098,1,"SK텔레콤(017670) 탄탄한 본업, 가까워진 AI 수익화",이승웅,유안타증권,2025-04-14,2026-05-04 22:48:11.228582+00:00,https://consensus.hankyung.com/analysis/downpdf?report_idx=640343
5099,1,"KT(030200) 삼위일체, 이익, 주주환원 그리고 AI",이승웅,유안타증권,2025-04-14,2026-05-04 22:48:11.228582+00:00,https://consensus.hankyung.com/analysis/downpdf?report_idx=640342
5100,1,"LG유플러스(032640) 실적 U턴 신호, 성장 ON",이승웅,유안타증권,2025-04-14,2026-05-04 22:48:11.228582+00:00,https://consensus.hankyung.com/analysis/downpdf?report_idx=640341
5101,1,SK텔레콤(017670) 2025년에도 화두는 비용 절감,"정지수,박건영",메리츠증권,2025-04-14,2026-05-04 22:48:11.228582+00:00,https://consensus.hankyung.com/analysis/downpdf?report_idx=640330
5102,1,대한항공(003490) 1Q25 Re: 탑라인 견조했으나 비용 확대 영향,오정하,메리츠증권,2025-04-14,2026-05-04 22:48:11.228582+00:00,https://consensus.hankyung.com/analysis/downpdf?report_idx=640329
5103,1,LG유플러스(032640) 오랜만에 걱정 없는 분기,"정지수,박건영",메리츠증권,2025-04-14,2026-05-04 22:48:11.228582+00:00,https://consensus.hankyung.com/analysis/downpdf?report_idx=640328
5104,1,KT(030200) 예고된 이익 성장,"정지수,박건영",메리츠증권,2025-04-14,2026-05-04 22:48:11.228582+00:00,https://consensus.hankyung.com/analysis/downpdf?report_idx=640327
5105,1,"KH바텍(060720) 리스크는 작고, 성장성은 확실한 구간",양승수,메리츠증권,2025-04-14,2026-05-04 22:48:11.228582+00:00,https://consensus.hankyung.com/analysis/downpdf?report_idx=640320
5106,1,"해성디에스(195870) 1Q부진 지속, 하반기 반등 기대는 유효",양승수,메리츠증권,2025-04-14,2026-05-04 22:48:11.228582+00:00,https://consensus.hankyung.com/analysis/downpdf?report_idx=640317
5107,1,롯데칠성(005300) 녹록치 않은 영업환경,정한솔,대신증권,2025-04-14,2026-05-04 22:48:11.228582+00:00,https://consensus.hankyung.com/analysis/downpdf?report_idx=640310
5108,1,F&F(383220) 이익 사이클 저점 통과 판단,유정현,대신증권,2025-04-14,2026-05-04 22:48:11.228582+00:00,https://consensus.hankyung.com/analysis/downpdf?report_idx=640309
5109,1,마이크로디지탈(305090) NDR 후기,이건재,IBK투자증권,2025-04-14,2026-05-04 22:48:11.228582+00:00,https://consensus.hankyung.com/analysis/downpdf?report_idx=640301
5110,1,"유니드(014830) 올해 1분기 영업이익, 전 분기 대비 100% 증가",이동욱,IBK투자증권,2025-04-14,2026-05-04 22:48:11.228582+00:00,https://consensus.hankyung.com/analysis/downpdf?report_idx=640296
5111,1,바이넥스(053030) 상업생산 본격화 되면서 수익성 개선 및 수주 확대,이상헌,iM증권,2025-04-14,2026-05-04 22:48:11.228582+00:00,https://consensus.hankyung.com/analysis/downpdf?report_idx=640293
5112,1,SNT다이내믹스(003570) 동사 변속기 첨병 역할로 K2ME 중동수출 탄력 받을 듯,이상헌,iM증권,2025-04-14,2026-05-04 22:48:11.228582+00:00,https://consensus.hankyung.com/analysis/downpdf?report_idx=640292
5113,1,대한항공(003490) 목표주가 하향하나 긍정적 시각 유지,배세호,iM증권,2025-04-14,2026-05-04 22:48:11.228582+00:00,https://consensus.hankyung.com/analysis/downpdf?report_idx=640291
5114,1,SNT에너지(100840) LNG 프로젝트 본격화⇒에어쿨러 수요 급증으로 동사 수혜,"이상헌,장호",iM증권,2025-04-14,2026-05-04 22:48:11.228582+00:00,https://consensus.hankyung.com/analysis/downpdf?report_idx=640289
5115,1,"나이스정보통신(036800) 안정적인 기업, Valuation 저평가",정홍식,LS증권,2025-04-14,2026-05-04 22:48:11.228582+00:00,https://consensus.hankyung.com/analysis/downpdf?report_idx=640288
5116,1,F&F(383220) 1Q25 Preview: MLB 중국 여전해,이해니,유진투자증권,2025-04-14,2026-05-04 22:48:11.228582+00:00,https://consensus.hankyung.com/analysis/downpdf?report_idx=640286
5117,1,F&F(383220) 1Q25 Preview: MLB 중국 여전해,이해니,유진투자증권,2025-04-14,2026-05-04 22:48:11.228582+00:00,https://consensus.hankyung.com/analysis/downpdf?report_idx=640285
5118,1,유한양행(000100) 2분기부터 레이저티닙 관련 수익 반영 본격화,권해순,유진투자증권,2025-04-14,2026-05-04 22:48:11.228582+00:00,https://consensus.hankyung.com/analysis/downpdf?report_idx=640279
5119,1,SK이노베이션(096770) 1분기 흐림,정경희,LS증권,2025-04-11,2026-05-04 22:48:11.228582+00:00,https://consensus.hankyung.com/analysis/downpdf?report_idx=640254
5120,1,한전KPS(051600) 해외 노후 원전 정비 수주 모멘텀 주목,성종화,LS증권,2025-04-11,2026-05-04 22:48:11.228582+00:00,https://consensus.hankyung.com/analysis/downpdf?report_idx=640253
5121,1,"한전기술(052690) 2월 이후 조정은 합리적. 그러나, 중장기 잠재력 유효",성종화,LS증권,2025-04-11,2026-05-04 22:48:11.228582+00:00,https://consensus.hankyung.com/analysis/downpdf?report_idx=640252
5122,1,HD현대중공업(329180) 대장님의 편안한 운항 실력,한승한,SK증권,2025-04-11,2026-05-04 22:48:11.228582+00:00,https://consensus.hankyung.com/analysis/downpdf?report_idx=640249
5123,1,HD현대미포(010620) 선속을 다시 높혀라,한승한,SK증권,2025-04-11,2026-05-04 22:48:11.228582+00:00,https://consensus.hankyung.com/analysis/downpdf?report_idx=640247
5124,1,HD한국조선해양(009540) 우리 조선사 5개에 엔진 회사 2개나 있다~,한승한,SK증권,2025-04-11,2026-05-04 22:48:11.228582+00:00,https://consensus.hankyung.com/analysis/downpdf?report_idx=640246
5125,1,"HK이노엔(195940) 1Q25 Pre: 기분 좋은 시작, 컨센 상회",이선경,SK증권,2025-04-11,2026-05-04 22:48:11.228582+00:00,https://consensus.hankyung.com/analysis/downpdf?report_idx=640245
5126,1,에스엠씨지(460870) 화장품 시장의 숨겨진 라이징 스타,허선재,SK증권,2025-04-11,2026-05-04 22:48:11.228582+00:00,https://consensus.hankyung.com/analysis/downpdf?report_idx=640244
5127,1,제일기획(030000) 위기 탈출 DNA,정지수,메리츠증권,2025-04-10,2026-05-04 22:48:11.228582+00:00,https://consensus.hankyung.com/analysis/downpdf?report_idx=640236
5128,1,이노션(214320) 기대되는 신차 출시 효과,정지수,메리츠증권,2025-04-10,2026-05-04 22:48:11.228582+00:00,https://consensus.hankyung.com/analysis/downpdf?report_idx=640234
5129,1,대덕전자(353200) 속도는 더디나 방향성은 그대로,양승수,메리츠증권,2025-04-10,2026-05-04 22:48:11.228582+00:00,https://consensus.hankyung.com/analysis/downpdf?report_idx=640229
5130,1,유니셈(036200) 보수적 투자 기조 속 해외 확판,이동주,SK증권,2025-04-10,2026-05-04 22:48:11.228582+00:00,https://consensus.hankyung.com/analysis/downpdf?report_idx=640226
5131,1,NAVER(035420) Why not?,남효지,SK증권,2025-04-10,2026-05-04 22:48:11.228582+00:00,https://consensus.hankyung.com/analysis/downpdf?report_idx=640225
5132,1,원익IPS(240810) 모멘텀 약세 구간을 지나는 중,이동주,SK증권,2025-04-10,2026-05-04 22:48:11.228582+00:00,https://consensus.hankyung.com/analysis/downpdf?report_idx=640224
5133,1,솔브레인(357780) 감산 아래 모멘텀 찾기,이동주,SK증권,2025-04-10,2026-05-04 22:48:11.228582+00:00,https://consensus.hankyung.com/analysis/downpdf?report_idx=640223
5134,1,LG에너지솔루션(373220) 1분기 호실적 vs Tesla 내재화율 증가 우려,정경희,LS증권,2025-04-10,2026-05-04 22:48:11.228582+00:00,https://consensus.hankyung.com/analysis/downpdf?report_idx=640218
5135,1,신세계(004170) 1Q25 Preview: 1분기가 저점,오린아,LS증권,2025-04-10,2026-05-04 22:48:11.228582+00:00,https://consensus.hankyung.com/analysis/downpdf?report_idx=640217
5136,1,한화에어로스페이스(012450) 1Q25 Preview: 도약하는 한해의 시작,최정환,LS증권,2025-04-10,2026-05-04 22:48:11.228582+00:00,https://consensus.hankyung.com/analysis/downpdf?report_idx=640216
5137,1,HDC현대산업개발(294870) 1Q25 Preview: 방향성은 명확,배세호,iM증권,2025-04-10,2026-05-04 22:48:11.228582+00:00,https://consensus.hankyung.com/analysis/downpdf?report_idx=640212
5138,1,대우건설(047040) 1Q25 Preview: 외형 감소 지속,배세호,iM증권,2025-04-10,2026-05-04 22:48:11.228582+00:00,https://consensus.hankyung.com/analysis/downpdf?report_idx=640211
5139,1,GS건설(006360) Q25 Preview: 입주 물량 증가에 따른 변동성,배세호,iM증권,2025-04-10,2026-05-04 22:48:11.228582+00:00,https://consensus.hankyung.com/analysis/downpdf?report_idx=640210
5140,1,DL이앤씨(375500) 1Q25 Preview: 인상적인 착공 물량,배세호,iM증권,2025-04-10,2026-05-04 22:48:11.228582+00:00,https://consensus.hankyung.com/analysis/downpdf?report_idx=640209
5141,1,현대건설(000720) 1Q25 Preview: 긍정적인 회사의 방향성,배세호,iM증권,2025-04-10,2026-05-04 22:48:11.228582+00:00,https://consensus.hankyung.com/analysis/downpdf?report_idx=640208
5142,1,현대건설(000720) 1Q25 Preview: 좋은 분위기 그대로,문경원,메리츠증권,2025-04-09,2026-05-04 22:48:11.228582+00:00,https://consensus.hankyung.com/analysis/downpdf?report_idx=640207
5143,1,삼성전자(005930) 1Q25 잠정실적 리뷰,김광진,한화투자증권,2025-04-09,2026-05-04 22:48:11.228582+00:00,https://consensus.hankyung.com/analysis/downpdf?report_idx=640194
5144,1,"한화에어로스페이스(012450) 한화에어로스페이스, 구체화된 유상증자 계획",최정환,LS증권,2025-04-09,2026-05-04 22:48:11.228582+00:00,https://consensus.hankyung.com/analysis/downpdf?report_idx=640190
5145,1,아모레퍼시픽(090430) 추정치 상회 실적 기대,오린아,LS증권,2025-04-09,2026-05-04 22:48:11.228582+00:00,https://consensus.hankyung.com/analysis/downpdf?report_idx=640189
5146,1,삼성전자(005930) 1Q25P Review: MX사업부 서프라이즈 기록,차용호,LS증권,2025-04-09,2026-05-04 22:48:11.228582+00:00,https://consensus.hankyung.com/analysis/downpdf?report_idx=640188
5147,1,더존비즈온(012510) 국내 ERP 선도기업: 전산실이 사라지고 있다,정우성,LS증권,2025-04-09,2026-05-04 22:48:11.228582+00:00,https://consensus.hankyung.com/analysis/downpdf?report_idx=640186
5148,1,"SK가스(018670) LPG에서LNG까지, 상황따라입맛대로고르는연료",전유진,iM증권,2025-04-09,2026-05-04 22:48:11.228582+00:00,https://consensus.hankyung.com/analysis/downpdf?report_idx=640185
5149,1,S-Oil(010950) 1분기눈높이하향조정필요,전유진,iM증권,2025-04-09,2026-05-04 22:48:11.228582+00:00,https://consensus.hankyung.com/analysis/downpdf?report_idx=640184
5150,1,한화솔루션(009830) 대혼란의트럼프관세시대에서차선책,전유진,iM증권,2025-04-09,2026-05-04 22:48:11.228582+00:00,https://consensus.hankyung.com/analysis/downpdf?report_idx=640183
5151,1,금호석유(011780) 꾸준한합성고무와나름선방하는페놀/합성수지,전유진,iM증권,2025-04-09,2026-05-04 22:48:11.228582+00:00,https://consensus.hankyung.com/analysis/downpdf?report_idx=640182
5152,1,"유니드(014830) 작고조용하지만, 이래저래확실히좋아지는여건",전유진,iM증권,2025-04-09,2026-05-04 22:48:11.228582+00:00,https://consensus.hankyung.com/analysis/downpdf?report_idx=640181
5153,1,"롯데케미칼(011170) 과거와달리, 생존을위한적극적인방안을모색하는요즘",전유진,iM증권,2025-04-09,2026-05-04 22:48:11.228582+00:00,https://consensus.hankyung.com/analysis/downpdf?report_idx=640180
5154,1,"LG화학(051910) 기대가너무낮았던탓인가, 예상치큰폭상회할1분기",전유진,iM증권,2025-04-09,2026-05-04 22:48:11.228582+00:00,https://consensus.hankyung.com/analysis/downpdf?report_idx=640179
5155,1,삼성전자(005930) 경기 둔화? 경제 위기?,송명섭,iM증권,2025-04-09,2026-05-04 22:48:11.228582+00:00,https://consensus.hankyung.com/analysis/downpdf?report_idx=640178
5156,1,SK이노베이션(096770) 24년고점으로차입금축소사이클진입예상,전유진,iM증권,2025-04-09,2026-05-04 22:48:11.228582+00:00,https://consensus.hankyung.com/analysis/downpdf?report_idx=640176
5157,1,"현대건설(000720) 첫 해, 첫 분기 ‘통과’",송유림,한화투자증권,2025-04-08,2026-05-04 22:48:11.228582+00:00,https://consensus.hankyung.com/analysis/downpdf?report_idx=640175
5158,1,제일기획(030000) 안정성을 넘는 매력포인트를 기대,김소혜,한화투자증권,2025-04-08,2026-05-04 22:48:11.228582+00:00,https://consensus.hankyung.com/analysis/downpdf?report_idx=640173
5159,1,한국전력(015760) 1Q25 Preview: 하영 벌어수다,문경원,메리츠증권,2025-04-08,2026-05-04 22:48:11.228582+00:00,https://consensus.hankyung.com/analysis/downpdf?report_idx=640171
5160,1,에이비엘바이오(298380) GSK가 선택한 Grabody-B,김준영,메리츠증권,2025-04-08,2026-05-04 22:48:11.228582+00:00,https://consensus.hankyung.com/analysis/downpdf?report_idx=640166
5161,1,삼성전자(005930) 1Q25P – MX 선출고 효과 vs 반도체 회복 지연,김선우,메리츠증권,2025-04-08,2026-05-04 22:48:11.228582+00:00,https://consensus.hankyung.com/analysis/downpdf?report_idx=640165
5162,1,"네오팜(092730) 새로운 성장동력, B2C 제로이드",박찬솔,SK증권,2025-04-08,2026-05-04 22:48:11.228582+00:00,https://consensus.hankyung.com/analysis/downpdf?report_idx=640162
5163,1,에이피알(278470) 주가 하락은 기회,박찬솔,SK증권,2025-04-08,2026-05-04 22:48:11.228582+00:00,https://consensus.hankyung.com/analysis/downpdf?report_idx=640160
5164,1,"LG전자(066570) LG전자 – 25년 1분기 잠정실적 리뷰: 견조한 가전/에어컨, 불안한 거시적 환경","박형우,권민규",SK증권,2025-04-08,2026-05-04 22:48:11.228582+00:00,https://consensus.hankyung.com/analysis/downpdf?report_idx=640159
5165,1,LG에너지솔루션(373220) LG에너지솔루션 – 25년 1분기 잠정실적 리뷰 코멘트,"박형우,권민규",SK증권,2025-04-08,2026-05-04 22:48:11.228582+00:00,https://consensus.hankyung.com/analysis/downpdf?report_idx=640158
5166,1,현대차(005380) 관세 영향 반영해도 PER 4배...,"윤혁진,박준형",SK증권,2025-04-08,2026-05-04 22:48:11.228582+00:00,https://consensus.hankyung.com/analysis/downpdf?report_idx=640157
5167,1,기아(000270) 관세 영향 반영해도 PER 4배...,"윤혁진,박준형",SK증권,2025-04-08,2026-05-04 22:48:11.228582+00:00,https://consensus.hankyung.com/analysis/downpdf?report_idx=640156
5168,1,롯데웰푸드(280360) 글로벌 변동성 확대 속 수혜 기대,박성호,LS증권,2025-04-08,2026-05-04 22:48:11.228582+00:00,https://consensus.hankyung.com/analysis/downpdf?report_idx=640154
5169,1,LG에너지솔루션(373220) 미국 관세 정책으로 인한 불확실성 확대,"정원석,손우성",iM증권,2025-04-08,2026-05-04 22:48:11.228582+00:00,https://consensus.hankyung.com/analysis/downpdf?report_idx=640152
5170,1,"LG전자(066570) MC본부 만성 적자, 코로나19 당시의 밸류에이션","고의영,손우성",iM증권,2025-04-08,2026-05-04 22:48:11.228582+00:00,https://consensus.hankyung.com/analysis/downpdf?report_idx=640150
5171,1,"삼성중공업(010140) 호실적 지속, 신규 수주 순항 중",이서연,상상인증권,2025-04-07,2026-05-04 22:48:11.228582+00:00,https://consensus.hankyung.com/analysis/downpdf?report_idx=640149
5172,1,SK하이닉스(000660) 1Q25 Preview: 리더십 유지는 지속,정민규,상상인증권,2025-04-07,2026-05-04 22:48:11.228582+00:00,https://consensus.hankyung.com/analysis/downpdf?report_idx=640148
5173,1,삼성전자(005930) 1Q25 Preview: 기대와 우려 상존,정민규,상상인증권,2025-04-07,2026-05-04 22:48:11.228582+00:00,https://consensus.hankyung.com/analysis/downpdf?report_idx=640147
5174,1,현대제철(004020) 생각보다 완만해진 기울기,김진범,상상인증권,2025-04-07,2026-05-04 22:48:11.228582+00:00,https://consensus.hankyung.com/analysis/downpdf?report_idx=640146
5175,1,현대제철(004020) 생각보다 완만해진 기울기,김진범,상상인증권,2025-04-07,2026-05-04 22:48:11.228582+00:00,https://consensus.hankyung.com/analysis/downpdf?report_idx=640145
5176,1,피에스케이(319660) 장비 다변화의 길목,"박성순,김혜빈",한국IR협의회,2025-04-07,2026-05-04 22:48:11.228582+00:00,https://consensus.hankyung.com/analysis/downpdf?report_idx=640142
5177,1,"SOOP(067160) 실적은 최고, 주가는 반등 모색","채윤석,정수현",한국IR협의회,2025-04-07,2026-05-04 22:48:11.228582+00:00,https://consensus.hankyung.com/analysis/downpdf?report_idx=640141
5178,1,나이벡(138610) 봄이 거의 다 왔다,오병용,한양증권,2025-04-07,2026-05-04 22:48:11.228582+00:00,https://consensus.hankyung.com/analysis/downpdf?report_idx=640140
5179,1,JYP Ent.(035900) 시간이 약,박수영,한화투자증권,2025-04-07,2026-05-04 22:48:11.228582+00:00,https://consensus.hankyung.com/analysis/downpdf?report_idx=640136
5180,1,씨티케이(260930) 美 베스트 아이템 우리가 만든다,"이승은,김도엽",유안타증권,2025-04-07,2026-05-04 22:48:11.228582+00:00,https://consensus.hankyung.com/analysis/downpdf?report_idx=640129
5181,1,"코스맥스(192820) 견조한 국내와 동남아, 기다림의 중국과 미국",정한솔,대신증권,2025-04-07,2026-05-04 22:48:11.228582+00:00,https://consensus.hankyung.com/analysis/downpdf?report_idx=640127
5182,1,아모레퍼시픽(090430) 비중국 확대 지속,정한솔,대신증권,2025-04-07,2026-05-04 22:48:11.228582+00:00,https://consensus.hankyung.com/analysis/downpdf?report_idx=640126
5183,1,빙그레(005180) 경쟁력 증명한 기호식품,박찬솔,SK증권,2025-04-07,2026-05-04 22:48:11.228582+00:00,https://consensus.hankyung.com/analysis/downpdf?report_idx=640123
5184,1,노머스(473980) 1Q25: On Track,박찬솔,SK증권,2025-04-07,2026-05-04 22:48:11.228582+00:00,https://consensus.hankyung.com/analysis/downpdf?report_idx=640122
5185,1,한미약품(128940) 1Q25 Pre: 아쉽지만 실적은 정상화되는 중,이선경,SK증권,2025-04-07,2026-05-04 22:48:11.228582+00:00,https://consensus.hankyung.com/analysis/downpdf?report_idx=640120
5186,1,한국카본(017960) 이젠 내가 주목받을 차례,한승한,SK증권,2025-04-07,2026-05-04 22:48:11.228582+00:00,https://consensus.hankyung.com/analysis/downpdf?report_idx=640118
5187,1,일진전기(103590) 모델 업데이트 및 목표주가 현실화,나민식,SK증권,2025-04-07,2026-05-04 22:48:11.228582+00:00,https://consensus.hankyung.com/analysis/downpdf?report_idx=640116
5188,1,"LS ELECTRIC(010120) 단기적으로 난기류, 장기성장동력은 변함 없음",나민식,SK증권,2025-04-07,2026-05-04 22:48:11.228582+00:00,https://consensus.hankyung.com/analysis/downpdf?report_idx=640115
5189,1,HD현대일렉트릭(267260) AI인프라 투자심리 훼손으로 목표주가 조정,나민식,SK증권,2025-04-07,2026-05-04 22:48:11.228582+00:00,https://consensus.hankyung.com/analysis/downpdf?report_idx=640114
5190,1,HMM(011200) 트럼프가 촉발시킨 운임 변동성,배세호,iM증권,2025-04-07,2026-05-04 22:48:11.228582+00:00,https://consensus.hankyung.com/analysis/downpdf?report_idx=640105
5191,1,"팬오션(028670) 트럼프 영향권 낮고, 이익 레벨 안정적",배세호,iM증권,2025-04-07,2026-05-04 22:48:11.228582+00:00,https://consensus.hankyung.com/analysis/downpdf?report_idx=640104
5192,1,현대글로비스(086280) 그럼에도 이익 성장은 가시적,배세호,iM증권,2025-04-07,2026-05-04 22:48:11.228582+00:00,https://consensus.hankyung.com/analysis/downpdf?report_idx=640103
5193,1,케이아이엔엑스(093320) 수도권 데이터센터 수요 급증⇒계약률 상승으로 레벨업,이상헌,iM증권,2025-04-07,2026-05-04 22:48:11.228582+00:00,https://consensus.hankyung.com/analysis/downpdf?report_idx=640101
5194,1,이노스페이스(462350) 초소형 위성 발사 수요 급증⇒시장 진입으로 성장성 가속화,이상헌,iM증권,2025-04-07,2026-05-04 22:48:11.228582+00:00,https://consensus.hankyung.com/analysis/downpdf?report_idx=640097
5195,1,넷마블(251270) 신작 흥행도 중요하지만,정의훈,유진투자증권,2025-04-07,2026-05-04 22:48:11.228582+00:00,https://consensus.hankyung.com/analysis/downpdf?report_idx=640087
5196,1,HL만도(204320) 1Q25 Preview: 고객사 & 지역 리스크,이재일,유진투자증권,2025-04-07,2026-05-04 22:48:11.228582+00:00,https://consensus.hankyung.com/analysis/downpdf?report_idx=640086
5197,1,"현대모비스(012330) 1Q25Preview: AS는 분발, 아쉬운 모 듈",이재일,유진투자증권,2025-04-07,2026-05-04 22:48:11.228582+00:00,https://consensus.hankyung.com/analysis/downpdf?report_idx=640085
5198,1,신세계(004170) 1Q25 Preview: 기대치는 낮아졌다,이해니,유진투자증권,2025-04-07,2026-05-04 22:48:11.228582+00:00,https://consensus.hankyung.com/analysis/downpdf?report_idx=640084
5199,1,에스티팜(237690) 강화되는 펀더멘탈,권해순,유진투자증권,2025-04-04,2026-05-04 22:48:11.228582+00:00,https://consensus.hankyung.com/analysis/downpdf?report_idx=640081
5200,1,동원F&B(049770) 밸류체인 전반에 대한 재평가 구간,-,한화투자증권,2025-04-04,2026-05-04 22:48:11.228582+00:00,https://consensus.hankyung.com/analysis/downpdf?report_idx=640070
5201,1,GS건설(006360) 업황을 이기는 전략이 필요,송유림,한화투자증권,2025-04-04,2026-05-04 22:48:11.228582+00:00,https://consensus.hankyung.com/analysis/downpdf?report_idx=640068
5202,1,아나패스(123860) 내실을 다지는 한해,양승수,메리츠증권,2025-04-04,2026-05-04 22:48:11.228582+00:00,https://consensus.hankyung.com/analysis/downpdf?report_idx=640062
5203,1,GS건설(006360) 1Q25 Preview: 본격적인 회복은 아직,문경원,메리츠증권,2025-04-04,2026-05-04 22:48:11.228582+00:00,https://consensus.hankyung.com/analysis/downpdf?report_idx=640059
5204,1,"삼성바이오로직스(207940) 1Q25 Pre: 고환율 지속, 호실적 기대",이선경,SK증권,2025-04-04,2026-05-04 22:48:11.228582+00:00,https://consensus.hankyung.com/analysis/downpdf?report_idx=640057
5205,1,"대웅제약(069620) 1Q25 Pre: 수익성 개선 지속, 컨센 부합 전망",이선경,SK증권,2025-04-04,2026-05-04 22:48:11.228582+00:00,https://consensus.hankyung.com/analysis/downpdf?report_idx=640055
5206,1,LS에코에너지(229640) 기존사업 실적흐름 호조. 신사업 잠재력 유효,성종화,LS증권,2025-04-04,2026-05-04 22:48:11.228582+00:00,https://consensus.hankyung.com/analysis/downpdf?report_idx=640053
5207,1,인탑스(049070) 자산가치가 높다,정홍식,LS증권,2025-04-04,2026-05-04 22:48:11.228582+00:00,https://consensus.hankyung.com/analysis/downpdf?report_idx=640051
5208,1,SOOP(067160) 글로벌 사업의 실적 기여를 기다리며,이효진,메리츠증권,2025-04-03,2026-05-04 22:48:11.228582+00:00,https://consensus.hankyung.com/analysis/downpdf?report_idx=640015
5209,1,한국항공우주(047810) 분기 거듭할수록 모멘텀 강해질 것,배성조,한화투자증권,2025-04-03,2026-05-04 22:48:11.228582+00:00,https://consensus.hankyung.com/analysis/downpdf?report_idx=640014
5210,1,삼성전자(005930) 실적 저점 통과 국면,"한동희,박제민",SK증권,2025-04-03,2026-05-04 22:48:11.228582+00:00,https://consensus.hankyung.com/analysis/downpdf?report_idx=640004
5211,1,"삼성SDI(006400) 1분기 Preview, 좋지 않다",정경희,LS증권,2025-04-03,2026-05-04 22:48:11.228582+00:00,https://consensus.hankyung.com/analysis/downpdf?report_idx=640002
5212,1,바텍(043150) 신제품 효과로 하반기 회복 기대감,정홍식,LS증권,2025-04-03,2026-05-04 22:48:11.228582+00:00,https://consensus.hankyung.com/analysis/downpdf?report_idx=640001
5213,1,레이언스(228850) 시가총액보다 순현금이 더 많다,정홍식,LS증권,2025-04-03,2026-05-04 22:48:11.228582+00:00,https://consensus.hankyung.com/analysis/downpdf?report_idx=640000
5214,1,삼성전자(005930) 여전히구간매매전략이유효,송명섭,iM증권,2025-04-03,2026-05-04 22:48:11.228582+00:00,https://consensus.hankyung.com/analysis/downpdf?report_idx=639998
5215,1,SK하이닉스(000660) 경기및AI 투자둔화우려,송명섭,iM증권,2025-04-03,2026-05-04 22:48:11.228582+00:00,https://consensus.hankyung.com/analysis/downpdf?report_idx=639996
5216,1,현대차(005380) 현대차그룹 3월 판매: 수요 부진 속 미국은 관세부과 전 특수,"윤혁진,박준형",SK증권,2025-04-02,2026-05-04 22:48:11.228582+00:00,https://consensus.hankyung.com/analysis/downpdf?report_idx=639985
5217,1,산일전기(062040) 보편관세 불확실성 해소 후 매수타이밍 모색 필요,성종화,LS증권,2025-04-02,2026-05-04 22:48:11.228582+00:00,https://consensus.hankyung.com/analysis/downpdf?report_idx=639982
5218,1,현대백화점(069960) 면세 동대문점 운영 종료 Comment,오린아,LS증권,2025-04-02,2026-05-04 22:48:11.228582+00:00,https://consensus.hankyung.com/analysis/downpdf?report_idx=639981
5219,1,에스오에스랩(464080) 글로벌 LiDAR 시장 재편 속 수혜,고의영,iM증권,2025-04-02,2026-05-04 22:48:11.228582+00:00,https://consensus.hankyung.com/analysis/downpdf?report_idx=639978
5220,1,아모텍(052710) 중국 최대 전기차향 MLCC 공급 순항중,고의영,iM증권,2025-04-02,2026-05-04 22:48:11.228582+00:00,https://consensus.hankyung.com/analysis/downpdf?report_idx=639977
5221,1,삼성전기(009150) 자율주행 시대의 주인공,고의영,iM증권,2025-04-02,2026-05-04 22:48:11.228582+00:00,https://consensus.hankyung.com/analysis/downpdf?report_idx=639976
5222,1,삼성SDI(006400) 유럽 EV 수요 반등에도 1Q25 실적 부진 예상,정원석,iM증권,2025-04-02,2026-05-04 22:48:11.228582+00:00,https://consensus.hankyung.com/analysis/downpdf?report_idx=639975
5223,1,엘앤에프(066970) 하반기 주력 고객사 로보택시 상용화 모멘텀,정원석,iM증권,2025-04-02,2026-05-04 22:48:11.228582+00:00,https://consensus.hankyung.com/analysis/downpdf?report_idx=639974
5224,1,에코프로비엠(247540) 여전히 높은 밸류에이션 부담,정원석,iM증권,2025-04-02,2026-05-04 22:48:11.228582+00:00,https://consensus.hankyung.com/analysis/downpdf?report_idx=639973
5225,1,LG에너지솔루션(373220) 탄탄한 고객 포트폴리오 기반 성장세 전망,정원석,iM증권,2025-04-02,2026-05-04 22:48:11.228582+00:00,https://consensus.hankyung.com/analysis/downpdf?report_idx=639972
5226,1,"현대모비스(012330) 현대차, GM과의 관계 강화를 기다리며…",조희승,iM증권,2025-04-02,2026-05-04 22:48:11.228582+00:00,https://consensus.hankyung.com/analysis/downpdf?report_idx=639971
5227,1,현대오토에버(307950) SW 계열사로서의 역할 확대를 기다리며…,조희승,iM증권,2025-04-02,2026-05-04 22:48:11.228582+00:00,https://consensus.hankyung.com/analysis/downpdf?report_idx=639970
5228,1,"기아(000270) 로봇, 자율주행의 스포트라이트를 기다리며…",조희승,iM증권,2025-04-02,2026-05-04 22:48:11.228582+00:00,https://consensus.hankyung.com/analysis/downpdf?report_idx=639969
5229,1,"현대차(005380) 로봇, 자율주행의 스포트라이트를 기다리며…",조희승,iM증권,2025-04-02,2026-05-04 22:48:11.228582+00:00,https://consensus.hankyung.com/analysis/downpdf?report_idx=639968
5230,1,큐렉소(060280) 실적 회복 과정,박찬솔,SK증권,2025-04-01,2026-05-04 22:48:11.228582+00:00,https://consensus.hankyung.com/analysis/downpdf?report_idx=639966
5231,1,현대백화점(069960) 영 앤 트랜디 에코붐,박찬솔,SK증권,2025-04-01,2026-05-04 22:48:11.228582+00:00,https://consensus.hankyung.com/analysis/downpdf?report_idx=639965
5232,1,한화(000880) 지분증여로 승계 관련 주가 불확실성 해소,최관순,SK증권,2025-04-01,2026-05-04 22:48:11.228582+00:00,https://consensus.hankyung.com/analysis/downpdf?report_idx=639963
5233,1,삼영전자(005680) 2025년 하이브리드 콘덴서 기대감,정홍식,LS증권,2025-04-01,2026-05-04 22:48:11.228582+00:00,https://consensus.hankyung.com/analysis/downpdf?report_idx=639961
5234,1,효성중공업(298040) 1Q25 호조 & 올해도 호실적 지속 전망,성종화,LS증권,2025-04-01,2026-05-04 22:48:11.228582+00:00,https://consensus.hankyung.com/analysis/downpdf?report_idx=639959
5235,1,한국전력(015760) 전력직접구매 제도 이슈 관련,성종화,LS증권,2025-04-01,2026-05-04 22:48:11.228582+00:00,https://consensus.hankyung.com/analysis/downpdf?report_idx=639958
5236,1,하이트진로(000080) 1Q25 Preview: 선별적 접근이 필요할 떄,이경신,iM증권,2025-04-01,2026-05-04 22:48:11.228582+00:00,https://consensus.hankyung.com/analysis/downpdf?report_idx=639956
5237,1,대상(001680) 1Q25 Preview: 선별적 접근이 필요할 떄,이경신,iM증권,2025-04-01,2026-05-04 22:48:11.228582+00:00,https://consensus.hankyung.com/analysis/downpdf?report_idx=639955
5238,1,농심(004370) 1Q25 Preview: 선별적 접근이 필요할 떄,이경신,iM증권,2025-04-01,2026-05-04 22:48:11.228582+00:00,https://consensus.hankyung.com/analysis/downpdf?report_idx=639954
5239,1,빙그레(005180) 1Q25 Preview: 선별적 접근이 필요할 떄,이경신,iM증권,2025-04-01,2026-05-04 22:48:11.228582+00:00,https://consensus.hankyung.com/analysis/downpdf?report_idx=639953
5240,1,롯데칠성(005300) 1Q25 Preview: 선별적 접근이 필요할 떄,이경신,iM증권,2025-04-01,2026-05-04 22:48:11.228582+00:00,https://consensus.hankyung.com/analysis/downpdf?report_idx=639952
5241,1,SPC삼립(005610) 1Q25 Preview: 선별적 접근이 필요할 떄,이경신,iM증권,2025-04-01,2026-05-04 22:48:11.228582+00:00,https://consensus.hankyung.com/analysis/downpdf?report_idx=639951
5242,1,오뚜기(007310) 1Q25 Preview: 선별적 접근이 필요할 떄,이경신,iM증권,2025-04-01,2026-05-04 22:48:11.228582+00:00,https://consensus.hankyung.com/analysis/downpdf?report_idx=639950
5243,1,크래프톤(259960) 1분기 호실적에도 다소 아쉬운 inZOI 초반 성과,김소혜,한화투자증권,2025-04-01,2026-05-04 22:48:11.228582+00:00,https://consensus.hankyung.com/analysis/downpdf?report_idx=639942
5244,1,SPC삼립(005610) 제가 알던 SPC삼립 맞나요?,한유정,한화투자증권,2025-04-01,2026-05-04 22:48:11.228582+00:00,https://consensus.hankyung.com/analysis/downpdf?report_idx=639940
5245,1,신세계푸드(031440) 1Q25 F&B Preview: 선별적 접근이 필요할 때,이경신,iM증권,2025-04-01,2026-05-04 22:48:11.228582+00:00,https://consensus.hankyung.com/analysis/downpdf?report_idx=639939
5246,1,동원F&B(049770) 1Q25 F&B Preview: 선별적 접근이 필요할 때,이경신,iM증권,2025-04-01,2026-05-04 22:48:11.228582+00:00,https://consensus.hankyung.com/analysis/downpdf?report_idx=639938
5247,1,CJ프레시웨이(051500) 1Q25 F&B Preview: 선별적 접근이 필요할 때,이경신,iM증권,2025-04-01,2026-05-04 22:48:11.228582+00:00,https://consensus.hankyung.com/analysis/downpdf?report_idx=639937
5248,1,CJ제일제당(097950) 1Q25 F&B Preview: 선별적 접근이 필요할 때,이경신,iM증권,2025-04-01,2026-05-04 22:48:11.228582+00:00,https://consensus.hankyung.com/analysis/downpdf?report_idx=639936
5249,1,오리온(271560) 1Q25 F&B Preview: 선별적 접근이 필요할 때,이경신,iM증권,2025-04-01,2026-05-04 22:48:11.228582+00:00,https://consensus.hankyung.com/analysis/downpdf?report_idx=639935
5250,1,대한항공(003490) Deep Value 구간,배세호,iM증권,2025-04-01,2026-05-04 22:48:11.228582+00:00,https://consensus.hankyung.com/analysis/downpdf?report_idx=639934
5251,1,에이치이엠파마(376270) 없어서 못 파는 슬픔,오병용,한양증권,2025-03-31,2026-05-04 22:48:11.228582+00:00,https://consensus.hankyung.com/analysis/downpdf?report_idx=639932
5252,1,칩스앤미디어(094360) 20년 이상 업력의 비디오 IP 기술 선도 기업,"백종석,김혜빈",한국IR협의회,2025-03-31,2026-05-04 22:48:11.228582+00:00,https://consensus.hankyung.com/analysis/downpdf?report_idx=639931
5253,1,"고려아연(010130) 고려아연, 정기주총서 경영권 방어 성공",엄수진,한화투자증권,2025-03-31,2026-05-04 22:48:11.228582+00:00,https://consensus.hankyung.com/analysis/downpdf?report_idx=639928
5254,1,"현대건설(000720) [CEO Investor Day] 이미 시작된 변화, 이젠 보여줄 차례",송유림,한화투자증권,2025-03-31,2026-05-04 22:48:11.228582+00:00,https://consensus.hankyung.com/analysis/downpdf?report_idx=639927
5255,1,현대백화점(069960) 1Q25 Preview: 시장기대치 상회 전망,이승은,유안타증권,2025-03-31,2026-05-04 22:48:11.228582+00:00,https://consensus.hankyung.com/analysis/downpdf?report_idx=639920
5256,1,퓨런티어(370090) 회복은 느리나 방향성은 유지,양승수,메리츠증권,2025-03-31,2026-05-04 22:48:11.228582+00:00,https://consensus.hankyung.com/analysis/downpdf?report_idx=639915
5257,1,"현대건설(000720) CID 후기: 원전, SMR을 113번 언급",문경원,메리츠증권,2025-03-31,2026-05-04 22:48:11.228582+00:00,https://consensus.hankyung.com/analysis/downpdf?report_idx=639903
5258,1,S-Oil(010950) 내년부터 Capex가 급감한다,이동욱,IBK투자증권,2025-03-31,2026-05-04 22:48:11.228582+00:00,https://consensus.hankyung.com/analysis/downpdf?report_idx=639892
5259,1,한국가스공사(036460) 글로벌 LNG 개발 및 물량 퍼스트 콜 수혜,"이상헌,장호",iM증권,2025-03-31,2026-05-04 22:48:11.228582+00:00,https://consensus.hankyung.com/analysis/downpdf?report_idx=639890
5260,1,현대로템(064350) 연속성이 수반된 수주증가로 밸류 레벨업,이상헌,iM증권,2025-03-31,2026-05-04 22:48:11.228582+00:00,https://consensus.hankyung.com/analysis/downpdf?report_idx=639889
5261,1,"현대건설(000720) CEO Investor Day: 원전은 긍정, 모호한 이익 레벨 제시는 아쉬운 점",배세호,iM증권,2025-03-31,2026-05-04 22:48:11.228582+00:00,https://consensus.hankyung.com/analysis/downpdf?report_idx=639887
5262,1,HD현대일렉트릭(267260) 1Q25 Good Start. 올해도 호실적 지속 전망,성종화,LS증권,2025-03-31,2026-05-04 22:48:11.228582+00:00,https://consensus.hankyung.com/analysis/downpdf?report_idx=639886
5263,1,하나머티리얼즈(166090) 1Q25 Preview: 다시 시작되는 감산,차용호,LS증권,2025-03-31,2026-05-04 22:48:11.228582+00:00,https://consensus.hankyung.com/analysis/downpdf?report_idx=639885
5264,1,현대건설(000720) CEO Investor Day 후기: 채색을 기다리는 성장,김세련,LS증권,2025-03-31,2026-05-04 22:48:11.228582+00:00,https://consensus.hankyung.com/analysis/downpdf?report_idx=639883
5265,1,비씨엔씨(146320) 1Q25 Preview: 쉬어가는 중,임소정,유진투자증권,2025-03-31,2026-05-04 22:48:11.228582+00:00,https://consensus.hankyung.com/analysis/downpdf?report_idx=639881
5266,1,크리스에프앤씨(110790) 4Q24 Review: 신규 브랜드 런칭 구간,이해니,유진투자증권,2025-03-31,2026-05-04 22:48:11.228582+00:00,https://consensus.hankyung.com/analysis/downpdf?report_idx=639879
5267,1,티엘비(356860) 전방 공급 제한 속 지속되는 고부가 수주,양승수,메리츠증권,2025-03-28,2026-05-04 22:48:11.228582+00:00,https://consensus.hankyung.com/analysis/downpdf?report_idx=639876
5268,1,현대차(005380) [1Q25 Preview] 정면 돌파,김성래,한화투자증권,2025-03-27,2026-05-04 22:48:11.228582+00:00,https://consensus.hankyung.com/analysis/downpdf?report_idx=639858
5269,1,펌텍코리아(251970) 만약 시장이 변하는 거라면요?,한유정,한화투자증권,2025-03-27,2026-05-04 22:48:11.228582+00:00,https://consensus.hankyung.com/analysis/downpdf?report_idx=639857
5270,1,기아(000270) [1Q25 Preview] 신차 효과로 펀더멘털 개선,김성래,한화투자증권,2025-03-27,2026-05-04 22:48:11.228582+00:00,https://consensus.hankyung.com/analysis/downpdf?report_idx=639854
5271,1,KCC글라스(344820) 반전을 노려보는 2025년,김세련,LS증권,2025-03-27,2026-05-04 22:48:11.228582+00:00,https://consensus.hankyung.com/analysis/downpdf?report_idx=639853
5272,1,동국생명과학(303810) 조영제 사업의 안정적인 성장성,정홍식,LS증권,2025-03-27,2026-05-04 22:48:11.228582+00:00,https://consensus.hankyung.com/analysis/downpdf?report_idx=639852
5273,1,현대제철(004020) 저울질에는 “숫자”가 필요,이유진,유진투자증권,2025-03-26,2026-05-04 22:48:11.228582+00:00,https://consensus.hankyung.com/analysis/downpdf?report_idx=639849
5274,1,인텔리안테크(189300) 지상 안테나 매출의 성장,정의훈,유진투자증권,2025-03-26,2026-05-04 22:48:11.228582+00:00,https://consensus.hankyung.com/analysis/downpdf?report_idx=639848
5275,1,"에이피알(278470) 만약 온라인이, 화장품이 시작일 뿐이라면요?",한유정,한화투자증권,2025-03-26,2026-05-04 22:48:11.228582+00:00,https://consensus.hankyung.com/analysis/downpdf?report_idx=639842
5276,1,"현대제철(004020) 美 전기로 투자 공식화, 단기 부담 vs 중장기 성장 기대",장재혁,메리츠증권,2025-03-26,2026-05-04 22:48:11.228582+00:00,https://consensus.hankyung.com/analysis/downpdf?report_idx=639839
5277,1,"쓰리빌리언(394800) 명확한 난제, 명확한 해결책",신지훈,LS증권,2025-03-26,2026-05-04 22:48:11.228582+00:00,https://consensus.hankyung.com/analysis/downpdf?report_idx=639833
5278,1,디어유(376300) 호재 가득한 한 해,황지원,iM증권,2025-03-26,2026-05-04 22:48:11.228582+00:00,https://consensus.hankyung.com/analysis/downpdf?report_idx=639832
5279,1,JYP Ent.(035900) 대규모 투어 실적 확인 전 숨 고르기,황지원,iM증권,2025-03-26,2026-05-04 22:48:11.228582+00:00,https://consensus.hankyung.com/analysis/downpdf?report_idx=639831
5280,1,와이지엔터테인먼트(122870) 아티스트 파이프라인 풀가동,황지원,iM증권,2025-03-26,2026-05-04 22:48:11.228582+00:00,https://consensus.hankyung.com/analysis/downpdf?report_idx=639830
5281,1,"에스엠(041510) 준비기간 끝, 본격 성장 구간 진입",황지원,iM증권,2025-03-26,2026-05-04 22:48:11.228582+00:00,https://consensus.hankyung.com/analysis/downpdf?report_idx=639829
5282,1,하이브(352820) 다시 켜지는 성장 드라이브,황지원,iM증권,2025-03-26,2026-05-04 22:48:11.228582+00:00,https://consensus.hankyung.com/analysis/downpdf?report_idx=639826
5283,1,"컴투스(078340) KBO도 개막, 일본 야구도 출시 임박",김소혜,한화투자증권,2025-03-25,2026-05-04 22:48:11.228582+00:00,https://consensus.hankyung.com/analysis/downpdf?report_idx=639823
5284,1,삼성전기(009150) 중국 자율주행향 순풍 기대,양승수,메리츠증권,2025-03-25,2026-05-04 22:48:11.228582+00:00,https://consensus.hankyung.com/analysis/downpdf?report_idx=639813
5285,1,환인제약(016580) 매년 외형이 확대되는 정신계 의약품,정홍식,LS증권,2025-03-25,2026-05-04 22:48:11.228582+00:00,https://consensus.hankyung.com/analysis/downpdf?report_idx=639807
5286,1,SPC삼립(005610) 전일 주가 급등 관련 Comment,박성호,LS증권,2025-03-25,2026-05-04 22:48:11.228582+00:00,https://consensus.hankyung.com/analysis/downpdf?report_idx=639805
5287,1,유일로보틱스(388720) 휴머노이드를 선언한 기업,박찬솔,SK증권,2025-03-25,2026-05-04 22:48:11.228582+00:00,https://consensus.hankyung.com/analysis/downpdf?report_idx=639803
5288,1,현대차(005380) 현대차그룹 미국에 210억불 투자 결정: 투자 확대로 관세 비용 줄이기,"윤혁진,박준형",SK증권,2025-03-25,2026-05-04 22:48:11.228582+00:00,https://consensus.hankyung.com/analysis/downpdf?report_idx=639802
5289,1,한화엔진(082740) 공격적인 수주와 캐파 확장,한승한,SK증권,2025-03-25,2026-05-04 22:48:11.228582+00:00,https://consensus.hankyung.com/analysis/downpdf?report_idx=639801
5290,1,HD현대마린엔진(071970) HD현대의 두번째 심장,한승한,SK증권,2025-03-25,2026-05-04 22:48:11.228582+00:00,https://consensus.hankyung.com/analysis/downpdf?report_idx=639800
5291,1,롯데렌탈(089860) 1Q25부터 YoY 10%대 이익 성장 시작,"윤혁진,박준형",SK증권,2025-03-25,2026-05-04 22:48:11.228582+00:00,https://consensus.hankyung.com/analysis/downpdf?report_idx=639798
5292,1,HD현대마린솔루션(443060) 삼신기,한승한,SK증권,2025-03-25,2026-05-04 22:48:11.228582+00:00,https://consensus.hankyung.com/analysis/downpdf?report_idx=639797
5293,1,"현대로템(064350) 실적, 수주, 리레이팅의 3박자",배성조,한화투자증권,2025-03-24,2026-05-04 22:48:11.228582+00:00,https://consensus.hankyung.com/analysis/downpdf?report_idx=639792
5294,1,휠라홀딩스(081660) 4Q24 Review : 기대가 현실이 될 25년,이진협,한화투자증권,2025-03-24,2026-05-04 22:48:11.228582+00:00,https://consensus.hankyung.com/analysis/downpdf?report_idx=639791
5295,1,한화비전(489790) 세미텍 가치를 적극 반영할 시기,김광진,한화투자증권,2025-03-24,2026-05-04 22:48:11.228582+00:00,https://consensus.hankyung.com/analysis/downpdf?report_idx=639790
5296,1,"시프트업(462870) 성공적일 2Q, 그리고 그 후",이효진,메리츠증권,2025-03-24,2026-05-04 22:48:11.228582+00:00,https://consensus.hankyung.com/analysis/downpdf?report_idx=639770
5297,1,휠라홀딩스(081660) 다양한 브랜드 포트폴리오 사업 의미 담은 사명 변경,유정현,대신증권,2025-03-24,2026-05-04 22:48:11.228582+00:00,https://consensus.hankyung.com/analysis/downpdf?report_idx=639769
5298,1,와이지엔터테인먼트(122870) 여전히 저평가된 엔터사,임수진,대신증권,2025-03-24,2026-05-04 22:48:11.228582+00:00,https://consensus.hankyung.com/analysis/downpdf?report_idx=639768
5299,1,휠라홀딩스(081660) Turning Point,형권훈,SK증권,2025-03-24,2026-05-04 22:48:11.228582+00:00,https://consensus.hankyung.com/analysis/downpdf?report_idx=639761
5300,1,"AP위성(211270) 달, 6G, 천리안 등 수주증가 레벨업 본격화",이상헌,iM증권,2025-03-24,2026-05-04 22:48:11.228582+00:00,https://consensus.hankyung.com/analysis/downpdf?report_idx=639756
5301,1,"한화에어로스페이스(012450) 3.6조원 유상증자, 아프지만 가야할 길",최정환,LS증권,2025-03-24,2026-05-04 22:48:11.228582+00:00,https://consensus.hankyung.com/analysis/downpdf?report_idx=639755
5302,1,한올바이오파마(009420) 확인한 것과 확인하지 못한 것,신지훈,LS증권,2025-03-24,2026-05-04 22:48:11.228582+00:00,https://consensus.hankyung.com/analysis/downpdf?report_idx=639754
5303,1,휠라홀딩스(081660) 4Q24 Review: Misto holdings begins,이해니,유진투자증권,2025-03-24,2026-05-04 22:48:11.228582+00:00,https://consensus.hankyung.com/analysis/downpdf?report_idx=639748
5304,1,KX(122450) 탐방 리포트: 개화(開花)의 시기 도래,박종선,유진투자증권,2025-03-24,2026-05-04 22:48:11.228582+00:00,https://consensus.hankyung.com/analysis/downpdf?report_idx=639746
5305,1,"사피엔반도체(452430) NDR Review: 깨어나는 가능성, 드러나는 잠재력",양승수,메리츠증권,2025-03-21,2026-05-04 22:48:11.228582+00:00,https://consensus.hankyung.com/analysis/downpdf?report_idx=639739
5306,1,에이직랜드(445090) 단골 만드는 중,정우성,LS증권,2025-03-21,2026-05-04 22:48:11.228582+00:00,https://consensus.hankyung.com/analysis/downpdf?report_idx=639728
5307,1,"한화에어로스페이스(012450) 한화에어로스페이스 3.6조원 유상증자: 기존 주주에게는 외통수, 신규 주주에...",변용진,iM증권,2025-03-21,2026-05-04 22:48:11.228582+00:00,https://consensus.hankyung.com/analysis/downpdf?report_idx=639727
5308,1,한국토지신탁(034830) 저점은 이미 벗어났다,송유림,한화투자증권,2025-03-20,2026-05-04 22:48:11.228582+00:00,https://consensus.hankyung.com/analysis/downpdf?report_idx=639696
5309,1,케이피에스(256940) 5년만에 완성된 성장의 큰 그림,허선재,SK증권,2025-03-20,2026-05-04 22:48:11.228582+00:00,https://consensus.hankyung.com/analysis/downpdf?report_idx=639691
5310,1,CJ(001040) 비상장사 CJ올리브영이라면…,최관순,SK증권,2025-03-20,2026-05-04 22:48:11.228582+00:00,https://consensus.hankyung.com/analysis/downpdf?report_idx=639688
5311,1,엠앤씨솔루션(484870) 국내 방위산업과 함께 성장하는 기업,최정환,LS증권,2025-03-20,2026-05-04 22:48:11.228582+00:00,https://consensus.hankyung.com/analysis/downpdf?report_idx=639686
5312,1,SK하이닉스(000660) 1Q25 Preview: 견조한 HBM 실적 전망,차용호,LS증권,2025-03-20,2026-05-04 22:48:11.228582+00:00,https://consensus.hankyung.com/analysis/downpdf?report_idx=639684
5313,1,삼성전자(005930) 1Q25 Preview: 기대감 형성의 구간,차용호,LS증권,2025-03-20,2026-05-04 22:48:11.228582+00:00,https://consensus.hankyung.com/analysis/downpdf?report_idx=639683
5314,1,오리온(271560) 2월 잠정 실적 Comment,김진우,유진투자증권,2025-03-19,2026-05-04 22:48:11.228582+00:00,https://consensus.hankyung.com/analysis/downpdf?report_idx=639680
5315,1,쏠리드(050890) 탐방노트,이찬영,유진투자증권,2025-03-19,2026-05-04 22:48:11.228582+00:00,https://consensus.hankyung.com/analysis/downpdf?report_idx=639679
5316,1,"현대위아(011210) 기계사업부, 3,400억원에 매각 결정",김귀연,대신증권,2025-03-19,2026-05-04 22:48:11.228582+00:00,https://consensus.hankyung.com/analysis/downpdf?report_idx=639677
5317,1,오리온(271560) 명절 효과 부재에도 양호한 실적,정한솔,대신증권,2025-03-19,2026-05-04 22:48:11.228582+00:00,https://consensus.hankyung.com/analysis/downpdf?report_idx=639674
5318,1,"에스엘(005850) 쇼크는 과거고, 에스엘은 미래다",김귀연,대신증권,2025-03-19,2026-05-04 22:48:11.228582+00:00,https://consensus.hankyung.com/analysis/downpdf?report_idx=639673
5319,1,명신산업(009900) 예상되는 저점을 통과한다면,김귀연,대신증권,2025-03-19,2026-05-04 22:48:11.228582+00:00,https://consensus.hankyung.com/analysis/downpdf?report_idx=639672
5320,1,오리온(271560) 이렇게 좋아도 되나?,한유정,한화투자증권,2025-03-19,2026-05-04 22:48:11.228582+00:00,https://consensus.hankyung.com/analysis/downpdf?report_idx=639670
5321,1,SK(034730) 리밸런싱 효과 기대,최관순,SK증권,2025-03-19,2026-05-04 22:48:11.228582+00:00,https://consensus.hankyung.com/analysis/downpdf?report_idx=639659
5322,1,에코아이(448280) 전략적 비중 확대 시점,나승두,SK증권,2025-03-19,2026-05-04 22:48:11.228582+00:00,https://consensus.hankyung.com/analysis/downpdf?report_idx=639658
5323,1,한세실업(105630) 하반기에 반전을 모색,형권훈,SK증권,2025-03-19,2026-05-04 22:48:11.228582+00:00,https://consensus.hankyung.com/analysis/downpdf?report_idx=639657
5324,1,화승엔터프라이즈(241590) 한 번쯤은 걸어볼 만한 자리,형권훈,SK증권,2025-03-19,2026-05-04 22:48:11.228582+00:00,https://consensus.hankyung.com/analysis/downpdf?report_idx=639656
5325,1,GS건설(006360) 머지않은 밸류에이션 키맞추기,김세련,LS증권,2025-03-19,2026-05-04 22:48:11.228582+00:00,https://consensus.hankyung.com/analysis/downpdf?report_idx=639653
5326,1,정상제이엘에스(040420) 배당 메리트 높은 교육기업,정홍식,LS증권,2025-03-19,2026-05-04 22:48:11.228582+00:00,https://consensus.hankyung.com/analysis/downpdf?report_idx=639652
5327,1,"LS ELECTRIC(010120) 빅테크향 배전반 수주, 배전 호황 전환의 서막!",성종화,LS증권,2025-03-19,2026-05-04 22:48:11.228582+00:00,https://consensus.hankyung.com/analysis/downpdf?report_idx=639650
5328,1,오리온(271560) 의심할 여지가 없는 성장구간,이경신,iM증권,2025-03-19,2026-05-04 22:48:11.228582+00:00,https://consensus.hankyung.com/analysis/downpdf?report_idx=639648
5329,1,엠앤씨솔루션(484870) 글로벌 방산 성장 스토리의 동반자,배성조,한화투자증권,2025-03-18,2026-05-04 22:48:11.228582+00:00,https://consensus.hankyung.com/analysis/downpdf?report_idx=639644
5330,1,JYP Ent.(035900) JYP스러움이 필요한 때,박수영,한화투자증권,2025-03-18,2026-05-04 22:48:11.228582+00:00,https://consensus.hankyung.com/analysis/downpdf?report_idx=639641
5331,1,"선익시스템(171090) 베일을 벗은 진실, 높아지는 가치",양승수,메리츠증권,2025-03-18,2026-05-04 22:48:11.228582+00:00,https://consensus.hankyung.com/analysis/downpdf?report_idx=639635
5332,1,카카오(035720) 하반기 느좋,남효지,SK증권,2025-03-18,2026-05-04 22:48:11.228582+00:00,https://consensus.hankyung.com/analysis/downpdf?report_idx=639629
5333,1,브이엠(089970) 국산 식각 장비의 자존심,이동주,SK증권,2025-03-18,2026-05-04 22:48:11.228582+00:00,https://consensus.hankyung.com/analysis/downpdf?report_idx=639627
5334,1,NAVER(035420) 커머스 느좋,남효지,SK증권,2025-03-18,2026-05-04 22:48:11.228582+00:00,https://consensus.hankyung.com/analysis/downpdf?report_idx=639626
5335,1,슈어소프트테크(298830) 자동차 & 방위 산업 고도화에 투자하려면,정우성,LS증권,2025-03-18,2026-05-04 22:48:11.228582+00:00,https://consensus.hankyung.com/analysis/downpdf?report_idx=639623
5336,1,"LG생활건강(051900) 브랜드 성장은 확인 완료, 이제는 소비 회복 기다리기",한유정,한화투자증권,2025-03-17,2026-05-04 22:48:11.228582+00:00,https://consensus.hankyung.com/analysis/downpdf?report_idx=639616
5337,1,이수페타시스(007660) 독야청청,양승수,메리츠증권,2025-03-17,2026-05-04 22:48:11.228582+00:00,https://consensus.hankyung.com/analysis/downpdf?report_idx=639601
5338,1,기아(000270) 자사주 매입 통한 배당락 변동성 축소 기대,김귀연,대신증권,2025-03-17,2026-05-04 22:48:11.228582+00:00,https://consensus.hankyung.com/analysis/downpdf?report_idx=639595
5339,1,현대오토에버(307950) 우려보다 반등에 대한 고민이 필요할 때,김귀연,대신증권,2025-03-17,2026-05-04 22:48:11.228582+00:00,https://consensus.hankyung.com/analysis/downpdf?report_idx=639594
5340,1,웹케시(053580) 4Q24 Review: 신제품 출시 효과 기대,박종선,유진투자증권,2025-03-17,2026-05-04 22:48:11.228582+00:00,https://consensus.hankyung.com/analysis/downpdf?report_idx=639586
5341,1,에이비엘바이오(298380) 4가지 성장 축,권해순,유진투자증권,2025-03-17,2026-05-04 22:48:11.228582+00:00,https://consensus.hankyung.com/analysis/downpdf?report_idx=639585
5342,1,이지바이오(353810) 펀더멘털 이상無! Easy하게 BUY요,허준서,유진투자증권,2025-03-17,2026-05-04 22:48:11.228582+00:00,https://consensus.hankyung.com/analysis/downpdf?report_idx=639584
5343,1,사피엔반도체(452430) 콥데이 後記: 하반기 2세대 AR 출시 수혜,박종선,유진투자증권,2025-03-17,2026-05-04 22:48:11.228582+00:00,https://consensus.hankyung.com/analysis/downpdf?report_idx=639583
5344,1,미래에셋증권(006800) 양호한 방향성에 축소되는 불확실성,설용진,SK증권,2025-03-17,2026-05-04 22:48:11.228582+00:00,https://consensus.hankyung.com/analysis/downpdf?report_idx=639577
5345,1,키움증권(039490) 브로커리지 그 잡채,설용진,SK증권,2025-03-17,2026-05-04 22:48:11.228582+00:00,https://consensus.hankyung.com/analysis/downpdf?report_idx=639576
5346,1,삼성SDI(006400) 2조 유증 내용 점검,정경희,LS증권,2025-03-17,2026-05-04 22:48:11.228582+00:00,https://consensus.hankyung.com/analysis/downpdf?report_idx=639569
5347,1,삼성물산(028260) SMR 사업 확대 및 지배구조 수혜,"이상헌,장호",iM증권,2025-03-17,2026-05-04 22:48:11.228582+00:00,https://consensus.hankyung.com/analysis/downpdf?report_idx=639566
5348,1,동방메디컬(240550) 미용의료 동서양 풀 커버리지,박찬솔,SK증권,2025-03-14,2026-05-04 22:48:11.228582+00:00,https://consensus.hankyung.com/analysis/downpdf?report_idx=639558
5349,1,리노공업(058470) 4Q24 Review: 업황 고민은 그만,임소정,유진투자증권,2025-03-13,2026-05-04 22:48:11.228582+00:00,https://consensus.hankyung.com/analysis/downpdf?report_idx=639551
5350,1,더블유게임즈(192080) 드러나는 성장성,정의훈,유진투자증권,2025-03-13,2026-05-04 22:48:11.228582+00:00,https://consensus.hankyung.com/analysis/downpdf?report_idx=639550
5351,1,농심(004370) 매운 쇼크 뒤에는 반등이,김진우,유진투자증권,2025-03-13,2026-05-04 22:48:11.228582+00:00,https://consensus.hankyung.com/analysis/downpdf?report_idx=639549
5352,1,폰드그룹(472850) [NDR 후기] 아무리 생각해도...,권명준,유안타증권,2025-03-13,2026-05-04 22:48:11.228582+00:00,https://consensus.hankyung.com/analysis/downpdf?report_idx=639547
5353,1,파인엠텍(441270) [NDR 후기] 작년의 부진을 만회할 카드 준비,권명준,유안타증권,2025-03-13,2026-05-04 22:48:11.228582+00:00,https://consensus.hankyung.com/analysis/downpdf?report_idx=639546
5354,1,"농심(004370) 4Q24 Re: 실적 부진은 선반영, 2025년을 기대",손현정,유안타증권,2025-03-13,2026-05-04 22:48:11.228582+00:00,https://consensus.hankyung.com/analysis/downpdf?report_idx=639543
5355,1,동양이엔피(079960) 시가총액보다 순현금이 더 많다,정홍식,LS증권,2025-03-13,2026-05-04 22:48:11.228582+00:00,https://consensus.hankyung.com/analysis/downpdf?report_idx=639532
5356,1,"에코앤드림(101360) 새만금 공장 두둥등장, 기다림의 끝",이현욱,IBK투자증권,2025-03-12,2026-05-04 22:48:11.228582+00:00,https://consensus.hankyung.com/analysis/downpdf?report_idx=639521
5357,1,롯데정밀화학(004000) 우크라이나 재건/복구 시 반사 수혜 발생 전망,이동욱,IBK투자증권,2025-03-12,2026-05-04 22:48:11.228582+00:00,https://consensus.hankyung.com/analysis/downpdf?report_idx=639519
5358,1,"인텔리안테크(189300) 유텔샛 원웹, 우려가 기회로",배성조,한화투자증권,2025-03-11,2026-05-04 22:48:11.228582+00:00,https://consensus.hankyung.com/analysis/downpdf?report_idx=639516
5359,1,NAVER(035420) [NDR 후기] 광고 견조한데 커머스 상향 가능성 높아,김소혜,한화투자증권,2025-03-11,2026-05-04 22:48:11.228582+00:00,https://consensus.hankyung.com/analysis/downpdf?report_idx=639512
5360,1,태광(023160) 4Q24 NDR 후기,배기연,메리츠증권,2025-03-11,2026-05-04 22:48:11.228582+00:00,https://consensus.hankyung.com/analysis/downpdf?report_idx=639510
5361,1,에이피알(278470) K-홈뷰티 디바이스를 전세계에 알리다,박종대,메리츠증권,2025-03-11,2026-05-04 22:48:11.228582+00:00,https://consensus.hankyung.com/analysis/downpdf?report_idx=639501
5362,1,넥슨게임즈(225570) 버티기에 돌입하는 2025년,이효진,메리츠증권,2025-03-11,2026-05-04 22:48:11.228582+00:00,https://consensus.hankyung.com/analysis/downpdf?report_idx=639497
5363,1,대한항공(003490) Taking-Off,이재혁,LS증권,2025-03-11,2026-05-04 22:48:11.228582+00:00,https://consensus.hankyung.com/analysis/downpdf?report_idx=639491
5364,1,유한양행(000100) 기술 반환보다 다가올 임상 모멘텀에 주목할 때,김준영,메리츠증권,2025-03-10,2026-05-04 22:48:11.228582+00:00,https://consensus.hankyung.com/analysis/downpdf?report_idx=639475
5365,1,에이치브이엠(295310) 하반기 증설 효과 기대,정지수,메리츠증권,2025-03-10,2026-05-04 22:48:11.228582+00:00,https://consensus.hankyung.com/analysis/downpdf?report_idx=639472
5366,1,HL홀딩스(060980) 실내외용 주차로봇 매출처 확대로 성장성 가속화,이상헌,iM증권,2025-03-10,2026-05-04 22:48:11.228582+00:00,https://consensus.hankyung.com/analysis/downpdf?report_idx=639462
5367,1,동아쏘시오홀딩스(000640) 이뮬도사 출시로 CMO 성장 및 동사 로열티 수익 본격화,이상헌,iM증권,2025-03-10,2026-05-04 22:48:11.228582+00:00,https://consensus.hankyung.com/analysis/downpdf?report_idx=639461
5368,1,한샘(009240) 자사주 소각 등 주주환원 확대 기대됨,이상헌,iM증권,2025-03-10,2026-05-04 22:48:11.228582+00:00,https://consensus.hankyung.com/analysis/downpdf?report_idx=639458
5369,1,"LG이노텍(011070) 단기 트레이딩 기회 부각, 구조적 우려는 지속",양승수,메리츠증권,2025-03-07,2026-05-04 22:48:11.228582+00:00,https://consensus.hankyung.com/analysis/downpdf?report_idx=639446
5370,1,이마트(139480) 아직 밸류에이션을 걱정할 시점이 아니다,이진협,한화투자증권,2025-03-07,2026-05-04 22:48:11.228582+00:00,https://consensus.hankyung.com/analysis/downpdf?report_idx=639442
5371,1,농심(004370) 2년 6개월 만의 가격 인상,한유정,한화투자증권,2025-03-07,2026-05-04 22:48:11.228582+00:00,https://consensus.hankyung.com/analysis/downpdf?report_idx=639440
5372,1,에이피알(278470) 아내가 긍정했던 거의 유일한 선물,박찬솔,SK증권,2025-03-07,2026-05-04 22:48:11.228582+00:00,https://consensus.hankyung.com/analysis/downpdf?report_idx=639437
5373,1,현대공업(170030) 미국 공장 본격 가동 + 고객사 다변화 = 관세장벽 극복,허선재,SK증권,2025-03-07,2026-05-04 22:48:11.228582+00:00,https://consensus.hankyung.com/analysis/downpdf?report_idx=639436
5374,1,LS마린솔루션(060370) 에너지3법 최대 수혜주,나민식,SK증권,2025-03-07,2026-05-04 22:48:11.228582+00:00,https://consensus.hankyung.com/analysis/downpdf?report_idx=639435
5375,1,LS에코에너지(229640) LS전선의 베트남 전진기지,나민식,SK증권,2025-03-07,2026-05-04 22:48:11.228582+00:00,https://consensus.hankyung.com/analysis/downpdf?report_idx=639434
5376,1,농심(004370) 신라면 가격 인상 관련 Comment,박성호,LS증권,2025-03-07,2026-05-04 22:48:11.228582+00:00,https://consensus.hankyung.com/analysis/downpdf?report_idx=639428
5377,1,NAVER(035420) 신규 쇼핑 수수료 정책의 효과는?,이효진,메리츠증권,2025-03-06,2026-05-04 22:48:11.228582+00:00,https://consensus.hankyung.com/analysis/downpdf?report_idx=639412
5378,1,코메론(049430) 모든 것을 고려해도 지나친 저평가,정홍식,LS증권,2025-03-06,2026-05-04 22:48:11.228582+00:00,https://consensus.hankyung.com/analysis/downpdf?report_idx=639410
5379,1,한올바이오파마(009420) 임상 결과를 앞두고 투자포인트 점검,장민환,iM증권,2025-03-06,2026-05-04 22:48:11.228582+00:00,https://consensus.hankyung.com/analysis/downpdf?report_idx=639407
5380,1,티이엠씨(425040) 올해도 녹록치 않을 업황,김광진,한화투자증권,2025-03-05,2026-05-04 22:48:11.228582+00:00,https://consensus.hankyung.com/analysis/downpdf?report_idx=639401
5381,1,한국전력(015760) 현실적 투자 여론: 배당 확대 위해선 결국 추가 요금 인상 필요,성종화,LS증권,2025-03-05,2026-05-04 22:48:11.228582+00:00,https://consensus.hankyung.com/analysis/downpdf?report_idx=639383
5382,1,해성디에스(195870) DDR5 용 Pkg. Substrate 성공 여부가 관건,"송명섭,손우성",iM증권,2025-03-05,2026-05-04 22:48:11.228582+00:00,https://consensus.hankyung.com/analysis/downpdf?report_idx=639377
5383,1,코스맥스(192820) 코스맥스가 화장품 섹터를 살렸다,이승은,유안타증권,2025-03-04,2026-05-04 22:48:11.228582+00:00,https://consensus.hankyung.com/analysis/downpdf?report_idx=639373
5384,1,에이피알(278470) 글로벌 K-Beauty 선두주자로 도약,이승은,유안타증권,2025-03-04,2026-05-04 22:48:11.228582+00:00,https://consensus.hankyung.com/analysis/downpdf?report_idx=639371
5385,1,보로노이(310210) 보여줄 것이 많은 25년,하현수,유안타증권,2025-03-04,2026-05-04 22:48:11.228582+00:00,https://consensus.hankyung.com/analysis/downpdf?report_idx=639370
5386,1,에이럭스(475580) 드론 고성장을 어떻게 표현할 방법이 없네,박찬솔,SK증권,2025-03-04,2026-05-04 22:48:11.228582+00:00,https://consensus.hankyung.com/analysis/downpdf?report_idx=639358
5387,1,쏘카(403550) 더 이상 모른척할 수 없는 자율주행 기회,박찬솔,SK증권,2025-03-04,2026-05-04 22:48:11.228582+00:00,https://consensus.hankyung.com/analysis/downpdf?report_idx=639357
5388,1,SK하이닉스(000660) 당분간18~24만원의구간대에서움직일듯,송명섭,iM증권,2025-03-04,2026-05-04 22:48:11.228582+00:00,https://consensus.hankyung.com/analysis/downpdf?report_idx=639349
5389,1,삼성전자(005930) 주식수급과Valuation Merit는좋으나본원경쟁력회복은아직,송명섭,iM증권,2025-03-04,2026-05-04 22:48:11.228582+00:00,https://consensus.hankyung.com/analysis/downpdf?report_idx=639347
5390,1,세아제강(306200) 올해 전망 맑음,이유진,유진투자증권,2025-02-28,2026-05-04 22:48:11.228582+00:00,https://consensus.hankyung.com/analysis/downpdf?report_idx=639341
5391,1,와이지엔터테인먼트(122870) 예상보다 빠른 저연차의 수익화,김민영,메리츠증권,2025-02-28,2026-05-04 22:48:11.228582+00:00,https://consensus.hankyung.com/analysis/downpdf?report_idx=639324
5392,1,헥토이노베이션(214180) 사상 최대 실적,권명준,유안타증권,2025-02-27,2026-05-04 22:48:11.228582+00:00,https://consensus.hankyung.com/analysis/downpdf?report_idx=639321
5393,1,한화(000880) 올랐지만 안올랐습니다,이승웅,유안타증권,2025-02-27,2026-05-04 22:48:11.228582+00:00,https://consensus.hankyung.com/analysis/downpdf?report_idx=639320
5394,1,컨텍(451760) Contec을 Contact해 볼 시점,권명준,유안타증권,2025-02-27,2026-05-04 22:48:11.228582+00:00,https://consensus.hankyung.com/analysis/downpdf?report_idx=639319
5395,1,슈프리마(236200) [다시봐] 사상 최대 실적!,권명준,유안타증권,2025-02-27,2026-05-04 22:48:11.228582+00:00,https://consensus.hankyung.com/analysis/downpdf?report_idx=639317
5396,1,"HPSP(403870) 올해 성장 예상되나, 다소 아쉬운 성장세",김광진,한화투자증권,2025-02-27,2026-05-04 22:48:11.228582+00:00,https://consensus.hankyung.com/analysis/downpdf?report_idx=639306
5397,1,원익IPS(240810) 4Q24 Review: 기대해도 좋아,임소정,유진투자증권,2025-02-27,2026-05-04 22:48:11.228582+00:00,https://consensus.hankyung.com/analysis/downpdf?report_idx=639305
5398,1,NICE평가정보(030190) 신사업 & 주주환원 & 해외진출,정홍식,LS증권,2025-02-27,2026-05-04 22:48:11.228582+00:00,https://consensus.hankyung.com/analysis/downpdf?report_idx=639287
5399,1,SGC E&C(016250) 켜진 성장의 시동,김세련,LS증권,2025-02-27,2026-05-04 22:48:11.228582+00:00,https://consensus.hankyung.com/analysis/downpdf?report_idx=639285
5400,1,셀트리온(068270) 4Q24 Re: 올해를 보수적으로 봐도,장민환,iM증권,2025-02-27,2026-05-04 22:48:11.228582+00:00,https://consensus.hankyung.com/analysis/downpdf?report_idx=639284
5401,1,"LG이노텍(011070) 다시 볼 이유: 싸고, 실적 좋고, 촉매 있고","고의영,손우성",iM증권,2025-02-27,2026-05-04 22:48:11.228582+00:00,https://consensus.hankyung.com/analysis/downpdf?report_idx=639282
5402,1,"하이브(352820) 4Q24 리뷰: 매출액 상회, 영업이익 하회",이환욱,유안타증권,2025-02-26,2026-05-04 22:48:11.228582+00:00,https://consensus.hankyung.com/analysis/downpdf?report_idx=639281
5403,1,시프트업(462870) 승리의 여신은 우리에게,이창영,유안타증권,2025-02-26,2026-05-04 22:48:11.228582+00:00,https://consensus.hankyung.com/analysis/downpdf?report_idx=639279
5404,1,셀트리온(068270) 4Q24Re: 비용 증가로 컨센서스 하회,하현수,유안타증권,2025-02-26,2026-05-04 22:48:11.228582+00:00,https://consensus.hankyung.com/analysis/downpdf?report_idx=639278
5405,1,한국콜마(161890) 25년 준비 완료,정한솔,대신증권,2025-02-26,2026-05-04 22:48:11.228582+00:00,https://consensus.hankyung.com/analysis/downpdf?report_idx=639271
5406,1,하이브(352820) 4분기 공연과 MD의 유의미한 성장세 확인,임수진,대신증권,2025-02-26,2026-05-04 22:48:11.228582+00:00,https://consensus.hankyung.com/analysis/downpdf?report_idx=639270
5407,1,셀트리온(068270) 유럽과 미국에서 동반 성장 전망,이희영,대신증권,2025-02-26,2026-05-04 22:48:11.228582+00:00,https://consensus.hankyung.com/analysis/downpdf?report_idx=639269
5408,1,하이브(352820) 꽃시절의 시작(화양연화 again),박수영,한화투자증권,2025-02-26,2026-05-04 22:48:11.228582+00:00,https://consensus.hankyung.com/analysis/downpdf?report_idx=639267
5409,1,한국항공우주(047810) 4Q24 NDR 후기,이지호,메리츠증권,2025-02-26,2026-05-04 22:48:11.228582+00:00,https://consensus.hankyung.com/analysis/downpdf?report_idx=639262
5410,1,"한국콜마(161890) 4Q24 Re: 견조한 국내, 북미 사업 모멘텀 기대",박종대,메리츠증권,2025-02-26,2026-05-04 22:48:11.228582+00:00,https://consensus.hankyung.com/analysis/downpdf?report_idx=639261
5411,1,하이브(352820) 변함없는 성장 모멘텀,김민영,메리츠증권,2025-02-26,2026-05-04 22:48:11.228582+00:00,https://consensus.hankyung.com/analysis/downpdf?report_idx=639260
5412,1,씨어스테크놀로지(458870) 수익화 시점이 가장 빠른 AI헬스케어 업체,허선재,SK증권,2025-02-26,2026-05-04 22:48:11.228582+00:00,https://consensus.hankyung.com/analysis/downpdf?report_idx=639249
5413,1,셀트리온(068270) 4Q24 Re: 25년 도약을 위한 준비,이선경,SK증권,2025-02-26,2026-05-04 22:48:11.228582+00:00,https://consensus.hankyung.com/analysis/downpdf?report_idx=639248
5414,1,SK스퀘어(402340) 주가 횡보구간엔 매수,최관순,SK증권,2025-02-26,2026-05-04 22:48:11.228582+00:00,https://consensus.hankyung.com/analysis/downpdf?report_idx=639246
5415,1,"현대건설(000720) 현대엔지니어링, 세종안성 고속도로 붕괴 사고",배세호,iM증권,2025-02-26,2026-05-04 22:48:11.228582+00:00,https://consensus.hankyung.com/analysis/downpdf?report_idx=639244
5416,1,오리온(271560) #25년 최대고비 1월 #성공적 #2월부터 기대해도 좋다,이경신,iM증권,2025-02-26,2026-05-04 22:48:11.228582+00:00,https://consensus.hankyung.com/analysis/downpdf?report_idx=639242
5417,1,한글과컴퓨터(030520) 4Q24 Review: AI 사업 물꼬를 트다,박종선,유진투자증권,2025-02-25,2026-05-04 22:48:11.228582+00:00,https://consensus.hankyung.com/analysis/downpdf?report_idx=639236
5418,1,코스맥스(192820) 4Q24 Review: 더할 나위 없는,이해니,유진투자증권,2025-02-25,2026-05-04 22:48:11.228582+00:00,https://consensus.hankyung.com/analysis/downpdf?report_idx=639235
5419,1,코스맥스(192820) 올해도 기대해보자,정한솔,대신증권,2025-02-25,2026-05-04 22:48:11.228582+00:00,https://consensus.hankyung.com/analysis/downpdf?report_idx=639232
5420,1,코스맥스(192820) 4Q24 Re: K-뷰티 글로벌 모멘텀을 그대로 흡수한 실적,박종대,메리츠증권,2025-02-25,2026-05-04 22:48:11.228582+00:00,https://consensus.hankyung.com/analysis/downpdf?report_idx=639227
5421,1,유니드(014830) 염화칼륨 가격의 상승 모멘텀 지속,김도현,SK증권,2025-02-25,2026-05-04 22:48:11.228582+00:00,https://consensus.hankyung.com/analysis/downpdf?report_idx=639216
5422,1,토비스(051360) 쇼 앤 프루브 ing,"권민규,박형우",SK증권,2025-02-25,2026-05-04 22:48:11.228582+00:00,https://consensus.hankyung.com/analysis/downpdf?report_idx=639215
5423,1,한국가스공사(036460) 미수금 회수 속도는 여전히 아쉬운 상황,성종화,LS증권,2025-02-25,2026-05-04 22:48:11.228582+00:00,https://consensus.hankyung.com/analysis/downpdf?report_idx=639213
5424,1,지앤비에스 에코(382800) 반도체 & 태양광 부문 스크러버 장비 공급,정우성,LS증권,2025-02-25,2026-05-04 22:48:11.228582+00:00,https://consensus.hankyung.com/analysis/downpdf?report_idx=639210
5425,1,LX세미콘(108320) 2025년 실적 성장성 제한적,"정원석,손우성",iM증권,2025-02-25,2026-05-04 22:48:11.228582+00:00,https://consensus.hankyung.com/analysis/downpdf?report_idx=639209
5426,1,한국가스공사(036460) 4Q24 Review: 힘을 숨긴 알짜,문경원,메리츠증권,2025-02-24,2026-05-04 22:48:11.228582+00:00,https://consensus.hankyung.com/analysis/downpdf?report_idx=639196
5427,1,컨텍(451760) 느리지만 옳은 방향으로,정지수,메리츠증권,2025-02-24,2026-05-04 22:48:11.228582+00:00,https://consensus.hankyung.com/analysis/downpdf?report_idx=639194
5428,1,이노스페이스(462350) 이제 관심은 첫 상용 발사로,정지수,메리츠증권,2025-02-24,2026-05-04 22:48:11.228582+00:00,https://consensus.hankyung.com/analysis/downpdf?report_idx=639187
5429,1,현대해상(001450) Restructuring progress,설용진,SK증권,2025-02-24,2026-05-04 22:48:11.228582+00:00,https://consensus.hankyung.com/analysis/downpdf?report_idx=639171
5430,1,DB손해보험(005830) 제도 영향에도 여전히 상위권의 효율 지표 지속,설용진,SK증권,2025-02-24,2026-05-04 22:48:11.228582+00:00,https://consensus.hankyung.com/analysis/downpdf?report_idx=639170
5431,1,현대해상(001450) 수익성과 자본력 제고 중심 경영기조,전배승,LS증권,2025-02-24,2026-05-04 22:48:11.228582+00:00,https://consensus.hankyung.com/analysis/downpdf?report_idx=639169
5432,1,DB손해보험(005830) 구조적 고수익성 지속 예상,전배승,LS증권,2025-02-24,2026-05-04 22:48:11.228582+00:00,https://consensus.hankyung.com/analysis/downpdf?report_idx=639168
5433,1,"현대차(005380) 현대차-GM 협력, 관세 리크스 완화",이병근,LS증권,2025-02-24,2026-05-04 22:48:11.228582+00:00,https://consensus.hankyung.com/analysis/downpdf?report_idx=639167
5434,1,한진(002320) 올해 택배 및 미주 역직구 수요 증가로 실적개선,이상헌,iM증권,2025-02-24,2026-05-04 22:48:11.228582+00:00,https://consensus.hankyung.com/analysis/downpdf?report_idx=639163
5435,1,"삼화콘덴서(001820) 올해 전력 인프라 FC, 내년 전기차 DC-Link 성장성 가속화",이상헌,iM증권,2025-02-24,2026-05-04 22:48:11.228582+00:00,https://consensus.hankyung.com/analysis/downpdf?report_idx=639162
5436,1,디오(039840) 밸류에이션 매력 부각 및 주주환원 확대 가속화,이상헌,iM증권,2025-02-24,2026-05-04 22:48:11.228582+00:00,https://consensus.hankyung.com/analysis/downpdf?report_idx=639157
5437,1,와이씨(232140) 주목되는 HBM 분야 경쟁력,"백종석,김혜빈",한국IR협의회,2025-02-21,2026-05-04 22:48:11.228582+00:00,https://consensus.hankyung.com/analysis/downpdf?report_idx=639155
5438,1,한화생명(088350) CSM 증대와 환급금 제도 변경을 기대,"김도하,권지우",한화투자증권,2025-02-21,2026-05-04 22:48:11.228582+00:00,https://consensus.hankyung.com/analysis/downpdf?report_idx=639154
5439,1,현대제철(004020) 긍정적 이벤트 발생,이현수,유안타증권,2025-02-21,2026-05-04 22:48:11.228582+00:00,https://consensus.hankyung.com/analysis/downpdf?report_idx=639144
5440,1,파인엠텍(441270) 2025년 회복 → 2026년 도약 기대,양승수,메리츠증권,2025-02-21,2026-05-04 22:48:11.228582+00:00,https://consensus.hankyung.com/analysis/downpdf?report_idx=639137
5441,1,롯데쇼핑(023530) NDR 후기: LOTTE 개선 포인트 ON,이해니,유진투자증권,2025-02-21,2026-05-04 22:48:11.228582+00:00,https://consensus.hankyung.com/analysis/downpdf?report_idx=639130
5442,1,삼성생명(032830) 과도한 기대감보다 펀더멘털 중심 접근 필요,설용진,SK증권,2025-02-21,2026-05-04 22:48:11.228582+00:00,https://consensus.hankyung.com/analysis/downpdf?report_idx=639125
5443,1,한화생명(088350) 전반적으로 무난한 실적과 자본 시현,설용진,SK증권,2025-02-21,2026-05-04 22:48:11.228582+00:00,https://consensus.hankyung.com/analysis/downpdf?report_idx=639124
5444,1,"한국단자(025540) 주주환원, 자사주 매입 200억원 추정",정홍식,LS증권,2025-02-21,2026-05-04 22:48:11.228582+00:00,https://consensus.hankyung.com/analysis/downpdf?report_idx=639122
5445,1,한화생명(088350) 견조한 실적흐름 유지,전배승,LS증권,2025-02-21,2026-05-04 22:48:11.228582+00:00,https://consensus.hankyung.com/analysis/downpdf?report_idx=639120
5446,1,삼성생명(032830) 안정적 자본관리와 주주환원 확대요구 공존,전배승,LS증권,2025-02-21,2026-05-04 22:48:11.228582+00:00,https://consensus.hankyung.com/analysis/downpdf?report_idx=639119
5447,1,노머스(473980) 해외투어가는신생엔터테크,박찬솔,SK증권,2025-02-20,2026-05-04 22:48:11.228582+00:00,https://consensus.hankyung.com/analysis/downpdf?report_idx=639088
5448,1,SAMG엔터(419530) 롱런 캐릭터로 진화,나승두,SK증권,2025-02-20,2026-05-04 22:48:11.228582+00:00,https://consensus.hankyung.com/analysis/downpdf?report_idx=639087
5449,1,"디어유(376300) 중국 진출 임박, 기대감 가져보기 좋은 시점",허선재,SK증권,2025-02-20,2026-05-04 22:48:11.228582+00:00,https://consensus.hankyung.com/analysis/downpdf?report_idx=639086
5450,1,메리츠금융지주(138040) 향후 이익체력에 대한 뚜렷한 기대감,설용진,SK증권,2025-02-20,2026-05-04 22:48:11.228582+00:00,https://consensus.hankyung.com/analysis/downpdf?report_idx=639084
5451,1,솔루엠(248070) 실적 턴어라운드 기대감을 높여도 될 시점,조은애,LS증권,2025-02-20,2026-05-04 22:48:11.228582+00:00,https://consensus.hankyung.com/analysis/downpdf?report_idx=639081
5452,1,롯데케미칼(011170) 트럼프의 에너지 시대에 기대보는 유가 하락 효과,전유진,iM증권,2025-02-20,2026-05-04 22:48:11.228582+00:00,https://consensus.hankyung.com/analysis/downpdf?report_idx=639079
5453,1,금호석유(011780) 고래싸움에 이어 트럼프의 에너지 시대까지 수혜,전유진,iM증권,2025-02-20,2026-05-04 22:48:11.228582+00:00,https://consensus.hankyung.com/analysis/downpdf?report_idx=639078
5454,1,SK가스(018670) 트럼프의 에너지 시대에서 LPG/LNG를 모두 유연하게 다룰 수 있다면?,전유진,iM증권,2025-02-20,2026-05-04 22:48:11.228582+00:00,https://consensus.hankyung.com/analysis/downpdf?report_idx=639077
5455,1,SK이노베이션(096770) 2H25 기점으로 LNG 업체로서의 재평가 기대,전유진,iM증권,2025-02-20,2026-05-04 22:48:11.228582+00:00,https://consensus.hankyung.com/analysis/downpdf?report_idx=639076
5456,1,SK이노베이션(096770) SKI E&S 호주/싱가포르 사이트 투어 후기,전유진,iM증권,2025-02-20,2026-05-04 22:48:11.228582+00:00,https://consensus.hankyung.com/analysis/downpdf?report_idx=639075
5457,1,올해는 실적 성장의 가시성 높음,장민환,iM증권,2025-02-20,2026-05-04 22:48:11.228582+00:00,https://consensus.hankyung.com/analysis/downpdf?report_idx=639074
5458,1,티엘비(356860) 기술 선점의 수확 시기 진입,양승수,메리츠증권,2025-02-19,2026-05-04 22:48:11.228582+00:00,https://consensus.hankyung.com/analysis/downpdf?report_idx=639069
5459,1,아바텍(149950) 잠재력은 아직 충분,양승수,메리츠증권,2025-02-19,2026-05-04 22:48:11.228582+00:00,https://consensus.hankyung.com/analysis/downpdf?report_idx=639062
5460,1,삼양식품(003230) 2025년 음식료 기업별 전망 #4,한유정,한화투자증권,2025-02-19,2026-05-04 22:48:11.228582+00:00,https://consensus.hankyung.com/analysis/downpdf?report_idx=639056
5461,1,대상(001680) 2025년 음식료 기업별 전망 #3,한유정,한화투자증권,2025-02-19,2026-05-04 22:48:11.228582+00:00,https://consensus.hankyung.com/analysis/downpdf?report_idx=639055
5462,1,온코크로스(382150) 한국의 Recursion Pharmaceutical,허선재,SK증권,2025-02-19,2026-05-04 22:48:11.228582+00:00,https://consensus.hankyung.com/analysis/downpdf?report_idx=639053
5463,1,솔루엠(248070) 하향된 눈높이 기준 12MF PER 9배,"고의영,손우성",iM증권,2025-02-19,2026-05-04 22:48:11.228582+00:00,https://consensus.hankyung.com/analysis/downpdf?report_idx=639049
5464,1,씨에스윈드(112610) 4Q24 Review: 저점 도달,문경원,메리츠증권,2025-02-18,2026-05-04 22:48:11.228582+00:00,https://consensus.hankyung.com/analysis/downpdf?report_idx=639048
5465,1,샘씨엔에스(252990) 디램향 매출 증가는 현재진행형,양승수,메리츠증권,2025-02-18,2026-05-04 22:48:11.228582+00:00,https://consensus.hankyung.com/analysis/downpdf?report_idx=639045
5466,1,비에이치(090460) 깊어지는 고민,양승수,메리츠증권,2025-02-18,2026-05-04 22:48:11.228582+00:00,https://consensus.hankyung.com/analysis/downpdf?report_idx=639044
5467,1,루미르(474170) 추진력을 얻기 위한 2025 년,정지수,메리츠증권,2025-02-18,2026-05-04 22:48:11.228582+00:00,https://consensus.hankyung.com/analysis/downpdf?report_idx=639042
5468,1,두산에너빌리티(034020) 4Q24 Review: 매력적인 IF 가 너무 많다,문경원,메리츠증권,2025-02-18,2026-05-04 22:48:11.228582+00:00,https://consensus.hankyung.com/analysis/downpdf?report_idx=639041
5469,1,신한지주(055550) 더욱 높아진 가격 측면의 매력,설용진,SK증권,2025-02-18,2026-05-04 22:48:11.228582+00:00,https://consensus.hankyung.com/analysis/downpdf?report_idx=639040
5470,1,LS마린솔루션(060370) 재평가 시점: 에너지3법과 인공지능,나민식,SK증권,2025-02-18,2026-05-04 22:48:11.228582+00:00,https://consensus.hankyung.com/analysis/downpdf?report_idx=639037
5471,1,휴메딕스(200670) NDR Review: 수출 기대감을 높여도 될 시점,조은애,LS증권,2025-02-18,2026-05-04 22:48:11.228582+00:00,https://consensus.hankyung.com/analysis/downpdf?report_idx=639035
5472,1,한전기술(052690) 폴란드 원전 이슈 점검,성종화,LS증권,2025-02-18,2026-05-04 22:48:11.228582+00:00,https://consensus.hankyung.com/analysis/downpdf?report_idx=639033
5473,1,코웨이(021240) 4Q24 Review : Still Hungry,이진협,한화투자증권,2025-02-17,2026-05-04 22:48:11.228582+00:00,https://consensus.hankyung.com/analysis/downpdf?report_idx=639032
5474,1,롯데칠성(005300) 2025년 음식료 기업별 전망 #1,한유정,한화투자증권,2025-02-17,2026-05-04 22:48:11.228582+00:00,https://consensus.hankyung.com/analysis/downpdf?report_idx=639030
5475,1,LIG넥스원(079550) [4Q24 Review] 걱정할 게 없다,배 성조,한화투자증권,2025-02-17,2026-05-04 22:48:11.228582+00:00,https://consensus.hankyung.com/analysis/downpdf?report_idx=639028
5476,1,씨앤씨인터내셔널(352480) 최악을 지나가는 중,정한솔,대신증권,2025-02-17,2026-05-04 22:48:11.228582+00:00,https://consensus.hankyung.com/analysis/downpdf?report_idx=639023
5477,1,"씨앤씨인터내셔널(352480) 4Q24 Re: 녹록치 않은 2025 년, 신규 고객사 확보 역량 관건",박종대,메리츠증권,2025-02-17,2026-05-04 22:48:11.228582+00:00,https://consensus.hankyung.com/analysis/downpdf?report_idx=638997
5478,1,SK이터닉스(475150) 태양광도 구조화가 되나요?,문경원,메리츠증권,2025-02-17,2026-05-04 22:48:11.228582+00:00,https://consensus.hankyung.com/analysis/downpdf?report_idx=638993
5479,1,LIG넥스원(079550) Slow and Steady,이지호,메리츠증권,2025-02-17,2026-05-04 22:48:11.228582+00:00,https://consensus.hankyung.com/analysis/downpdf?report_idx=638992
5480,1,삼성증권(016360) 향후 더욱 높아질 주주환원 측면의 매력,설용진,SK증권,2025-02-17,2026-05-04 22:48:11.228582+00:00,https://consensus.hankyung.com/analysis/downpdf?report_idx=638990
5481,1,화승엔터프라이즈(241590) 예상보다 강력했다,형권훈,SK증권,2025-02-17,2026-05-04 22:48:11.228582+00:00,https://consensus.hankyung.com/analysis/downpdf?report_idx=638989
5482,1,더블유게임즈(192080) 더블유게임즈 4Q24 Review: 부지런히 성장 중,남효지,SK증권,2025-02-17,2026-05-04 22:48:11.228582+00:00,https://consensus.hankyung.com/analysis/downpdf?report_idx=638988
5483,1,코리안리(003690) 여전히 무난한 업황과 개선된 경상 이익체력,설용진,SK증권,2025-02-17,2026-05-04 22:48:11.228582+00:00,https://consensus.hankyung.com/analysis/downpdf?report_idx=638987
5484,1,롯데렌탈(089860) 2025년 롯데렌탈에 기대할 수 있는 3가지,"윤혁진,박준형",SK증권,2025-02-17,2026-05-04 22:48:11.228582+00:00,https://consensus.hankyung.com/analysis/downpdf?report_idx=638986
5485,1,코웨이(021240) 4Q24 Review: 믿음직스러운 실적,오린아,LS증권,2025-02-17,2026-05-04 22:48:11.228582+00:00,https://consensus.hankyung.com/analysis/downpdf?report_idx=638984
5486,1,삼성증권(016360) 안정성과 고수익성을 바탕으로 주주환원 확대 기대,전배승,LS증권,2025-02-17,2026-05-04 22:48:11.228582+00:00,https://consensus.hankyung.com/analysis/downpdf?report_idx=638982
5487,1,SK네트웍스(001740) AI전환(AX) 수요 확대 시대 수혜 가능할 듯,"이상헌,장호",iM증권,2025-02-17,2026-05-04 22:48:11.228582+00:00,https://consensus.hankyung.com/analysis/downpdf?report_idx=638978
5488,1,SK네트웍스(001740) AI전환(AX) 수요 확대 시대 수혜 가능할 듯,"이상헌,장호",iM증권,2025-02-17,2026-05-04 22:48:11.228582+00:00,https://consensus.hankyung.com/analysis/downpdf?report_idx=638977
5489,1,에이럭스(475580) 트럼프 2.0 시대 미국향 드론 수출 증가할 듯,이상헌,iM증권,2025-02-17,2026-05-04 22:48:11.228582+00:00,https://consensus.hankyung.com/analysis/downpdf?report_idx=638974
5490,1,"한화(000880) 호실적 달성한 효자회사들, 안정화되고 있는 자체 사업",엄수진,한화투자증권,2025-02-14,2026-05-04 22:48:11.228582+00:00,https://consensus.hankyung.com/analysis/downpdf?report_idx=638972
5491,1,한온시스템(018880) [4Q24 Review] 실적 부진 장기화 전망,김성래,한화투자증권,2025-02-14,2026-05-04 22:48:11.228582+00:00,https://consensus.hankyung.com/analysis/downpdf?report_idx=638971
5492,1,"카카오(035720) 공개된 전략, 실행과 성과가 중요",김소혜,한화투자증권,2025-02-14,2026-05-04 22:48:11.228582+00:00,https://consensus.hankyung.com/analysis/downpdf?report_idx=638970
5493,1,원익QnC(074600) 레거시 반등 기대감이 반영될 수 있는 주가,김광진,한화투자증권,2025-02-13,2026-05-04 22:48:11.228582+00:00,https://consensus.hankyung.com/analysis/downpdf?report_idx=638961
5494,1,넷마블(251270) 4Q24 Review: Unwinding,남효지,SK증권,2025-02-14,2026-05-04 22:48:11.228582+00:00,https://consensus.hankyung.com/analysis/downpdf?report_idx=638959
5495,1,카카오(035720) N이라면 상상 가능한 톡의 미래,남효지,SK증권,2025-02-14,2026-05-04 22:48:11.228582+00:00,https://consensus.hankyung.com/analysis/downpdf?report_idx=638958
5496,1,한국금융지주(071050) 환 영향 큰 폭 발생. 향후 금리 하락 국면 기대,설용진,SK증권,2025-02-14,2026-05-04 22:48:11.228582+00:00,https://consensus.hankyung.com/analysis/downpdf?report_idx=638957
5497,1,KT(030200) 1분기부터 시작됩니다,최관순,SK증권,2025-02-14,2026-05-04 22:48:11.228582+00:00,https://consensus.hankyung.com/analysis/downpdf?report_idx=638956
5498,1,클래시스(214150) 숫자로 증명중인 볼뉴머 성장성,조은애,LS증권,2025-02-14,2026-05-04 22:48:11.228582+00:00,https://consensus.hankyung.com/analysis/downpdf?report_idx=638955
5499,1,한국금융지주(071050) 추가비용 인식에도 업종 최고 이익력,전배승,LS증권,2025-02-14,2026-05-04 22:48:11.228582+00:00,https://consensus.hankyung.com/analysis/downpdf?report_idx=638954
5500,1,휴젤(145020) 레벨업한 펀더멘털에 미국 더하기,조은애,LS증권,2025-02-14,2026-05-04 22:48:11.228582+00:00,https://consensus.hankyung.com/analysis/downpdf?report_idx=638953
5501,1,하이비젼시스템(126700) 기회요인을 재조명할 시점,양승수,메리츠증권,2025-02-13,2026-05-04 22:48:11.228582+00:00,https://consensus.hankyung.com/analysis/downpdf?report_idx=638949
5502,1,펌텍코리아(251970) 4Q24 Review: K-뷰티 글로벌 모멘텀이 그대로 투영되다,박종대,메리츠증권,2025-02-13,2026-05-04 22:48:11.228582+00:00,https://consensus.hankyung.com/analysis/downpdf?report_idx=638948
5503,1,이수페타시스(007660) 쇼티지 인정,양승수,메리츠증권,2025-02-13,2026-05-04 22:48:11.228582+00:00,https://consensus.hankyung.com/analysis/downpdf?report_idx=638944
5504,1,유한양행(000100) 4Q24 Re: 연구개발비 증가로 컨센서스 하회,김준영,메리츠증권,2025-02-13,2026-05-04 22:48:11.228582+00:00,https://consensus.hankyung.com/analysis/downpdf?report_idx=638942
5505,1,엔씨소프트(036570) 예상보다 길어진 터널,이효진,메리츠증권,2025-02-13,2026-05-04 22:48:11.228582+00:00,https://consensus.hankyung.com/analysis/downpdf?report_idx=638940
5506,1,스튜디오드래곤(253450) 양적 성장에 앞선 질적 성장,정지수,메리츠증권,2025-02-13,2026-05-04 22:48:11.228582+00:00,https://consensus.hankyung.com/analysis/downpdf?report_idx=638938
5507,1,SOOP(067160) 2024 와 유사한 주가 패턴 예상,이효진,메리츠증권,2025-02-13,2026-05-04 22:48:11.228582+00:00,https://consensus.hankyung.com/analysis/downpdf?report_idx=638934
5508,1,"LS(006260) 자회사 ALL CLEAR, 이제 전선의 성장을 기다릴 차례",장재혁,메리츠증권,2025-02-13,2026-05-04 22:48:11.228582+00:00,https://consensus.hankyung.com/analysis/downpdf?report_idx=638933
5509,1,CJ ENM(035760) 오랜만에 전 사업부 흑자 기록,정지수,메리츠증권,2025-02-13,2026-05-04 22:48:11.228582+00:00,https://consensus.hankyung.com/analysis/downpdf?report_idx=638932
5510,1,이수페타시스(007660) 가격 상승 싸이클 진입,"박형우,권민규",SK증권,2025-02-13,2026-05-04 22:48:11.228582+00:00,https://consensus.hankyung.com/analysis/downpdf?report_idx=638929
5511,1,덕산네오룩스(213420) 1분기만 지나면!!,"권민규,박형우",SK증권,2025-02-13,2026-05-04 22:48:11.228582+00:00,https://consensus.hankyung.com/analysis/downpdf?report_idx=638928
5512,1,LS(006260) 우호적인 업황 형성,최관순,SK증권,2025-02-13,2026-05-04 22:48:11.228582+00:00,https://consensus.hankyung.com/analysis/downpdf?report_idx=638927
5513,1,엔씨소프트(036570) 신작 성공이 절실,남효지,SK증권,2025-02-13,2026-05-04 22:48:11.228582+00:00,https://consensus.hankyung.com/analysis/downpdf?report_idx=638926
5514,1,SK텔레콤(017670) 재평가가 필요한 이익창출 능력,최관순,SK증권,2025-02-13,2026-05-04 22:48:11.228582+00:00,https://consensus.hankyung.com/analysis/downpdf?report_idx=638925
5515,1,한화(000880) 주가는 올랐지만 더 싸졌다,최관순,SK증권,2025-02-13,2026-05-04 22:48:11.228582+00:00,https://consensus.hankyung.com/analysis/downpdf?report_idx=638924
5516,1,삼성화재(000810) CSM 조정 폭 확대,전배승,LS증권,2025-02-13,2026-05-04 22:48:11.228582+00:00,https://consensus.hankyung.com/analysis/downpdf?report_idx=638921
5517,1,엑셈(205100) 국내 DBPM 솔루션 M/S 1위,정우성,LS증권,2025-02-13,2026-05-04 22:48:11.228582+00:00,https://consensus.hankyung.com/analysis/downpdf?report_idx=638919
5518,1,한전KPS(051600) 노무비 영향보다 국내외 원전 확대 모멘텀,성종화,LS증권,2025-02-13,2026-05-04 22:48:11.228582+00:00,https://consensus.hankyung.com/analysis/downpdf?report_idx=638918
5519,1,유한양행(000100) 4Q24 Re: 펀더멘털 변화를 앞두고,장민환,iM증권,2025-02-13,2026-05-04 22:48:11.228582+00:00,https://consensus.hankyung.com/analysis/downpdf?report_idx=638917
5520,1,세아베스틸지주(001430) 본업은 매우 어렵지만..,"김윤상,공도연",iM증권,2025-02-13,2026-05-04 22:48:11.228582+00:00,https://consensus.hankyung.com/analysis/downpdf?report_idx=638916
5521,1,덕산네오룩스(213420) 2027년까지 성장 아이템 장착,"정원석,손우성",iM증권,2025-02-13,2026-05-04 22:48:11.228582+00:00,https://consensus.hankyung.com/analysis/downpdf?report_idx=638915
5522,1,"효성티앤씨(298020) 효성네오켐, 29년까지 매년 20% 이상 외형 성장",이동욱,IBK투자증권,2025-02-12,2026-05-04 22:48:11.228582+00:00,https://consensus.hankyung.com/analysis/downpdf?report_idx=638913
5523,1,이마트(139480) 본격적인 턴 어라운드,남성현,IBK투자증권,2025-02-12,2026-05-04 22:48:11.228582+00:00,https://consensus.hankyung.com/analysis/downpdf?report_idx=638910
5524,1,유니드(014830) NDR 후기: 동사를 선호하는 이유,이동욱,IBK투자증권,2025-02-12,2026-05-04 22:48:11.228582+00:00,https://consensus.hankyung.com/analysis/downpdf?report_idx=638909
5525,1,에코프로비엠(247540) 이제는 더 이상 물러날 곳이 없다,이현욱,IBK투자증권,2025-02-12,2026-05-04 22:48:11.228582+00:00,https://consensus.hankyung.com/analysis/downpdf?report_idx=638908
5526,1,SPC삼립(005610) 올해 원가 부담 완화 전망,김태현,IBK투자증권,2025-02-12,2026-05-04 22:48:11.228582+00:00,https://consensus.hankyung.com/analysis/downpdf?report_idx=638905
5527,1,CJ제일제당(097950) 예상 수준에 부합,김태현,IBK투자증권,2025-02-12,2026-05-04 22:48:11.228582+00:00,https://consensus.hankyung.com/analysis/downpdf?report_idx=638904
5528,1,BGF리테일(282330) 4분기 잘했다!,남성현,IBK투자증권,2025-02-12,2026-05-04 22:48:11.228582+00:00,https://consensus.hankyung.com/analysis/downpdf?report_idx=638903
5529,1,현대백화점(069960) 4Q24 Review : 일본 백화점의 바통을 이을 한국 백화점(feat. 루이비통...,이진협,한화투자증권,2025-02-12,2026-05-04 22:48:11.228582+00:00,https://consensus.hankyung.com/analysis/downpdf?report_idx=638902
5530,1,한화에어로스페이스(012450) [4Q24 Review] 의심하지 말라,배성조,한화투자증권,2025-02-12,2026-05-04 22:48:11.228582+00:00,https://consensus.hankyung.com/analysis/downpdf?report_idx=638900
5531,1,크래프톤(259960) 1분기 기대를 상회하는 실적이 중요,김소혜,한화투자증권,2025-02-12,2026-05-04 22:48:11.228582+00:00,https://consensus.hankyung.com/analysis/downpdf?report_idx=638899
5532,1,이마트(139480) 4Q24 Review : Road to 1조원,이진협,한화투자증권,2025-02-12,2026-05-04 22:48:11.228582+00:00,https://consensus.hankyung.com/analysis/downpdf?report_idx=638898
5533,1,"에코프로비엠(247540) BM 기저효과 기대되나, EM 둔화는 우려",이용욱,한화투자증권,2025-02-12,2026-05-04 22:48:11.228582+00:00,https://consensus.hankyung.com/analysis/downpdf?report_idx=638897
5534,1,삼성화재(000810) 우선주 접근은 유효할 것,김도하,한화투자증권,2025-02-12,2026-05-04 22:48:11.228582+00:00,https://consensus.hankyung.com/analysis/downpdf?report_idx=638895
5535,1,BGF리테일(282330) 4Q24 Review : 이익 레버리지 구간 진입 재차 확인,이진협,한화투자증권,2025-02-12,2026-05-04 22:48:11.228582+00:00,https://consensus.hankyung.com/analysis/downpdf?report_idx=638893
5536,1,한화에어로스페이스(012450) Big Shot,이지호,메리츠증권,2025-02-12,2026-05-04 22:48:11.228582+00:00,https://consensus.hankyung.com/analysis/downpdf?report_idx=638892
5537,1,"한전KPS(051600) 4Q24 Review: 배당과 체코, 루마니아",문경원,메리츠증권,2025-02-12,2026-05-04 22:48:11.228582+00:00,https://consensus.hankyung.com/analysis/downpdf?report_idx=638891
5538,1,펄어비스(263750) 환율과 기존작 반등이 만든 4 분기 성과,이효진,메리츠증권,2025-02-12,2026-05-04 22:48:11.228582+00:00,https://consensus.hankyung.com/analysis/downpdf?report_idx=638890
5539,1,크래프톤(259960) 적정주가 상향: 밸류에이션 높아질 시기,이효진,메리츠증권,2025-02-12,2026-05-04 22:48:11.228582+00:00,https://consensus.hankyung.com/analysis/downpdf?report_idx=638889
5540,1,카카오게임즈(293490) 아직은 이른 바텀피싱 접근,이효진,메리츠증권,2025-02-12,2026-05-04 22:48:11.228582+00:00,https://consensus.hankyung.com/analysis/downpdf?report_idx=638888
5541,1,풍산(103140) 아쉬운 일회성 비용,이규익,SK증권,2025-02-12,2026-05-04 22:48:11.228582+00:00,https://consensus.hankyung.com/analysis/downpdf?report_idx=638878
5542,1,펄어비스(263750) 향후 이벤트에 따라 기대수준 조절 필요,남효지,SK증권,2025-02-12,2026-05-04 22:48:11.228582+00:00,https://consensus.hankyung.com/analysis/downpdf?report_idx=638877
5543,1,크래프톤(259960) The Pioneer,남효지,SK증권,2025-02-12,2026-05-04 22:48:11.228582+00:00,https://consensus.hankyung.com/analysis/downpdf?report_idx=638876
5544,1,카카오게임즈(293490) 사소취대,남효지,SK증권,2025-02-12,2026-05-04 22:48:11.228582+00:00,https://consensus.hankyung.com/analysis/downpdf?report_idx=638874
5545,1,교촌에프앤비(339770) 미국에서브랜드가되어보자,박찬솔,SK증권,2025-02-12,2026-05-04 22:48:11.228582+00:00,https://consensus.hankyung.com/analysis/downpdf?report_idx=638873
5546,1,삼양식품(003230) 기대되는미국시장,박찬솔,SK증권,2025-02-12,2026-05-04 22:48:11.228582+00:00,https://consensus.hankyung.com/analysis/downpdf?report_idx=638872
5547,1,"JTC(950170) 일본찾는관광객, 예상을뛰어넘다",나승두,SK증권,2025-02-12,2026-05-04 22:48:11.228582+00:00,https://consensus.hankyung.com/analysis/downpdf?report_idx=638870
5548,1,"제이에스코퍼레이션(194370) 어려울때뿌린씨앗, 열매되어돌아오다",나승두,SK증권,2025-02-12,2026-05-04 22:48:11.228582+00:00,https://consensus.hankyung.com/analysis/downpdf?report_idx=638868
5549,1,서부T&D(006730) 서울의중심에서실적을외치다,나승두,SK증권,2025-02-12,2026-05-04 22:48:11.228582+00:00,https://consensus.hankyung.com/analysis/downpdf?report_idx=638866
5550,1,파라다이스(034230) 영종도의관문이커진다,나승두,SK증권,2025-02-12,2026-05-04 22:48:11.228582+00:00,https://consensus.hankyung.com/analysis/downpdf?report_idx=638865
5551,1,SKC(011790) 25 년 연중 완만한 턴어라운드 기대,노우호,메리츠증권,2025-02-12,2026-05-04 22:48:11.228582+00:00,https://consensus.hankyung.com/analysis/downpdf?report_idx=638863
5552,1,롯데관광개발(032350) 25년출발이남다르다,나승두,SK증권,2025-02-12,2026-05-04 22:48:11.228582+00:00,https://consensus.hankyung.com/analysis/downpdf?report_idx=638862
5553,1,"노랑풍선(104620) 체급이낮으면, 더날렵하다",나승두,SK증권,2025-02-12,2026-05-04 22:48:11.228582+00:00,https://consensus.hankyung.com/analysis/downpdf?report_idx=638861
5554,1,모두투어(080160) 시장이커지면나눠먹을파이도많아진다,나승두,SK증권,2025-02-12,2026-05-04 22:48:11.228582+00:00,https://consensus.hankyung.com/analysis/downpdf?report_idx=638860
5555,1,하나투어(039130) 올해도여행가실거잖아요,나승두,SK증권,2025-02-12,2026-05-04 22:48:11.228582+00:00,https://consensus.hankyung.com/analysis/downpdf?report_idx=638859
5556,1,ISC(095340) 일회성 비용에도 AI 는 성장,김동관,메리츠증권,2025-02-12,2026-05-04 22:48:11.228582+00:00,https://consensus.hankyung.com/analysis/downpdf?report_idx=638857
5557,1,ISC(095340) 4Q24P Review: 올해 모멘텀이 가장 강한 종목,차용호,LS증권,2025-02-12,2026-05-04 22:48:11.228582+00:00,https://consensus.hankyung.com/analysis/downpdf?report_idx=638856
5558,1,한전기술(052690) 4Q24 서프라이즈 + 3월 체코 원전 본계약 모멘텀,성종화,LS증권,2025-02-12,2026-05-04 22:48:11.228582+00:00,https://consensus.hankyung.com/analysis/downpdf?report_idx=638855
5559,1,현대백화점(069960) 업종 내 단연 돋보인다,오린아,LS증권,2025-02-12,2026-05-04 22:48:11.228582+00:00,https://consensus.hankyung.com/analysis/downpdf?report_idx=638854
5560,1,이마트(139480) 4Q24 Review: 일회성 영향,오린아,LS증권,2025-02-12,2026-05-04 22:48:11.228582+00:00,https://consensus.hankyung.com/analysis/downpdf?report_idx=638853
5561,1,BGF리테일(282330) 마음이 편한 실적,오린아,LS증권,2025-02-12,2026-05-04 22:48:11.228582+00:00,https://consensus.hankyung.com/analysis/downpdf?report_idx=638852
5562,1,금호건설(002990) [NDR 후기] 내실성장을 향해 가는 길,김세련,LS증권,2025-02-12,2026-05-04 22:48:11.228582+00:00,https://consensus.hankyung.com/analysis/downpdf?report_idx=638851
5563,1,에이피알(278470) 수출 서프라이즈로 증명한 성장성,조은애,LS증권,2025-02-12,2026-05-04 22:48:11.228582+00:00,https://consensus.hankyung.com/analysis/downpdf?report_idx=638850
5564,1,HMM(011200) 4Q24 Review: 여러분 무슨 일이 생겨도,이재혁,LS증권,2025-02-12,2026-05-04 22:48:11.228582+00:00,https://consensus.hankyung.com/analysis/downpdf?report_idx=638849
5565,1,CJ대한통운(000120) 4Q24 Review: CL이 캐리한 24년,이재혁,LS증권,2025-02-12,2026-05-04 22:48:11.228582+00:00,https://consensus.hankyung.com/analysis/downpdf?report_idx=638848
5566,1,CJ대한통운(000120) 4Q24 Re: 물류에 대한 자신감,오정하,메리츠증권,2025-02-12,2026-05-04 22:48:11.228582+00:00,https://consensus.hankyung.com/analysis/downpdf?report_idx=638847
5567,1,한국단자(025540) 4Q24 Review: 영업이익 +23.6% YoY,정홍식,LS증권,2025-02-12,2026-05-04 22:48:11.228582+00:00,https://consensus.hankyung.com/analysis/downpdf?report_idx=638846
5568,1,CJ대한통운(000120) 4Q24 Re: 택배 물동량 성장 확인 필요,배세호,iM증권,2025-02-12,2026-05-04 22:48:11.228582+00:00,https://consensus.hankyung.com/analysis/downpdf?report_idx=638843
5569,1,"에코프로비엠(247540) 실적 회복세에도 불구, 주가 상승 여력 제한적","정원석,손우성",iM증권,2025-02-12,2026-05-04 22:48:11.228582+00:00,https://consensus.hankyung.com/analysis/downpdf?report_idx=638842
5570,1,풍산(103140) 모멘텀 둔화에도 여전히 업종 내 최선호주,"김윤상,공도연",iM증권,2025-02-12,2026-05-04 22:48:11.228582+00:00,https://consensus.hankyung.com/analysis/downpdf?report_idx=638841
5571,1,한화에어로스페이스(012450) 자주포 화망 아래로 피난오세요,변용진,iM증권,2025-02-12,2026-05-04 22:48:11.228582+00:00,https://consensus.hankyung.com/analysis/downpdf?report_idx=638840
5572,1,CJ제일제당(097950) 터프한 영업 환경을 견디는 중,이경신,iM증권,2025-02-12,2026-05-04 22:48:11.228582+00:00,https://consensus.hankyung.com/analysis/downpdf?report_idx=638839
5573,1,한세실업(105630) 4Q24 Review : 고군분투,이진협,한화투자증권,2025-02-11,2026-05-04 22:48:11.228582+00:00,https://consensus.hankyung.com/analysis/downpdf?report_idx=638830
5574,1,에스엠(041510) 이제 겨우 시작일 뿐,박수영,한화투자증권,2025-02-11,2026-05-04 22:48:11.228582+00:00,https://consensus.hankyung.com/analysis/downpdf?report_idx=638829
5575,1,아이패밀리에스씨(114840) 예열 완료,한유정,한화투자증권,2025-02-11,2026-05-04 22:48:11.228582+00:00,https://consensus.hankyung.com/analysis/downpdf?report_idx=638828
5576,1,시프트업(462870) 모멘텀 누릴 구간,김소혜,한화투자증권,2025-02-11,2026-05-04 22:48:11.228582+00:00,https://consensus.hankyung.com/analysis/downpdf?report_idx=638827
5577,1,기업은행(024110) TSR 격차는 좁아졌다,김도하,한화투자증권,2025-02-11,2026-05-04 22:48:11.228582+00:00,https://consensus.hankyung.com/analysis/downpdf?report_idx=638825
5578,1,CJ제일제당(097950) 부진했던 4분기,한유정,한화투자증권,2025-02-11,2026-05-04 22:48:11.228582+00:00,https://consensus.hankyung.com/analysis/downpdf?report_idx=638824
5579,1,대웅제약(069620) 4Q24 Review: 예상치 수준의 실적,김선아,상상인증권,2025-02-11,2026-05-04 22:48:11.228582+00:00,https://consensus.hankyung.com/analysis/downpdf?report_idx=638817
5580,1,롯데칠성(005300) 4Q24 Review: 발목 잡는 내수,김혜미,상상인증권,2025-02-11,2026-05-04 22:48:11.228582+00:00,https://consensus.hankyung.com/analysis/downpdf?report_idx=638816
5581,1,에스엠(041510) 4Q24 실적 서프라이즈 달성,이환욱,유안타증권,2025-02-11,2026-05-04 22:48:11.228582+00:00,https://consensus.hankyung.com/analysis/downpdf?report_idx=638807
5582,1,에스티팜(237690) 4Q24Re: 올리고 매출 비중은 증가,하현수,유안타증권,2025-02-11,2026-05-04 22:48:11.228582+00:00,https://consensus.hankyung.com/analysis/downpdf?report_idx=638806
5583,1,파인엠텍(441270) 기저효과와 기대효과,권명준,유안타증권,2025-02-11,2026-05-04 22:48:11.228582+00:00,https://consensus.hankyung.com/analysis/downpdf?report_idx=638805
5584,1,DGB금융지주(139130) 2025년 이익증가율 100% 이상 전망,우도형,유안타증권,2025-02-11,2026-05-04 22:48:11.228582+00:00,https://consensus.hankyung.com/analysis/downpdf?report_idx=638804
5585,1,DGB금융지주(139130) 2025년 이익증가율 100% 이상 전망,우도형,유안타증권,2025-02-11,2026-05-04 22:48:11.228582+00:00,https://consensus.hankyung.com/analysis/downpdf?report_idx=638803
5586,1,우리금융지주(316140) 2025년 배당수익률 8.0% 비과세 시 8.8%,우도형,유안타증권,2025-02-11,2026-05-04 22:48:11.228582+00:00,https://consensus.hankyung.com/analysis/downpdf?report_idx=638802
5587,1,한세실업(105630) 제품 믹스 악화로 원가율 상승,유정현,대신증권,2025-02-11,2026-05-04 22:48:11.228582+00:00,https://consensus.hankyung.com/analysis/downpdf?report_idx=638801
5588,1,에스엠(041510) 2026년까지도 성공이 보장된 신인 라인업,임수진,대신증권,2025-02-11,2026-05-04 22:48:11.228582+00:00,https://consensus.hankyung.com/analysis/downpdf?report_idx=638800
5589,1,롯데칠성(005300) 내수 부진에도 솟아날 구멍,정한솔,대신증권,2025-02-11,2026-05-04 22:48:11.228582+00:00,https://consensus.hankyung.com/analysis/downpdf?report_idx=638799
5590,1,제이브이엠(054950) NDR 후기,이건재,IBK투자증권,2025-02-11,2026-05-04 22:48:11.228582+00:00,https://consensus.hankyung.com/analysis/downpdf?report_idx=638796
5591,1,마이크로디지탈(305090) 아직 실적을 논하긴 이른 시점,이건재,IBK투자증권,2025-02-11,2026-05-04 22:48:11.228582+00:00,https://consensus.hankyung.com/analysis/downpdf?report_idx=638795
5592,1,한화오션(042660) NDR 후기: 우려는 해소되고 기대는 커진다,오지훈,IBK투자증권,2025-02-11,2026-05-04 22:48:11.228582+00:00,https://consensus.hankyung.com/analysis/downpdf?report_idx=638793
5593,1,롯데칠성(005300) 해외 자회사만 믿는다,김태현,IBK투자증권,2025-02-11,2026-05-04 22:48:11.228582+00:00,https://consensus.hankyung.com/analysis/downpdf?report_idx=638791
5594,1,파마리서치(214450) 거의 한국의 팔란티어,조태나,유진투자증권,2025-02-11,2026-05-04 22:48:11.228582+00:00,https://consensus.hankyung.com/analysis/downpdf?report_idx=638787
5595,1,"인텔리안테크(189300) 역성장한 24년, 순성장할 25년",정의훈,유진투자증권,2025-02-11,2026-05-04 22:48:11.228582+00:00,https://consensus.hankyung.com/analysis/downpdf?report_idx=638786
5596,1,고영(098460) 4Q24 Review: 뇌수술용 로봇은 신호탄,박종선,유진투자증권,2025-02-11,2026-05-04 22:48:11.228582+00:00,https://consensus.hankyung.com/analysis/downpdf?report_idx=638785
5597,1,칩스앤미디어(094360) 4Q24 Review: 이젠 로열티 성장 기대,박종선,유진투자증권,2025-02-11,2026-05-04 22:48:11.228582+00:00,https://consensus.hankyung.com/analysis/downpdf?report_idx=638784
5598,1,에스엠(041510) 관심 없다고? 나 지금 서프 났는데?,이현지,유진투자증권,2025-02-11,2026-05-04 22:48:11.228582+00:00,https://consensus.hankyung.com/analysis/downpdf?report_idx=638783
5599,1,OCI홀딩스(010060) 최악은 지나가는 중,황성현,유진투자증권,2025-02-11,2026-05-04 22:48:11.228582+00:00,https://consensus.hankyung.com/analysis/downpdf?report_idx=638781
5600,1,ISC(095340) 서서히 드러나는 AI의 면모,이동주,SK증권,2025-02-11,2026-05-04 22:48:11.228582+00:00,https://consensus.hankyung.com/analysis/downpdf?report_idx=638778
5601,1,기업은행(024110) 보다 확실한 매력이 필요할 전망,설용진,SK증권,2025-02-11,2026-05-04 22:48:11.228582+00:00,https://consensus.hankyung.com/analysis/downpdf?report_idx=638777
5602,1,NH투자증권(005940) 향후 관건은 주주환원과 성장의 균형이 될 전망,설용진,SK증권,2025-02-11,2026-05-04 22:48:11.228582+00:00,https://consensus.hankyung.com/analysis/downpdf?report_idx=638776
5603,1,대웅제약(069620) 4Q24 Re: 25년에도 지속될 호실적,이선경,SK증권,2025-02-11,2026-05-04 22:48:11.228582+00:00,https://consensus.hankyung.com/analysis/downpdf?report_idx=638775
5604,1,파마리서치(214450) 예상보다 더 빠른 리쥬란 성장 속도,조은애,LS증권,2025-02-11,2026-05-04 22:48:11.228582+00:00,https://consensus.hankyung.com/analysis/downpdf?report_idx=638773
5605,1,대교(019680) 4Q24 Review: 25년은 이익 흑자를 기대하며,정홍식,LS증권,2025-02-11,2026-05-04 22:48:11.228582+00:00,https://consensus.hankyung.com/analysis/downpdf?report_idx=638772
5606,1,기업은행(024110) 고배당 강점 유지,전배승,LS증권,2025-02-11,2026-05-04 22:48:11.228582+00:00,https://consensus.hankyung.com/analysis/downpdf?report_idx=638771
5607,1,NH투자증권(005940) 추가비용 인식에도 견조한 핵심이익,전배승,LS증권,2025-02-11,2026-05-04 22:48:11.228582+00:00,https://consensus.hankyung.com/analysis/downpdf?report_idx=638770
5608,1,HL홀딩스(060980) 강한 주주환원+신사업,이병근,LS증권,2025-02-11,2026-05-04 22:48:11.228582+00:00,https://consensus.hankyung.com/analysis/downpdf?report_idx=638769
5609,1,대한항공(003490) [4Q24 Review] 언제나 그랬듯 호실적,박수영,한화투자증권,2025-02-10,2026-05-04 22:48:11.228582+00:00,https://consensus.hankyung.com/analysis/downpdf?report_idx=638767
5610,1,NAVER(035420) 시총 35조에 아직 반영되지 않은 것,김소혜,한화투자증권,2025-02-10,2026-05-04 22:48:11.228582+00:00,https://consensus.hankyung.com/analysis/downpdf?report_idx=638764
5611,1,LG(003550) [4Q24 Review] 지분법손익 악화로 인한 아쉬운 4분기 성적표,엄수진,한화투자증권,2025-02-10,2026-05-04 22:48:11.228582+00:00,https://consensus.hankyung.com/analysis/downpdf?report_idx=638763
5612,1,F&F(383220) 4Q24 Review : 긍정적 가이던스로 모멘텀 확대 전망,이진협,한화투자증권,2025-02-10,2026-05-04 22:48:11.228582+00:00,https://consensus.hankyung.com/analysis/downpdf?report_idx=638762
5613,1,NAVER(035420) 탑라인 성장 가능성 확인,남효지,SK증권,2025-02-10,2026-05-04 22:48:11.228582+00:00,https://consensus.hankyung.com/analysis/downpdf?report_idx=638759
5614,1,"SK케미칼(285130) 본업은 좋지만, 여전히 아쉬운 SKBS",김도현,SK증권,2025-02-10,2026-05-04 22:48:11.228582+00:00,https://consensus.hankyung.com/analysis/downpdf?report_idx=638755
5615,1,"롯데케미칼(011170) 적자의 점진적 축소, 25년 개선될 여건",김도현,SK증권,2025-02-10,2026-05-04 22:48:11.228582+00:00,https://consensus.hankyung.com/analysis/downpdf?report_idx=638754
5616,1,"F&F(383220) 국내 역 성장, 중국 견조",형권훈,SK증권,2025-02-10,2026-05-04 22:48:11.228582+00:00,https://consensus.hankyung.com/analysis/downpdf?report_idx=638753
5617,1,"DGB금융지주(139130) 예정된 실적 부진, 예상을 넘어서는 주주환원",설용진,SK증권,2025-02-10,2026-05-04 22:48:11.228582+00:00,https://consensus.hankyung.com/analysis/downpdf?report_idx=638751
5618,1,우리금융지주(316140) 주주가치 제고를 위한 최선의 노력 중,설용진,SK증권,2025-02-10,2026-05-04 22:48:11.228582+00:00,https://consensus.hankyung.com/analysis/downpdf?report_idx=638750
5619,1,삼성카드(029780) 4Q24 Review: 건전성 안정화된 가운데 시장 성장을 상회하는 성장 기록,설용진,SK증권,2025-02-10,2026-05-04 22:48:11.228582+00:00,https://consensus.hankyung.com/analysis/downpdf?report_idx=638749
5620,1,미래에셋증권(006800) 상업용 부동산 관련 우려에서 벗어나는 중,설용진,SK증권,2025-02-10,2026-05-04 22:48:11.228582+00:00,https://consensus.hankyung.com/analysis/downpdf?report_idx=638748
5621,1,현대글로비스(086280) [NDR 후기] 꾸준히 순항 중,이재혁,LS증권,2025-02-10,2026-05-04 22:48:11.228582+00:00,https://consensus.hankyung.com/analysis/downpdf?report_idx=638747
5622,1,"티앤엘(340570) 2025년, 미국에 유럽을 더하는 구간",조은애,LS증권,2025-02-10,2026-05-04 22:48:11.228582+00:00,https://consensus.hankyung.com/analysis/downpdf?report_idx=638746
5623,1,우리금융지주(316140) 적극적 자본관리와 주주환원 진전,전배승,LS증권,2025-02-10,2026-05-04 22:48:11.228582+00:00,https://consensus.hankyung.com/analysis/downpdf?report_idx=638745
5624,1,미래에셋증권(006800) 실적개선으로 주주환원 기반 강화,전배승,LS증권,2025-02-10,2026-05-04 22:48:11.228582+00:00,https://consensus.hankyung.com/analysis/downpdf?report_idx=638744
5625,1,JB금융지주(175330) 단기간에 밸류업 목표 근접,전배승,LS증권,2025-02-10,2026-05-04 22:48:11.228582+00:00,https://consensus.hankyung.com/analysis/downpdf?report_idx=638743
5626,1,DGB금융지주(139130) 강화된 주주환원과 25년 큰 폭의 실적개선,전배승,LS증권,2025-02-10,2026-05-04 22:48:11.228582+00:00,https://consensus.hankyung.com/analysis/downpdf?report_idx=638742
5627,1,대한항공(003490) 4Q24 Re: 견조한 실적 지속,배세호,iM증권,2025-02-10,2026-05-04 22:48:11.228582+00:00,https://consensus.hankyung.com/analysis/downpdf?report_idx=638738
5628,1,현대무벡스(319400) AI와 로보틱스 스마트 물류 이끌면서 실적 개선 가속화,이상현,iM증권,2025-02-10,2026-05-04 22:48:11.228582+00:00,https://consensus.hankyung.com/analysis/downpdf?report_idx=638736
5629,1,이노션(214320) 2025 년 계열 신차 라인업 강화,정지수,메리츠증권,2025-02-06,2026-05-04 22:48:11.228582+00:00,https://consensus.hankyung.com/analysis/downpdf?report_idx=638734
5630,1,엘앤에프(066970) 고객선 프리미엄 감안해도 낙관하기는 이른 시점,노우호,메리츠증권,2025-02-06,2026-05-04 22:48:11.228582+00:00,https://consensus.hankyung.com/analysis/downpdf?report_idx=638731
5631,1,"삼성중공업(010140) 4Q Review: 그럼에도 탑픽을 유지하는 이유, FLNG",배기연,메리츠증권,2025-02-06,2026-05-04 22:48:11.228582+00:00,https://consensus.hankyung.com/analysis/downpdf?report_idx=638728
5632,1,고려아연(010130) 4Q24 실적발표 업데이트,장재혁,메리츠증권,2025-02-06,2026-05-04 22:48:11.228582+00:00,https://consensus.hankyung.com/analysis/downpdf?report_idx=638724
5633,1,PI첨단소재(178920) 이구환신 + 스마트폰 슬림화 수혜 기대,양승수,메리츠증권,2025-02-06,2026-05-04 22:48:11.228582+00:00,https://consensus.hankyung.com/analysis/downpdf?report_idx=638723
5634,1,"카카오뱅크(323410) 비이자 개선은 긍정적, top line 정체는 불가피",김도하,한화투자증권,2025-02-06,2026-05-04 22:48:11.228582+00:00,https://consensus.hankyung.com/analysis/downpdf?report_idx=638722
5635,1,"이녹스첨단소재(272290) 상반기 실적 맑음, 모멘텀도 대기",권민규,SK증권,2025-02-06,2026-05-04 22:48:11.228582+00:00,https://consensus.hankyung.com/analysis/downpdf?report_idx=638719
5636,1,삼성중공업(010140) FLNG가 끌어올린&올릴 실적,한승한,SK증권,2025-02-06,2026-05-04 22:48:11.228582+00:00,https://consensus.hankyung.com/analysis/downpdf?report_idx=638718
5637,1,신세계인터내셔날(031430) 모멘텀을 기다리며,형권훈,SK증권,2025-02-06,2026-05-04 22:48:11.228582+00:00,https://consensus.hankyung.com/analysis/downpdf?report_idx=638717
5638,1,코미코(183300) 업황도 이겨낸 실적 행보,이동주,SK증권,2025-02-06,2026-05-04 22:48:11.228582+00:00,https://consensus.hankyung.com/analysis/downpdf?report_idx=638715
5639,1,키움증권(039490) 국내 증시 부진을 상쇄하는 해외주식 경쟁력,설용진,SK증권,2025-02-06,2026-05-04 22:48:11.228582+00:00,https://consensus.hankyung.com/analysis/downpdf?report_idx=638714
5640,1,엘앤에프(066970) 단기 모멘텀 유효하나 고객사 다각화 필요,이용욱,한화투자증권,2025-02-06,2026-05-04 22:48:11.228582+00:00,https://consensus.hankyung.com/analysis/downpdf?report_idx=638712
5641,1,산일전기(062040) 실적 대호조 지속 & 공격적 증설로 고성장 확보,성종화,LS증권,2025-02-06,2026-05-04 22:48:11.228582+00:00,https://consensus.hankyung.com/analysis/downpdf?report_idx=638711
5642,1,신세계(004170) 일회성 비용의 그림자,오린아,LS증권,2025-02-06,2026-05-04 22:48:11.228582+00:00,https://consensus.hankyung.com/analysis/downpdf?report_idx=638710
5643,1,신세계인터내셔날(031430) 4Q24 Review : 제조 코스메틱 비중 확대에 주목,이진협,한화투자증권,2025-02-06,2026-05-04 22:48:11.228582+00:00,https://consensus.hankyung.com/analysis/downpdf?report_idx=638709
5644,1,GS리테일(007070) 허리띠 조르는 2025년,오린아,LS증권,2025-02-06,2026-05-04 22:48:11.228582+00:00,https://consensus.hankyung.com/analysis/downpdf?report_idx=638708
5645,1,신세계(004170) 4Q24 Review : 더 이상 후순위가 아니다,이진협,한화투자증권,2025-02-06,2026-05-04 22:48:11.228582+00:00,https://consensus.hankyung.com/analysis/downpdf?report_idx=638707
5646,1,키움증권(039490) 해외주식 수수료가 국내를 상회,전배승,LS증권,2025-02-06,2026-05-04 22:48:11.228582+00:00,https://consensus.hankyung.com/analysis/downpdf?report_idx=638706
5647,1,삼양식품(003230) 분기 최대 매출 달성,한유정,한화투자증권,2025-02-06,2026-05-04 22:48:11.228582+00:00,https://consensus.hankyung.com/analysis/downpdf?report_idx=638705
5648,1,카카오뱅크(323410) 플랫폼 수익 확대와 기대감,전배승,LS증권,2025-02-06,2026-05-04 22:48:11.228582+00:00,https://consensus.hankyung.com/analysis/downpdf?report_idx=638704
5649,1,"KB금융(105560) 하반기 자사주 소각 규모도 5,000억원 상회 예상",전배승,LS증권,2025-02-06,2026-05-04 22:48:11.228582+00:00,https://consensus.hankyung.com/analysis/downpdf?report_idx=638702
5650,1,"KB금융(105560) 자본정책 로직을 그대로 이행, 하반기 자사주 기대",김도하,한화투자증권,2025-02-06,2026-05-04 22:48:11.228582+00:00,https://consensus.hankyung.com/analysis/downpdf?report_idx=638701
5651,1,GS건설(006360) 4Q24 Review: 잘하는 걸 더 잘하기,김세련,LS증권,2025-02-06,2026-05-04 22:48:11.228582+00:00,https://consensus.hankyung.com/analysis/downpdf?report_idx=638700
5652,1,에스원(012750) [NDR 후기] 배당 금수저,김세련,LS증권,2025-02-06,2026-05-04 22:48:11.228582+00:00,https://consensus.hankyung.com/analysis/downpdf?report_idx=638699
5653,1,GS리테일(007070) 4Q24 Review : 비용의 늪,이진협,한화투자증권,2025-02-06,2026-05-04 22:48:11.228582+00:00,https://consensus.hankyung.com/analysis/downpdf?report_idx=638698
5654,1,"엘앤에프(066970) Tesla향 차세대 2170, 4680 배터리의 수혜","정원석,손우성",iM증권,2025-02-06,2026-05-04 22:48:11.228582+00:00,https://consensus.hankyung.com/analysis/downpdf?report_idx=638696
5655,1,"삼성중공업(010140) 꾸준한 실적상승 기대, 사라진 FLNG 경쟁",변용진,iM증권,2025-02-06,2026-05-04 22:48:11.228582+00:00,https://consensus.hankyung.com/analysis/downpdf?report_idx=638695
5656,1,롯데정밀화학(004000) 글리세린 구조적 강세의 반사수혜,"전유진,장호",iM증권,2025-02-06,2026-05-04 22:48:11.228582+00:00,https://consensus.hankyung.com/analysis/downpdf?report_idx=638694
5657,1,LG생활건강(051900) 4Q24 Review: 인력 조정과 자산손상처리,이해니,유진투자증권,2025-02-05,2026-05-04 22:48:11.228582+00:00,https://consensus.hankyung.com/analysis/downpdf?report_idx=638690
5658,1,한미약품(128940) 4Q24 Review: ADA 2025 가 터닝포인트,김준영,메리츠증권,2025-02-05,2026-05-04 22:48:11.228582+00:00,https://consensus.hankyung.com/analysis/downpdf?report_idx=638687
5659,1,한국타이어앤테크놀로지(161390) 경영 성과와 경영 전략의 불협화음,김준성,메리츠증권,2025-02-05,2026-05-04 22:48:11.228582+00:00,https://consensus.hankyung.com/analysis/downpdf?report_idx=638686
5660,1,하나금융지주(086790) 4Q24 Review: RWA 관리 역량 증명,조아해,메리츠증권,2025-02-05,2026-05-04 22:48:11.228582+00:00,https://consensus.hankyung.com/analysis/downpdf?report_idx=638685
5661,1,파크시스템스(140860) 독자적 성장 스토리 지속,김동관,메리츠증권,2025-02-05,2026-05-04 22:48:11.228582+00:00,https://consensus.hankyung.com/analysis/downpdf?report_idx=638684
5662,1,제일기획(030000) 부진한 업황에도 견고한 실적,정지수,메리츠증권,2025-02-05,2026-05-04 22:48:11.228582+00:00,https://consensus.hankyung.com/analysis/downpdf?report_idx=638681
5663,1,LS(006260) LS 전선 4Q24 잠정실적 업데이트,장재혁,메리츠증권,2025-02-05,2026-05-04 22:48:11.228582+00:00,https://consensus.hankyung.com/analysis/downpdf?report_idx=638673
5664,1,LG생활건강(051900) 4Q24 실적: ‘25 년 실적 턴어라운드 가능성을 높이다,박종대,메리츠증권,2025-02-05,2026-05-04 22:48:11.228582+00:00,https://consensus.hankyung.com/analysis/downpdf?report_idx=638672
5665,1,HD현대마린솔루션(443060) 4Q Review: 신조선가와 무관한 단단한 ASP 성장,배기연,메리츠증권,2025-02-05,2026-05-04 22:48:11.228582+00:00,https://consensus.hankyung.com/analysis/downpdf?report_idx=638671
5666,1,"금호석유(011780) 우호적 수급, 본업 회복 지속",김도현,SK증권,2025-02-05,2026-05-04 22:48:11.228582+00:00,https://consensus.hankyung.com/analysis/downpdf?report_idx=638669
5667,1,HS효성첨단소재(298050) 견조한 본업과 안정적 이익개선,김도현,SK증권,2025-02-05,2026-05-04 22:48:11.228582+00:00,https://consensus.hankyung.com/analysis/downpdf?report_idx=638668
5668,1,SGC에너지(005090) 화공 플랜트 회복 + SMP/유연탄이 변수,나민식,SK증권,2025-02-05,2026-05-04 22:48:11.228582+00:00,https://consensus.hankyung.com/analysis/downpdf?report_idx=638667
5669,1,하나금융지주(086790) 환율 영향에도 밸류업 이상 무,설용진,SK증권,2025-02-05,2026-05-04 22:48:11.228582+00:00,https://consensus.hankyung.com/analysis/downpdf?report_idx=638666
5670,1,하나금융지주(086790) 자본관리 역량 제고와 주주환원 지속 강화,전배승,LS증권,2025-02-05,2026-05-04 22:48:11.228582+00:00,https://consensus.hankyung.com/analysis/downpdf?report_idx=638663
5671,1,"동국제약(086450) 낙폭과대, 2025년 성장 기대감",정홍식,LS증권,2025-02-05,2026-05-04 22:48:11.228582+00:00,https://consensus.hankyung.com/analysis/downpdf?report_idx=638662
5672,1,"한국가스공사(036460) 배당 재개 위한 미수금 회수, 그 전제는 요금 인상",성종화,LS증권,2025-02-05,2026-05-04 22:48:11.228582+00:00,https://consensus.hankyung.com/analysis/downpdf?report_idx=638659
5673,1,한미약품(128940) 4Q24 Re: 반등을 위한 조건,장민환,iM증권,2025-02-05,2026-05-04 22:48:11.228582+00:00,https://consensus.hankyung.com/analysis/downpdf?report_idx=638658
5674,1,금호석유(011780) 고래 싸움에 새우가 득 볼 기회,"전유진,장호",iM증권,2025-02-05,2026-05-04 22:48:11.228582+00:00,https://consensus.hankyung.com/analysis/downpdf?report_idx=638657
5675,1,한국타이어앤테크놀로지(161390) 4Q24 Review: 한온시스템 vs 견조한 본업,조희승,iM증권,2025-02-05,2026-05-04 22:48:11.228582+00:00,https://consensus.hankyung.com/analysis/downpdf?report_idx=638655
5676,1,POSCO홀딩스(005490) 어려움을 그대로 보여줬던 실적,이현수,유안타증권,2025-02-04,2026-05-04 22:48:11.228582+00:00,https://consensus.hankyung.com/analysis/downpdf?report_idx=638653
5677,1,LG화학(051910) 2025년 배터리 소재 회복에 인내가 필요해!,황규원,유안타증권,2025-02-04,2026-05-04 22:48:11.228582+00:00,https://consensus.hankyung.com/analysis/downpdf?report_idx=638652
5678,1,HDC현대산업개발(294870) 자체사업이 보여준 '25년 실적의 방향,장윤석,유안타증권,2025-02-04,2026-05-04 22:48:11.228582+00:00,https://consensus.hankyung.com/analysis/downpdf?report_idx=638651
5679,1,"해성디에스(195870) 아쉬운 실적 지속, 올해 하반기 반전 기대",양승수,메리츠증권,2025-02-04,2026-05-04 22:48:11.228582+00:00,https://consensus.hankyung.com/analysis/downpdf?report_idx=638649
5680,1,포스코퓨처엠(003670) 2025 년 투자의견 변수는 정책과 펀더멘털,노우호,메리츠증권,2025-02-04,2026-05-04 22:48:11.228582+00:00,https://consensus.hankyung.com/analysis/downpdf?report_idx=638648
5681,1,포스코인터내셔널(047050) 4Q24 Review: 일시적 부진 vs 명확해진 배당주 컨셉,문경원,메리츠증권,2025-02-04,2026-05-04 22:48:11.228582+00:00,https://consensus.hankyung.com/analysis/downpdf?report_idx=638647
5682,1,SK오션플랜트(100090) 4Q24 Review: 변한 것은 템포 뿐,문경원,메리츠증권,2025-02-04,2026-05-04 22:48:11.228582+00:00,https://consensus.hankyung.com/analysis/downpdf?report_idx=638636
5683,1,POSCO홀딩스(005490) 뚜렷한 업황 개선 모멘텀 필요,장재혁,메리츠증권,2025-02-04,2026-05-04 22:48:11.228582+00:00,https://consensus.hankyung.com/analysis/downpdf?report_idx=638635
5684,1,LG화학(051910) 4Q24 Review: 주력 사업부문 불황 장기화,노우호,메리츠증권,2025-02-04,2026-05-04 22:48:11.228582+00:00,https://consensus.hankyung.com/analysis/downpdf?report_idx=638634
5685,1,딥노이드(315640) 생성형AI 신사업을 통한 신성장동력 확보,허선재,SK증권,2025-02-04,2026-05-04 22:48:11.228582+00:00,https://consensus.hankyung.com/analysis/downpdf?report_idx=638631
5686,1,"효성티앤씨(298020) 비수기 영향으로 감익, 25년 개선 예상",김도현,SK증권,2025-02-04,2026-05-04 22:48:11.228582+00:00,https://consensus.hankyung.com/analysis/downpdf?report_idx=638630
5687,1,POSCO홀딩스(005490) 중요한 건 메탈 가격,이규익,SK증권,2025-02-04,2026-05-04 22:48:11.228582+00:00,https://consensus.hankyung.com/analysis/downpdf?report_idx=638629
5688,1,현대오토에버(307950) 고객사 미국 진출과 디지털 전환 수혜의 이중주,"윤혁진,박준형",SK증권,2025-02-04,2026-05-04 22:48:11.228582+00:00,https://consensus.hankyung.com/analysis/downpdf?report_idx=638628
5689,1,"비올(335890) 2025년, 미국에 중국을 더하며 성장 지속",조은애,LS증권,2025-02-04,2026-05-04 22:48:11.228582+00:00,https://consensus.hankyung.com/analysis/downpdf?report_idx=638625
5690,1,효성중공업(298040) 중공업 대호조가 건설 다소 부진을 압도,성종화,LS증권,2025-02-04,2026-05-04 22:48:11.228582+00:00,https://consensus.hankyung.com/analysis/downpdf?report_idx=638624
5691,1,현대오토에버(307950) 꾸준한 성장,이병근,LS증권,2025-02-04,2026-05-04 22:48:11.228582+00:00,https://consensus.hankyung.com/analysis/downpdf?report_idx=638623
5692,1,에스엠(041510) 시나브로 달라진 나,박수영,한화투자증권,2025-02-04,2026-05-04 22:48:11.228582+00:00,https://consensus.hankyung.com/analysis/downpdf?report_idx=638618
5693,1,대덕전자(353200) 26년 기준 MLB 사업가치가 PKG 사업가치에 근접,"고의영,손우성",iM증권,2025-02-04,2026-05-04 22:48:11.228582+00:00,https://consensus.hankyung.com/analysis/downpdf?report_idx=638617
5694,1,삼성화재(000810) 추정치 변동 없음,김도하,한화투자증권,2025-02-04,2026-05-04 22:48:11.228582+00:00,https://consensus.hankyung.com/analysis/downpdf?report_idx=638616
5695,1,POSCO홀딩스(005490) 현실화된 Macro 불확실성,"김윤상,공도연",iM증권,2025-02-04,2026-05-04 22:48:11.228582+00:00,https://consensus.hankyung.com/analysis/downpdf?report_idx=638615
5696,1,현대오토에버(307950) 4Q24 Review: 조삼모사,조희승,iM증권,2025-02-04,2026-05-04 22:48:11.228582+00:00,https://consensus.hankyung.com/analysis/downpdf?report_idx=638612
5697,1,HDC현대산업개발(294870) 4Q24 Re: 예상대비 높은 서울원 계약률,배세호,iM증권,2025-02-04,2026-05-04 22:48:11.228582+00:00,https://consensus.hankyung.com/analysis/downpdf?report_idx=638610
5698,1,LG화학(051910) 좀처럼 모멘텀을 찾기가 쉽지 않다,"전유진,장호",iM증권,2025-02-04,2026-05-04 22:48:11.228582+00:00,https://consensus.hankyung.com/analysis/downpdf?report_idx=638609
5699,1,"주성엔지니어링(036930) 4Q24, 일회성 비용 제거시 부합",이동주,SK증권,2025-02-03,2026-05-04 22:48:11.228582+00:00,https://consensus.hankyung.com/analysis/downpdf?report_idx=638592
5700,1,삼성전자(005930) 전통 수요처 부진 속 더욱 중요해진 HBM 성과,김광진,한화투자증권,2025-02-03,2026-05-04 22:48:11.228582+00:00,https://consensus.hankyung.com/analysis/downpdf?report_idx=638590
5701,1,"유니드(014830) 일회성 영향, 25년 이익 정상화 예상",김도현,SK증권,2025-02-03,2026-05-04 22:48:11.228582+00:00,https://consensus.hankyung.com/analysis/downpdf?report_idx=638587
5702,1,"삼성화재(000810) 기존 내용의 재확인+@, 그리고 불확실성",설용진,SK증권,2025-02-03,2026-05-04 22:48:11.228582+00:00,https://consensus.hankyung.com/analysis/downpdf?report_idx=638584
5703,1,산일전기(062040) 6개월 보호예수물량 점검,성종화,LS증권,2025-02-03,2026-05-04 22:48:11.228582+00:00,https://consensus.hankyung.com/analysis/downpdf?report_idx=638579
5704,1,효성(004800) 이사의 주주 충실의무에 대한 고찰,이상헌,iM증권,2025-02-03,2026-05-04 22:48:11.228582+00:00,https://consensus.hankyung.com/analysis/downpdf?report_idx=638576
5705,1,에스원(012750) AI CCTV 수요 증가 및 AI GOP 본격화 수혜,이상헌,iM증권,2025-02-03,2026-05-04 22:48:11.228582+00:00,https://consensus.hankyung.com/analysis/downpdf?report_idx=638575
5706,1,SK하이닉스(000660) HBM에도계절성발생,송명섭,iM증권,2025-02-03,2026-05-04 22:48:11.228582+00:00,https://consensus.hankyung.com/analysis/downpdf?report_idx=638573
5707,1,삼성전자(005930) 경쟁력및주가회복을확신하기엔아직도너무많은변수,송명섭,iM증권,2025-02-03,2026-05-04 22:48:11.228582+00:00,https://consensus.hankyung.com/analysis/downpdf?report_idx=638572
5708,1,삼성화재(000810) 구체화된 주주환원정책,조아해,메리츠증권,2025-02-03,2026-05-04 22:48:11.228582+00:00,https://consensus.hankyung.com/analysis/downpdf?report_idx=638564
5709,1,삼성화재(000810) 보유 자사주 소각이 핵심,전배승,LS증권,2025-02-03,2026-05-04 22:48:11.228582+00:00,https://consensus.hankyung.com/analysis/downpdf?report_idx=638560
5710,1,기아(000270) 긍적적인 가이던스 제시,이현욱,IBK투자증권,2025-01-31,2026-05-04 22:48:11.228582+00:00,https://consensus.hankyung.com/analysis/downpdf?report_idx=638557
5711,1,S-Oil(010950) 올해 세계 정제설비 순증 물량 급감 전망,이동욱,IBK투자증권,2025-01-31,2026-05-04 22:48:11.228582+00:00,https://consensus.hankyung.com/analysis/downpdf?report_idx=638555
5712,1,현대모비스(012330) [4Q24 Review] 펀더멘털 개선에 상향된 주주환원까지,김성래,한화투자증권,2025-01-31,2026-05-04 22:48:11.228582+00:00,https://consensus.hankyung.com/analysis/downpdf?report_idx=638554
5713,1,기아(000270) [4Q24 Review] 물량 확대가 중요한 ’25년,김성래,한화투자증권,2025-01-31,2026-05-04 22:48:11.228582+00:00,https://consensus.hankyung.com/analysis/downpdf?report_idx=638552
5714,1,한화오션(042660) 4Q24 Review: 환율과 C/O 의 콜라보,배기연,메리츠증권,2025-01-31,2026-05-04 22:48:11.228582+00:00,https://consensus.hankyung.com/analysis/downpdf?report_idx=638551
5715,1,인텔리안테크(189300) 서비스 지연에 따른 실적 부진,정지수,메리츠증권,2025-01-31,2026-05-04 22:48:11.228582+00:00,https://consensus.hankyung.com/analysis/downpdf?report_idx=638546
5716,1,엠씨넥스(097520) S25 수혜 + 전장 이익 확대,양승수,메리츠증권,2025-01-31,2026-05-04 22:48:11.228582+00:00,https://consensus.hankyung.com/analysis/downpdf?report_idx=638543
5717,1,에이치브이엠(295310) 성장하는 전방 산업,정지수,메리츠증권,2025-01-31,2026-05-04 22:48:11.228582+00:00,https://consensus.hankyung.com/analysis/downpdf?report_idx=638542
5718,1,S-Oil(010950) 유가 방향성에 따른 연중 컨센서스 변화,노우호,메리츠증권,2025-01-31,2026-05-04 22:48:11.228582+00:00,https://consensus.hankyung.com/analysis/downpdf?report_idx=638538
5719,1,"한국전력(015760) 손익구조 회복, 실적 방향성으로 투자 여론 정립 필요",성종화,LS증권,2025-01-31,2026-05-04 22:48:11.228582+00:00,https://consensus.hankyung.com/analysis/downpdf?report_idx=638537
5720,1,한화오션(042660) 4Q24 Review: 높았던 기대를 아득히 충족한 실적,이재혁,LS증권,2025-01-31,2026-05-04 22:48:11.228582+00:00,https://consensus.hankyung.com/analysis/downpdf?report_idx=638536
5721,1,LG에너지솔루션(373220) 침체된 업황. 돌파구 필요,노우호,메리츠증권,2025-01-31,2026-05-04 22:48:11.228582+00:00,https://consensus.hankyung.com/analysis/downpdf?report_idx=638535
5722,1,CJ대한통운(000120) 4Q24 Preview: 실적 전선 이상 없음,이재혁,LS증권,2025-01-31,2026-05-04 22:48:11.228582+00:00,https://consensus.hankyung.com/analysis/downpdf?report_idx=638533
5723,1,AJ네트웍스(095570) 배당락만으로 설명하기엔 더 보여줄 것이 많다,이재혁,LS증권,2025-01-31,2026-05-04 22:48:11.228582+00:00,https://consensus.hankyung.com/analysis/downpdf?report_idx=638532
5724,1,현대모비스(012330) AS가 견인한 실적,이병근,LS증권,2025-01-31,2026-05-04 22:48:11.228582+00:00,https://consensus.hankyung.com/analysis/downpdf?report_idx=638530
5725,1,"기아(000270) OPM 10%, 배당수익률 6%",이병근,LS증권,2025-01-31,2026-05-04 22:48:11.228582+00:00,https://consensus.hankyung.com/analysis/downpdf?report_idx=638529
5726,1,휴메딕스(200670) 필러 수출 고성장이 숫자로 확인되는 시점,조은애,LS증권,2025-01-31,2026-05-04 22:48:11.228582+00:00,https://consensus.hankyung.com/analysis/downpdf?report_idx=638528
5727,1,현대모비스(012330) 턴어라운드 중,"윤혁진,박준형",SK증권,2025-01-31,2026-05-04 22:48:11.228582+00:00,https://consensus.hankyung.com/analysis/downpdf?report_idx=638524
5728,1,기아(000270) 25년부터 시작되는 신차 사이클 기대한다,"윤혁진,박준형",SK증권,2025-01-31,2026-05-04 22:48:11.228582+00:00,https://consensus.hankyung.com/analysis/downpdf?report_idx=638523
5729,1,"서진시스템(178320) 주가는 저평가, 사업은 탄탄대로",나승두,SK증권,2025-01-31,2026-05-04 22:48:11.228582+00:00,https://consensus.hankyung.com/analysis/downpdf?report_idx=638522
5730,1,"삼성전기(009150) 25년 산업, 전장 매출 비중 36% 전망","고의영,손우성",iM증권,2025-01-31,2026-05-04 22:48:11.228582+00:00,https://consensus.hankyung.com/analysis/downpdf?report_idx=638520
5731,1,LG에너지솔루션(373220) 중장기 실적 추정치 하향 조정,"정원석,손우성",iM증권,2025-01-31,2026-05-04 22:48:11.228582+00:00,https://consensus.hankyung.com/analysis/downpdf?report_idx=638519
5732,1,"한화오션(042660) 특수선은 거들뿐, 드디어 본업 정상화",변용진,iM증권,2025-01-31,2026-05-04 22:48:11.228582+00:00,https://consensus.hankyung.com/analysis/downpdf?report_idx=638518
5733,1,한화(000880) 이사의 주주 충실의무에 대한 고찰,이상헌,iM증권,2025-01-31,2026-05-04 22:48:11.228582+00:00,https://consensus.hankyung.com/analysis/downpdf?report_idx=638517
5734,1,삼성SDI(006400) 중장기 실적 추정치 하향 조정,"정원석,손우성",iM증권,2025-01-31,2026-05-04 22:48:11.228582+00:00,https://consensus.hankyung.com/analysis/downpdf?report_idx=638514
5735,1,LS ELECTRIC(010120) 주가의 속도조절이 필요한 시기,이상헌,iM증권,2025-01-31,2026-05-04 22:48:11.228582+00:00,https://consensus.hankyung.com/analysis/downpdf?report_idx=638512
5736,1,삼성바이오로직스(207940) 25년도 기대되는 한 해,김선아,상상인증권,2025-01-24,2026-05-04 22:48:11.228582+00:00,https://consensus.hankyung.com/analysis/downpdf?report_idx=638511
5737,1,루닛(328130) 빅파마가 찾는 의료 AI 기업,"임윤진,변해민",한국IR협의회,2025-01-24,2026-05-04 22:48:11.228582+00:00,https://consensus.hankyung.com/analysis/downpdf?report_idx=638509
5738,1,"하이비젼시스템(126700) 쉽지 않았던 2024년 하반기, 저점을 지나는 중","이새롬,권지승",한국IR협의회,2025-01-24,2026-05-04 22:48:11.228582+00:00,https://consensus.hankyung.com/analysis/downpdf?report_idx=638508
5739,1,"석경에이티(357550) 10억분의 1의 과학, 나노소재 글로벌 강소기업","이원재,이회경",한국IR협의회,2025-01-24,2026-05-04 22:48:11.228582+00:00,https://consensus.hankyung.com/analysis/downpdf?report_idx=638507
5740,1,현대차(005380) [4Q24 Review] 대외 불확실성과 고비용 구조 해소가 관건,"김성래,권지우",한화투자증권,2025-01-24,2026-05-04 22:48:11.228582+00:00,https://consensus.hankyung.com/analysis/downpdf?report_idx=638505
5741,1,한화투자증권(003530) 4Q24 Review: 내년에도 배당에 대한 기대를 확인,박수영,한화투자증권,2025-01-24,2026-05-04 22:48:11.228582+00:00,https://consensus.hankyung.com/analysis/downpdf?report_idx=638504
5742,1,SK하이닉스(000660) 전통 수요처 부진보다 AI 시장 성장세에 집중,김광진,한화투자증권,2025-01-24,2026-05-04 22:48:11.228582+00:00,https://consensus.hankyung.com/analysis/downpdf?report_idx=638503
5743,1,삼성에스디에스(018260) 약해진 투자포인트,김소혜,한화투자증권,2025-01-24,2026-05-04 22:48:11.228582+00:00,https://consensus.hankyung.com/analysis/downpdf?report_idx=638499
5744,1,"삼성E&A(028050) 실적, 수주, 주주환원",장윤석,유안타증권,2025-01-24,2026-05-04 22:48:11.228582+00:00,https://consensus.hankyung.com/analysis/downpdf?report_idx=638498
5745,1,현대차(005380) 숫자로는 충분히 증명했던 '24년,이현수,유안타증권,2025-01-24,2026-05-04 22:48:11.228582+00:00,https://consensus.hankyung.com/analysis/downpdf?report_idx=638497
5746,1,신성에스티(416180) [다시봐] 확대되는 수주 & 공격적인 투자,권명준,유안타증권,2025-01-24,2026-05-04 22:48:11.228582+00:00,https://consensus.hankyung.com/analysis/downpdf?report_idx=638496
5747,1,펌텍코리아(251970) 4Q24 Preview: 영업이익 컨센서스 부합 예상,이승은,유안타증권,2025-01-24,2026-05-04 22:48:11.228582+00:00,https://consensus.hankyung.com/analysis/downpdf?report_idx=638495
5748,1,에코프로비엠(247540) 에코프로비엠 이전 상장 – 칼각에 민감할 구간,고경범,유안타증권,2025-01-24,2026-05-04 22:48:11.228582+00:00,https://consensus.hankyung.com/analysis/downpdf?report_idx=638490
5749,1,삼성E&A(028050) 4Q24 Review: 반격의 토대를 마련,문경원,메리츠증권,2025-01-24,2026-05-04 22:48:11.228582+00:00,https://consensus.hankyung.com/analysis/downpdf?report_idx=638488
5750,1,"LG전자(066570) 탑라인 경쟁력은 입증, 수익성 개선 필요",양승수,메리츠증권,2025-01-24,2026-05-04 22:48:11.228582+00:00,https://consensus.hankyung.com/analysis/downpdf?report_idx=638484
5751,1,이수페타시스(007660) 올바른 결정,양승수,메리츠증권,2025-01-24,2026-05-04 22:48:11.228582+00:00,https://consensus.hankyung.com/analysis/downpdf?report_idx=638483
5752,1,"세아제강(306200) Drill, Baby, Drill",박장욱,대신증권,2025-01-24,2026-05-04 22:48:11.228582+00:00,https://consensus.hankyung.com/analysis/downpdf?report_idx=638476
5753,1,LS ELECTRIC(010120) 4Q24 서프라이즈! 2025년 미국 AI향 전력기기 최대 수혜 업체,허민호,대신증권,2025-01-24,2026-05-04 22:48:11.228582+00:00,https://consensus.hankyung.com/analysis/downpdf?report_idx=638475
5754,1,SK하이닉스(000660) 어려운 업황에서 돋보이는 경쟁력,신석환,대신증권,2025-01-24,2026-05-04 22:48:11.228582+00:00,https://consensus.hankyung.com/analysis/downpdf?report_idx=638474
5755,1,"현대차(005380) 현대차를 사야하는 이유 : 팰리세이드, GM, BuyOn!",김귀연,대신증권,2025-01-24,2026-05-04 22:48:11.228582+00:00,https://consensus.hankyung.com/analysis/downpdf?report_idx=638473
5756,1,현대모비스(012330) 현대모비스 실적&주가 관전 포인트,김귀연,대신증권,2025-01-24,2026-05-04 22:48:11.228582+00:00,https://consensus.hankyung.com/analysis/downpdf?report_idx=638472
5757,1,현대차(005380) 2025년에도 견조한 실적,이병근,LS증권,2025-01-24,2026-05-04 22:48:11.228582+00:00,https://consensus.hankyung.com/analysis/downpdf?report_idx=638469
5758,1,HMM(011200) 질풍가도,이재혁,LS증권,2025-01-24,2026-05-04 22:48:11.228582+00:00,https://consensus.hankyung.com/analysis/downpdf?report_idx=638468
5759,1,덴티움(145720) 2025년 상저하고 예상,조은애,LS증권,2025-01-24,2026-05-04 22:48:11.228582+00:00,https://consensus.hankyung.com/analysis/downpdf?report_idx=638466
5760,1,삼성E&A(028050) 4Q24 Review: 보법이 다른 마진,김세련,LS증권,2025-01-24,2026-05-04 22:48:11.228582+00:00,https://consensus.hankyung.com/analysis/downpdf?report_idx=638465
5761,1,현대차(005380) 4Q24 Review: 강달러의 역풍,조희승,iM증권,2025-01-24,2026-05-04 22:48:11.228582+00:00,https://consensus.hankyung.com/analysis/downpdf?report_idx=638464
5762,1,SK하이닉스(000660) 좀더 여유를 가지고 저점 매수하는 전략 권고,"송명섭,손우성",iM증권,2025-01-24,2026-05-04 22:48:11.228582+00:00,https://consensus.hankyung.com/analysis/downpdf?report_idx=638463
5763,1,LG전자(066570) 2024년 복기와 2025년의 관전포인트들,"고의영,손우성",iM증권,2025-01-24,2026-05-04 22:48:11.228582+00:00,https://consensus.hankyung.com/analysis/downpdf?report_idx=638462
5764,1,삼성바이오로직스(207940) 4Q24 Re: 성장 둔화는 없다,장민환,iM증권,2025-01-24,2026-05-04 22:48:11.228582+00:00,https://consensus.hankyung.com/analysis/downpdf?report_idx=638461
5765,1,"LS ELECTRIC(010120) 성큼 다가온 AIDC발 배전 초호황, 실적호조마저 2nd 모멘텀",성종화,LS증권,2025-01-24,2026-05-04 22:48:11.228582+00:00,https://consensus.hankyung.com/analysis/downpdf?report_idx=638460
5766,1,"SK하이닉스(000660) 단기 실적 둔화, 하지만 HBM 주도권 및 이익의 질은 개선",이승우,유진투자증권,2025-01-24,2026-05-04 22:48:11.228582+00:00,https://consensus.hankyung.com/analysis/downpdf?report_idx=638457
5767,1,현대차(005380) 4Q24 Review: 새로운 시작,이재일,유진투자증권,2025-01-24,2026-05-04 22:48:11.228582+00:00,https://consensus.hankyung.com/analysis/downpdf?report_idx=638456
5768,1,"한솔제지(213500) 4Q24 Review: 대손 처리 마무리, 실적 회복 지속 기대",박종선,유진투자증권,2025-01-24,2026-05-04 22:48:11.228582+00:00,https://consensus.hankyung.com/analysis/downpdf?report_idx=638455
5769,1,SK스퀘어(402340) 25년 주주환원도 기대,최관순,SK증권,2025-01-24,2026-05-04 22:48:11.228582+00:00,https://consensus.hankyung.com/analysis/downpdf?report_idx=638454
5770,1,삼성에스디에스(018260) 방향성을 보는 투자,최관순,SK증권,2025-01-24,2026-05-04 22:48:11.228582+00:00,https://consensus.hankyung.com/analysis/downpdf?report_idx=638453
5771,1,"코오롱인더(120110) 베트남 타이어코드 플랜트, 2.1만톤 증설 추진",이동욱,IBK투자증권,2025-01-24,2026-05-04 22:48:11.228582+00:00,https://consensus.hankyung.com/analysis/downpdf?report_idx=638452
5772,1,SK하이닉스(000660) 4분기 AI 수요 수혜. 25년 1분기 수요 부진 영향,김운호,IBK투자증권,2025-01-24,2026-05-04 22:48:11.228582+00:00,https://consensus.hankyung.com/analysis/downpdf?report_idx=638451
5773,1,LG전자(066570) 이제 다시 성수기,김운호,IBK투자증권,2025-01-24,2026-05-04 22:48:11.228582+00:00,https://consensus.hankyung.com/analysis/downpdf?report_idx=638450
5774,1,현대차(005380) 관세 한고비 남았다,"윤혁진,박준형",SK증권,2025-01-24,2026-05-04 22:48:11.228582+00:00,https://consensus.hankyung.com/analysis/downpdf?report_idx=638449
5775,1,이수페타시스(007660) AI기판 대장주가 다시 돌아왔다,"박형우,권민규",SK증권,2025-01-24,2026-05-04 22:48:11.228582+00:00,https://consensus.hankyung.com/analysis/downpdf?report_idx=638448
5776,1,LG전자(066570) 가전 홀로 하드캐리 (실적 견인),"박형우,권민규",SK증권,2025-01-24,2026-05-04 22:48:11.228582+00:00,https://consensus.hankyung.com/analysis/downpdf?report_idx=638444
5777,1,현대차(005380) 낮아진 톤,이현욱,IBK투자증권,2025-01-24,2026-05-04 22:48:11.228582+00:00,https://consensus.hankyung.com/analysis/downpdf?report_idx=638442
5778,1,대동(000490) 미국 인력난의 해결책,박찬솔,SK증권,2025-01-24,2026-05-04 22:48:11.228582+00:00,https://consensus.hankyung.com/analysis/downpdf?report_idx=638441
5779,1,동국제강(460860) 최악은 지나가는 듯,김진범,상상인증권,2025-01-23,2026-05-04 22:48:11.228582+00:00,https://consensus.hankyung.com/analysis/downpdf?report_idx=638437
5780,1,펌텍코리아(251970) 해외로 가요,"한유정,이다연",한화투자증권,2025-01-23,2026-05-04 22:48:11.228582+00:00,https://consensus.hankyung.com/analysis/downpdf?report_idx=638434
5781,1,한국콜마(161890) 사실은 호실적,"한유정,이다연",한화투자증권,2025-01-23,2026-05-04 22:48:11.228582+00:00,https://consensus.hankyung.com/analysis/downpdf?report_idx=638433
5782,1,코스맥스(192820) 점점 더 범접할 수 없는 영역으로,"한유정,이다연",한화투자증권,2025-01-23,2026-05-04 22:48:11.228582+00:00,https://consensus.hankyung.com/analysis/downpdf?report_idx=638432
5783,1,현대건설(000720) 터널의 끝자락,장윤석,유안타증권,2025-01-23,2026-05-04 22:48:11.228582+00:00,https://consensus.hankyung.com/analysis/downpdf?report_idx=638431
5784,1,와이지엔터테인먼트(122870) 4Q24 preview: 영업 적자 지속,이환욱,유안타증권,2025-01-23,2026-05-04 22:48:11.228582+00:00,https://consensus.hankyung.com/analysis/downpdf?report_idx=638425
5785,1,에스엠(041510) 4Q24 Preview: 실적 컨센서스 상회 전망,이환욱,유안타증권,2025-01-23,2026-05-04 22:48:11.228582+00:00,https://consensus.hankyung.com/analysis/downpdf?report_idx=638424
5786,1,"삼성바이오로직스(207940) 잘 마무리한 2024년, 기대되는 2025년",김준영,메리츠증권,2025-01-23,2026-05-04 22:48:11.228582+00:00,https://consensus.hankyung.com/analysis/downpdf?report_idx=638419
5787,1,"현대제철(004020) 쉽지 않은 업황, 기대할 만한 것들은?",장재혁,메리츠증권,2025-01-23,2026-05-04 22:48:11.228582+00:00,https://consensus.hankyung.com/analysis/downpdf?report_idx=638418
5788,1,현대건설(000720) 4Q24 Review: 충격적인 비용 반영,문경원,메리츠증권,2025-01-23,2026-05-04 22:48:11.228582+00:00,https://consensus.hankyung.com/analysis/downpdf?report_idx=638416
5789,1,LG이노텍(011070) 주가 반등 시점에 대한 고민,양승수,메리츠증권,2025-01-23,2026-05-04 22:48:11.228582+00:00,https://consensus.hankyung.com/analysis/downpdf?report_idx=638415
5790,1,티엘비(356860) 고밀도화의 수혜 지속,양승수,메리츠증권,2025-01-23,2026-05-04 22:48:11.228582+00:00,https://consensus.hankyung.com/analysis/downpdf?report_idx=638414
5791,1,농심(004370) 신라면 툼바 기대해도 될까,정한솔,대신증권,2025-01-23,2026-05-04 22:48:11.228582+00:00,https://consensus.hankyung.com/analysis/downpdf?report_idx=638407
5792,1,삼성바이오로직스(207940) 25년에도 고공행진 기대,이희영,대신증권,2025-01-23,2026-05-04 22:48:11.228582+00:00,https://consensus.hankyung.com/analysis/downpdf?report_idx=638406
5793,1,"LG디스플레이(034220) 불확실성 해소, 기대감 구간","권민규,박형우",SK증권,2025-01-23,2026-05-04 22:48:11.228582+00:00,https://consensus.hankyung.com/analysis/downpdf?report_idx=638403
5794,1,LG이노텍(011070) 기대감 없는 현재 주가,"박형우,권민규",SK증권,2025-01-23,2026-05-04 22:48:11.228582+00:00,https://consensus.hankyung.com/analysis/downpdf?report_idx=638402
5795,1,삼성바이오로직스(207940) 4Q24 Re: 25년에도 지속될 호실적,이선경,SK증권,2025-01-23,2026-05-04 22:48:11.228582+00:00,https://consensus.hankyung.com/analysis/downpdf?report_idx=638401
5796,1,KCC(002380) 자산재평가 추진으로 재무구조 추가 개선 전망,이동욱,IBK투자증권,2025-01-23,2026-05-04 22:48:11.228582+00:00,https://consensus.hankyung.com/analysis/downpdf?report_idx=638394
5797,1,SK바이오팜(326030) 4Q24 Pre: 순항과 마일스톤 효과,장민환,iM증권,2025-01-23,2026-05-04 22:48:11.228582+00:00,https://consensus.hankyung.com/analysis/downpdf?report_idx=638392
5798,1,LG이노텍(011070) 내실을 다지는 해,"고의영,손우성",iM증권,2025-01-23,2026-05-04 22:48:11.228582+00:00,https://consensus.hankyung.com/analysis/downpdf?report_idx=638391
5799,1,LG디스플레이(034220) 2025년 4년만의 흑자전환 예상,"정원석,손우성",iM증권,2025-01-23,2026-05-04 22:48:11.228582+00:00,https://consensus.hankyung.com/analysis/downpdf?report_idx=638390
5800,1,현대건설(000720) 가이던스보다 선명한 주가의 방향성,배세호,iM증권,2025-01-23,2026-05-04 22:48:11.228582+00:00,https://consensus.hankyung.com/analysis/downpdf?report_idx=638389
5801,1,현대제철(004020) 단기 개선 전망. 그러나 지속성은 불투명,"김윤상,공도연",iM증권,2025-01-23,2026-05-04 22:48:11.228582+00:00,https://consensus.hankyung.com/analysis/downpdf?report_idx=638387
5802,1,한전KPS(051600) A 등급 관련 노무비 영향보다 국내외 원전 확대 모멘텀,성종화,LS증권,2025-01-23,2026-05-04 22:48:11.228582+00:00,https://consensus.hankyung.com/analysis/downpdf?report_idx=638386
5803,1,현대건설(000720) 4Q24 Review: 강해질 내일을 위한 오늘의 진통,김세련,LS증권,2025-01-23,2026-05-04 22:48:11.228582+00:00,https://consensus.hankyung.com/analysis/downpdf?report_idx=638385
5804,1,우신시스템(017370) 안전벨트 수익성 증명 필요,이병근,LS증권,2025-01-23,2026-05-04 22:48:11.228582+00:00,https://consensus.hankyung.com/analysis/downpdf?report_idx=638383
5805,1,"전진건설로봇(079900) 미국 인프라, 우크라이나 재건 수혜 기대",박종선,유진투자증권,2025-01-23,2026-05-04 22:48:11.228582+00:00,https://consensus.hankyung.com/analysis/downpdf?report_idx=638382
5806,1,삼성물산(028260) 글로벌 에너지인프라 성장 수혜주,한병화,유진투자증권,2025-01-23,2026-05-04 22:48:11.228582+00:00,https://consensus.hankyung.com/analysis/downpdf?report_idx=638381
5807,1,삼성바이오로직스(207940) 4Q24 Review: 외형 고성장 지속,권해순,유진투자증권,2025-01-23,2026-05-04 22:48:11.228582+00:00,https://consensus.hankyung.com/analysis/downpdf?report_idx=638380
5808,1,컴투스(078340) 스포츠가 창출할 영구적 현금흐름에 주목,최승호,상상인증권,2025-01-22,2026-05-04 22:48:11.228582+00:00,https://consensus.hankyung.com/analysis/downpdf?report_idx=638375
5809,1,위메이드(112040) 포트폴리오 다변화 긍정적,최승호,상상인증권,2025-01-22,2026-05-04 22:48:11.228582+00:00,https://consensus.hankyung.com/analysis/downpdf?report_idx=638374
5810,1,한미반도체(042700) 4Q24 Preview: 착실히 준비중,정민규,상상인증권,2025-01-22,2026-05-04 22:48:11.228582+00:00,https://consensus.hankyung.com/analysis/downpdf?report_idx=638373
5811,1,대한항공(003490) 앞으로가 더욱 기대되는,이서연,상상인증권,2025-01-22,2026-05-04 22:48:11.228582+00:00,https://consensus.hankyung.com/analysis/downpdf?report_idx=638372
5812,1,SK바이오팜(326030) 4Q24 Preview - 기대한 만큼 잘했다,김선아,상상인증권,2025-01-22,2026-05-04 22:48:11.228582+00:00,https://consensus.hankyung.com/analysis/downpdf?report_idx=638371
5813,1,이노션(214320) 밸류에이션 매력에도 모멘텀 부족,김소혜,한화투자증권,2025-01-22,2026-05-04 22:48:11.228582+00:00,https://consensus.hankyung.com/analysis/downpdf?report_idx=638369
5814,1,피에스케이(319660) 우려대비 양호할 2025년,김광진,한화투자증권,2025-01-22,2026-05-04 22:48:11.228582+00:00,https://consensus.hankyung.com/analysis/downpdf?report_idx=638367
5815,1,신성에스티(416180) ESS 산업의 중심으로 거듭나다,나승두,SK증권,2025-01-22,2026-05-04 22:48:11.228582+00:00,https://consensus.hankyung.com/analysis/downpdf?report_idx=638351
5816,1,비에이치아이(083650) 우호적 사업환경 지속,"김태현,박은명",IBK투자증권,2025-01-22,2026-05-04 22:48:11.228582+00:00,https://consensus.hankyung.com/analysis/downpdf?report_idx=638344
5817,1,롯데쇼핑(023530) 4Q24 Preview: 컨센서스 부합 예상,오린아,LS증권,2025-01-22,2026-05-04 22:48:11.228582+00:00,https://consensus.hankyung.com/analysis/downpdf?report_idx=638339
5818,1,HPSP(403870) 4Q24 Preview: 우호적인 환율 환경,차용호,LS증권,2025-01-22,2026-05-04 22:48:11.228582+00:00,https://consensus.hankyung.com/analysis/downpdf?report_idx=638338
5819,1,현대글로비스(086280) 4Q24 Preview: 이익체력 지속 부각,이재혁,LS증권,2025-01-22,2026-05-04 22:48:11.228582+00:00,https://consensus.hankyung.com/analysis/downpdf?report_idx=638336
5820,1,파마리서치(214450) 비트코인만큼 선호,조태나,유진투자증권,2025-01-22,2026-05-04 22:48:11.228582+00:00,https://consensus.hankyung.com/analysis/downpdf?report_idx=638335
5821,1,HD현대일렉트릭(267260) 4Q24 Review: 높아진 북미 영향,김광식,상상인증권,2025-01-21,2026-05-04 22:48:11.228582+00:00,https://consensus.hankyung.com/analysis/downpdf?report_idx=638333
5822,1,인크로스(216050) 새로운 성장 동력을 확보할 2025년,"채윤석,정수현",한국IR협의회,2025-01-21,2026-05-04 22:48:11.228582+00:00,https://consensus.hankyung.com/analysis/downpdf?report_idx=638331
5823,1,빙그레(005180) 분할 및 지주사 전환 영향 분석,한유정,한화투자증권,2025-01-21,2026-05-04 22:48:11.228582+00:00,https://consensus.hankyung.com/analysis/downpdf?report_idx=638330
5824,1,고려아연(010130) 고려아연 집중투표제를 통한 이사 선임 안건 상정 금지 가처분 신청 법원에서 인용,엄수진,한화투자증권,2025-01-21,2026-05-04 22:48:11.228582+00:00,https://consensus.hankyung.com/analysis/downpdf?report_idx=638327
5825,1,한화에어로스페이스(012450) 강함을 증명할 시간,배성조,한화투자증권,2025-01-21,2026-05-04 22:48:11.228582+00:00,https://consensus.hankyung.com/analysis/downpdf?report_idx=638325
5826,1,엑시콘(092870) 부진의 지평선을 넘어,권명준,유안타증권,2025-01-21,2026-05-04 22:48:11.228582+00:00,https://consensus.hankyung.com/analysis/downpdf?report_idx=638321
5827,1,삼양식품(003230) 높아지는 기대감,정한솔,대신증권,2025-01-21,2026-05-04 22:48:11.228582+00:00,https://consensus.hankyung.com/analysis/downpdf?report_idx=638319
5828,1,LG화학(051910) 악재보다 호재에 민감할 구간,위정원,대신증권,2025-01-21,2026-05-04 22:48:11.228582+00:00,https://consensus.hankyung.com/analysis/downpdf?report_idx=638318
5829,1,아바코(083930) 탐방노트: 아바코 – 보이지 않는 곳에서도 꽃은 피기 시작한다,권민규,SK증권,2025-01-21,2026-05-04 22:48:11.228582+00:00,https://consensus.hankyung.com/analysis/downpdf?report_idx=638316
5830,1,오스테오닉(226400) 본격적인 이익 레버리지 구간 진입,허선재,SK증권,2025-01-21,2026-05-04 22:48:11.228582+00:00,https://consensus.hankyung.com/analysis/downpdf?report_idx=638311
5831,1,일진전기(103590) 4Q24 Preview: 무난한 실적 전망,나민식,SK증권,2025-01-21,2026-05-04 22:48:11.228582+00:00,https://consensus.hankyung.com/analysis/downpdf?report_idx=638310
5832,1,한세실업(105630) 바닥에 근접,형권훈,SK증권,2025-01-21,2026-05-04 22:48:11.228582+00:00,https://consensus.hankyung.com/analysis/downpdf?report_idx=638309
5833,1,HD현대일렉트릭(267260) 이럴 때 담아 두시죠,나민식,SK증권,2025-01-21,2026-05-04 22:48:11.228582+00:00,https://consensus.hankyung.com/analysis/downpdf?report_idx=638308
5834,1,HD현대일렉트릭(267260) 이럴 때 담아 두시죠,나민식,SK증권,2025-01-21,2026-05-04 22:48:11.228582+00:00,https://consensus.hankyung.com/analysis/downpdf?report_idx=638307
5835,1,영원무역(111770) SCOTT 빅베스 예상,형권훈,SK증권,2025-01-21,2026-05-04 22:48:11.228582+00:00,https://consensus.hankyung.com/analysis/downpdf?report_idx=638306
5836,1,HD현대일렉트릭(267260) 증설 결정으로 실적 아쉬움 달래,"김태현,박은명",IBK투자증권,2025-01-21,2026-05-04 22:48:11.228582+00:00,https://consensus.hankyung.com/analysis/downpdf?report_idx=638301
5837,1,티웨이항공(091810) 표면 위로 떠오른 경영권 분쟁,배세호,iM증권,2025-01-21,2026-05-04 22:48:11.228582+00:00,https://consensus.hankyung.com/analysis/downpdf?report_idx=638298
5838,1,HD현대일렉트릭(267260) 4Q24 쇼크? 25년 이후 전선 이상 없다!,성종화,LS증권,2025-01-21,2026-05-04 22:48:11.228582+00:00,https://consensus.hankyung.com/analysis/downpdf?report_idx=638297
5839,1,팬오션(028670) 4Q24 Preview: 모범적 겨울나기,이재혁,LS증권,2025-01-21,2026-05-04 22:48:11.228582+00:00,https://consensus.hankyung.com/analysis/downpdf?report_idx=638296
5840,1,오로스테크놀로지(322310) 4Q24 Preview: 업황을 타지 않는 견조한 장비 라인업,임소정,유진투자증권,2025-01-21,2026-05-04 22:48:11.228582+00:00,https://consensus.hankyung.com/analysis/downpdf?report_idx=638290
5841,1,에스엠(041510) 든든한 저연차 라인업,김민영,메리츠증권,2025-01-21,2026-05-04 22:48:11.228582+00:00,https://consensus.hankyung.com/analysis/downpdf?report_idx=638281
5842,1,엠앤씨솔루션(484870) 수주 확대로 실적 개선 가속화,"이상헌,장호",iM증권,2025-01-20,2026-05-04 22:48:11.228582+00:00,https://consensus.hankyung.com/analysis/downpdf?report_idx=638280
5843,1,LG이노텍(011070) 부진의 이유와 반전의 계기,"고의영,손우성",iM증권,2025-01-20,2026-05-04 22:48:11.228582+00:00,https://consensus.hankyung.com/analysis/downpdf?report_idx=638279
5844,1,비에이치(090460) 중국의 iPhone 배제 vs. 미국의 BOE 배제?,"고의영,손우성",iM증권,2025-01-20,2026-05-04 22:48:11.228582+00:00,https://consensus.hankyung.com/analysis/downpdf?report_idx=638278
5845,1,비츠로셀(082920) 트럼프 2.0 시대 방산수출 및 시추수요 확대로 성장세 지속,"이상헌,장호",iM증권,2025-01-20,2026-05-04 22:48:11.228582+00:00,https://consensus.hankyung.com/analysis/downpdf?report_idx=638275
5846,1,STX엔진(077970) 민수 및 특수사업 실적 개선 본궤도 진입,"이상헌,장호",iM증권,2025-01-20,2026-05-04 22:48:11.228582+00:00,https://consensus.hankyung.com/analysis/downpdf?report_idx=638274
5847,1,SNT다이내믹스(003570) K2 전차 및 K9 자주포에 힘입어 실적 개선 가속화,"이상헌,장호",iM증권,2025-01-20,2026-05-04 22:48:11.228582+00:00,https://consensus.hankyung.com/analysis/downpdf?report_idx=638273
5848,1,SNT다이내믹스(003570) K2 전차 및 K9 자주포에 힘입어 실적 개선 가속화,"이상헌,장호",iM증권,2025-01-20,2026-05-04 22:48:11.228582+00:00,https://consensus.hankyung.com/analysis/downpdf?report_idx=638272
5849,1,현대로템(064350) 사상 최대 실적과 수주 겸비,"이상헌,장호",iM증권,2025-01-20,2026-05-04 22:48:11.228582+00:00,https://consensus.hankyung.com/analysis/downpdf?report_idx=638271
5850,1,에이치브이엠(295310) 우주향 첨단금속으로 매출 점프업,"이상헌,장호",iM증권,2025-01-20,2026-05-04 22:48:11.228582+00:00,https://consensus.hankyung.com/analysis/downpdf?report_idx=638270
5851,1,AP위성(211270) 우주 빅사이클 도래로 성장성 가속화,"이상헌,장호",iM증권,2025-01-20,2026-05-04 22:48:11.228582+00:00,https://consensus.hankyung.com/analysis/downpdf?report_idx=638269
5852,1,더존비즈온(012510) 올해 One AI 효과 본격화 될 듯,"이상헌,장호",iM증권,2025-01-20,2026-05-04 22:48:11.228582+00:00,https://consensus.hankyung.com/analysis/downpdf?report_idx=638268
5853,1,루닛(328130) 글로벌 빅파마와 협업 및 미국에서 성장성 가속화,"이상헌,장호",iM증권,2025-01-20,2026-05-04 22:48:11.228582+00:00,https://consensus.hankyung.com/analysis/downpdf?report_idx=638267
5854,1,고영(098460) 트럼프 시대 뇌수술 로봇 및 AI 솔루션 수혜 가속화,"이상헌,장호",iM증권,2025-01-20,2026-05-04 22:48:11.228582+00:00,https://consensus.hankyung.com/analysis/downpdf?report_idx=638266
5855,1,LS에코에너지(229640) 미국 및 베트남에서 데이터센터/전력 수요 증가 수혜,"이상헌,장호",iM증권,2025-01-20,2026-05-04 22:48:11.228582+00:00,https://consensus.hankyung.com/analysis/downpdf?report_idx=638265
5856,1,두산에너빌리티(034020) 글로벌 원전 확대 정책의 최대 수혜주,"이상헌,장호",iM증권,2025-01-20,2026-05-04 22:48:11.228582+00:00,https://consensus.hankyung.com/analysis/downpdf?report_idx=638264
5857,1,오리엔탈정공(014940) LNG 운반선 관련 수주 확대로 실적개선 가속화,"이상헌,장호",iM증권,2025-01-20,2026-05-04 22:48:11.228582+00:00,https://consensus.hankyung.com/analysis/downpdf?report_idx=638263
5858,1,동성화인텍(033500) 4년치 물량 확보로 해를 거듭할수록 매출 증가할 듯,"이상헌,장호",iM증권,2025-01-20,2026-05-04 22:48:11.228582+00:00,https://consensus.hankyung.com/analysis/downpdf?report_idx=638262
5859,1,인텔리안테크(189300) 지상용 위성통신 안테나 성장을 이끌 듯,"이상헌,장호",유안타증권,2025-01-20,2026-05-04 22:48:11.228582+00:00,https://consensus.hankyung.com/analysis/downpdf?report_idx=638261
5860,1,성광벤드(014620) LNG 관련 프로젝트 확대로 수혜 가능할 듯,"이상헌,장호",iM증권,2025-01-20,2026-05-04 22:48:11.228582+00:00,https://consensus.hankyung.com/analysis/downpdf?report_idx=638260
5861,1,비에이치아이(083650) 천연가스 발전 및 원전 수요 확대⇒수주 증가로 이어짐,"이상헌,장호",iM증권,2025-01-20,2026-05-04 22:48:11.228582+00:00,https://consensus.hankyung.com/analysis/downpdf?report_idx=638259
5862,1,포스코인터내셔널(047050) Upstream 도약 및 미국산 트레이딩 기회 확대로 밸류업,"이상헌,장호",iM증권,2025-01-20,2026-05-04 22:48:11.228582+00:00,https://consensus.hankyung.com/analysis/downpdf?report_idx=638258
5863,1,한국가스공사(036460) 트럼프 2.0 시대 미국산 LNG 도입 확대 수혜,"이상헌,장호",iM증권,2025-01-20,2026-05-04 22:48:11.228582+00:00,https://consensus.hankyung.com/analysis/downpdf?report_idx=638257
5864,1,"현대모비스(012330) 수익성과 환율, 좋은 흐름 지속",유민기,상상인증권,2025-01-20,2026-05-04 22:48:11.228582+00:00,https://consensus.hankyung.com/analysis/downpdf?report_idx=638256
5865,1,녹십자(006280) 4Q24 Preview - 다 잘하긴 힘들다,김선아,상상인증권,2025-01-20,2026-05-04 22:48:11.228582+00:00,https://consensus.hankyung.com/analysis/downpdf?report_idx=638255
5866,1,코미코(183300) 반도체 산업 발전의 진정한 공신,"김경민,권지승",한국IR협의회,2025-01-20,2026-05-04 22:48:11.228582+00:00,https://consensus.hankyung.com/analysis/downpdf?report_idx=638252
5867,1,"선익시스템(171090) 수주와 실적, 2025년부터 동반 성장",양승수,메리츠증권,2025-01-20,2026-05-04 22:48:11.228582+00:00,https://consensus.hankyung.com/analysis/downpdf?report_idx=638239
5868,1,세경하이테크(148150) 명확해진 방향성,양승수,메리츠증권,2025-01-20,2026-05-04 22:48:11.228582+00:00,https://consensus.hankyung.com/analysis/downpdf?report_idx=638236
5869,1,케이프(064820) 4Q24 NDR 후기,배기연,메리츠증권,2025-01-20,2026-05-04 22:48:11.228582+00:00,https://consensus.hankyung.com/analysis/downpdf?report_idx=638233
5870,1,하나마이크론(067310) 인적분할 공시 Comment,김동관,메리츠증권,2025-01-20,2026-05-04 22:48:11.228582+00:00,https://consensus.hankyung.com/analysis/downpdf?report_idx=638229
5871,1,LS ELECTRIC(010120) 미국 전력기기 시장을 향 해 전진 앞으로!,허민호,대신증권,2025-01-20,2026-05-04 22:48:11.228582+00:00,https://consensus.hankyung.com/analysis/downpdf?report_idx=638225
5872,1,CJ제일제당(097950) 어려운 환경에도 무난할 실적,정한솔,대신증권,2025-01-20,2026-05-04 22:48:11.228582+00:00,https://consensus.hankyung.com/analysis/downpdf?report_idx=638224
5873,1,유일로보틱스(388720) SK그룹 제조 공정 자동화 수혜 가능,한송협,유진투자증권,2025-01-20,2026-05-04 22:48:11.228582+00:00,https://consensus.hankyung.com/analysis/downpdf?report_idx=638223
5874,1,하이브(352820) 공연 성장이 가장 매력적인 엔터사,임수진,대신증권,2025-01-20,2026-05-04 22:48:11.228582+00:00,https://consensus.hankyung.com/analysis/downpdf?report_idx=638222
5875,1,"LS ELECTRIC(010120) 빅테크가 ‘전력기기가 있으라’라고 외치자, 빛이 생겨났다",나민식,SK증권,2025-01-20,2026-05-04 22:48:11.228582+00:00,https://consensus.hankyung.com/analysis/downpdf?report_idx=638216
5876,1,"효성티앤씨(298020) 비수기 영향, 25년 업황 회복 예상",김도현,SK증권,2025-01-20,2026-05-04 22:48:11.228582+00:00,https://consensus.hankyung.com/analysis/downpdf?report_idx=638215
5877,1,넥스틴(348210) Potential,이동주,SK증권,2025-01-20,2026-05-04 22:48:11.228582+00:00,https://consensus.hankyung.com/analysis/downpdf?report_idx=638214
5878,1,금호석유(011780) 25년 견조한 이익률 예상,김도현,SK증권,2025-01-20,2026-05-04 22:48:11.228582+00:00,https://consensus.hankyung.com/analysis/downpdf?report_idx=638213
5879,1,HS효성첨단소재(298050) 올해 아라미드/탄소섬유 실적 개선 예상,이동욱,IBK투자증권,2025-01-20,2026-05-04 22:48:11.228582+00:00,https://consensus.hankyung.com/analysis/downpdf?report_idx=638206
5880,1,한전기술(052690) 4Q24 실적 호조 & 3월 체코 원전 본계약 모멘텀,성종화,LS증권,2025-01-20,2026-05-04 22:48:11.228582+00:00,https://consensus.hankyung.com/analysis/downpdf?report_idx=638203
5881,1,"LS ELECTRIC(010120) AIDC발 배전시장 호황, Multiple 반영 필요",성종화,LS증권,2025-01-20,2026-05-04 22:48:11.228582+00:00,https://consensus.hankyung.com/analysis/downpdf?report_idx=638201
5882,1,이지바이오(353810) 우호적인 환경 속 최대 실적 전망,허준서,유진투자증권,2025-01-20,2026-05-04 22:48:11.228582+00:00,https://consensus.hankyung.com/analysis/downpdf?report_idx=638197
5883,1,에코프로비엠(247540) 투자의견 BUY로 상향,한병화,유진투자증권,2025-01-20,2026-05-04 22:48:11.228582+00:00,https://consensus.hankyung.com/analysis/downpdf?report_idx=638194
5884,1,HS효성첨단소재(298050) 타이어보강재 선방,김도현,SK증권,2025-01-17,2026-05-04 22:48:11.228582+00:00,https://consensus.hankyung.com/analysis/downpdf?report_idx=638192
5885,1,"한미약품(128940) 4Q24 Pre: 아쉬운 마무리, 올해 필요한 것",장민환,iM증권,2025-01-17,2026-05-04 22:48:11.228582+00:00,https://consensus.hankyung.com/analysis/downpdf?report_idx=638191
5886,1,대한항공(003490) 2025년부터 아시아나항공 통합 효과 기대,배세호,iM증권,2025-01-16,2026-05-04 22:48:11.228582+00:00,https://consensus.hankyung.com/analysis/downpdf?report_idx=638190
5887,1,해성디에스(195870) 중국 내수 소비 회복 + DDR5 매출 증가 기대,양승수,메리츠증권,2025-01-16,2026-05-04 22:48:11.228582+00:00,https://consensus.hankyung.com/analysis/downpdf?report_idx=638180
5888,1,한국전력(015760) 4Q24 Preview: 손익보다 중요한 것,문경원,메리츠증권,2025-01-16,2026-05-04 22:48:11.228582+00:00,https://consensus.hankyung.com/analysis/downpdf?report_idx=638179
5889,1,"한국가스공사(036460) 4Q24 Preview: 이익 변동성 확대, 하지만 싫지 않을지도",문경원,메리츠증권,2025-01-16,2026-05-04 22:48:11.228582+00:00,https://consensus.hankyung.com/analysis/downpdf?report_idx=638178
5890,1,하이브(352820) 왕의 귀환,김민영,메리츠증권,2025-01-16,2026-05-04 22:48:11.228582+00:00,https://consensus.hankyung.com/analysis/downpdf?report_idx=638177
5891,1,JYP Ent.(035900) 2025 년은 S.kids 가 보장합니다,김민영,메리츠증권,2025-01-16,2026-05-04 22:48:11.228582+00:00,https://consensus.hankyung.com/analysis/downpdf?report_idx=638168
5892,1,ISC(095340) 차별적 포트폴리오를 구축하는 시점,김동관,메리츠증권,2025-01-16,2026-05-04 22:48:11.228582+00:00,https://consensus.hankyung.com/analysis/downpdf?report_idx=638167
5893,1,신세계(004170) 최악을 딛고,오린아,LS증권,2025-01-16,2026-05-04 22:48:11.228582+00:00,https://consensus.hankyung.com/analysis/downpdf?report_idx=638162
5894,1,"HD현대미포(010620) 수익성 개선 지속, 특수선종 수주 기대",한승한,SK증권,2025-01-16,2026-05-04 22:48:11.228582+00:00,https://consensus.hankyung.com/analysis/downpdf?report_idx=638160
5895,1,HD현대중공업(329180) 대장주의 자신감,한승한,SK증권,2025-01-16,2026-05-04 22:48:11.228582+00:00,https://consensus.hankyung.com/analysis/downpdf?report_idx=638159
5896,1,"풍산(103140) 과도한 우려, 상반기 기대할 게 많다",이규익,SK증권,2025-01-16,2026-05-04 22:48:11.228582+00:00,https://consensus.hankyung.com/analysis/downpdf?report_idx=638158
5897,1,F&F(383220) 부진한 업황에 둔감해지는 중,형권훈,SK증권,2025-01-16,2026-05-04 22:48:11.228582+00:00,https://consensus.hankyung.com/analysis/downpdf?report_idx=638157
5898,1,HS효성첨단소재(298050) 탄소섬유 25년 하반기 흑자전환 전망,"전유진,장호",iM증권,2025-01-16,2026-05-04 22:48:11.228582+00:00,https://consensus.hankyung.com/analysis/downpdf?report_idx=638155
5899,1,STX엔진(077970) 민수 및 특수사업 실적 개선 본궤도 진입,이상헌,iM증권,2025-01-16,2026-05-04 22:48:11.228582+00:00,https://consensus.hankyung.com/analysis/downpdf?report_idx=638154
5900,1,"비에이치(090460) 4 분기 부진, OLED 확장 수혜 가능성은 상존",양승수,메리츠증권,2025-01-15,2026-05-04 22:48:11.228582+00:00,https://consensus.hankyung.com/analysis/downpdf?report_idx=638141
5901,1,KH바텍(060720) 전장  로봇에도 필요한 KH 바텍의 기구물,양승수,메리츠증권,2025-01-15,2026-05-04 22:48:11.228582+00:00,https://consensus.hankyung.com/analysis/downpdf?report_idx=638139
5902,1,"한국항공우주(047810) 작년보다 올해, 올해보다 내년",배성조,한화투자증권,2025-01-15,2026-05-04 22:48:11.228582+00:00,https://consensus.hankyung.com/analysis/downpdf?report_idx=638138
5903,1,한국전력(015760) 당분간 이익 개선 지속,송유림,한화투자증권,2025-01-15,2026-05-04 22:48:11.228582+00:00,https://consensus.hankyung.com/analysis/downpdf?report_idx=638137
5904,1,DB손해보험(005830) 미국 LA지역 산불로 손실 예상되나 낙폭은 과도,김도하,한화투자증권,2025-01-15,2026-05-04 22:48:11.228582+00:00,https://consensus.hankyung.com/analysis/downpdf?report_idx=638135
5905,1,효성중공업(298040) 중공업 호조 지속. 건설 재무리스크 불확실성 해소,성종화,LS증권,2025-01-15,2026-05-04 22:48:11.228582+00:00,https://consensus.hankyung.com/analysis/downpdf?report_idx=638134
5906,1,"HK이노엔(195940) 4Q24 Pre: 경쟁 환경의 변화, 주가 하락은 과도",신지훈,LS증권,2025-01-15,2026-05-04 22:48:11.228582+00:00,https://consensus.hankyung.com/analysis/downpdf?report_idx=638133
5907,1,유한양행(000100) 4Q24 Pre: J&J의 근거 있는 자신감,신지훈,LS증권,2025-01-15,2026-05-04 22:48:11.228582+00:00,https://consensus.hankyung.com/analysis/downpdf?report_idx=638132
5908,1,한화오션(042660) 가능성은 무궁무진,한승한,SK증권,2025-01-15,2026-05-04 22:48:11.228582+00:00,https://consensus.hankyung.com/analysis/downpdf?report_idx=638126
5909,1,삼성중공업(010140) FLNG가 부각될 차례,한승한,SK증권,2025-01-15,2026-05-04 22:48:11.228582+00:00,https://consensus.hankyung.com/analysis/downpdf?report_idx=638125
5910,1,크래프톤(259960) 큰 그림 이상 무,남효지,SK증권,2025-01-15,2026-05-04 22:48:11.228582+00:00,https://consensus.hankyung.com/analysis/downpdf?report_idx=638124
5911,1,롯데케미칼(011170) 25년 적자폭 축소와 개선될 여건,김도현,SK증권,2025-01-15,2026-05-04 22:48:11.228582+00:00,https://consensus.hankyung.com/analysis/downpdf?report_idx=638123
5912,1,롯데정밀화학(004000) 케미칼 체력 개선,김도현,SK증권,2025-01-15,2026-05-04 22:48:11.228582+00:00,https://consensus.hankyung.com/analysis/downpdf?report_idx=638122
5913,1,유니드(014830) 일회성 요인 반영,김도현,SK증권,2025-01-15,2026-05-04 22:48:11.228582+00:00,https://consensus.hankyung.com/analysis/downpdf?report_idx=638121
5914,1,주성엔지니어링(036930) 견조한 실적 아래 고객 및 제품 저변 확대,이동주,SK증권,2025-01-15,2026-05-04 22:48:11.228582+00:00,https://consensus.hankyung.com/analysis/downpdf?report_idx=638120
5915,1,SK텔레콤(017670) AI 중심 조직개편,정지수,메리츠증권,2025-01-14,2026-05-04 22:48:11.228582+00:00,https://consensus.hankyung.com/analysis/downpdf?report_idx=638116
5916,1,LG유플러스(032640) 인건비 일회성 비용 반영,정지수,메리츠증권,2025-01-14,2026-05-04 22:48:11.228582+00:00,https://consensus.hankyung.com/analysis/downpdf?report_idx=638115
5917,1,KT(030200) 10 년만의 대규모 구조조정,정지수,메리츠증권,2025-01-14,2026-05-04 22:48:11.228582+00:00,https://consensus.hankyung.com/analysis/downpdf?report_idx=638114
5918,1,현대차(005380) [4Q24 Preview] 환율효과의 양면성과 고정비 영향 고려,김성래,한화투자증권,2025-01-14,2026-05-04 22:48:11.228582+00:00,https://consensus.hankyung.com/analysis/downpdf?report_idx=638113
5919,1,풀무원(017810) 쌓이지 않는 곳간,한유정,한화투자증권,2025-01-14,2026-05-04 22:48:11.228582+00:00,https://consensus.hankyung.com/analysis/downpdf?report_idx=638110
5920,1,기아(000270) [4Q24 Preview] 주주환원으로 디스카운트 방어,김성래,한화투자증권,2025-01-14,2026-05-04 22:48:11.228582+00:00,https://consensus.hankyung.com/analysis/downpdf?report_idx=638108
5921,1,티에스이(131290) 2025년 업데이트,정홍식,LS증권,2025-01-14,2026-05-04 22:48:11.228582+00:00,https://consensus.hankyung.com/analysis/downpdf?report_idx=638102
5922,1,카카오(035720) 시장 부진 헤쳐 나갈 뾰족한 수 필요,남효지,SK증권,2025-01-14,2026-05-04 22:48:11.228582+00:00,https://consensus.hankyung.com/analysis/downpdf?report_idx=638097
5923,1,S-Oil(010950) 이익개선 흐름,김도현,SK증권,2025-01-14,2026-05-04 22:48:11.228582+00:00,https://consensus.hankyung.com/analysis/downpdf?report_idx=638096
5924,1,미래에셋생명(085620) 의외로 자본 적정성은 양호한 편,설용진,SK증권,2025-01-14,2026-05-04 22:48:11.228582+00:00,https://consensus.hankyung.com/analysis/downpdf?report_idx=638095
5925,1,동양생명(082640) 제도 영향에도 실적은 견조,설용진,SK증권,2025-01-14,2026-05-04 22:48:11.228582+00:00,https://consensus.hankyung.com/analysis/downpdf?report_idx=638094
5926,1,한화생명(088350) 규모의 경제,설용진,SK증권,2025-01-14,2026-05-04 22:48:11.228582+00:00,https://consensus.hankyung.com/analysis/downpdf?report_idx=638093
5927,1,삼성생명(032830) K-ICS에 대해 과하게 우려할 필요는 없을 것,설용진,SK증권,2025-01-14,2026-05-04 22:48:11.228582+00:00,https://consensus.hankyung.com/analysis/downpdf?report_idx=638092
5928,1,현대해상(001450) 체질 개선을 위한 노력 지속 중,설용진,SK증권,2025-01-14,2026-05-04 22:48:11.228582+00:00,https://consensus.hankyung.com/analysis/downpdf?report_idx=638091
5929,1,DB손해보험(005830) 안정적인 지표 대비 높아진 밸류에이션 매력,설용진,SK증권,2025-01-14,2026-05-04 22:48:11.228582+00:00,https://consensus.hankyung.com/analysis/downpdf?report_idx=638090
5930,1,하이트진로(000080) 4Q24Preview,이경신,iM증권,2025-01-14,2026-05-04 22:48:11.228582+00:00,https://consensus.hankyung.com/analysis/downpdf?report_idx=638088
5931,1,대상(001680) 4Q24Preview,이경신,iM증권,2025-01-14,2026-05-04 22:48:11.228582+00:00,https://consensus.hankyung.com/analysis/downpdf?report_idx=638087
5932,1,농심(004370) 4Q24Preview,이경신,iM증권,2025-01-14,2026-05-04 22:48:11.228582+00:00,https://consensus.hankyung.com/analysis/downpdf?report_idx=638086
5933,1,빙그레(005180) 4Q24Preview,이경신,iM증권,2025-01-14,2026-05-04 22:48:11.228582+00:00,https://consensus.hankyung.com/analysis/downpdf?report_idx=638085
5934,1,롯데칠성(005300) 4Q24Preview,이경신,iM증권,2025-01-14,2026-05-04 22:48:11.228582+00:00,https://consensus.hankyung.com/analysis/downpdf?report_idx=638084
5935,1,SPC삼립(005610) 4Q24Preview,이경신,iM증권,2025-01-14,2026-05-04 22:48:11.228582+00:00,https://consensus.hankyung.com/analysis/downpdf?report_idx=638083
5936,1,오뚜기(007310) 4Q24Preview,이경신,iM증권,2025-01-14,2026-05-04 22:48:11.228582+00:00,https://consensus.hankyung.com/analysis/downpdf?report_idx=638082
5937,1,신세계푸드(031440) 4Q24Preview,이경신,iM증권,2025-01-14,2026-05-04 22:48:11.228582+00:00,https://consensus.hankyung.com/analysis/downpdf?report_idx=638081
5938,1,KT&G(033780) 4Q24Preview,이경신,iM증권,2025-01-14,2026-05-04 22:48:11.228582+00:00,https://consensus.hankyung.com/analysis/downpdf?report_idx=638080
5939,1,동원F&B(049770) 4Q24Preview,이경신,iM증권,2025-01-14,2026-05-04 22:48:11.228582+00:00,https://consensus.hankyung.com/analysis/downpdf?report_idx=638079
5940,1,CJ프레시웨이(051500) 4Q24Preview,이경신,iM증권,2025-01-14,2026-05-04 22:48:11.228582+00:00,https://consensus.hankyung.com/analysis/downpdf?report_idx=638078
5941,1,CJ제일제당(097950) 4Q24Preview,이경신,iM증권,2025-01-14,2026-05-04 22:48:11.228582+00:00,https://consensus.hankyung.com/analysis/downpdf?report_idx=638077
5942,1,오리온(271560) 4Q24Preview,이경신,iM증권,2025-01-14,2026-05-04 22:48:11.228582+00:00,https://consensus.hankyung.com/analysis/downpdf?report_idx=638076
5943,1,S-Oil(010950) 중국의 변심: 미국 제재 선박 입항 금지,"전유진,장호",iM증권,2025-01-14,2026-05-04 22:48:11.228582+00:00,https://consensus.hankyung.com/analysis/downpdf?report_idx=638074
5944,1,삼성전기(009150) 4Q24 Preview: 경쟁력 강화 지속,정민규,상상인증권,2025-01-13,2026-05-04 22:48:11.228582+00:00,https://consensus.hankyung.com/analysis/downpdf?report_idx=638073
5945,1,한화오션(042660) 고환율과 생산 안정화의 하모니,이서연,상상인증권,2025-01-13,2026-05-04 22:48:11.228582+00:00,https://consensus.hankyung.com/analysis/downpdf?report_idx=638072
5946,1,삼성중공업(010140) 매 분기 견조해지는 수익성,이서연,상상인증권,2025-01-13,2026-05-04 22:48:11.228582+00:00,https://consensus.hankyung.com/analysis/downpdf?report_idx=638071
5947,1,오리온(271560) 4Q24 Preview: 정상궤도 진입 중,김혜미,상상인증권,2025-01-13,2026-05-04 22:48:11.228582+00:00,https://consensus.hankyung.com/analysis/downpdf?report_idx=638070
5948,1,한국항공우주(047810) 4Q24 Preview: 이제부터 시작,김광식,상상인증권,2025-01-13,2026-05-04 22:48:11.228582+00:00,https://consensus.hankyung.com/analysis/downpdf?report_idx=638069
5949,1,현대로템(064350) 4Q24 Preview: 순풍을 맞는 중,김광식,상상인증권,2025-01-13,2026-05-04 22:48:11.228582+00:00,https://consensus.hankyung.com/analysis/downpdf?report_idx=638067
5950,1,현대로템(064350) 4Q24 Preview: 순풍을 맞는 중,김광식,상상인증권,2025-01-13,2026-05-04 22:48:11.228582+00:00,https://consensus.hankyung.com/analysis/downpdf?report_idx=638066
5951,1,넷마블(251270) 게임 수명 장기화 역량 증명 필요,김소혜,한화투자증권,2025-01-13,2026-05-04 22:48:11.228582+00:00,https://consensus.hankyung.com/analysis/downpdf?report_idx=638063
5952,1,"KT&G(033780) 순항 중인 본업, 최선호주 유지","한유정,이다연",한화투자증권,2025-01-13,2026-05-04 22:48:11.228582+00:00,https://consensus.hankyung.com/analysis/downpdf?report_idx=638060
5953,1,LIG넥스원(079550) 나무가 아닌 숲을 보자,배성조,한화투자증권,2025-01-13,2026-05-04 22:48:11.228582+00:00,https://consensus.hankyung.com/analysis/downpdf?report_idx=638059
5954,1,농심(004370) 드디어 맞이한 전환점,"한유정,이다연",한화투자증권,2025-01-13,2026-05-04 22:48:11.228582+00:00,https://consensus.hankyung.com/analysis/downpdf?report_idx=638058
5955,1,HDC현대산업개발(294870) 증익 사이클의 시작,"송유림,이다연",한화투자증권,2025-01-13,2026-05-04 22:48:11.228582+00:00,https://consensus.hankyung.com/analysis/downpdf?report_idx=638057
5956,1,이노션(214320) 신차 효과가 기대되는 2025년,"정지수,박건영",메리츠증권,2025-01-13,2026-05-04 22:48:11.228582+00:00,https://consensus.hankyung.com/analysis/downpdf?report_idx=638036
5957,1,제일기획(030000) 수익성에 집중하는 2025년,"정지수,박건영",메리츠증권,2025-01-13,2026-05-04 22:48:11.228582+00:00,https://consensus.hankyung.com/analysis/downpdf?report_idx=638035
5958,1,LS(006260) 모멘텀의 부활,장재혁,메리츠증권,2025-01-13,2026-05-04 22:48:11.228582+00:00,https://consensus.hankyung.com/analysis/downpdf?report_idx=638033
5959,1,POSCO홀딩스(005490) 부진한 사업환경 속 인내의 시기,장재혁,메리츠증권,2025-01-13,2026-05-04 22:48:11.228582+00:00,https://consensus.hankyung.com/analysis/downpdf?report_idx=638028
5960,1,한화오션(042660) 4Q24 Preview: 안정화,배기연,메리츠증권,2025-01-13,2026-05-04 22:48:11.228582+00:00,https://consensus.hankyung.com/analysis/downpdf?report_idx=638027
5961,1,"한국전력(015760) 기존 예상보다 느리지만, 재무구조 개선 본격화",허민호,대신증권,2025-01-13,2026-05-04 22:48:11.228582+00:00,https://consensus.hankyung.com/analysis/downpdf?report_idx=638026
5962,1,이마트(139480) 지분 매입으로 책임경영 의지 표명,유정현,대신증권,2025-01-13,2026-05-04 22:48:11.228582+00:00,https://consensus.hankyung.com/analysis/downpdf?report_idx=638025
5963,1,"한미약품(128940) 4Q24 Pre: 아쉬운 실적, 25년 정상화 기대",이선경,SK증권,2025-01-13,2026-05-04 22:48:11.228582+00:00,https://consensus.hankyung.com/analysis/downpdf?report_idx=638017
5964,1,SG(255220) 턴어라운드 + 해외진출 모멘텀에 주목,허선재,SK증권,2025-01-13,2026-05-04 22:48:11.228582+00:00,https://consensus.hankyung.com/analysis/downpdf?report_idx=638015
5965,1,삼성전자(005930) 4분기 실적 예상치 하회. DS가 원인,"김운호,강민구",IBK투자증권,2025-01-13,2026-05-04 22:48:11.228582+00:00,https://consensus.hankyung.com/analysis/downpdf?report_idx=638011
5966,1,LG화학(051910) 세계 배터리/소재 재고 소진 시차 필요,이동욱,IBK투자증권,2025-01-13,2026-05-04 22:48:11.228582+00:00,https://consensus.hankyung.com/analysis/downpdf?report_idx=638009
5967,1,PI첨단소재(178920) 스마트폰 다이어트에는 내가 수혜,이상헌,iM증권,2025-01-13,2026-05-04 22:48:11.228582+00:00,https://consensus.hankyung.com/analysis/downpdf?report_idx=638005
5968,1,성광벤드(014620) LNG 관련 프로젝트 확대로 수혜 가능할 듯,이상헌,iM증권,2025-01-13,2026-05-04 22:48:11.228582+00:00,https://consensus.hankyung.com/analysis/downpdf?report_idx=638004
5969,1,파크시스템스(140860) 반도체 업황 싸이클과 관계없는 꾸준한 성장,송명섭,iM증권,2025-01-13,2026-05-04 22:48:11.228582+00:00,https://consensus.hankyung.com/analysis/downpdf?report_idx=638002
5970,1,산일전기(062040) 공격적 증설로 고성장 안배. Multiple 할증 합당,성종화,LS증권,2025-01-13,2026-05-04 22:48:11.228582+00:00,https://consensus.hankyung.com/analysis/downpdf?report_idx=638001
5971,1,LX하우시스(108670) 4Q24 Preview: 건자재 업황 개선을 기다리며,김세련,LS증권,2025-01-13,2026-05-04 22:48:11.228582+00:00,https://consensus.hankyung.com/analysis/downpdf?report_idx=638000
5972,1,"카카오게임즈(293490) 올라간 신작 기대감, 성과 확인은 필요",정의훈,유진투자증권,2025-01-13,2026-05-04 22:48:11.228582+00:00,https://consensus.hankyung.com/analysis/downpdf?report_idx=637994
5973,1,HL만도(204320) 4Q24 Preview: 전장 기반 영업 실적 회복,이재일,유진투자증권,2025-01-13,2026-05-04 22:48:11.228582+00:00,https://consensus.hankyung.com/analysis/downpdf?report_idx=637993
5974,1,엔씨소프트(036570) 올해 하반기가 좋아 보인다,정의훈,유진투자증권,2025-01-13,2026-05-04 22:48:11.228582+00:00,https://consensus.hankyung.com/analysis/downpdf?report_idx=637992
5975,1,현대모비스(012330) 4Q24Preview: 실적 안정성 회복,이재일,유진투자증권,2025-01-13,2026-05-04 22:48:11.228582+00:00,https://consensus.hankyung.com/analysis/downpdf?report_idx=637991
5976,1,현대위아(011210) 4Q24 Preview: 단기 수익성 부진,이재일,유진투자증권,2025-01-13,2026-05-04 22:48:11.228582+00:00,https://consensus.hankyung.com/analysis/downpdf?report_idx=637990
5977,1,POSCO홀딩스(005490) 비용 증가로 인한 실적 악화,이유진,유진투자증권,2025-01-13,2026-05-04 22:48:11.228582+00:00,https://consensus.hankyung.com/analysis/downpdf?report_idx=637989
5978,1,현대차(005380) 4Q24 Preview: 오히려 좋아,이재일,유진투자증권,2025-01-13,2026-05-04 22:48:11.228582+00:00,https://consensus.hankyung.com/analysis/downpdf?report_idx=637988
5979,1,현대제철(004020) 미래 전략 공유 필요,이유진,유진투자증권,2025-01-13,2026-05-04 22:48:11.228582+00:00,https://consensus.hankyung.com/analysis/downpdf?report_idx=637987
5980,1,기아(000270) 4Q24Preview: 올해 실적 전망치는 상향,이재일,유진투자증권,2025-01-13,2026-05-04 22:48:11.228582+00:00,https://consensus.hankyung.com/analysis/downpdf?report_idx=637986
5981,1,LG에너지솔루션(373220) 4680 양산 대기 중,황성현,유진투자증권,2025-01-10,2026-05-04 22:48:11.228582+00:00,https://consensus.hankyung.com/analysis/downpdf?report_idx=637967
5982,1,하이트진로(000080) 가격인상효과가 사라지면,김태현,IBK투자증권,2025-01-10,2026-05-04 22:48:11.228582+00:00,https://consensus.hankyung.com/analysis/downpdf?report_idx=637963
5983,1,GS건설(006360) 4Q24 Preview: 감내 가능한 비용 반영,문경원,메리츠증권,2025-01-10,2026-05-04 22:48:11.228582+00:00,https://consensus.hankyung.com/analysis/downpdf?report_idx=637951
5984,1,에스원(012750) 4Q24 Preview: 두드리고 가는 돌다리,김세련,LS증권,2025-01-10,2026-05-04 22:48:11.228582+00:00,https://consensus.hankyung.com/analysis/downpdf?report_idx=637950
5985,1,대우건설(047040) 4Q24 Preview: 약한 성장 동력,김세련,LS증권,2025-01-10,2026-05-04 22:48:11.228582+00:00,https://consensus.hankyung.com/analysis/downpdf?report_idx=637949
5986,1,"LS ELECTRIC(010120) 25년 이후 성장 그림, 긍정적 포인트 다수",성종화,LS증권,2025-01-10,2026-05-04 22:48:11.228582+00:00,https://consensus.hankyung.com/analysis/downpdf?report_idx=637948
5987,1,샘씨엔에스(252990) 2025년에도 성장 이어갈 듯,정홍식,LS증권,2025-01-10,2026-05-04 22:48:11.228582+00:00,https://consensus.hankyung.com/analysis/downpdf?report_idx=637945
5988,1,한미약품(128940) 4Q24 Pre: 부진한 실적 전망,신지훈,LS증권,2025-01-10,2026-05-04 22:48:11.228582+00:00,https://consensus.hankyung.com/analysis/downpdf?report_idx=637944
5989,1,"효성중공업(298040) CAPA증설, 유럽이 기대되는 25년",나민식,SK증권,2025-01-10,2026-05-04 22:48:11.228582+00:00,https://consensus.hankyung.com/analysis/downpdf?report_idx=637941
5990,1,LS ELECTRIC(010120) Valuation 매력이 부각되는 시점,나민식,SK증권,2025-01-10,2026-05-04 22:48:11.228582+00:00,https://consensus.hankyung.com/analysis/downpdf?report_idx=637940
5991,1,기아(000270) 이 환율이면 25년 감익도 어렵다+엔비디아의 협력,"윤혁진,박준형",SK증권,2025-01-10,2026-05-04 22:48:11.228582+00:00,https://consensus.hankyung.com/analysis/downpdf?report_idx=637939
5992,1,"현대차(005380) 우려는 충분, 긍정 편향 필요+엔비디아와 협력","윤혁진,박준형",SK증권,2025-01-10,2026-05-04 22:48:11.228582+00:00,https://consensus.hankyung.com/analysis/downpdf?report_idx=637938
5993,1,NAVER(035420) 꾸준하게 호실적을 낼 수 있는 이유,남효지,SK증권,2025-01-10,2026-05-04 22:48:11.228582+00:00,https://consensus.hankyung.com/analysis/downpdf?report_idx=637936
5994,1,HDC현대산업개발(294870) 4Q24 Preview: 건축부문 비용 반영,김세련,LS증권,2025-01-09,2026-05-04 22:48:11.228582+00:00,https://consensus.hankyung.com/analysis/downpdf?report_idx=637933
5995,1,POSCO홀딩스(005490) 아쉬운 이차전지 성과,이규익,SK증권,2025-01-09,2026-05-04 22:48:11.228582+00:00,https://consensus.hankyung.com/analysis/downpdf?report_idx=637928
5996,1,현대제철(004020) 일회성 요인으로 컨센서스 부합,이규익,SK증권,2025-01-09,2026-05-04 22:48:11.228582+00:00,https://consensus.hankyung.com/analysis/downpdf?report_idx=637927
5997,1,대웅제약(069620) 4Q24 Preview: 수익성 개선으로 호실적 기대,이선경,SK증권,2025-01-09,2026-05-04 22:48:11.228582+00:00,https://consensus.hankyung.com/analysis/downpdf?report_idx=637926
5998,1,LG전자(066570) LG전자 - 4분기 잠정실적 요약: 별도와 자회사에서 각각 500억씩 OP 쇼크,"박형우,권민규",SK증권,2025-01-09,2026-05-04 22:48:11.228582+00:00,https://consensus.hankyung.com/analysis/downpdf?report_idx=637924
5999,1,삼성전자(005930) 여유를 가지고 저점 매수하는 전략 권고,"송명섭,손우성",iM증권,2025-01-09,2026-05-04 22:48:11.228582+00:00,https://consensus.hankyung.com/analysis/downpdf?report_idx=637921
6000,1,LG전자(066570) 지금의 주가가 반영하고 있는 것,"고의영,손우성",iM증권,2025-01-09,2026-05-04 22:48:11.228582+00:00,https://consensus.hankyung.com/analysis/downpdf?report_idx=637920
6001,1,현대차(005380) 4Q24 Preview: 펀더멘탈은 견조하지만…,조희승,iM증권,2025-01-09,2026-05-04 22:48:11.228582+00:00,https://consensus.hankyung.com/analysis/downpdf?report_idx=637919
6002,1,기아(000270) 4Q24 Preview: 펀더멘탈은 견조하지만…,조희승,iM증권,2025-01-09,2026-05-04 22:48:11.228582+00:00,https://consensus.hankyung.com/analysis/downpdf?report_idx=637918
6003,1,현대모비스(012330) 4Q24 Preview: 모듈 및 핵심부품 흑전!,조희승,iM증권,2025-01-09,2026-05-04 22:48:11.228582+00:00,https://consensus.hankyung.com/analysis/downpdf?report_idx=637917
6004,1,"현대오토에버(307950) 4Q24 Preview: 이익 개선의 속도는 주춤했으나, 중장기 성장 요인은 변함...",조희승,iM증권,2025-01-09,2026-05-04 22:48:11.228582+00:00,https://consensus.hankyung.com/analysis/downpdf?report_idx=637916
6005,1,한온시스템(018880) 4Q24 Preview: 통곡의 4분기,조희승,iM증권,2025-01-09,2026-05-04 22:48:11.228582+00:00,https://consensus.hankyung.com/analysis/downpdf?report_idx=637915
6006,1,HL만도(204320) 4Q24 Preview: 연말마다 일회성 비용이 발생하는 회사? 이젠 아냐!,조희승,iM증권,2025-01-09,2026-05-04 22:48:11.228582+00:00,https://consensus.hankyung.com/analysis/downpdf?report_idx=637914
6007,1,현대위아(011210) 4Q24 Preview: 임단협 리스크가 수익성을 제한,조희승,iM증권,2025-01-09,2026-05-04 22:48:11.228582+00:00,https://consensus.hankyung.com/analysis/downpdf?report_idx=637913
6008,1,SNT모티브(064960) 4Q24 Preview: 높은 기저의 부담은 끝났다,조희승,iM증권,2025-01-09,2026-05-04 22:48:11.228582+00:00,https://consensus.hankyung.com/analysis/downpdf?report_idx=637912
6009,1,한국타이어앤테크놀로지(161390) 4Q24 Preview: 본업은 계속 좋음,조희승,iM증권,2025-01-09,2026-05-04 22:48:11.228582+00:00,https://consensus.hankyung.com/analysis/downpdf?report_idx=637911
6010,1,금호타이어(073240) 4Q24 Preview: 2025년에도 증설 이어가겠습니다,조희승,iM증권,2025-01-09,2026-05-04 22:48:11.228582+00:00,https://consensus.hankyung.com/analysis/downpdf?report_idx=637910
6011,1,넥센타이어(002350) 4Q24 Preview: 인고의 시간,조희승,iM증권,2025-01-09,2026-05-04 22:48:11.228582+00:00,https://consensus.hankyung.com/analysis/downpdf?report_idx=637909
6012,1,"DL이앤씨(375500) 보수적 가이던스 제시 예상, 현금활용방안 주목",배세호,iM증권,2025-01-09,2026-05-04 22:48:11.228582+00:00,https://consensus.hankyung.com/analysis/downpdf?report_idx=637908
6013,1,HDC현대산업개발(294870) 결국에는 실적으로 증명할 것,배세호,iM증권,2025-01-09,2026-05-04 22:48:11.228582+00:00,https://consensus.hankyung.com/analysis/downpdf?report_idx=637907
6014,1,대우건설(047040) 4Q24 Preview: 외형 축소에 대비,배세호,iM증권,2025-01-09,2026-05-04 22:48:11.228582+00:00,https://consensus.hankyung.com/analysis/downpdf?report_idx=637906
6015,1,"삼성E&A(028050) 과도한 주가 하락, 하지만 불확실성 해소 필요",배세호,iM증권,2025-01-09,2026-05-04 22:48:11.228582+00:00,https://consensus.hankyung.com/analysis/downpdf?report_idx=637905
6016,1,"GS건설(006360) 속도는 더디지만, 개선의 흐름은 명확",배세호,iM증권,2025-01-09,2026-05-04 22:48:11.228582+00:00,https://consensus.hankyung.com/analysis/downpdf?report_idx=637904
6017,1,현대건설(000720) 아직은 기다리는 구간,배세호,iM증권,2025-01-09,2026-05-04 22:48:11.228582+00:00,https://consensus.hankyung.com/analysis/downpdf?report_idx=637903
6018,1,효성티앤씨(298020) 2025년 스판덱스 업황은 상저하고 전망,전유진,iM증권,2025-01-09,2026-05-04 22:48:11.228582+00:00,https://consensus.hankyung.com/analysis/downpdf?report_idx=637902
6019,1,현대제철(004020) 현대차그룹 미국 제철소 투자 업데이트,장재혁,메리츠증권,2025-01-08,2026-05-04 22:48:11.228582+00:00,https://consensus.hankyung.com/analysis/downpdf?report_idx=637893
6020,1,하나마이크론(067310) 반가운 베트남 성장 재개,김동관,메리츠증권,2025-01-08,2026-05-04 22:48:11.228582+00:00,https://consensus.hankyung.com/analysis/downpdf?report_idx=637891
6021,1,유한양행(000100) MARIPOSA OS 12 개월 이상 개선 발표,김준영,메리츠증권,2025-01-08,2026-05-04 22:48:11.228582+00:00,https://consensus.hankyung.com/analysis/downpdf?report_idx=637887
6022,1,삼성중공업(010140) 4Q Preview: 컨센서스에 부합할 양호한 실적,배기연,메리츠증권,2025-01-08,2026-05-04 22:48:11.228582+00:00,https://consensus.hankyung.com/analysis/downpdf?report_idx=637882
6023,1,"삼성전자(005930) 4Q24P – ‘19년 1월 반등’과 같은 점, 다른 점",김선우,메리츠증권,2025-01-08,2026-05-04 22:48:11.228582+00:00,https://consensus.hankyung.com/analysis/downpdf?report_idx=637881
6024,1,삼성바이오로직스(207940) 4Q24 Preview: 제한적인 4 분기 환율 효과,김준영,메리츠증권,2025-01-08,2026-05-04 22:48:11.228582+00:00,https://consensus.hankyung.com/analysis/downpdf?report_idx=637880
6025,1,GS건설(006360) 4Q24 Preview: 단기 변동성 확대,김세련,LS증권,2025-01-08,2026-05-04 22:48:11.228582+00:00,https://consensus.hankyung.com/analysis/downpdf?report_idx=637874
6026,1,현대건설(000720) 4Q24 Preview: 도약을 위한 후퇴,김세련,LS증권,2025-01-08,2026-05-04 22:48:11.228582+00:00,https://consensus.hankyung.com/analysis/downpdf?report_idx=637873
6027,1,DL이앤씨(375500) 4Q24 Preview: 안정성이 부각되는 시점,김세련,LS증권,2025-01-08,2026-05-04 22:48:11.228582+00:00,https://consensus.hankyung.com/analysis/downpdf?report_idx=637872
6028,1,HD현대일렉트릭(267260) 업황/실적 호조 지속. 밸류 매력 여전히 충분,성종화,LS증권,2025-01-08,2026-05-04 22:48:11.228582+00:00,https://consensus.hankyung.com/analysis/downpdf?report_idx=637869
6029,1,LS마린솔루션(060370) 눈앞에 다가온 대형 해상풍력 프로젝트,나민식,SK증권,2025-01-08,2026-05-04 22:48:11.228582+00:00,https://consensus.hankyung.com/analysis/downpdf?report_idx=637864
6030,1,삼성바이오로직스(207940) 4Q24 Pre: 잠깐의 숨고르기,장민환,iM증권,2025-01-08,2026-05-04 22:48:11.228582+00:00,https://consensus.hankyung.com/analysis/downpdf?report_idx=637863
6031,1,롯데케미칼(011170) 25년 적자지속 예상에도 매수의견 유지하는 이유,"전유진,장호",iM증권,2025-01-08,2026-05-04 22:48:11.228582+00:00,https://consensus.hankyung.com/analysis/downpdf?report_idx=637862
6032,1,크래프톤(259960) 1Q25까지도 벌써 좋다,김소혜,한화투자증권,2025-01-07,2026-05-04 22:48:11.228582+00:00,https://consensus.hankyung.com/analysis/downpdf?report_idx=637851
6033,1,코웨이(021240) 주주의 기다림에 주주환원으로 화답하다,이진협,한화투자증권,2025-01-07,2026-05-04 22:48:11.228582+00:00,https://consensus.hankyung.com/analysis/downpdf?report_idx=637850
6034,1,"아모레퍼시픽(090430) 성장의 축은 전환되었지만, 확인할 것이 남았다",한유정,한화투자증권,2025-01-07,2026-05-04 22:48:11.228582+00:00,https://consensus.hankyung.com/analysis/downpdf?report_idx=637847
6035,1,NAVER(035420) 광고와 커머스 추정치 재차 상향,김소혜,한화투자증권,2025-01-07,2026-05-04 22:48:11.228582+00:00,https://consensus.hankyung.com/analysis/downpdf?report_idx=637844
6036,1,삼성카드(029780) 규제 환경 변화에도 지속될 견조한 이익체력,설용진,SK증권,2025-01-07,2026-05-04 22:48:11.228582+00:00,https://consensus.hankyung.com/analysis/downpdf?report_idx=637840
6037,1,인벤티지랩(389470) 새로운 시도가 필요한 이유,장민환,iM증권,2025-01-07,2026-05-04 22:48:11.228582+00:00,https://consensus.hankyung.com/analysis/downpdf?report_idx=637838
6038,1,삼성전기(009150) 전일 주가 상승 관련 투자포인트 재점검,고의영,iM증권,2025-01-07,2026-05-04 22:48:11.228582+00:00,https://consensus.hankyung.com/analysis/downpdf?report_idx=637837
6039,1,LX인터내셔널(001120) 배당 확대 예상되면서 밸류에이션 매력 부각,이상헌,iM증권,2025-01-07,2026-05-04 22:48:11.228582+00:00,https://consensus.hankyung.com/analysis/downpdf?report_idx=637836
6040,1,삼성전자(005930) 4Q24 Preview: 메모리 가격 하락 지속,정민규,상상인증권,2025-01-06,2026-05-04 22:48:11.228582+00:00,https://consensus.hankyung.com/analysis/downpdf?report_idx=637835
6041,1,효성중공업(298040) 4Q24 Preview: 25년을 위한 준비,김광식,상상인증권,2025-01-06,2026-05-04 22:48:11.228582+00:00,https://consensus.hankyung.com/analysis/downpdf?report_idx=637834
6042,1,LS ELECTRIC(010120) 4Q24 Preview: 높아질 시장 주목도,김광식,상상인증권,2025-01-06,2026-05-04 22:48:11.228582+00:00,https://consensus.hankyung.com/analysis/downpdf?report_idx=637833
6043,1,HD현대일렉트릭(267260) 4Q24 Preview: 벌써 놓기에는 이르다,김광식,상상인증권,2025-01-06,2026-05-04 22:48:11.228582+00:00,https://consensus.hankyung.com/analysis/downpdf?report_idx=637832
6044,1,서울반도체(046890) 자동차향 매출 비중이 증가하는 모습이 긍정적,"김경민,권지승",한국IR협의회,2025-01-06,2026-05-04 22:48:11.228582+00:00,https://consensus.hankyung.com/analysis/downpdf?report_idx=637829
6045,1,이마트(139480) 4Q24 Preview : 우선은 실적 턴어라운드 및 전망치 상향 가능성에 주목,이진협,한화투자증권,2025-01-06,2026-05-04 22:48:11.228582+00:00,https://consensus.hankyung.com/analysis/downpdf?report_idx=637828
6046,1,삼성에스디에스(018260) 클라우드 솔루션 관련 투자로 수익성 부진,김소혜,한화투자증권,2025-01-06,2026-05-04 22:48:11.228582+00:00,https://consensus.hankyung.com/analysis/downpdf?report_idx=637826
6047,1,카카오(035720) 체류시간 확대 전략이 무조건 필요,김소혜,한화투자증권,2025-01-06,2026-05-04 22:48:11.228582+00:00,https://consensus.hankyung.com/analysis/downpdf?report_idx=637825
6048,1,HD현대인프라코어(042670) 단기 실적 저점을 확인하는 구간,배성조,한화투자증권,2025-01-06,2026-05-04 22:48:11.228582+00:00,https://consensus.hankyung.com/analysis/downpdf?report_idx=637824
6049,1,현대건설(000720) 당신이 망설이는 사이에,"송유림,이다연",한화투자증권,2025-01-06,2026-05-04 22:48:11.228582+00:00,https://consensus.hankyung.com/analysis/downpdf?report_idx=637823
6050,1,에이피알(278470) 장기적 시장 점유율 확대를 위한 투자 집행,이승은,유안타증권,2025-01-06,2026-05-04 22:48:11.228582+00:00,https://consensus.hankyung.com/analysis/downpdf?report_idx=637816
6051,1,한국콜마(161890) 2025년 미국 시장 성장이 핵심이다,이승은,유안타증권,2025-01-06,2026-05-04 22:48:11.228582+00:00,https://consensus.hankyung.com/analysis/downpdf?report_idx=637815
6052,1,코스메카코리아(241710) 2025년 성장 동력: 글로벌 수주와 신제품,이승은,유안타증권,2025-01-06,2026-05-04 22:48:11.228582+00:00,https://consensus.hankyung.com/analysis/downpdf?report_idx=637813
6053,1,아모레퍼시픽(090430) 화장품 섹터의 턴어라운드는 아모레로부터,이승은,유안타증권,2025-01-06,2026-05-04 22:48:11.228582+00:00,https://consensus.hankyung.com/analysis/downpdf?report_idx=637811
6054,1,에스켐(475660) 탐방노트: OLED 디스플레이의 새로운 파동,양승수,메리츠증권,2025-01-06,2026-05-04 22:48:11.228582+00:00,https://consensus.hankyung.com/analysis/downpdf?report_idx=637805
6055,1,SK하이닉스(000660) 증명할 경기 방어력,"한동희,박제민",SK증권,2025-01-06,2026-05-04 22:48:11.228582+00:00,https://consensus.hankyung.com/analysis/downpdf?report_idx=637794
6056,1,삼성전자(005930) 견고해 질 저점,"한동희,박제민",SK증권,2025-01-06,2026-05-04 22:48:11.228582+00:00,https://consensus.hankyung.com/analysis/downpdf?report_idx=637791
6057,1,SPC삼립(005610) 푸드 부문 기저효과,"김태현,박은명",IBK투자증권,2025-01-06,2026-05-04 22:48:11.228582+00:00,https://consensus.hankyung.com/analysis/downpdf?report_idx=637785
6058,1,에이치시티(072990) 2025년에도 성장흐름 지속,정홍식,LS증권,2025-01-06,2026-05-04 22:48:11.228582+00:00,https://consensus.hankyung.com/analysis/downpdf?report_idx=637783
6059,1,크래프톤(259960) 높은 트래픽과 잘 갖춘 BM,정의훈,유진투자증권,2025-01-06,2026-05-04 22:48:11.228582+00:00,https://consensus.hankyung.com/analysis/downpdf?report_idx=637775
6060,1,SK(034730) 주식소각 기대 및 이사 주주 충실의무 수혜,이상헌,iM증권,2025-01-06,2026-05-04 22:48:11.228582+00:00,https://consensus.hankyung.com/analysis/downpdf?report_idx=637772
6061,1,LS(006260) 주식소각 기대 및 이사 주주 충실의무 수혜,이상헌,iM증권,2025-01-06,2026-05-04 22:48:11.228582+00:00,https://consensus.hankyung.com/analysis/downpdf?report_idx=637771
6062,1,LG(003550) 이사의 주주 충실의무에 대한 고찰,이상헌,iM증권,2025-01-06,2026-05-04 22:48:11.228582+00:00,https://consensus.hankyung.com/analysis/downpdf?report_idx=637770
6063,1,두산(000150) 주식소각 기대 및 이사 주주 충실의무 수혜,이상헌,iM증권,2025-01-06,2026-05-04 22:48:11.228582+00:00,https://consensus.hankyung.com/analysis/downpdf?report_idx=637769
6064,1,LG이노텍(011070) 밸류에이션 정상화를 위해서는,"고의영,손우성",iM증권,2025-01-06,2026-05-04 22:48:11.228582+00:00,https://consensus.hankyung.com/analysis/downpdf?report_idx=637768
6065,1,LG전자(066570) 불확실성을 건너는 중,"고의영,손우성",iM증권,2025-01-06,2026-05-04 22:48:11.228582+00:00,https://consensus.hankyung.com/analysis/downpdf?report_idx=637767
6066,1,삼성전자(005930) FY25 실적컨센서스하향조정필요,송명섭,iM증권,2025-01-06,2026-05-04 22:48:11.228582+00:00,https://consensus.hankyung.com/analysis/downpdf?report_idx=637766
6067,1,SK하이닉스(000660) 좀더여유를가지고저점매수기회를노리는전략을권고함,송명섭,iM증권,2025-01-06,2026-05-04 22:48:11.228582+00:00,https://consensus.hankyung.com/analysis/downpdf?report_idx=637763
6068,1,하나투어(039130) 4Q ASP 감소세로 컨센 하회 전망,임수진,대신증권,2025-01-03,2026-05-04 22:48:11.228582+00:00,https://consensus.hankyung.com/analysis/downpdf?report_idx=637750
6069,1,교촌에프앤비(339770) 2025년 실적이 증명해 줄 것,남성현,IBK투자증권,2025-01-03,2026-05-04 22:48:11.228582+00:00,https://consensus.hankyung.com/analysis/downpdf?report_idx=637739
6070,1,레인보우로보틱스(277810) 최대주주 변경 Comment,이지호,메리츠증권,2025-01-02,2026-05-04 22:48:11.228582+00:00,https://consensus.hankyung.com/analysis/downpdf?report_idx=637687
6071,1,LG이노텍(011070) 2025 년 동상이몽,양승수,메리츠증권,2025-01-02,2026-05-04 22:48:11.228582+00:00,https://consensus.hankyung.com/analysis/downpdf?report_idx=637684
6072,1,레인보우로보틱스(277810) 삼성전자의 자회사가 된 레인보우로보틱스,이상수,iM증권,2025-01-02,2026-05-04 22:48:11.228582+00:00,https://consensus.hankyung.com/analysis/downpdf?report_idx=637680
6073,2,지난달 부모가 자녀에게 가장 많이 선물한 국내주식은 삼성전자,,연합뉴스,2026-05-04,2026-05-05 03:26:01.290450+00:00,https://news.google.com/rss/articles/CBMiYEFVX3lxTE9MazBoNGVGenk1aS1oX0Exa2llcXRMMGJ0amlTakk1a1E3ZlFHd0J1YnBsZ3Y5eVdERUtpcG9ieGtwbF84a1NpN1gxYzM1ekVKZXVYU3Y4VHpBUEhXdkZYUw?oc=5
6076,2,"▶▶5월 1주차 수익률 1위 종목, 【AI골든봇】이 3일 전 포착했다는데?",,데이터투자,2026-05-04,2026-05-05 03:26:01.290450+00:00,https://news.google.com/rss/articles/CBMickFVX3lxTE1sazNyZGxKWWZhUS1yOXpic3pZaHY1eGtLM2RfX3BBLTIwcjRkOEFxTmpnVFlOaU1GalF3aTRHU2xBMS1rYjJMRXlXT0hjRW1MUVgtZ3cxNi1hb1Q5bkYtT1RjeTVtb0g1aUZnbHFBMlpPdw?oc=5
6169,2,AI가 분석해주는 샘씨엔에스 상승확률은?,,네이버 프리미엄콘텐츠,2026-01-27,2026-05-05 03:26:01.290450+00:00,https://news.google.com/rss/articles/CBMihgFBVV95cUxOdHhfS0E5R0Yxd0FYMGMyMWdZb2c4a1loeTZvUGVGb1RUSXAwWHM3aV91cnM3bHh2NkRaSkhjNXhxVk8yWldONHRDLTg0SXFmVE04bkFzSXZSdUtXUWs3TklLLUtGOXFZeklQbkd6aDVOVWtHRDlJYlFGOU5fdzRQQUZDOTJMUQ?oc=5
6171,2,"미래에셋증권, ‘MY종목분석’ 서비스 출시",,금융경제신문,2025-08-21,2026-05-05 03:26:01.290450+00:00,https://news.google.com/rss/articles/CBMibEFVX3lxTFBSY0ZCWGtSdkhhSlhRX3FVS0ZlUnFVSFNYVjhzeUhvaExJcXExVC0zeV9LbnhpbHo3N042TGg4b3hjbjRzVEdpUUo4RVp1bmtFX0hMQXppZTJFd1hoNmFQaUxWMzJqVnNEWVN6ZdIBb0FVX3lxTE01bXkwbTRCSkFXVEd0cDlkeS1TVlVxMXZROUlnUERBaGVreFQxQmJ4VGlzSHd6dGVSejNkWWFtckExQUZSZ2hRLWI1dTVMeWp5eU1OcHp4Tmx0ZUsxQ3BPbHJJZ3ZWWnRiMDNXNlJNaw?oc=5
6172,2,"[생생한 주식쇼 생쇼] 3월 바이오 섹터 주목, 임상 데이터 기대감 종목 분석",,매일경제 마켓,2026-02-25,2026-05-05 03:26:01.290450+00:00,https://news.google.com/rss/articles/CBMiUkFVX3lxTE9zVnBjMjNPRncwV0xuRmtnS0gzUmg0R2NzZ2RkcWVWbFFfa2s0bjNOTWF6WXZ6MUdBcVo0R3hrT3hvaWhzdzBkNE5EYTJ2eWtOSHc?oc=5
6196,3,"삼성SDI, 올 4분기 본격적인 실적 반등 전망-KB",,마켓인,2025-09-22,2026-05-05 03:26:21.282454+00:00,https://news.google.com/rss/articles/CBMic0FVX3lxTE9lTzdpcHp4RjBIVURvNE1pQ2Z4LWFTd2E0QnlGMUhLQWJweEpOM0d6LWJqVF93a3JIcVM1RWJGclhiMWRlNUo4dFJCekZra2ZKMXFIbXgxOHRfUHpnVF8xV2tpb3N3RmYwSlBHbU90Njd5Y3M?oc=5
6202,3,"효성중공업, 2030년까지 실적 호조 전망…목표가 상향-IBK",,마켓인,2025-06-10,2026-05-05 03:26:21.282454+00:00,https://news.google.com/rss/articles/CBMic0FVX3lxTE1YSlI0dDRBdUVKOHFsakkydzFoVE4ydUhYZlFZMDlra0NVSWlnVi16ZncwQVZQMWs0czk3RGs4ZVNNUDdvNEFyclUtQTd1dTJBMmZFejVtdFJ4VHdGZXowX05pR2dQWmgwbGRBckdvQnhfY2s?oc=5
6214,3,"""'9조 잭팟' 한 번 더""…'34만닉스' 깜짝 전망 나왔다",,마켓인,2025-07-25,2026-05-05 03:26:21.282454+00:00,https://news.google.com/rss/articles/CBMic0FVX3lxTE9xLTFGU05KNUU0dzNZZEhJS3dLeHlKZ19QemNDUFM2MjdEUkFFYkhGTTV4aWRzOTZ3bkppZ09sM2Z0Uk83NzFCQkNxMkF4Y0FwdEowLUowVnVWZW1TcEpwOElWVnFhOFdQUTQ4eG5vTUdQTFU?oc=5
6217,3,"코스메카코리아, 내년 상장 이래 최대 실적 경신 전망-NH",,마켓인,2025-12-05,2026-05-05 03:26:21.282454+00:00,https://news.google.com/rss/articles/CBMic0FVX3lxTFBuYWZqamlON3lzRUxZUXBYdUpDZDhaUzQ4X1NleXRHMkNMTjZmZG13UXR2UGdSSG1fQzg1YXZmLUx5dTJLOGlqWlBtS3ZqZkNRX2xhbG1ScEVLby1vVEctOHZNd0hsdThHRDM4blloekw5eWc?oc=5
6221,3,"삼성중공업, 신규수주 양호에 실적 개선 장기화 전망…목표가↑-NH",,마켓인,2025-10-24,2026-05-05 03:26:21.282454+00:00,https://news.google.com/rss/articles/CBMic0FVX3lxTFB5ckFXTHJpNFloZE9FUms1djZTSmR3bEtVdjhoTE9DT3NrcURzTUtmMnJjMUY2SXR1bzZHMVd1c2lEVDlmZEFyM1BTU3VFYVVkSkhuTlk1TnBmUXVZRDZNeEdjb3dxaHRoV2htTlh3R1ZneU0?oc=5
6228,3,"하이브, BTS 월드투어로 실적 레벨업…목표가 42만원-IBK",,마켓인,2026-01-14,2026-05-05 03:26:21.282454+00:00,https://news.google.com/rss/articles/CBMic0FVX3lxTE1SeC1oRVg5YkJVRTVNcmMxajdxdDdHaGVENmJzdW1RcnZQVU9tWF80dFhZMlFnN0ppcGtYbThsRjh2WVp6eEtXS3M2Sl9PQmVrc3JyeEZxemo0N09GVjh2aDVldDJ4MmhnSFVCX1pOVzRmZjQ?oc=5
6229,3,"[애널픽] 쏠리드, 실적 대비 과도한 우려…목표가 2만원↑",,뷰어스,2026-03-12,2026-05-05 03:26:21.282454+00:00,https://news.google.com/rss/articles/CBMiWEFVX3lxTE1KNXRZcmdsaDVRQnF0dVRjODdJNDNkRUdjOEZmSEFjbXpwTF9zc0NnVS1TM1hVbG5BR0c2b2RPSXBqdTVoZE5kc2x1YmxQclpqTzhiYXFsNFY?oc=5
6231,3,"제닉, 본격 수주 증가 효과…연간 실적 사상 최대치 전망-하나",,마켓인,2025-06-09,2026-05-05 03:26:21.282454+00:00,https://news.google.com/rss/articles/CBMic0FVX3lxTE5pakRNWVlKcExWbzRVN3Ntd0FiT3J2OEsxcXUybl91UE9GT25XazRiQXFUcVZyMDJiNG53dXp6bzlzODItcEgwUkVwVlBIa1k2Tkpfb1lJZWxqOW53OHBEZFFIZGNQSC1Eb3JYX0JqeVRPNTg?oc=5
6233,3,"[핵심주] IBK투자증권 ""심텍, 일회성 조정 매수 기회... 목표가↑""",,meconomynews.com,2025-11-11,2026-05-05 03:26:21.282454+00:00,https://news.google.com/rss/articles/CBMicEFVX3lxTFBQSHpLaFh3RVYwUGk4cEt2cjJXcndUVmxvVGpOVUJpZUo0SS1HdjRkcEZjQWlzTUcxRTdGVnFkRzZGRXhTOEdJbU4wRGdHTFVTOUxadUZNWnltVm00Y1ZoNEpLQmQzX1JqTHNwQmVXWXc?oc=5
6253,4,반도체 대장주 갈아탄다…SK하이닉스 팔고 삼성전기 담았다 [주식 초고수는 지금],,매일경제,2026-04-14,2026-05-05 03:26:36.028887+00:00,https://news.google.com/rss/articles/CBMiUkFVX3lxTE84Wm9uMXY4RHdhY0JwNDlWR3Mwc2JCMll1UnB5MXFWUkZjZkdfaS1xNmFJWTI3NkZ4b3VwdnpmMndLVVlqbjlsNXIycHNxUnFFUWc?oc=5
6298,4,"AMD, ‘완벽한 시나리오’에 못 미친 실적과 전망에 주가 17.31% 폭락…반도체 동반 하락",,글로벌이코노믹,2026-02-05,2026-05-05 03:26:36.028887+00:00,https://news.google.com/rss/articles/CBMiiAFBVV95cUxQbkRFQ0xOMWRaMFdxbXZOdE5SYkVrQkVkYWlEcWF3Ym5kVWV4UFN5MjNLTE8wMlF2WEkwWjA3MHZEVENvbDFOb2VDTk52aVZiTVlvSGdZU1EyMl9ob2RFRWZTYVl2WlJwUDBYdGthdlF2YWdwTGwwUFN6OGJycVBoTjdQbGMxV2JK?oc=5
6316,4,중동 전쟁에도 반도체 낙관론…증권가 삼전닉스 목표가 '쑥',,매일경제,2026-03-15,2026-05-05 03:26:36.028887+00:00,https://news.google.com/rss/articles/CBMiUkFVX3lxTE9FS0ZTUDhsLXNKSVlHUG1DTDJJLXJqRS1raDVicklpOWdPRlgxRVE3YzdsRVBwNVBWWHdnaHlKYm1idllVS3ByTWpuOGJlZDc5UEE?oc=5
6333,4,"윤석모 삼성증권 센터장 ""상반기 반도체 주가 양호""[육천피 시대]",,뉴시스,2026-02-25,2026-05-05 03:26:36.028887+00:00,https://news.google.com/rss/articles/CBMiYEFVX3lxTE9DN3Vab3czSTFHaTlueHRia1ZGQW9KeHRWYXlrZTRjblhmdUpBTlVFVGxVRWktYnFhdW5uWm02V2ZVdGJIa1JBRkVpWGYxUXpnVXlGOHA5TlpYVE9hdVIwRdIBeEFVX3lxTE8zS0RYQVlJTm4xTVdqaER3ZW5ROU9fOXBHWDc2eUNYcEJRTFQ3RjQxRi1IRlp1VzhhWTk3R3Y4TTlER09zOWVjOWJyeUNKc2pTV3BpQWNmOEkwN1pPMG5rMEt3bEk3RWpRcTJDSUNqVWNKQmduWjVVTQ?oc=5
6342,4,"'사상 최고가' 삼성전자, '20만전자' 가능할까",,뉴시스,2025-12-28,2026-05-05 03:26:36.028887+00:00,https://news.google.com/rss/articles/CBMiYEFVX3lxTE9lNjZodmZYaWhsNDR1N1kxWDZzR1VsZk5CNk00bUhIajdCVVRQOTR5MER5LTh2RlBqSVZNeDdIcXBWckZsTE9IYmdzb281bjI3S2hCNlBLS211clBvLVRqQ9IBeEFVX3lxTE1YTnlUY1Nzb2dIbDRWYTk4aGxyRHRCZWhUVUNfS1JxcHU3VHN2WkRnSG9pYVhLM1dZbFpJUlI2NUFOLUtRTTc4U0syWmh2MU54MW95Z1lBaGNZZi1ETWtiVWJnckhjMnNXdVhNQldHZUdZQjF6VHJtUQ?oc=5
6345,4,"""상반기까진 확실히 반도체…하반기엔 ○○○로 대비해야""",,한국경제,2026-02-24,2026-05-05 03:26:36.028887+00:00,https://news.google.com/rss/articles/CBMiWkFVX3lxTFBMV2I3aUZoN0V2MzQwXzdNYWw1b3JIVURtcHhDYlFraFRoaFFvLWJJWlBNWnNFWHM1ZUpYcW5XaWdMaTA1WEFzU3VLRmJVU1JiVXVDcG1MS1FHd9IBVEFVX3lxTFBtb0dDSG9jNDJnRFlxemZodEVwWGUzVEdoLTF1WkRGX254NFl3Y3VNUTh5V0dDSlJIczhpLXdYamFvcTY4bk9uek1Bd2xMaHlWUDQxTA?oc=5
6346,4,브로드컴의 전망이 반도체 주식을 불안하게 만든 이유,,Benzinga,2025-12-12,2026-05-05 03:26:36.028887+00:00,https://news.google.com/rss/articles/CBMi1wJBVV95cUxNcGxsWE1ZbDN2OTVaQ3pULVVSdFRLb25uRWxBa014VGVtaHF1MElNRG5PUjI5WnBRZFlzcGthc1AxRFlXM0RTblhMdGc0d3FrWWVzVW5KM1pZQ2NVNzlleEpjX25mbGM3VjZKLU5GRGxZd05fVHRtTXZzT01OMHREMG1OR1RuelpVT2h5UFlXazdhdnQ2aTk3WVRWenJoRkpycU1tX2FVSlhJMUs5Z2dmcTVpeGwwc3Rxc3hCTVRPajJsdkNQVkRVaTMyOGE1TTdlVUo2andiVVhFZy1OejNaeFVWUnZ0S1lZb181RFV4RFM3UmFIbldMeGNPWmdfYkQxNHBzSGNDNlZYV0lsV1pvLUIzUFB6WGJtV0JpeWNxbHdVQXZkVmVsTXFBbXozU3VON1EzazRuektEdWxoZW14OHZ0ZUozZl9LVTdtSWIycGFZSzVwVXQw?oc=5
6349,2,클로드AI : 주식 분석하기(경쟁사 및 이슈분석),,브런치,2026-05-05,2026-05-05 08:18:00.215360+00:00,https://news.google.com/rss/articles/CBMiSkFVX3lxTE1Kc3duM3U0M09sRFJPWUtEQUpsYlFobEJ4ZVZpbnlhRzctLXNVa240aER4dFpNbndMdFZoejRrd0RGOTZoSDNLUzRB?oc=5
6350,2,AI가 분석해주는 GS건설(006360) 상승확률은?,,네이버 프리미엄콘텐츠,2026-05-03,2026-05-05 08:18:00.215360+00:00,https://news.google.com/rss/articles/CBMihgFBVV95cUxNNzNTVTBkT3BVaE56Vmw4WE1hb1hIUGZPcjdzdjl6Zk1GY2lrNkN3ay1LSndDYWFGNGdSLWl5NlVUYUt3V0RRNllRVUVMTlZteWRNU3VnY09NbkdIdmRGVGtmcXFwdmRRVGRCMEFZUmVOVFpEYnJNVkd5TVRlZjRPMlRlX1pBdw?oc=5
6356,2,AI가 분석해주는 LG전자(066570) 상승확률은?,,네이버 프리미엄콘텐츠,2026-04-29,2026-05-05 08:18:00.215360+00:00,https://news.google.com/rss/articles/CBMihgFBVV95cUxNRmItcTd1Z1o3N2YwMzc1UDAyLXlKb3BWanM0TTdiZWxQMkVvTzExeEYxeThyOV80cTNuRGhDejIwRkdjMHRyYWJZOC1mV0JZMVdQZ0IxdjB5dXVPd0M2bTJnM3BUcXBaZnY5UW5nTnQxWTBmV0wxSm1rcEIwaWdlV2Y5bG1MZw?oc=5
6373,2,"미래에셋증권, ‘MY종목분석’ 서비스 오픈",,v.daum.net,2025-08-21,2026-05-05 08:18:00.215360+00:00,https://news.google.com/rss/articles/CBMiRkFVX3lxTE50MktiX25oampDNXZTRTNYbExDV3d3TmJ0Sl9RN25JNlBhOGVhSkZUaWNuMDg0RHZfZ0thelhhN1pSWmszWVE?oc=5
6415,2,🚨 과매도 신호 뜬 국장 우량주 - 지금 주목해야 할 저평가 우량주 리스트 (2026.03.06 기준),,네이버 프리미엄콘텐츠,2026-03-07,2026-05-05 08:18:00.215360+00:00,https://news.google.com/rss/articles/CBMiigFBVV95cUxNNkxQSEk3ajFIdmw5ajNFRDFzZGVQcmNsN1NlbnJ3SUl1cVNuV3lIcFczOFZLc2h4WVU3MWcyVlFFNU80amhBbS0tdVZneTVlaWJrMTdNVlpfeGRqX2NZd2I1NkY1SHlqdFlWMGxDa182M3VvQ0dhaGxSbnRaNEtfSGdubW9rVUJ5NkE?oc=5
6487,3,"[가장 빠른 리포트] 하이브·한화오션 목표가 상향...""실적 개선 기대""",,네이버 프리미엄콘텐츠,2026-01-14,2026-05-05 08:18:16.235142+00:00,https://news.google.com/rss/articles/CBMif0FVX3lxTE5YYkVrNmxSQU1zUEIyelcyY1p6QVF6ak1sRHo4anVuX2k5ZVBmcVJ6MF92THNmVk03LXlvMmh3TXVUeW9iZ0J2TWNZRWJuNFF2WXVnZkxJV05DTURWcmE4bGFSTkUxUW9DMDBsWUFtbmVMbVlja25RUVhaOWNMVUk?oc=5
6489,3,"LG에너지솔루션, 실적 눈높이 추가 하향 조정 필요-NH",,마켓인,2025-10-14,2026-05-05 08:18:16.235142+00:00,https://news.google.com/rss/articles/CBMic0FVX3lxTFBZRmtfVW1sS1RsWWw3UFY3S1VQRkdTRWl6UF9HRGkyS0dGUDE4dHdkYTZweHVYaGF2V0MtaEF4VktQWkFzcjZyc2tFQ1JGTHJCT2F6blR1NVJTQ2FpZEZHQnFKQ2FyT0Y0ckw4cS0tdzhOcXM?oc=5
6498,3,"KT, 3Q 실적 부진에 배당주 매력 감소…목표가↓-NH",,마켓인,2025-10-10,2026-05-05 08:18:16.235142+00:00,https://news.google.com/rss/articles/CBMic0FVX3lxTE9wd1NJSnk4NzcyRmZ2c0xTajlJaEJPbVJLNXdpemVQQW9TWGlocm5tUi1qZTVxV1JIM2toMllvS0FGYmRZa3N6c1FCTEJfbk5WZGlXRFh2R1I2YTIxUE80akZndHZIRm9LOTNLNHpTdnBGclk?oc=5
6505,3,"SK하이닉스, 2025년 실적 개선 지속 전망-KB",,마켓인,2024-12-30,2026-05-05 08:18:16.235142+00:00,https://news.google.com/rss/articles/CBMic0FVX3lxTFB2ZXRmalNjUnRpeFZJTDlTVnhEWFhTNlRzRGRucXVnbjVSWXJJNk1ldzBwRkZ4bER2MldKeVVMR0pjTlhiX1FHZ3BxNi01c1VmeFNyVWlMOGx3VmJScDIyOG8zRlJPTE5FdXZOT2FTNGtXajQ?oc=5
6512,3,"LS證 “이마트, 올해 안정적 실적 흐름 전망…목표가↑”",,이투데이,2025-04-17,2026-05-05 08:18:16.235142+00:00,https://news.google.com/rss/articles/CBMiVEFVX3lxTE03NGZaaEJOYzRwQmhGckxpWHhEWTJ5eWhfY2hwOUh4cWJ1SDBMWHhQdllLc1E3elB5Q2U3aHlDZ0pObDM2bGJlS2ctZUJkb0UxTFF5Mg?oc=5
6513,3,몸값 떨어지는데...M&A 매물 나온 애경산업 목표가 ‘뚝’,,매일경제,2025-05-05,2026-05-05 08:18:16.235142+00:00,https://news.google.com/rss/articles/CBMiVEFVX3lxTE5RdEwwUWF2RDdrQm5DYkVLZkNmcjI5RlpDTFRueUxBTl9tYTBNMHlHeG1PY3BfQVhncjU4Qlg2SnVCV0VISFFUbU9TUTBCNmRkY1J6Vg?oc=5
6516,3,"대신증권 ""하나투어 4분기 실적 시장 기대치 하회... 목표가 유지""",,글로벌이코노믹,2025-01-03,2026-05-05 08:18:16.235142+00:00,https://news.google.com/rss/articles/CBMiiAFBVV95cUxQNDFnbjYyOFFjZzFJSzgzNHZPZFpXTE52anp1YkY5V1d3UG0yVmFaclBVSHVRZUZIRUZ6ZFgwc2xGdXFTRXZRTlMtcElHNUJELXd3d0NBWTduWWZxZ3V2N2NTMnFBTF8xVEpZM0RvYzVkV0dWZ0dxQUhtSC1CbFFpOVZ2QU4yZ1V0?oc=5
6520,3,"“한화오션, 특수선 실적 성장세 주목…목표가 상향”",,이투데이,2024-11-29,2026-05-05 08:18:16.235142+00:00,https://news.google.com/rss/articles/CBMiVEFVX3lxTE4zYldQY0N4Vlp3YWNFUk9WMk1YRTdGMU1KQW80am9jME1taEloMHppenJPSmRsQXNqRWVQWWNfRFhVclQ2TFpQSXpJbVh4NTVYRjV3aA?oc=5
6536,4,삼성전자·SK하이닉스 질주 언제까지?...반도체 전망 보니 '이럴 수가',,한경매거진&북,2026-04-12,2026-05-05 08:18:28.206049+00:00,https://news.google.com/rss/articles/CBMibEFVX3lxTE00c0UydEg2bVJ2ZENBUXVzTjRNVEl6RXBzQzhLNjBvRkJOQkg1Nm5QODdkWHhTVlB1VDV2UWVPV3BaX3BjeXBGN1lSTTM5bWI2bHNEUThXdTdNamtLTDFNZWQtdXF5b21wRUY1SA?oc=5
6583,4,"증권가, 새해 첫 거래일부터 반도체 ‘투톱’ 목표 주가 줄상향",,조선일보,2026-01-02,2026-05-05 08:18:28.206049+00:00,https://news.google.com/rss/articles/CBMigAFBVV95cUxOMHZCRXZfNFRDam90YloxT0VwdnhCYzNGS18td3BCTmxlcl9vSF9rbVE5c09vaTNOM1JDYXpJS2hSNEpSdFFwN05fcjVRSkliNGVZaXY0OURRUzZuNzE1X1l0TXhoY05lUURfd3J1aThYUmVGLU5YUl9VbWdSS0ZYaA?oc=5
6598,4,[코스피 6000]③ “반도체 더 갈 수 있다... 순환매장에선 AI인프라·로봇·증권 주목” - 조선비즈,,Chosunbiz,2026-02-25,2026-05-05 08:18:28.206049+00:00,https://news.google.com/rss/articles/CBMiiAFBVV95cUxQSlU2UVJZRHIxVzBOcm9GMmRmdTNqaDZhV05NVWt3R1NUMEllX0M4UnFXSTY2WmdCRXdtTEFxQVhOdGt6N2tYOEYzLXA4bGRfNUFtcTFYZ1pJb3VPcERDOFY3WE5TZV9UVWpTSGU3a21BWlUxY3lOdHA4QW9td3UyUTlHRE84YXhB0gGcAUFVX3lxTE1IbE9kYXhHVDZtb2Itc2tGTmpWTlhQY2tPWWZBQ0lFS04zaU81QTI3OEFDei1PZHRzSmZHblFoQ1pGZWZVS0hsWWhZWHZBNzl0UEtvTkswcXBpUXltSUNHR1VVM3lFcGVPZEtaeEZIWG9Hekpab1dNRThiRl9JNWNGcVZUNlRQc1IzWEE5V1gtVGFadnRycHZ0eEJBVw?oc=5
6617,4,[기업분석]사흘만에 44% 폭등 한미반도체는 어떤 회사?,,thecommoditiesnews.com,2026-01-07,2026-05-05 08:18:28.206049+00:00,https://news.google.com/rss/articles/CBMid0FVX3lxTE9zQ0dIQTgwa3cxWjhiQ2FZZlFDZ3hMTVVNS1BWZHNfVEFRSVdvdzcySFZQRmd2QkJOUXFydDdtS2QtY2FndGkya1Y4WjJKYldFaHhveXNhaFg2SXRjVUZ2eWZIcmYzNjZ6bHlUX3VhVG54czdZcjFR?oc=5
6619,4,구글 ‘터보퀀트’가 끌어내린 삼전·하이닉스…개미는 10조6000억 ‘사자’,,경향신문,2026-03-26,2026-05-05 08:18:28.206049+00:00,https://news.google.com/rss/articles/CBMiWkFVX3lxTE50dzd4RDdmb0xmOTh0V0RYdWtubkFqMDFFX0FXd0M1TlZPeUd3Z1NLdThzV3FudlJWRGFUbEQxVGhFeV9lTUpGOV8tSDFJR2F1em1iaDdtQUcyd9IBX0FVX3lxTE5wQndDRExiSlhJNVNjOWhFajRickRTamt2MXZMSjFCcDBycFdjRC1VQjlkZ0c0YWdNNUI5OEtfN2o4LUROa0Iybkdld2wyNVR1T3pSZHNDMDFpQ0gwMEJz?oc=5
6650,2,"미래에셋증권, ‘MY종목분석’ 서비스 오픈",,v.daum.net,2025-08-21,2026-05-05 19:28:08.496564+00:00,https://news.google.com/rss/articles/CBMiS0FVX3lxTE5nZkJxYy1tNHIzM1FaV01jVktNVXJyMkpBY2xEeUxEMk82akJ4eEdleDZDOEdLRElhM0ZXeUFYUGhBSG1vLUc0YUp1Yw?oc=5
6656,2,AI가 분석해주는 OCI(456040) 상승확률은?,,네이버 프리미엄콘텐츠,2026-04-17,2026-05-05 19:28:08.496564+00:00,https://news.google.com/rss/articles/CBMihgFBVV95cUxNQVF2bVI5Z2tmX3BmQWtlcGN5UjY5N2JZUmM0VXYySUtmaWViMTROSjVDNGhLZXoyTWNRR0lqY2RwZ1pkUUtNbGl3Nlo4dUtTSzRmalpxNGhtcnNxdkRYWnFKMGhGRXZudUR3VU1aY25OdVlHTmFkd2paUXhsVTVHSzExNUFGQQ?oc=5
6660,2,🚨 과매도 신호 뜬 국장 우량주 - 지금 주목해야 할 저평가 우량주 리스트 (2026.2.13 기준),,네이버 프리미엄콘텐츠,2026-02-14,2026-05-05 19:28:08.496564+00:00,https://news.google.com/rss/articles/CBMiigFBVV95cUxQQmpUd1dhWTVlSmFnUUQxdkZiZDBwTy1sRkFveWdtRnAzdUM5dlR6dXc0SXVMVzNOU2tLQktWRFBXNTlDVUdiZWh5djhjVjN1eHVVMERXUU40VzNxdFYzbDl6S2w2WTdYSGFGMVpmTU15SVJrR3VDYzd0MUItdTNncFFKY0taMHl0UHc?oc=5
6692,2,"[분석] 20년간 713%를 만든 '연초 매수·1년 보유' 전략, 2026년 Top 25는? | 투자노트",,초이스스탁,2026-01-14,2026-05-05 19:28:08.496564+00:00,https://news.google.com/rss/articles/CBMieEFVX3lxTFBta0UzYUJRQXdHTlJTbEVBTXF4akoxdmNGcHdSRmNTakx1ZEI2SDBsbnRJbm9GUFoxSnRrUU96My1ILXpVaGxtLW0yRmNSM2NPY3RWaWZrZUc2amtWVXpNMjVVNmtuZHk2UVlLTDZ0UndvMWxVWWhfbA?oc=5
6709,2,AI주식상승확률분석 : 한화비전(489790)주가 전망과 상승확률 분석,,Investing.com 한국어,2026-03-27,2026-05-05 19:28:08.496564+00:00,https://news.google.com/rss/articles/CBMiYEFVX3lxTE12WHhnSU5BcWVxc2xlNmo0S29hLVo2VmxUQk1sd3d6STFTLVdOWTRUUkJ4NDM5UEEyLXh6OXdDNVNFdDZFbXhRc2Z2N1Raak4tTjRYV3lxWFVkY19Bb0lBUg?oc=5
6763,3,"삼성증권 ""현대차, 1분기 실적 예상치 하회 전망…목표가↓""",,연합뉴스,2026-04-08,2026-05-05 19:28:24.332920+00:00,https://news.google.com/rss/articles/CBMiW0FVX3lxTE5pbG5NdXJrNnJaR1B0U093cC1LOEZHa1dfYzlHNzVySGNTSkcwQmpha1JfOG1Rb0x6WllNRFhNQno4Ty1VODRVX3cwcUxsanZXTjk2cHh2STI5elHSAWBBVV95cUxQbFp3VGRMRmFuY3lfQXh0dmZkdHYzVHVzdU1sUmI1ZGc4ejd4aXhib2FnbEowU0UybGZUTkZXT1NZeEVwZVRFYTZQcDJQRHVKblBEdlhVWmxBTTh0MHhhbHc?oc=5
6783,3,무려 9년만 실적 사이클...삼성전자 목표가 더 오른다,,파이낸셜뉴스,2025-10-07,2026-05-05 19:28:24.332920+00:00,https://news.google.com/rss/articles/CBMiWkFVX3lxTE45RUVpWEFkbHR0RmlrMlZMWWtRZXpFdC1zZUhfalp4LTl4UTNMRmxDN2o5dkhjeDhtaXhtUEw4QnJLWldfTG9jZzBjWE5iaGYzVy1rak5mN19QZ9IBXkFVX3lxTFBYLUJIMDFDVFVUYzltNGI0NE83NVhzZXRCVm1YRmNUMWpfYm5meFg2M0x4QXVlMEdlUGpuUG5kSndBUW1iTG5DU0VVX25vNW1nNXFZanhkcTVvcmo2ZlE?oc=5
6818,4,“반도체 주가 새로 쓰나” 맥쿼리 역대급 전망,,v.daum.net,2026-02-25,2026-05-05 19:28:36.225921+00:00,https://news.google.com/rss/articles/CBMiT0FVX3lxTFBWWm5ST1VHNGZId0VnSlFkZjFpVk51QXJqRnA3QjRfMVBtc0d5N1lsT3pqQ1pPeDd2WWluZXpFNncydl81WGhJUFBfa2ZWYk0?oc=5
6841,4,“반도체주 조정은 예측불허…경쟁력 키우고 변동성 줄여야”,,마켓인,2026-01-26,2026-05-05 19:28:36.225921+00:00,https://news.google.com/rss/articles/CBMic0FVX3lxTE5ROTZVTzdqVFYybnBZc0RwVmdDTHBVMTlVS19MXzJRVXExaTNCSWVVa21LRUNGaEJWMVlBemlKdGsxMmVGXzN3Q0RrTGtCcGVhYnlraUFHUElNT2gwUVRxRDBKX3RrNW11RjRKWDYtc1BxbkE?oc=5
6870,4,"""코스닥보단 코스피 유망…톱픽은 하이닉스·한미반도체""",,한국경제,2026-03-15,2026-05-05 19:28:36.225921+00:00,https://news.google.com/rss/articles/CBMiWkFVX3lxTE16bERDLXZXVkJDcE43ejFUZzU2Q0JTalBLS2o0YUw5cUY0dzlGOW9LamtUd2x0dWRzQnlUNlZ6VG8xXzJhVjVWMDEzSWxQbjk2bUVjSE9BVkZXQdIBVEFVX3lxTE5BNXNCYnljUmM1aXQ1cjF0T0t0NFN1OUpGZlR4TjJWVzJlNkppdm9OUnRNS0p3dHg0M3lVV2lUdDdPYkZHSjl0ZUNRQy03MFFISVpRYw?oc=5
6897,4,9만전자·50만닉스 놓쳤다면 …'K반도체 명품조연' 5총사 주목,,매일경제,2025-10-24,2026-05-05 19:28:36.225921+00:00,https://news.google.com/rss/articles/CBMiTkFVX3lxTE9TVFg4VkVNLXBHNExMOE9lWllaNnRSWXlmUmJnaXlWUk16dHQwVXpBM0R4bTBIUlNaeG9ZRWZmRDdJSGEyemt2dzNORjBEQQ?oc=5
6898,4,"JP모건 ""한미반도체의 삼성전자 납품 확률 제한적""",,한국경제,2026-01-08,2026-05-05 19:28:36.225921+00:00,https://news.google.com/rss/articles/CBMiWkFVX3lxTFBWVUFpUU45UTU5LU1veXlfZmNaUktYQnlKVVhTeEowQ084RGNISzI2NzQxZ3NMLW1VUnEycGJJbGo0NXdZQTJmdDFTalJvcW1LTmVGSnlwVG5xd9IBVEFVX3lxTE12SmU0LVF6WDYweURxNkYwaHEyelV6Sk8yYmJRNkV3QlM0NXBPNG1hNV9BY0pwYlFFdm1kTElmbGxESjByYUVvTFBRSWNVXzlwQ3ZYbw?oc=5
6899,4,"치고 나간 SK하이닉스, 다 따라잡은 삼성전자…내년 반도체株 톱픽은?",,인베스트조선,2025-12-10,2026-05-05 19:28:36.225921+00:00,https://news.google.com/rss/articles/CBMigwFBVV95cUxNMDJnX3Y2T1dWNnEwdGZyVEc4cXYzWU9jX1BKdmlWdE4zeHQ5X1Vvc1ZRMm5hVk1BS2lneDMxMTdVeF9CTXRZbUM2cm5nVjNvTGpIYk9sMGN5bHVzN05tOFN6VndyT250SmFmNkh6NUxUVDVZMHlUcy0wZVU4eVczMTVPRQ?oc=5
