id,article_id,ticker_id,sentiment,target_price,opinion,analyzed_at
1,1,3016,1,370000,Buy,2026-05-03 23:41:44.304029+00:00
2,2,2937,1,172000,Buy,2026-05-03 23:41:44.304029+00:00
3,3,3024,1,170000,Buy,2026-05-03 23:41:44.304029+00:00
4,4,3758,1,60000,Buy,2026-05-03 23:41:44.304029+00:00
5,5,3016,1,390000,Buy,2026-05-03 23:41:44.304029+00:00
6,6,3117,1,76000,Buy,2026-05-03 23:41:44.304029+00:00
7,7,3758,0,,,2026-05-03 23:41:44.304029+00:00
8,8,3024,1,150000,Buy,2026-05-03 23:41:44.304029+00:00
9,9,3734,1,2400000,Buy,2026-05-03 23:41:44.304029+00:00
10,10,3033,1,65000,Buy,2026-05-03 23:41:44.304029+00:00
11,11,2954,1,320000,Buy,2026-05-03 23:41:44.304029+00:00
12,12,3331,1,156000,Buy,2026-05-03 23:41:44.304029+00:00
13,13,3734,1,1920000,Buy,2026-05-03 23:41:44.304029+00:00
14,14,3024,1,130000,Buy,2026-05-03 23:41:44.304029+00:00
15,15,3351,1,27000,Buy,2026-05-03 23:41:44.304029+00:00
16,16,3758,1,61000,매수,2026-05-03 23:41:44.304029+00:00
17,17,3316,1,180000,매수,2026-05-03 23:41:44.304029+00:00
18,18,3081,1,2000000,매수,2026-05-03 23:41:44.304029+00:00
19,19,2954,1,340000,매수,2026-05-03 23:41:44.304029+00:00
20,20,3016,1,400000,매수,2026-05-03 23:41:44.304029+00:00
21,21,3024,1,145000,매수,2026-05-03 23:41:44.304029+00:00
22,22,3114,1,390000,매수,2026-05-03 23:41:44.304029+00:00
23,23,3251,0,180000,N/A,2026-05-03 23:41:44.304029+00:00
24,24,3331,1,160000,매수,2026-05-03 23:41:44.304029+00:00
25,25,3316,1,160000,매수,2026-05-03 23:41:44.304029+00:00
26,26,3016,1,400000,매수,2026-05-03 23:41:44.304029+00:00
27,27,3016,1,400000,Buy,2026-05-03 23:41:44.304029+00:00
28,28,3024,1,165000,Buy,2026-05-03 23:41:44.304029+00:00
29,29,3316,1,165000,Buy,2026-05-03 23:41:44.304029+00:00
30,30,3117,1,80000,Buy,2026-05-03 23:41:44.304029+00:00
31,31,4424,0,220000,Hold,2026-05-03 23:41:44.304029+00:00
32,32,3437,0,72000,Hold,2026-05-03 23:41:44.304029+00:00
33,33,3251,1,170000,Buy,2026-05-03 23:41:44.304029+00:00
34,34,3029,1,140000,Buy,2026-05-03 23:41:44.304029+00:00
35,35,3621,1,460000,Buy,2026-05-03 23:41:44.304029+00:00
36,36,3040,1,43000,Buy,2026-05-03 23:41:44.304029+00:00
37,37,3075,1,1500000,Buy,2026-05-03 23:41:44.304029+00:00
38,38,4777,1,160000,Buy,2026-05-03 23:41:44.304029+00:00
39,39,4244,0,,Not Rated,2026-05-03 23:41:44.304029+00:00
40,40,5000,1,300000,Buy,2026-05-03 23:41:44.304029+00:00
41,41,3600,1,217000,Buy,2026-05-03 23:41:44.304029+00:00
42,42,3600,1,223000,Buy,2026-05-03 23:41:44.304029+00:00
43,43,3822,0,,Not Rated,2026-05-03 23:41:44.304029+00:00
44,44,3075,1,1450000,Buy,2026-05-03 23:41:44.304029+00:00
45,45,3721,1,57000,Buy,2026-05-03 23:41:44.304029+00:00
46,46,3600,1,200000,Buy,2026-05-03 23:41:44.304029+00:00
47,47,3215,1,700000,Buy,2026-05-03 23:41:44.304029+00:00
48,48,3215,1,600000,Buy,2026-05-03 23:41:44.304029+00:00
49,49,3329,1,155000,Buy,2026-05-03 23:41:44.304029+00:00
50,50,4439,0,,,2026-05-03 23:41:44.304029+00:00
51,51,3329,1,164000,Buy,2026-05-03 23:41:44.304029+00:00
52,52,3029,1,150000,Buy,2026-05-03 23:41:44.304029+00:00
53,53,3215,1,850000,매수,2026-05-03 23:41:44.304029+00:00
54,54,3084,1,90000,매수,2026-05-03 23:41:44.304029+00:00
55,55,3329,1,175000,매수,2026-05-03 23:41:44.304029+00:00
56,56,3329,1,175000,매수,2026-05-03 23:41:44.304029+00:00
57,57,5000,1,280000,매수,2026-05-03 23:41:44.304029+00:00
58,58,3051,1,4900000,매수,2026-05-03 23:41:44.304029+00:00
59,59,3055,1,28000,Buy,2026-05-03 23:41:44.304029+00:00
60,60,3215,1,630000,Buy,2026-05-03 23:41:44.304029+00:00
61,61,3329,1,167000,Buy,2026-05-03 23:41:44.304029+00:00
62,62,3050,1,300000,Buy,2026-05-03 23:41:44.304029+00:00
63,63,5237,1,41000,Buy,2026-05-03 23:41:44.304029+00:00
64,64,3421,1,350000,Buy,2026-05-03 23:41:44.304029+00:00
65,65,3055,1,28000,Buy,2026-05-03 23:41:44.304029+00:00
66,66,3329,1,170000,Buy,2026-05-03 23:41:44.304029+00:00
67,67,3696,0,40000,Hold,2026-05-03 23:41:44.304029+00:00
68,68,2997,1,44000,Buy,2026-05-03 23:41:44.304029+00:00
69,69,3818,1,220000,Buy,2026-05-03 23:41:44.304029+00:00
70,70,2991,1,14000,Buy,2026-05-03 23:41:44.304029+00:00
71,71,2991,1,14000,Buy,2026-05-03 23:41:44.304029+00:00
72,72,3055,1,30000,Buy,2026-05-03 23:41:44.304029+00:00
73,73,3215,1,660000,Buy,2026-05-03 23:41:44.304029+00:00
74,74,3316,1,150000,Buy,2026-05-03 23:41:44.304029+00:00
75,75,3291,1,180000,Buy,2026-05-03 23:41:44.304029+00:00
76,76,3164,1,96000,Buy,2026-05-03 23:41:44.304029+00:00
77,77,3581,1,49000,Buy,2026-05-03 23:41:44.304029+00:00
78,78,3288,1,30000,Buy,2026-05-03 23:41:44.304029+00:00
79,79,3040,1,43000,Buy,2026-05-03 23:41:44.304029+00:00
80,80,3040,1,43000,Buy,2026-05-03 23:41:44.304029+00:00
81,81,3261,1,168000,Buy,2026-05-03 23:41:44.304029+00:00
82,82,3731,1,245000,Buy,2026-05-03 23:41:44.304029+00:00
83,83,3488,1,590000,Buy,2026-05-03 23:41:44.304029+00:00
84,84,3581,1,50000,Buy,2026-05-03 23:41:44.304029+00:00
85,85,3126,1,320000,Buy,2026-05-03 23:41:44.304029+00:00
86,86,3040,1,48000,Buy,2026-05-03 23:41:44.304029+00:00
87,87,2954,1,433000,Buy,2026-05-03 23:41:44.304029+00:00
88,88,2956,1,540000,Buy,2026-05-03 23:41:44.304029+00:00
89,89,3126,1,300000,Buy,2026-05-03 23:41:44.304029+00:00
90,90,4683,0,,Not Rated,2026-05-03 23:41:44.304029+00:00
91,91,3051,1,5000000,Buy,2026-05-03 23:41:44.304029+00:00
92,92,3126,1,310000,Buy,2026-05-03 23:41:44.304029+00:00
93,93,4798,1,16000,Buy,2026-05-03 23:41:44.304029+00:00
94,94,3164,1,90000,Buy,2026-05-03 23:41:44.304029+00:00
95,95,2954,1,240000,Buy,2026-05-03 23:41:44.304029+00:00
96,96,3732,1,230000,Buy,2026-05-03 23:41:44.304029+00:00
97,97,3579,1,1880000,Buy,2026-05-03 23:41:44.304029+00:00
98,98,3438,1,90000,Buy,2026-05-03 23:41:44.304029+00:00
99,99,3126,1,280000,Buy,2026-05-03 23:41:44.304029+00:00
100,100,3051,1,4700000,매수,2026-05-03 23:41:44.304029+00:00
101,101,3164,1,1000000,매수,2026-05-03 23:41:44.304029+00:00
102,102,4854,0,,Not Rated,2026-05-03 23:41:44.304029+00:00
103,103,4854,0,,Not Rated,2026-05-03 23:41:44.304029+00:00
104,104,3040,1,42000,Buy,2026-05-03 23:41:44.304029+00:00
105,105,3261,1,150000,Buy,2026-05-03 23:41:44.304029+00:00
106,106,3581,1,50000,Buy,2026-05-03 23:41:44.304029+00:00
107,107,3488,1,580000,Buy,2026-05-03 23:41:44.304029+00:00
108,108,3731,1,240000,Buy,2026-05-03 23:41:44.304029+00:00
109,109,3126,1,320000,Buy,2026-05-03 23:41:44.304029+00:00
110,110,3052,1,670000,Buy,2026-05-03 23:41:44.304029+00:00
111,111,4972,1,50000,Buy,2026-05-03 23:41:44.304029+00:00
112,112,3116,1,220000,Buy,2026-05-03 23:41:44.304029+00:00
113,113,4658,0,,nr,2026-05-03 23:41:44.304029+00:00
114,114,3488,1,580000,Buy,2026-05-03 23:41:44.304029+00:00
115,115,3129,0,33000,Hold,2026-05-03 23:41:44.304029+00:00
116,116,3288,0,25000,Hold,2026-05-03 23:41:44.304029+00:00
117,117,3040,1,42000,Buy,2026-05-03 23:41:44.304029+00:00
118,118,3261,1,150000,Buy,2026-05-03 23:41:44.304029+00:00
119,119,3066,1,155000,Buy,2026-05-03 23:41:44.304029+00:00
120,120,3084,1,85000,Buy,2026-05-03 23:41:44.304029+00:00
121,121,3051,1,4700000,Buy,2026-05-03 23:41:44.304029+00:00
122,122,3767,1,140000,Buy,2026-05-03 23:41:44.304029+00:00
123,123,3731,1,190000,Buy,2026-05-03 23:41:44.304029+00:00
124,124,3259,1,320000,Buy,2026-05-03 23:41:44.304029+00:00
125,125,3011,1,144000,Buy,2026-05-03 23:41:44.304029+00:00
126,126,3351,1,26000,Buy,2026-05-03 23:41:44.304029+00:00
127,127,3579,1,1750000,Buy,2026-05-03 23:44:38.781729+00:00
128,128,4478,1,80000,Buy,2026-05-03 23:44:38.781729+00:00
129,129,3252,1,27000,Buy,2026-05-03 23:46:14.634572+00:00
130,130,3116,1,250000,Buy,2026-05-03 23:46:14.634572+00:00
131,131,3259,1,320000,Buy,2026-05-03 23:46:14.634572+00:00
132,132,4933,0,,Not Rated,2026-05-03 23:46:14.634572+00:00
133,133,3696,1,44000,Buy,2026-05-03 23:46:14.634572+00:00
134,134,3116,0,,Not Rated,2026-05-03 23:46:14.634572+00:00
135,135,3431,1,86000,매수,2026-05-03 23:46:14.634572+00:00
136,136,3159,1,90000,매수,2026-05-03 23:46:14.634572+00:00
137,137,3696,1,44000,매수,2026-05-03 23:46:14.634572+00:00
138,138,4210,0,,Not Rated,2026-05-03 23:46:14.634572+00:00
139,139,3283,1,20000,매수,2026-05-03 23:46:14.634572+00:00
140,140,3685,1,81000,매수,2026-05-03 23:46:14.634572+00:00
141,141,3696,1,41000,Buy,2026-05-03 23:46:14.634572+00:00
142,142,3211,1,190000,Buy,2026-05-03 23:46:14.634572+00:00
143,143,3283,1,17000,Buy,2026-05-03 23:46:14.634572+00:00
144,144,3283,1,17000,Buy,2026-05-03 23:46:14.634572+00:00
145,145,3719,1,650000,Buy,2026-05-03 23:46:14.634572+00:00
146,146,5294,1,90000,Buy,2026-05-03 23:46:14.634572+00:00
147,147,3371,1,67000,Buy,2026-05-03 23:46:14.634572+00:00
148,148,3367,1,1500000,Buy,2026-05-03 23:46:14.634572+00:00
149,149,3259,1,325000,Buy,2026-05-03 23:46:14.634572+00:00
150,150,3322,1,120000,Buy,2026-05-03 23:46:14.634572+00:00
151,151,3371,1,70000,Buy,2026-05-03 23:46:14.634572+00:00
152,152,3116,1,216000,Buy,2026-05-03 23:46:14.634572+00:00
153,153,3326,0,403000,Hold,2026-05-03 23:46:14.634572+00:00
154,154,3322,1,120000,Buy,2026-05-03 23:46:14.634572+00:00
155,155,3211,1,195000,Buy,2026-05-03 23:46:14.634572+00:00
156,156,3719,1,660000,Buy,2026-05-03 23:46:14.634572+00:00
157,157,3681,1,9400,Buy,2026-05-03 23:46:14.634572+00:00
158,158,3117,1,75000,Buy,2026-05-03 23:46:14.634572+00:00
159,159,3596,1,400000,Buy,2026-05-03 23:46:14.634572+00:00
160,160,3719,1,1000000,Buy,2026-05-03 23:46:14.634572+00:00
161,161,3371,1,68000,Buy,2026-05-03 23:46:14.634572+00:00
162,162,3081,1,2300000,Buy,2026-05-03 23:46:14.634572+00:00
163,163,3433,0,2800,Hold,2026-05-03 23:46:14.634572+00:00
164,164,3721,0,,,2026-05-03 23:46:14.634572+00:00
165,165,2954,1,270000,Buy,2026-05-03 23:46:14.634572+00:00
166,166,3034,1,20000,매수,2026-05-03 23:46:14.634572+00:00
167,167,4420,1,24000,매수,2026-05-03 23:46:14.634572+00:00
168,168,3349,1,75000,매수,2026-05-03 23:46:14.634572+00:00
169,169,3219,1,20000,매수,2026-05-03 23:46:14.634572+00:00
170,170,3081,1,2090000,매수,2026-05-03 23:46:14.634572+00:00
171,171,3081,1,2200000,Buy,2026-05-03 23:46:14.634572+00:00
172,172,2971,0,,Not Rated,2026-05-03 23:46:14.634572+00:00
173,173,3336,1,47000,Buy,2026-05-03 23:46:14.634572+00:00
174,174,3421,0,,N/A,2026-05-03 23:46:14.634572+00:00
175,175,3215,1,600000,매수,2026-05-03 23:46:14.634572+00:00
176,176,2953,1,25000,매수,2026-05-03 23:46:14.634572+00:00
177,177,3153,0,,Not Rated,2026-05-03 23:46:14.634572+00:00
178,178,3438,0,,Not Rated,2026-05-03 23:46:14.634572+00:00
179,179,2943,0,,Not Rated,2026-05-03 23:46:14.634572+00:00
180,180,5512,1,20000,매수,2026-05-03 23:46:14.634572+00:00
181,181,3508,1,360000,Buy,2026-05-03 23:46:14.634572+00:00
182,182,3326,1,470000,Buy,2026-05-03 23:46:14.634572+00:00
183,183,4152,1,28000,Buy,2026-05-03 23:46:14.634572+00:00
184,184,3421,1,260000,Buy,2026-05-03 23:46:14.634572+00:00
185,185,4663,0,,Not Rated,2026-05-03 23:46:14.634572+00:00
186,186,4161,1,58000,Buy,2026-05-03 23:46:14.634572+00:00
187,187,3421,1,217000,Buy,2026-05-03 23:46:14.634572+00:00
188,188,3609,1,920000,Buy,2026-05-03 23:46:14.634572+00:00
189,189,3252,1,31000,매수,2026-05-03 23:46:14.634572+00:00
190,190,4819,1,82000,매수,2026-05-03 23:46:14.634572+00:00
191,191,5394,1,134000,매수,2026-05-03 23:46:14.634572+00:00
192,192,3871,0,,Not Rated,2026-05-03 23:46:14.634572+00:00
193,193,5409,1,8100,매수,2026-05-03 23:46:14.634572+00:00
194,194,3421,1,260000,Buy,2026-05-03 23:46:14.634572+00:00
195,195,3340,1,210000,Buy,2026-05-03 23:46:14.634572+00:00
196,196,3069,1,170000,Buy,2026-05-03 23:46:14.634572+00:00
197,197,3159,1,65000,Buy,2026-05-03 23:46:14.634572+00:00
198,198,3721,1,50000,Buy,2026-05-03 23:46:14.634572+00:00
199,199,3421,1,200000,Buy,2026-05-03 23:46:14.634572+00:00
200,200,3385,1,5250,Buy,2026-05-03 23:46:14.634572+00:00
201,201,3185,1,5900,Buy,2026-05-03 23:46:14.634572+00:00
202,202,3211,1,190000,Buy,2026-05-03 23:46:14.634572+00:00
203,203,3158,1,23000,Buy,2026-05-03 23:46:14.634572+00:00
204,204,3154,1,23000,Buy,2026-05-03 23:46:14.634572+00:00
205,205,3129,1,39000,Buy,2026-05-03 23:46:14.634572+00:00
206,206,3106,1,25000,Buy,2026-05-03 23:46:14.634572+00:00
207,207,3493,1,64000,Buy,2026-05-03 23:46:14.634572+00:00
208,208,3767,1,150000,Buy,2026-05-03 23:46:14.634572+00:00
209,209,3340,1,210000,Buy,2026-05-03 23:46:14.634572+00:00
210,210,3155,0,5300,Hold,2026-05-03 23:46:14.634572+00:00
211,211,4517,1,65000,Buy,2026-05-03 23:46:14.634572+00:00
212,212,5440,1,98000,Buy,2026-05-03 23:46:14.634572+00:00
213,213,3016,1,390000,Buy,2026-05-03 23:46:14.634572+00:00
214,214,3016,1,390000,Buy,2026-05-03 23:46:14.634572+00:00
215,215,2937,0,,Not Rated,2026-05-03 23:46:14.634572+00:00
216,216,3621,1,460000,Buy,2026-05-03 23:46:14.634572+00:00
217,217,4301,0,,Not Rated,2026-05-03 23:46:14.634572+00:00
218,218,2942,1,91000,매수,2026-05-03 23:46:14.634572+00:00
219,219,2951,1,42000,매수,2026-05-03 23:46:14.634572+00:00
220,220,3016,1,400000,매수,2026-05-03 23:46:14.634572+00:00
221,221,3702,1,8000,Buy,2026-05-03 23:46:14.634572+00:00
222,222,3491,1,37000,Buy,2026-05-03 23:46:14.634572+00:00
223,223,3156,1,147000,Buy,2026-05-03 23:46:14.634572+00:00
224,224,3736,1,220000,Buy,2026-05-03 23:46:14.634572+00:00
225,225,3700,1,580000,Buy,2026-05-03 23:46:14.634572+00:00
226,226,5297,0,,Not Rated,2026-05-03 23:46:14.634572+00:00
227,227,5054,1,7000,Buy,2026-05-03 23:46:14.634572+00:00
228,228,3136,1,93000,Buy,2026-05-03 23:46:14.634572+00:00
229,229,3385,0,4100,Hold,2026-05-03 23:46:14.634572+00:00
230,230,3034,1,16000,Buy,2026-05-03 23:46:14.634572+00:00
231,231,4562,1,70000,Buy,2026-05-03 23:46:14.634572+00:00
232,232,3495,1,220000,Buy,2026-05-03 23:46:14.634572+00:00
233,233,3767,1,150000,Buy,2026-05-03 23:46:14.634572+00:00
234,234,3117,1,83000,Buy,2026-05-03 23:46:14.634572+00:00
235,235,2992,1,781000,Buy,2026-05-03 23:46:14.634572+00:00
236,236,3425,1,36000,Buy,2026-05-03 23:46:14.634572+00:00
237,237,4166,1,450000,Buy,2026-05-03 23:46:14.634572+00:00
238,238,3215,1,430000,Buy,2026-05-03 23:46:14.634572+00:00
239,239,5001,0,,Not Rated,2026-05-03 23:46:14.634572+00:00
240,240,3367,1,1700000,Buy,2026-05-03 23:46:14.634572+00:00
241,241,3214,0,,Not Rated,2026-05-03 23:46:14.634572+00:00
242,242,3581,1,43000,Buy,2026-05-03 23:46:14.634572+00:00
243,243,3550,1,470000,Buy,2026-05-03 23:46:14.634572+00:00
244,244,3391,1,35000,Buy,2026-05-03 23:46:14.634572+00:00
245,245,4855,1,200000,Buy,2026-05-03 23:46:14.634572+00:00
246,246,5376,0,,nr,2026-05-03 23:46:14.634572+00:00
247,247,5278,0,,nr,2026-05-03 23:46:14.634572+00:00
248,248,3701,1,1750000,Buy,2026-05-03 23:46:14.634572+00:00
249,249,3465,1,100000,Buy,2026-05-03 23:46:14.634572+00:00
250,250,3721,0,,N/A,2026-05-03 23:46:14.634572+00:00
251,251,3570,1,70000,Buy,2026-05-03 23:46:14.634572+00:00
252,252,3277,1,117000,Buy,2026-05-03 23:46:14.634572+00:00
253,253,3158,1,25000,Buy,2026-05-03 23:46:14.634572+00:00
254,254,3578,1,150000,Buy,2026-05-03 23:46:14.634572+00:00
255,255,3328,1,97000,Buy,2026-05-03 23:46:14.634572+00:00
256,256,3552,0,,Not Rated,2026-05-03 23:46:14.634572+00:00
257,257,3329,1,164000,Buy,2026-05-03 23:46:14.634572+00:00
258,258,3421,1,220000,매수,2026-05-03 23:46:14.634572+00:00
259,259,2950,1,250000,매수,2026-05-03 23:46:14.634572+00:00
260,260,3039,1,62000,매수,2026-05-03 23:46:14.634572+00:00
261,261,3581,1,46000,Buy,2026-05-03 23:46:14.634572+00:00
262,262,3437,0,72000,Hold,2026-05-03 23:46:14.634572+00:00
263,263,3550,1,450000,Buy,2026-05-03 23:46:14.634572+00:00
264,264,3264,0,13000,Hold,2026-05-03 23:46:14.634572+00:00
265,265,3214,0,112000,Hold,2026-05-03 23:46:14.634572+00:00
266,266,3450,1,1950000,Buy,2026-05-03 23:46:14.634572+00:00
267,267,3495,1,220000,Buy,2026-05-03 23:46:14.634572+00:00
268,268,3381,1,110000,Buy,2026-05-03 23:46:14.634572+00:00
269,269,4834,1,40000,Buy,2026-05-03 23:46:14.634572+00:00
270,270,3051,1,4000000,Buy,2026-05-03 23:46:14.634572+00:00
271,271,3232,1,7100,Buy,2026-05-03 23:46:14.634572+00:00
272,272,3418,1,5500,Buy,2026-05-03 23:46:14.634572+00:00
273,273,3437,1,89000,Buy,2026-05-03 23:46:14.634572+00:00
274,274,3585,1,50000,Buy,2026-05-03 23:46:14.634572+00:00
275,275,3329,1,179000,Buy,2026-05-03 23:46:14.634572+00:00
276,276,3701,1,2000000,Buy,2026-05-03 23:46:14.634572+00:00
277,277,3349,1,73000,Buy,2026-05-03 23:46:14.634572+00:00
278,278,3219,0,18000,Hold,2026-05-03 23:46:14.634572+00:00
279,279,2954,1,240000,Buy,2026-05-03 23:46:14.634572+00:00
280,280,3160,1,105000,Buy,2026-05-03 23:46:14.634572+00:00
281,281,4397,0,,Not Rated,2026-05-03 23:46:14.634572+00:00
282,282,2967,1,45000,매수,2026-05-03 23:46:14.634572+00:00
283,283,3298,1,360000,매수,2026-05-03 23:46:14.634572+00:00
284,284,3117,1,80000,Buy,2026-05-03 23:46:14.634572+00:00
285,285,3488,1,580000,Buy,2026-05-03 23:46:14.634572+00:00
286,286,3731,1,24000,Buy,2026-05-03 23:46:14.634572+00:00
287,287,3719,1,650000,Buy,2026-05-03 23:46:14.634572+00:00
288,288,3391,1,32000,Buy,2026-05-03 23:46:14.634572+00:00
289,289,3719,1,630000,Buy,2026-05-03 23:46:14.634572+00:00
290,290,3493,1,70000,Buy,2026-05-03 23:46:14.634572+00:00
291,291,4292,1,90000,Buy,2026-05-03 23:46:14.634572+00:00
292,292,3764,1,31000,Buy,2026-05-03 23:46:14.634572+00:00
293,293,4096,0,,nr,2026-05-03 23:46:14.634572+00:00
294,294,3116,0,,,2026-05-03 23:46:14.634572+00:00
295,295,3669,1,170000,Buy,2026-05-03 23:46:14.634572+00:00
296,296,3183,0,250000,Hold,2026-05-03 23:46:14.634572+00:00
297,297,3185,1,5800,Buy,2026-05-03 23:46:14.634572+00:00
298,298,3214,1,147000,Buy,2026-05-03 23:46:14.634572+00:00
299,299,4070,0,,Not Rated,2026-05-03 23:46:14.634572+00:00
300,300,4236,0,,Not Rated,2026-05-03 23:46:14.634572+00:00
301,301,3701,0,,,2026-05-03 23:46:14.634572+00:00
302,302,3060,0,,,2026-05-03 23:46:14.634572+00:00
303,303,3651,0,,,2026-05-03 23:46:14.634572+00:00
304,304,3164,1,60000,Buy,2026-05-03 23:46:14.634572+00:00
305,305,3204,0,,Not Rated,2026-05-03 23:46:14.634572+00:00
306,306,3024,1,120000,매수,2026-05-03 23:46:14.634572+00:00
307,307,4231,1,65000,매수,2026-05-03 23:46:14.634572+00:00
308,308,3367,1,1800000,매수,2026-05-03 23:46:14.634572+00:00
309,309,3084,1,65000,매수,2026-05-03 23:46:14.634572+00:00
310,310,3600,1,210000,Buy,2026-05-03 23:46:14.634572+00:00
311,311,3371,1,67000,Buy,2026-05-03 23:46:14.634572+00:00
312,312,5394,1,140000,Buy,2026-05-03 23:46:14.634572+00:00
313,313,3011,1,145000,Buy,2026-05-03 23:46:14.634572+00:00
314,314,4819,1,85000,Buy,2026-05-03 23:46:14.634572+00:00
315,315,4854,0,,nr,2026-05-03 23:46:14.634572+00:00
316,316,3766,1,150000,Buy,2026-05-03 23:46:14.634572+00:00
317,317,3742,1,160000,Buy,2026-05-03 23:46:14.634572+00:00
318,318,3710,1,270000,Buy,2026-05-03 23:46:14.634572+00:00
319,319,3084,1,60000,Buy,2026-05-03 23:46:14.634572+00:00
320,320,4476,0,,nr,2026-05-03 23:46:14.634572+00:00
321,321,4281,0,,nr,2026-05-03 23:46:14.634572+00:00
322,322,3764,1,32000,Buy,2026-05-03 23:46:14.634572+00:00
323,323,3425,1,39000,Buy,2026-05-03 23:46:14.634572+00:00
324,324,3764,1,32000,Buy,2026-05-03 23:46:14.634572+00:00
325,325,3055,1,32000,Buy,2026-05-03 23:46:14.634572+00:00
326,326,4703,1,74000,Buy,2026-05-03 23:46:14.634572+00:00
327,327,4125,0,,Not Rated,2026-05-03 23:46:14.634572+00:00
328,328,3764,1,32000,Buy,2026-05-03 23:46:14.634572+00:00
329,329,3758,1,39000,Buy,2026-05-03 23:46:14.634572+00:00
330,330,3213,1,110000,Buy,2026-05-03 23:46:14.634572+00:00
331,331,2950,1,239000,Buy,2026-05-03 23:46:14.634572+00:00
332,332,3075,1,1320000,Buy,2026-05-03 23:46:14.634572+00:00
333,333,3421,1,260000,Buy,2026-05-03 23:46:14.634572+00:00
334,334,3051,1,4200000,Buy,2026-05-03 23:46:14.634572+00:00
335,335,3000,1,27000,Buy,2026-05-03 23:46:14.634572+00:00
336,336,4440,0,,Not Rated,2026-05-03 23:46:14.634572+00:00
337,337,3329,1,175000,매수,2026-05-03 23:46:14.634572+00:00
338,338,3696,1,42000,매수,2026-05-03 23:46:14.634572+00:00
339,339,3697,0,,중립,2026-05-03 23:46:14.634572+00:00
340,340,2956,1,510000,매수,2026-05-03 23:46:14.634572+00:00
341,341,2954,1,270000,매수,2026-05-03 23:46:14.634572+00:00
342,342,5432,1,15000,매수,2026-05-03 23:46:14.634572+00:00
343,343,3135,1,106000,매수,2026-05-03 23:46:14.634572+00:00
344,344,3176,1,600000,Buy,2026-05-03 23:46:14.634572+00:00
345,345,3764,1,34000,Buy,2026-05-03 23:46:14.634572+00:00
346,346,3075,1,1280000,Buy,2026-05-03 23:46:14.634572+00:00
347,347,3731,1,190000,Buy,2026-05-03 23:46:14.634572+00:00
348,348,5031,1,75000,Buy,2026-05-03 23:46:14.634572+00:00
349,349,3349,1,73000,Buy,2026-05-03 23:46:14.634572+00:00
350,350,3349,1,73000,Buy,2026-05-03 23:46:14.634572+00:00
351,351,3579,1,1820000,Buy,2026-05-04 09:36:23.409571+00:00
352,352,3251,1,178000,Buy,2026-05-04 09:36:23.409571+00:00
353,353,2950,1,360000,Buy,2026-05-04 09:36:23.409571+00:00
354,354,3609,1,1020000,Buy,2026-05-04 09:36:23.409571+00:00
355,355,3328,1,112000,Buy,2026-05-04 09:36:23.409571+00:00
356,356,3005,1,100000,Buy,2026-05-04 09:36:23.409571+00:00
357,1539,5307,0,,,2026-05-04 22:48:11.228582+00:00
358,1540,4282,1,85000,Buy,2026-05-04 22:48:11.228582+00:00
359,1541,3092,1,75000,Buy,2026-05-04 22:48:11.228582+00:00
360,1542,3450,0,,N/A,2026-05-04 22:48:11.228582+00:00
361,1543,3340,0,,,2026-05-04 22:48:11.228582+00:00
362,1544,3719,1,600000,Buy,2026-05-04 22:48:11.228582+00:00
363,1545,3016,1,380000,Buy,2026-05-04 22:48:11.228582+00:00
364,1546,4363,0,,nr,2026-05-04 22:48:11.228582+00:00
365,1547,3341,1,600000,Buy,2026-05-04 22:48:11.228582+00:00
366,1548,3329,1,170000,Buy,2026-05-04 22:48:11.228582+00:00
367,1549,4819,1,70000,Buy,2026-05-04 22:48:11.228582+00:00
368,1550,5394,1,120000,Buy,2026-05-04 22:48:11.228582+00:00
369,1551,3158,1,27000,Buy,2026-05-04 22:48:11.228582+00:00
370,1552,4083,1,120000,Buy,2026-05-04 22:48:11.228582+00:00
371,1553,3481,1,98000,Buy,2026-05-04 22:48:11.228582+00:00
372,1554,3351,1,26000,Buy,2026-05-04 22:48:11.228582+00:00
373,1555,3106,1,25000,Buy,2026-05-04 22:48:11.228582+00:00
374,1556,3329,1,155000,Buy,2026-05-04 22:48:11.228582+00:00
375,1557,3206,1,14000,Buy,2026-05-04 22:48:11.228582+00:00
376,1558,3201,1,140000,Buy,2026-05-04 22:48:11.228582+00:00
377,1559,3083,1,6400,Buy,2026-05-04 22:48:11.228582+00:00
378,1560,3481,1,110000,Buy,2026-05-04 22:48:11.228582+00:00
379,1561,3295,1,399000,매수,2026-05-04 22:48:11.228582+00:00
380,1562,3200,1,593000,매수,2026-05-04 22:48:11.228582+00:00
381,1563,4761,0,,nr,2026-05-04 22:48:11.228582+00:00
382,1564,5066,0,,nr,2026-05-04 22:48:11.228582+00:00
383,1565,3073,0,,nr,2026-05-04 22:48:11.228582+00:00
384,1566,3421,1,228000,Buy,2026-05-04 22:48:11.228582+00:00
385,1567,3600,1,210000,Buy,2026-05-04 22:48:11.228582+00:00
386,1568,3371,1,65000,Buy,2026-05-04 22:48:11.228582+00:00
387,1569,4819,1,78000,Buy,2026-05-04 22:48:11.228582+00:00
388,1570,5394,1,130000,Buy,2026-05-04 22:48:11.228582+00:00
389,1571,5294,1,88000,Buy,2026-05-04 22:48:11.228582+00:00
390,1572,3481,0,85000,Hold,2026-05-04 22:48:11.228582+00:00
391,1573,3488,1,560000,Buy,2026-05-04 22:48:11.228582+00:00
392,1574,3731,1,170000,Buy,2026-05-04 22:48:11.228582+00:00
393,1575,3016,1,380000,Buy,2026-05-04 22:48:11.228582+00:00
394,1576,3016,1,380000,Buy,2026-05-04 22:48:11.228582+00:00
395,1577,3731,1,245000,Buy,2026-05-04 22:48:11.228582+00:00
396,1578,2944,0,,Not Rated,2026-05-04 22:48:11.228582+00:00
397,1579,3202,1,46000,Buy,2026-05-04 22:48:11.228582+00:00
398,1580,3202,1,46000,Buy,2026-05-04 22:48:11.228582+00:00
399,1581,3154,1,26000,Buy,2026-05-04 22:48:11.228582+00:00
400,1582,3609,1,700000,Buy,2026-05-04 22:48:11.228582+00:00
401,1583,3731,1,220000,Buy,2026-05-04 22:48:11.228582+00:00
402,1584,3731,1,240000,Buy,2026-05-04 22:48:11.228582+00:00
403,1585,3848,0,,Not Rated,2026-05-04 22:48:11.228582+00:00
404,1586,3606,0,,Not Rated,2026-05-04 22:48:11.228582+00:00
405,1587,3005,1,90000,매수,2026-05-04 22:48:11.228582+00:00
406,1588,3731,0,,,2026-05-04 22:48:11.228582+00:00
407,1589,3481,1,110000,매수,2026-05-04 22:48:11.228582+00:00
408,1590,3122,1,240000,매수,2026-05-04 22:48:11.228582+00:00
409,1591,3072,1,79000,매수,2026-05-04 22:48:11.228582+00:00
410,1592,3051,1,3600000,매수,2026-05-04 22:48:11.228582+00:00
411,1593,4231,1,70000,Buy,2026-05-04 22:48:11.228582+00:00
412,1594,3731,1,240000,Buy,2026-05-04 22:48:11.228582+00:00
413,1595,3605,1,51000,Buy,2026-05-04 22:48:11.228582+00:00
414,1596,3011,1,128000,Buy,2026-05-04 22:48:11.228582+00:00
415,1597,3051,1,4100000,Buy,2026-05-04 22:48:11.228582+00:00
416,1598,3951,1,83000,Buy,2026-05-04 22:48:11.228582+00:00
417,1599,3731,1,190000,Buy,2026-05-04 22:48:11.228582+00:00
418,1600,3219,1,19000,Buy,2026-05-04 22:48:11.228582+00:00
419,1601,3057,1,280000,Buy,2026-05-04 22:48:11.228582+00:00
420,1602,3605,1,50000,Buy,2026-05-04 22:48:11.228582+00:00
421,1603,3219,1,19000,Buy,2026-05-04 22:48:11.228582+00:00
422,1604,3734,1,1900000,Buy,2026-05-04 22:48:11.228582+00:00
423,1605,3291,1,170000,Buy,2026-05-04 22:48:11.228582+00:00
424,1606,3068,1,75000,Buy,2026-05-04 22:48:11.228582+00:00
425,1607,3351,1,27000,Buy,2026-05-04 22:48:11.228582+00:00
426,1608,3016,1,400000,매수,2026-05-04 22:48:11.228582+00:00
427,1609,3068,1,74000,매수,2026-05-04 22:48:11.228582+00:00
428,1610,3209,1,320000,매수,2026-05-04 22:48:11.228582+00:00
429,1611,4319,1,500000,매수,2026-05-04 22:48:11.228582+00:00
430,1612,3669,0,,,2026-05-04 22:48:11.228582+00:00
431,1613,3481,1,107000,매수,2026-05-04 22:48:11.228582+00:00
432,1614,3232,1,7000,Buy,2026-05-04 22:48:11.228582+00:00
433,1615,2950,1,215000,Buy,2026-05-04 22:48:11.228582+00:00
434,1616,2956,1,450000,Buy,2026-05-04 22:48:11.228582+00:00
435,1617,2985,0,350000,Hold,2026-05-04 22:48:11.228582+00:00
436,1618,3488,1,580000,Buy,2026-05-04 22:48:11.228582+00:00
437,1619,4342,1,26000,Buy,2026-05-04 22:48:11.228582+00:00
438,1620,3092,1,82000,Buy,2026-05-04 22:48:11.228582+00:00
439,1621,4923,1,45000,Buy,2026-05-04 22:48:11.228582+00:00
440,1622,5340,1,43000,Buy,2026-05-04 22:48:11.228582+00:00
441,1623,2985,1,500000,Buy,2026-05-04 22:48:11.228582+00:00
442,1624,3710,1,300000,Buy,2026-05-04 22:48:11.228582+00:00
443,1625,3600,1,202000,Buy,2026-05-04 22:48:11.228582+00:00
444,1626,3251,1,178000,Buy,2026-05-04 22:48:11.228582+00:00
445,1627,3349,1,73000,Buy,2026-05-04 22:48:11.228582+00:00
446,1628,3594,1,95000,Buy,2026-05-04 22:48:11.228582+00:00
447,1629,3316,0,,,2026-05-04 22:48:11.228582+00:00
448,1630,2985,0,,,2026-05-04 22:48:11.228582+00:00
449,1631,3005,1,90000,Buy,2026-05-04 22:48:11.228582+00:00
450,1632,3556,1,154000,매수,2026-05-04 22:48:11.228582+00:00
451,1633,3710,1,350000,매수,2026-05-04 22:48:11.228582+00:00
452,1634,2985,0,,,2026-05-04 22:48:11.228582+00:00
453,1635,2985,1,560000,Buy,2026-05-04 22:48:11.228582+00:00
454,1636,3316,1,124000,Buy,2026-05-04 22:48:11.228582+00:00
455,1637,3016,1,400000,Buy,2026-05-04 22:48:11.228582+00:00
456,1638,3710,1,300000,Buy,2026-05-04 22:48:11.228582+00:00
457,1639,3555,0,,Not Rated,2026-05-04 22:48:11.228582+00:00
458,1640,2970,0,,Not Rated,2026-05-04 22:48:11.228582+00:00
459,1641,3327,1,22000,Buy,2026-05-04 22:48:11.228582+00:00
460,1642,4070,0,,nr,2026-05-04 22:48:11.228582+00:00
461,1643,3024,1,120000,Buy,2026-05-04 22:48:11.228582+00:00
462,1644,3316,1,132000,Buy,2026-05-04 22:48:11.228582+00:00
463,1645,3316,1,132000,Buy,2026-05-04 22:48:11.228582+00:00
464,1646,3731,1,245000,Buy,2026-05-04 22:48:11.228582+00:00
465,1647,3719,1,660000,Buy,2026-05-04 22:48:11.228582+00:00
466,1648,5174,0,,Not Rated,2026-05-04 22:48:11.228582+00:00
467,1649,3057,1,270000,Buy,2026-05-04 22:48:11.228582+00:00
468,1650,3710,0,,,2026-05-04 22:48:11.228582+00:00
469,1651,5090,0,,Not Rated,2026-05-04 22:48:11.228582+00:00
470,1653,3150,1,230000,매수,2026-05-04 22:48:11.228582+00:00
471,1654,3029,1,160000,매수,2026-05-04 22:48:11.228582+00:00
472,1655,3579,1,1900000,매수,2026-05-04 22:48:11.228582+00:00
473,1656,3126,1,310000,매수,2026-05-04 22:48:11.228582+00:00
474,1657,3102,1,1150000,매수,2026-05-04 22:48:11.228582+00:00
475,1658,3215,1,460000,매수,2026-05-04 22:48:11.228582+00:00
476,1659,3609,1,600000,매수,2026-05-04 22:48:11.228582+00:00
477,1660,3051,1,3300000,매수,2026-05-04 22:48:11.228582+00:00
478,1661,2948,1,72000,Buy,2026-05-04 22:48:11.228582+00:00
479,1662,3142,1,30000,Buy,2026-05-04 22:48:11.228582+00:00
480,1663,3060,1,180000,Buy,2026-05-04 22:48:11.228582+00:00
481,1664,3438,1,70000,Buy,2026-05-04 22:48:11.228582+00:00
482,1665,3153,1,150000,Buy,2026-05-04 22:48:11.228582+00:00
483,1666,3043,1,170000,Buy,2026-05-04 22:48:11.228582+00:00
484,1667,3200,1,550000,Buy,2026-05-04 22:48:11.228582+00:00
485,1668,3295,1,270000,Buy,2026-05-04 22:48:11.228582+00:00
486,1669,3696,1,38000,Buy,2026-05-04 22:48:11.228582+00:00
487,1670,3697,1,83000,Buy,2026-05-04 22:48:11.228582+00:00
488,1671,3556,1,120000,Buy,2026-05-04 22:48:11.228582+00:00
489,1672,5406,1,48000,Buy,2026-05-04 22:48:11.228582+00:00
490,1673,3341,1,600000,Buy,2026-05-04 22:48:11.228582+00:00
491,1674,2992,1,720000,Buy,2026-05-04 22:48:11.228582+00:00
492,1675,2967,1,27000,Buy,2026-05-04 22:48:11.228582+00:00
493,1676,3209,1,330000,Buy,2026-05-04 22:48:11.228582+00:00
494,1677,3595,0,460000,N/A,2026-05-04 22:48:11.228582+00:00
495,1678,3595,0,460000,N/A,2026-05-04 22:48:11.228582+00:00
496,1679,3303,1,145000,Buy,2026-05-04 22:48:11.228582+00:00
497,1680,3258,1,130000,Buy,2026-05-04 22:48:11.228582+00:00
498,1681,3421,1,1000000,Buy,2026-05-04 22:48:11.228582+00:00
499,1682,3222,0,,nr,2026-05-04 22:48:11.228582+00:00
500,1683,5331,0,,nr,2026-05-04 22:48:11.228582+00:00
501,1684,3686,1,65000,Buy,2026-05-04 22:48:11.228582+00:00
502,1685,4669,1,70000,Buy,2026-05-04 22:48:11.228582+00:00
503,1686,3609,1,600000,Buy,2026-05-04 22:48:11.228582+00:00
504,1687,3951,1,83000,Buy,2026-05-04 22:48:11.228582+00:00
505,1688,3209,1,300000,Buy,2026-05-04 22:48:11.228582+00:00
506,1689,3068,1,85000,Buy,2026-05-04 22:48:11.228582+00:00
507,1690,5294,1,88000,Buy,2026-05-04 22:48:11.228582+00:00
508,1691,3822,0,,Not Rated,2026-05-04 22:48:11.228582+00:00
509,1692,3609,1,600000,매수,2026-05-04 22:48:11.228582+00:00
510,1693,3731,1,200000,매수,2026-05-04 22:48:11.228582+00:00
511,1694,3719,1,630000,매수,2026-05-04 22:48:11.228582+00:00
512,1695,5395,0,,Not Rated,2026-05-04 22:48:11.228582+00:00
513,1696,3465,1,64000,매수,2026-05-04 22:48:11.228582+00:00
514,1697,3609,1,590000,Buy,2026-05-04 22:48:11.228582+00:00
515,1698,3081,1,2100000,Buy,2026-05-04 22:48:11.228582+00:00
516,1699,3235,1,170000,Buy,2026-05-04 22:48:11.228582+00:00
517,1700,4092,0,,Not Rated,2026-05-04 22:48:11.228582+00:00
518,1701,2967,1,30000,Buy,2026-05-04 22:48:11.228582+00:00
519,1702,4337,0,,N/A,2026-05-04 22:48:11.228582+00:00
520,1703,3893,1,16000,Buy,2026-05-04 22:48:11.228582+00:00
521,1704,3764,1,32000,Buy,2026-05-04 22:48:11.228582+00:00
522,1705,4218,1,56000,Buy,2026-05-04 22:48:11.228582+00:00
523,1706,3135,1,88000,Buy,2026-05-04 22:48:11.228582+00:00
524,1707,3122,1,230000,Buy,2026-05-04 22:48:11.228582+00:00
525,1708,3733,1,250000,Buy,2026-05-04 22:48:11.228582+00:00
526,1709,3751,1,110000,Buy,2026-05-04 22:48:11.228582+00:00
527,1710,2988,1,840000,Buy,2026-05-04 22:48:11.228582+00:00
528,1711,3194,1,550000,Buy,2026-05-04 22:48:11.228582+00:00
529,1712,4530,1,100000,Buy,2026-05-04 22:48:11.228582+00:00
530,1713,3024,1,110000,Buy,2026-05-04 22:48:11.228582+00:00
531,1714,3142,1,25000,Buy,2026-05-04 22:48:11.228582+00:00
532,1715,3367,1,1500000,Buy,2026-05-04 22:48:11.228582+00:00
533,1716,3710,1,280000,Buy,2026-05-04 22:48:11.228582+00:00
534,1717,2992,1,860000,Buy,2026-05-04 22:48:11.228582+00:00
535,1718,3215,1,385000,Buy,2026-05-04 22:48:11.228582+00:00
536,1719,3493,1,70000,Buy,2026-05-04 22:48:11.228582+00:00
537,1720,3050,0,,Not Rated,2026-05-04 22:48:11.228582+00:00
538,1721,4244,0,,Not Rated,2026-05-04 22:48:11.228582+00:00
539,1722,3927,0,,nr,2026-05-04 22:48:11.228582+00:00
540,1723,3215,1,353000,Buy,2026-05-04 22:48:11.228582+00:00
541,1724,2937,1,156000,Buy,2026-05-04 22:48:11.228582+00:00
542,1725,3123,1,130000,Buy,2026-05-04 22:48:11.228582+00:00
543,1726,3060,1,170000,Buy,2026-05-04 22:48:11.228582+00:00
544,1727,3371,1,49000,Buy,2026-05-04 22:48:11.228582+00:00
545,1728,5335,0,,nr,2026-05-04 22:48:11.228582+00:00
546,1729,5335,0,,nr,2026-05-04 22:48:11.228582+00:00
547,1730,4563,1,150000,매수,2026-05-04 22:48:11.228582+00:00
548,1731,5019,1,30000,Buy,2026-05-04 22:48:11.228582+00:00
549,1732,5028,1,33000,Buy,2026-05-04 22:48:11.228582+00:00
550,1733,5000,1,290000,Buy,2026-05-04 22:48:11.228582+00:00
551,1734,3379,0,,nr,2026-05-04 22:48:11.228582+00:00
552,1735,4838,0,,nr,2026-05-04 22:48:11.228582+00:00
553,1736,3271,1,46000,Buy,2026-05-04 22:48:11.228582+00:00
554,1737,4157,1,60000,Trading Buy,2026-05-04 22:48:11.228582+00:00
555,1738,3057,1,250000,매수,2026-05-04 22:48:11.228582+00:00
556,1739,3721,1,45000,Buy,2026-05-04 22:48:11.228582+00:00
557,1740,3721,0,,N/A,2026-05-04 22:48:11.228582+00:00
558,1741,3764,1,32000,Buy,2026-05-04 22:48:11.228582+00:00
559,1742,2950,1,220000,매수,2026-05-04 22:48:11.228582+00:00
560,1743,3721,0,,,2026-05-04 22:48:11.228582+00:00
561,1744,3613,1,95000,매수,2026-05-04 22:48:11.228582+00:00
562,1745,4530,1,62000,Buy,2026-05-04 22:48:11.228582+00:00
563,1746,2988,1,740000,매수,2026-05-04 22:48:11.228582+00:00
564,1747,3550,1,490000,Buy,2026-05-04 22:48:11.228582+00:00
565,1748,3431,1,86000,매수,2026-05-04 22:48:11.228582+00:00
566,1749,3508,1,350000,Buy,2026-05-04 22:48:11.228582+00:00
567,1750,5328,0,,Not Rated,2026-05-04 22:48:11.228582+00:00
568,1751,4779,0,,Not Rated,2026-05-04 22:48:11.228582+00:00
569,1752,3215,1,360000,Buy,2026-05-04 22:48:11.228582+00:00
570,1753,4761,0,,Not Rated,2026-05-04 22:48:11.228582+00:00
571,1754,5224,1,18000,매수,2026-05-04 22:48:11.228582+00:00
572,1755,3379,1,34000,Buy,2026-05-04 22:48:11.228582+00:00
573,1756,3345,1,200000,Buy,2026-05-04 22:48:11.228582+00:00
574,1757,4153,0,,Not Rated,2026-05-04 22:48:11.228582+00:00
575,1758,3393,1,14000,Buy,2026-05-04 22:48:11.228582+00:00
576,1759,3016,0,,N/A,2026-05-04 22:48:11.228582+00:00
577,1760,4706,1,70000,Buy,2026-05-04 22:48:11.228582+00:00
578,1761,4462,1,80000,Buy,2026-05-04 22:48:11.228582+00:00
579,1762,4291,0,,nr,2026-05-04 22:48:11.228582+00:00
580,1763,3351,1,25000,Buy,2026-05-04 22:48:11.228582+00:00
581,1764,4553,0,,nr,2026-05-04 22:48:11.228582+00:00
582,1765,3328,1,90000,Buy,2026-05-04 22:48:11.228582+00:00
583,1766,3752,1,140000,Buy,2026-05-04 22:48:11.228582+00:00
584,1767,4405,1,50000,Buy,2026-05-04 22:48:11.228582+00:00
585,1768,3037,1,510000,Buy,2026-05-04 22:48:11.228582+00:00
586,1769,3011,1,110000,Buy,2026-05-04 22:48:11.228582+00:00
587,1770,3701,1,1900000,Buy,2026-05-04 22:48:11.228582+00:00
588,1771,4697,0,,Not Rated,2026-05-04 22:48:11.228582+00:00
589,1772,5099,0,,Not Rated,2026-05-04 22:48:11.228582+00:00
590,1773,2954,1,270000,Buy,2026-05-04 22:48:11.228582+00:00
591,1774,3328,1,100000,매수,2026-05-04 22:48:11.228582+00:00
592,1775,3328,1,100000,매수,2026-05-04 22:48:11.228582+00:00
593,1776,3233,1,42000,매수,2026-05-04 22:48:11.228582+00:00
594,1777,3298,1,360000,Buy,2026-05-04 22:48:11.228582+00:00
595,1778,3037,0,,Hold,2026-05-04 22:48:11.228582+00:00
596,1779,4888,0,,Not Rated,2026-05-04 22:48:11.228582+00:00
597,1780,4282,0,,Not Rated,2026-05-04 22:48:11.228582+00:00
598,1781,5390,1,35000,Buy,2026-05-04 22:48:11.228582+00:00
599,1782,5533,1,40000,Buy,2026-05-04 22:48:11.228582+00:00
600,1783,4697,1,60000,Buy,2026-05-04 22:48:11.228582+00:00
601,1784,4351,0,,Not Rated,2026-05-04 22:48:11.228582+00:00
602,1785,3074,1,415000,Buy,2026-05-04 22:48:11.228582+00:00
603,1786,3170,1,68000,Buy,2026-05-04 22:48:11.228582+00:00
604,1787,3016,1,450000,Buy,2026-05-04 22:48:11.228582+00:00
605,1788,5294,1,88000,Buy,2026-05-04 22:48:11.228582+00:00
606,1789,5394,1,140000,Buy,2026-05-04 22:48:11.228582+00:00
607,1790,4819,1,85000,Buy,2026-05-04 22:48:11.228582+00:00
608,1791,3733,1,230000,매수,2026-05-04 22:48:11.228582+00:00
609,1792,5358,1,485000,Buy,2026-05-04 22:48:11.228582+00:00
610,1793,3024,1,105000,Buy,2026-05-04 22:48:11.228582+00:00
611,1794,3043,1,170000,Buy,2026-05-04 22:48:11.228582+00:00
612,1795,3578,1,140000,매수,2026-05-04 22:48:11.228582+00:00
613,1796,5300,0,,Not Rated,2026-05-04 22:48:11.228582+00:00
614,1797,3016,1,480000,매수,2026-05-04 22:48:11.228582+00:00
615,1798,4819,1,100000,매수,2026-05-04 22:48:11.228582+00:00
616,1799,5394,1,134000,매수,2026-05-04 22:48:11.228582+00:00
617,1800,5294,1,92000,매수,2026-05-04 22:48:11.228582+00:00
618,1801,3637,1,17000,Buy,2026-05-04 22:48:11.228582+00:00
619,1802,4429,1,13000,Buy,2026-05-04 22:48:11.228582+00:00
620,1803,3069,1,180000,Buy,2026-05-04 22:48:11.228582+00:00
621,1804,4567,1,30000,매수,2026-05-04 22:48:11.228582+00:00
622,1805,3187,1,86000,매수,2026-05-04 22:48:11.228582+00:00
623,1806,3160,1,95000,Buy,2026-05-04 22:48:11.228582+00:00
624,1807,5031,1,75000,Buy,2026-05-04 22:48:11.228582+00:00
625,1808,4831,1,30000,Buy,2026-05-04 22:48:11.228582+00:00
626,1809,4157,1,73000,Buy,2026-05-04 22:48:11.228582+00:00
627,1810,3719,1,660000,Buy,2026-05-04 22:48:11.228582+00:00
628,1811,3683,1,63000,매수,2026-05-04 22:48:11.228582+00:00
629,1812,3277,1,105000,매수,2026-05-04 22:48:11.228582+00:00
630,1813,3233,1,42000,매수,2026-05-04 22:48:11.228582+00:00
631,1814,4761,0,,Not Rated,2026-05-04 22:48:11.228582+00:00
632,1815,3084,1,57000,Buy,2026-05-04 22:48:11.228582+00:00
633,1816,4253,0,,nr,2026-05-04 22:48:11.228582+00:00
634,1817,5019,1,25000,Buy,2026-05-04 22:48:11.228582+00:00
635,1818,4122,0,,nr,2026-05-04 22:48:11.228582+00:00
636,1819,4356,0,,nr,2026-05-04 22:48:11.228582+00:00
637,1820,4562,1,70000,Buy,2026-05-04 22:48:11.228582+00:00
638,1821,5160,0,,Not Rated,2026-05-04 22:48:11.228582+00:00
639,1822,4545,0,,Not Rated,2026-05-04 22:48:11.228582+00:00
640,1823,5174,0,,Not Rated,2026-05-04 22:48:11.228582+00:00
641,1824,4683,1,28000,Buy,2026-05-04 22:48:11.228582+00:00
642,1825,3651,1,530000,Buy,2026-05-04 22:48:11.228582+00:00
643,1826,5470,0,,Not Rated,2026-05-04 22:48:11.228582+00:00
644,1827,3609,1,540000,Buy,2026-05-04 22:48:11.228582+00:00
645,1828,3024,1,83000,Buy,2026-05-04 22:48:11.228582+00:00
646,1829,4148,1,14000,Buy,2026-05-04 22:48:11.228582+00:00
647,1830,3651,0,,N/A,2026-05-04 22:48:11.228582+00:00
648,1831,4312,0,,,2026-05-04 22:48:11.228582+00:00
649,1832,3192,1,210000,Buy,2026-05-04 22:48:11.228582+00:00
650,1833,3947,0,,Not Rated,2026-05-04 22:48:11.228582+00:00
651,1834,3710,0,,N/A,2026-05-04 22:48:11.228582+00:00
652,1835,3495,0,,N/A,2026-05-04 22:48:11.228582+00:00
653,1836,4236,0,,Not Rated,2026-05-04 22:48:11.228582+00:00
654,1837,5294,1,100000,Buy,2026-05-04 22:48:11.228582+00:00
655,1838,5294,1,97000,Buy,2026-05-04 22:48:11.228582+00:00
656,1839,3948,0,,,2026-05-04 22:48:11.228582+00:00
657,1840,4326,0,,,2026-05-04 22:48:11.228582+00:00
658,1841,3864,0,,Not Rated,2026-05-04 22:48:11.228582+00:00
659,1842,5119,1,150000,Buy,2026-05-04 22:48:11.228582+00:00
660,1843,3285,1,60000,Buy,2026-05-04 22:48:11.228582+00:00
661,1844,4405,0,,nr,2026-05-04 22:48:11.228582+00:00
662,1845,4070,0,,nr,2026-05-04 22:48:11.228582+00:00
663,1846,2942,0,,nr,2026-05-04 22:48:11.228582+00:00
664,1847,4706,1,70000,Buy,2026-05-04 22:48:11.228582+00:00
665,1848,4316,0,,,2026-05-04 22:48:11.228582+00:00
666,1849,3039,1,72000,Buy,2026-05-04 22:48:11.228582+00:00
667,1850,3581,1,50000,Buy,2026-05-04 22:48:11.228582+00:00
668,1851,5151,1,41000,Buy,2026-05-04 22:48:11.228582+00:00
669,1852,5091,0,,Not Rated,2026-05-04 22:48:11.228582+00:00
670,1853,5297,0,,Not Rated,2026-05-04 22:48:11.228582+00:00
671,1854,4968,0,,,2026-05-04 22:48:11.228582+00:00
672,1855,3336,1,50000,Buy,2026-05-04 22:48:11.228582+00:00
673,1856,4625,0,,Not Rated,2026-05-04 22:48:11.228582+00:00
674,1857,3391,1,35000,Buy,2026-05-04 22:48:11.228582+00:00
675,1858,4555,1,78000,Buy,2026-05-04 22:48:11.228582+00:00
676,1859,4528,0,,Not Rated,2026-05-04 22:48:11.228582+00:00
677,1860,4819,1,100000,Buy,2026-05-04 22:48:11.228582+00:00
678,1861,5367,1,9000,Buy,2026-05-04 22:48:11.228582+00:00
679,1862,5054,1,7000,Buy,2026-05-04 22:48:11.228582+00:00
680,1863,2937,1,156000,Buy,2026-05-04 22:48:11.228582+00:00
681,1864,3436,1,165000,Buy,2026-05-04 22:48:11.228582+00:00
682,1865,3758,1,39000,Buy,2026-05-04 22:48:11.228582+00:00
683,1866,3213,1,110000,Buy,2026-05-04 22:48:11.228582+00:00
684,1867,2950,1,200000,Buy,2026-05-04 22:48:11.228582+00:00
685,1868,3075,1,1160000,Buy,2026-05-04 22:48:11.228582+00:00
686,1869,3421,1,880000,Buy,2026-05-04 22:48:11.228582+00:00
687,1870,3051,1,3520000,Buy,2026-05-04 22:48:11.228582+00:00
688,1871,4643,0,,,2026-05-04 22:48:11.228582+00:00
689,1872,4593,1,150000,Buy,2026-05-04 22:48:11.228582+00:00
690,1873,4819,1,100000,매수,2026-05-04 22:48:11.228582+00:00
691,1874,2956,1,400000,Buy,2026-05-04 22:48:11.228582+00:00
692,1875,2965,1,20000,Buy,2026-05-04 22:48:11.228582+00:00
693,1876,3764,1,35000,Buy,2026-05-04 22:48:11.228582+00:00
694,1877,3837,0,,,2026-05-04 22:48:11.228582+00:00
695,1878,3591,1,53000,Buy,2026-05-04 22:48:11.228582+00:00
696,1879,3135,1,88000,Buy,2026-05-04 22:48:11.228582+00:00
697,1880,3122,1,230000,Buy,2026-05-04 22:48:11.228582+00:00
698,1881,4462,0,,Not Rated,2026-05-04 22:48:11.228582+00:00
699,1882,2988,1,840000,Buy,2026-05-04 22:48:11.228582+00:00
700,1883,3581,0,,N/A,2026-05-04 22:48:11.228582+00:00
701,1884,3194,1,550000,Buy,2026-05-04 22:48:11.228582+00:00
702,1885,3291,1,170000,Buy,2026-05-04 22:48:11.228582+00:00
703,1886,5099,0,,Not Rated,2026-05-04 22:48:11.228582+00:00
704,1887,3314,1,67000,Buy,2026-05-04 22:48:11.228582+00:00
705,1888,3609,1,600000,Buy,2026-05-04 22:48:11.228582+00:00
706,1889,3367,0,1410000,N/A,2026-05-04 22:48:11.228582+00:00
707,1890,3710,0,265000,N/A,2026-05-04 22:48:11.228582+00:00
708,1891,3854,0,,,2026-05-04 22:48:11.228582+00:00
709,1892,3456,0,,,2026-05-04 22:48:11.228582+00:00
710,1893,4819,1,85000,Buy,2026-05-04 22:48:11.228582+00:00
711,1894,4174,0,,Not Rated,2026-05-04 22:48:11.228582+00:00
712,1895,4269,0,,Not Rated,2026-05-04 22:48:11.228582+00:00
713,1896,4819,1,100000,Buy,2026-05-04 22:48:11.228582+00:00
714,1897,3340,0,,N/A,2026-05-04 22:48:11.228582+00:00
715,1898,3734,1,1600000,Buy,2026-05-04 22:48:11.228582+00:00
716,1899,3336,1,54000,Buy,2026-05-04 22:48:11.228582+00:00
717,1900,3493,1,74000,Buy,2026-05-04 22:48:11.228582+00:00
718,1901,2956,1,440000,매수,2026-05-04 22:48:11.228582+00:00
719,1902,4218,1,57000,매수,2026-05-04 22:48:11.228582+00:00
720,1903,5490,0,,Not Rated,2026-05-04 22:48:11.228582+00:00
721,1904,2947,1,100000,매수,2026-05-04 22:48:11.228582+00:00
722,1905,3201,1,140000,Buy,2026-05-04 22:48:11.228582+00:00
723,1906,4617,1,140000,매수,2026-05-04 22:48:11.228582+00:00
724,1907,3493,1,80000,Buy,2026-05-04 22:48:11.228582+00:00
725,1908,5050,0,32000,N/A,2026-05-04 22:48:11.228582+00:00
726,1909,3194,1,530000,매수,2026-05-04 22:48:11.228582+00:00
727,1910,3493,1,77000,매수,2026-05-04 22:48:11.228582+00:00
728,1911,4819,1,93000,Buy,2026-05-04 22:48:11.228582+00:00
729,1912,3493,1,80000,Buy,2026-05-04 22:48:11.228582+00:00
730,1913,3336,1,50000,Buy,2026-05-04 22:48:11.228582+00:00
731,1914,2941,0,,Not Rated,2026-05-04 22:48:11.228582+00:00
732,1915,3493,1,92000,Buy,2026-05-04 22:48:11.228582+00:00
733,1916,4819,1,90000,Buy,2026-05-04 22:48:11.228582+00:00
734,1917,3105,1,7000,Buy,2026-05-04 22:48:11.228582+00:00
735,1918,4884,0,,,2026-05-04 22:48:11.228582+00:00
736,1919,3069,1,180000,Buy,2026-05-04 22:48:11.228582+00:00
737,1920,3731,1,240000,Buy,2026-05-04 22:48:11.228582+00:00
738,1921,3591,0,,,2026-05-04 22:48:11.228582+00:00
739,1922,4617,1,140000,Buy,2026-05-04 22:48:11.228582+00:00
740,1923,3135,1,95000,매수,2026-05-04 22:48:11.228582+00:00
741,1924,5043,0,,Not Rated,2026-05-04 22:48:11.228582+00:00
742,1925,5037,1,11500,Buy,2026-05-04 22:48:11.228582+00:00
743,1926,2979,0,60000,Hold,2026-05-04 22:48:11.228582+00:00
744,1927,3135,1,98000,Buy,2026-05-04 22:48:11.228582+00:00
745,1928,3326,1,487000,Buy,2026-05-04 22:48:11.228582+00:00
746,1929,3436,0,,Not Rated,2026-05-04 22:48:11.228582+00:00
747,1930,4292,1,80000,Buy,2026-05-04 22:48:11.228582+00:00
748,1931,4525,1,10000,Buy,2026-05-04 22:48:11.228582+00:00
749,1932,4681,0,,nr,2026-05-04 22:48:11.228582+00:00
750,1933,3069,1,170000,매수,2026-05-04 22:48:11.228582+00:00
751,1934,4363,0,,,2026-05-04 22:48:11.228582+00:00
752,1935,4643,0,,Not Rated,2026-05-04 22:48:11.228582+00:00
753,1936,4010,0,,Not Rated,2026-05-04 22:48:11.228582+00:00
754,1937,4282,1,85000,Buy,2026-05-04 22:48:11.228582+00:00
755,1938,5000,0,,N/A,2026-05-04 22:48:11.228582+00:00
756,1939,4478,0,,Not Rated,2026-05-04 22:48:11.228582+00:00
757,1940,3411,1,58000,매수,2026-05-04 22:48:11.228582+00:00
758,1941,4855,1,130000,Buy,2026-05-04 22:48:11.228582+00:00
759,1942,4669,1,65000,Buy,2026-05-04 22:48:11.228582+00:00
760,1943,3371,1,54000,Buy,2026-05-04 22:48:11.228582+00:00
761,1944,5495,1,35000,Buy,2026-05-04 22:48:11.228582+00:00
762,1945,2998,0,,nr,2026-05-04 22:48:11.228582+00:00
763,1946,2988,1,760000,Buy,2026-05-04 22:48:11.228582+00:00
764,1947,4527,1,163000,매수,2026-05-04 22:48:11.228582+00:00
765,1948,4909,0,,,2026-05-04 22:48:11.228582+00:00
766,1949,4153,0,,Not Rated,2026-05-04 22:48:11.228582+00:00
767,1950,3491,1,45000,Buy,2026-05-04 22:48:11.228582+00:00
768,1951,3185,0,4800,Hold,2026-05-04 22:48:11.228582+00:00
769,1952,2972,1,26000,Buy,2026-05-04 22:48:11.228582+00:00
770,1953,5001,0,,Not Rated,2026-05-04 22:48:11.228582+00:00
771,1954,3491,1,46000,Buy,2026-05-04 22:48:11.228582+00:00
772,1955,3185,0,5500,Hold,2026-05-04 22:48:11.228582+00:00
773,1956,3367,1,1600000,매수,2026-05-04 22:48:11.228582+00:00
774,1957,3710,1,300000,매수,2026-05-04 22:48:11.228582+00:00
775,1958,3122,1,240000,매수,2026-05-04 22:48:11.228582+00:00
776,1959,3764,0,34000,N/A,2026-05-04 22:48:11.228582+00:00
777,1960,3100,1,8500,Buy,2026-05-04 22:48:11.228582+00:00
778,1961,3491,1,48000,Buy,2026-05-04 22:48:11.228582+00:00
779,1962,4703,1,88000,Buy,2026-05-04 22:48:11.228582+00:00
780,1963,4540,0,,nr,2026-05-04 22:48:11.228582+00:00
781,1964,2972,1,27000,Buy,2026-05-04 22:48:11.228582+00:00
782,1965,5066,0,,,2026-05-04 22:48:11.228582+00:00
783,1966,3183,0,176000,Hold,2026-05-04 22:48:11.228582+00:00
784,1967,3102,1,740000,Buy,2026-05-04 22:48:11.228582+00:00
785,1968,3520,1,80000,Buy,2026-05-04 22:48:11.228582+00:00
786,1969,4591,1,120000,Buy,2026-05-04 22:48:11.228582+00:00
787,1970,4764,0,,Not Rated,2026-05-04 22:48:11.228582+00:00
788,1971,5092,1,40000,Buy,2026-05-04 22:48:11.228582+00:00
789,1972,4663,0,,N/A,2026-05-04 22:48:11.228582+00:00
790,1973,3010,1,23000,Buy,2026-05-04 22:48:11.228582+00:00
791,1974,3666,1,51000,Buy,2026-05-04 22:48:11.228582+00:00
792,1975,3182,1,58000,Buy,2026-05-04 22:48:11.228582+00:00
793,1976,3700,1,710000,Buy,2026-05-04 22:48:11.228582+00:00
794,1977,3183,0,240000,Hold,2026-05-04 22:48:11.228582+00:00
795,1978,3736,1,230000,Buy,2026-05-04 22:48:11.228582+00:00
796,1979,3608,0,346000,Hold,2026-05-04 22:48:11.228582+00:00
797,1980,4247,0,,nr,2026-05-04 22:48:11.228582+00:00
798,1981,4618,1,7800,Buy,2026-05-04 22:48:11.228582+00:00
799,1982,3114,1,380000,Buy,2026-05-04 22:48:11.228582+00:00
800,1983,3700,0,620000,marketperform,2026-05-04 22:48:11.228582+00:00
801,1984,5273,0,,Not Rated,2026-05-04 22:48:11.228582+00:00
802,1985,4923,0,,N/A,2026-05-04 22:48:11.228582+00:00
803,1986,3213,1,124000,매수,2026-05-04 22:48:11.228582+00:00
804,1987,3421,1,824000,매수,2026-05-04 22:48:11.228582+00:00
805,1988,3051,1,3000000,매수,2026-05-04 22:48:11.228582+00:00
806,1989,3075,1,1200000,매수,2026-05-04 22:48:11.228582+00:00
807,1990,3597,0,,Not Rated,2026-05-04 22:48:11.228582+00:00
808,1991,4712,1,62000,Buy,2026-05-04 22:48:11.228582+00:00
809,1992,3721,0,50000,Hold,2026-05-04 22:48:11.228582+00:00
810,1993,5050,1,31000,Buy,2026-05-04 22:48:11.228582+00:00
811,1994,4715,0,,N/A,2026-05-04 22:48:11.228582+00:00
812,1995,3073,1,192000,Buy,2026-05-04 22:48:11.228582+00:00
813,1996,3719,1,650000,Buy,2026-05-04 22:48:11.228582+00:00
814,1997,4924,0,,Not Rated,2026-05-04 22:48:11.228582+00:00
815,1998,3102,1,690000,Buy,2026-05-04 22:48:11.228582+00:00
816,1999,3609,0,,N/A,2026-05-04 22:48:11.228582+00:00
817,2000,4703,1,88000,Buy,2026-05-04 22:48:11.228582+00:00
818,2001,3232,1,6400,Buy,2026-05-04 22:48:11.228582+00:00
819,2002,3696,0,35000,Hold,2026-05-04 22:48:11.228582+00:00
820,2003,4703,1,76000,Buy,2026-05-04 22:48:11.228582+00:00
821,2004,3331,0,,nr,2026-05-04 22:48:11.228582+00:00
822,2005,5376,0,,nr,2026-05-04 22:48:11.228582+00:00
823,2006,3649,0,,nr,2026-05-04 22:48:11.228582+00:00
824,2007,3717,1,27000,Buy,2026-05-04 22:48:11.228582+00:00
825,2008,3222,0,,nr,2026-05-04 22:48:11.228582+00:00
826,2009,4527,1,160000,Strong Buy,2026-05-04 22:48:11.228582+00:00
827,2010,3552,1,24000,Buy,2026-05-04 22:48:11.228582+00:00
828,2011,4703,1,88000,Buy,2026-05-04 22:48:11.228582+00:00
829,2012,3765,1,40000,Buy,2026-05-04 22:48:11.228582+00:00
830,2013,3115,1,70000,Buy,2026-05-04 22:48:11.228582+00:00
831,2014,3437,1,95000,Buy,2026-05-04 22:48:11.228582+00:00
832,2015,3929,0,,,2026-05-04 22:48:11.228582+00:00
833,2016,4617,0,,,2026-05-04 22:48:11.228582+00:00
834,2017,4822,0,,,2026-05-04 22:48:11.228582+00:00
835,2018,3016,1,440000,Buy,2026-05-04 22:48:11.228582+00:00
836,2019,3252,1,32000,Buy,2026-05-04 22:48:11.228582+00:00
837,2020,3068,1,80000,Buy,2026-05-04 22:48:11.228582+00:00
838,2021,3154,1,25000,Buy,2026-05-04 22:48:11.228582+00:00
839,2022,3403,0,22000,Hold,2026-05-04 22:48:11.228582+00:00
840,2023,3232,1,6200,Buy,2026-05-04 22:48:11.228582+00:00
841,2024,3331,1,125000,Buy,2026-05-04 22:48:11.228582+00:00
842,2025,3035,1,13000,Buy,2026-05-04 22:48:11.228582+00:00
843,2026,3068,1,75000,Buy,2026-05-04 22:48:11.228582+00:00
844,2027,3128,1,47000,Buy,2026-05-04 22:48:11.228582+00:00
845,2028,5148,0,76000,Hold,2026-05-04 22:48:11.228582+00:00
846,2029,3331,1,115000,Buy,2026-05-04 22:48:11.228582+00:00
847,2030,4282,1,85000,Buy,2026-05-04 22:48:11.228582+00:00
848,2031,3016,1,450000,Buy,2026-05-04 22:48:11.228582+00:00
849,2032,3068,1,87000,매수,2026-05-04 22:48:11.228582+00:00
850,2033,3331,0,,N/A,2026-05-04 22:48:11.228582+00:00
851,2034,3016,0,450000,N/A,2026-05-04 22:48:11.228582+00:00
852,2035,3192,0,190000,N/A,2026-05-04 22:48:11.228582+00:00
853,2036,3016,1,460000,Buy,2026-05-04 22:48:11.228582+00:00
854,2037,5257,1,25000,Buy,2026-05-04 22:48:11.228582+00:00
855,2038,2971,0,,Not Rated,2026-05-04 22:48:11.228582+00:00
856,2039,2991,1,20500,Buy,2026-05-04 22:48:11.228582+00:00
857,2040,3039,1,69000,Buy,2026-05-04 22:48:11.228582+00:00
858,2041,4530,0,35000,Hold,2026-05-04 22:48:11.228582+00:00
859,2042,4396,1,22000,Buy,2026-05-04 22:48:11.228582+00:00
860,2043,4947,1,34000,Buy,2026-05-04 22:48:11.228582+00:00
861,2044,3734,1,1540000,Buy,2026-05-04 22:48:11.228582+00:00
862,2045,3252,1,32000,Buy,2026-05-04 22:48:11.228582+00:00
863,2046,3016,1,450000,Buy,2026-05-04 22:48:11.228582+00:00
864,2047,3252,1,32000,매수,2026-05-04 22:48:11.228582+00:00
865,2048,3016,1,480000,매수,2026-05-04 22:48:11.228582+00:00
866,2049,3069,1,160000,매수,2026-05-04 22:48:11.228582+00:00
867,2050,4706,1,60000,매수,2026-05-04 22:48:11.228582+00:00
868,2051,3153,0,130000,Hold,2026-05-04 22:48:11.228582+00:00
869,2052,4238,0,,,2026-05-04 22:48:11.228582+00:00
870,2053,3069,1,180000,Buy,2026-05-04 22:48:11.228582+00:00
871,2054,3697,1,61500,Buy,2026-05-04 22:48:11.228582+00:00
872,2055,5394,1,140000,Buy,2026-05-04 22:48:11.228582+00:00
873,2056,3069,1,155000,Buy,2026-05-04 22:48:11.228582+00:00
874,2057,3153,1,150000,Buy,2026-05-04 22:48:11.228582+00:00
875,2058,3303,1,145000,Buy,2026-05-04 22:48:11.228582+00:00
876,2059,3621,1,300000,Buy,2026-05-04 22:48:11.228582+00:00
877,2060,4633,1,400000,Buy,2026-05-04 22:48:11.228582+00:00
878,2061,5394,1,150000,매수,2026-05-04 22:48:11.228582+00:00
879,2062,3766,1,160000,매수,2026-05-04 22:48:11.228582+00:00
880,2063,5394,1,180000,Buy,2026-05-04 22:48:11.228582+00:00
881,2064,4075,0,,Not Rated,2026-05-04 22:48:11.228582+00:00
882,2065,4006,0,,Not Rated,2026-05-04 22:48:11.228582+00:00
883,2066,5265,1,,Buy,2026-05-04 22:48:11.228582+00:00
884,2067,3033,1,55000,Buy,2026-05-04 22:48:11.228582+00:00
885,2068,5419,1,62000,Buy,2026-05-04 22:48:11.228582+00:00
886,2069,4777,1,81000,Buy,2026-05-04 22:48:11.228582+00:00
887,2070,4777,1,81000,Buy,2026-05-04 22:48:11.228582+00:00
888,2071,3621,1,280000,매수,2026-05-04 22:48:11.228582+00:00
889,2072,3492,1,14500,매수,2026-05-04 22:48:11.228582+00:00
890,2073,3033,1,42000,매수,2026-05-04 22:48:11.228582+00:00
891,2074,3766,1,160000,매수,2026-05-04 22:48:11.228582+00:00
892,2075,4706,1,55000,매수,2026-05-04 22:48:11.228582+00:00
893,2076,3214,0,125000,Hold,2026-05-04 22:48:11.228582+00:00
894,2077,3766,1,150000,Buy,2026-05-04 22:48:11.228582+00:00
895,2078,4706,1,70000,Buy,2026-05-04 22:48:11.228582+00:00
896,2079,5394,1,160000,Buy,2026-05-04 22:48:11.228582+00:00
897,2080,3232,1,6400,Buy,2026-05-04 22:48:11.228582+00:00
898,2081,3069,1,160000,Buy,2026-05-04 22:48:11.228582+00:00
899,2082,3403,0,22000,Hold,2026-05-04 22:48:11.228582+00:00
900,2083,5394,1,150000,Buy,2026-05-04 22:48:11.228582+00:00
901,2084,4633,1,360000,Buy,2026-05-04 22:48:11.228582+00:00
902,2085,3295,1,280000,Buy,2026-05-04 22:48:11.228582+00:00
903,2086,3741,1,648000,Buy,2026-05-04 22:48:11.228582+00:00
904,2087,4125,1,70000,Buy,2026-05-04 22:48:11.228582+00:00
905,2088,3596,1,200000,Buy,2026-05-04 22:48:11.228582+00:00
906,2089,4785,1,19000,Buy,2026-05-04 22:48:11.228582+00:00
907,2090,3766,1,170000,Buy,2026-05-04 22:48:11.228582+00:00
908,2091,5394,1,160000,Buy,2026-05-04 22:48:11.228582+00:00
909,2092,4311,0,13000,Hold,2026-05-04 22:48:11.228582+00:00
910,2093,3767,1,180000,Buy,2026-05-04 22:48:11.228582+00:00
911,2094,4692,0,,,2026-05-04 22:48:11.228582+00:00
912,2095,3005,1,94000,Buy,2026-05-04 22:48:11.228582+00:00
913,2096,3060,1,160000,Buy,2026-05-04 22:48:11.228582+00:00
914,2097,2953,1,30000,Buy,2026-05-04 22:48:11.228582+00:00
915,2098,3298,1,280000,Buy,2026-05-04 22:48:11.228582+00:00
916,2099,3187,1,83000,Buy,2026-05-04 22:48:11.228582+00:00
917,2100,3349,1,73000,Buy,2026-05-04 22:48:11.228582+00:00
918,2101,3767,1,170000,Buy,2026-05-04 22:48:11.228582+00:00
919,2102,3192,1,200000,Buy,2026-05-04 22:48:11.228582+00:00
920,2103,4612,1,180000,매수,2026-05-04 22:48:11.228582+00:00
921,2104,2953,1,27000,매수,2026-05-04 22:48:11.228582+00:00
922,2105,3192,1,164000,Buy,2026-05-04 22:48:11.228582+00:00
923,2106,3225,1,70000,Buy,2026-05-04 22:48:11.228582+00:00
924,2107,3298,0,183000,Hold,2026-05-04 22:48:11.228582+00:00
925,2108,5015,0,29000,Hold,2026-05-04 22:48:11.228582+00:00
926,2109,4562,1,55000,매수,2026-05-04 22:48:11.228582+00:00
927,2110,3194,0,,N/A,2026-05-04 22:48:11.228582+00:00
928,2111,3349,1,72000,매수,2026-05-04 22:48:11.228582+00:00
929,2112,3669,1,140000,매수,2026-05-04 22:48:11.228582+00:00
930,2113,2997,1,49000,매수,2026-05-04 22:48:11.228582+00:00
931,2114,5265,1,115000,매수,2026-05-04 22:48:11.228582+00:00
932,2115,2997,1,44000,Buy,2026-05-04 22:48:11.228582+00:00
933,2116,3231,1,270000,Buy,2026-05-04 22:48:11.228582+00:00
934,2117,3060,1,145000,Buy,2026-05-04 22:48:11.228582+00:00
935,2118,3225,0,64000,Hold,2026-05-04 22:48:11.228582+00:00
936,2119,3767,1,167000,Buy,2026-05-04 22:48:11.228582+00:00
937,2120,3767,1,167000,Buy,2026-05-04 22:48:11.228582+00:00
938,2121,3189,1,135000,Buy,2026-05-04 22:48:11.228582+00:00
939,2122,3767,1,190000,Buy,2026-05-04 22:48:11.228582+00:00
940,2123,3450,0,,nr,2026-05-04 22:48:11.228582+00:00
941,2124,3298,1,280000,Buy,2026-05-04 22:48:11.228582+00:00
942,2125,3349,1,71000,Buy,2026-05-04 22:48:11.228582+00:00
943,2126,5120,1,20000,Buy,2026-05-04 22:48:11.228582+00:00
944,2127,2953,1,26000,Buy,2026-05-04 22:48:11.228582+00:00
945,2128,5015,1,35000,Buy,2026-05-04 22:48:11.228582+00:00
946,2129,3189,1,120000,Buy,2026-05-04 22:48:11.228582+00:00
947,2130,3225,1,67000,Buy,2026-05-04 22:48:11.228582+00:00
948,2131,3280,0,80000,N/A,2026-05-04 22:48:11.228582+00:00
949,2132,3341,0,,N/A,2026-05-04 22:48:11.228582+00:00
950,2133,2992,0,,N/A,2026-05-04 22:48:11.228582+00:00
951,2134,3697,0,43000,Hold,2026-05-04 22:48:11.228582+00:00
952,2135,3327,0,,N/A,2026-05-04 22:48:11.228582+00:00
953,2136,3579,1,1550000,Buy,2026-05-04 22:48:11.228582+00:00
954,2137,2999,1,300000,Buy,2026-05-04 22:48:11.228582+00:00
955,2138,4530,1,62000,Buy,2026-05-04 22:48:11.228582+00:00
956,2139,3305,1,220000,Buy,2026-05-04 22:48:11.228582+00:00
957,2140,3329,1,170000,Buy,2026-05-04 22:48:11.228582+00:00
958,2141,3164,1,67000,Buy,2026-05-04 22:48:11.228582+00:00
959,2142,3204,1,130000,Buy,2026-05-04 22:48:11.228582+00:00
960,2143,3579,1,1500000,Buy,2026-05-04 22:48:11.228582+00:00
961,2144,3148,1,15000,Buy,2026-05-04 22:48:11.228582+00:00
962,2145,3595,1,470000,Buy,2026-05-04 22:48:11.228582+00:00
963,2146,3391,1,26000,Buy,2026-05-04 22:48:11.228582+00:00
964,2147,3356,1,320000,Buy,2026-05-04 22:48:11.228582+00:00
965,2148,3437,1,89000,Buy,2026-05-04 22:48:11.228582+00:00
966,2149,2999,1,380000,Buy,2026-05-04 22:48:11.228582+00:00
967,2150,3579,1,1700000,Buy,2026-05-04 22:48:11.228582+00:00
968,2151,2992,1,780000,Buy,2026-05-04 22:48:11.228582+00:00
969,2152,3155,0,5600,marketperform,2026-05-04 22:48:11.228582+00:00
970,2153,3697,0,53000,marketperform,2026-05-04 22:48:11.228582+00:00
971,2154,2999,1,330000,매수,2026-05-04 22:48:11.228582+00:00
972,2155,3305,1,210000,매수,2026-05-04 22:48:11.228582+00:00
973,2156,3595,1,410000,매수,2026-05-04 22:48:11.228582+00:00
974,2157,3579,1,1680000,Buy,2026-05-04 22:48:11.228582+00:00
975,2158,2992,1,860000,Buy,2026-05-04 22:48:11.228582+00:00
976,2159,2967,1,25000,Buy,2026-05-04 22:48:11.228582+00:00
977,2160,3100,1,8500,Buy,2026-05-04 22:48:11.228582+00:00
978,2161,3327,1,6700,Buy,2026-05-04 22:48:11.228582+00:00
979,2162,3327,1,7000,Buy,2026-05-04 22:48:11.228582+00:00
980,2163,3341,1,510000,Buy,2026-05-04 22:48:11.228582+00:00
981,2164,3341,1,510000,Buy,2026-05-04 22:48:11.228582+00:00
982,2165,3697,0,57000,Hold,2026-05-04 22:48:11.228582+00:00
983,2166,3595,1,420000,Buy,2026-05-04 22:48:11.228582+00:00
984,2167,2992,1,870000,Buy,2026-05-04 22:48:11.228582+00:00
985,2168,4593,1,150000,Buy,2026-05-04 22:48:11.228582+00:00
986,2169,3579,1,1650000,Buy,2026-05-04 22:48:11.228582+00:00
987,2170,2999,1,360000,Buy,2026-05-04 22:48:11.228582+00:00
988,2171,3193,1,19000,Buy,2026-05-04 22:48:11.228582+00:00
989,2172,2967,1,23000,Buy,2026-05-04 22:48:11.228582+00:00
990,2173,3327,1,6900,Buy,2026-05-04 22:48:11.228582+00:00
991,2174,3251,0,,N/A,2026-05-04 22:48:11.228582+00:00
992,2175,3251,0,,N/A,2026-05-04 22:48:11.228582+00:00
993,2176,3323,0,,N/A,2026-05-04 22:48:11.228582+00:00
994,2177,3000,1,23000,Buy,2026-05-04 22:48:11.228582+00:00
995,2178,3209,1,410000,Buy,2026-05-04 22:48:11.228582+00:00
996,2179,3605,1,25000,Buy,2026-05-04 22:48:11.228582+00:00
997,2180,3011,1,55000,Buy,2026-05-04 22:48:11.228582+00:00
998,2181,3150,1,205000,Buy,2026-05-04 22:48:11.228582+00:00
999,2182,3023,1,160000,Buy,2026-05-04 22:48:11.228582+00:00
1000,2183,4975,1,85000,Buy,2026-05-04 22:48:11.228582+00:00
1001,2184,5000,1,200000,Buy,2026-05-04 22:48:11.228582+00:00
1002,2185,5445,0,,N/A,2026-05-04 22:48:11.228582+00:00
1003,2186,3040,1,40000,Buy,2026-05-04 22:48:11.228582+00:00
1004,2187,3323,1,140000,Buy,2026-05-04 22:48:11.228582+00:00
1005,2188,3258,1,150000,Buy,2026-05-04 22:48:11.228582+00:00
1006,2189,3011,1,54000,Buy,2026-05-04 22:48:11.228582+00:00
1007,2190,3251,1,180000,Buy,2026-05-04 22:48:11.228582+00:00
1008,2191,3055,1,32000,Buy,2026-05-04 22:48:11.228582+00:00
1009,2192,3605,1,24000,Buy,2026-05-04 22:48:11.228582+00:00
1010,2193,3154,1,21000,Buy,2026-05-04 22:48:11.228582+00:00
1011,2194,3040,1,41000,Buy,2026-05-04 22:48:11.228582+00:00
1012,2195,3158,1,23000,Buy,2026-05-04 22:48:11.228582+00:00
1013,2196,3274,1,9000,Buy,2026-05-04 22:48:11.228582+00:00
1014,2197,3288,0,22000,Hold,2026-05-04 22:48:11.228582+00:00
1015,2198,3288,0,22000,Hold,2026-05-04 22:48:11.228582+00:00
1016,2199,3209,1,360000,Buy,2026-05-04 22:48:11.228582+00:00
1017,2200,3322,1,108000,Buy,2026-05-04 22:48:11.228582+00:00
1018,2201,3075,1,1000000,Buy,2026-05-04 22:48:11.228582+00:00
1019,2202,4677,1,500000,Buy,2026-05-04 22:48:11.228582+00:00
1020,2203,3251,1,178000,Buy,2026-05-04 22:48:11.228582+00:00
1021,2204,3900,0,,nr,2026-05-04 22:48:11.228582+00:00
1022,2205,3206,1,18000,Buy,2026-05-04 22:48:11.228582+00:00
1023,2206,3348,1,45000,Buy,2026-05-04 22:48:11.228582+00:00
1024,2207,3799,0,,Not Rated,2026-05-04 22:48:11.228582+00:00
1025,2208,3964,0,,Not Rated,2026-05-04 22:48:11.228582+00:00
1026,2209,3758,1,35000,매수,2026-05-04 22:48:11.228582+00:00
1027,2210,3075,1,1000000,매수,2026-05-04 22:48:11.228582+00:00
1028,2211,3209,1,360000,매수,2026-05-04 22:48:11.228582+00:00
1029,2212,4975,1,88000,매수,2026-05-04 22:48:11.228582+00:00
1030,2213,4253,0,,Not Rated,2026-05-04 22:48:11.228582+00:00
1031,2214,3055,1,35000,매수,2026-05-04 22:48:11.228582+00:00
1032,2215,3605,1,26000,매수,2026-05-04 22:48:11.228582+00:00
1033,2216,3011,1,58000,매수,2026-05-04 22:48:11.228582+00:00
1034,2217,3075,1,1050000,매수,2026-05-04 22:48:11.228582+00:00
1035,2218,3150,0,151000,N/A,2026-05-04 22:48:11.228582+00:00
1036,2219,3117,1,84000,Buy,2026-05-04 22:48:11.228582+00:00
1037,2220,3356,1,300000,Buy,2026-05-04 22:48:11.228582+00:00
1038,2221,3622,1,6500,Buy,2026-05-04 22:48:11.228582+00:00
1039,2222,3792,0,,nr,2026-05-04 22:48:11.228582+00:00
1040,2223,3011,1,60000,Buy,2026-05-04 22:48:11.228582+00:00
1041,2224,3055,1,28000,Buy,2026-05-04 22:48:11.228582+00:00
1042,2225,3055,1,28000,Buy,2026-05-04 22:48:11.228582+00:00
1043,2226,3274,1,7600,Buy,2026-05-04 22:48:11.228582+00:00
1044,2227,3011,1,56000,Buy,2026-05-04 22:48:11.228582+00:00
1045,2228,3605,1,25000,Buy,2026-05-04 22:48:11.228582+00:00
1046,2229,3055,1,28000,Buy,2026-05-04 22:48:11.228582+00:00
1047,2230,3075,1,1150000,Buy,2026-05-04 22:48:11.228582+00:00
1048,2231,3066,1,145000,Buy,2026-05-04 22:48:11.228582+00:00
1049,2232,3040,1,38000,Buy,2026-05-04 22:48:11.228582+00:00
1050,2233,3158,1,23000,Buy,2026-05-04 22:48:11.228582+00:00
1051,2234,3154,1,22000,Buy,2026-05-04 22:48:11.228582+00:00
1052,2235,3129,0,31000,Hold,2026-05-04 22:48:11.228582+00:00
1053,2236,3251,1,170000,Buy,2026-05-04 22:48:11.228582+00:00
1054,2237,3323,1,110000,Buy,2026-05-04 22:48:11.228582+00:00
1055,2238,3011,1,52000,Buy,2026-05-04 22:48:11.228582+00:00
1056,2239,3605,1,24000,Buy,2026-05-04 22:48:11.228582+00:00
1057,2240,3573,1,30000,Buy,2026-05-04 22:48:11.228582+00:00
1058,2241,3015,1,6300,Buy,2026-05-04 22:48:11.228582+00:00
1059,2242,4879,0,,nr,2026-05-04 22:48:11.228582+00:00
1060,2243,3973,1,250000,Buy,2026-05-04 22:48:11.228582+00:00
1061,2244,3209,1,340000,Buy,2026-05-04 22:48:11.228582+00:00
1062,2245,3258,0,,N/A,2026-05-04 22:48:11.228582+00:00
1063,2246,3057,1,280000,Buy,2026-05-04 22:48:11.228582+00:00
1064,2247,3176,1,620000,Buy,2026-05-04 22:48:11.228582+00:00
1065,2248,3129,1,33500,Buy,2026-05-04 22:48:11.228582+00:00
1066,2249,3288,1,25500,Buy,2026-05-04 22:48:11.228582+00:00
1067,2250,4424,0,,N/A,2026-05-04 22:48:11.228582+00:00
1068,2251,2957,0,,N/A,2026-05-04 22:48:11.228582+00:00
1069,2252,3117,1,76000,Buy,2026-05-04 22:48:11.228582+00:00
1070,2253,4641,1,330000,Buy,2026-05-04 22:48:11.228582+00:00
1071,2254,3072,1,72000,Buy,2026-05-04 22:48:11.228582+00:00
1072,2255,5440,1,98000,Buy,2026-05-04 22:48:11.228582+00:00
1073,2256,4517,1,65000,Buy,2026-05-04 22:48:11.228582+00:00
1074,2257,3211,1,168000,Buy,2026-05-04 22:48:11.228582+00:00
1075,2258,3322,1,110000,Buy,2026-05-04 22:48:11.228582+00:00
1076,2259,3129,1,35000,Buy,2026-05-04 22:48:11.228582+00:00
1077,2260,3176,1,650000,Buy,2026-05-04 22:48:11.228582+00:00
1078,2261,4169,0,,N/A,2026-05-04 22:48:11.228582+00:00
1079,2262,3211,1,181000,Buy,2026-05-04 22:48:11.228582+00:00
1080,2263,3150,1,201000,Buy,2026-05-04 22:48:11.228582+00:00
1081,2264,3129,1,35000,Buy,2026-05-04 22:48:11.228582+00:00
1082,2265,3322,1,109000,Buy,2026-05-04 22:48:11.228582+00:00
1083,2266,3721,1,45000,Buy,2026-05-04 22:48:11.228582+00:00
1084,2267,4424,0,180000,Hold,2026-05-04 22:48:11.228582+00:00
1085,2268,3117,1,81000,Buy,2026-05-04 22:48:11.228582+00:00
1086,2269,5440,1,85000,Buy,2026-05-04 22:48:11.228582+00:00
1087,2270,3072,1,68000,Buy,2026-05-04 22:48:11.228582+00:00
1088,2271,3340,1,200000,Buy,2026-05-04 22:48:11.228582+00:00
1089,2272,2950,1,200000,Buy,2026-05-04 22:48:11.228582+00:00
1090,2273,3481,1,100000,Buy,2026-05-04 22:48:11.228582+00:00
1091,2274,3219,1,19000,Buy,2026-05-04 22:48:11.228582+00:00
1092,2275,3057,1,270000,Buy,2026-05-04 22:48:11.228582+00:00
1093,2276,2956,1,380000,Buy,2026-05-04 22:48:11.228582+00:00
1094,2277,3150,1,193000,Buy,2026-05-04 22:48:11.228582+00:00
1095,2278,3211,1,180000,Buy,2026-05-04 22:48:11.228582+00:00
1096,2279,3481,1,97000,Buy,2026-05-04 22:48:11.228582+00:00
1097,2280,3072,1,66000,Buy,2026-05-04 22:48:11.228582+00:00
1098,2281,5440,1,94000,Buy,2026-05-04 22:48:11.228582+00:00
1099,2282,5440,1,94000,Buy,2026-05-04 22:48:11.228582+00:00
1100,2283,3219,1,20000,Buy,2026-05-04 22:48:11.228582+00:00
1101,2284,4517,1,64000,Buy,2026-05-04 22:48:11.228582+00:00
1102,2285,3322,1,120000,Buy,2026-05-04 22:48:11.228582+00:00
1103,2286,3117,1,87000,Buy,2026-05-04 22:48:11.228582+00:00
1104,2287,3211,1,190000,Buy,2026-05-04 22:48:11.228582+00:00
1105,2288,3481,1,90000,매수,2026-05-04 22:48:11.228582+00:00
1106,2289,3133,0,,중립,2026-05-04 22:48:11.228582+00:00
1107,2290,3219,1,,매수,2026-05-04 22:48:11.228582+00:00
1108,2291,3751,1,110000,매수,2026-05-04 22:48:11.228582+00:00
1109,2292,3084,0,,N/A,2026-05-04 22:48:11.228582+00:00
1110,2293,3431,1,34000,매수,2026-05-04 22:48:11.228582+00:00
1111,2294,2950,0,,N/A,2026-05-04 22:48:11.228582+00:00
1112,2295,3057,1,260000,매수,2026-05-04 22:48:11.228582+00:00
1113,2296,3072,1,79000,매수,2026-05-04 22:48:11.228582+00:00
1114,2297,5090,0,,N/A,2026-05-04 22:48:11.228582+00:00
1115,2298,3034,1,12500,매수,2026-05-04 22:48:11.228582+00:00
1116,2299,4424,1,220000,Trading Buy,2026-05-04 22:48:11.228582+00:00
1117,2300,2957,1,120000,Trading Buy,2026-05-04 22:48:11.228582+00:00
1118,2301,5440,1,90000,매수,2026-05-04 22:48:11.228582+00:00
1119,2302,4517,1,63000,매수,2026-05-04 22:48:11.228582+00:00
1120,2303,3340,1,200000,매수,2026-05-04 22:48:11.228582+00:00
1121,2304,3481,1,90000,매수,2026-05-04 22:48:11.228582+00:00
1122,2305,3219,1,19000,매수,2026-05-04 22:48:11.228582+00:00
1123,2306,3084,1,55000,매수,2026-05-04 22:48:11.228582+00:00
1124,2307,3057,1,260000,Buy,2026-05-04 22:48:11.228582+00:00
1125,2308,3176,0,630000,N/A,2026-05-04 22:48:11.228582+00:00
1126,2309,3721,0,34000,Hold,2026-05-04 22:48:11.228582+00:00
1127,2310,2957,0,130000,Hold,2026-05-04 22:48:11.228582+00:00
1128,2311,4424,0,180000,Hold,2026-05-04 22:48:11.228582+00:00
1129,2312,2950,1,215000,Buy,2026-05-04 22:48:11.228582+00:00
1130,2313,3084,1,57000,Buy,2026-05-04 22:48:11.228582+00:00
1131,2314,3084,1,57000,Buy,2026-05-04 22:48:11.228582+00:00
1132,2315,3117,1,80000,Buy,2026-05-04 22:48:11.228582+00:00
1133,2316,3340,1,210000,Buy,2026-05-04 22:48:11.228582+00:00
1134,2317,3211,1,166000,Buy,2026-05-04 22:48:11.228582+00:00
1135,2318,3322,1,110000,Buy,2026-05-04 22:48:11.228582+00:00
1136,2319,3057,1,270000,Buy,2026-05-04 22:48:11.228582+00:00
1137,2320,3150,1,191000,Buy,2026-05-04 22:48:11.228582+00:00
1138,2321,3288,0,25000,Hold,2026-05-04 22:48:11.228582+00:00
1139,2322,3117,1,75000,Buy,2026-05-04 22:48:11.228582+00:00
1140,2323,3034,1,16000,Buy,2026-05-04 22:48:11.228582+00:00
1141,2324,3150,1,187000,Buy,2026-05-04 22:48:11.228582+00:00
1142,2325,4424,1,250000,Buy,2026-05-04 22:48:11.228582+00:00
1143,2326,3721,1,50000,Buy,2026-05-04 22:48:11.228582+00:00
1144,2327,3219,1,18000,Buy,2026-05-04 22:48:11.228582+00:00
1145,2328,4517,1,58000,Buy,2026-05-04 22:48:11.228582+00:00
1146,2329,3481,0,73000,Hold,2026-05-04 22:48:11.228582+00:00
1147,2330,5440,1,90000,Buy,2026-05-04 22:48:11.228582+00:00
1148,2331,3072,1,80000,Buy,2026-05-04 22:48:11.228582+00:00
1149,2332,3142,1,27000,Buy,2026-05-04 22:48:11.228582+00:00
1150,2333,3001,0,25000,Hold,2026-05-04 22:48:11.228582+00:00
1151,2334,4205,1,50000,Buy,2026-05-04 22:48:11.228582+00:00
1152,2335,3600,1,148000,Buy,2026-05-04 22:48:11.228582+00:00
1153,2336,3522,1,110000,Buy,2026-05-04 22:48:11.228582+00:00
1154,2337,3436,1,100000,Buy,2026-05-04 22:48:11.228582+00:00
1155,2338,3437,1,89000,Buy,2026-05-04 22:48:11.228582+00:00
1156,2339,4205,1,53000,Buy,2026-05-04 22:48:11.228582+00:00
1157,2340,3136,1,90000,Buy,2026-05-04 22:48:11.228582+00:00
1158,2341,3329,1,179000,Buy,2026-05-04 22:48:11.228582+00:00
1159,2342,3200,1,550000,Buy,2026-05-04 22:48:11.228582+00:00
1160,2343,3436,1,165000,Buy,2026-05-04 22:48:11.228582+00:00
1161,2344,2956,1,350000,Buy,2026-05-04 22:48:11.228582+00:00
1162,2345,4677,1,620000,Buy,2026-05-04 22:48:11.228582+00:00
1163,2346,4736,0,,Not Rated,2026-05-04 22:48:11.228582+00:00
1164,2347,4545,1,44000,매수,2026-05-04 22:48:11.228582+00:00
1165,2348,5000,1,165000,매수,2026-05-04 22:48:11.228582+00:00
1166,2349,3742,1,160000,매수,2026-05-04 22:48:11.228582+00:00
1167,2350,4205,1,52000,매수,2026-05-04 22:48:11.228582+00:00
1168,2351,3600,1,130000,매수,2026-05-04 22:48:11.228582+00:00
1169,2352,3329,1,167000,Buy,2026-05-04 22:48:11.228582+00:00
1170,2353,3436,1,110000,Buy,2026-05-04 22:48:11.228582+00:00
1171,2354,3683,1,62000,Buy,2026-05-04 22:48:11.228582+00:00
1172,2355,4205,1,53000,Buy,2026-05-04 22:48:11.228582+00:00
1173,2356,3600,1,140000,Buy,2026-05-04 22:48:11.228582+00:00
1174,2357,3600,1,150000,Buy,2026-05-04 22:48:11.228582+00:00
1175,2358,3136,1,85000,Buy,2026-05-04 22:48:11.228582+00:00
1176,2359,3681,1,9600,Buy,2026-05-04 22:48:11.228582+00:00
1177,2360,3742,1,160000,Buy,2026-05-04 22:48:11.228582+00:00
1178,2361,4677,1,560000,Buy,2026-05-04 22:48:11.228582+00:00
1179,2362,2956,1,350000,Buy,2026-05-04 22:48:11.228582+00:00
1180,2363,3200,1,520000,Buy,2026-05-04 22:48:11.228582+00:00
1181,2364,3142,1,30000,Buy,2026-05-04 22:48:11.228582+00:00
1182,2365,3001,1,32000,Buy,2026-05-04 22:48:11.228582+00:00
1183,2366,3329,1,170000,Buy,2026-05-04 22:48:11.228582+00:00
1184,2367,3600,1,132000,Buy,2026-05-04 22:48:11.228582+00:00
1185,2368,3522,1,117000,Buy,2026-05-04 22:48:11.228582+00:00
1186,2369,3436,1,115000,Buy,2026-05-04 22:48:11.228582+00:00
1187,2370,5297,0,,N/A,2026-05-04 22:48:11.228582+00:00
1188,2371,5367,0,,N/A,2026-05-04 22:48:11.228582+00:00
1189,2372,3438,1,70000,Buy,2026-05-04 22:48:11.228582+00:00
1190,2373,3159,0,,nr,2026-05-04 22:48:11.228582+00:00
1191,2374,3318,1,49000,Buy,2026-05-04 22:48:11.228582+00:00
1192,2375,3275,1,7000,Buy,2026-05-04 22:48:11.228582+00:00
1193,2376,3385,1,4600,Buy,2026-05-04 22:48:11.228582+00:00
1194,2377,3106,1,27000,Buy,2026-05-04 22:48:11.228582+00:00
1195,2378,3438,1,60000,Buy,2026-05-04 22:48:11.228582+00:00
1196,2379,3731,1,200000,매수,2026-05-04 22:48:11.228582+00:00
1197,2380,3649,0,,Not Rated,2026-05-04 22:48:11.228582+00:00
1198,2381,4810,0,,Not Rated,2026-05-04 22:48:11.228582+00:00
1199,2382,3159,1,58500,매수,2026-05-04 22:48:11.228582+00:00
1200,2383,4706,1,57000,매수,2026-05-04 22:48:11.228582+00:00
1201,2384,3385,0,3700,Hold,2026-05-04 22:48:11.228582+00:00
1202,2385,5436,0,,Not Rated,2026-05-04 22:48:11.228582+00:00
1203,2386,4855,1,11000,Buy,2026-05-04 22:48:11.228582+00:00
1204,2387,3106,1,26000,Buy,2026-05-04 22:48:11.228582+00:00
1205,2388,3385,1,5250,Buy,2026-05-04 22:48:11.228582+00:00
1206,2389,4672,1,26000,Buy,2026-05-04 22:48:11.228582+00:00
1207,2390,3159,1,50000,Buy,2026-05-04 22:48:11.228582+00:00
1208,2391,4234,0,,N/A,2026-05-04 22:48:11.228582+00:00
1209,2392,3608,1,430000,Buy,2026-05-04 22:48:11.228582+00:00
1210,2393,3594,0,,N/A,2026-05-04 22:48:11.228582+00:00
1211,2394,3351,1,27000,Buy,2026-05-04 22:48:11.228582+00:00
1212,2395,3594,1,92000,매수,2026-05-04 22:48:11.228582+00:00
1213,2396,3608,1,450000,매수,2026-05-04 22:48:11.228582+00:00
1214,2397,3050,1,300000,매수,2026-05-04 22:48:11.228582+00:00
1215,2398,3608,1,410000,매수,2026-05-04 22:48:11.228582+00:00
1216,2399,3608,1,450000,Buy,2026-05-04 22:48:11.228582+00:00
1217,2400,3232,1,6200,Buy,2026-05-04 22:48:11.228582+00:00
1218,2401,3326,0,270000,Hold,2026-05-04 22:48:11.228582+00:00
1219,2402,3351,1,26000,Buy,2026-05-04 22:48:11.228582+00:00
1220,2403,4972,1,38000,Buy,2026-05-04 22:48:11.228582+00:00
1221,2404,2985,1,645000,Buy,2026-05-04 22:48:11.228582+00:00
1222,2405,3303,1,130000,Buy,2026-05-04 22:48:11.228582+00:00
1223,2406,3261,1,119000,Buy,2026-05-04 22:48:11.228582+00:00
1224,2407,3126,1,290000,Buy,2026-05-04 22:48:11.228582+00:00
1225,2408,3037,0,430000,Hold,2026-05-04 22:48:11.228582+00:00
1226,2409,3160,1,120000,Buy,2026-05-04 22:48:11.228582+00:00
1227,2410,3581,1,50000,Buy,2026-05-04 22:48:11.228582+00:00
1228,2411,3261,1,125000,Buy,2026-05-04 22:48:11.228582+00:00
1229,2412,3126,1,300000,Buy,2026-05-04 22:48:11.228582+00:00
1230,2413,2937,0,78000,Hold,2026-05-04 22:48:11.228582+00:00
1231,2414,3425,1,36000,Buy,2026-05-04 22:48:11.228582+00:00
1232,2415,3316,1,120000,Buy,2026-05-04 22:48:11.228582+00:00
1233,2416,3051,1,3300000,Buy,2026-05-04 22:48:11.228582+00:00
1234,2417,3126,1,290000,Buy,2026-05-04 22:48:11.228582+00:00
1235,2418,3316,1,120000,Buy,2026-05-04 22:48:11.228582+00:00
1236,2419,3160,1,120000,Buy,2026-05-04 22:48:11.228582+00:00
1237,2420,3581,1,43000,Buy,2026-05-04 22:48:11.228582+00:00
1238,2421,4439,0,,,2026-05-04 22:48:11.228582+00:00
1239,2422,3051,1,3300000,Buy,2026-05-04 22:48:11.228582+00:00
1240,2423,2956,1,320000,Buy,2026-05-04 22:48:11.228582+00:00
1241,2424,2985,1,565000,매수,2026-05-04 22:48:11.228582+00:00
1242,2425,3316,1,130000,매수,2026-05-04 22:48:11.228582+00:00
1243,2426,3036,1,300000,매수,2026-05-04 22:48:11.228582+00:00
1244,2427,3194,1,420000,매수,2026-05-04 22:48:11.228582+00:00
1245,2428,3051,1,3000000,매수,2026-05-04 22:48:11.228582+00:00
1246,2429,3316,1,120000,매수,2026-05-04 22:48:11.228582+00:00
1247,2430,3766,1,160000,매수,2026-05-04 22:48:11.228582+00:00
1248,2431,3051,1,3300000,매수,2026-05-04 22:48:11.228582+00:00
1249,2432,3581,1,43000,Buy,2026-05-04 22:48:11.228582+00:00
1250,2433,3710,1,200000,Buy,2026-05-04 22:48:11.228582+00:00
1251,2434,3367,1,1160000,Buy,2026-05-04 22:48:11.228582+00:00
1252,2435,3316,1,124000,Buy,2026-05-04 22:48:11.228582+00:00
1253,2436,3050,1,300000,Buy,2026-05-04 22:48:11.228582+00:00
1254,2437,3052,1,460000,Buy,2026-05-04 22:48:11.228582+00:00
1255,2438,3396,1,96000,Buy,2026-05-04 22:48:11.228582+00:00
1256,2439,3126,1,320000,Buy,2026-05-04 22:48:11.228582+00:00
1257,2440,3425,1,35000,Buy,2026-05-04 22:48:11.228582+00:00
1258,2441,3051,1,3500000,Buy,2026-05-04 22:48:11.228582+00:00
1259,2442,5265,1,130000,Buy,2026-05-04 22:48:11.228582+00:00
1260,2443,5297,0,,Not Rated,2026-05-04 22:48:11.228582+00:00
1261,2444,3701,1,1750000,Buy,2026-05-04 22:48:11.228582+00:00
1262,2445,3425,1,40000,Buy,2026-05-04 22:48:11.228582+00:00
1263,2446,3126,1,270000,Buy,2026-05-04 22:48:11.228582+00:00
1264,2447,3261,1,120000,Buy,2026-05-04 22:48:11.228582+00:00
1265,2448,2985,0,342000,Hold,2026-05-04 22:48:11.228582+00:00
1266,2449,3316,1,117000,Buy,2026-05-04 22:48:11.228582+00:00
1267,2450,3160,1,95000,Buy,2026-05-04 22:48:11.228582+00:00
1268,2451,3686,1,55000,Buy,2026-05-04 22:48:11.228582+00:00
1269,2452,3126,1,300000,Buy,2026-05-04 22:48:11.228582+00:00
1270,2453,3425,1,41000,Buy,2026-05-04 22:48:11.228582+00:00
1271,2454,3037,1,510000,Buy,2026-05-04 22:48:11.228582+00:00
1272,2455,2985,1,500000,Buy,2026-05-04 22:48:11.228582+00:00
1273,2456,3326,1,420000,Buy,2026-05-04 22:48:11.228582+00:00
1274,2457,3701,1,1900000,Buy,2026-05-04 22:48:11.228582+00:00
1275,2458,3036,0,220000,Hold,2026-05-04 22:48:11.228582+00:00
1276,2459,3259,1,370000,Buy,2026-05-04 22:48:11.228582+00:00
1277,2460,3719,1,650000,Buy,2026-05-04 22:48:11.228582+00:00
1278,2461,3550,1,490000,Buy,2026-05-04 22:48:11.228582+00:00
1279,2462,3701,1,2000000,Buy,2026-05-04 22:48:11.228582+00:00
1280,2463,3024,1,76000,Buy,2026-05-04 22:48:11.228582+00:00
1281,2464,2985,1,531000,Buy,2026-05-04 22:48:11.228582+00:00
1282,2465,3259,1,320000,Buy,2026-05-04 22:48:11.228582+00:00
1283,2466,3259,1,320000,Buy,2026-05-04 22:48:11.228582+00:00
1284,2467,3710,1,204000,Buy,2026-05-04 22:48:11.228582+00:00
1285,2468,3024,1,71000,Buy,2026-05-04 22:48:11.228582+00:00
1286,2469,3326,0,,,2026-05-04 22:48:11.228582+00:00
1287,2470,3036,0,,,2026-05-04 22:48:11.228582+00:00
1288,2471,2985,0,,,2026-05-04 22:48:11.228582+00:00
1289,2472,5402,1,25000,Buy,2026-05-04 22:48:11.228582+00:00
1290,2473,3710,1,240000,Buy,2026-05-04 22:48:11.228582+00:00
1291,2474,3367,1,1250000,Buy,2026-05-04 22:48:11.228582+00:00
1292,2475,3719,1,630000,매수,2026-05-04 22:48:11.228582+00:00
1293,2476,3036,1,236000,Trading Buy,2026-05-04 22:48:11.228582+00:00
1294,2477,2985,1,560000,매수,2026-05-04 22:48:11.228582+00:00
1295,2478,4834,1,46000,매수,2026-05-04 22:48:11.228582+00:00
1296,2479,3292,1,23000,매수,2026-05-04 22:48:11.228582+00:00
1297,2480,3367,1,1160000,Buy,2026-05-04 22:48:11.228582+00:00
1298,2481,3710,1,200000,Buy,2026-05-04 22:48:11.228582+00:00
1299,2482,2985,1,560000,Buy,2026-05-04 22:48:11.228582+00:00
1300,2483,3024,1,76000,Buy,2026-05-04 22:48:11.228582+00:00
1301,2484,3719,1,650000,Buy,2026-05-04 22:48:11.228582+00:00
1302,2485,3326,1,500000,Buy,2026-05-04 22:48:11.228582+00:00
1303,2486,3550,1,420000,Buy,2026-05-04 22:48:11.228582+00:00
1304,2487,3259,1,325000,Buy,2026-05-04 22:48:11.228582+00:00
1305,2488,3396,1,104000,Buy,2026-05-04 22:48:11.228582+00:00
1306,2489,3222,1,70000,Buy,2026-05-04 22:48:11.228582+00:00
1307,2490,3259,1,320000,Buy,2026-05-04 22:48:11.228582+00:00
1308,2491,4834,1,40000,Buy,2026-05-04 22:48:11.228582+00:00
1309,2492,4244,0,,Not Rated,2026-05-04 22:48:11.228582+00:00
1310,2493,3719,1,630000,Buy,2026-05-04 22:48:11.228582+00:00
1311,2494,3328,1,80000,Buy,2026-05-04 22:48:11.228582+00:00
1312,2495,2985,1,480000,Buy,2026-05-04 22:48:11.228582+00:00
1313,2496,3326,1,400000,Buy,2026-05-04 22:48:11.228582+00:00
1314,2497,3559,1,177000,Buy,2026-05-04 22:48:11.228582+00:00
1315,2498,4562,1,41000,Buy,2026-05-04 22:48:11.228582+00:00
1316,2499,3719,1,600000,Buy,2026-05-04 22:48:11.228582+00:00
1317,2500,3710,1,210000,Buy,2026-05-04 22:48:11.228582+00:00
1318,2501,3710,1,210000,Buy,2026-05-04 22:48:11.228582+00:00
1319,2502,3367,1,1170000,Buy,2026-05-04 22:48:11.228582+00:00
1320,2503,5000,1,165000,Buy,2026-05-04 22:48:11.228582+00:00
1321,2504,3024,1,88000,Buy,2026-05-04 22:48:11.228582+00:00
1322,2505,4464,0,,N/A,2026-05-04 22:48:11.228582+00:00
1323,2506,2954,1,240000,Buy,2026-05-04 22:48:11.228582+00:00
1324,2507,3038,0,,Not Rated,2026-05-04 22:48:11.228582+00:00
1325,2508,3114,1,390000,Buy,2026-05-04 22:48:11.228582+00:00
1326,2509,3292,1,22000,Buy,2026-05-04 22:48:11.228582+00:00
1327,2510,3488,1,590000,Buy,2026-05-04 22:48:11.228582+00:00
1328,2511,3325,0,230000,Hold,2026-05-04 22:48:11.228582+00:00
1329,2512,3235,0,120000,Hold,2026-05-04 22:48:11.228582+00:00
1330,2513,3006,0,26000,Hold,2026-05-04 22:48:11.228582+00:00
1331,2514,3731,1,180000,Buy,2026-05-04 22:48:11.228582+00:00
1332,2515,3235,1,150000,Buy,2026-05-04 22:48:11.228582+00:00
1333,2516,4439,1,280000,Buy,2026-05-04 22:48:11.228582+00:00
1334,2517,3731,1,190000,Buy,2026-05-04 22:48:11.228582+00:00
1335,2518,3488,1,560000,Buy,2026-05-04 22:48:11.228582+00:00
1336,2519,3421,1,750000,Buy,2026-05-04 22:48:11.228582+00:00
1337,2520,3283,1,17000,Buy,2026-05-04 22:48:11.228582+00:00
1338,2521,3033,1,42000,매수,2026-05-04 22:48:11.228582+00:00
1339,2522,3283,1,15000,매수,2026-05-04 22:48:11.228582+00:00
1340,2523,3731,1,200000,매수,2026-05-04 22:48:11.228582+00:00
1341,2524,3488,1,590000,매수,2026-05-04 22:48:11.228582+00:00
1342,2525,2988,1,580000,매수,2026-05-04 22:48:11.228582+00:00
1343,2526,3114,1,370000,매수,2026-05-04 22:48:11.228582+00:00
1344,2527,3291,1,165000,매수,2026-05-04 22:48:11.228582+00:00
1345,2528,3283,1,20000,매수,2026-05-04 22:48:11.228582+00:00
1346,2529,3488,1,600000,매수,2026-05-04 22:48:11.228582+00:00
1347,2530,3731,1,200000,매수,2026-05-04 22:48:11.228582+00:00
1348,2531,3114,1,350000,매수,2026-05-04 22:48:11.228582+00:00
1349,2532,3495,1,230000,Buy,2026-05-04 22:48:11.228582+00:00
1350,2533,3283,1,17000,Buy,2026-05-04 22:48:11.228582+00:00
1351,2534,3006,0,28000,Hold,2026-05-04 22:48:11.228582+00:00
1352,2535,3488,1,580000,Buy,2026-05-04 22:48:11.228582+00:00
1353,2536,3731,1,240000,Buy,2026-05-04 22:48:11.228582+00:00
1354,2537,3235,1,130000,Buy,2026-05-04 22:48:11.228582+00:00
1355,2538,3006,0,30000,Hold,2026-05-04 22:48:11.228582+00:00
1356,2539,3731,1,170000,Buy,2026-05-04 22:48:11.228582+00:00
1357,2540,3488,1,560000,Buy,2026-05-04 22:48:11.228582+00:00
1358,2541,3292,1,22000,Buy,2026-05-04 22:48:11.228582+00:00
1359,2542,3114,1,380000,Buy,2026-05-04 22:48:11.228582+00:00
1360,2543,3325,0,300000,Hold,2026-05-04 22:48:11.228582+00:00
1361,2544,3235,0,97000,Hold,2026-05-04 22:48:11.228582+00:00
1362,2545,3731,1,190000,Buy,2026-05-04 22:48:11.228582+00:00
1363,2546,3488,1,580000,Buy,2026-05-04 22:48:11.228582+00:00
1364,2547,3403,0,22000,Hold,2026-05-04 22:48:11.228582+00:00
1365,2548,5060,1,33000,Buy,2026-05-04 22:48:11.228582+00:00
1366,2549,4238,0,,Not Rated,2026-05-04 22:48:11.228582+00:00
1367,2550,3421,1,735000,Buy,2026-05-04 22:48:11.228582+00:00
1368,2551,2942,1,93000,Buy,2026-05-04 22:48:11.228582+00:00
1369,2552,3303,0,,N/A,2026-05-04 22:48:11.228582+00:00
1370,2553,3594,1,82000,Buy,2026-05-04 22:48:11.228582+00:00
1371,2554,3594,1,82000,Buy,2026-05-04 22:48:11.228582+00:00
1372,2555,3594,1,82000,Buy,2026-05-04 22:48:11.228582+00:00
1373,2556,3552,1,,Buy,2026-05-04 22:48:11.228582+00:00
1374,2557,3710,1,260000,매수,2026-05-04 22:48:11.228582+00:00
1375,2558,3367,1,1500000,매수,2026-05-04 22:48:11.228582+00:00
1376,2559,2942,1,91000,매수,2026-05-04 22:48:11.228582+00:00
1377,2560,3421,1,650000,매수,2026-05-04 22:48:11.228582+00:00
1378,2561,3421,1,640000,매수,2026-05-04 22:48:11.228582+00:00
1379,2562,4092,1,65000,Buy,2026-05-04 22:48:11.228582+00:00
1380,2563,3033,0,35000,Hold,2026-05-04 22:48:11.228582+00:00
1381,2564,2942,0,,nr,2026-05-04 22:48:11.228582+00:00
1382,2565,3421,1,700000,Buy,2026-05-04 22:48:11.228582+00:00
1383,2566,5030,1,24000,Buy,2026-05-04 22:48:11.228582+00:00
1384,2567,3232,1,6000,Buy,2026-05-04 22:48:11.228582+00:00
1385,2568,3016,1,430000,Buy,2026-05-04 22:48:11.228582+00:00
1386,2569,3215,1,340000,Buy,2026-05-04 22:48:11.228582+00:00
1387,2570,3092,1,81000,Buy,2026-05-04 22:48:11.228582+00:00
1388,2571,3578,0,,N/A,2026-05-04 22:48:11.228582+00:00
1389,2572,4540,0,,N/A,2026-05-04 22:48:11.228582+00:00
1390,2573,4607,0,,N/A,2026-05-04 22:48:11.228582+00:00
1391,2574,3578,1,130000,Buy,2026-05-04 22:48:11.228582+00:00
1392,2575,3170,1,68000,Buy,2026-05-04 22:48:11.228582+00:00
1393,2576,3215,1,330000,Buy,2026-05-04 22:48:11.228582+00:00
1394,2577,3211,1,168000,Buy,2026-05-04 22:48:11.228582+00:00
1395,2578,3200,1,450000,Buy,2026-05-04 22:48:11.228582+00:00
1396,2579,4924,0,,Not Rated,2026-05-04 22:48:11.228582+00:00
1397,2580,4462,0,,Not Rated,2026-05-04 22:48:11.228582+00:00
1398,2581,4421,0,,Not Rated,2026-05-04 22:48:11.228582+00:00
1399,2582,3495,1,200000,매수,2026-05-04 22:48:11.228582+00:00
1400,2583,3215,1,350000,매수,2026-05-04 22:48:11.228582+00:00
1401,2584,3092,1,72000,매수,2026-05-04 22:48:11.228582+00:00
1402,2585,3425,1,36000,매수,2026-05-04 22:48:11.228582+00:00
1403,2586,5060,1,35000,매수,2026-05-04 22:48:11.228582+00:00
1404,2587,3215,1,350000,매수,2026-05-04 22:48:11.228582+00:00
1405,2588,3495,1,220000,매수,2026-05-04 22:48:11.228582+00:00
1406,2589,2937,1,100000,매수,2026-05-04 22:48:11.228582+00:00
1407,2590,3613,1,95000,매수,2026-05-04 22:48:11.228582+00:00
1408,2591,3578,1,120000,Buy,2026-05-04 22:48:11.228582+00:00
1409,2592,3215,1,320000,Buy,2026-05-04 22:48:11.228582+00:00
1410,2593,3215,1,320000,Buy,2026-05-04 22:48:11.228582+00:00
1411,2594,3024,1,71000,Buy,2026-05-04 22:48:11.228582+00:00
1412,2595,5394,1,160000,Buy,2026-05-04 22:48:11.228582+00:00
1413,2596,3578,1,126000,Buy,2026-05-04 22:48:11.228582+00:00
1414,2597,4680,1,53000,Buy,2026-05-04 22:48:11.228582+00:00
1415,2598,3215,1,327000,Buy,2026-05-04 22:48:11.228582+00:00
1416,2599,3092,1,82000,Buy,2026-05-04 22:48:11.228582+00:00
1417,2600,3329,1,163000,Buy,2026-05-04 22:48:11.228582+00:00
1418,2601,4462,0,,Not Rated,2026-05-04 22:48:11.228582+00:00
1419,2602,3371,1,35000,Buy,2026-05-04 22:48:11.228582+00:00
1420,2603,3371,1,37000,Buy,2026-05-04 22:48:11.228582+00:00
1421,2604,4593,1,98000,Buy,2026-05-04 22:48:11.228582+00:00
1422,2605,3128,1,36000,Buy,2026-05-04 22:48:11.228582+00:00
1423,2606,3719,1,600000,Buy,2026-05-04 22:48:11.228582+00:00
1424,2607,3609,1,330000,Buy,2026-05-04 22:48:11.228582+00:00
1425,2608,3609,1,350000,Buy,2026-05-04 22:48:11.228582+00:00
1426,2609,3371,1,41000,Buy,2026-05-04 22:48:11.228582+00:00
1427,2610,3609,1,350000,Buy,2026-05-04 22:48:11.228582+00:00
1428,2611,3609,1,410000,매수,2026-05-04 22:48:11.228582+00:00
1429,2612,3609,1,330000,매수,2026-05-04 22:48:11.228582+00:00
1430,2613,4205,1,52000,매수,2026-05-04 22:48:11.228582+00:00
1431,2614,3060,1,145000,매수,2026-05-04 22:48:11.228582+00:00
1432,2615,3084,1,47000,Buy,2026-05-04 22:48:11.228582+00:00
1433,2616,3669,1,138000,Buy,2026-05-04 22:48:11.228582+00:00
1434,2617,3734,1,1200000,Buy,2026-05-04 22:48:11.228582+00:00
1435,2618,3000,1,22000,Buy,2026-05-04 22:48:11.228582+00:00
1436,2619,3371,1,40000,Buy,2026-05-04 22:48:11.228582+00:00
1437,2620,3609,1,350000,Buy,2026-05-04 22:48:11.228582+00:00
1438,2621,3136,1,85000,Buy,2026-05-04 22:48:11.228582+00:00
1439,2622,3425,1,40000,Buy,2026-05-04 22:48:11.228582+00:00
1440,2623,3371,1,35000,Buy,2026-05-04 22:48:11.228582+00:00
1441,2624,3336,1,50000,Buy,2026-05-04 22:48:11.228582+00:00
1442,2625,3371,1,38000,Buy,2026-05-04 22:48:11.228582+00:00
1443,2626,3112,1,11000,Buy,2026-05-04 22:48:11.228582+00:00
1444,2627,4612,1,170000,Buy,2026-05-04 22:48:11.228582+00:00
1445,2628,3609,1,360000,Buy,2026-05-04 22:48:11.228582+00:00
1446,2629,3259,1,320000,Buy,2026-05-04 22:48:11.228582+00:00
1447,2630,4292,0,,N/A,2026-05-04 22:48:11.228582+00:00
1448,2631,5394,1,150000,Buy,2026-05-04 22:48:11.228582+00:00
1449,2632,4715,0,,Not Rated,2026-05-04 22:48:11.228582+00:00
1450,2633,3039,1,70000,Buy,2026-05-04 22:48:11.228582+00:00
1451,2634,3594,1,82000,Buy,2026-05-04 22:48:11.228582+00:00
1452,2635,3291,1,161000,매수,2026-05-04 22:48:11.228582+00:00
1453,2636,3084,1,48000,매수,2026-05-04 22:48:11.228582+00:00
1454,2637,3051,1,3000000,매수,2026-05-04 22:48:11.228582+00:00
1455,2638,4834,1,42000,매수,2026-05-04 22:48:11.228582+00:00
1456,2639,5294,1,91000,Buy,2026-05-04 22:48:11.228582+00:00
1457,2640,3258,1,90000,Buy,2026-05-04 22:48:11.228582+00:00
1458,2641,2992,1,760000,Buy,2026-05-04 22:48:11.228582+00:00
1459,2642,4417,0,,N/A,2026-05-04 22:48:11.228582+00:00
1460,2643,4284,0,,N/A,2026-05-04 22:48:11.228582+00:00
1461,2644,5490,0,,Not Rated,2026-05-04 22:48:11.228582+00:00
1462,2645,4527,1,70000,Buy,2026-05-04 22:48:11.228582+00:00
1463,2646,3081,1,2300000,Buy,2026-05-04 22:48:11.228582+00:00
1464,2647,4092,0,,Not Rated,2026-05-04 22:48:11.228582+00:00
1465,2648,3034,1,9000,Buy,2026-05-04 22:48:11.228582+00:00
1466,2649,2969,1,10000,Buy,2026-05-04 22:48:11.228582+00:00
1467,2650,3024,1,68000,Buy,2026-05-04 22:48:11.228582+00:00
1468,2651,3291,1,150000,Buy,2026-05-04 22:48:11.228582+00:00
1469,2652,2992,1,780000,Buy,2026-05-04 22:48:11.228582+00:00
1470,2653,5163,1,20000,매수,2026-05-04 22:48:11.228582+00:00
1471,2654,3084,1,55000,매수,2026-05-04 22:48:11.228582+00:00
1472,2655,3084,1,55000,매수,2026-05-04 22:48:11.228582+00:00
1473,2656,3283,1,20000,매수,2026-05-04 22:48:11.228582+00:00
1474,2657,3719,1,650000,Buy,2026-05-04 22:48:11.228582+00:00
1475,2658,3117,1,86000,Buy,2026-05-04 22:48:11.228582+00:00
1476,2659,3488,1,580000,Buy,2026-05-04 22:48:11.228582+00:00
1477,2660,3731,1,240000,Buy,2026-05-04 22:48:11.228582+00:00
1478,2661,3081,1,2200000,Buy,2026-05-04 22:48:11.228582+00:00
1479,2662,3259,1,325000,Buy,2026-05-04 22:48:11.228582+00:00
1480,2663,4337,1,10000,Buy,2026-05-04 22:48:11.228582+00:00
1481,2664,3595,1,350000,Buy,2026-05-04 22:48:11.228582+00:00
1482,2665,3303,1,110000,Buy,2026-05-04 22:48:11.228582+00:00
1483,2666,3303,1,110000,Buy,2026-05-04 22:48:11.228582+00:00
1484,2667,3385,0,3700,Hold,2026-05-04 22:48:11.228582+00:00
1485,2668,3102,1,640000,Buy,2026-05-04 22:48:11.228582+00:00
1486,2669,3259,1,320000,Buy,2026-05-04 22:48:11.228582+00:00
1487,2670,3062,1,10000,Buy,2026-05-04 22:48:11.228582+00:00
1488,2671,4525,0,,N/A,2026-05-04 22:48:11.228582+00:00
1489,2672,3202,1,31000,Buy,2026-05-04 22:48:11.228582+00:00
1490,2673,3425,1,40000,Buy,2026-05-04 22:48:11.228582+00:00
1491,2674,3043,1,146000,Buy,2026-05-04 22:48:11.228582+00:00
1492,2675,5014,1,45000,Buy,2026-05-04 22:48:11.228582+00:00
1493,2676,3126,1,290000,Buy,2026-05-04 22:48:11.228582+00:00
1494,2677,4244,0,,Not Rated,2026-05-04 22:48:11.228582+00:00
1495,2678,3391,1,20000,Buy,2026-05-04 22:48:11.228582+00:00
1496,2679,3148,1,15000,Buy,2026-05-04 22:48:11.228582+00:00
1497,2680,3164,1,72000,매수,2026-05-04 22:48:11.228582+00:00
1498,2681,3114,1,350000,매수,2026-05-04 22:48:11.228582+00:00
1499,2682,5409,1,7700,매수,2026-05-04 22:48:11.228582+00:00
1500,2683,3051,1,2900000,매수,2026-05-04 22:48:11.228582+00:00
1501,2684,3176,1,520000,Buy,2026-05-04 22:48:11.228582+00:00
1502,2685,3887,0,,nr,2026-05-04 22:48:11.228582+00:00
1503,2686,4562,1,38500,Buy,2026-05-04 22:48:11.228582+00:00
1504,2687,3691,1,98000,Buy,2026-05-04 22:48:11.228582+00:00
1505,2688,3367,1,990000,Buy,2026-05-04 22:48:11.228582+00:00
1506,2689,4855,1,90000,Buy,2026-05-04 22:48:11.228582+00:00
1507,2690,3493,1,80000,Buy,2026-05-04 22:48:11.228582+00:00
1508,2691,5297,0,,Not Rated,2026-05-04 22:48:11.228582+00:00
1509,2692,5394,1,150000,Buy,2026-05-04 22:48:11.228582+00:00
1510,2693,3117,1,80000,Buy,2026-05-04 22:48:11.228582+00:00
1511,2694,3767,1,122000,Buy,2026-05-04 22:48:11.228582+00:00
1512,2695,3176,1,540000,Buy,2026-05-04 22:48:11.228582+00:00
1513,2696,3176,1,570000,Buy,2026-05-04 22:48:11.228582+00:00
1514,2697,3214,1,142000,Buy,2026-05-04 22:48:11.228582+00:00
1515,2698,2954,1,270000,매수,2026-05-04 22:48:11.228582+00:00
1516,2699,2953,1,24000,매수,2026-05-04 22:48:11.228582+00:00
1517,2700,3252,1,32000,매수,2026-05-04 22:48:11.228582+00:00
1518,2701,2950,1,180000,매수,2026-05-04 22:48:11.228582+00:00
1519,2702,5081,1,72000,매수,2026-05-04 22:48:11.228582+00:00
1520,2703,3891,0,,nr,2026-05-04 22:48:11.228582+00:00
1521,2704,4231,1,70000,Buy,2026-05-04 22:48:11.228582+00:00
1522,2705,3495,1,200000,Buy,2026-05-04 22:48:11.228582+00:00
1523,2706,3741,1,526000,Buy,2026-05-04 22:48:11.228582+00:00
1524,2707,3326,0,336000,Hold,2026-05-04 22:48:11.228582+00:00
1525,2708,5236,1,30000,Buy,2026-05-04 22:48:11.228582+00:00
1526,2709,3225,1,70000,Buy,2026-05-04 22:48:11.228582+00:00
1527,2710,4854,1,18000,Buy,2026-05-04 22:48:11.228582+00:00
1528,2711,3232,1,5600,Buy,2026-05-04 22:48:11.228582+00:00
1529,2712,2992,1,850000,Buy,2026-05-04 22:48:11.228582+00:00
1530,2713,3011,1,54000,Buy,2026-05-04 22:48:11.228582+00:00
1531,2714,3605,1,26000,Buy,2026-05-04 22:48:11.228582+00:00
1532,2715,3235,0,120000,Hold,2026-05-04 22:48:11.228582+00:00
1533,2716,3326,1,420000,Buy,2026-05-04 22:48:11.228582+00:00
1534,2717,3288,0,22000,Hold,2026-05-04 22:48:11.228582+00:00
1535,2718,2954,1,270000,Buy,2026-05-04 22:48:11.228582+00:00
1536,2719,3204,0,,Not Rated,2026-05-04 22:48:11.228582+00:00
1537,2720,3204,0,,Not Rated,2026-05-04 22:48:11.228582+00:00
1538,2721,3351,1,26000,Buy,2026-05-04 22:48:11.228582+00:00
1539,2722,4517,1,65000,Buy,2026-05-04 22:48:11.228582+00:00
1540,2723,5440,1,90000,Buy,2026-05-04 22:48:11.228582+00:00
1541,2724,3072,0,,N/A,2026-05-04 22:48:11.228582+00:00
1542,2725,3106,1,25000,Buy,2026-05-04 22:48:11.228582+00:00
1543,2726,3024,1,67000,Buy,2026-05-04 22:48:11.228582+00:00
1544,2727,3316,1,140000,Buy,2026-05-04 22:48:11.228582+00:00
1545,2728,3425,1,36000,Buy,2026-05-04 22:48:11.228582+00:00
1546,2729,3135,1,90000,매수,2026-05-04 22:48:11.228582+00:00
1547,2730,3594,1,92000,매수,2026-05-04 22:48:11.228582+00:00
1548,2731,4236,0,,Not Rated,2026-05-04 22:48:11.228582+00:00
1549,2732,4218,1,57000,매수,2026-05-04 22:48:11.228582+00:00
1550,2733,3327,1,5400,매수,2026-05-04 22:48:11.228582+00:00
1551,2734,3701,1,1670000,매수,2026-05-04 22:48:11.228582+00:00
1552,2735,3340,1,170000,매수,2026-05-04 22:48:11.228582+00:00
1553,2736,3686,1,42000,Buy,2026-05-04 22:48:11.228582+00:00
1554,2737,3421,1,670000,Buy,2026-05-04 22:48:11.228582+00:00
1555,2738,3732,1,185000,Buy,2026-05-04 22:48:11.228582+00:00
1556,2739,3328,1,70000,Buy,2026-05-04 22:48:11.228582+00:00
1557,2740,3016,1,420000,Buy,2026-05-04 22:48:11.228582+00:00
1558,2741,3073,1,145000,Buy,2026-05-04 22:48:11.228582+00:00
1559,2742,3075,1,1150000,Buy,2026-05-04 22:48:11.228582+00:00
1560,2743,3600,1,140000,Buy,2026-05-04 22:48:11.228582+00:00
1561,2744,3327,1,5500,Buy,2026-05-04 22:48:11.228582+00:00
1562,2745,4819,1,100000,Buy,2026-05-04 22:48:11.228582+00:00
1563,2746,3764,1,28000,Buy,2026-05-04 22:48:11.228582+00:00
1564,2747,2997,1,44000,Buy,2026-05-04 22:48:11.228582+00:00
1565,2748,3024,1,62000,Buy,2026-05-04 22:48:11.228582+00:00
1566,2749,3092,1,73000,Buy,2026-05-04 22:48:11.228582+00:00
1567,2750,3425,1,39000,Buy,2026-05-04 22:48:11.228582+00:00
1568,2751,3764,1,27000,Buy,2026-05-04 22:48:11.228582+00:00
1569,2752,3731,1,220000,Buy,2026-05-04 22:48:11.228582+00:00
1570,2753,3164,1,59000,Buy,2026-05-04 22:48:11.228582+00:00
1571,2754,3734,1,1200000,Buy,2026-05-04 22:48:11.228582+00:00
1572,2755,3764,1,29000,Buy,2026-05-04 22:48:11.228582+00:00
1573,2756,3329,1,180000,Buy,2026-05-04 22:48:11.228582+00:00
1574,2757,3481,1,69000,매수,2026-05-04 22:48:11.228582+00:00
1575,2758,3349,1,63000,매수,2026-05-04 22:48:11.228582+00:00
1576,2759,4563,1,150000,매수,2026-05-04 22:48:11.228582+00:00
1577,2760,4231,1,65000,매수,2026-05-04 22:48:11.228582+00:00
1578,2761,3340,1,190000,Buy,2026-05-04 22:48:11.228582+00:00
1579,2762,3231,1,300000,Buy,2026-05-04 22:48:11.228582+00:00
1580,2763,3069,1,160000,Buy,2026-05-04 22:48:11.228582+00:00
1581,2764,3419,1,520000,Buy,2026-05-04 22:48:11.228582+00:00
1582,2765,3651,1,550000,Buy,2026-05-04 22:48:11.228582+00:00
1583,2766,3510,1,63000,Buy,2026-05-04 22:48:11.228582+00:00
1584,2767,3742,1,150000,Buy,2026-05-04 22:48:11.228582+00:00
1585,2768,3196,1,25000,Buy,2026-05-04 22:48:11.228582+00:00
1586,2769,3750,1,31000,Buy,2026-05-04 22:48:11.228582+00:00
1587,2770,3613,1,100000,Buy,2026-05-04 22:48:11.228582+00:00
1588,2771,3701,1,1800000,Buy,2026-05-04 22:48:11.228582+00:00
1589,2772,5307,1,35000,Buy,2026-05-04 22:48:11.228582+00:00
1590,2773,3251,1,150000,Buy,2026-05-04 22:48:11.228582+00:00
1591,2774,3192,1,150000,Buy,2026-05-04 22:48:11.228582+00:00
1592,2775,3023,1,150000,Buy,2026-05-04 22:48:11.228582+00:00
1593,2776,3329,1,170000,Buy,2026-05-04 22:48:11.228582+00:00
1594,2777,4206,0,,N/A,2026-05-04 22:48:11.228582+00:00
1595,2778,3600,1,126000,Buy,2026-05-04 22:48:11.228582+00:00
1596,2779,3578,1,110000,Buy,2026-05-04 22:48:11.228582+00:00
1597,2780,3219,0,16400,Hold,2026-05-04 22:48:11.228582+00:00
1598,2781,3024,1,60000,Buy,2026-05-04 22:48:11.228582+00:00
1599,2782,3349,1,67000,Buy,2026-05-04 22:48:11.228582+00:00
1600,2783,3481,1,67500,Buy,2026-05-04 22:48:11.228582+00:00
1601,2784,3340,0,,N/A,2026-05-04 22:48:11.228582+00:00
1602,2785,3209,1,360000,Buy,2026-05-04 22:48:11.228582+00:00
1603,2786,4136,0,,Not Rated,2026-05-04 22:48:11.228582+00:00
1604,2787,3669,1,165000,Buy,2026-05-04 22:48:11.228582+00:00
1605,2788,3669,0,,N/A,2026-05-04 22:48:11.228582+00:00
1606,2789,3204,1,120000,매수,2026-05-04 22:48:11.228582+00:00
1607,2790,3068,1,87000,매수,2026-05-04 22:48:11.228582+00:00
1608,2791,3209,1,360000,매수,2026-05-04 22:48:11.228582+00:00
1609,2792,3719,1,550000,매수,2026-05-04 22:48:11.228582+00:00
1610,2793,3436,1,107000,매수,2026-05-04 22:48:11.228582+00:00
1611,2794,3219,1,19000,매수,2026-05-04 22:48:11.228582+00:00
1612,2795,4819,1,100000,매수,2026-05-04 22:48:11.228582+00:00
1613,2796,4412,1,28000,매수,2026-05-04 22:48:11.228582+00:00
1614,2797,5394,1,150000,매수,2026-05-04 22:48:11.228582+00:00
1615,2798,3371,1,35000,매수,2026-05-04 22:48:11.228582+00:00
1616,2799,5548,1,35000,매수,2026-05-04 22:48:11.228582+00:00
1617,2800,3011,1,58000,매수,2026-05-04 22:48:11.228582+00:00
1618,2801,3051,1,2820000,Buy,2026-05-04 22:48:11.228582+00:00
1619,2802,3126,1,290000,Buy,2026-05-04 22:48:11.228582+00:00
1620,2803,3016,1,430000,Buy,2026-05-04 22:48:11.228582+00:00
1621,2804,2985,0,351000,Hold,2026-05-04 22:48:11.228582+00:00
1622,2805,2971,0,73100,Not Rated,2026-05-04 22:48:11.228582+00:00
1623,2806,3340,1,180000,Buy,2026-05-04 22:48:11.228582+00:00
1624,2807,3231,0,210000,Hold,2026-05-04 22:48:11.228582+00:00
1625,2808,3036,0,180000,Hold,2026-05-04 22:48:11.228582+00:00
1626,2809,4424,0,140000,Hold,2026-05-04 22:48:11.228582+00:00
1627,2810,2957,1,180000,Buy,2026-05-04 22:48:11.228582+00:00
1628,2811,5394,1,150000,Buy,2026-05-04 22:48:11.228582+00:00
1629,2812,3016,1,420000,Buy,2026-05-04 22:48:11.228582+00:00
1630,2813,3481,1,71000,Buy,2026-05-04 22:48:11.228582+00:00
1631,2814,3595,1,320000,Buy,2026-05-04 22:48:11.228582+00:00
1632,2815,3303,1,100000,Buy,2026-05-04 22:48:11.228582+00:00
1633,2816,3595,1,310000,Buy,2026-05-04 22:48:11.228582+00:00
1634,2817,4777,1,58000,Buy,2026-05-04 22:48:11.228582+00:00
1635,2818,3609,1,350000,Buy,2026-05-04 22:48:11.228582+00:00
1636,2819,5221,1,16000,Buy,2026-05-04 22:48:11.228582+00:00
1637,2820,2992,1,860000,매수,2026-05-04 22:48:11.228582+00:00
1638,2821,3329,1,175000,매수,2026-05-04 22:48:11.228582+00:00
1639,2822,3329,1,175000,매수,2026-05-04 22:48:11.228582+00:00
1640,2823,3425,1,38000,매수,2026-05-04 22:48:11.228582+00:00
1641,2824,4232,0,,Not Rated,2026-05-04 22:48:11.228582+00:00
1642,2825,5224,1,13000,매수,2026-05-04 22:48:11.228582+00:00
1643,2826,3251,1,150000,매수,2026-05-04 22:48:11.228582+00:00
1644,2827,3481,1,64000,매수,2026-05-04 22:48:11.228582+00:00
1645,2828,3016,1,420000,매수,2026-05-04 22:48:11.228582+00:00
1646,2829,3077,1,67000,Buy,2026-05-04 22:48:11.228582+00:00
1647,2830,3381,1,110000,Buy,2026-05-04 22:48:11.228582+00:00
1648,2831,3084,1,57000,Buy,2026-05-04 22:48:11.228582+00:00
1649,2832,3579,1,1520000,Buy,2026-05-04 22:48:11.228582+00:00
1650,2833,3651,1,53000,Buy,2026-05-04 22:48:11.228582+00:00
1651,2834,4626,0,,Not Rated,2026-05-04 22:48:11.228582+00:00
1652,2835,5106,0,,Not Rated,2026-05-04 22:48:11.228582+00:00
1653,2836,3600,1,120000,Buy,2026-05-04 22:48:11.228582+00:00
1654,2837,3011,0,460000,Hold,2026-05-04 22:48:11.228582+00:00
1655,2838,4337,0,,N/A,2026-05-04 22:48:11.228582+00:00
1656,2839,3418,1,3800,Buy,2026-05-04 22:48:11.228582+00:00
1657,2840,3016,1,410000,Buy,2026-05-04 22:48:11.228582+00:00
1658,2841,3185,1,3600,Buy,2026-05-04 22:48:11.228582+00:00
1659,2842,3183,0,176000,Hold,2026-05-04 22:48:11.228582+00:00
1660,2843,3508,1,310000,Buy,2026-05-04 22:48:11.228582+00:00
1661,2844,3072,1,69000,Buy,2026-05-04 22:48:11.228582+00:00
1662,2845,3291,1,160000,Buy,2026-05-04 22:48:11.228582+00:00
1663,2846,3767,1,120000,Buy,2026-05-04 22:48:11.228582+00:00
1664,2847,3298,1,300000,매수,2026-05-04 22:48:11.228582+00:00
1665,2848,3072,1,79000,매수,2026-05-04 22:48:11.228582+00:00
1666,2849,4617,1,100000,매수,2026-05-04 22:48:11.228582+00:00
1667,2850,3488,1,485000,Buy,2026-05-04 22:48:11.228582+00:00
1668,2851,3605,1,24000,Buy,2026-05-04 22:48:11.228582+00:00
1669,2852,4099,0,,N/A,2026-05-04 22:48:11.228582+00:00
1670,2853,3925,0,,N/A,2026-05-04 22:48:11.228582+00:00
1671,2854,2985,1,500000,Buy,2026-05-04 22:48:11.228582+00:00
1672,2855,3329,1,165000,Buy,2026-05-04 22:48:11.228582+00:00
1673,2856,3742,0,,N/A,2026-05-04 22:48:11.228582+00:00
1674,2857,3214,0,,Not Rated,2026-05-04 22:48:11.228582+00:00
1675,2858,3329,1,160000,Buy,2026-05-04 22:48:11.228582+00:00
1676,2859,3316,0,,N/A,2026-05-04 22:48:11.228582+00:00
1677,2860,4400,1,6500,Buy,2026-05-04 22:48:11.228582+00:00
1678,2861,2951,0,43000,Hold,2026-05-04 22:48:11.228582+00:00
1679,2862,2999,1,300000,Buy,2026-05-04 22:48:11.228582+00:00
1680,2863,3329,1,179000,Buy,2026-05-04 22:48:11.228582+00:00
1681,2864,3425,1,34000,Buy,2026-05-04 22:48:11.228582+00:00
1682,2865,3328,1,66000,Buy,2026-05-04 22:48:11.228582+00:00
1683,2866,3345,1,220000,Buy,2026-05-04 22:48:11.228582+00:00
1684,2867,3068,1,81000,Buy,2026-05-04 22:48:11.228582+00:00
1685,2868,3298,1,300000,Buy,2026-05-04 22:48:11.228582+00:00
1686,2869,3005,1,90000,매수,2026-05-04 22:48:11.228582+00:00
1687,2870,2956,1,320000,매수,2026-05-04 22:48:11.228582+00:00
1688,2871,3080,1,71000,Buy,2026-05-04 22:48:11.228582+00:00
1689,2872,4633,1,360000,Buy,2026-05-04 22:48:11.228582+00:00
1690,2873,3051,1,2820000,Buy,2026-05-04 22:48:11.228582+00:00
1691,2874,3731,1,155000,Buy,2026-05-04 22:48:11.228582+00:00
1692,2875,3316,1,110000,Buy,2026-05-04 22:48:11.228582+00:00
1693,2876,3751,1,115000,Buy,2026-05-04 22:48:11.228582+00:00
1694,2877,4923,0,,nr,2026-05-04 22:48:11.228582+00:00
1695,2878,3382,0,,nr,2026-05-04 22:48:11.228582+00:00
1696,2879,4043,0,,nr,2026-05-04 22:48:11.228582+00:00
1697,2880,3963,0,,nr,2026-05-04 22:48:11.228582+00:00
1698,2881,3371,1,35000,Buy,2026-05-04 22:48:11.228582+00:00
1699,2882,2985,1,410000,Buy,2026-05-04 22:48:11.228582+00:00
1700,2883,3068,1,74000,Buy,2026-05-04 22:48:11.228582+00:00
1701,2884,5031,1,75000,Buy,2026-05-04 22:48:11.228582+00:00
1702,2885,4923,1,26000,Buy,2026-05-04 22:48:11.228582+00:00
1703,2886,3209,1,340000,Buy,2026-05-04 22:48:11.228582+00:00
1704,2887,3005,1,94000,Buy,2026-05-04 22:48:11.228582+00:00
1705,2888,4291,0,,Not Rated,2026-05-04 22:48:11.228582+00:00
1706,2889,4643,0,,Not Rated,2026-05-04 22:48:11.228582+00:00
1707,2890,5394,1,140000,Buy,2026-05-04 22:48:11.228582+00:00
1708,2891,3425,1,39000,Buy,2026-05-04 22:48:11.228582+00:00
1709,2892,3298,0,183000,Hold,2026-05-04 22:48:11.228582+00:00
1710,2893,3209,1,410000,Buy,2026-05-04 22:48:11.228582+00:00
1711,2894,3075,1,1100000,Buy,2026-05-04 22:48:11.228582+00:00
1712,2895,4499,1,10300,매수,2026-05-04 22:48:11.228582+00:00
1713,2896,3710,1,180000,매수,2026-05-04 22:48:11.228582+00:00
1714,2897,4834,1,40000,Buy,2026-05-04 22:48:11.228582+00:00
1715,2898,2956,1,340000,Buy,2026-05-04 22:48:11.228582+00:00
1716,2899,3122,1,250000,Buy,2026-05-04 22:48:11.228582+00:00
1717,2900,3767,1,123000,Buy,2026-05-04 22:48:11.228582+00:00
1718,2901,3710,1,180000,Buy,2026-05-04 22:48:11.228582+00:00
1719,2902,3081,1,2200000,Buy,2026-05-04 22:48:11.228582+00:00
1720,2903,3298,1,280000,Buy,2026-05-04 22:48:11.228582+00:00
1721,2904,2999,1,390000,Buy,2026-05-04 22:48:11.228582+00:00
1722,2905,3710,1,180000,Buy,2026-05-04 22:48:11.228582+00:00
1723,2906,2956,1,330000,Buy,2026-05-04 22:48:11.228582+00:00
1724,2907,3550,1,490000,Buy,2026-05-04 22:48:11.228582+00:00
1725,2908,3710,0,,N/A,2026-05-04 22:48:11.228582+00:00
1726,2909,2967,0,21000,N/A,2026-05-04 22:48:11.228582+00:00
1727,2910,3581,1,43000,Buy,2026-05-04 22:48:11.228582+00:00
1728,2911,3081,1,2100000,Buy,2026-05-04 22:48:11.228582+00:00
1729,2912,5440,1,86000,Buy,2026-05-04 22:48:11.228582+00:00
1730,2913,3349,1,74000,Buy,2026-05-04 22:48:11.228582+00:00
1731,2914,2999,1,330000,매수,2026-05-04 22:48:11.228582+00:00
1732,2915,3578,1,110000,Buy,2026-05-04 22:48:11.228582+00:00
1733,2916,3235,0,117000,Hold,2026-05-04 22:48:11.228582+00:00
1734,2917,3326,1,500000,Buy,2026-05-04 22:48:11.228582+00:00
1735,2918,3436,1,110000,Buy,2026-05-04 22:48:11.228582+00:00
1736,2919,3559,1,170000,Buy,2026-05-04 22:48:11.228582+00:00
1737,2920,3683,1,62000,Buy,2026-05-04 22:48:11.228582+00:00
1738,2921,3277,1,100000,Buy,2026-05-04 22:48:11.228582+00:00
1739,2922,3721,0,30500,Hold,2026-05-04 22:48:11.228582+00:00
1740,2923,3050,1,240000,Buy,2026-05-04 22:48:11.228582+00:00
1741,2924,3356,1,340000,Buy,2026-05-04 22:48:11.228582+00:00
1742,2925,3052,1,300000,Buy,2026-05-04 22:48:11.228582+00:00
1743,2926,3719,1,420000,Buy,2026-05-04 22:48:11.228582+00:00
1744,2927,4677,1,700000,Buy,2026-05-04 22:48:11.228582+00:00
1745,2928,3011,1,48000,Buy,2026-05-04 22:48:11.228582+00:00
1746,2929,3072,1,80000,Buy,2026-05-04 22:48:11.228582+00:00
1747,2930,2985,1,500000,Buy,2026-05-04 22:48:11.228582+00:00
1748,2931,3608,1,350000,Buy,2026-05-04 22:48:11.228582+00:00
1749,2932,3371,1,32000,Buy,2026-05-04 22:48:11.228582+00:00
1750,2933,3764,1,29000,Buy,2026-05-04 22:48:11.228582+00:00
1751,2934,3043,1,156000,Buy,2026-05-04 22:48:11.228582+00:00
1752,2935,3298,1,310000,Buy,2026-05-04 22:48:11.228582+00:00
1753,2936,3081,1,2100000,Buy,2026-05-04 22:48:11.228582+00:00
1754,2937,3349,1,65000,Buy,2026-05-04 22:48:11.228582+00:00
1755,2938,3550,1,380000,Buy,2026-05-04 22:48:11.228582+00:00
1756,2939,2992,1,720000,Buy,2026-05-04 22:48:11.228582+00:00
1757,2940,3341,1,600000,Buy,2026-05-04 22:48:11.228582+00:00
1758,2941,4282,1,85000,Buy,2026-05-04 22:48:11.228582+00:00
1759,2942,4311,0,16000,Hold,2026-05-04 22:48:11.228582+00:00
1760,2943,3068,1,75000,Buy,2026-05-04 22:48:11.228582+00:00
1761,2944,3308,1,24000,매수,2026-05-04 22:48:11.228582+00:00
1762,2945,3066,1,150000,매수,2026-05-04 22:48:11.228582+00:00
1763,2946,3767,1,120000,Buy,2026-05-04 22:48:11.228582+00:00
1764,2947,3710,1,170000,Buy,2026-05-04 22:48:11.228582+00:00
1765,2948,3701,1,1750000,Buy,2026-05-04 22:48:11.228582+00:00
1766,2949,3421,1,630000,Buy,2026-05-04 22:48:11.228582+00:00
1767,2950,4144,0,,N/A,2026-05-04 22:48:11.228582+00:00
1768,2951,4625,0,,Not Rated,2026-05-04 22:48:11.228582+00:00
1769,2952,4148,0,,Not Rated,2026-05-04 22:48:11.228582+00:00
1770,2953,3594,1,60000,Buy,2026-05-04 22:48:11.228582+00:00
1771,2954,5429,0,,Not Rated,2026-05-04 22:48:11.228582+00:00
1772,2955,4148,1,14000,Buy,2026-05-04 22:48:11.228582+00:00
1773,2956,3128,1,45000,Buy,2026-05-04 22:48:11.228582+00:00
1774,2957,2950,1,215000,Buy,2026-05-04 22:48:11.228582+00:00
1775,2958,4703,1,70000,Buy,2026-05-04 22:48:11.228582+00:00
1776,2959,4641,1,330000,매수,2026-05-04 22:48:11.228582+00:00
1777,2960,3710,1,150000,Buy,2026-05-04 22:48:11.228582+00:00
1778,2961,3367,1,750000,Buy,2026-05-04 22:48:11.228582+00:00
1779,2962,3367,1,750000,Buy,2026-05-04 22:48:11.228582+00:00
1780,2963,3057,1,250000,Buy,2026-05-04 22:48:11.228582+00:00
1781,2964,3581,1,50000,Buy,2026-05-04 22:48:11.228582+00:00
1782,2965,3550,1,440000,Buy,2026-05-04 22:48:11.228582+00:00
1783,2966,3083,1,8000,Buy,2026-05-04 22:48:11.228582+00:00
1784,2967,3201,1,120000,Buy,2026-05-04 22:48:11.228582+00:00
1785,2968,3206,1,18000,Buy,2026-05-04 22:48:11.228582+00:00
1786,2969,4975,1,60000,Buy,2026-05-04 22:48:11.228582+00:00
1787,2970,3710,1,160000,Buy,2026-05-04 22:48:11.228582+00:00
1788,2971,3367,1,870000,Buy,2026-05-04 22:48:11.228582+00:00
1789,2972,3316,1,110000,Buy,2026-05-04 22:48:11.228582+00:00
1790,2973,3609,1,350000,Buy,2026-05-04 22:48:11.228582+00:00
1791,2974,4854,0,,nr,2026-05-04 22:48:11.228582+00:00
1792,2975,3964,0,,nr,2026-05-04 22:48:11.228582+00:00
1793,2976,4621,0,,nr,2026-05-04 22:48:11.228582+00:00
1794,2977,4593,0,,nr,2026-05-04 22:48:11.228582+00:00
1795,2978,3764,1,30000,Buy,2026-05-04 22:48:11.228582+00:00
1796,2979,4253,1,,매수,2026-05-04 22:48:11.228582+00:00
1797,2980,3049,0,25500,N/A,2026-05-04 22:48:11.228582+00:00
1798,2981,3194,1,330000,Buy,2026-05-04 22:48:11.228582+00:00
1799,2982,3733,1,215000,Buy,2026-05-04 22:48:11.228582+00:00
1800,2983,3621,1,250000,Buy,2026-05-04 22:48:11.228582+00:00
1801,2984,3864,0,,Not Rated,2026-05-04 22:48:11.228582+00:00
1802,2985,3734,1,,매수,2026-05-04 22:48:11.228582+00:00
1803,2986,4091,0,,nr,2026-05-04 22:48:11.228582+00:00
1804,2987,4205,1,53000,Buy,2026-05-04 22:48:11.228582+00:00
1805,2988,4142,0,,Not Rated,2026-05-04 22:48:11.228582+00:00
1806,2989,4180,0,,Not Rated,2026-05-04 22:48:11.228582+00:00
1807,2990,3829,0,,nr,2026-05-04 22:48:11.228582+00:00
1808,2991,3649,0,,nr,2026-05-04 22:48:11.228582+00:00
1809,2992,4036,0,,nr,2026-05-04 22:48:11.228582+00:00
1810,2993,3766,1,160000,매수,2026-05-04 22:48:11.228582+00:00
1811,2994,5385,0,,Not Rated,2026-05-04 22:48:11.228582+00:00
1812,2995,4214,0,,N/A,2026-05-04 22:48:11.228582+00:00
1813,2996,4351,0,,Not Rated,2026-05-04 22:48:11.228582+00:00
1814,2997,4136,0,,Not Rated,2026-05-04 22:48:11.228582+00:00
1815,2998,3219,0,18000,N/A,2026-05-04 22:48:11.228582+00:00
1816,2999,3069,1,160000,Buy,2026-05-04 22:48:11.228582+00:00
1817,3000,3092,1,,매수,2026-05-04 22:48:11.228582+00:00
1818,3001,3069,1,150000,Buy,2026-05-04 22:48:11.228582+00:00
1819,3002,5328,0,,Not Rated,2026-05-04 22:48:11.228582+00:00
1820,3003,3316,1,120000,Buy,2026-05-04 22:48:11.228582+00:00
1821,3004,4641,1,300000,Buy,2026-05-04 22:48:11.228582+00:00
1822,3005,4017,0,,nr,2026-05-04 22:48:11.228582+00:00
1823,3006,3215,1,350000,매수,2026-05-04 22:48:11.228582+00:00
1824,3007,4181,0,,nr,2026-05-04 22:48:11.228582+00:00
1825,3008,4680,0,,nr,2026-05-04 22:48:11.228582+00:00
1826,3009,3940,0,,Not Rated,2026-05-04 22:48:11.228582+00:00
1827,3010,5001,0,,Not Rated,2026-05-04 22:48:11.228582+00:00
1828,3011,5001,0,,Not Rated,2026-05-04 22:48:11.228582+00:00
1829,3012,4476,0,,Not Rated,2026-05-04 22:48:11.228582+00:00
1830,3013,3964,0,,Not Rated,2026-05-04 22:48:11.228582+00:00
1831,3014,5069,1,7800,Buy,2026-05-04 22:48:11.228582+00:00
1832,3015,4562,1,41000,매수,2026-05-04 22:48:11.228582+00:00
1833,3016,3194,1,340000,매수,2026-05-04 22:48:11.228582+00:00
1834,3017,3016,1,400000,Buy,2026-05-04 22:48:11.228582+00:00
1835,3018,4537,0,,,2026-05-04 22:48:11.228582+00:00
1836,3019,3187,1,70000,Buy,2026-05-04 22:48:11.228582+00:00
1837,3020,3215,1,350000,Buy,2026-05-04 22:48:11.228582+00:00
1838,3021,3550,0,390000,N/A,2026-05-04 22:48:11.228582+00:00
1839,3022,3450,0,,nr,2026-05-04 22:48:11.228582+00:00
1840,3023,3011,1,52000,Buy,2026-05-04 22:48:11.228582+00:00
1841,3024,3970,0,,Not Rated,2026-05-04 22:48:11.228582+00:00
1842,3025,4476,0,,nr,2026-05-04 22:48:11.228582+00:00
1843,3026,5278,0,,nr,2026-05-04 22:48:11.228582+00:00
1844,3027,3182,0,,nr,2026-05-04 22:48:11.228582+00:00
1845,3028,2942,0,,nr,2026-05-04 22:48:11.228582+00:00
1846,3029,3609,1,310000,Buy,2026-05-04 22:48:11.228582+00:00
1847,3030,3215,1,320000,Buy,2026-05-04 22:48:11.228582+00:00
1848,3031,3837,0,,Not Rated,2026-05-04 22:48:11.228582+00:00
1849,3032,5060,0,33000,N/A,2026-05-04 22:48:11.228582+00:00
1850,3033,3701,1,1800000,Buy,2026-05-04 22:48:11.228582+00:00
1851,3034,3734,1,1350000,Buy,2026-05-04 22:48:11.228582+00:00
1852,3035,3421,1,590000,Buy,2026-05-04 22:48:11.228582+00:00
1853,3036,3893,0,,nr,2026-05-04 22:48:11.228582+00:00
1854,3037,4055,0,,nr,2026-05-04 22:48:11.228582+00:00
1855,3038,3421,1,630000,Buy,2026-05-04 22:48:11.228582+00:00
1856,3040,3940,0,,Not Rated,2026-05-04 22:48:11.228582+00:00
1857,3041,3425,1,30000,Buy,2026-05-04 22:48:11.228582+00:00
1858,3042,3329,1,167000,Buy,2026-05-04 22:48:11.228582+00:00
1859,3043,2992,1,668000,Buy,2026-05-04 22:48:11.228582+00:00
1860,3044,3252,1,32000,Buy,2026-05-04 22:48:11.228582+00:00
1861,3045,4972,1,30000,Buy,2026-05-04 22:48:11.228582+00:00
1862,3046,5081,0,,nr,2026-05-04 22:48:11.228582+00:00
1863,3047,3192,0,,nr,2026-05-04 22:48:11.228582+00:00
1864,3048,3114,1,285000,Buy,2026-05-04 22:48:11.228582+00:00
1865,3049,3331,0,,nr,2026-05-04 22:48:11.228582+00:00
1866,3050,4423,0,,nr,2026-05-04 22:48:11.228582+00:00
1867,3051,3209,1,410000,Buy,2026-05-04 22:48:11.228582+00:00
1868,3052,3131,1,62000,Buy,2026-05-04 22:48:11.228582+00:00
1869,3053,4058,1,16000,Buy,2026-05-04 22:48:11.228582+00:00
1870,3054,3182,1,52000,Buy,2026-05-04 22:48:11.228582+00:00
1871,3055,3523,1,13000,매수,2026-05-04 22:48:11.228582+00:00
1872,3056,3335,1,15000,매수,2026-05-04 22:48:11.228582+00:00
1873,3057,2991,1,20000,매수,2026-05-04 22:48:11.228582+00:00
1874,3058,3078,1,9500,매수,2026-05-04 22:48:11.228582+00:00
1875,3059,4798,1,13000,Buy,2026-05-04 22:48:11.228582+00:00
1876,3060,3209,0,,N/A,2026-05-04 22:48:11.228582+00:00
1877,3061,5257,1,20000,Buy,2026-05-04 22:48:11.228582+00:00
1878,3062,3033,1,38500,매수,2026-05-04 22:48:11.228582+00:00
1879,3063,3331,1,92000,Outperform,2026-05-04 22:48:11.228582+00:00
1880,3064,3192,1,110000,매수,2026-05-04 22:48:11.228582+00:00
1881,3065,4567,1,30000,매수,2026-05-04 22:48:11.228582+00:00
1882,3066,3758,1,29000,매수,2026-05-04 22:48:11.228582+00:00
1883,3067,2942,1,80000,Buy,2026-05-04 22:48:11.228582+00:00
1884,3068,3069,1,160000,Buy,2026-05-04 22:48:11.228582+00:00
1885,3069,3701,1,1800000,Buy,2026-05-04 22:48:11.228582+00:00
1886,3070,3340,1,175000,Buy,2026-05-04 22:48:11.228582+00:00
1887,3071,4157,1,47000,Buy,2026-05-04 22:48:11.228582+00:00
1888,3072,3055,1,30000,Strong Buy,2026-05-04 22:48:11.228582+00:00
1889,3073,3719,1,340000,Buy,2026-05-04 22:48:11.228582+00:00
1890,3074,3488,1,370000,Buy,2026-05-04 22:48:11.228582+00:00
1891,3075,3117,1,50000,Buy,2026-05-04 22:48:11.228582+00:00
1892,3076,3731,1,150000,Buy,2026-05-04 22:48:11.228582+00:00
1893,3077,4881,1,7900,Buy,2026-05-04 22:48:11.228582+00:00
1894,3078,4161,1,35000,Buy,2026-05-04 22:48:11.228582+00:00
1895,3079,2953,1,28000,Buy,2026-05-04 22:48:11.228582+00:00
1896,3080,3731,1,160000,매수,2026-05-04 22:48:11.228582+00:00
1897,3081,3719,1,330000,매수,2026-05-04 22:48:11.228582+00:00
1898,3082,3356,1,320000,Buy,2026-05-04 22:48:11.228582+00:00
1899,3083,3003,1,35000,매수,2026-05-04 22:48:11.228582+00:00
1900,3084,2951,1,49000,매수,2026-05-04 22:48:11.228582+00:00
1901,3085,4426,0,50000,Hold,2026-05-04 22:48:11.228582+00:00
1902,3086,3701,1,1800000,Buy,2026-05-04 22:48:11.228582+00:00
1903,3087,3291,0,,N/A,2026-05-04 22:48:11.228582+00:00
1904,3088,4846,1,114000,Buy,2026-05-04 22:48:11.228582+00:00
1905,3089,4319,1,290000,Buy,2026-05-04 22:48:11.228582+00:00
1906,3090,3753,1,12500,Buy,2026-05-04 22:48:11.228582+00:00
1907,3091,3043,1,146000,Buy,2026-05-04 22:48:11.228582+00:00
1908,3092,5278,0,,N/A,2026-05-04 22:48:11.228582+00:00
1909,3093,3069,0,,N/A,2026-05-04 22:48:11.228582+00:00
1910,3094,4970,1,67000,Buy,2026-05-04 22:48:11.228582+00:00
1911,3095,3356,1,340000,Buy,2026-05-04 22:48:11.228582+00:00
1912,3096,3326,1,500000,Buy,2026-05-04 22:48:11.228582+00:00
1913,3097,3436,1,110000,Buy,2026-05-04 22:48:11.228582+00:00
1914,3098,3493,1,64000,Buy,2026-05-04 22:48:11.228582+00:00
1915,3099,3578,1,110000,Buy,2026-05-04 22:48:11.228582+00:00
1916,3100,4244,0,,Not Rated,2026-05-04 22:48:11.228582+00:00
1917,3101,3964,0,,Not Rated,2026-05-04 22:48:11.228582+00:00
1918,3102,4593,1,62000,Buy,2026-05-04 22:48:11.228582+00:00
1919,3103,3963,1,22500,Buy,2026-05-04 22:48:11.228582+00:00
1920,3104,2972,1,26000,Buy,2026-05-04 22:48:11.228582+00:00
1921,3105,3385,0,4200,Hold,2026-05-04 22:48:11.228582+00:00
1922,3106,5385,0,,,2026-05-04 22:48:11.228582+00:00
1923,3107,3559,1,200000,Buy,2026-05-04 22:48:11.228582+00:00
1924,3108,4316,0,,Not Rated,2026-05-04 22:48:11.228582+00:00
1925,3109,5335,0,,Not Rated,2026-05-04 22:48:11.228582+00:00
1926,3110,3229,1,30000,Buy,2026-05-04 22:48:11.228582+00:00
1927,3111,3156,0,140000,marketperform,2026-05-04 22:48:11.228582+00:00
1928,3112,5455,1,44000,매수,2026-05-04 22:48:11.228582+00:00
1929,3113,2937,1,100000,매수,2026-05-04 22:48:11.228582+00:00
1930,3114,3411,1,51000,매수,2026-05-04 22:48:11.228582+00:00
1931,3115,4092,1,45000,Buy,2026-05-04 22:48:11.228582+00:00
1932,3116,3664,0,,Not Rated,2026-05-04 22:48:11.228582+00:00
1933,3117,2941,0,,Not Rated,2026-05-04 22:48:11.228582+00:00
1934,3118,4125,1,70000,Buy,2026-05-04 22:48:11.228582+00:00
1935,3119,4562,1,33000,Buy,2026-05-04 22:48:11.228582+00:00
1936,3120,2948,1,61000,Buy,2026-05-04 22:48:11.228582+00:00
1937,3121,4247,0,,nr,2026-05-04 22:48:11.228582+00:00
1938,3122,3201,1,94000,Buy,2026-05-04 22:48:11.228582+00:00
1939,3123,3701,1,1800000,Buy,2026-05-04 22:48:11.228582+00:00
1940,3124,3170,1,68000,Buy,2026-05-04 22:48:11.228582+00:00
1941,3125,5054,1,7000,Buy,2026-05-04 22:48:11.228582+00:00
1942,3126,3736,1,160000,Buy,2026-05-04 22:48:11.228582+00:00
1943,3127,4563,1,150000,매수,2026-05-04 22:48:11.228582+00:00
1944,3128,3170,1,47000,매수,2026-05-04 22:48:11.228582+00:00
1945,3129,3201,1,90000,매수,2026-05-04 22:48:11.228582+00:00
1946,3130,3291,1,144000,매수,2026-05-04 22:48:11.228582+00:00
1947,3131,2965,1,20000,Buy,2026-05-04 22:48:11.228582+00:00
1948,3132,4811,1,7000,Buy,2026-05-04 22:48:11.228582+00:00
1949,3133,3281,0,,Not Rated,2026-05-04 22:48:11.228582+00:00
1950,3134,4404,0,,nr,2026-05-04 22:48:11.228582+00:00
1951,3135,3651,1,550000,Buy,2026-05-04 22:48:11.228582+00:00
1952,3136,3701,1,1800000,Buy,2026-05-04 22:48:11.228582+00:00
1953,3137,5495,1,35000,Buy,2026-05-04 22:48:11.228582+00:00
1954,3138,3336,1,59000,Buy,2026-05-04 22:48:11.228582+00:00
1955,3139,3436,1,115000,Buy,2026-05-04 22:48:11.228582+00:00
1956,3140,3015,1,6300,Buy,2026-05-04 22:48:11.228582+00:00
1957,3141,5294,1,100000,Buy,2026-05-04 22:48:11.228582+00:00
1958,3142,3336,1,57000,Buy,2026-05-04 22:48:11.228582+00:00
1959,3143,3436,1,100000,Buy,2026-05-04 22:48:11.228582+00:00
1960,3144,5294,1,110000,Buy,2026-05-04 22:48:11.228582+00:00
1961,3145,3431,1,34000,매수,2026-05-04 22:48:11.228582+00:00
1962,3146,4530,0,,중립,2026-05-04 22:48:11.228582+00:00
1963,3147,4641,1,300000,Buy,2026-05-04 22:48:11.228582+00:00
1964,3148,5294,1,93000,Buy,2026-05-04 22:48:11.228582+00:00
1965,3149,4180,1,4830,Buy,2026-05-04 22:48:11.228582+00:00
1966,3150,3336,1,50000,Buy,2026-05-04 22:48:11.228582+00:00
1967,3151,3522,1,116500,Buy,2026-05-04 22:48:11.228582+00:00
1968,3152,5294,1,100000,Buy,2026-05-04 22:48:11.228582+00:00
1969,3153,3436,1,110000,Buy,2026-05-04 22:48:11.228582+00:00
1970,3154,3153,1,104000,Buy,2026-05-04 22:48:11.228582+00:00
1971,3155,2937,0,,N/A,2026-05-04 22:48:11.228582+00:00
1972,3156,2937,1,100000,Buy,2026-05-04 22:48:11.228582+00:00
1973,3157,3153,1,120000,Buy,2026-05-04 22:48:11.228582+00:00
1974,3158,3298,1,300000,매수,2026-05-04 22:48:11.228582+00:00
1975,3159,3039,1,62000,매수,2026-05-04 22:48:11.228582+00:00
1976,3160,3153,1,105000,Buy,2026-05-04 22:48:11.228582+00:00
1977,3161,3622,1,6000,Buy,2026-05-04 22:48:11.228582+00:00
1978,3162,3556,1,94000,Buy,2026-05-04 22:48:11.228582+00:00
1979,3163,3295,1,215000,Buy,2026-05-04 22:48:11.228582+00:00
1980,3164,3691,1,92000,Buy,2026-05-04 22:48:11.228582+00:00
1981,3165,5050,1,28000,Buy,2026-05-04 22:48:11.228582+00:00
1982,3166,4697,1,60000,Buy,2026-05-04 22:48:11.228582+00:00
1983,3167,4618,1,7000,Buy,2026-05-04 22:48:11.228582+00:00
1984,3168,3231,1,290000,Buy,2026-05-04 22:48:11.228582+00:00
1985,3169,3314,0,45000,Hold,2026-05-04 22:48:11.228582+00:00
1986,3170,3231,1,320000,Buy,2026-05-04 22:48:11.228582+00:00
1987,3171,4683,0,,Not Rated,2026-05-04 22:48:11.228582+00:00
1988,3172,3062,1,11000,Buy,2026-05-04 22:48:11.228582+00:00
1989,3173,3225,1,58000,Buy,2026-05-04 22:48:11.228582+00:00
1990,3174,3016,1,400000,Buy,2026-05-04 22:48:11.228582+00:00
1991,3175,2953,1,26000,Buy,2026-05-04 22:48:11.228582+00:00
1992,3176,4703,1,75000,Buy,2026-05-04 22:48:11.228582+00:00
1993,3177,5050,1,31000,Buy,2026-05-04 22:48:11.228582+00:00
1994,3178,3159,1,40000,Buy,2026-05-04 22:48:11.228582+00:00
1995,3179,4618,1,7800,Buy,2026-05-04 22:48:11.228582+00:00
1996,3180,3734,1,1370000,Buy,2026-05-04 22:48:11.228582+00:00
1997,3181,3522,1,117000,Buy,2026-05-04 22:48:11.228582+00:00
1998,3182,4785,1,19000,Buy,2026-05-04 22:48:11.228582+00:00
1999,3183,3016,1,370000,Buy,2026-05-04 22:48:11.228582+00:00
2000,3184,3003,1,38000,Buy,2026-05-04 22:48:11.228582+00:00
2001,3185,3734,1,1350000,Buy,2026-05-04 22:48:11.228582+00:00
2002,3186,3367,1,910000,Buy,2026-05-04 22:48:11.228582+00:00
2003,3187,3128,0,27000,Hold,2026-05-04 22:48:11.228582+00:00
2004,3188,3016,1,410000,Buy,2026-05-04 22:48:11.228582+00:00
2005,3189,2953,1,28000,Buy,2026-05-04 22:48:11.228582+00:00
2006,3190,3122,1,220000,Buy,2026-05-04 22:48:11.228582+00:00
2007,3191,3005,1,94000,Buy,2026-05-04 22:48:11.228582+00:00
2008,3192,3608,1,400000,Buy,2026-05-04 22:48:11.228582+00:00
2009,3193,3605,1,24000,Buy,2026-05-04 22:48:11.228582+00:00
2010,3194,3327,1,3900,Buy,2026-05-04 22:48:11.228582+00:00
2011,3195,3600,1,90000,Buy,2026-05-04 22:48:11.228582+00:00
2012,3196,3055,1,28000,Buy,2026-05-04 22:48:11.228582+00:00
2013,3197,3011,1,52000,Buy,2026-05-04 22:48:11.228582+00:00
2014,3198,3371,1,35000,Buy,2026-05-04 22:48:11.228582+00:00
2015,3199,3016,1,400000,Buy,2026-05-04 22:48:11.228582+00:00
2016,3200,3159,1,44500,매수,2026-05-04 22:48:11.228582+00:00
2017,3201,3005,1,90000,매수,2026-05-04 22:48:11.228582+00:00
2018,3202,3122,1,240000,매수,2026-05-04 22:48:11.228582+00:00
2019,3203,4703,1,65000,Buy,2026-05-04 22:48:11.228582+00:00
2020,3204,5257,1,20000,Buy,2026-05-04 22:48:11.228582+00:00
2021,3205,3122,1,250000,Buy,2026-05-04 22:48:11.228582+00:00
2022,3206,3741,1,516000,Buy,2026-05-04 22:48:11.228582+00:00
2023,3207,3595,1,250000,Buy,2026-05-04 22:48:11.228582+00:00
2024,3208,3159,1,32000,Trading Buy,2026-05-04 22:48:11.228582+00:00
2025,3209,3559,1,160000,Buy,2026-05-04 22:48:11.228582+00:00
2026,3210,3308,1,24000,Buy,2026-05-04 22:48:11.228582+00:00
2027,3211,3349,1,62000,Buy,2026-05-04 22:48:11.228582+00:00
2028,3212,3685,1,53000,Buy,2026-05-04 22:48:11.228582+00:00
2029,3213,3160,1,68000,Buy,2026-05-04 22:48:11.228582+00:00
2030,3214,3136,1,63000,Buy,2026-05-04 22:48:11.228582+00:00
2031,3215,3323,1,140000,Buy,2026-05-04 22:48:11.228582+00:00
2032,3216,3148,1,14000,Buy,2026-05-04 22:48:11.228582+00:00
2033,3217,3595,1,250000,Buy,2026-05-04 22:48:11.228582+00:00
2034,3218,3379,1,32000,Buy,2026-05-04 22:48:11.228582+00:00
2035,3219,3767,1,120000,Buy,2026-05-04 22:48:11.228582+00:00
2036,3220,4819,1,120000,Buy,2026-05-04 22:48:11.228582+00:00
2037,3221,3189,1,156000,Buy,2026-05-04 22:48:11.228582+00:00
2038,3222,4972,1,23300,Buy,2026-05-04 22:48:11.228582+00:00
2039,3223,3331,0,,nr,2026-05-04 22:48:11.228582+00:00
2040,3224,5376,0,,nr,2026-05-04 22:48:11.228582+00:00
2041,3225,3164,1,56000,Buy,2026-05-04 22:48:11.228582+00:00
2042,3226,3215,1,320000,Buy,2026-05-04 22:48:11.228582+00:00
2043,3227,4319,1,350000,매수,2026-05-04 22:48:11.228582+00:00
2044,3228,5419,1,44000,매수,2026-05-04 22:48:11.228582+00:00
2045,3229,5432,1,15000,매수,2026-05-04 22:48:11.228582+00:00
2046,3230,5358,1,330000,매수,2026-05-04 22:48:11.228582+00:00
2047,3231,4617,1,90000,매수,2026-05-04 22:48:11.228582+00:00
2048,3232,3068,1,87000,매수,2026-05-04 22:48:11.228582+00:00
2049,3233,3135,1,90000,매수,2026-05-04 22:48:11.228582+00:00
2050,3234,3148,1,12000,매수,2026-05-04 22:48:11.228582+00:00
2051,3235,3316,1,115000,매수,2026-05-04 22:48:11.228582+00:00
2052,3236,5030,1,24000,Buy,2026-05-04 22:48:11.228582+00:00
2053,3237,3323,1,110000,Buy,2026-05-04 22:48:11.228582+00:00
2054,3238,3136,1,62000,Buy,2026-05-04 22:48:11.228582+00:00
2055,3239,3192,1,130000,Buy,2026-05-04 22:48:11.228582+00:00
2056,3240,3595,1,240000,Buy,2026-05-04 22:48:11.228582+00:00
2057,3241,2956,1,320000,매수,2026-05-04 22:48:11.228582+00:00
2058,3242,3251,1,150000,매수,2026-05-04 22:48:11.228582+00:00
2059,3243,3072,1,79000,매수,2026-05-04 22:48:11.228582+00:00
2060,3244,3340,1,185000,Buy,2026-05-04 22:48:11.228582+00:00
2061,3245,3742,1,160000,Buy,2026-05-04 22:48:11.228582+00:00
2062,3246,3011,0,45000,Hold,2026-05-04 22:48:11.228582+00:00
2063,3247,3605,1,27000,Buy,2026-05-04 22:48:11.228582+00:00
2064,3248,3142,1,25000,Buy,2026-05-04 22:48:11.228582+00:00
2065,3249,3102,1,560000,Buy,2026-05-04 22:48:11.228582+00:00
2066,3250,3697,0,26000,Hold,2026-05-04 22:48:11.228582+00:00
2067,3251,2956,1,320000,Buy,2026-05-04 22:48:11.228582+00:00
2068,3252,3251,1,150000,Buy,2026-05-04 22:48:11.228582+00:00
2069,3253,3102,0,535000,Hold,2026-05-04 22:48:11.228582+00:00
2070,3254,3683,1,62000,Buy,2026-05-04 22:48:11.228582+00:00
2071,3255,4683,1,21000,Buy,2026-05-04 22:48:11.228582+00:00
2072,3256,5120,1,17000,Buy,2026-05-04 22:48:11.228582+00:00
2073,3257,3035,1,12000,Buy,2026-05-04 22:48:11.228582+00:00
2074,3258,4517,1,55000,Buy,2026-05-04 22:48:11.228582+00:00
2075,3259,3072,1,70000,Buy,2026-05-04 22:48:11.228582+00:00
2076,3260,3280,1,60000,Buy,2026-05-04 22:48:11.228582+00:00
2077,3261,5440,1,90000,Buy,2026-05-04 22:48:11.228582+00:00
2078,3262,4591,1,110000,Buy,2026-05-04 22:48:11.228582+00:00
2079,3263,3742,1,160000,Buy,2026-05-04 22:48:11.228582+00:00
2080,3264,3102,1,740000,Buy,2026-05-04 22:48:11.228582+00:00
2081,3265,3142,1,27000,Buy,2026-05-04 22:48:11.228582+00:00
2082,3266,5440,1,72000,Buy,2026-05-04 22:48:11.228582+00:00
2083,3267,3060,1,150000,Buy,2026-05-04 22:48:11.228582+00:00
2084,3268,3340,1,175000,Buy,2026-05-04 22:48:11.228582+00:00
2085,3269,3450,0,,nr,2026-05-04 22:48:11.228582+00:00
2086,3270,3742,1,150000,Buy,2026-05-04 22:48:11.228582+00:00
2087,3271,3331,1,110000,Buy,2026-05-04 22:48:11.228582+00:00
2088,3272,3766,1,180000,Buy,2026-05-04 22:48:11.228582+00:00
2089,3273,3150,1,120000,Buy,2026-05-04 22:48:11.228582+00:00
2090,3274,3209,1,410000,Buy,2026-05-04 22:48:11.228582+00:00
2091,3275,3331,1,102000,Buy,2026-05-04 22:48:11.228582+00:00
2092,3276,3023,1,160000,Buy,2026-05-04 22:48:11.228582+00:00
2093,3277,3033,0,,,2026-05-04 22:48:11.228582+00:00
2094,3278,5090,0,,Not Rated,2026-05-04 22:48:11.228582+00:00
2095,3279,3721,1,30000,Buy,2026-05-04 22:48:11.228582+00:00
2096,3280,4589,0,,Not Rated,2026-05-04 22:48:11.228582+00:00
2097,3281,4764,0,,Not Rated,2026-05-04 22:48:11.228582+00:00
2098,3282,3209,1,360000,Buy,2026-05-04 22:48:11.228582+00:00
2099,3283,3219,1,18000,Buy,2026-05-04 22:48:11.228582+00:00
2100,3284,2950,1,200000,Buy,2026-05-04 22:48:11.228582+00:00
2101,3285,3150,1,135000,Buy,2026-05-04 22:48:11.228582+00:00
2102,3286,3359,0,120000,Hold,2026-05-04 22:48:11.228582+00:00
2103,3287,3303,1,110000,Buy,2026-05-04 22:48:11.228582+00:00
2104,3288,3001,0,25000,Hold,2026-05-04 22:48:11.228582+00:00
2105,3289,5394,1,150000,Buy,2026-05-04 22:48:11.228582+00:00
2106,3290,5394,1,150000,Buy,2026-05-04 22:48:11.228582+00:00
2107,3291,3721,1,33000,Buy,2026-05-04 22:48:11.228582+00:00
2108,3292,4343,0,,,2026-05-04 22:48:11.228582+00:00
2109,3293,4311,0,18000,중립,2026-05-04 22:48:11.228582+00:00
2110,3294,3023,1,160000,매수,2026-05-04 22:48:11.228582+00:00
2111,3295,3209,1,360000,매수,2026-05-04 22:48:11.228582+00:00
2112,3296,2997,1,39000,Buy,2026-05-04 22:48:11.228582+00:00
2113,3297,3001,1,29000,Buy,2026-05-04 22:48:11.228582+00:00
2114,3298,3691,1,76000,Buy,2026-05-04 22:48:11.228582+00:00
2115,3299,3303,1,110000,Buy,2026-05-04 22:48:11.228582+00:00
2116,3300,2950,1,215000,Buy,2026-05-04 22:48:11.228582+00:00
2117,3301,3766,1,160000,Buy,2026-05-04 22:48:11.228582+00:00
2118,3302,5394,1,150000,Buy,2026-05-04 22:48:11.228582+00:00
2119,3303,4947,1,25000,Buy,2026-05-04 22:48:11.228582+00:00
2120,3304,4947,1,25000,Buy,2026-05-04 22:48:11.228582+00:00
2121,3305,3600,1,94000,Buy,2026-05-04 22:48:11.228582+00:00
2122,3306,3766,1,150000,Buy,2026-05-04 22:48:11.228582+00:00
2123,3307,5394,1,178000,Buy,2026-05-04 22:48:11.228582+00:00
2124,3308,2967,1,20000,Buy,2026-05-04 22:48:11.228582+00:00
2125,3309,3721,0,32000,Hold,2026-05-04 22:48:11.228582+00:00
2126,3310,4205,1,50000,Buy,2026-05-04 22:48:11.228582+00:00
2127,3311,3292,1,22000,Buy,2026-05-04 22:48:11.228582+00:00
2128,3312,3438,0,,N/A,2026-05-04 22:48:11.228582+00:00
2129,3313,2999,1,510000,Buy,2026-05-04 22:48:11.228582+00:00
2130,3314,3057,1,250000,Buy,2026-05-04 22:48:11.228582+00:00
2131,3315,2999,1,380000,매수,2026-05-04 22:48:11.228582+00:00
2132,3316,3579,1,1250000,Buy,2026-05-04 22:48:11.228582+00:00
2133,3317,3066,1,145000,Buy,2026-05-04 22:48:11.228582+00:00
2134,3318,4424,0,,Not Rated,2026-05-04 22:48:11.228582+00:00
2135,3319,3205,0,30000,Hold,2026-05-04 22:48:11.228582+00:00
2136,3320,4633,1,360000,Buy,2026-05-04 22:48:11.228582+00:00
2137,3321,3057,1,230000,Buy,2026-05-04 22:48:11.228582+00:00
2138,3322,3605,1,27000,Buy,2026-05-04 22:48:11.228582+00:00
2139,3323,3437,1,34000,Buy,2026-05-04 22:48:11.228582+00:00
2140,3324,3024,1,50000,Buy,2026-05-04 22:48:11.228582+00:00
2141,3325,3605,1,24000,Buy,2026-05-04 22:48:11.228582+00:00
2142,3326,4205,1,53000,Buy,2026-05-04 22:48:11.228582+00:00
2143,3327,3605,1,26000,Buy,2026-05-04 22:48:11.228582+00:00
2144,3328,3126,1,280000,Buy,2026-05-04 22:48:11.228582+00:00
2145,3329,3007,0,55000,marketperform,2026-05-04 22:48:11.228582+00:00
2146,3330,3232,1,5500,Buy,2026-05-04 22:48:11.228582+00:00
2147,3331,3074,1,260000,Buy,2026-05-04 22:48:11.228582+00:00
2148,3332,3719,0,,,2026-05-04 22:48:11.228582+00:00
2149,3333,2992,1,770000,매수,2026-05-04 22:48:11.228582+00:00
2150,3334,4545,1,34000,매수,2026-05-04 22:48:11.228582+00:00
2151,3335,3204,1,115000,매수,2026-05-04 22:48:11.228582+00:00
2152,3337,3578,1,92000,매수,2026-05-04 22:48:11.228582+00:00
2153,3338,3356,1,340000,매수,2026-05-04 22:48:11.228582+00:00
2154,3339,2943,0,,,2026-05-04 22:48:11.228582+00:00
2155,3340,3356,1,340000,Buy,2026-05-04 22:48:11.228582+00:00
2156,3341,3126,1,340000,Buy,2026-05-04 22:48:11.228582+00:00
2157,3342,3579,1,1380000,Buy,2026-05-04 22:48:11.228582+00:00
2158,3343,3578,1,90000,Buy,2026-05-04 22:48:11.228582+00:00
2159,3344,3074,1,309000,Buy,2026-05-04 22:48:11.228582+00:00
2160,3345,3287,0,2000,Hold,2026-05-04 22:48:11.228582+00:00
2161,3346,3126,1,290000,Buy,2026-05-04 22:48:11.228582+00:00
2162,3347,3232,1,5000,Buy,2026-05-04 22:48:11.228582+00:00
2163,3348,3112,1,11000,Buy,2026-05-04 22:48:11.228582+00:00
2164,3349,3579,1,1280000,Buy,2026-05-04 22:48:11.228582+00:00
2165,3350,3578,1,90000,Buy,2026-05-04 22:48:11.228582+00:00
2166,3351,3495,1,200000,Buy,2026-05-04 22:48:11.228582+00:00
2167,3352,3126,1,30000,Buy,2026-05-04 22:48:11.228582+00:00
2168,3353,3600,1,90000,Buy,2026-05-04 22:48:11.228582+00:00
2169,3354,3029,1,76000,Buy,2026-05-04 22:48:11.228582+00:00
2170,3355,3214,0,125000,Hold,2026-05-04 22:48:11.228582+00:00
2171,3356,3316,1,110000,Buy,2026-05-04 22:48:11.228582+00:00
2172,3357,3235,0,148000,Hold,2026-05-04 22:48:11.228582+00:00
2173,3358,5060,1,35000,Buy,2026-05-04 22:48:11.228582+00:00
2174,3359,3114,1,285000,Buy,2026-05-04 22:48:11.228582+00:00
2175,3360,3116,0,220000,N/A,2026-05-04 22:48:11.228582+00:00
2176,3361,3326,1,500000,Buy,2026-05-04 22:48:11.228582+00:00
2177,3362,3731,1,135000,Buy,2026-05-04 22:48:11.228582+00:00
2178,3363,3235,0,120000,Hold,2026-05-04 22:48:11.228582+00:00
2179,3364,3326,1,470000,Buy,2026-05-04 22:48:11.228582+00:00
2180,3365,3154,1,17000,Buy,2026-05-04 22:48:11.228582+00:00
2181,3366,3158,1,16500,Buy,2026-05-04 22:48:11.228582+00:00
2182,3367,3621,1,150000,Buy,2026-05-04 22:48:11.228582+00:00
2183,3368,3029,1,69000,Buy,2026-05-04 22:48:11.228582+00:00
2184,3369,3488,1,380000,Buy,2026-05-04 22:48:11.228582+00:00
2185,3370,3393,1,14000,Buy,2026-05-04 22:48:11.228582+00:00
2186,3371,3051,1,2820000,Buy,2026-05-04 22:48:11.228582+00:00
2187,3372,3600,1,94000,Buy,2026-05-04 22:48:11.228582+00:00
2188,3373,3396,1,88000,Buy,2026-05-04 22:48:11.228582+00:00
2189,3374,3327,1,4500,Buy,2026-05-04 22:48:11.228582+00:00
2190,3375,3696,1,24000,Buy,2026-05-04 22:48:11.228582+00:00
2191,3376,3288,0,22500,Hold,2026-05-04 22:48:11.228582+00:00
2192,3377,3158,1,17500,Buy,2026-05-04 22:48:11.228582+00:00
2193,3378,3086,1,45000,매수,2026-05-04 22:48:11.228582+00:00
2194,3379,3488,1,390000,매수,2026-05-04 22:48:11.228582+00:00
2195,3380,3037,1,240000,매수,2026-05-04 22:48:11.228582+00:00
2196,3381,3051,1,2500000,매수,2026-05-04 22:48:11.228582+00:00
2197,3382,3176,1,460000,Buy,2026-05-04 22:48:11.228582+00:00
2198,3383,3710,1,135000,Buy,2026-05-04 22:48:11.228582+00:00
2199,3384,3215,1,275000,Buy,2026-05-04 22:48:11.228582+00:00
2200,3385,3259,1,200000,Buy,2026-05-04 22:48:11.228582+00:00
2201,3386,3259,1,200000,Buy,2026-05-04 22:48:11.228582+00:00
2202,3387,3371,1,35000,Buy,2026-05-04 22:48:11.228582+00:00
2203,3388,3283,1,18000,Buy,2026-05-04 22:48:11.228582+00:00
2204,3389,2985,1,600000,Buy,2026-05-04 22:48:11.228582+00:00
2205,3390,3050,1,240000,Buy,2026-05-04 22:48:11.228582+00:00
2206,3391,3581,1,43000,Buy,2026-05-04 22:48:11.228582+00:00
2207,3392,3117,1,51000,Buy,2026-05-04 22:48:11.228582+00:00
2208,3393,3719,1,305000,Buy,2026-05-04 22:48:11.228582+00:00
2209,3394,3581,1,50000,Buy,2026-05-04 22:48:11.228582+00:00
2210,3395,3259,1,200000,Buy,2026-05-04 22:48:11.228582+00:00
2211,3396,2985,1,570000,Buy,2026-05-04 22:48:11.228582+00:00
2212,3397,3211,1,152000,Buy,2026-05-04 22:48:11.228582+00:00
2213,3398,3117,1,48000,Buy,2026-05-04 22:48:11.228582+00:00
2214,3399,3194,1,300000,매수,2026-05-04 22:48:11.228582+00:00
2215,3400,2988,1,330000,매수,2026-05-04 22:48:11.228582+00:00
2216,3401,3669,1,125000,매수,2026-05-04 22:48:11.228582+00:00
2217,3402,3733,1,205000,매수,2026-05-04 22:48:11.228582+00:00
2218,3403,3621,1,255000,매수,2026-05-04 22:48:11.228582+00:00
2219,3404,3751,1,100000,매수,2026-05-04 22:48:11.228582+00:00
2220,3405,3114,1,280000,매수,2026-05-04 22:48:11.228582+00:00
2221,3406,3492,1,9300,매수,2026-05-04 22:48:11.228582+00:00
2222,3407,3724,0,,Not Rated,2026-05-04 22:48:11.228582+00:00
2223,3408,2954,1,290000,매수,2026-05-04 22:48:11.228582+00:00
2224,3409,3719,1,330000,매수,2026-05-04 22:48:11.228582+00:00
2225,3410,3481,1,69000,매수,2026-05-04 22:48:11.228582+00:00
2226,3411,3215,1,305000,매수,2026-05-04 22:48:11.228582+00:00
2227,3412,3283,1,16500,매수,2026-05-04 22:48:11.228582+00:00
2228,3413,2985,1,565000,매수,2026-05-04 22:48:11.228582+00:00
2229,3414,4593,1,65000,Buy,2026-05-04 22:48:11.228582+00:00
2230,3415,3937,1,12500,Buy,2026-05-04 22:48:11.228582+00:00
2231,3416,3385,0,4400,Hold,2026-05-04 22:48:11.228582+00:00
2232,3417,3040,0,27500,Hold,2026-05-04 22:48:11.228582+00:00
2233,3418,2957,1,180000,Buy,2026-05-04 22:48:11.228582+00:00
2234,3419,4396,0,,Not Rated,2026-05-04 22:48:11.228582+00:00
2235,3420,4975,1,62000,매수,2026-05-04 22:48:11.228582+00:00
2236,3421,3609,1,305000,매수,2026-05-04 22:48:11.228582+00:00
2237,3422,4231,1,72000,Buy,2026-05-04 22:48:11.228582+00:00
2238,3423,4612,1,130000,Buy,2026-05-04 22:48:11.228582+00:00
2239,3424,3084,1,57000,Buy,2026-05-04 22:48:11.228582+00:00
2240,3425,3367,1,680000,Buy,2026-05-04 22:48:11.228582+00:00
2241,3426,3609,1,280000,Buy,2026-05-04 22:48:11.228582+00:00
2242,3427,3552,0,,Not Rated,2026-05-04 22:48:11.228582+00:00
2243,3428,5419,1,40000,Buy,2026-05-04 22:48:11.228582+00:00
2244,3429,3964,0,,Not Rated,2026-05-04 22:48:11.228582+00:00
2245,3430,3734,1,1000000,Buy,2026-05-04 22:48:11.228582+00:00
2246,3431,3550,1,380000,Buy,2026-05-04 22:48:11.228582+00:00
2247,3432,3322,1,88000,Buy,2026-05-04 22:48:11.228582+00:00
2248,3433,3114,1,270000,Buy,2026-05-04 22:48:11.228582+00:00
2249,3434,3608,1,360000,Buy,2026-05-04 22:48:11.228582+00:00
2250,3435,3129,1,26000,Buy,2026-05-04 22:48:11.228582+00:00
2251,3436,3033,0,,Not Rated,2026-05-04 22:48:11.228582+00:00
2252,3437,5081,0,,Not Rated,2026-05-04 22:48:11.228582+00:00
2253,3438,3222,0,,Not Rated,2026-05-04 22:48:11.228582+00:00
2254,3439,4303,0,,Not Rated,2026-05-04 22:48:11.228582+00:00
2255,3440,3331,0,,Not Rated,2026-05-04 22:48:11.228582+00:00
2256,3441,3600,0,,Not Rated,2026-05-04 22:48:11.228582+00:00
2257,3442,3192,0,,Not Rated,2026-05-04 22:48:11.228582+00:00
2258,3443,3177,0,,Not Rated,2026-05-04 22:48:11.228582+00:00
2259,3444,5537,1,2150,매수,2026-05-04 22:48:11.228582+00:00
2260,3445,4439,0,,Not Rated,2026-05-04 22:48:11.228582+00:00
2261,3446,4158,0,,Not Rated,2026-05-04 22:48:11.228582+00:00
2262,3447,3940,0,,Not Rated,2026-05-04 22:48:11.228582+00:00
2263,3448,3145,1,85000,매수,2026-05-04 22:48:11.228582+00:00
2264,3449,5098,1,18000,매수,2026-05-04 22:48:11.228582+00:00
2265,3450,3252,1,25000,매수,2026-05-04 22:48:11.228582+00:00
2266,3451,5512,1,13000,매수,2026-05-04 22:48:11.228582+00:00
2267,3452,4495,1,9500,매수,2026-05-04 22:48:11.228582+00:00
2268,3453,3034,1,12500,매수,2026-05-04 22:48:11.228582+00:00
2269,3454,3608,1,400000,매수,2026-05-04 22:48:11.228582+00:00
2270,3455,3322,1,89000,Buy,2026-05-04 22:48:11.228582+00:00
2271,3456,4519,0,,Not Rated,2026-05-04 22:48:11.228582+00:00
2272,3457,3701,1,1750000,Buy,2026-05-04 22:48:11.228582+00:00
2273,3458,3055,1,27000,Buy,2026-05-04 22:48:11.228582+00:00
2274,3459,3081,1,1500000,Buy,2026-05-04 22:48:11.228582+00:00
2275,3460,3261,1,110000,Buy,2026-05-04 22:48:11.228582+00:00
2276,3461,3608,1,400000,Buy,2026-05-04 22:48:11.228582+00:00
2277,3462,3055,1,28000,Buy,2026-05-04 22:48:11.228582+00:00
2278,3463,3081,1,1400000,Buy,2026-05-04 22:48:11.228582+00:00
2279,3464,3092,1,60000,Buy,2026-05-04 22:48:11.228582+00:00
2280,3465,3291,1,105000,Buy,2026-05-04 22:48:11.228582+00:00
2281,3466,3450,0,,N/A,2026-05-04 22:48:11.228582+00:00
2282,3467,3036,1,300000,매수,2026-05-04 22:48:11.228582+00:00
2283,3468,3054,1,6000,Buy,2026-05-04 22:48:11.228582+00:00
2284,3469,3031,1,5000,Buy,2026-05-04 22:48:11.228582+00:00
2285,3470,3046,1,9000,Buy,2026-05-04 22:48:11.228582+00:00
2286,3471,3277,1,100000,Buy,2026-05-04 22:48:11.228582+00:00
2287,3472,3550,1,390000,Buy,2026-05-04 22:48:11.228582+00:00
2288,3473,5294,1,100000,Buy,2026-05-04 22:48:11.228582+00:00
2289,3474,3329,1,167000,Buy,2026-05-04 22:48:11.228582+00:00
2290,3475,3160,1,66000,Buy,2026-05-04 22:48:11.228582+00:00
2291,3476,5081,0,,nr,2026-05-04 22:48:11.228582+00:00
2292,3477,3328,1,70000,Buy,2026-05-04 22:48:11.228582+00:00
2293,3478,3075,1,1000000,매수,2026-05-04 22:48:11.228582+00:00
2294,3479,3425,1,32000,매수,2026-05-04 22:48:11.228582+00:00
2295,3480,3425,1,29000,Buy,2026-05-04 22:48:11.228582+00:00
2296,3481,3271,1,180000,Buy,2026-05-04 22:48:11.228582+00:00
2297,3482,3595,1,240000,Buy,2026-05-04 22:48:11.228582+00:00
2298,3483,3075,1,970000,Buy,2026-05-04 22:48:11.228582+00:00
2299,3484,3425,1,30000,Buy,2026-05-04 22:48:11.228582+00:00
2300,3485,4337,1,10000,Buy,2026-05-04 22:48:11.228582+00:00
2301,3486,3734,1,1000000,Buy,2026-05-04 22:48:11.228582+00:00
2302,3487,3421,1,420000,매수,2026-05-04 22:48:11.228582+00:00
2303,3488,3421,1,430000,Buy,2026-05-04 22:48:11.228582+00:00
2304,3489,3367,1,610000,Buy,2026-05-04 22:48:11.228582+00:00
2305,3490,3579,1,1300000,Buy,2026-05-04 22:48:11.228582+00:00
2306,3491,3068,1,74000,Buy,2026-05-04 22:48:11.228582+00:00
2307,3492,4527,1,69000,Buy,2026-05-04 22:48:11.228582+00:00
2308,3493,3037,1,210000,Buy,2026-05-04 22:48:11.228582+00:00
2309,3494,3600,1,92000,Buy,2026-05-04 22:48:11.228582+00:00
2310,3495,3029,1,74000,Buy,2026-05-04 22:48:11.228582+00:00
2311,3496,3701,1,1800000,Buy,2026-05-04 22:48:11.228582+00:00
2312,3497,3055,1,36000,Buy,2026-05-04 22:48:11.228582+00:00
2313,3498,3579,1,1250000,Buy,2026-05-04 22:48:11.228582+00:00
2314,3499,3764,1,27000,Buy,2026-05-04 22:48:11.228582+00:00
2315,3500,4617,1,70000,매수,2026-05-04 22:48:11.228582+00:00
2316,3501,3495,1,200000,매수,2026-05-04 22:48:11.228582+00:00
2317,3502,2997,1,49000,매수,2026-05-04 22:48:11.228582+00:00
2318,3503,3005,1,85000,매수,2026-05-04 22:48:11.228582+00:00
2319,3504,4633,1,400000,Buy,2026-05-04 22:48:11.228582+00:00
2320,3505,3029,1,64000,Buy,2026-05-04 22:48:11.228582+00:00
2321,3506,3016,1,370000,Buy,2026-05-04 22:48:11.228582+00:00
2322,3507,3231,1,320000,Buy,2026-05-04 22:48:11.228582+00:00
2323,3508,5307,1,32000,Buy,2026-05-04 22:48:11.228582+00:00
2324,3509,3192,0,,nr,2026-05-04 22:48:11.228582+00:00
2325,3510,4396,0,,nr,2026-05-04 22:48:11.228582+00:00
2326,3511,3835,0,,nr,2026-05-04 22:48:11.228582+00:00
2327,3512,2944,0,,nr,2026-05-04 22:48:11.228582+00:00
2328,3513,3837,0,,nr,2026-05-04 22:48:11.228582+00:00
2329,3514,3600,1,90000,Buy,2026-05-04 22:48:11.228582+00:00
2330,3515,3579,1,1360000,Buy,2026-05-04 22:48:11.228582+00:00
2331,3516,4970,0,67000,Hold,2026-05-04 22:48:11.228582+00:00
2332,3517,3316,0,,N/A,2026-05-04 22:48:11.228582+00:00
2333,3518,3072,1,79000,매수,2026-05-04 22:48:11.228582+00:00
2334,3519,4677,1,800000,Buy,2026-05-04 22:48:11.228582+00:00
2335,3520,3367,0,530000,N/A,2026-05-04 22:48:11.228582+00:00
2336,3521,4363,0,,nr,2026-05-04 22:48:11.228582+00:00
2337,3522,3298,1,300000,매수,2026-05-04 22:48:11.228582+00:00
2338,3523,5265,1,70000,Buy,2026-05-04 22:48:11.228582+00:00
2339,3524,3259,1,250000,Buy,2026-05-04 22:48:11.228582+00:00
2340,3525,3176,1,420000,Buy,2026-05-04 22:48:11.228582+00:00
2341,3526,3016,1,370000,Buy,2026-05-04 22:48:11.228582+00:00
2342,3527,4819,1,130000,Buy,2026-05-04 22:48:11.228582+00:00
2343,3528,5394,1,180000,Buy,2026-05-04 22:48:11.228582+00:00
2344,3529,3340,0,,N/A,2026-05-04 22:48:11.228582+00:00
2345,3530,5294,1,98000,Buy,2026-05-04 22:48:11.228582+00:00
2346,3531,5537,1,2150,매수,2026-05-04 22:48:11.228582+00:00
2347,3532,4703,1,65000,Buy,2026-05-04 22:48:11.228582+00:00
2348,3533,3710,1,110000,Buy,2026-05-04 22:48:11.228582+00:00
2349,3534,3874,0,,,2026-05-04 22:48:11.228582+00:00
2350,3535,4151,0,,,2026-05-04 22:48:11.228582+00:00
2351,3537,3340,1,180000,Buy,2026-05-04 22:48:11.228582+00:00
2352,3538,2985,1,360000,Buy,2026-05-04 22:48:11.228582+00:00
2353,3539,2953,1,26000,Buy,2026-05-04 22:48:11.228582+00:00
2354,3540,5104,0,,Not Rated,2026-05-04 22:48:11.228582+00:00
2355,3541,4594,0,,Not Rated,2026-05-04 22:48:11.228582+00:00
2356,3542,3758,1,21000,Buy,2026-05-04 22:48:11.228582+00:00
2357,3543,3213,1,47000,Buy,2026-05-04 22:48:11.228582+00:00
2358,3544,2950,1,160000,Buy,2026-05-04 22:48:11.228582+00:00
2359,3545,3421,1,360000,Buy,2026-05-04 22:48:11.228582+00:00
2360,3546,3051,1,1860000,Buy,2026-05-04 22:48:11.228582+00:00
2361,3547,3075,1,770000,Buy,2026-05-04 22:48:11.228582+00:00
2362,3548,3710,0,,,2026-05-04 22:48:11.228582+00:00
2363,3549,4205,1,53000,Buy,2026-05-04 22:48:11.228582+00:00
2364,3550,3209,1,410000,Buy,2026-05-04 22:48:11.228582+00:00
2365,3551,2985,0,,,2026-05-04 22:48:11.228582+00:00
2366,3552,3219,0,16000,Hold,2026-05-04 22:48:11.228582+00:00
2367,3553,3349,1,67000,Buy,2026-05-04 22:48:11.228582+00:00
2368,3554,3481,1,67500,Buy,2026-05-04 22:48:11.228582+00:00
2369,3555,3710,0,,,2026-05-04 22:48:11.228582+00:00
2370,3556,3068,1,87000,매수,2026-05-04 22:48:11.228582+00:00
2371,3557,3209,1,320000,매수,2026-05-04 22:48:11.228582+00:00
2372,3558,3731,1,125000,매수,2026-05-04 22:48:11.228582+00:00
2373,3559,3316,1,95000,Buy,2026-05-04 22:48:11.228582+00:00
2374,3560,2985,1,450000,Buy,2026-05-04 22:48:11.228582+00:00
2375,3561,2950,1,150000,Buy,2026-05-04 22:48:11.228582+00:00
2376,3562,4313,0,,Not Rated,2026-05-04 22:48:11.228582+00:00
2377,3563,3150,1,124000,Buy,2026-05-04 22:48:11.228582+00:00
2378,3564,2985,0,307000,Hold,2026-05-04 22:48:11.228582+00:00
2379,3565,2999,1,460000,Buy,2026-05-04 22:48:11.228582+00:00
2380,3566,2985,1,430000,Buy,2026-05-04 22:48:11.228582+00:00
2381,3567,3405,0,,N/A,2026-05-04 22:48:11.228582+00:00
2382,3568,4282,1,70000,Buy,2026-05-04 22:48:11.228582+00:00
2383,3569,3351,1,26000,Buy,2026-05-04 22:48:11.228582+00:00
2384,3570,3106,1,26700,Buy,2026-05-04 22:48:11.228582+00:00
2385,3571,3651,0,,N/A,2026-05-04 22:48:11.228582+00:00
2386,3572,5440,1,90000,Buy,2026-05-04 22:48:11.228582+00:00
2387,3573,3259,1,200000,Buy,2026-05-04 22:48:11.228582+00:00
2388,3574,3016,1,360000,Buy,2026-05-04 22:48:11.228582+00:00
2389,3575,4819,1,130000,Buy,2026-05-04 22:48:11.228582+00:00
2390,3576,5294,1,100000,Buy,2026-05-04 22:48:11.228582+00:00
2391,3577,3011,1,62000,Buy,2026-05-04 22:48:11.228582+00:00
2392,3579,2992,1,680000,매수,2026-05-04 22:48:11.228582+00:00
2393,3580,3204,1,100000,매수,2026-05-04 22:48:11.228582+00:00
2394,3581,3719,1,270000,매수,2026-05-04 22:48:11.228582+00:00
2395,3582,4231,1,65000,매수,2026-05-04 22:48:11.228582+00:00
2396,3583,3305,1,210000,매수,2026-05-04 22:48:11.228582+00:00
2397,3584,3341,1,550000,매수,2026-05-04 22:48:11.228582+00:00
2398,3585,5019,1,25000,Buy,2026-05-04 22:48:11.228582+00:00
2399,3586,3421,1,370000,Buy,2026-05-04 22:48:11.228582+00:00
2400,3587,3326,0,241000,Hold,2026-05-04 22:48:11.228582+00:00
2401,3588,5000,1,104000,Buy,2026-05-04 22:48:11.228582+00:00
2402,3589,3202,0,,nr,2026-05-04 22:48:11.228582+00:00
2403,3590,3764,1,35000,Buy,2026-05-04 22:48:11.228582+00:00
2404,3591,3488,1,360000,Buy,2026-05-04 22:48:11.228582+00:00
2405,3592,3425,1,29000,매수,2026-05-04 22:48:11.228582+00:00
2406,3593,3329,1,144000,매수,2026-05-04 22:48:11.228582+00:00
2407,3594,3164,1,60000,매수,2026-05-04 22:48:11.228582+00:00
2408,3595,3084,1,48000,Buy,2026-05-04 22:48:11.228582+00:00
2409,3596,3075,1,800000,Buy,2026-05-04 22:48:11.228582+00:00
2410,3597,3382,0,,nr,2026-05-04 22:48:11.228582+00:00
2411,3598,4658,0,,nr,2026-05-04 22:48:11.228582+00:00
2412,3599,5066,0,,nr,2026-05-04 22:48:11.228582+00:00
2413,3600,3719,1,270000,Buy,2026-05-04 22:48:11.228582+00:00
2414,3601,3252,1,28000,Buy,2026-05-04 22:48:11.228582+00:00
2415,3602,3731,1,125000,Buy,2026-05-04 22:48:11.228582+00:00
2416,3603,3231,0,250000,Hold,2026-05-04 22:48:11.228582+00:00
2417,3604,3734,1,850000,Buy,2026-05-04 22:48:11.228582+00:00
2418,3605,3024,1,34000,Buy,2026-05-04 22:48:11.228582+00:00
2419,3606,3326,0,,N/A,2026-05-04 22:48:11.228582+00:00
2420,3607,3741,1,587000,Buy,2026-05-04 22:48:11.228582+00:00
2421,3608,3051,1,1800000,Buy,2026-05-04 22:48:11.228582+00:00
2422,3609,3767,1,120000,Buy,2026-05-04 22:48:11.228582+00:00
2423,3610,3232,1,5800,Buy,2026-05-04 22:48:11.228582+00:00
2424,3611,4092,0,,Not Rated,2026-05-04 22:48:11.228582+00:00
2425,3612,2999,1,450000,매수,2026-05-04 22:48:11.228582+00:00
2426,3613,4244,0,,Not Rated,2026-05-04 22:48:11.228582+00:00
2427,3614,3367,1,420000,Buy,2026-05-04 22:48:11.228582+00:00
2428,3615,3710,1,106000,Buy,2026-05-04 22:48:11.228582+00:00
2429,3616,5426,0,,,2026-05-04 22:48:11.228582+00:00
2430,3617,4405,0,,,2026-05-04 22:48:11.228582+00:00
2431,3618,3090,1,3100,Buy,2026-05-04 22:48:11.228582+00:00
2432,3619,3122,1,288000,Buy,2026-05-04 22:48:11.228582+00:00
2433,3620,4218,1,57000,Buy,2026-05-04 22:48:11.228582+00:00
2434,3621,3215,1,220000,Buy,2026-05-04 22:48:11.228582+00:00
2435,3622,3176,0,,,2026-05-04 22:48:11.228582+00:00
2436,3623,2956,1,300000,Buy,2026-05-04 22:48:11.228582+00:00
2437,3624,4834,1,35000,Buy,2026-05-04 22:48:11.228582+00:00
2438,3625,3522,0,,Not Rated,2026-05-04 22:48:11.228582+00:00
2439,3626,4182,1,17000,Buy,2026-05-04 22:48:11.228582+00:00
2440,3627,3283,1,16500,매수,2026-05-04 22:48:11.228582+00:00
2441,3628,3736,1,165000,Buy,2026-05-04 22:48:11.228582+00:00
2442,3629,4423,0,,nr,2026-05-04 22:48:11.228582+00:00
2443,3630,4405,0,,nr,2026-05-04 22:48:11.228582+00:00
2444,3631,3649,0,,,2026-05-04 22:48:11.228582+00:00
2445,3632,3209,0,,N/A,2026-05-04 22:48:11.228582+00:00
2446,3633,3291,1,89000,Buy,2026-05-04 22:48:11.228582+00:00
2447,3634,3068,0,,,2026-05-04 22:48:11.228582+00:00
2448,3635,3741,1,460000,Buy,2026-05-04 22:48:11.228582+00:00
2449,3636,3385,1,3800,Buy,2026-05-04 22:48:11.228582+00:00
2450,3637,5358,1,300000,Buy,2026-05-04 22:48:11.228582+00:00
2451,3638,3251,1,150000,매수,2026-05-04 22:48:11.228582+00:00
2452,3639,4507,0,,Not Rated,2026-05-04 22:48:11.228582+00:00
2453,3640,3340,1,185000,Buy,2026-05-04 22:48:11.228582+00:00
2454,3641,3719,1,300000,Buy,2026-05-04 22:48:11.228582+00:00
2455,3642,5100,0,,,2026-05-04 22:48:11.228582+00:00
2456,3643,4854,0,,,2026-05-04 22:48:11.228582+00:00
2457,3644,3985,0,,,2026-05-04 22:48:11.228582+00:00
2458,3645,2955,0,,Not Rated,2026-05-04 22:48:11.228582+00:00
2459,3646,3552,0,,,2026-05-04 22:48:11.228582+00:00
2460,3647,3367,1,450000,매수,2026-05-04 22:48:11.228582+00:00
2461,3648,4726,0,,Not Rated,2026-05-04 22:48:11.228582+00:00
2462,3649,4171,0,,Not Rated,2026-05-04 22:48:11.228582+00:00
2463,3650,3438,1,76000,Buy,2026-05-04 22:48:11.228582+00:00
2464,3651,4970,1,90000,Buy,2026-05-04 22:48:11.228582+00:00
2465,3652,4282,1,49000,Buy,2026-05-04 22:48:11.228582+00:00
2466,3653,3060,0,,N/A,2026-05-04 22:48:11.228582+00:00
2467,3654,3215,1,230000,Buy,2026-05-04 22:48:11.228582+00:00
2468,3655,3752,1,140000,Buy,2026-05-04 22:48:11.228582+00:00
2469,3656,4160,0,,nr,2026-05-04 22:48:11.228582+00:00
2470,3657,3314,1,67000,Buy,2026-05-04 22:48:11.228582+00:00
2471,3658,3719,1,265000,Buy,2026-05-04 22:48:11.228582+00:00
2472,3659,4562,1,30000,Buy,2026-05-04 22:48:11.228582+00:00
2473,3660,5032,0,,N/A,2026-05-04 22:48:11.228582+00:00
2474,3661,5032,0,,,2026-05-04 22:48:11.228582+00:00
2475,3662,3621,1,220000,매수,2026-05-04 22:48:11.228582+00:00
2476,3663,3069,1,150000,Buy,2026-05-04 22:48:11.228582+00:00
2477,3664,3493,1,47000,Buy,2026-05-04 22:48:11.228582+00:00
2478,3665,3189,1,110000,Buy,2026-05-04 22:48:11.228582+00:00
2479,3666,3356,1,300000,Buy,2026-05-04 22:48:11.228582+00:00
2480,3667,3074,1,297000,Buy,2026-05-04 22:48:11.228582+00:00
2481,3668,5106,0,,Not Rated,2026-05-04 22:48:11.228582+00:00
2482,3669,3609,1,220000,Buy,2026-05-04 22:48:11.228582+00:00
2483,3670,5163,1,15000,Buy,2026-05-04 22:48:11.228582+00:00
2484,3671,3283,1,15000,Buy,2026-05-04 22:48:11.228582+00:00
2485,3672,3258,1,110000,Buy,2026-05-04 22:48:11.228582+00:00
2486,3673,3024,1,34000,Buy,2026-05-04 22:48:11.228582+00:00
2487,3674,4975,1,45000,Buy,2026-05-04 22:48:11.228582+00:00
2488,3675,3294,0,,Not Rated,2026-05-04 22:48:11.228582+00:00
2489,3676,3336,0,,nr,2026-05-04 22:48:11.228582+00:00
2490,3677,5432,0,,nr,2026-05-04 22:48:11.228582+00:00
2491,3678,4282,0,,N/A,2026-05-04 22:48:11.228582+00:00
2492,3679,3367,1,380000,Buy,2026-05-04 22:48:11.228582+00:00
2493,3680,4097,0,,,2026-05-04 22:48:11.228582+00:00
2494,3681,3550,1,440000,Buy,2026-05-04 22:48:11.228582+00:00
2495,3682,3232,1,6000,Buy,2026-05-04 22:48:11.228582+00:00
2496,3683,4562,0,,,2026-05-04 22:48:11.228582+00:00
2497,3684,4810,0,,Not Rated,2026-05-04 22:48:11.228582+00:00
2498,3685,3084,1,48000,매수,2026-05-04 22:48:11.228582+00:00
2499,3686,4107,0,,Not Rated,2026-05-04 22:48:11.228582+00:00
2500,3687,4006,0,,Not Rated,2026-05-04 22:48:11.228582+00:00
2501,3688,4605,0,,Not Rated,2026-05-04 22:48:11.228582+00:00
2502,3689,4869,0,,Not Rated,2026-05-04 22:48:11.228582+00:00
2503,3690,4612,1,130000,매수,2026-05-04 22:48:11.228582+00:00
2504,3691,3842,0,,nr,2026-05-04 22:48:11.228582+00:00
2505,3692,3922,0,,nr,2026-05-04 22:48:11.228582+00:00
2506,3693,3281,0,,Not Rated,2026-05-04 22:48:11.228582+00:00
2507,3694,3637,1,15000,Buy,2026-05-04 22:48:11.228582+00:00
2508,3695,5092,1,21000,Buy,2026-05-04 22:48:11.228582+00:00
2509,3696,3078,0,,N/A,2026-05-04 22:48:11.228582+00:00
2510,3697,4122,0,,Not Rated,2026-05-04 22:48:11.228582+00:00
2511,3698,3116,1,180000,Buy,2026-05-04 22:48:11.228582+00:00
2512,3699,4495,1,9500,매수,2026-05-04 22:48:11.228582+00:00
2513,3700,2953,1,25000,매수,2026-05-04 22:48:11.228582+00:00
2514,3701,5512,1,13000,매수,2026-05-04 22:48:11.228582+00:00
2515,3702,5098,1,2556,매수,2026-05-04 22:48:11.228582+00:00
2516,3703,3252,1,25000,매수,2026-05-04 22:48:11.228582+00:00
2517,3704,3326,0,250000,Hold,2026-05-04 22:48:11.228582+00:00
2518,3705,3326,1,500000,Buy,2026-05-04 22:48:11.228582+00:00
2519,3706,3367,1,330000,Buy,2026-05-04 22:48:11.228582+00:00
2520,3707,4058,1,16000,Buy,2026-05-04 22:48:11.228582+00:00
2521,3708,3393,1,14000,Buy,2026-05-04 22:48:11.228582+00:00
2522,3709,4148,1,16000,Buy,2026-05-04 22:48:11.228582+00:00
2523,3710,3291,1,81000,Buy,2026-05-04 22:48:11.228582+00:00
2524,3711,3184,0,,Not Rated,2026-05-04 22:48:11.228582+00:00
2525,3712,3291,1,79000,매수,2026-05-04 22:48:11.228582+00:00
2526,3713,2985,0,300000,Hold,2026-05-04 22:48:11.228582+00:00
2527,3714,5331,0,,nr,2026-05-04 22:48:11.228582+00:00
2528,3715,5263,0,,nr,2026-05-04 22:48:11.228582+00:00
2529,3716,3973,0,,nr,2026-05-04 22:48:11.228582+00:00
2530,3717,4706,1,70000,Buy,2026-05-04 22:48:11.228582+00:00
2531,3718,4712,0,,nr,2026-05-04 22:48:11.228582+00:00
2532,3719,4010,0,,Not Rated,2026-05-04 22:48:11.228582+00:00
2533,3720,3057,1,250000,Buy,2026-05-04 22:48:11.228582+00:00
2534,3721,3609,1,210000,Buy,2026-05-04 22:48:11.228582+00:00
2535,3722,5358,1,270000,매수,2026-05-04 22:48:11.228582+00:00
2536,3723,4641,1,330000,매수,2026-05-04 22:48:11.228582+00:00
2537,3724,5432,1,11000,매수,2026-05-04 22:48:11.228582+00:00
2538,3725,4975,1,33000,매수,2026-05-04 22:48:11.228582+00:00
2539,3726,4617,1,55000,매수,2026-05-04 22:48:11.228582+00:00
2540,3727,4625,1,51000,Buy,2026-05-04 22:48:11.228582+00:00
2541,3728,3510,1,70000,Buy,2026-05-04 22:48:11.228582+00:00
2542,3729,3510,1,70000,Buy,2026-05-04 22:48:11.228582+00:00
2543,3730,3069,1,170000,Buy,2026-05-04 22:48:11.228582+00:00
2544,3731,3701,1,1800000,Buy,2026-05-04 22:48:11.228582+00:00
2545,3732,3701,1,1800000,Buy,2026-05-04 22:48:11.228582+00:00
2546,3733,3701,1,1800000,Buy,2026-05-04 22:48:11.228582+00:00
2547,3734,2953,1,26000,Buy,2026-05-04 22:48:11.228582+00:00
2548,3735,3318,1,40000,Buy,2026-05-04 22:48:11.228582+00:00
2549,3736,2967,1,21000,Buy,2026-05-04 22:48:11.228582+00:00
2550,3737,5221,1,17000,Buy,2026-05-04 22:48:11.228582+00:00
2551,3738,5455,1,43000,매수,2026-05-04 22:48:11.228582+00:00
2552,3739,3411,1,44000,매수,2026-05-04 22:48:11.228582+00:00
2553,3740,3835,0,,N/A,2026-05-04 22:48:11.228582+00:00
2554,3741,4970,1,63000,Buy,2026-05-04 22:48:11.228582+00:00
2555,3742,3710,1,85000,Buy,2026-05-04 22:48:11.228582+00:00
2556,3743,3367,0,280000,Hold,2026-05-04 22:48:11.228582+00:00
2557,3744,4439,0,,,2026-05-04 22:48:11.228582+00:00
2558,3745,3609,1,220000,Buy,2026-05-04 22:48:11.228582+00:00
2559,3746,2985,0,302000,Hold,2026-05-04 22:48:11.228582+00:00
2560,3747,4681,0,,nr,2026-05-04 22:48:11.228582+00:00
2561,3748,4563,1,100000,Buy,2026-05-04 22:48:11.228582+00:00
2562,3749,3222,0,,Not Rated,2026-05-04 22:48:11.228582+00:00
2563,3750,3318,0,,nr,2026-05-04 22:48:11.228582+00:00
2564,3751,3189,0,,nr,2026-05-04 22:48:11.228582+00:00
2565,3752,4423,0,,nr,2026-05-04 22:48:11.228582+00:00
2566,3753,3222,0,,nr,2026-05-04 22:48:11.228582+00:00
2567,3754,3488,1,360000,Buy,2026-05-04 22:48:11.228582+00:00
2568,3755,3264,0,17000,Hold,2026-05-04 22:48:11.228582+00:00
2569,3756,5037,1,8500,Buy,2026-05-04 22:48:11.228582+00:00
2570,3757,3213,1,47000,매수,2026-05-04 22:48:11.228582+00:00
2571,3758,3871,0,,Not Rated,2026-05-04 22:48:11.228582+00:00
2572,3759,5179,0,,,2026-05-04 22:48:11.228582+00:00
2573,3760,4530,1,48000,Buy,2026-05-04 22:48:11.228582+00:00
2574,3761,5060,1,37000,매수,2026-05-04 22:48:11.228582+00:00
2575,3762,3951,1,83000,Buy,2026-05-04 22:48:11.228582+00:00
2576,3763,3894,0,,Not Rated,2026-05-04 22:48:11.228582+00:00
2577,3764,3894,0,,Not Rated,2026-05-04 22:48:11.228582+00:00
2578,3765,3963,0,,nr,2026-05-04 22:48:11.228582+00:00
2579,3766,3919,0,,Not Rated,2026-05-04 22:48:11.228582+00:00
2580,3767,2944,0,,Not Rated,2026-05-04 22:48:11.228582+00:00
2581,3768,4211,1,34000,Buy,2026-05-04 22:48:11.228582+00:00
2582,3769,5081,0,,nr,2026-05-04 22:48:11.228582+00:00
2583,3770,3331,0,,nr,2026-05-04 22:48:11.228582+00:00
2584,3771,3192,0,,nr,2026-05-04 22:48:11.228582+00:00
2585,3772,3717,1,27000,Buy,2026-05-04 22:48:11.228582+00:00
2586,3773,3666,1,34500,Buy,2026-05-04 22:48:11.228582+00:00
2587,3774,4400,1,8000,Buy,2026-05-04 22:48:11.228582+00:00
2588,3775,3136,0,56000,N/A,2026-05-04 22:48:11.228582+00:00
2589,3776,5014,1,55000,Buy,2026-05-04 22:48:11.228582+00:00
2590,3777,4854,1,14000,Buy,2026-05-04 22:48:11.228582+00:00
2591,3778,5151,1,24000,Buy,2026-05-04 22:48:11.228582+00:00
2592,3779,4244,0,,Not Rated,2026-05-04 22:48:11.228582+00:00
2593,3780,3194,1,240000,매수,2026-05-04 22:48:11.228582+00:00
2594,3781,3591,1,23000,Buy,2026-05-04 22:48:11.228582+00:00
2595,3782,4292,1,80000,Buy,2026-05-04 22:48:11.228582+00:00
2596,3783,3010,1,18000,Buy,2026-05-04 22:48:11.228582+00:00
2597,3784,4247,0,,nr,2026-05-04 22:48:11.228582+00:00
2598,3785,3069,1,140000,Buy,2026-05-04 22:48:11.228582+00:00
2599,3786,4681,0,,nr,2026-05-04 22:48:11.228582+00:00
2600,3787,4125,1,90000,Buy,2026-05-04 22:48:11.228582+00:00
2601,3788,4838,0,,nr,2026-05-04 22:48:11.228582+00:00
2602,3789,3520,1,43000,Buy,2026-05-04 22:48:11.228582+00:00
2603,3790,3862,0,,Not Rated,2026-05-04 22:48:11.228582+00:00
2604,3791,4157,1,44000,Buy,2026-05-04 22:48:11.228582+00:00
2605,3792,5335,0,,N/A,2026-05-04 22:48:11.228582+00:00
2606,3793,2999,1,510000,Buy,2026-05-04 22:48:11.228582+00:00
2607,3794,3381,1,90000,매수,2026-05-04 22:48:11.228582+00:00
2608,3795,4563,0,,,2026-05-04 22:48:11.228582+00:00
2609,3796,4499,1,10300,매수,2026-05-04 22:48:11.228582+00:00
2610,3797,3664,0,,Not Rated,2026-05-04 22:48:11.228582+00:00
2611,3798,3741,1,524000,Buy,2026-05-04 22:48:11.228582+00:00
2612,3799,2956,1,260000,Buy,2026-05-04 22:48:11.228582+00:00
2613,3800,2941,0,,Not Rated,2026-05-04 22:48:11.228582+00:00
2614,3801,3508,1,230000,Buy,2026-05-04 22:48:11.228582+00:00
2615,3802,5163,1,15000,Buy,2026-05-04 22:48:11.228582+00:00
2616,3803,3733,1,170000,매수,2026-05-04 22:48:11.228582+00:00
2617,3804,3170,1,47000,매수,2026-05-04 22:48:11.228582+00:00
2618,3805,3201,0,62000,중립,2026-05-04 22:48:11.228582+00:00
2619,3806,3201,0,62000,중립,2026-05-04 22:48:11.228582+00:00
2620,3807,3736,1,162000,매수,2026-05-04 22:48:11.228582+00:00
2621,3808,3753,1,13000,매수,2026-05-04 22:48:11.228582+00:00
2622,3809,4706,1,50000,매수,2026-05-04 22:48:11.228582+00:00
2623,3810,4951,0,,Not Rated,2026-05-04 22:48:11.228582+00:00
2624,3811,4528,0,,Not Rated,2026-05-04 22:48:11.228582+00:00
2625,3812,3291,1,79000,매수,2026-05-04 22:48:11.228582+00:00
2626,3813,3385,0,3400,Hold,2026-05-04 22:48:11.228582+00:00
2627,3814,3206,0,11000,Hold,2026-05-04 22:48:11.228582+00:00
2628,3815,4593,1,68000,Buy,2026-05-04 22:48:11.228582+00:00
2629,3816,3385,1,3800,Buy,2026-05-04 22:48:11.228582+00:00
2630,3817,5054,1,7000,Buy,2026-05-04 22:48:11.228582+00:00
2631,3818,5054,1,7000,Buy,2026-05-04 22:48:11.228582+00:00
2632,3819,2965,1,20000,Buy,2026-05-04 22:48:11.228582+00:00
2633,3820,3201,1,73000,Buy,2026-05-04 22:48:11.228582+00:00
2634,3821,4834,1,35000,Buy,2026-05-04 22:48:11.228582+00:00
2635,3822,3043,1,169000,Buy,2026-05-04 22:48:11.228582+00:00
2636,3823,5028,1,33000,적극매수,2026-05-04 22:48:11.228582+00:00
2637,3824,3701,1,1900000,Buy,2026-05-04 22:48:11.228582+00:00
2638,3825,3637,1,15000,Buy,2026-05-04 22:48:11.228582+00:00
2639,3826,3170,1,68000,Buy,2026-05-04 22:48:11.228582+00:00
2640,3827,3736,1,152000,Buy,2026-05-04 22:48:11.228582+00:00
2641,3828,3456,0,,Not Rated,2026-05-04 22:48:11.228582+00:00
2642,3829,4039,1,35400,Buy,2026-05-04 22:48:11.228582+00:00
2643,3830,4228,1,51900,Buy,2026-05-04 22:48:11.228582+00:00
2644,3831,3185,0,3600,Hold,2026-05-04 22:48:11.228582+00:00
2645,3832,3736,1,150000,Buy,2026-05-04 22:48:11.228582+00:00
2646,3833,4811,1,7000,Buy,2026-05-04 22:48:11.228582+00:00
2647,3834,3381,1,110000,Buy,2026-05-04 22:48:11.228582+00:00
2648,3835,3651,1,450000,Buy,2026-05-04 22:48:11.228582+00:00
2649,3836,5206,0,,Not Rated,2026-05-04 22:48:11.228582+00:00
2650,3837,3384,0,,Not Rated,2026-05-04 22:48:11.228582+00:00
2651,3838,3622,1,6500,Buy,2026-05-04 22:48:11.228582+00:00
2652,3839,5376,0,,nr,2026-05-04 22:48:11.228582+00:00
2653,3840,3285,0,,nr,2026-05-04 22:48:11.228582+00:00
2654,3841,3419,1,550000,Buy,2026-05-04 22:48:11.228582+00:00
2655,3842,3613,1,100000,Buy,2026-05-04 22:48:11.228582+00:00
2656,3843,3651,1,500000,Buy,2026-05-04 22:48:11.228582+00:00
2657,3844,4706,1,60000,Buy,2026-05-04 22:48:11.228582+00:00
2658,3845,3403,1,29000,Buy,2026-05-04 22:48:11.228582+00:00
2659,3846,5294,1,100000,Buy,2026-05-04 22:48:11.228582+00:00
2660,3847,3039,1,62000,매수,2026-05-04 22:48:11.228582+00:00
2661,3848,3213,1,47000,매수,2026-05-04 22:48:11.228582+00:00
2662,3849,4530,0,33000,중립,2026-05-04 22:48:11.228582+00:00
2663,3850,5265,1,67000,매수,2026-05-04 22:48:11.228582+00:00
2664,3851,3491,1,38000,Buy,2026-05-04 22:48:11.228582+00:00
2665,3852,4530,0,35000,Hold,2026-05-04 22:48:11.228582+00:00
2666,3853,3161,0,,nr,2026-05-04 22:48:11.228582+00:00
2667,3854,3039,1,69000,Buy,2026-05-04 22:48:11.228582+00:00
2668,3855,3015,1,8000,Buy,2026-05-04 22:48:11.228582+00:00
2669,3856,5294,1,100000,Buy,2026-05-04 22:48:11.228582+00:00
2670,3857,3183,0,125000,Hold,2026-05-04 22:48:11.228582+00:00
2671,3858,3491,0,25000,중립,2026-05-04 22:48:11.228582+00:00
2672,3859,3185,0,,,2026-05-04 22:48:11.228582+00:00
2673,3860,3156,1,145000,매수,2026-05-04 22:48:11.228582+00:00
2674,3861,3411,1,41000,매수,2026-05-04 22:48:11.228582+00:00
2675,3862,3878,1,8200,매수,2026-05-04 22:48:11.228582+00:00
2676,3863,5265,1,56000,Buy,2026-05-04 22:48:11.228582+00:00
2677,3864,3183,0,140000,Hold,2026-05-04 22:48:11.228582+00:00
2678,3865,3700,0,490000,Hold,2026-05-04 22:48:11.228582+00:00
2679,3866,4739,1,3200,Buy,2026-05-04 22:48:11.228582+00:00
2680,3867,4739,1,3200,Buy,2026-05-04 22:48:11.228582+00:00
2681,3868,4958,1,21000,Buy,2026-05-04 22:48:11.228582+00:00
2682,3869,3491,1,32000,Buy,2026-05-04 22:48:11.228582+00:00
2683,3870,3403,0,22000,Hold,2026-05-04 22:48:11.228582+00:00
2684,3871,4970,1,63000,Buy,2026-05-04 22:48:11.228582+00:00
2685,3872,3403,1,29000,Buy,2026-05-04 22:48:11.228582+00:00
2686,3873,3196,1,28000,Buy,2026-05-04 22:48:11.228582+00:00
2687,3874,3298,1,300000,매수,2026-05-04 22:48:11.228582+00:00
2688,3875,3493,0,40000,중립,2026-05-04 22:48:11.228582+00:00
2689,3876,3973,0,,Not Rated,2026-05-04 22:48:11.228582+00:00
2690,3877,3924,0,,Not Rated,2026-05-04 22:48:11.228582+00:00
2691,3878,5019,1,23000,Buy,2026-05-04 22:48:11.228582+00:00
2692,3879,4618,1,8000,Buy,2026-05-04 22:48:11.228582+00:00
2693,3880,5050,1,30000,Buy,2026-05-04 22:48:11.228582+00:00
2694,3881,3231,1,325000,Buy,2026-05-04 22:48:11.228582+00:00
2695,3882,3493,1,47000,Buy,2026-05-04 22:48:11.228582+00:00
2696,3883,3314,0,45000,Hold,2026-05-04 22:48:11.228582+00:00
2697,3884,3231,1,350000,Buy,2026-05-04 22:48:11.228582+00:00
2698,3885,4205,1,63000,Buy,2026-05-04 22:48:11.228582+00:00
2699,3886,3349,1,74000,Buy,2026-05-04 22:48:11.228582+00:00
2700,3887,3252,1,28000,Buy,2026-05-04 22:48:11.228582+00:00
2701,3888,4703,1,75000,Buy,2026-05-04 22:48:11.228582+00:00
2702,3889,4593,1,61000,Buy,2026-05-04 22:48:11.228582+00:00
2703,3890,4525,1,10000,Buy,2026-05-04 22:48:11.228582+00:00
2704,3891,5050,1,31000,Buy,2026-05-04 22:48:11.228582+00:00
2705,3892,4618,1,9000,Buy,2026-05-04 22:48:11.228582+00:00
2706,3893,3349,1,63000,매수,2026-05-04 22:48:11.228582+00:00
2707,3894,3349,1,66000,Buy,2026-05-04 22:48:11.228582+00:00
2708,3895,4697,1,70000,Buy,2026-05-04 22:48:11.228582+00:00
2709,3896,4703,1,85000,Buy,2026-05-04 22:48:11.228582+00:00
2710,3897,3122,1,340000,Buy,2026-05-04 22:48:11.228582+00:00
2711,3898,3510,0,,,2026-05-04 22:48:11.228582+00:00
2712,3899,4245,0,39000,marketperform,2026-05-04 22:48:11.228582+00:00
2713,3900,4677,1,900000,Buy,2026-05-04 22:48:11.228582+00:00
2714,3901,3556,1,81000,매수,2026-05-04 22:48:11.228582+00:00
2715,3902,3133,0,3000,중립,2026-05-04 22:48:11.228582+00:00
2716,3903,3209,1,320000,매수,2026-05-04 22:48:11.228582+00:00
2717,3904,3219,1,17500,매수,2026-05-04 22:48:11.228582+00:00
2718,3905,3187,1,55000,매수,2026-05-04 22:48:11.228582+00:00
2719,3906,3379,0,,nr,2026-05-04 22:48:11.228582+00:00
2720,3907,3436,1,80000,Buy,2026-05-04 22:48:11.228582+00:00
2721,3908,4819,1,130000,Buy,2026-05-04 22:48:11.228582+00:00
2722,3909,3764,1,35000,Buy,2026-05-04 22:48:11.228582+00:00
2723,3910,3135,1,130000,Buy,2026-05-04 22:48:11.228582+00:00
2724,3911,3595,1,240000,Buy,2026-05-04 22:48:11.228582+00:00
2725,3912,3767,1,123000,Buy,2026-05-04 22:48:11.228582+00:00
2726,3913,4677,1,800000,Buy,2026-05-04 22:48:11.228582+00:00
2727,3914,3336,1,54000,Buy,2026-05-04 22:48:11.228582+00:00
2728,3915,3303,1,98000,Buy,2026-05-04 22:48:11.228582+00:00
2729,3916,3336,1,59000,Buy,2026-05-04 22:48:11.228582+00:00
2730,3917,3209,1,280000,Buy,2026-05-04 22:48:11.228582+00:00
2731,3918,3436,1,115000,Buy,2026-05-04 22:48:11.228582+00:00
2732,3919,3595,1,230000,Buy,2026-05-04 22:48:11.228582+00:00
2733,3920,4517,1,63000,Buy,2026-05-04 22:48:11.228582+00:00
2734,3921,3697,0,20000,Hold,2026-05-04 22:48:11.228582+00:00
2735,3922,3072,0,60000,Hold,2026-05-04 22:48:11.228582+00:00
2736,3923,3102,0,600000,Hold,2026-05-04 22:48:11.228582+00:00
2737,3924,5440,1,90000,Buy,2026-05-04 22:48:11.228582+00:00
2738,3925,4563,1,100000,매수,2026-05-04 22:48:11.228582+00:00
2739,3926,3068,1,78000,매수,2026-05-04 22:48:11.228582+00:00
2740,3927,3072,1,79000,매수,2026-05-04 22:48:11.228582+00:00
2741,3928,3102,0,640000,Hold,2026-05-04 22:48:11.228582+00:00
2742,3929,3340,1,175000,Buy,2026-05-04 22:48:11.228582+00:00
2743,3930,4563,1,100000,Buy,2026-05-04 22:48:11.228582+00:00
2744,3931,3060,1,145000,Buy,2026-05-04 22:48:11.228582+00:00
2745,3932,3225,1,72000,Buy,2026-05-04 22:48:11.228582+00:00
2746,3933,4180,0,,Not Rated,2026-05-04 22:48:11.228582+00:00
2747,3934,3326,1,370000,Buy,2026-05-04 22:48:11.228582+00:00
2748,3935,3450,0,740000,Hold,2026-05-04 22:48:11.228582+00:00
2749,3936,3340,1,175000,Buy,2026-05-04 22:48:11.228582+00:00
2750,3937,3172,1,70000,Buy,2026-05-04 22:48:11.228582+00:00
2751,3938,3303,1,100000,Buy,2026-05-04 22:48:11.228582+00:00
2752,3939,3016,1,360000,Buy,2026-05-04 22:48:11.228582+00:00
2753,3940,2956,1,300000,Buy,2026-05-04 22:48:11.228582+00:00
2754,3941,5394,1,190000,Buy,2026-05-04 22:48:11.228582+00:00
2755,3942,3481,1,69000,매수,2026-05-04 22:48:11.228582+00:00
2756,3943,3159,1,32000,매수,2026-05-04 22:48:11.228582+00:00
2757,3944,3481,1,69000,매수,2026-05-04 22:48:11.228582+00:00
2758,3945,3040,1,29400,매수,2026-05-04 22:48:11.228582+00:00
2759,3946,3322,1,83000,매수,2026-05-04 22:48:11.228582+00:00
2760,3947,3211,1,137000,매수,2026-05-04 22:48:11.228582+00:00
2761,3948,4311,0,18000,중립,2026-05-04 22:48:11.228582+00:00
2762,3949,2950,1,167000,Buy,2026-05-04 22:48:11.228582+00:00
2763,3950,3295,1,170000,Buy,2026-05-04 22:48:11.228582+00:00
2764,3951,3001,1,33000,Buy,2026-05-04 22:48:11.228582+00:00
2765,3952,2997,1,39000,Buy,2026-05-04 22:48:11.228582+00:00
2766,3953,3303,1,90000,Buy,2026-05-04 22:48:11.228582+00:00
2767,3954,3579,1,1200000,Buy,2026-05-04 22:48:11.228582+00:00
2768,3955,3016,1,370000,Buy,2026-05-04 22:48:11.228582+00:00
2769,3956,3057,1,220000,Buy,2026-05-04 22:48:11.228582+00:00
2770,3957,5394,1,178000,Buy,2026-05-04 22:48:11.228582+00:00
2771,3958,2970,0,,N/A,2026-05-04 22:48:11.228582+00:00
2772,3959,3023,1,160000,매수,2026-05-04 22:48:11.228582+00:00
2773,3960,5123,1,28000,매수,2026-05-04 22:48:11.228582+00:00
2774,3961,3066,1,145000,Buy,2026-05-04 22:48:11.228582+00:00
2775,3962,3691,1,64000,Buy,2026-05-04 22:48:11.228582+00:00
2776,3963,4846,1,114000,Buy,2026-05-04 22:48:11.228582+00:00
2777,3964,3126,1,250000,Buy,2026-05-04 22:48:11.228582+00:00
2778,3965,3741,1,524000,Buy,2026-05-04 22:48:11.228582+00:00
2779,3966,4947,1,32000,Buy,2026-05-04 22:48:11.228582+00:00
2780,3967,4424,0,,Not Rated,2026-05-04 22:48:11.228582+00:00
2781,3968,3126,1,320000,Buy,2026-05-04 22:48:11.228582+00:00
2782,3969,3316,1,95000,Buy,2026-05-04 22:48:11.228582+00:00
2783,3970,2967,1,18000,Buy,2026-05-04 22:48:11.228582+00:00
2784,3971,3742,1,160000,Buy,2026-05-04 22:48:11.228582+00:00
2785,3972,3742,1,160000,매수,2026-05-04 22:48:11.228582+00:00
2786,3973,4527,1,60000,Buy,2026-05-04 22:48:11.228582+00:00
2787,3974,4947,1,30000,Buy,2026-05-04 22:48:11.228582+00:00
2788,3975,2967,1,19000,Buy,2026-05-04 22:48:11.228582+00:00
2789,3976,3691,1,54000,Buy,2026-05-04 22:48:11.228582+00:00
2790,3977,2967,1,20500,매수,2026-05-04 22:48:11.228582+00:00
2791,3978,4545,1,34000,매수,2026-05-04 22:48:11.228582+00:00
2792,3979,3669,1,70935,매수,2026-05-04 22:48:11.228582+00:00
2793,3980,3742,1,160000,Buy,2026-05-04 22:48:11.228582+00:00
2794,3981,3742,1,160000,Buy,2026-05-04 22:48:11.228582+00:00
2795,3982,3214,0,,,2026-05-04 22:48:11.228582+00:00
2796,3983,3251,0,,,2026-05-04 22:48:11.228582+00:00
2797,3984,3112,1,14000,Buy,2026-05-04 22:48:11.228582+00:00
2798,3985,3274,1,6500,Buy,2026-05-04 22:48:11.228582+00:00
2799,3986,3608,1,240000,Buy,2026-05-04 22:48:11.228582+00:00
2800,3987,3992,0,,,2026-05-04 22:48:11.228582+00:00
2801,3988,5030,0,,,2026-05-04 22:48:11.228582+00:00
2802,3989,3325,0,290000,marketperform,2026-05-04 22:48:11.228582+00:00
2803,3990,3251,1,160000,Buy,2026-05-04 22:48:11.228582+00:00
2804,3991,4706,1,50000,매수,2026-05-04 22:48:11.228582+00:00
2805,3992,3425,1,27000,매수,2026-05-04 22:48:11.228582+00:00
2806,3993,3308,1,24000,매수,2026-05-04 22:48:11.228582+00:00
2807,3994,3214,0,150000,Hold,2026-05-04 22:48:11.228582+00:00
2808,3995,3396,1,88000,Buy,2026-05-04 22:48:11.228582+00:00
2809,3996,3758,0,,nr,2026-05-04 22:48:11.228582+00:00
2810,3997,5367,1,9000,Buy,2026-05-04 22:48:11.228582+00:00
2811,3998,4540,1,27000,Buy,2026-05-04 22:48:11.228582+00:00
2812,3999,3251,1,165000,Buy,2026-05-04 22:48:11.228582+00:00
2813,4000,3214,1,158000,Buy,2026-05-04 22:48:11.228582+00:00
2814,4001,3251,1,180000,Buy,2026-05-04 22:48:11.228582+00:00
2815,4002,3559,1,177000,Buy,2026-05-04 22:48:11.228582+00:00
2816,4003,3686,1,34000,Buy,2026-05-04 22:48:11.228582+00:00
2817,4004,3495,1,200000,Buy,2026-05-04 22:48:11.228582+00:00
2818,4005,3235,0,120000,Hold,2026-05-04 22:48:11.228582+00:00
2819,4006,3550,1,500000,Buy,2026-05-04 22:48:11.228582+00:00
2820,4007,3325,0,300000,Hold,2026-05-04 22:48:11.228582+00:00
2821,4008,3005,1,94000,Buy,2026-05-04 22:48:11.228582+00:00
2822,4009,3609,1,187000,매수,2026-05-04 22:48:11.228582+00:00
2823,4010,3305,1,210000,매수,2026-05-04 22:48:11.228582+00:00
2824,4011,3608,1,250000,매수,2026-05-04 22:48:11.228582+00:00
2825,4012,3341,1,440000,매수,2026-05-04 22:48:11.228582+00:00
2826,4013,2992,1,600000,매수,2026-05-04 22:48:11.228582+00:00
2827,4015,3005,1,100000,매수,2026-05-04 22:48:11.228582+00:00
2828,4016,3011,1,67000,Buy,2026-05-04 22:48:11.228582+00:00
2829,4017,3327,1,5500,Buy,2026-05-04 22:48:11.228582+00:00
2830,4018,3325,0,340000,Hold,2026-05-04 22:48:11.228582+00:00
2831,4019,3305,1,200000,Buy,2026-05-04 22:48:11.228582+00:00
2832,4020,3271,1,120000,Buy,2026-05-04 22:48:11.228582+00:00
2833,4021,4594,0,,Not Rated,2026-05-04 22:48:11.228582+00:00
2834,4022,2992,1,572000,Buy,2026-05-04 22:48:11.228582+00:00
2835,4023,2992,1,589000,Buy,2026-05-04 22:48:11.228582+00:00
2836,4024,3608,1,235000,Buy,2026-05-04 22:48:11.228582+00:00
2837,4025,3609,1,180000,Buy,2026-05-04 22:48:11.228582+00:00
2838,4026,3696,0,22000,중립,2026-05-04 22:48:11.228582+00:00
2839,4027,3158,0,,,2026-05-04 22:48:11.228582+00:00
2840,4028,3236,0,,,2026-05-04 22:48:11.228582+00:00
2841,4029,3696,0,21000,Hold,2026-05-04 22:48:11.228582+00:00
2842,4030,3158,1,17500,Buy,2026-05-04 22:48:11.228582+00:00
2843,4031,3579,0,1200000,N/A,2026-05-04 22:48:11.228582+00:00
2844,4032,3232,1,5800,Buy,2026-05-04 22:48:11.228582+00:00
2845,4033,3579,1,1360000,Buy,2026-05-04 22:48:11.228582+00:00
2846,4034,3550,1,360000,Buy,2026-05-04 22:48:11.228582+00:00
2847,4035,3437,1,37000,Buy,2026-05-04 22:48:11.228582+00:00
2848,4036,5000,1,73000,Buy,2026-05-04 22:48:11.228582+00:00
2849,4037,3359,0,,N/A,2026-05-04 22:48:11.228582+00:00
2850,4038,3681,1,9000,Buy,2026-05-04 22:48:11.228582+00:00
2851,4039,2957,0,,N/A,2026-05-04 22:48:11.228582+00:00
2852,4040,3766,1,200000,Buy,2026-05-04 22:48:11.228582+00:00
2853,4041,5419,1,39000,Buy,2026-05-04 22:48:11.228582+00:00
2854,4042,3035,1,15000,Buy,2026-05-04 22:48:11.228582+00:00
2855,4043,3200,1,260000,Buy,2026-05-04 22:48:11.228582+00:00
2856,4044,4161,1,35000,Buy,2026-05-04 22:48:11.228582+00:00
2857,4045,3077,1,92000,Buy,2026-05-04 22:48:11.228582+00:00
2858,4046,5060,1,30000,Buy,2026-05-04 22:48:11.228582+00:00
2859,4047,4231,1,65000,매수,2026-05-04 22:48:11.228582+00:00
2860,4048,3006,1,39500,매수,2026-05-04 22:48:11.228582+00:00
2861,4049,3200,1,250000,매수,2026-05-04 22:48:11.228582+00:00
2862,4050,3194,1,240000,매수,2026-05-04 22:48:11.228582+00:00
2863,4051,5419,0,,N/A,2026-05-04 22:48:11.228582+00:00
2864,4052,3029,1,64000,Buy,2026-05-04 22:48:11.228582+00:00
2865,4053,3605,1,27000,Buy,2026-05-04 22:48:11.228582+00:00
2866,4054,4231,1,72000,Buy,2026-05-04 22:48:11.228582+00:00
2867,4055,3051,1,1550000,Buy,2026-05-04 22:48:11.228582+00:00
2868,4056,2999,1,450000,매수,2026-05-04 22:48:11.228582+00:00
2869,4057,3329,1,120000,매수,2026-05-04 22:48:11.228582+00:00
2870,4058,4672,1,20600,Buy,2026-05-04 22:48:11.228582+00:00
2871,4059,3150,1,122000,Buy,2026-05-04 22:48:11.228582+00:00
2872,4060,3327,1,5500,Buy,2026-05-04 22:48:11.228582+00:00
2873,4061,3287,0,2500,Hold,2026-05-04 22:48:11.228582+00:00
2874,4062,3129,0,26000,Hold,2026-05-04 22:48:11.228582+00:00
2875,4063,3329,1,114000,Buy,2026-05-04 22:48:11.228582+00:00
2876,4064,3669,1,120000,Buy,2026-05-04 22:48:11.228582+00:00
2877,4065,3029,1,68000,Buy,2026-05-04 22:48:11.228582+00:00
2878,4066,2999,1,510000,Buy,2026-05-04 22:48:11.228582+00:00
2879,4067,4672,1,24000,Buy,2026-05-04 22:48:11.228582+00:00
2880,4068,4337,1,10000,Buy,2026-05-04 22:48:11.228582+00:00
2881,4069,3292,1,22000,Buy,2026-05-04 22:48:11.228582+00:00
2882,4070,3151,1,10500,Buy,2026-05-04 22:48:11.228582+00:00
2883,4071,3029,1,74000,Buy,2026-05-04 22:48:11.228582+00:00
2884,4072,3327,1,5000,Buy,2026-05-04 22:48:11.228582+00:00
2885,4073,3329,1,115000,Buy,2026-05-04 22:48:11.228582+00:00
2886,4074,3024,1,28000,Buy,2026-05-04 22:48:11.228582+00:00
2887,4075,4244,0,,Not Rated,2026-05-04 22:48:11.228582+00:00
2888,4076,3767,1,123000,Buy,2026-05-04 22:48:11.228582+00:00
2889,4077,4680,0,,Not Rated,2026-05-04 22:48:11.228582+00:00
2890,4078,2950,1,150000,Buy,2026-05-04 22:48:11.228582+00:00
2891,4079,3080,1,68000,Buy,2026-05-04 22:48:11.228582+00:00
2892,4080,3154,1,16500,Buy,2026-05-04 22:48:11.228582+00:00
2893,4081,3732,1,115000,Buy,2026-05-04 22:48:11.228582+00:00
2894,4082,3037,1,240000,Buy,2026-05-04 22:48:11.228582+00:00
2895,4083,3710,1,88000,Buy,2026-05-04 22:48:11.228582+00:00
2896,4084,3154,0,,,2026-05-04 22:48:11.228582+00:00
2897,4085,3154,1,16000,Buy,2026-05-04 22:48:11.228582+00:00
2898,4086,3037,1,220000,Buy,2026-05-04 22:48:11.228582+00:00
2899,4087,3438,1,55000,Trading Buy,2026-05-04 22:48:11.228582+00:00
2900,4088,3933,0,,Not Rated,2026-05-04 22:48:11.228582+00:00
2901,4089,4972,1,,Buy,2026-05-04 22:48:11.228582+00:00
2902,4090,5294,1,100000,Buy,2026-05-04 22:48:11.228582+00:00
2903,4091,3015,1,6250,Buy,2026-05-04 22:48:11.228582+00:00
2904,4092,3154,0,14000,Hold,2026-05-04 22:48:11.228582+00:00
2905,4093,3261,1,106000,매수,2026-05-04 22:48:11.228582+00:00
2906,4094,3322,1,83000,매수,2026-05-04 22:48:11.228582+00:00
2907,4095,3040,1,29400,매수,2026-05-04 22:48:11.228582+00:00
2908,4096,3731,1,125000,매수,2026-05-04 22:48:11.228582+00:00
2909,4097,3719,1,270000,매수,2026-05-04 22:48:11.228582+00:00
2910,4098,3488,1,390000,매수,2026-05-04 22:48:11.228582+00:00
2911,4099,3316,1,100000,매수,2026-05-04 22:48:11.228582+00:00
2912,4100,5224,1,13000,매수,2026-05-04 22:48:11.228582+00:00
2913,4101,3176,1,370000,매수,2026-05-04 22:48:11.228582+00:00
2914,4102,2985,1,465000,매수,2026-05-04 22:48:11.228582+00:00
2915,4103,3731,1,130000,Buy,2026-05-04 22:48:11.228582+00:00
2916,4104,3117,1,53000,Buy,2026-05-04 22:48:11.228582+00:00
2917,4105,3488,1,360000,Buy,2026-05-04 22:48:11.228582+00:00
2918,4106,3322,1,85000,Buy,2026-05-04 22:48:11.228582+00:00
2919,4107,3261,1,110000,Buy,2026-05-04 22:48:11.228582+00:00
2920,4108,3055,1,33000,Buy,2026-05-04 22:48:11.228582+00:00
2921,4109,3396,1,88000,Buy,2026-05-04 22:48:11.228582+00:00
2922,4110,3060,1,145000,Buy,2026-05-04 22:48:11.228582+00:00
2923,4111,3176,1,380000,Buy,2026-05-04 22:48:11.228582+00:00
2924,4112,3051,1,1550000,Buy,2026-05-04 22:48:11.228582+00:00
2925,4113,2997,1,39000,Buy,2026-05-04 22:48:11.228582+00:00
2926,4114,3622,1,6000,Buy,2026-05-04 22:48:11.228582+00:00
2927,4115,3734,1,830000,Buy,2026-05-04 22:48:11.228582+00:00
2928,4116,3578,0,,N/A,2026-05-04 22:48:11.228582+00:00
2929,4117,4423,0,,nr,2026-05-04 22:48:11.228582+00:00
2930,4118,5081,0,,nr,2026-05-04 22:48:11.228582+00:00
2931,4119,3734,1,700000,Buy,2026-05-04 22:48:11.228582+00:00
2932,4120,3669,1,120000,Buy,2026-05-04 22:48:11.228582+00:00
2933,4121,3055,1,32000,Buy,2026-05-04 22:48:11.228582+00:00
2934,4122,3316,1,95000,Buy,2026-05-04 22:48:11.228582+00:00
2935,4123,2985,1,450000,Buy,2026-05-04 22:48:11.228582+00:00
2936,4124,3578,1,82000,Buy,2026-05-04 22:48:11.228582+00:00
2937,4125,4913,0,,Not Rated,2026-05-04 22:48:11.228582+00:00
2938,4126,3581,1,43000,Buy,2026-05-04 22:48:11.228582+00:00
2939,4127,3259,1,200000,Buy,2026-05-04 22:48:11.228582+00:00
2940,4128,3719,1,270000,Buy,2026-05-04 22:48:11.228582+00:00
2941,4129,3318,1,41000,Buy,2026-05-04 22:48:11.228582+00:00
2942,4130,4612,1,130000,Buy,2026-05-04 22:48:11.228582+00:00
2943,4131,4612,1,130000,Buy,2026-05-04 22:48:11.228582+00:00
2944,4132,3283,1,14000,매수,2026-05-04 22:48:11.228582+00:00
2945,4133,3129,1,28000,매수,2026-05-04 22:48:11.228582+00:00
2946,4134,3211,1,137000,매수,2026-05-04 22:48:11.228582+00:00
2947,4135,2988,1,180000,매수,2026-05-04 22:48:11.228582+00:00
2948,4136,3116,1,185000,매수,2026-05-04 22:48:11.228582+00:00
2949,4137,3367,1,360000,Buy,2026-05-04 22:48:11.228582+00:00
2950,4138,4855,0,,Not Rated,2026-05-04 22:48:11.228582+00:00
2951,4139,3288,0,22500,Hold,2026-05-04 22:48:11.228582+00:00
2952,4140,3211,1,140000,Buy,2026-05-04 22:48:11.228582+00:00
2953,4141,3371,1,33000,Buy,2026-05-04 22:48:11.228582+00:00
2954,4142,3259,1,185000,Buy,2026-05-04 22:48:11.228582+00:00
2955,4143,3367,0,280000,Hold,2026-05-04 22:48:11.228582+00:00
2956,4144,3425,1,23000,Buy,2026-05-04 22:48:11.228582+00:00
2957,4145,3081,1,1300000,Buy,2026-05-04 22:48:11.228582+00:00
2958,4146,3081,1,1300000,Buy,2026-05-04 22:48:11.228582+00:00
2959,4147,3098,1,18000,매수,2026-05-04 22:48:11.228582+00:00
2960,4148,3034,1,16000,Buy,2026-05-04 22:48:11.228582+00:00
2961,4149,3215,1,200000,Buy,2026-05-04 22:48:11.228582+00:00
2962,4150,3215,1,190000,매수,2026-05-04 22:48:11.228582+00:00
2963,4151,3034,1,11000,매수,2026-05-04 22:48:11.228582+00:00
2964,4152,3570,1,50000,매수,2026-05-04 22:48:11.228582+00:00
2965,4153,3081,1,1300000,매수,2026-05-04 22:48:11.228582+00:00
2966,4154,3621,1,47000,Buy,2026-05-04 22:48:11.228582+00:00
2967,4155,3081,1,1350000,Buy,2026-05-04 22:48:11.228582+00:00
2968,4156,3340,1,175000,Buy,2026-05-04 22:48:11.228582+00:00
2969,4157,3215,1,225000,Buy,2026-05-04 22:48:11.228582+00:00
2970,4158,3034,0,10000,Hold,2026-05-04 22:48:11.228582+00:00
2971,4159,3081,1,1300000,Buy,2026-05-04 22:48:11.228582+00:00
2972,4160,3277,1,126000,Buy,2026-05-04 22:48:11.228582+00:00
2973,4161,2953,1,24000,Buy,2026-05-04 22:48:11.228582+00:00
2974,4162,3102,1,740000,Buy,2026-05-04 22:48:11.228582+00:00
2975,4163,5028,1,33000,Buy,2026-05-04 22:48:11.228582+00:00
2976,4164,5000,1,77000,Buy,2026-05-04 22:48:11.228582+00:00
2977,4165,3271,1,150000,Buy,2026-05-04 22:48:11.228582+00:00
2978,4166,3057,1,220000,Buy,2026-05-04 22:48:11.228582+00:00
2979,4167,3298,1,250000,Buy,2026-05-04 22:48:11.228582+00:00
2980,4168,3381,1,90000,매수,2026-05-04 22:48:11.228582+00:00
2981,4169,3425,1,24000,Buy,2026-05-04 22:48:11.228582+00:00
2982,4170,4163,0,,Not Rated,2026-05-04 22:48:11.228582+00:00
2983,4171,2967,0,20000,N/A,2026-05-04 22:48:11.228582+00:00
2984,4172,4779,0,,,2026-05-04 22:48:11.228582+00:00
2985,4173,3283,1,12500,Buy,2026-05-04 22:48:11.228582+00:00
2986,4174,2967,1,16000,Buy,2026-05-04 22:48:11.228582+00:00
2987,4175,3036,0,160000,Hold,2026-05-04 22:48:11.228582+00:00
2988,4176,3600,1,93000,Buy,2026-05-04 22:48:11.228582+00:00
2989,4177,3036,1,196000,매수,2026-05-04 22:48:11.228582+00:00
2990,4178,5060,1,35000,매수,2026-05-04 22:48:11.228582+00:00
2991,4179,3187,1,55000,매수,2026-05-04 22:48:11.228582+00:00
2992,4180,3036,1,160000,Trading Buy,2026-05-04 22:48:11.228582+00:00
2993,4181,3600,1,100000,매수,2026-05-04 22:48:11.228582+00:00
2994,4182,3732,1,100000,Buy,2026-05-04 22:48:11.228582+00:00
2995,4183,3084,1,47000,Buy,2026-05-04 22:48:11.228582+00:00
2996,4184,3283,1,12000,Buy,2026-05-04 22:48:11.228582+00:00
2997,4185,3000,1,28000,Buy,2026-05-04 22:48:11.228582+00:00
2998,4186,3600,1,95000,Buy,2026-05-04 22:48:11.228582+00:00
2999,4187,4970,1,58000,Buy,2026-05-04 22:48:11.228582+00:00
3000,4188,3701,1,1750000,Buy,2026-05-04 22:48:11.228582+00:00
3001,4189,3072,0,60000,Hold,2026-05-04 22:48:11.228582+00:00
3002,4190,5015,1,29000,Buy,2026-05-04 22:48:11.228582+00:00
3003,4191,3766,1,200000,Buy,2026-05-04 22:48:11.228582+00:00
3004,4192,3298,1,250000,Buy,2026-05-04 22:48:11.228582+00:00
3005,4193,4148,0,,nr,2026-05-04 22:48:11.228582+00:00
3006,4194,3495,1,200000,매수,2026-05-04 22:48:11.228582+00:00
3007,4195,3385,1,3800,Buy,2026-05-04 22:48:11.228582+00:00
3008,4196,3000,1,26000,Buy,2026-05-04 22:48:11.228582+00:00
3009,4197,4319,1,250000,매수,2026-05-04 22:48:11.228582+00:00
3010,4198,4563,1,90000,매수,2026-05-04 22:48:11.228582+00:00
3011,4199,3298,1,250000,매수,2026-05-04 22:48:11.228582+00:00
3012,4200,3142,1,21000,Buy,2026-05-04 22:48:11.228582+00:00
3013,4201,3084,1,48000,Buy,2026-05-04 22:48:11.228582+00:00
3014,4202,3764,1,37000,Buy,2026-05-04 22:48:11.228582+00:00
3015,4203,4883,0,,Not Rated,2026-05-04 22:48:11.228582+00:00
3016,4204,4834,1,30000,Buy,2026-05-04 22:48:11.228582+00:00
3017,4205,5054,1,7000,Buy,2026-05-04 22:48:11.228582+00:00
3018,4206,5221,1,15000,Buy,2026-05-04 22:48:11.228582+00:00
3019,4207,3856,0,,Not Rated,2026-05-04 22:48:11.228582+00:00
3020,4208,3148,0,14000,중립,2026-05-04 22:48:11.228582+00:00
3021,4209,3258,1,97000,Buy,2026-05-04 22:48:11.228582+00:00
3022,4210,3336,1,54000,Buy,2026-05-04 22:48:11.228582+00:00
3023,4211,3741,1,442000,Buy,2026-05-04 22:48:11.228582+00:00
3024,4212,3069,1,160000,Buy,2026-05-04 22:48:11.228582+00:00
3025,4213,3037,1,215000,Buy,2026-05-04 22:48:11.228582+00:00
3026,4214,3135,1,135000,Buy,2026-05-04 22:48:11.228582+00:00
3027,4215,2991,1,20500,Buy,2026-05-04 22:48:11.228582+00:00
3028,4216,3701,1,1750000,Buy,2026-05-04 22:48:11.228582+00:00
3029,4217,3117,1,51000,Buy,2026-05-04 22:48:11.228582+00:00
3030,4218,3005,1,105000,Buy,2026-05-04 22:48:11.228582+00:00
3031,4219,4205,1,75000,Buy,2026-05-04 22:48:11.228582+00:00
3032,4220,3005,1,100000,Buy,2026-05-04 22:48:11.228582+00:00
3033,4221,3581,1,54000,Buy,2026-05-04 22:48:11.228582+00:00
3034,4222,3214,1,158000,Buy,2026-05-04 22:48:11.228582+00:00
3035,4223,4170,0,,nr,2026-05-04 22:48:11.228582+00:00
3036,4224,3550,1,407000,Buy,2026-05-04 22:48:11.228582+00:00
3037,4225,3259,1,210000,Buy,2026-05-04 22:48:11.228582+00:00
3038,4226,3092,0,27000,Hold,2026-05-04 22:48:11.228582+00:00
3039,4227,5265,1,61000,Buy,2026-05-04 22:48:11.228582+00:00
3040,4228,3323,1,140000,Buy,2026-05-04 22:48:11.228582+00:00
3041,4229,4706,1,48000,매수,2026-05-04 22:48:11.228582+00:00
3042,4230,3764,1,37000,Buy,2026-05-04 22:48:11.228582+00:00
3043,4231,2941,0,,Not Rated,2026-05-04 22:48:11.228582+00:00
3044,4232,5390,1,30000,Buy,2026-05-04 22:48:11.228582+00:00
3045,4233,4597,0,,Not Rated,2026-05-04 22:48:11.228582+00:00
3046,4234,3403,1,31000,Buy,2026-05-04 22:48:11.228582+00:00
3047,4235,3016,0,370000,N/A,2026-05-04 22:48:11.228582+00:00
3048,4236,3767,1,122000,Buy,2026-05-04 22:48:11.228582+00:00
3049,4237,3764,1,31000,Buy,2026-05-04 22:48:11.228582+00:00
3050,4238,3201,1,70000,Buy,2026-05-04 22:48:11.228582+00:00
3051,4239,3083,1,13000,Buy,2026-05-04 22:48:11.228582+00:00
3052,4240,3686,1,37000,Buy,2026-05-04 22:48:11.228582+00:00
3053,4241,3721,1,44000,매수,2026-05-04 22:48:11.228582+00:00
3054,4242,3052,1,330000,매수,2026-05-04 22:48:11.228582+00:00
3055,4243,3277,1,120000,매수,2026-05-04 22:48:11.228582+00:00
3056,4244,3055,1,33000,Buy,2026-05-04 22:48:11.228582+00:00
3057,4245,3327,1,4800,Buy,2026-05-04 22:48:11.228582+00:00
3058,4246,5432,0,,,2026-05-04 22:48:11.228582+00:00
3059,4247,4148,1,8200,Buy,2026-05-04 22:48:11.228582+00:00
3060,4248,2951,1,59000,Buy,2026-05-04 22:48:11.228582+00:00
3061,4249,2957,0,,,2026-05-04 22:48:11.228582+00:00
3062,4250,3206,1,15000,Buy,2026-05-04 22:48:11.228582+00:00
3063,4251,3135,1,130000,Buy,2026-05-04 22:48:11.228582+00:00
3064,4252,3753,1,13000,매수,2026-05-04 22:48:11.228582+00:00
3065,4253,3736,1,162000,매수,2026-05-04 22:48:11.228582+00:00
3066,4254,3185,0,3900,중립,2026-05-04 22:48:11.228582+00:00
3067,4255,3072,1,79000,매수,2026-05-04 22:48:11.228582+00:00
3068,4256,3068,1,78000,매수,2026-05-04 22:48:11.228582+00:00
3069,4257,5081,1,43000,매수,2026-05-04 22:48:11.228582+00:00
3070,4258,3327,1,4800,매수,2026-05-04 22:48:11.228582+00:00
3071,4259,3318,0,,nr,2026-05-04 22:48:11.228582+00:00
3072,4260,3621,1,220000,Buy,2026-05-04 22:48:11.228582+00:00
3073,4261,3421,1,310000,Buy,2026-05-04 22:48:11.228582+00:00
3074,4262,3764,1,29000,Buy,2026-05-04 22:48:11.228582+00:00
3075,4263,4582,0,,nr,2026-05-04 22:48:11.228582+00:00
3076,4264,3691,1,64000,Buy,2026-05-04 22:48:11.228582+00:00
3077,4265,3579,1,1100000,Buy,2026-05-04 22:48:11.228582+00:00
3078,4266,3271,1,,Buy,2026-05-04 22:48:11.228582+00:00
3079,4267,3039,1,72000,Buy,2026-05-04 22:48:11.228582+00:00
3080,4268,3222,0,,Not Rated,2026-05-04 22:48:11.228582+00:00
3081,4269,3135,1,130000,Buy,2026-05-04 22:48:11.228582+00:00
3082,4270,3122,1,340000,Buy,2026-05-04 22:48:11.228582+00:00
3083,4271,3742,1,160000,Buy,2026-05-04 22:48:11.228582+00:00
3084,4272,3559,1,166000,Buy,2026-05-04 22:48:11.228582+00:00
3085,4273,3037,1,220000,Buy,2026-05-04 22:48:11.228582+00:00
3086,4274,3767,1,120000,Buy,2026-05-04 22:48:11.228582+00:00
3087,4275,3170,1,47000,매수,2026-05-04 22:48:11.228582+00:00
3088,4276,3219,1,17500,매수,2026-05-04 22:48:11.228582+00:00
3089,4277,3488,1,390000,매수,2026-05-04 22:48:11.228582+00:00
3090,4278,3731,1,125000,매수,2026-05-04 22:48:11.228582+00:00
3091,4279,3235,0,130000,Hold,2026-05-04 22:48:11.228582+00:00
3092,4280,3721,0,38000,Hold,2026-05-04 22:48:11.228582+00:00
3093,4281,3052,1,370000,Buy,2026-05-04 22:48:11.228582+00:00
3094,4282,3050,1,260000,Buy,2026-05-04 22:48:11.228582+00:00
3095,4283,3277,1,126000,Buy,2026-05-04 22:48:11.228582+00:00
3096,4284,3683,1,55000,Buy,2026-05-04 22:48:11.228582+00:00
3097,4285,3559,1,170000,Buy,2026-05-04 22:48:11.228582+00:00
3098,4286,3436,1,80000,Buy,2026-05-04 22:48:11.228582+00:00
3099,4287,3326,1,320000,Buy,2026-05-04 22:48:11.228582+00:00
3100,4288,3719,1,270000,매수,2026-05-04 22:48:11.228582+00:00
3101,4289,3349,1,66000,Buy,2026-05-04 22:48:11.228582+00:00
3102,4290,3691,1,54000,Buy,2026-05-04 22:48:11.228582+00:00
3103,4291,5419,1,43000,매수,2026-05-04 22:48:11.228582+00:00
3104,4292,3251,1,165000,Buy,2026-05-04 22:48:11.228582+00:00
3105,4293,5335,0,,Not Rated,2026-05-04 22:48:11.228582+00:00
3106,4294,3150,1,117000,Buy,2026-05-04 22:48:11.228582+00:00
3107,4295,3160,1,56000,Buy,2026-05-04 22:48:11.228582+00:00
3108,4296,3016,1,360000,Buy,2026-05-04 22:48:11.228582+00:00
3109,4297,4819,1,110000,Buy,2026-05-04 22:48:11.228582+00:00
3110,4298,3055,1,36000,Buy,2026-05-04 22:48:11.228582+00:00
3111,4299,3126,1,24500,Buy,2026-05-04 22:48:11.228582+00:00
3112,4300,3579,1,1000000,Buy,2026-05-04 22:48:11.228582+00:00
3113,4301,4476,0,,nr,2026-05-04 22:48:11.228582+00:00
3114,4302,3425,1,22000,Buy,2026-05-04 22:48:11.228582+00:00
3115,4303,3710,1,72000,Buy,2026-05-04 22:48:11.228582+00:00
3116,4304,3710,1,79000,Buy,2026-05-04 22:48:11.228582+00:00
3117,4305,3326,1,300000,Buy,2026-05-04 22:48:11.228582+00:00
3118,4306,3766,1,140000,매수,2026-05-04 22:48:11.228582+00:00
3119,4307,3176,1,370000,매수,2026-05-04 22:48:11.228582+00:00
3120,4308,3329,1,97000,매수,2026-05-04 22:48:11.228582+00:00
3121,4309,3425,1,24000,매수,2026-05-04 22:48:11.228582+00:00
3122,4310,3710,1,83000,Buy,2026-05-04 22:48:11.228582+00:00
3123,4311,3126,1,230000,Buy,2026-05-04 22:48:11.228582+00:00
3124,4312,3326,1,308000,Buy,2026-05-04 22:48:11.228582+00:00
3125,4313,2965,1,20000,Buy,2026-05-04 22:48:11.228582+00:00
3126,4314,3011,1,63000,Buy,2026-05-04 22:48:11.228582+00:00
3127,4315,3055,1,32000,Buy,2026-05-04 22:48:11.228582+00:00
3128,4316,3605,1,30000,Buy,2026-05-04 22:48:11.228582+00:00
3129,4317,3600,1,100000,Buy,2026-05-04 22:48:11.228582+00:00
3130,4318,3710,1,72000,Buy,2026-05-04 22:48:11.228582+00:00
3131,4319,3345,1,220000,Buy,2026-05-04 22:48:11.228582+00:00
3132,4320,2985,1,430000,Buy,2026-05-04 22:48:11.228582+00:00
3133,4321,3721,1,42000,Buy,2026-05-04 22:48:11.228582+00:00
3134,4322,2985,1,390000,Buy,2026-05-04 22:48:11.228582+00:00
3135,4323,5394,1,160000,Buy,2026-05-04 22:48:11.228582+00:00
3136,4324,3209,1,320000,매수,2026-05-04 22:48:11.228582+00:00
3137,4325,3283,1,14000,매수,2026-05-04 22:48:11.228582+00:00
3138,4326,3005,1,100000,매수,2026-05-04 22:48:11.228582+00:00
3139,4327,2992,1,500000,매수,2026-05-04 22:48:11.228582+00:00
3140,4329,3316,0,,,2026-05-04 22:48:11.228582+00:00
3141,4330,2985,0,,,2026-05-04 22:48:11.228582+00:00
3142,4331,5537,0,,Not Rated,2026-05-04 22:48:11.228582+00:00
3143,4332,3605,1,30000,Buy,2026-05-04 22:48:11.228582+00:00
3144,4333,3421,1,370000,Buy,2026-05-04 22:48:11.228582+00:00
3145,4334,3325,0,340000,Hold,2026-05-04 22:48:11.228582+00:00
3146,4335,3764,1,31000,Buy,2026-05-04 22:48:11.228582+00:00
3147,4336,2985,0,271000,Hold,2026-05-04 22:48:11.228582+00:00
3148,4337,3055,1,33000,Buy,2026-05-04 22:48:11.228582+00:00
3149,4338,3316,1,100000,Buy,2026-05-04 22:48:11.228582+00:00
3150,4339,2985,1,400000,Buy,2026-05-04 22:48:11.228582+00:00
3151,4340,3581,1,43000,Buy,2026-05-04 22:48:11.228582+00:00
3152,4341,3550,1,400000,Buy,2026-05-04 22:48:11.228582+00:00
3153,4342,3215,1,200000,Buy,2026-05-04 22:48:11.228582+00:00
3154,4343,3316,1,90000,Buy,2026-05-04 22:48:11.228582+00:00
3155,4344,3329,1,104000,Buy,2026-05-04 22:48:11.228582+00:00
3156,4346,3493,1,49000,Buy,2026-05-04 22:48:11.228582+00:00
3157,4347,3336,1,60000,Buy,2026-05-04 22:48:11.228582+00:00
3158,4348,3697,0,18000,중립,2026-05-04 22:48:11.228582+00:00
3159,4349,3081,1,1300000,매수,2026-05-04 22:48:11.228582+00:00
3160,4350,3481,1,66000,매수,2026-05-04 22:48:11.228582+00:00
3161,4351,3741,1,400000,매수,2026-05-04 22:48:11.228582+00:00
3162,4352,4160,0,,nr,2026-05-04 22:48:11.228582+00:00
3163,4353,3751,1,115000,Buy,2026-05-04 22:48:11.228582+00:00
3164,4354,3719,1,280000,Buy,2026-05-04 22:48:11.228582+00:00
3165,4355,2972,1,27000,Buy,2026-05-04 22:48:11.228582+00:00
3166,4356,3481,0,52000,Hold,2026-05-04 22:48:11.228582+00:00
3167,4357,5432,1,8500,매수,2026-05-04 22:48:11.228582+00:00
3168,4358,3305,1,210000,매수,2026-05-04 22:48:11.228582+00:00
3169,4359,4617,1,37000,매수,2026-05-04 22:48:11.228582+00:00
3170,4360,3608,0,159000,Hold,2026-05-04 22:48:11.228582+00:00
3171,4361,3741,0,342000,Hold,2026-05-04 22:48:11.228582+00:00
3172,4362,2999,0,500000,N/A,2026-05-04 22:48:11.228582+00:00
3173,4363,3669,1,115000,매수,2026-05-04 22:48:11.228582+00:00
3174,4364,4677,1,570000,Buy,2026-05-04 22:48:11.228582+00:00
3175,4365,3381,1,110000,Buy,2026-05-04 22:48:11.228582+00:00
3176,4366,3075,1,640000,Buy,2026-05-04 22:48:11.228582+00:00
3177,4367,3126,0,,,2026-05-04 22:48:11.228582+00:00
3178,4368,3371,1,31000,Buy,2026-05-04 22:48:11.228582+00:00
3179,4369,3252,1,24000,Buy,2026-05-04 22:48:11.228582+00:00
3180,4370,4272,0,,nr,2026-05-04 22:48:11.228582+00:00
3181,4371,3595,1,240000,Buy,2026-05-04 22:48:11.228582+00:00
3182,4372,5533,1,40000,Buy,2026-05-04 22:48:11.228582+00:00
3183,4373,3051,1,1200000,Buy,2026-05-04 22:48:11.228582+00:00
3184,4374,3040,1,26000,Buy,2026-05-04 22:48:11.228582+00:00
3185,4375,5294,1,94000,Buy,2026-05-04 22:48:11.228582+00:00
3186,4376,5394,1,178000,Buy,2026-05-04 22:48:11.228582+00:00
3187,4377,4819,1,112000,Buy,2026-05-04 22:48:11.228582+00:00
3188,4378,3016,1,370000,Buy,2026-05-04 22:48:11.228582+00:00
3189,4379,2999,1,510000,Buy,2026-05-04 22:48:11.228582+00:00
3190,4380,3068,1,78000,Buy,2026-05-04 22:48:11.228582+00:00
3191,4381,3209,1,340000,Buy,2026-05-04 22:48:11.228582+00:00
3192,4382,3073,1,88000,Buy,2026-05-04 22:48:11.228582+00:00
3193,4383,3196,1,31000,Buy,2026-05-04 22:48:11.228582+00:00
3194,4384,3750,1,33000,Buy,2026-05-04 22:48:11.228582+00:00
3195,4385,3651,1,550000,Buy,2026-05-04 22:48:11.228582+00:00
3196,4386,3613,1,125000,Buy,2026-05-04 22:48:11.228582+00:00
3197,4387,3742,1,150000,Buy,2026-05-04 22:48:11.228582+00:00
3198,4388,3419,1,600000,Buy,2026-05-04 22:48:11.228582+00:00
3199,4389,3184,1,50000,Buy,2026-05-04 22:48:11.228582+00:00
3200,4390,3340,1,160000,Buy,2026-05-04 22:48:11.228582+00:00
3201,4392,5307,1,32000,Buy,2026-05-04 22:48:11.228582+00:00
3202,4393,3367,0,280000,Hold,2026-05-04 22:48:11.228582+00:00
3203,4394,3710,1,72000,Buy,2026-05-04 22:48:11.228582+00:00
3204,4395,3316,1,100000,Buy,2026-05-04 22:48:11.228582+00:00
3205,4396,3215,1,225000,Buy,2026-05-04 22:48:11.228582+00:00
3206,4397,3609,1,180000,Buy,2026-05-04 22:48:11.228582+00:00
3207,4398,3214,1,14000,Buy,2026-05-04 22:48:11.228582+00:00
3208,4399,3764,1,31000,Buy,2026-05-04 22:48:11.228582+00:00
3209,4400,3367,1,370000,Buy,2026-05-04 22:48:11.228582+00:00
3210,4401,4342,1,26000,Buy,2026-05-04 22:48:11.228582+00:00
3211,4402,3719,1,270000,Buy,2026-05-04 22:48:11.228582+00:00
3212,4403,3731,1,125000,Buy,2026-05-04 22:48:11.228582+00:00
3213,4404,2950,0,120000,N/A,2026-05-04 22:48:11.228582+00:00
3214,4405,4244,0,,Not Rated,2026-05-04 22:48:11.228582+00:00
3215,4406,3933,0,,,2026-05-04 22:48:11.228582+00:00
3216,4407,4142,0,,Not Rated,2026-05-04 22:48:11.228582+00:00
3217,4408,4180,0,,Not Rated,2026-05-04 22:48:11.228582+00:00
3218,4409,3962,0,,,2026-05-04 22:48:11.228582+00:00
3219,4410,3907,0,,,2026-05-04 22:48:11.228582+00:00
3220,4411,3235,1,120000,매수,2026-05-04 22:48:11.228582+00:00
3221,4412,4048,0,,Not Rated,2026-05-04 22:48:11.228582+00:00
3222,4413,4669,1,32000,매수,2026-05-04 22:48:11.228582+00:00
3223,4414,3683,1,55000,매수,2026-05-04 22:48:11.228582+00:00
3224,4415,4091,0,,nr,2026-05-04 22:48:11.228582+00:00
3225,4416,3764,1,29000,Buy,2026-05-04 22:48:11.228582+00:00
3226,4417,3522,0,,nr,2026-05-04 22:48:11.228582+00:00
3227,4418,2942,0,,nr,2026-05-04 22:48:11.228582+00:00
3228,4419,3421,1,370000,Buy,2026-05-04 22:48:11.228582+00:00
3229,4420,3075,1,550000,Buy,2026-05-04 22:48:11.228582+00:00
3230,4421,4175,0,,nr,2026-05-04 22:48:11.228582+00:00
3231,4422,3609,1,160000,Buy,2026-05-04 22:48:11.228582+00:00
3232,4423,5160,0,,Not Rated,2026-05-04 22:48:11.228582+00:00
3233,4424,4224,0,,Not Rated,2026-05-04 22:48:11.228582+00:00
3234,4425,3765,1,55000,Buy,2026-05-04 22:48:11.228582+00:00
3235,4426,3367,1,360000,Buy,2026-05-04 22:48:11.228582+00:00
3236,4427,3170,1,64000,Buy,2026-05-04 22:48:11.228582+00:00
3237,4428,4224,0,,Not Rated,2026-05-04 22:48:11.228582+00:00
3238,4429,3765,1,55000,Buy,2026-05-04 22:48:11.228582+00:00
3239,4430,5265,1,60000,매수,2026-05-04 22:48:11.228582+00:00
3240,4431,5000,1,85000,매수,2026-05-04 22:48:11.228582+00:00
3241,4432,3129,1,25000,매수,2026-05-04 22:48:11.228582+00:00
3242,4433,3154,1,15000,매수,2026-05-04 22:48:11.228582+00:00
3243,4434,3158,1,15000,매수,2026-05-04 22:48:11.228582+00:00
3244,4435,3288,1,23000,매수,2026-05-04 22:48:11.228582+00:00
3245,4436,3040,1,26000,매수,2026-05-04 22:48:11.228582+00:00
3246,4437,3261,1,102000,매수,2026-05-04 22:48:11.228582+00:00
3247,4438,3322,1,75000,매수,2026-05-04 22:48:11.228582+00:00
3248,4439,3211,1,130000,매수,2026-05-04 22:48:11.228582+00:00
3249,4440,4439,1,77000,Buy,2026-05-04 22:48:11.228582+00:00
3250,4441,3194,0,240000,N/A,2026-05-04 22:48:11.228582+00:00
3251,4442,3037,1,240000,Buy,2026-05-04 22:48:11.228582+00:00
3252,4443,3876,0,,na,2026-05-04 22:48:11.228582+00:00
3253,4444,5426,0,,nr,2026-05-04 22:48:11.228582+00:00
3254,4445,3926,0,,Not Rated,2026-05-04 22:48:11.228582+00:00
3255,4446,4065,0,,Not Rated,2026-05-04 22:48:11.228582+00:00
3256,4447,3024,1,23000,Buy,2026-05-04 22:48:11.228582+00:00
3257,4448,3329,1,100000,Buy,2026-05-04 22:48:11.228582+00:00
3258,4449,2992,1,518000,Buy,2026-05-04 22:48:11.228582+00:00
3259,4450,2992,1,518000,Buy,2026-05-04 22:48:11.228582+00:00
3260,4451,3114,0,,N/A,2026-05-04 22:48:11.228582+00:00
3261,4452,4036,0,,nr,2026-05-04 22:48:11.228582+00:00
3262,4453,4043,0,,nr,2026-05-04 22:48:11.228582+00:00
3263,4454,3315,1,13000,매수,2026-05-04 22:48:11.228582+00:00
3264,4455,3493,1,42000,Buy,2026-05-04 22:48:11.228582+00:00
3265,4456,3421,1,370000,Buy,2026-05-04 22:48:11.228582+00:00
3266,4457,3766,0,150000,N/A,2026-05-04 22:48:11.228582+00:00
3267,4458,3057,1,220000,Buy,2026-05-04 22:48:11.228582+00:00
3268,4459,4787,1,170000,Buy,2026-05-04 22:48:11.228582+00:00
3269,4460,3081,1,1300000,Buy,2026-05-04 22:48:11.228582+00:00
3270,4461,4017,0,,nr,2026-05-04 22:48:11.228582+00:00
3271,4462,3176,1,400000,Buy,2026-05-04 22:48:11.228582+00:00
3272,4463,5169,0,,,2026-05-04 22:48:11.228582+00:00
3273,4464,4424,0,,,2026-05-04 22:48:11.228582+00:00
3274,4465,3187,1,70000,Buy,2026-05-04 22:48:11.228582+00:00
3275,4466,3651,1,500000,매수,2026-05-04 22:48:11.228582+00:00
3276,4467,4382,0,,,2026-05-04 22:48:11.228582+00:00
3277,4468,4273,0,,,2026-05-04 22:48:11.228582+00:00
3278,4469,5265,0,,,2026-05-04 22:48:11.228582+00:00
3279,4470,2999,1,440000,Buy,2026-05-04 22:48:11.228582+00:00
3280,4471,3193,1,19000,Buy,2026-05-04 22:48:11.228582+00:00
3281,4472,4417,1,29000,Buy,2026-05-04 22:48:11.228582+00:00
3282,4473,3107,0,,Not Rated,2026-05-04 22:48:11.228582+00:00
3283,4474,4591,1,84000,Buy,2026-05-04 22:48:11.228582+00:00
3284,4475,5376,0,,nr,2026-05-04 22:48:11.228582+00:00
3285,4476,4712,0,,nr,2026-05-04 22:48:11.228582+00:00
3286,4477,5512,0,,nr,2026-05-04 22:48:11.228582+00:00
3287,4478,4923,0,,nr,2026-05-04 22:48:11.228582+00:00
3288,4479,2944,0,,nr,2026-05-04 22:48:11.228582+00:00
3289,4480,3649,0,,nr,2026-05-04 22:48:11.228582+00:00
3290,4481,3189,0,,nr,2026-05-04 22:48:11.228582+00:00
3291,4482,3328,1,57000,Buy,2026-05-04 22:48:11.228582+00:00
3292,4483,3336,0,,nr,2026-05-04 22:48:11.228582+00:00
3293,4484,5278,0,,nr,2026-05-04 22:48:11.228582+00:00
3294,4485,3192,0,,nr,2026-05-04 22:48:11.228582+00:00
3295,4486,3331,0,,nr,2026-05-04 22:48:11.228582+00:00
3296,4487,4423,0,,nr,2026-05-04 22:48:11.228582+00:00
3297,4488,3049,1,35000,Buy,2026-05-04 22:48:11.228582+00:00
3298,4489,3116,1,220000,Buy,2026-05-04 22:48:11.228582+00:00
3299,4490,3733,1,190000,Buy,2026-05-04 22:48:11.228582+00:00
3300,4491,3194,1,260000,Buy,2026-05-04 22:48:11.228582+00:00
3301,4492,5060,1,32000,Buy,2026-05-04 22:48:11.228582+00:00
3302,4493,4972,1,23300,Buy,2026-05-04 22:48:11.228582+00:00
3303,4494,3114,1,188000,매수,2026-05-04 22:48:11.228582+00:00
3304,4495,3225,0,72000,N/A,2026-05-04 22:48:11.228582+00:00
3305,4496,4703,1,80000,Buy,2026-05-04 22:48:11.228582+00:00
3306,4497,4269,0,,nr,2026-05-04 22:48:11.228582+00:00
3307,4498,3039,1,69000,Buy,2026-05-04 22:48:11.228582+00:00
3308,4499,4131,0,,Not Rated,2026-05-04 22:48:11.228582+00:00
3309,4500,4042,0,,Not Rated,2026-05-04 22:48:11.228582+00:00
3310,4501,4147,0,,nr,2026-05-04 22:48:11.228582+00:00
3311,4502,4417,1,29000,Buy,2026-05-04 22:48:11.228582+00:00
3312,4503,3192,1,140000,Buy,2026-05-04 22:48:11.228582+00:00
3313,4504,3935,0,,,2026-05-04 22:48:11.228582+00:00
3314,4505,4003,0,,Not Rated,2026-05-04 22:48:11.228582+00:00
3315,4506,3318,1,35000,Buy,2026-05-04 22:48:11.228582+00:00
3316,4507,3550,1,440000,Buy,2026-05-04 22:48:11.228582+00:00
3317,4508,2956,1,165000,Buy,2026-05-04 22:48:11.228582+00:00
3318,4509,4292,1,90000,Buy,2026-05-04 22:48:11.228582+00:00
3319,4510,4641,1,320000,Buy,2026-05-04 22:48:11.228582+00:00
3320,4511,3069,1,170000,Buy,2026-05-04 22:48:11.228582+00:00
3321,4512,3522,1,90000,Buy,2026-05-04 22:48:11.228582+00:00
3322,4513,3862,1,,매수,2026-05-04 22:48:11.228582+00:00
3323,4514,5265,1,56000,Buy,2026-05-04 22:48:11.228582+00:00
3324,4515,3923,0,,,2026-05-04 22:48:11.228582+00:00
3325,4516,4677,0,430000,marketperform,2026-05-04 22:48:11.228582+00:00
3326,4517,3096,0,,Not Rated,2026-05-04 22:48:11.228582+00:00
3327,4518,4495,1,9500,매수,2026-05-04 22:48:11.228582+00:00
3328,4519,5512,1,10600,매수,2026-05-04 22:48:11.228582+00:00
3329,4520,2953,1,18400,매수,2026-05-04 22:48:11.228582+00:00
3330,4521,3252,1,21000,매수,2026-05-04 22:48:11.228582+00:00
3331,4522,4168,0,,Not Rated,2026-05-04 22:48:11.228582+00:00
3332,4523,3092,0,,,2026-05-04 22:48:11.228582+00:00
3333,4524,5278,0,,nr,2026-05-04 22:48:11.228582+00:00
3334,4525,3192,0,,nr,2026-05-04 22:48:11.228582+00:00
3335,4526,4677,1,500000,Buy,2026-05-04 22:48:11.228582+00:00
3336,4527,3281,0,,Not Rated,2026-05-04 22:48:11.228582+00:00
3337,4528,4677,1,540000,Buy,2026-05-04 22:48:11.228582+00:00
3338,4529,2967,1,20500,매수,2026-05-04 22:48:11.228582+00:00
3339,4530,3702,1,6500,매수,2026-05-04 22:48:11.228582+00:00
3340,4531,3252,1,18000,Buy,2026-05-04 22:48:11.228582+00:00
3341,4532,3493,1,33000,Buy,2026-05-04 22:48:11.228582+00:00
3342,4533,3609,1,187000,매수,2026-05-04 22:48:11.228582+00:00
3343,4534,3016,1,360000,Buy,2026-05-04 22:48:11.228582+00:00
3344,4535,3579,1,1100000,Buy,2026-05-04 22:48:11.228582+00:00
3345,4536,3550,1,360000,Buy,2026-05-04 22:48:11.228582+00:00
3346,4537,3214,1,77000,Buy,2026-05-04 22:48:11.228582+00:00
3347,4538,4838,0,,,2026-05-04 22:48:11.228582+00:00
3348,4539,4190,0,,nr,2026-05-04 22:48:11.228582+00:00
3349,4540,3098,1,18000,매수,2026-05-04 22:48:11.228582+00:00
3350,4541,2985,1,400000,Buy,2026-05-04 22:48:11.228582+00:00
3351,4542,4423,0,,nr,2026-05-04 22:48:11.228582+00:00
3352,4543,3608,1,235000,Buy,2026-05-04 22:48:11.228582+00:00
3353,4544,4231,1,72000,Buy,2026-05-04 22:48:11.228582+00:00
3354,4545,3871,0,,nr,2026-05-04 22:48:11.228582+00:00
3355,4546,4499,0,,Not Rated,2026-05-04 22:48:11.228582+00:00
3356,4547,5206,0,,Not Rated,2026-05-04 22:48:11.228582+00:00
3357,4548,4680,0,,Not Rated,2026-05-04 22:48:11.228582+00:00
3358,4549,3329,1,91000,Buy,2026-05-04 22:48:11.228582+00:00
3359,4550,3579,1,996000,Buy,2026-05-04 22:48:11.228582+00:00
3360,4551,3379,1,30000,Buy,2026-05-04 22:48:11.228582+00:00
3361,4552,5358,1,172000,Buy,2026-05-04 22:48:11.228582+00:00
3362,4553,5163,1,12000,Buy,2026-05-04 22:48:11.228582+00:00
3363,4554,3010,1,23000,Buy,2026-05-04 22:48:11.228582+00:00
3364,4555,3024,1,21000,Buy,2026-05-04 22:48:11.228582+00:00
3365,4556,3215,1,225000,Buy,2026-05-04 22:48:11.228582+00:00
3366,4557,3609,1,180000,Buy,2026-05-04 22:48:11.228582+00:00
3367,4558,3316,1,100000,Buy,2026-05-04 22:48:11.228582+00:00
3368,4559,5405,0,,,2026-05-04 22:48:11.228582+00:00
3369,4560,4042,0,,Not Rated,2026-05-04 22:48:11.228582+00:00
3370,4561,3894,0,,Not Rated,2026-05-04 22:48:11.228582+00:00
3371,4562,4163,0,,Not Rated,2026-05-04 22:48:11.228582+00:00
3372,4563,4325,0,,Not Rated,2026-05-04 22:48:11.228582+00:00
3373,4564,3933,0,,,2026-05-04 22:48:11.228582+00:00
3374,4565,4954,1,260000,Buy,2026-05-04 22:48:11.228582+00:00
3375,4566,4819,1,110000,Buy,2026-05-04 22:48:11.228582+00:00
3376,4567,3702,0,,,2026-05-04 22:48:11.228582+00:00
3377,4568,3578,1,80000,매수,2026-05-04 22:48:11.228582+00:00
3378,4569,3119,0,,nr,2026-05-04 22:48:11.228582+00:00
3379,4570,4706,1,50000,Buy,2026-05-04 22:48:11.228582+00:00
3380,4571,3194,1,200000,Buy,2026-05-04 22:48:11.228582+00:00
3381,4572,5236,1,22000,Buy,2026-05-04 22:48:11.228582+00:00
3382,4573,5054,1,7000,Buy,2026-05-04 22:48:11.228582+00:00
3383,4574,3998,0,,Not Rated,2026-05-04 22:48:11.228582+00:00
3384,4575,4144,0,,Not Rated,2026-05-04 22:48:11.228582+00:00
3385,4576,4232,0,,Not Rated,2026-05-04 22:48:11.228582+00:00
3386,4577,4451,0,,Not Rated,2026-05-04 22:48:11.228582+00:00
3387,4578,4134,0,,Not Rated,2026-05-04 22:48:11.228582+00:00
3388,4579,3935,0,,Not Rated,2026-05-04 22:48:11.228582+00:00
3389,4580,3994,0,,Not Rated,2026-05-04 22:48:11.228582+00:00
3390,4581,5211,0,,Not Rated,2026-05-04 22:48:11.228582+00:00
3391,4582,3932,0,,Not Rated,2026-05-04 22:48:11.228582+00:00
3392,4583,5204,0,,Not Rated,2026-05-04 22:48:11.228582+00:00
3393,4584,4178,0,,Not Rated,2026-05-04 22:48:11.228582+00:00
3394,4585,3965,0,,Not Rated,2026-05-04 22:48:11.228582+00:00
3395,4586,2962,0,,Not Rated,2026-05-04 22:48:11.228582+00:00
3396,4587,4267,0,,Not Rated,2026-05-04 22:48:11.228582+00:00
3397,4588,4464,1,77000,매수,2026-05-04 22:48:11.228582+00:00
3398,4589,3131,1,62000,Buy,2026-05-04 22:48:11.228582+00:00
3399,4590,4426,0,40000,Hold,2026-05-04 22:48:11.228582+00:00
3400,4591,3100,1,8000,Buy,2026-05-04 22:48:11.228582+00:00
3401,4592,4464,0,,nr,2026-05-04 22:48:11.228582+00:00
3402,4593,5204,1,38000,Buy,2026-05-04 22:48:11.228582+00:00
3403,4594,3520,1,43000,Buy,2026-05-04 22:48:11.228582+00:00
3404,4595,3734,1,590000,Buy,2026-05-04 22:48:11.228582+00:00
3405,4596,3381,1,90000,매수,2026-05-04 22:48:11.228582+00:00
3406,4597,5068,1,16000,Buy,2026-05-04 22:48:11.228582+00:00
3407,4598,3277,1,126000,Buy,2026-05-04 22:48:11.228582+00:00
3408,4599,3683,1,55000,Buy,2026-05-04 22:48:11.228582+00:00
3409,4600,3721,1,38000,Buy,2026-05-04 22:48:11.228582+00:00
3410,4601,3721,1,38000,Buy,2026-05-04 22:48:11.228582+00:00
3411,4602,3436,1,80000,Buy,2026-05-04 22:48:11.228582+00:00
3412,4603,4881,1,6900,Buy,2026-05-04 22:48:11.228582+00:00
3413,4604,5512,0,,nr,2026-05-04 22:48:11.228582+00:00
3414,4605,3069,1,170000,Buy,2026-05-04 22:48:11.228582+00:00
3415,4606,3340,1,160000,Buy,2026-05-04 22:48:11.228582+00:00
3416,4607,5237,0,,,2026-05-04 22:48:11.228582+00:00
3417,4608,3493,1,38000,Buy,2026-05-04 22:48:11.228582+00:00
3418,4609,3600,1,70000,Buy,2026-05-04 22:48:11.228582+00:00
3419,4610,3055,1,32000,Buy,2026-05-04 22:48:11.228582+00:00
3420,4611,3605,1,30000,Buy,2026-05-04 22:48:11.228582+00:00
3421,4612,4845,1,65000,Buy,2026-05-04 22:48:11.228582+00:00
3422,4613,4777,0,,,2026-05-04 22:48:11.228582+00:00
3423,4614,4563,1,76000,Buy,2026-05-04 22:48:11.228582+00:00
3424,4615,4218,1,49000,Buy,2026-05-04 22:48:11.228582+00:00
3425,4616,3741,1,388000,매수,2026-05-04 22:48:11.228582+00:00
3426,4617,3114,1,188000,Buy,2026-05-04 22:48:11.228582+00:00
3427,4618,5106,0,,Not Rated,2026-05-04 22:48:11.228582+00:00
3428,4619,4319,1,250000,Buy,2026-05-04 22:48:11.228582+00:00
3429,4620,5335,0,,nr,2026-05-04 22:48:11.228582+00:00
3430,4621,3100,0,7000,Hold,2026-05-04 22:48:11.228582+00:00
3431,4622,4527,1,65000,Buy,2026-05-04 22:48:11.228582+00:00
3432,4623,4006,0,,Not Rated,2026-05-04 22:48:11.228582+00:00
3433,4624,3356,1,280000,Buy,2026-05-04 22:48:11.228582+00:00
3434,4625,3081,0,,N/A,2026-05-04 22:48:11.228582+00:00
3435,4626,3556,1,65000,매수,2026-05-04 22:48:11.228582+00:00
3436,4627,3753,1,11000,매수,2026-05-04 22:48:11.228582+00:00
3437,4628,3295,1,115000,매수,2026-05-04 22:48:11.228582+00:00
3438,4629,3182,1,48000,Buy,2026-05-04 22:48:11.228582+00:00
3439,4630,3209,1,300000,Buy,2026-05-04 22:48:11.228582+00:00
3440,4631,4672,1,20600,Buy,2026-05-04 22:48:11.228582+00:00
3441,4632,3069,1,160000,Buy,2026-05-04 22:48:11.228582+00:00
3442,4633,3074,0,,Not Rated,2026-05-04 22:48:11.228582+00:00
3443,4634,3963,1,28000,Buy,2026-05-04 22:48:11.228582+00:00
3444,4635,3102,1,470000,Buy,2026-05-04 22:48:11.228582+00:00
3445,4636,5069,1,7400,Buy,2026-05-04 22:48:11.228582+00:00
3446,4637,3637,1,15000,Buy,2026-05-04 22:48:11.228582+00:00
3447,4638,3664,0,,Not Rated,2026-05-04 22:48:11.228582+00:00
3448,4639,4712,1,62000,Buy,2026-05-04 22:48:11.228582+00:00
3449,4640,3596,1,112000,Buy,2026-05-04 22:48:11.228582+00:00
3450,4641,4482,0,,,2026-05-04 22:48:11.228582+00:00
3451,4642,5070,1,52000,Buy,2026-05-04 22:48:11.228582+00:00
3452,4643,3753,0,9200,Hold,2026-05-04 22:48:11.228582+00:00
3453,4644,3183,1,106000,Buy,2026-05-04 22:48:11.228582+00:00
3454,4645,3697,1,16000,Buy,2026-05-04 22:48:11.228582+00:00
3455,4646,2956,1,150000,Buy,2026-05-04 22:48:11.228582+00:00
3456,4647,3122,1,261000,Buy,2026-05-04 22:48:11.228582+00:00
3457,4648,4218,1,49000,Buy,2026-05-04 22:48:11.228582+00:00
3458,4649,4540,0,,Not Rated,2026-05-04 22:48:11.228582+00:00
3459,4650,4553,0,,Not Rated,2026-05-04 22:48:11.228582+00:00
3460,4651,3997,0,,Not Rated,2026-05-04 22:48:11.228582+00:00
3461,4652,2972,1,22000,Buy,2026-05-04 22:48:11.228582+00:00
3462,4653,3733,1,150000,Buy,2026-05-04 22:48:11.228582+00:00
3463,4654,3201,1,70000,Buy,2026-05-04 22:48:11.228582+00:00
3464,4655,3194,1,190000,매수,2026-05-04 22:48:11.228582+00:00
3465,4656,3753,1,11000,매수,2026-05-04 22:48:11.228582+00:00
3466,4657,3183,1,114000,매수,2026-05-04 22:48:11.228582+00:00
3467,4658,3766,1,140000,매수,2026-05-04 22:48:11.228582+00:00
3468,4659,4545,1,40000,매수,2026-05-04 22:48:11.228582+00:00
3469,4660,3570,1,43000,매수,2026-05-04 22:48:11.228582+00:00
3470,4661,3710,1,70000,Buy,2026-05-04 22:48:11.228582+00:00
3471,4662,3336,0,,nr,2026-05-04 22:48:11.228582+00:00
3472,4663,3189,0,,nr,2026-05-04 22:48:11.228582+00:00
3473,4664,4923,0,,nr,2026-05-04 22:48:11.228582+00:00
3474,4665,3403,0,12000,Hold,2026-05-04 22:48:11.228582+00:00
3475,4666,3367,0,220000,Hold,2026-05-04 22:48:11.228582+00:00
3476,4667,3183,0,94000,Hold,2026-05-04 22:48:11.228582+00:00
3477,4668,3595,1,200000,Buy,2026-05-04 22:48:11.228582+00:00
3478,4669,2941,0,,Not Rated,2026-05-04 22:48:11.228582+00:00
3479,4670,3621,1,166000,Buy,2026-05-04 22:48:11.228582+00:00
3480,4671,4429,1,22000,Buy,2026-05-04 22:48:11.228582+00:00
3481,4672,4272,0,,nr,2026-05-04 22:48:11.228582+00:00
3482,4673,2972,1,27000,Buy,2026-05-04 22:48:11.228582+00:00
3483,4674,4396,1,17000,Buy,2026-05-04 22:48:11.228582+00:00
3484,4675,4125,1,90000,Buy,2026-05-04 22:48:11.228582+00:00
3485,4676,2965,1,18000,Buy,2026-05-04 22:48:11.228582+00:00
3486,4677,4834,1,25000,Buy,2026-05-04 22:48:11.228582+00:00
3487,4678,5019,1,23000,Buy,2026-05-04 22:48:11.228582+00:00
3488,4679,3456,0,17000,Hold,2026-05-04 22:48:11.228582+00:00
3489,4680,4739,1,2700,Buy,2026-05-04 22:48:11.228582+00:00
3490,4681,4958,1,18000,Buy,2026-05-04 22:48:11.228582+00:00
3491,4682,3295,1,110000,Buy,2026-05-04 22:48:11.228582+00:00
3492,4683,3381,1,110000,Buy,2026-05-04 22:48:11.228582+00:00
3493,4684,3185,0,2800,Hold,2026-05-04 22:48:11.228582+00:00
3494,4685,3651,1,500000,Buy,2026-05-04 22:48:11.228582+00:00
3495,4686,3701,1,1250000,Buy,2026-05-04 22:48:11.228582+00:00
3496,4688,3591,1,23000,Buy,2026-05-04 22:48:11.228582+00:00
3497,4689,3225,1,52000,Buy,2026-05-04 22:48:11.228582+00:00
3498,4690,3126,1,139000,Buy,2026-05-04 22:48:11.228582+00:00
3499,4691,5163,1,12000,Buy,2026-05-04 22:48:11.228582+00:00
3500,4692,3010,1,23000,Buy,2026-05-04 22:48:11.228582+00:00
3501,4693,3700,1,474000,매수,2026-05-04 22:48:11.228582+00:00
3502,4694,5265,1,56000,매수,2026-05-04 22:48:11.228582+00:00
3503,4695,3736,1,120000,매수,2026-05-04 22:48:11.228582+00:00
3504,4696,3039,1,62000,매수,2026-05-04 22:48:11.228582+00:00
3505,4697,3298,1,230000,매수,2026-05-04 22:48:11.228582+00:00
3506,4698,4530,1,45000,매수,2026-05-04 22:48:11.228582+00:00
3507,4699,3491,0,25000,중립,2026-05-04 22:48:11.228582+00:00
3508,4700,3156,1,145000,매수,2026-05-04 22:48:11.228582+00:00
3509,4701,3295,1,115000,매수,2026-05-04 22:48:11.228582+00:00
3510,4702,3556,0,,,2026-05-04 22:48:11.228582+00:00
3511,4703,5409,1,5600,매수,2026-05-04 22:48:11.228582+00:00
3512,4704,3291,1,63000,매수,2026-05-04 22:48:11.228582+00:00
3513,4705,4585,0,,N/A,2026-05-04 22:48:11.228582+00:00
3514,4706,3736,1,110000,Buy,2026-05-04 22:48:11.228582+00:00
3515,4707,3291,1,62000,Buy,2026-05-04 22:48:11.228582+00:00
3516,4708,4811,1,7000,Buy,2026-05-04 22:48:11.228582+00:00
3517,4709,5390,1,25000,Buy,2026-05-04 22:48:11.228582+00:00
3518,4710,5265,1,48000,Buy,2026-05-04 22:48:11.228582+00:00
3519,4711,5028,0,,Not Rated,2026-05-04 22:48:11.228582+00:00
3520,4712,3403,0,19000,Hold,2026-05-04 22:48:11.228582+00:00
3521,4713,3700,1,450000,Buy,2026-05-04 22:48:11.228582+00:00
3522,4714,3298,0,170000,Hold,2026-05-04 22:48:11.228582+00:00
3523,4715,3700,1,450000,Buy,2026-05-04 22:48:11.228582+00:00
3524,4716,3556,1,66000,Buy,2026-05-04 22:48:11.228582+00:00
3525,4717,5265,1,49000,Buy,2026-05-04 22:48:11.228582+00:00
3526,4718,3736,1,150000,Buy,2026-05-04 22:48:11.228582+00:00
3527,4719,5294,1,94000,Buy,2026-05-04 22:48:11.228582+00:00
3528,4720,3403,0,21000,Hold,2026-05-04 22:48:11.228582+00:00
3529,4721,3491,1,34000,Buy,2026-05-04 22:48:11.228582+00:00
3530,4722,4585,0,21000,Hold,2026-05-04 22:48:11.228582+00:00
3531,4723,3736,1,125000,Buy,2026-05-04 22:48:11.228582+00:00
3532,4724,3493,1,30000,매수,2026-05-04 22:48:11.228582+00:00
3533,4725,4450,1,13000,매수,2026-05-04 22:48:11.228582+00:00
3534,4726,3148,1,12000,매수,2026-05-04 22:48:11.228582+00:00
3535,4727,3314,0,45000,Hold,2026-05-04 22:48:11.228582+00:00
3536,4728,3493,1,30000,Buy,2026-05-04 22:48:11.228582+00:00
3537,4729,3336,1,50000,Buy,2026-05-04 22:48:11.228582+00:00
3538,4730,3122,1,250000,Buy,2026-05-04 22:48:11.228582+00:00
3539,4731,4677,1,460000,Buy,2026-05-04 22:48:11.228582+00:00
3540,4732,3231,1,370000,Buy,2026-05-04 22:48:11.228582+00:00
3541,4733,3024,1,21000,Buy,2026-05-04 22:48:11.228582+00:00
3542,4734,3767,1,110000,Buy,2026-05-04 22:48:11.228582+00:00
3543,4735,3231,1,380000,Buy,2026-05-04 22:48:11.228582+00:00
3544,4736,3493,1,35000,Buy,2026-05-04 22:48:11.228582+00:00
3545,4737,3336,1,50000,Buy,2026-05-04 22:48:11.228582+00:00
3546,4738,3122,0,,N/A,2026-05-04 22:48:11.228582+00:00
3547,4739,5547,0,,N/A,2026-05-04 22:48:11.228582+00:00
3548,4740,5015,1,29000,Buy,2026-05-04 22:48:11.228582+00:00
3549,4741,3000,1,29000,Buy,2026-05-04 22:48:11.228582+00:00
3550,4742,5495,1,33000,Buy,2026-05-04 22:48:11.228582+00:00
3551,4743,4591,0,,N/A,2026-05-04 22:48:11.228582+00:00
3552,4744,4218,0,,N/A,2026-05-04 22:48:11.228582+00:00
3553,4745,2951,0,70000,Hold,2026-05-04 22:48:11.228582+00:00
3554,4746,3481,1,67500,Buy,2026-05-04 22:48:11.228582+00:00
3555,4747,3159,1,29500,매수,2026-05-04 22:48:11.228582+00:00
3556,4748,3034,1,11000,매수,2026-05-04 22:48:11.228582+00:00
3557,4749,3481,1,69000,매수,2026-05-04 22:48:11.228582+00:00
3558,4750,3973,0,,Not Rated,2026-05-04 22:48:11.228582+00:00
3559,4751,3153,1,105000,Buy,2026-05-04 22:48:11.228582+00:00
3560,4752,3153,1,105000,Buy,2026-05-04 22:48:11.228582+00:00
3561,4753,4703,1,75000,Buy,2026-05-04 22:48:11.228582+00:00
3562,4754,5417,0,,Not Rated,2026-05-04 22:48:11.228582+00:00
3563,4755,4819,0,,,2026-05-04 22:48:11.228582+00:00
3564,4756,4652,0,,nr,2026-05-04 22:48:11.228582+00:00
3565,4757,4245,1,40000,Buy,2026-05-04 22:48:11.228582+00:00
3566,4758,3135,1,110000,Buy,2026-05-04 22:48:11.228582+00:00
3567,4759,3066,0,130000,Hold,2026-05-04 22:48:11.228582+00:00
3568,4760,3142,0,15000,Hold,2026-05-04 22:48:11.228582+00:00
3569,4761,3258,1,110000,Buy,2026-05-04 22:48:11.228582+00:00
3570,4762,3522,1,90000,Buy,2026-05-04 22:48:11.228582+00:00
3571,4763,3303,1,87000,Buy,2026-05-04 22:48:11.228582+00:00
3572,4764,3323,1,130000,Buy,2026-05-04 22:48:11.228582+00:00
3573,4765,3258,1,88000,Buy,2026-05-04 22:48:11.228582+00:00
3574,4766,3135,1,107000,Buy,2026-05-04 22:48:11.228582+00:00
3575,4767,3066,1,140000,Buy,2026-05-04 22:48:11.228582+00:00
3576,4768,3209,1,290000,Buy,2026-05-04 22:48:11.228582+00:00
3577,4769,3057,1,220000,Buy,2026-05-04 22:48:11.228582+00:00
3578,4770,3552,0,,Not Rated,2026-05-04 22:48:11.228582+00:00
3579,4771,4819,1,85000,Buy,2026-05-04 22:48:11.228582+00:00
3580,4772,4245,0,,,2026-05-04 22:48:11.228582+00:00
3581,4773,3023,1,140000,Buy,2026-05-04 22:48:11.228582+00:00
3582,4774,3135,1,106000,Buy,2026-05-04 22:48:11.228582+00:00
3583,4775,3209,1,300000,Buy,2026-05-04 22:48:11.228582+00:00
3584,4776,3106,1,26700,Buy,2026-05-04 22:48:11.228582+00:00
3585,4777,3275,1,7500,Buy,2026-05-04 22:48:11.228582+00:00
3586,4778,3232,1,4500,Buy,2026-05-04 22:48:11.228582+00:00
3587,4779,3349,1,60500,Buy,2026-05-04 22:48:11.228582+00:00
3588,4780,3685,1,50000,Buy,2026-05-04 22:48:11.228582+00:00
3589,4781,3142,1,20000,Buy,2026-05-04 22:48:11.228582+00:00
3590,4782,3258,1,90000,Buy,2026-05-04 22:48:11.228582+00:00
3591,4783,3303,1,82000,Buy,2026-05-04 22:48:11.228582+00:00
3592,4784,4819,1,92000,Buy,2026-05-04 22:48:11.228582+00:00
3593,4785,4245,1,40000,Buy,2026-05-04 22:48:11.228582+00:00
3594,4786,3135,1,100000,Buy,2026-05-04 22:48:11.228582+00:00
3595,4787,3209,1,300000,매수,2026-05-04 22:48:11.228582+00:00
3596,4788,3349,1,63000,매수,2026-05-04 22:48:11.228582+00:00
3597,4789,3066,1,135000,매수,2026-05-04 22:48:11.228582+00:00
3598,4790,3349,1,64000,매수,2026-05-04 22:48:11.228582+00:00
3599,4791,3349,1,64000,매수,2026-05-04 22:48:11.228582+00:00
3600,4792,4819,1,88000,Buy,2026-05-04 22:48:11.228582+00:00
3601,4793,3559,1,170000,매수,2026-05-04 22:48:11.228582+00:00
3602,4794,3308,1,24000,매수,2026-05-04 22:48:11.228582+00:00
3603,4795,3685,1,53000,매수,2026-05-04 22:48:11.228582+00:00
3604,4796,3023,1,140000,매수,2026-05-04 22:48:11.228582+00:00
3605,4797,4819,1,88000,Buy,2026-05-04 22:48:11.228582+00:00
3606,4798,3733,1,160000,Buy,2026-05-04 22:48:11.228582+00:00
3607,4799,4972,1,23300,Buy,2026-05-04 22:48:11.228582+00:00
3608,4800,5376,0,,nr,2026-05-04 22:48:11.228582+00:00
3609,4801,3331,0,,nr,2026-05-04 22:48:11.228582+00:00
3610,4802,3258,1,90000,Buy,2026-05-04 22:48:11.228582+00:00
3611,4803,4633,1,440000,Buy,2026-05-04 22:48:11.228582+00:00
3612,4804,3303,1,75000,Buy,2026-05-04 22:48:11.228582+00:00
3613,4805,3142,1,18000,Buy,2026-05-04 22:48:11.228582+00:00
3614,4806,3323,1,110000,Buy,2026-05-04 22:48:11.228582+00:00
3615,4807,3066,1,156000,Buy,2026-05-04 22:48:11.228582+00:00
3616,4808,4697,1,70000,Buy,2026-05-04 22:48:11.228582+00:00
3617,4809,3057,1,230000,Buy,2026-05-04 22:48:11.228582+00:00
3618,4810,3192,1,81000,Buy,2026-05-04 22:48:11.228582+00:00
3619,4811,2956,1,135000,Buy,2026-05-04 22:48:11.228582+00:00
3620,4812,3106,1,26000,Buy,2026-05-04 22:48:11.228582+00:00
3621,4813,3135,1,115000,Buy,2026-05-04 22:48:11.228582+00:00
3622,4814,4819,1,91000,Buy,2026-05-04 22:48:11.228582+00:00
3623,4815,3115,1,70000,Buy,2026-05-04 22:48:11.228582+00:00
3624,4816,3057,1,220000,Buy,2026-05-04 22:48:11.228582+00:00
3625,4817,3209,1,280000,Buy,2026-05-04 22:48:11.228582+00:00
3626,4818,3349,1,62000,Buy,2026-05-04 22:48:11.228582+00:00
3627,4819,3159,1,35000,Buy,2026-05-04 22:48:11.228582+00:00
3628,4820,3522,1,89000,Buy,2026-05-04 22:48:11.228582+00:00
3629,4821,3192,1,89000,Buy,2026-05-04 22:48:11.228582+00:00
3630,4822,4517,1,59000,Buy,2026-05-04 22:48:11.228582+00:00
3631,4823,5440,1,80000,Buy,2026-05-04 22:48:11.228582+00:00
3632,4824,4683,1,17000,Buy,2026-05-04 22:48:11.228582+00:00
3633,4825,5120,1,21000,Buy,2026-05-04 22:48:11.228582+00:00
3634,4826,3035,1,12000,Buy,2026-05-04 22:48:11.228582+00:00
3635,4827,3068,1,48000,Buy,2026-05-04 22:48:11.228582+00:00
3636,4828,3766,1,220000,Buy,2026-05-04 22:48:11.228582+00:00
3637,4829,4517,1,60000,Buy,2026-05-04 22:48:11.228582+00:00
3638,4830,3072,1,60000,Buy,2026-05-04 22:48:11.228582+00:00
3639,4831,3219,1,15000,Buy,2026-05-04 22:48:11.228582+00:00
3640,4832,5440,1,70000,Buy,2026-05-04 22:48:11.228582+00:00
3641,4833,4407,1,74000,Buy,2026-05-04 22:48:11.228582+00:00
3642,4834,2956,1,130000,Buy,2026-05-04 22:48:11.228582+00:00
3643,4835,4211,1,29000,Buy,2026-05-04 22:48:11.228582+00:00
3644,4836,3102,1,460000,Buy,2026-05-04 22:48:11.228582+00:00
3645,4837,3340,1,150000,Buy,2026-05-04 22:48:11.228582+00:00
3646,4838,5440,1,72000,Buy,2026-05-04 22:48:11.228582+00:00
3647,4839,3060,1,140000,Buy,2026-05-04 22:48:11.228582+00:00
3648,4840,2956,0,,Not Rated,2026-05-04 22:48:11.228582+00:00
3649,4841,2967,1,18500,매수,2026-05-04 22:48:11.228582+00:00
3650,4842,2997,1,49000,매수,2026-05-04 22:48:11.228582+00:00
3651,4843,3072,1,67000,매수,2026-05-04 22:48:11.228582+00:00
3652,4844,3751,1,80000,매수,2026-05-04 22:48:11.228582+00:00
3653,4845,3697,1,14200,Buy,2026-05-04 22:48:11.228582+00:00
3654,4846,3068,0,53000,N/A,2026-05-04 22:48:11.228582+00:00
3655,4847,3219,1,15000,매수,2026-05-04 22:48:11.228582+00:00
3656,4848,3102,1,444000,Buy,2026-05-04 22:48:11.228582+00:00
3657,4849,3340,1,160000,Buy,2026-05-04 22:48:11.228582+00:00
3658,4850,4641,0,,N/A,2026-05-04 22:48:11.228582+00:00
3659,4851,3003,1,38000,Buy,2026-05-04 22:48:11.228582+00:00
3660,4852,5394,1,150000,Buy,2026-05-04 22:48:11.228582+00:00
3661,4853,3003,1,31000,매수,2026-05-04 22:48:11.228582+00:00
3662,4854,3261,1,81000,매수,2026-05-04 22:48:11.228582+00:00
3663,4855,3211,1,115000,매수,2026-05-04 22:48:11.228582+00:00
3664,4856,4162,1,31000,매수,2026-05-04 22:48:11.228582+00:00
3665,4857,3084,1,48000,Buy,2026-05-04 22:48:11.228582+00:00
3666,4858,3742,1,140000,Buy,2026-05-04 22:48:11.228582+00:00
3667,4859,3001,1,28000,Buy,2026-05-04 22:48:11.228582+00:00
3668,4860,3742,1,150000,Buy,2026-05-04 22:48:11.228582+00:00
3669,4861,5394,1,150000,Buy,2026-05-04 22:48:11.228582+00:00
3670,4862,3001,0,22000,Hold,2026-05-04 22:48:11.228582+00:00
3671,4863,3040,1,22000,Buy,2026-05-04 22:48:11.228582+00:00
3672,4864,5395,0,,Not Rated,2026-05-04 22:48:11.228582+00:00
3673,4865,3495,1,200000,매수,2026-05-04 22:48:11.228582+00:00
3674,4866,4986,0,,Not Rated,2026-05-04 22:48:11.228582+00:00
3675,4867,3150,1,105000,Buy,2026-05-04 22:48:11.228582+00:00
3676,4868,5060,1,32000,Buy,2026-05-04 22:48:11.228582+00:00
3677,4869,2967,1,15000,Buy,2026-05-04 22:48:11.228582+00:00
3678,4870,3235,1,120000,Buy,2026-05-04 22:48:11.228582+00:00
3679,4871,3326,1,300000,Buy,2026-05-04 22:48:11.228582+00:00
3680,4872,2985,1,430000,Buy,2026-05-04 22:48:11.228582+00:00
3681,4873,4562,1,41000,매수,2026-05-04 22:48:11.228582+00:00
3682,4874,5000,1,85000,매수,2026-05-04 22:48:11.228582+00:00
3683,4875,3200,1,157000,매수,2026-05-04 22:48:11.228582+00:00
3684,4876,3579,1,970000,Buy,2026-05-04 22:48:11.228582+00:00
3685,4877,2950,1,82000,Buy,2026-05-04 22:48:11.228582+00:00
3686,4878,3326,0,186000,Hold,2026-05-04 22:48:11.228582+00:00
3687,4879,3710,1,70000,Buy,2026-05-04 22:48:11.228582+00:00
3688,4880,3200,1,170000,Buy,2026-05-04 22:48:11.228582+00:00
3689,4881,3605,1,25000,Buy,2026-05-04 22:48:11.228582+00:00
3690,4882,3235,1,130000,Buy,2026-05-04 22:48:11.228582+00:00
3691,4883,3579,1,980000,Buy,2026-05-04 22:48:11.228582+00:00
3692,4884,3710,1,70000,Buy,2026-05-04 22:48:11.228582+00:00
3693,4885,2957,1,100000,Buy,2026-05-04 22:48:11.228582+00:00
3694,4886,2985,1,450000,Buy,2026-05-04 22:48:11.228582+00:00
3695,4887,3259,1,160000,Buy,2026-05-04 22:48:11.228582+00:00
3696,4888,3214,1,77000,Buy,2026-05-04 22:48:11.228582+00:00
3697,4889,3327,0,3800,Hold,2026-05-04 22:48:11.228582+00:00
3698,4890,3011,1,60000,Buy,2026-05-04 22:48:11.228582+00:00
3699,4891,3231,0,,N/A,2026-05-04 22:48:11.228582+00:00
3700,4892,3570,1,50000,매수,2026-05-04 22:48:11.228582+00:00
3701,4893,3609,1,187000,매수,2026-05-04 22:48:11.228582+00:00
3702,4894,2999,1,500000,매수,2026-05-04 22:48:11.228582+00:00
3703,4895,3005,1,84000,매수,2026-05-04 22:48:11.228582+00:00
3704,4896,5060,1,30000,Buy,2026-05-04 22:48:11.228582+00:00
3705,4897,3600,1,58000,Buy,2026-05-04 22:48:11.228582+00:00
3706,4898,3327,1,5000,Buy,2026-05-04 22:48:11.228582+00:00
3707,4899,3327,1,5000,Buy,2026-05-04 22:48:11.228582+00:00
3708,4900,3011,1,59000,Buy,2026-05-04 22:48:11.228582+00:00
3709,4901,3696,1,18000,Buy,2026-05-04 22:48:11.228582+00:00
3710,4902,4612,1,130000,Buy,2026-05-04 22:48:11.228582+00:00
3711,4903,3425,1,19000,Buy,2026-05-04 22:48:11.228582+00:00
3712,4904,3600,1,52000,Buy,2026-05-04 22:48:11.228582+00:00
3713,4905,3011,1,53000,Buy,2026-05-04 22:48:11.228582+00:00
3714,4906,3683,1,55000,Buy,2026-05-04 22:48:11.228582+00:00
3715,4907,3016,1,320000,Buy,2026-05-04 22:48:11.228582+00:00
3716,4908,4424,0,90000,Hold,2026-05-04 22:48:11.228582+00:00
3717,4909,3437,1,24000,Buy,2026-05-04 22:48:11.228582+00:00
3718,4910,3609,1,180000,Buy,2026-05-04 22:48:11.228582+00:00
3719,4911,3029,1,48000,Buy,2026-05-04 22:48:11.228582+00:00
3720,4912,5419,1,46000,Buy,2026-05-04 22:48:11.228582+00:00
3721,4913,3696,1,17000,Buy,2026-05-04 22:48:11.228582+00:00
3722,4914,3731,1,140000,Buy,2026-05-04 22:48:11.228582+00:00
3723,4915,3117,1,51000,Buy,2026-05-04 22:48:11.228582+00:00
3724,4916,3092,1,32000,Buy,2026-05-04 22:48:11.228582+00:00
3725,4917,5294,0,,,2026-05-04 22:48:11.228582+00:00
3726,4918,4571,0,,nr,2026-05-04 22:48:11.228582+00:00
3727,4919,3731,1,140000,Buy,2026-05-04 22:48:11.228582+00:00
3728,4920,3231,1,370000,Buy,2026-05-04 22:48:11.228582+00:00
3729,4921,3040,1,22000,Buy,2026-05-04 22:48:11.228582+00:00
3730,4922,3322,1,70000,Buy,2026-05-04 22:48:11.228582+00:00
3731,4923,3055,1,30000,Buy,2026-05-04 22:48:11.228582+00:00
3732,4924,3608,1,270000,Buy,2026-05-04 22:48:11.228582+00:00
3733,4925,3117,1,58000,Buy,2026-05-04 22:48:11.228582+00:00
3734,4926,3488,1,330000,Buy,2026-05-04 22:48:11.228582+00:00
3735,4927,3438,0,41000,Hold,2026-05-04 22:48:11.228582+00:00
3736,4928,4166,1,240000,Buy,2026-05-04 22:48:11.228582+00:00
3737,4929,4218,1,49000,Buy,2026-05-04 22:48:11.228582+00:00
3738,4930,3055,1,29500,Buy,2026-05-04 22:48:11.228582+00:00
3739,4932,3351,1,23500,Buy,2026-05-04 22:48:11.228582+00:00
3740,4933,3158,1,14000,Buy,2026-05-04 22:48:11.228582+00:00
3741,4934,3288,1,18000,Buy,2026-05-04 22:48:11.228582+00:00
3742,4935,3051,1,650000,Buy,2026-05-04 22:48:11.228582+00:00
3743,4936,3438,1,50000,Buy,2026-05-04 22:48:11.228582+00:00
3744,4937,3055,1,35000,Buy,2026-05-04 22:48:11.228582+00:00
3745,4938,3081,1,1300000,매수,2026-05-04 22:48:11.228582+00:00
3746,4939,3288,0,17000,중립,2026-05-04 22:48:11.228582+00:00
3747,4940,3158,1,12500,매수,2026-05-04 22:48:11.228582+00:00
3748,4941,3040,1,20000,매수,2026-05-04 22:48:11.228582+00:00
3749,4942,3261,1,81000,매수,2026-05-04 22:48:11.228582+00:00
3750,4943,3322,1,73000,매수,2026-05-04 22:48:11.228582+00:00
3751,4944,3488,1,310000,매수,2026-05-04 22:48:11.228582+00:00
3752,4945,3731,1,125000,매수,2026-05-04 22:48:11.228582+00:00
3753,4946,3051,1,,매수,2026-05-04 22:48:11.228582+00:00
3754,4947,3236,1,48000,매수,2026-05-04 22:48:11.228582+00:00
3755,4948,3731,1,140000,매수,2026-05-04 22:48:11.228582+00:00
3756,4949,3608,1,300000,매수,2026-05-04 22:48:11.228582+00:00
3757,4950,3052,1,330000,매수,2026-05-04 22:48:11.228582+00:00
3758,4951,3055,1,29000,Buy,2026-05-04 22:48:11.228582+00:00
3759,4952,2944,0,,nr,2026-05-04 22:48:11.228582+00:00
3760,4953,4712,0,,nr,2026-05-04 22:48:11.228582+00:00
3761,4954,3194,1,200000,Buy,2026-05-04 22:48:11.228582+00:00
3762,4955,3608,1,270000,Buy,2026-05-04 22:48:11.228582+00:00
3763,4956,4702,1,79000,Buy,2026-05-04 22:48:11.228582+00:00
3764,4957,3117,1,51000,Buy,2026-05-04 22:48:11.228582+00:00
3765,4958,3252,1,15000,Buy,2026-05-04 22:48:11.228582+00:00
3766,4959,3351,1,24000,Buy,2026-05-04 22:48:11.228582+00:00
3767,4960,3488,1,325000,Buy,2026-05-04 22:48:11.228582+00:00
3768,4961,3438,1,45000,Buy,2026-05-04 22:48:11.228582+00:00
3769,4962,3731,1,120000,Buy,2026-05-04 22:48:11.228582+00:00
3770,4963,3316,1,100000,매수,2026-05-04 22:48:11.228582+00:00
3771,4964,3425,1,21000,매수,2026-05-04 22:48:11.228582+00:00
3772,4965,2954,1,1200000,매수,2026-05-04 22:48:11.228582+00:00
3773,4966,3283,1,14000,매수,2026-05-04 22:48:11.228582+00:00
3774,4968,2992,1,480000,매수,2026-05-04 22:48:11.228582+00:00
3775,4969,3129,1,23000,매수,2026-05-04 22:48:11.228582+00:00
3776,4970,3719,1,270000,매수,2026-05-04 22:48:11.228582+00:00
3777,4971,3425,1,19000,Buy,2026-05-04 22:48:11.228582+00:00
3778,4972,3135,1,90000,Buy,2026-05-04 22:48:11.228582+00:00
3779,4973,3371,1,30000,Buy,2026-05-04 22:48:11.228582+00:00
3780,4974,4058,1,16000,Buy,2026-05-04 22:48:11.228582+00:00
3781,4975,3367,1,250000,Buy,2026-05-04 22:48:11.228582+00:00
3782,4976,3211,1,105000,Buy,2026-05-04 22:48:11.228582+00:00
3783,4977,3719,1,310000,Buy,2026-05-04 22:48:11.228582+00:00
3784,4978,3721,1,32000,Buy,2026-05-04 22:48:11.228582+00:00
3785,4979,3129,0,19000,Hold,2026-05-04 22:48:11.228582+00:00
3786,4980,3036,1,160000,Buy,2026-05-04 22:48:11.228582+00:00
3787,4981,3719,1,300000,Buy,2026-05-04 22:48:11.228582+00:00
3788,4982,3116,1,180000,Buy,2026-05-04 22:48:11.228582+00:00
3789,4983,3371,1,26000,Buy,2026-05-04 22:48:11.228582+00:00
3790,4984,3367,1,290000,Buy,2026-05-04 22:48:11.228582+00:00
3791,4985,3211,1,11500,Buy,2026-05-04 22:48:11.228582+00:00
3792,4986,3129,1,22000,Buy,2026-05-04 22:48:11.228582+00:00
3793,4989,2992,1,518000,Buy,2026-05-04 22:48:11.228582+00:00
3794,4990,3283,1,12000,Buy,2026-05-04 22:48:11.228582+00:00
3795,4991,3316,1,100000,Buy,2026-05-04 22:48:11.228582+00:00
3796,4992,3581,1,28000,Buy,2026-05-04 22:48:11.228582+00:00
3797,4993,3550,1,360000,Buy,2026-05-04 22:48:11.228582+00:00
3798,4994,3367,0,200000,Hold,2026-05-04 22:48:11.228582+00:00
3799,4995,3371,1,27000,Buy,2026-05-04 22:48:11.228582+00:00
3800,4996,3371,1,27000,Buy,2026-05-04 22:48:11.228582+00:00
3801,4997,3721,1,38000,Buy,2026-05-04 22:48:11.228582+00:00
3802,4998,4205,1,55000,Buy,2026-05-04 22:48:11.228582+00:00
3803,4999,3081,1,1300000,Buy,2026-05-04 22:48:11.228582+00:00
3804,5000,3215,1,180000,Buy,2026-05-04 22:48:11.228582+00:00
3805,5001,3935,0,,Not Rated,2026-05-04 22:48:11.228582+00:00
3806,5002,3215,1,190000,매수,2026-05-04 22:48:11.228582+00:00
3807,5003,3081,1,1300000,매수,2026-05-04 22:48:11.228582+00:00
3808,5004,3215,1,225000,Buy,2026-05-04 22:48:11.228582+00:00
3809,5005,3075,1,400000,Buy,2026-05-04 22:48:11.228582+00:00
3810,5006,3733,1,150000,Buy,2026-05-04 22:48:11.228582+00:00
3811,5007,3075,1,350000,매수,2026-05-04 22:48:11.228582+00:00
3812,5008,3298,0,,,2026-05-04 22:48:11.228582+00:00
3813,5009,3283,1,14000,매수,2026-05-04 22:48:11.228582+00:00
3814,5010,4263,0,,Not Rated,2026-05-04 22:48:11.228582+00:00
3815,5011,3075,1,480000,Buy,2026-05-04 22:48:11.228582+00:00
3816,5012,3326,0,195000,Hold,2026-05-04 22:48:11.228582+00:00
3817,5013,3767,1,120000,Buy,2026-05-04 22:48:11.228582+00:00
3818,5014,3136,1,57000,Buy,2026-05-04 22:48:11.228582+00:00
3819,5015,3681,1,9500,Buy,2026-05-04 22:48:11.228582+00:00
3820,5016,3274,1,7900,Buy,2026-05-04 22:48:11.228582+00:00
3821,5017,3418,1,3800,Buy,2026-05-04 22:48:11.228582+00:00
3822,5018,3736,1,120000,매수,2026-05-04 22:48:11.228582+00:00
3823,5019,3491,1,25000,매수,2026-05-04 22:48:11.228582+00:00
3824,5020,4563,1,90000,매수,2026-05-04 22:48:11.228582+00:00
3825,5021,3421,1,220000,매수,2026-05-04 22:48:11.228582+00:00
3826,5022,3164,1,32000,매수,2026-05-04 22:48:11.228582+00:00
3827,5023,4811,1,7000,Buy,2026-05-04 22:48:11.228582+00:00
3828,5024,4947,1,32000,Buy,2026-05-04 22:48:11.228582+00:00
3829,5025,4954,0,,Not Rated,2026-05-04 22:48:11.228582+00:00
3830,5026,3421,1,280000,Buy,2026-05-04 22:48:11.228582+00:00
3831,5027,5060,1,30000,Buy,2026-05-04 22:48:11.228582+00:00
3832,5028,3122,1,250000,Buy,2026-05-04 22:48:11.228582+00:00
3833,5029,3164,1,35000,Buy,2026-05-04 22:48:11.228582+00:00
3834,5030,3209,1,300000,Buy,2026-05-04 22:48:11.228582+00:00
3835,5031,3522,1,100000,Buy,2026-05-04 22:48:11.228582+00:00
3836,5032,3193,1,14000,Buy,2026-05-04 22:48:11.228582+00:00
3837,5033,2953,1,14000,Buy,2026-05-04 22:48:11.228582+00:00
3838,5034,5123,1,28000,매수,2026-05-04 22:48:11.228582+00:00
3839,5035,5081,0,,nr,2026-05-04 22:48:11.228582+00:00
3840,5036,3192,0,,nr,2026-05-04 22:48:11.228582+00:00
3841,5037,3379,0,,nr,2026-05-04 22:48:11.228582+00:00
3842,5038,2997,1,39000,Buy,2026-05-04 22:48:11.228582+00:00
3843,5039,3336,1,50000,Buy,2026-05-04 22:48:11.228582+00:00
3844,5040,4834,1,23000,Buy,2026-05-04 22:48:11.228582+00:00
3845,5041,5294,1,88000,Buy,2026-05-04 22:48:11.228582+00:00
3846,5042,5394,1,140000,Buy,2026-05-04 22:48:11.228582+00:00
3847,5043,4819,1,83000,Buy,2026-05-04 22:48:11.228582+00:00
3848,5044,3066,1,136000,Buy,2026-05-04 22:48:11.228582+00:00
3849,5045,3016,1,300000,Buy,2026-05-04 22:48:11.228582+00:00
3850,5046,3126,1,14000,Buy,2026-05-04 22:48:11.228582+00:00
3851,5047,3291,1,59000,매수,2026-05-04 22:48:11.228582+00:00
3852,5048,3493,1,30000,Buy,2026-05-04 22:48:11.228582+00:00
3853,5049,3651,1,500000,Buy,2026-05-04 22:48:11.228582+00:00
3854,5050,3621,1,210000,Buy,2026-05-04 22:48:11.228582+00:00
3855,5051,3072,0,49000,Hold,2026-05-04 22:48:11.228582+00:00
3856,5052,4530,1,44000,Buy,2026-05-04 22:48:11.228582+00:00
3857,5053,4562,0,,,2026-05-04 22:48:11.228582+00:00
3858,5054,3231,1,370000,Buy,2026-05-04 22:48:11.228582+00:00
3859,5055,3701,1,1100000,Buy,2026-05-04 22:48:11.228582+00:00
3860,5056,3153,1,105000,Buy,2026-05-04 22:48:11.228582+00:00
3861,5057,3303,1,70000,Buy,2026-05-04 22:48:11.228582+00:00
3862,5058,3126,1,154000,Buy,2026-05-04 22:48:11.228582+00:00
3863,5059,3160,1,56000,Buy,2026-05-04 22:48:11.228582+00:00
3864,5060,3029,1,46000,Buy,2026-05-04 22:48:11.228582+00:00
3865,5061,3072,1,67000,매수,2026-05-04 22:48:11.228582+00:00
3866,5062,3329,1,97000,매수,2026-05-04 22:48:11.228582+00:00
3867,5063,3753,1,10000,매수,2026-05-04 22:48:11.228582+00:00
3868,5064,3150,1,95000,Buy,2026-05-04 22:48:11.228582+00:00
3869,5065,5148,0,,Not Rated,2026-05-04 22:48:11.228582+00:00
3870,5066,4563,1,85000,Buy,2026-05-04 22:48:11.228582+00:00
3871,5067,3214,1,72000,Buy,2026-05-04 22:48:11.228582+00:00
3872,5068,3437,1,24000,Buy,2026-05-04 22:48:11.228582+00:00
3873,5069,3264,0,16000,Hold,2026-05-04 22:48:11.228582+00:00
3874,5070,3581,1,28000,Buy,2026-05-04 22:48:11.228582+00:00
3875,5071,3550,1,,Buy,2026-05-04 22:48:11.228582+00:00
3876,5072,3069,1,170000,Buy,2026-05-04 22:48:11.228582+00:00
3877,5073,3068,1,53000,매수,2026-05-04 22:48:11.228582+00:00
3878,5074,3425,1,19000,매수,2026-05-04 22:48:11.228582+00:00
3879,5075,3057,1,230000,매수,2026-05-04 22:48:11.228582+00:00
3880,5076,3719,1,300000,Buy,2026-05-04 22:48:11.228582+00:00
3881,5077,3488,1,310000,Buy,2026-05-04 22:48:11.228582+00:00
3882,5078,5019,1,23000,Buy,2026-05-04 22:48:11.228582+00:00
3883,5079,4947,1,32000,Buy,2026-05-04 22:48:11.228582+00:00
3884,5080,3767,1,123000,Buy,2026-05-04 22:48:11.228582+00:00
3885,5081,3025,0,,Not Rated,2026-05-04 22:48:11.228582+00:00
3886,5082,3326,0,195000,Hold,2026-05-04 22:48:11.228582+00:00
3887,5083,3258,1,80000,Buy,2026-05-04 22:48:11.228582+00:00
3888,5084,5000,1,77000,Buy,2026-05-04 22:48:11.228582+00:00
3889,5085,3764,1,31000,Buy,2026-05-04 22:48:11.228582+00:00
3890,5086,4633,1,440000,Buy,2026-05-04 22:48:11.228582+00:00
3891,5087,5000,1,64000,Buy,2026-05-04 22:48:11.228582+00:00
3892,5088,3764,1,31000,Buy,2026-05-04 22:48:11.228582+00:00
3893,5089,4245,0,,,2026-05-04 22:48:11.228582+00:00
3894,5090,4729,0,,,2026-05-04 22:48:11.228582+00:00
3895,5091,5369,0,,,2026-05-04 22:48:11.228582+00:00
3896,5092,4975,1,29000,Buy,2026-05-04 22:48:11.228582+00:00
3897,5093,4231,1,58000,Buy,2026-05-04 22:48:11.228582+00:00
3898,5094,3176,1,360000,Buy,2026-05-04 22:48:11.228582+00:00
3899,5095,3122,1,220000,Buy,2026-05-04 22:48:11.228582+00:00
3900,5096,3135,1,90000,Buy,2026-05-04 22:48:11.228582+00:00
3901,5097,4407,0,,Not Rated,2026-05-04 22:48:11.228582+00:00
3902,5098,3481,1,71000,Buy,2026-05-04 22:48:11.228582+00:00
3903,5099,3349,1,58500,Buy,2026-05-04 22:48:11.228582+00:00
3904,5100,3219,1,13000,Buy,2026-05-04 22:48:11.228582+00:00
3905,5101,3481,1,70000,Buy,2026-05-04 22:48:11.228582+00:00
3906,5102,3764,0,,,2026-05-04 22:48:11.228582+00:00
3907,5103,3219,0,11000,Hold,2026-05-04 22:48:11.228582+00:00
3908,5104,3349,1,59500,Buy,2026-05-04 22:48:11.228582+00:00
3909,5105,5221,1,13000,Buy,2026-05-04 22:48:11.228582+00:00
3910,5106,3092,1,32000,Buy,2026-05-04 22:48:11.228582+00:00
3911,5107,3742,1,150000,Buy,2026-05-04 22:48:11.228582+00:00
3912,5108,3005,1,92000,Buy,2026-05-04 22:48:11.228582+00:00
3913,5109,4412,1,27000,매수,2026-05-04 22:48:11.228582+00:00
3914,5110,3277,1,115000,매수,2026-05-04 22:48:11.228582+00:00
3915,5111,5300,0,,nr,2026-05-04 22:48:11.228582+00:00
3916,5112,3649,0,,nr,2026-05-04 22:48:11.228582+00:00
3917,5113,3764,1,29000,Buy,2026-05-04 22:48:11.228582+00:00
3918,5114,3222,0,,nr,2026-05-04 22:48:11.228582+00:00
3919,5115,5390,1,25000,Buy,2026-05-04 22:48:11.228582+00:00
3920,5116,3005,1,90000,Buy,2026-05-04 22:48:11.228582+00:00
3921,5117,3005,1,90000,Buy,2026-05-04 22:48:11.228582+00:00
3922,5118,3766,1,220000,Buy,2026-05-04 22:48:11.228582+00:00
3923,5119,3235,0,88000,Hold,2026-05-04 22:48:11.228582+00:00
3924,5120,3225,1,56000,Buy,2026-05-04 22:48:11.228582+00:00
3925,5121,3192,1,81000,Buy,2026-05-04 22:48:11.228582+00:00
3926,5122,2992,1,385000,매수,2026-05-04 22:48:11.228582+00:00
3927,5124,3341,1,290000,매수,2026-05-04 22:48:11.228582+00:00
3928,5125,4231,1,65000,매수,2026-05-04 22:48:11.228582+00:00
3929,5126,3878,1,7500,매수,2026-05-04 22:48:11.228582+00:00
3930,5127,3351,1,23500,Buy,2026-05-04 22:48:11.228582+00:00
3931,5128,3106,1,26700,Buy,2026-05-04 22:48:11.228582+00:00
3932,5129,3024,1,20000,Buy,2026-05-04 22:48:11.228582+00:00
3933,5130,5432,1,8000,매수,2026-05-04 22:48:11.228582+00:00
3934,5131,3209,1,300000,매수,2026-05-04 22:48:11.228582+00:00
3935,5132,4617,1,33000,매수,2026-05-04 22:48:11.228582+00:00
3936,5133,4319,1,240000,매수,2026-05-04 22:48:11.228582+00:00
3937,5134,2985,0,295000,Hold,2026-05-04 22:48:11.228582+00:00
3938,5135,3595,1,180000,Buy,2026-05-04 22:48:11.228582+00:00
3939,5136,3579,1,860000,Buy,2026-05-04 22:48:11.228582+00:00
3940,5137,3055,1,29000,Buy,2026-05-04 22:48:11.228582+00:00
3941,5138,3327,0,4500,N/A,2026-05-04 22:48:11.228582+00:00
3942,5139,3605,1,24000,Buy,2026-05-04 22:48:11.228582+00:00
3943,5140,3011,0,48000,N/A,2026-05-04 22:48:11.228582+00:00
3944,5141,3600,1,42000,Buy,2026-05-04 22:48:11.228582+00:00
3945,5142,3600,1,47000,Buy,2026-05-04 22:48:11.228582+00:00
3946,5143,3710,1,73000,Buy,2026-05-04 22:48:11.228582+00:00
3947,5144,3579,0,,,2026-05-04 22:48:11.228582+00:00
3948,5145,3251,1,150000,Buy,2026-05-04 22:48:11.228582+00:00
3949,5146,3710,1,70000,Buy,2026-05-04 22:48:11.228582+00:00
3950,5147,3522,0,,Not Rated,2026-05-04 22:48:11.228582+00:00
3951,5148,3356,1,300000,Buy,2026-05-04 22:48:11.228582+00:00
3952,5149,3578,1,82000,Buy,2026-05-04 22:48:11.228582+00:00
3953,5150,3721,1,30000,Buy,2026-05-04 22:48:11.228582+00:00
3954,5151,3559,1,170000,Buy,2026-05-04 22:48:11.228582+00:00
3955,5152,3277,1,126000,Buy,2026-05-04 22:48:11.228582+00:00
3956,5153,3436,1,100000,Buy,2026-05-04 22:48:11.228582+00:00
3957,5154,3326,1,320000,Buy,2026-05-04 22:48:11.228582+00:00
3958,5155,3710,1,70000,Buy,2026-05-04 22:48:11.228582+00:00
3959,5156,3235,1,170000,Buy,2026-05-04 22:48:11.228582+00:00
3960,5157,3600,1,50000,Buy,2026-05-04 22:48:11.228582+00:00
3961,5158,3351,1,26000,Buy,2026-05-04 22:48:11.228582+00:00
3962,5159,3493,1,30000,Buy,2026-05-04 22:48:11.228582+00:00
3963,5160,4439,0,,N/A,2026-05-04 22:48:11.228582+00:00
3964,5161,3710,0,,N/A,2026-05-04 22:48:11.228582+00:00
3965,5162,5030,0,,Not Rated,2026-05-04 22:48:11.228582+00:00
3966,5163,2956,0,,Not Rated,2026-05-04 22:48:11.228582+00:00
3967,5164,3316,0,,,2026-05-04 22:48:11.228582+00:00
3968,5165,2985,0,,,2026-05-04 22:48:11.228582+00:00
3969,5166,3719,1,270000,매수,2026-05-04 22:48:11.228582+00:00
3970,5167,3731,1,125000,매수,2026-05-04 22:48:11.228582+00:00
3971,5168,3066,1,156000,Buy,2026-05-04 22:48:11.228582+00:00
3972,5169,2985,1,450000,Buy,2026-05-04 22:48:11.228582+00:00
3973,5170,3316,1,110000,Buy,2026-05-04 22:48:11.228582+00:00
3974,5171,3425,1,18000,Buy,2026-05-04 22:48:11.228582+00:00
3975,5172,3367,1,300000,Buy,2026-05-04 22:48:11.228582+00:00
3976,5173,3710,1,76000,Buy,2026-05-04 22:48:11.228582+00:00
3977,5174,3581,1,36000,Buy,2026-05-04 22:48:11.228582+00:00
3978,5175,3581,1,36000,Buy,2026-05-04 22:48:11.228582+00:00
3979,5176,4417,0,,,2026-05-04 22:48:11.228582+00:00
3980,5177,5148,0,,,2026-05-04 22:48:11.228582+00:00
3981,5178,4832,0,,nr,2026-05-04 22:48:11.228582+00:00
3982,5179,5294,1,80000,Buy,2026-05-04 22:48:11.228582+00:00
3983,5180,4512,0,,Not Rated,2026-05-04 22:48:11.228582+00:00
3984,5181,3122,1,210000,Buy,2026-05-04 22:48:11.228582+00:00
3985,5182,3251,1,160000,Buy,2026-05-04 22:48:11.228582+00:00
3986,5183,3613,0,,Not Rated,2026-05-04 22:48:11.228582+00:00
3987,5184,3924,0,,Not Rated,2026-05-04 22:48:11.228582+00:00
3988,5185,3176,1,370000,매수,2026-05-04 22:48:11.228582+00:00
3989,5186,3411,1,24000,매수,2026-05-04 22:48:11.228582+00:00
3990,5187,3213,1,30000,매수,2026-05-04 22:48:11.228582+00:00
3991,5188,3421,1,200000,매수,2026-05-04 22:48:11.228582+00:00
3992,5189,3075,1,350000,매수,2026-05-04 22:48:11.228582+00:00
3993,5190,3403,0,21000,Hold,2026-05-04 22:48:11.228582+00:00
3994,5191,3232,1,5800,Buy,2026-05-04 22:48:11.228582+00:00
3995,5192,3259,1,160000,Buy,2026-05-04 22:48:11.228582+00:00
3996,5193,4846,0,,nr,2026-05-04 22:48:11.228582+00:00
3997,5194,3963,0,,nr,2026-05-04 22:48:11.228582+00:00
3998,5195,3072,0,46000,Hold,2026-05-04 22:48:11.228582+00:00
3999,5196,3117,1,51000,Buy,2026-05-04 22:48:11.228582+00:00
4000,5197,3488,1,325000,Buy,2026-05-04 22:48:11.228582+00:00
4001,5198,3595,1,190000,Buy,2026-05-04 22:48:11.228582+00:00
4002,5199,4612,1,130000,Buy,2026-05-04 22:48:11.228582+00:00
4003,5201,3605,1,23000,Buy,2026-05-04 22:48:11.228582+00:00
4004,5202,4867,0,,Not Rated,2026-05-04 22:48:11.228582+00:00
4005,5203,3605,1,23000,Buy,2026-05-04 22:48:11.228582+00:00
4006,5204,3081,1,1300000,매수,2026-05-04 22:48:11.228582+00:00
4007,5205,3305,1,210000,매수,2026-05-04 22:48:11.228582+00:00
4008,5206,3084,1,48000,Buy,2026-05-04 22:48:11.228582+00:00
4009,5207,5236,1,22000,Buy,2026-05-04 22:48:11.228582+00:00
4010,5208,5148,1,100000,Buy,2026-05-04 22:48:11.228582+00:00
4011,5209,3150,1,96000,Buy,2026-05-04 22:48:11.228582+00:00
4012,5210,3710,1,77000,매수,2026-05-04 22:48:11.228582+00:00
4013,5211,3608,0,160000,Hold,2026-05-04 22:48:11.228582+00:00
4014,5212,5050,1,30000,Buy,2026-05-04 22:48:11.228582+00:00
4015,5213,4618,1,8000,Buy,2026-05-04 22:48:11.228582+00:00
4016,5214,3710,1,70000,Buy,2026-05-04 22:48:11.228582+00:00
4017,5215,3367,0,,Hold,2026-05-04 22:48:11.228582+00:00
4018,5216,3719,0,,,2026-05-04 22:48:11.228582+00:00
4019,5217,2950,1,82000,Buy,2026-05-04 22:48:11.228582+00:00
4020,5218,3303,1,70000,Buy,2026-05-04 22:48:11.228582+00:00
4021,5219,3967,0,,nr,2026-05-04 22:48:11.228582+00:00
4022,5220,5163,1,11000,Buy,2026-05-04 22:48:11.228582+00:00
4023,5221,3609,1,180000,Buy,2026-05-04 22:48:11.228582+00:00
4024,5222,3608,1,300000,Buy,2026-05-04 22:48:11.228582+00:00
4025,5223,2957,1,100000,Buy,2026-05-04 22:48:11.228582+00:00
4026,5224,4424,0,90000,Hold,2026-05-04 22:48:11.228582+00:00
4027,5225,2985,1,450000,Buy,2026-05-04 22:48:11.228582+00:00
4028,5226,3488,1,320000,Buy,2026-05-04 22:48:11.228582+00:00
4029,5227,3037,1,200000,Buy,2026-05-04 22:48:11.228582+00:00
4030,5228,3731,1,130000,Buy,2026-05-04 22:48:11.228582+00:00
4031,5229,3719,1,280000,Buy,2026-05-04 22:48:11.228582+00:00
4032,5230,5211,0,,Not Rated,2026-05-04 22:48:11.228582+00:00
4033,5231,3303,0,,Not Rated,2026-05-04 22:48:11.228582+00:00
4034,5232,3669,1,54000,매수,2026-05-04 22:48:11.228582+00:00
4035,5233,3637,1,13000,Buy,2026-05-04 22:48:11.228582+00:00
4036,5234,3051,1,600000,Buy,2026-05-04 22:48:11.228582+00:00
4037,5235,3493,1,30000,Buy,2026-05-04 22:48:11.228582+00:00
4038,5236,3196,1,31000,Buy,2026-05-04 22:48:11.228582+00:00
4039,5237,3750,1,33000,Buy,2026-05-04 22:48:11.228582+00:00
4040,5238,3651,1,550000,Buy,2026-05-04 22:48:11.228582+00:00
4041,5239,3613,1,125000,Buy,2026-05-04 22:48:11.228582+00:00
4042,5240,3742,1,160000,Buy,2026-05-04 22:48:11.228582+00:00
4043,5241,3714,1,86000,Buy,2026-05-04 22:48:11.228582+00:00
4044,5242,3419,1,600000,Buy,2026-05-04 22:48:11.228582+00:00
4045,5243,2999,1,440000,Buy,2026-05-04 22:48:11.228582+00:00
4046,5244,3714,0,,Not Rated,2026-05-04 22:48:11.228582+00:00
4047,5245,3184,1,50000,Buy,2026-05-04 22:48:11.228582+00:00
4048,5247,5307,1,32000,Buy,2026-05-04 22:48:11.228582+00:00
4049,5248,3231,1,390000,Buy,2026-05-04 22:48:11.228582+00:00
4050,5249,3069,1,170000,Buy,2026-05-04 22:48:11.228582+00:00
4051,5250,3764,1,31000,Buy,2026-05-04 22:48:11.228582+00:00
4052,5251,3927,0,,nr,2026-05-04 22:48:11.228582+00:00
4053,5252,4672,0,,,2026-05-04 22:48:11.228582+00:00
4054,5253,3450,0,,,2026-05-04 22:48:11.228582+00:00
4055,5254,3600,1,50000,Buy,2026-05-04 22:48:11.228582+00:00
4056,5255,3303,1,75000,Buy,2026-05-04 22:48:11.228582+00:00
4057,5256,4186,1,25000,Buy,2026-05-04 22:48:11.228582+00:00
4058,5257,3600,0,,,2026-05-04 22:48:11.228582+00:00
4059,5258,3578,1,83000,매수,2026-05-04 22:48:11.228582+00:00
4060,5259,3336,0,,nr,2026-05-04 22:48:11.228582+00:00
4061,5260,3126,0,,nr,2026-05-04 22:48:11.228582+00:00
4062,5261,3600,1,42000,Buy,2026-05-04 22:48:11.228582+00:00
4063,5262,3075,1,480000,Buy,2026-05-04 22:48:11.228582+00:00
4064,5263,4555,1,48000,Buy,2026-05-04 22:48:11.228582+00:00
4065,5264,3600,1,48000,Buy,2026-05-04 22:48:11.228582+00:00
4066,5265,4182,1,15000,Buy,2026-05-04 22:48:11.228582+00:00
4067,5266,4469,1,7000,Buy,2026-05-04 22:48:11.228582+00:00
4068,5267,4282,1,27000,Buy,2026-05-04 22:48:11.228582+00:00
4069,5268,3719,1,310000,Buy,2026-05-04 22:48:11.228582+00:00
4070,5269,4407,1,60000,Buy,2026-05-04 22:48:11.228582+00:00
4071,5270,3731,1,140000,Buy,2026-05-04 22:48:11.228582+00:00
4072,5271,3025,0,,Not Rated,2026-05-04 22:48:11.228582+00:00
4073,5272,3885,0,,Not Rated,2026-05-04 22:48:11.228582+00:00
4074,5273,3581,0,30000,Hold,2026-05-04 22:48:11.228582+00:00
4075,5274,4593,1,61000,Buy,2026-05-04 22:48:11.228582+00:00
4076,5275,2956,1,90000,Buy,2026-05-04 22:48:11.228582+00:00
4077,5276,3581,0,,N/A,2026-05-04 22:48:11.228582+00:00
4078,5277,3922,0,,Not Rated,2026-05-04 22:48:11.228582+00:00
4079,5278,4205,1,46000,Buy,2026-05-04 22:48:11.228582+00:00
4080,5279,5294,1,94000,Buy,2026-05-04 22:48:11.228582+00:00
4081,5280,4819,1,77000,Buy,2026-05-04 22:48:11.228582+00:00
4082,5281,5394,1,130000,Buy,2026-05-04 22:48:11.228582+00:00
4083,5282,3016,1,320000,Buy,2026-05-04 22:48:11.228582+00:00
4084,5283,5014,1,60000,Buy,2026-05-04 22:48:11.228582+00:00
4085,5284,3609,1,180000,Buy,2026-05-04 22:48:11.228582+00:00
4086,5285,3393,1,16000,Buy,2026-05-04 22:48:11.228582+00:00
4087,5286,3714,1,71000,Buy,2026-05-04 22:48:11.228582+00:00
4088,5287,4178,0,,Not Rated,2026-05-04 22:48:11.228582+00:00
4089,5288,3719,0,,,2026-05-04 22:48:11.228582+00:00
4090,5289,3164,1,32000,매수,2026-05-04 22:48:11.228582+00:00
4091,5290,3204,1,43000,매수,2026-05-04 22:48:11.228582+00:00
4092,5291,2997,1,49000,매수,2026-05-04 22:48:11.228582+00:00
4093,5292,2954,1,192000,매수,2026-05-04 22:48:11.228582+00:00
4094,5293,3126,1,135000,Buy,2026-05-04 22:48:11.228582+00:00
4095,5294,3170,1,63000,Buy,2026-05-04 22:48:11.228582+00:00
4096,5295,2947,1,81000,Buy,2026-05-04 22:48:11.228582+00:00
4097,5296,2951,0,70000,Hold,2026-05-04 22:48:11.228582+00:00
4098,5297,3170,1,52000,Buy,2026-05-04 22:48:11.228582+00:00
4099,5298,4819,1,80000,Buy,2026-05-04 22:48:11.228582+00:00
4100,5299,3170,1,47000,매수,2026-05-04 22:48:11.228582+00:00
4101,5300,4621,0,,nr,2026-05-04 22:48:11.228582+00:00
4102,5301,3579,1,730000,Buy,2026-05-04 22:48:11.228582+00:00
4103,5302,3465,1,4200,Buy,2026-05-04 22:48:11.228582+00:00
4104,5303,3170,1,58000,Buy,2026-05-04 22:48:11.228582+00:00
4105,5304,4838,0,,nr,2026-05-04 22:48:11.228582+00:00
4106,5305,4006,0,,N/A,2026-05-04 22:48:11.228582+00:00
4107,5306,4039,1,44000,Buy,2026-05-04 22:48:11.228582+00:00
4108,5307,3579,0,,,2026-05-04 22:48:11.228582+00:00
4109,5308,3091,1,1600,Buy,2026-05-04 22:48:11.228582+00:00
4110,5309,4531,1,13000,매수,2026-05-04 22:48:11.228582+00:00
4111,5310,3733,1,150000,매수,2026-05-04 22:48:11.228582+00:00
4112,5311,2944,0,,Not Rated,2026-05-04 22:48:11.228582+00:00
4113,5312,3367,1,250000,Buy,2026-05-04 22:48:11.228582+00:00
4114,5313,3710,1,70000,Buy,2026-05-04 22:48:11.228582+00:00
4115,5314,3069,1,147000,Buy,2026-05-04 22:48:11.228582+00:00
4116,5315,5100,0,,N/A,2026-05-04 22:48:11.228582+00:00
4117,5316,3160,1,61000,Buy,2026-05-04 22:48:11.228582+00:00
4118,5317,3069,1,140000,Buy,2026-05-04 22:48:11.228582+00:00
4119,5318,3520,0,54000,N/A,2026-05-04 22:48:11.228582+00:00
4120,5319,3013,1,13000,Buy,2026-05-04 22:48:11.228582+00:00
4121,5320,3069,1,140000,Buy,2026-05-04 22:48:11.228582+00:00
4122,5321,3194,1,220000,매수,2026-05-04 22:48:11.228582+00:00
4123,5322,4035,0,,Not Rated,2026-05-04 22:48:11.228582+00:00
4124,5323,3206,1,15000,매수,2026-05-04 22:48:11.228582+00:00
4125,5324,3083,1,15000,매수,2026-05-04 22:48:11.228582+00:00
4126,5325,3605,1,25000,Buy,2026-05-04 22:48:11.228582+00:00
4127,5326,5367,1,9000,Buy,2026-05-04 22:48:11.228582+00:00
4128,5327,3421,1,320000,Buy,2026-05-04 22:48:11.228582+00:00
4129,5328,3069,1,160000,Buy,2026-05-04 22:48:11.228582+00:00
4130,5329,2944,0,,Not Rated,2026-05-04 22:48:11.228582+00:00
4131,5330,5294,1,80000,Buy,2026-05-04 22:48:11.228582+00:00
4132,5331,4527,1,68000,Buy,2026-05-04 22:48:11.228582+00:00
4133,5332,3068,1,53000,매수,2026-05-04 22:48:11.228582+00:00
4134,5333,4478,0,,Not Rated,2026-05-04 22:48:11.228582+00:00
4135,5334,3209,1,300000,매수,2026-05-04 22:48:11.228582+00:00
4136,5335,4099,0,,Not Rated,2026-05-04 22:48:11.228582+00:00
4137,5336,3325,1,360000,Buy,2026-05-04 22:48:11.228582+00:00
4138,5337,3291,1,50000,Buy,2026-05-04 22:48:11.228582+00:00
4139,5338,3731,1,150000,Buy,2026-05-04 22:48:11.228582+00:00
4140,5339,3037,1,210000,Buy,2026-05-04 22:48:11.228582+00:00
4141,5340,4429,1,13000,Buy,2026-05-04 22:48:11.228582+00:00
4142,5341,4439,1,50000,Buy,2026-05-04 22:48:11.228582+00:00
4143,5342,4337,1,10000,Buy,2026-05-04 22:48:11.228582+00:00
4144,5343,4006,0,,nr,2026-05-04 22:48:11.228582+00:00
4145,5344,3697,1,11000,매수,2026-05-04 22:48:11.228582+00:00
4146,5345,3200,1,157000,매수,2026-05-04 22:48:11.228582+00:00
4147,5346,3608,0,165000,Hold,2026-05-04 22:48:11.228582+00:00
4148,5347,3114,1,188000,Buy,2026-05-04 22:48:11.228582+00:00
4149,5348,3887,0,,Not Rated,2026-05-04 22:48:11.228582+00:00
4150,5349,5265,1,260000,Buy,2026-05-04 22:48:11.228582+00:00
4151,5350,3039,1,69000,Buy,2026-05-04 22:48:11.228582+00:00
4152,5351,3651,1,497000,Buy,2026-05-04 22:48:11.228582+00:00
4153,5352,4010,0,,Not Rated,2026-05-04 22:48:11.228582+00:00
4154,5353,4148,0,,Not Rated,2026-05-04 22:48:11.228582+00:00
4155,5354,3651,1,490000,Buy,2026-05-04 22:48:11.228582+00:00
4156,5355,5106,0,,Not Rated,2026-05-04 22:48:11.228582+00:00
4157,5356,4321,0,,Not Rated,2026-05-04 22:48:11.228582+00:00
4158,5357,3683,1,60000,Buy,2026-05-04 22:48:11.228582+00:00
4159,5358,4593,1,68000,Buy,2026-05-04 22:48:11.228582+00:00
4160,5359,3209,1,300000,Buy,2026-05-04 22:48:11.228582+00:00
4161,5360,5548,0,,N/A,2026-05-04 22:48:11.228582+00:00
4162,5361,2956,1,84000,Buy,2026-05-04 22:48:11.228582+00:00
4163,5362,4661,-1,10000,Sell,2026-05-04 22:48:11.228582+00:00
4164,5363,3764,1,33000,Buy,2026-05-04 22:48:11.228582+00:00
4165,5364,3766,1,200000,Buy,2026-05-04 22:48:11.228582+00:00
4166,5365,3964,0,,Not Rated,2026-05-04 22:48:11.228582+00:00
4167,5366,3182,0,,nr,2026-05-04 22:48:11.228582+00:00
4168,5367,3752,1,140000,Buy,2026-05-04 22:48:11.228582+00:00
4169,5368,3314,0,67000,N/A,2026-05-04 22:48:11.228582+00:00
4170,5369,3215,1,220000,Buy,2026-05-04 22:48:11.228582+00:00
4171,5370,3153,1,120000,Buy,2026-05-04 22:48:11.228582+00:00
4172,5371,3651,1,500000,Buy,2026-05-04 22:48:11.228582+00:00
4173,5372,2956,0,,Not Rated,2026-05-04 22:48:11.228582+00:00
4174,5373,4768,0,,Not Rated,2026-05-04 22:48:11.228582+00:00
4175,5374,5237,1,25000,매수,2026-05-04 22:48:11.228582+00:00
4176,5375,3084,1,44000,매수,2026-05-04 22:48:11.228582+00:00
4177,5376,3651,1,500000,Buy,2026-05-04 22:48:11.228582+00:00
4178,5377,3209,1,300000,Buy,2026-05-04 22:48:11.228582+00:00
4179,5378,5328,0,,Not Rated,2026-05-04 22:48:11.228582+00:00
4180,5379,3465,1,49000,Buy,2026-05-04 22:48:11.228582+00:00
4181,5380,4120,1,11000,Buy,2026-05-04 22:48:11.228582+00:00
4182,5381,3493,1,30000,Buy,2026-05-04 22:48:11.228582+00:00
4183,5382,3092,1,36500,Buy,2026-05-04 22:48:11.228582+00:00
4184,5383,3122,1,220000,Buy,2026-05-04 22:48:11.228582+00:00
4185,5384,2956,1,77000,Buy,2026-05-04 22:48:11.228582+00:00
4186,5385,4166,1,240000,Buy,2026-05-04 22:48:11.228582+00:00
4187,5386,3928,1,23500,매수,2026-05-04 22:48:11.228582+00:00
4188,5387,2981,1,25000,매수,2026-05-04 22:48:11.228582+00:00
4189,5388,3367,0,200000,Hold,2026-05-04 22:48:11.228582+00:00
4190,5389,3710,1,68000,Buy,2026-05-04 22:48:11.228582+00:00
4191,5390,3043,1,210000,Buy,2026-05-04 22:48:11.228582+00:00
4192,5391,4819,1,74000,Buy,2026-05-04 22:48:11.228582+00:00
4193,5392,4683,0,,Not Rated,2026-05-04 22:48:11.228582+00:00
4194,5393,3669,1,63000,Buy,2026-05-04 22:48:11.228582+00:00
4195,5394,4043,0,,Not Rated,2026-05-04 22:48:11.228582+00:00
4196,5395,4625,0,,Not Rated,2026-05-04 22:48:11.228582+00:00
4197,5396,4161,1,38000,Buy,2026-05-04 22:48:11.228582+00:00
4198,5397,4617,1,39000,Buy,2026-05-04 22:48:11.228582+00:00
4199,5398,2965,1,16000,Buy,2026-05-04 22:48:11.228582+00:00
4200,5399,5417,0,,Not Rated,2026-05-04 22:48:11.228582+00:00
4201,5400,3057,1,250000,Buy,2026-05-04 22:48:11.228582+00:00
4202,5401,3215,1,225000,Buy,2026-05-04 22:48:11.228582+00:00
4203,5402,3016,1,300000,Buy,2026-05-04 22:48:11.228582+00:00
4204,5403,2951,1,90000,Buy,2026-05-04 22:48:11.228582+00:00
4205,5404,3057,1,240000,Buy,2026-05-04 22:48:11.228582+00:00
4206,5405,3135,1,80000,Buy,2026-05-04 22:48:11.228582+00:00
4207,5406,3016,1,310000,Buy,2026-05-04 22:48:11.228582+00:00
4208,5407,3057,1,240000,Buy,2026-05-04 22:48:11.228582+00:00
4209,5408,3016,1,320000,Buy,2026-05-04 22:48:11.228582+00:00
4210,5409,3150,1,74000,Buy,2026-05-04 22:48:11.228582+00:00
4211,5410,3135,0,,N/A,2026-05-04 22:48:11.228582+00:00
4212,5411,3016,1,310000,Buy,2026-05-04 22:48:11.228582+00:00
4213,5412,3973,0,,Not Rated,2026-05-04 22:48:11.228582+00:00
4214,5413,3057,1,230000,매수,2026-05-04 22:48:11.228582+00:00
4215,5414,2988,1,125000,매수,2026-05-04 22:48:11.228582+00:00
4216,5415,3600,1,42000,Buy,2026-05-04 22:48:11.228582+00:00
4217,5416,3069,1,160000,Buy,2026-05-04 22:48:11.228582+00:00
4218,5417,5495,1,33000,Buy,2026-05-04 22:48:11.228582+00:00
4219,5418,3122,1,240000,Buy,2026-05-04 22:48:11.228582+00:00
4220,5419,3122,1,210000,Buy,2026-05-04 22:48:11.228582+00:00
4221,5420,3122,0,,N/A,2026-05-04 22:48:11.228582+00:00
4222,5421,3277,0,,,2026-05-04 22:48:11.228582+00:00
4223,5422,5123,1,28000,매수,2026-05-04 22:48:11.228582+00:00
4224,5423,3336,1,50000,Buy,2026-05-04 22:48:11.228582+00:00
4225,5424,4210,0,,Not Rated,2026-05-04 22:48:11.228582+00:00
4226,5425,2979,1,81000,Buy,2026-05-04 22:48:11.228582+00:00
4227,5426,3336,1,50000,Buy,2026-05-04 22:48:11.228582+00:00
4228,5427,4043,1,15500,Buy,2026-05-04 22:48:11.228582+00:00
4229,5428,3963,1,30000,Buy,2026-05-04 22:48:11.228582+00:00
4230,5429,3491,1,32000,매수,2026-05-04 22:48:11.228582+00:00
4231,5430,3736,1,137000,매수,2026-05-04 22:48:11.228582+00:00
4232,5431,3491,1,28000,Buy,2026-05-04 22:48:11.228582+00:00
4233,5432,3736,1,120000,Buy,2026-05-04 22:48:11.228582+00:00
4234,5433,3719,0,,,2026-05-04 22:48:11.228582+00:00
4235,5434,3717,1,27000,Buy,2026-05-04 22:48:11.228582+00:00
4236,5435,3666,1,40000,Buy,2026-05-04 22:48:11.228582+00:00
4237,5436,5376,0,,nr,2026-05-04 22:48:11.228582+00:00
4238,5437,4631,0,,,2026-05-04 22:48:11.228582+00:00
4239,5438,3185,1,3600,Buy,2026-05-04 22:48:11.228582+00:00
4240,5439,3581,1,35000,Buy,2026-05-04 22:48:11.228582+00:00
4241,5440,4148,1,8000,Buy,2026-05-04 22:48:11.228582+00:00
4242,5441,3258,1,85000,Buy,2026-05-04 22:48:11.228582+00:00
4243,5442,3183,1,114000,매수,2026-05-04 22:48:11.228582+00:00
4244,5443,3185,1,3500,매수,2026-05-04 22:48:11.228582+00:00
4245,5444,3381,1,110000,Buy,2026-05-04 22:48:11.228582+00:00
4246,5445,3185,0,2800,Hold,2026-05-04 22:48:11.228582+00:00
4247,5446,3183,0,94000,Hold,2026-05-04 22:48:11.228582+00:00
4248,5447,3924,0,,Not Rated,2026-05-04 22:48:11.228582+00:00
4249,5448,4125,0,,Not Rated,2026-05-04 22:48:11.228582+00:00
4250,5449,4205,0,,Not Rated,2026-05-04 22:48:11.228582+00:00
4251,5450,3156,1,145000,매수,2026-05-04 22:48:11.228582+00:00
4252,5451,3010,1,28000,Buy,2026-05-04 22:48:11.228582+00:00
4253,5452,3436,1,100000,Buy,2026-05-04 22:48:11.228582+00:00
4254,5453,3559,1,170000,Buy,2026-05-04 22:48:11.228582+00:00
4255,5454,3356,1,300000,Buy,2026-05-04 22:48:11.228582+00:00
4256,5455,3235,1,170000,Buy,2026-05-04 22:48:11.228582+00:00
4257,5456,3235,1,170000,Buy,2026-05-04 22:48:11.228582+00:00
4258,5458,4282,1,25000,Buy,2026-05-04 22:48:11.228582+00:00
4259,5459,4798,1,16000,Buy,2026-05-04 22:48:11.228582+00:00
4260,5460,3701,1,1200000,Buy,2026-05-04 22:48:11.228582+00:00
4261,5461,3750,0,,Not Rated,2026-05-04 22:48:11.228582+00:00
4262,5462,3906,0,,Not Rated,2026-05-04 22:48:11.228582+00:00
4263,5463,3010,1,26000,Buy,2026-05-04 22:48:11.228582+00:00
4264,5464,3115,1,64000,Buy,2026-05-04 22:48:11.228582+00:00
4265,5465,4244,0,,Not Rated,2026-05-04 22:48:11.228582+00:00
4266,5466,2967,1,20000,Buy,2026-05-04 22:48:11.228582+00:00
4267,5467,3937,1,14500,Buy,2026-05-04 22:48:11.228582+00:00
4268,5468,3331,1,30000,Buy,2026-05-04 22:48:11.228582+00:00
4269,5469,3322,1,73000,매수,2026-05-04 22:48:11.228582+00:00
4270,5470,5237,1,25000,매수,2026-05-04 22:48:11.228582+00:00
4271,5471,4712,1,57000,Buy,2026-05-04 22:48:11.228582+00:00
4272,5472,3192,1,96000,Buy,2026-05-04 22:48:11.228582+00:00
4273,5473,3323,1,110000,Buy,2026-05-04 22:48:11.228582+00:00
4274,5474,3742,1,140000,Buy,2026-05-04 22:48:11.228582+00:00
4275,5475,3102,1,350000,Buy,2026-05-04 22:48:11.228582+00:00
4276,5476,4245,1,43000,Buy,2026-05-04 22:48:11.228582+00:00
4277,5477,4245,0,,N/A,2026-05-04 22:48:11.228582+00:00
4278,5478,2955,0,,Not Rated,2026-05-04 22:48:11.228582+00:00
4279,5479,3102,1,330000,Buy,2026-05-04 22:48:11.228582+00:00
4280,5480,3556,1,62000,매수,2026-05-04 22:48:11.228582+00:00
4281,5481,3083,1,15000,매수,2026-05-04 22:48:11.228582+00:00
4282,5482,3039,0,,,2026-05-04 22:48:11.228582+00:00
4283,5483,3753,1,10000,매수,2026-05-04 22:48:11.228582+00:00
4284,5484,2997,1,49000,매수,2026-05-04 22:48:11.228582+00:00
4285,5485,3323,1,100000,Buy,2026-05-04 22:48:11.228582+00:00
4286,5486,3556,1,58000,Buy,2026-05-04 22:48:11.228582+00:00
4287,5487,3622,1,6500,Buy,2026-05-04 22:48:11.228582+00:00
4288,5488,3622,1,6500,Buy,2026-05-04 22:48:11.228582+00:00
4289,5489,3928,0,,nr,2026-05-04 22:48:11.228582+00:00
4290,5490,3669,1,50000,Buy,2026-05-04 22:48:11.228582+00:00
4291,5491,3385,0,4800,Hold,2026-05-04 22:48:11.228582+00:00
4292,5492,3068,1,52000,Buy,2026-05-04 22:48:11.228582+00:00
4293,5493,5151,0,,N/A,2026-05-04 22:48:11.228582+00:00
4294,5494,3072,0,,,2026-05-04 22:48:11.228582+00:00
4295,5495,3068,1,53000,매수,2026-05-04 22:48:11.228582+00:00
4296,5496,3295,1,100000,매수,2026-05-04 22:48:11.228582+00:00
4297,5497,3349,1,58000,매수,2026-05-04 22:48:11.228582+00:00
4298,5498,4703,1,61000,Buy,2026-05-04 22:48:11.228582+00:00
4299,5499,3295,1,94000,Buy,2026-05-04 22:48:11.228582+00:00
4300,5500,4633,1,380000,Buy,2026-05-04 22:48:11.228582+00:00
4301,5501,4879,0,,Not Rated,2026-05-04 22:48:11.228582+00:00
4302,5502,4407,0,,N/A,2026-05-04 22:48:11.228582+00:00
4303,5503,3291,1,46000,Buy,2026-05-04 22:48:11.228582+00:00
4304,5504,3766,1,220000,Buy,2026-05-04 22:48:11.228582+00:00
4305,5505,3298,0,200000,Hold,2026-05-04 22:48:11.228582+00:00
4306,5506,4517,1,54000,Buy,2026-05-04 22:48:11.228582+00:00
4307,5507,5148,0,110000,Hold,2026-05-04 22:48:11.228582+00:00
4308,5508,3621,1,210000,Buy,2026-05-04 22:48:11.228582+00:00
4309,5509,5440,1,80000,Buy,2026-05-04 22:48:11.228582+00:00
4310,5510,3291,1,55500,매수,2026-05-04 22:48:11.228582+00:00
4311,5511,4706,1,43000,매수,2026-05-04 22:48:11.228582+00:00
4312,5512,3621,1,150000,매수,2026-05-04 22:48:11.228582+00:00
4313,5513,3298,1,230000,매수,2026-05-04 22:48:11.228582+00:00
4314,5514,3481,1,69000,매수,2026-05-04 22:48:11.228582+00:00
4315,5515,3669,1,44000,매수,2026-05-04 22:48:11.228582+00:00
4316,5516,3700,1,450000,Buy,2026-05-04 22:48:11.228582+00:00
4317,5517,4739,0,,Not Rated,2026-05-04 22:48:11.228582+00:00
4318,5518,3225,1,59000,Buy,2026-05-04 22:48:11.228582+00:00
4319,5519,3766,1,150000,Buy,2026-05-04 22:48:11.228582+00:00
4320,5520,3437,1,24000,Buy,2026-05-04 22:48:11.228582+00:00
4321,5521,4706,1,50000,Buy,2026-05-04 22:48:11.228582+00:00
4322,5522,3052,1,360000,Buy,2026-05-04 22:48:11.228582+00:00
4323,5523,3153,1,83000,Buy,2026-05-04 22:48:11.228582+00:00
4324,5524,3277,1,100000,Buy,2026-05-04 22:48:11.228582+00:00
4325,5525,4424,0,115000,중립,2026-05-04 22:48:11.228582+00:00
4326,5526,3714,1,74000,Buy,2026-05-04 22:48:11.228582+00:00
4327,5527,3231,1,360000,Buy,2026-05-04 22:48:11.228582+00:00
4328,5528,3060,1,160000,Buy,2026-05-04 22:48:11.228582+00:00
4329,5529,3303,1,80000,Buy,2026-05-04 22:48:11.228582+00:00
4330,5530,3579,1,650000,Buy,2026-05-04 22:48:11.228582+00:00
4331,5531,2999,1,440000,Buy,2026-05-04 22:48:11.228582+00:00
4332,5532,3153,1,100000,Buy,2026-05-04 22:48:11.228582+00:00
4333,5533,4424,0,110000,Hold,2026-05-04 22:48:11.228582+00:00
4334,5534,3700,0,360000,Hold,2026-05-04 22:48:11.228582+00:00
4335,5535,3060,1,170000,Buy,2026-05-04 22:48:11.228582+00:00
4336,5536,3579,1,710000,Buy,2026-05-04 22:48:11.228582+00:00
4337,5537,3225,1,56000,Buy,2026-05-04 22:48:11.228582+00:00
4338,5538,4530,0,,N/A,2026-05-04 22:48:11.228582+00:00
4339,5539,2999,1,470000,Buy,2026-05-04 22:48:11.228582+00:00
4340,5540,4311,0,16000,Hold,2026-05-04 22:48:11.228582+00:00
4341,5541,3214,1,84000,매수,2026-05-04 22:48:11.228582+00:00
4342,5542,4530,1,45000,매수,2026-05-04 22:48:11.228582+00:00
4343,5543,2999,1,500000,매수,2026-05-04 22:48:11.228582+00:00
4344,5544,4311,0,18000,중립,2026-05-04 22:48:11.228582+00:00
4345,5545,3015,0,,Not Rated,2026-05-04 22:48:11.228582+00:00
4346,5546,3701,0,,Not Rated,2026-05-04 22:48:11.228582+00:00
4347,5547,4495,1,9500,매수,2026-05-04 22:48:11.228582+00:00
4348,5548,3096,0,,Not Rated,2026-05-04 22:48:11.228582+00:00
4349,5549,5512,1,7500,매수,2026-05-04 22:48:11.228582+00:00
4350,5550,2953,1,16000,매수,2026-05-04 22:48:11.228582+00:00
4351,5551,3359,0,,N/A,2026-05-04 22:48:11.228582+00:00
4352,5552,3252,1,16000,매수,2026-05-04 22:48:11.228582+00:00
4353,5553,4428,0,,Not Rated,2026-05-04 22:48:11.228582+00:00
4354,5554,5098,1,14000,매수,2026-05-04 22:48:11.228582+00:00
4355,5555,3145,1,82000,매수,2026-05-04 22:48:11.228582+00:00
4356,5556,5000,1,88000,Buy,2026-05-04 22:48:11.228582+00:00
4357,5557,5000,1,95000,Buy,2026-05-04 22:48:11.228582+00:00
4358,5558,3192,1,96000,Buy,2026-05-04 22:48:11.228582+00:00
4359,5559,3303,1,70000,Buy,2026-05-04 22:48:11.228582+00:00
4360,5560,3153,1,82000,Buy,2026-05-04 22:48:11.228582+00:00
4361,5561,3060,1,145000,Buy,2026-05-04 22:48:11.228582+00:00
4362,5562,3664,0,,Not Rated,2026-05-04 22:48:11.228582+00:00
4363,5563,2956,1,66000,Buy,2026-05-04 22:48:11.228582+00:00
4364,5564,3403,0,19000,Hold,2026-05-04 22:48:11.228582+00:00
4365,5565,3767,1,123000,Buy,2026-05-04 22:48:11.228582+00:00
4366,5566,3767,1,120000,Buy,2026-05-04 22:48:11.228582+00:00
4367,5567,3381,1,110000,Buy,2026-05-04 22:48:11.228582+00:00
4368,5568,3767,1,120000,Buy,2026-05-04 22:48:11.228582+00:00
4369,5569,4424,0,110000,Hold,2026-05-04 22:48:11.228582+00:00
4370,5570,3214,1,77000,Buy,2026-05-04 22:48:11.228582+00:00
4371,5571,3579,1,690000,Buy,2026-05-04 22:48:11.228582+00:00
4372,5572,3231,1,390000,Buy,2026-05-04 22:48:11.228582+00:00
4373,5573,3206,1,20000,Buy,2026-05-04 22:48:11.228582+00:00
4374,5574,5394,1,120000,Buy,2026-05-04 22:48:11.228582+00:00
4375,5575,4211,1,36000,Buy,2026-05-04 22:48:11.228582+00:00
4376,5576,2951,1,85000,Buy,2026-05-04 22:48:11.228582+00:00
4377,5577,3288,0,17000,Hold,2026-05-04 22:48:11.228582+00:00
4378,5578,3231,1,370000,Buy,2026-05-04 22:48:11.228582+00:00
4379,5579,3305,1,196000,Buy,2026-05-04 22:48:11.228582+00:00
4380,5580,3742,1,160000,Buy,2026-05-04 22:48:11.228582+00:00
4381,5581,5394,1,120000,Buy,2026-05-04 22:48:11.228582+00:00
4382,5582,4612,0,112000,N/A,2026-05-04 22:48:11.228582+00:00
4383,5583,4148,0,,Not Rated,2026-05-04 22:48:11.228582+00:00
4384,5584,3154,0,10000,Hold,2026-05-04 22:48:11.228582+00:00
4385,5585,3154,0,10000,Hold,2026-05-04 22:48:11.228582+00:00
4386,5586,3040,1,22000,Buy,2026-05-04 22:48:11.228582+00:00
4387,5587,3206,1,17000,Buy,2026-05-04 22:48:11.228582+00:00
4388,5588,5394,1,120000,Buy,2026-05-04 22:48:11.228582+00:00
4389,5589,3742,1,150000,Buy,2026-05-04 22:48:11.228582+00:00
4390,5590,5060,0,35000,nr,2026-05-04 22:48:11.228582+00:00
4391,5591,4412,1,27000,매수,2026-05-04 22:48:11.228582+00:00
4392,5592,3329,1,72000,매수,2026-05-04 22:48:11.228582+00:00
4393,5593,3742,1,140000,매수,2026-05-04 22:48:11.228582+00:00
4394,5594,4677,1,328000,Buy,2026-05-04 22:48:11.228582+00:00
4395,5595,4593,1,61000,Buy,2026-05-04 22:48:11.228582+00:00
4396,5596,4972,1,21000,Buy,2026-05-04 22:48:11.228582+00:00
4397,5597,4672,1,29000,Buy,2026-05-04 22:48:11.228582+00:00
4398,5598,5394,1,115000,Buy,2026-05-04 22:48:11.228582+00:00
4399,5599,3596,1,90000,Buy,2026-05-04 22:48:11.228582+00:00
4400,5600,5000,1,85000,매수,2026-05-04 22:48:11.228582+00:00
4401,5601,3288,0,17000,중립,2026-05-04 22:48:11.228582+00:00
4402,5602,3696,1,18000,매수,2026-05-04 22:48:11.228582+00:00
4403,5603,3305,1,210000,매수,2026-05-04 22:48:11.228582+00:00
4404,5604,4677,1,320000,Buy,2026-05-04 22:48:11.228582+00:00
4405,5605,3287,0,2500,Hold,2026-05-04 22:48:11.228582+00:00
4406,5606,3288,0,15500,Hold,2026-05-04 22:48:11.228582+00:00
4407,5607,3696,1,17000,Buy,2026-05-04 22:48:11.228582+00:00
4408,5608,3182,1,48000,Buy,2026-05-04 22:48:11.228582+00:00
4409,5609,3764,1,35000,Buy,2026-05-04 22:48:11.228582+00:00
4410,5610,3209,1,290000,Buy,2026-05-04 22:48:11.228582+00:00
4411,5611,3751,1,95000,Buy,2026-05-04 22:48:11.228582+00:00
4412,5612,3005,1,100000,Buy,2026-05-04 22:48:11.228582+00:00
4413,5613,3209,1,270000,매수,2026-05-04 22:48:11.228582+00:00
4414,5614,3059,1,56000,매수,2026-05-04 22:48:11.228582+00:00
4415,5615,3436,1,80000,매수,2026-05-04 22:48:11.228582+00:00
4416,5616,3005,1,84000,매수,2026-05-04 22:48:11.228582+00:00
4417,5617,3154,1,11000,매수,2026-05-04 22:48:11.228582+00:00
4418,5618,3040,1,20000,매수,2026-05-04 22:48:11.228582+00:00
4419,5619,3236,0,,,2026-05-04 22:48:11.228582+00:00
4420,5620,3697,1,11000,매수,2026-05-04 22:48:11.228582+00:00
4421,5621,3259,1,170000,Buy,2026-05-04 22:48:11.228582+00:00
4422,5622,4292,1,120000,Buy,2026-05-04 22:48:11.228582+00:00
4423,5623,3040,1,18500,Buy,2026-05-04 22:48:11.228582+00:00
4424,5624,3697,1,10500,Buy,2026-05-04 22:48:11.228582+00:00
4425,5625,3129,0,19000,Hold,2026-05-04 22:48:11.228582+00:00
4426,5626,3154,1,11000,Buy,2026-05-04 22:48:11.228582+00:00
4427,5627,3764,1,31000,Buy,2026-05-04 22:48:11.228582+00:00
4428,5628,4418,0,,nr,2026-05-04 22:48:11.228582+00:00
4429,5629,3106,1,26700,Buy,2026-05-04 22:48:11.228582+00:00
4430,5630,2957,0,,N/A,2026-05-04 22:48:11.228582+00:00
4431,5631,3425,1,22000,Buy,2026-05-04 22:48:11.228582+00:00
4432,5632,3450,0,,N/A,2026-05-04 22:48:11.228582+00:00
4433,5633,3000,1,29000,Buy,2026-05-04 22:48:11.228582+00:00
4434,5634,3001,1,23000,Buy,2026-05-04 22:48:11.228582+00:00
4435,5635,4545,1,34000,매수,2026-05-04 22:48:11.228582+00:00
4436,5636,3425,1,17000,매수,2026-05-04 22:48:11.228582+00:00
4437,5637,3148,1,13000,매수,2026-05-04 22:48:11.228582+00:00
4438,5638,4563,0,,Not Rated,2026-05-04 22:48:11.228582+00:00
4439,5639,3200,1,157000,매수,2026-05-04 22:48:11.228582+00:00
4440,5640,2957,1,110000,Buy,2026-05-04 22:48:11.228582+00:00
4441,5641,2950,1,105000,Buy,2026-05-04 22:48:11.228582+00:00
4442,5642,3595,1,180000,Buy,2026-05-04 22:48:11.228582+00:00
4443,5643,3148,1,15000,Buy,2026-05-04 22:48:11.228582+00:00
4444,5644,3142,1,20000,Buy,2026-05-04 22:48:11.228582+00:00
4445,5645,3595,1,220000,Buy,2026-05-04 22:48:11.228582+00:00
4446,5646,3200,1,160000,Buy,2026-05-04 22:48:11.228582+00:00
4447,5647,3701,1,1000000,Buy,2026-05-04 22:48:11.228582+00:00
4448,5648,3001,1,28000,Buy,2026-05-04 22:48:11.228582+00:00
4449,5649,3211,1,115000,Buy,2026-05-04 22:48:11.228582+00:00
4450,5650,3211,1,115000,Buy,2026-05-04 22:48:11.228582+00:00
4451,5651,3605,1,25000,Buy,2026-05-04 22:48:11.228582+00:00
4452,5652,3396,1,77000,Buy,2026-05-04 22:48:11.228582+00:00
4453,5653,3142,1,21000,Buy,2026-05-04 22:48:11.228582+00:00
4454,5654,2957,1,110000,Buy,2026-05-04 22:48:11.228582+00:00
4455,5655,3425,1,18000,Buy,2026-05-04 22:48:11.228582+00:00
4456,5656,3683,1,55000,Buy,2026-05-04 22:48:11.228582+00:00
4457,5657,3325,1,420000,Buy,2026-05-04 22:48:11.228582+00:00
4458,5658,3176,1,350000,Buy,2026-05-04 22:48:11.228582+00:00
4459,5659,3136,1,62000,Buy,2026-05-04 22:48:11.228582+00:00
4460,5660,3261,1,82000,Buy,2026-05-04 22:48:11.228582+00:00
4461,5661,4641,1,280000,Buy,2026-05-04 22:48:11.228582+00:00
4462,5662,3351,1,23500,Buy,2026-05-04 22:48:11.228582+00:00
4463,5663,3621,0,,N/A,2026-05-04 22:48:11.228582+00:00
4464,5664,3325,0,,N/A,2026-05-04 22:48:11.228582+00:00
4465,5665,2954,0,,N/A,2026-05-04 22:48:11.228582+00:00
4466,5666,3559,1,130000,매수,2026-05-04 22:48:11.228582+00:00
4467,5667,3050,1,250000,매수,2026-05-04 22:48:11.228582+00:00
4468,5668,3431,1,34000,매수,2026-05-04 22:48:11.228582+00:00
4469,5669,3261,1,81000,매수,2026-05-04 22:48:11.228582+00:00
4470,5670,3261,1,75000,Buy,2026-05-04 22:48:11.228582+00:00
4471,5671,5019,1,23000,Buy,2026-05-04 22:48:11.228582+00:00
4472,5672,3336,1,50000,Buy,2026-05-04 22:48:11.228582+00:00
4473,5673,3176,1,350000,Buy,2026-05-04 22:48:11.228582+00:00
4474,5674,3559,1,170000,Buy,2026-05-04 22:48:11.228582+00:00
4475,5675,3136,1,60000,Buy,2026-05-04 22:48:11.228582+00:00
4476,5676,3550,1,440000,Buy,2026-05-04 22:48:11.228582+00:00
4477,5677,3326,1,530000,Buy,2026-05-04 22:48:11.228582+00:00
4478,5678,3055,1,25000,Buy,2026-05-04 22:48:11.228582+00:00
4479,5679,3092,1,33000,Buy,2026-05-04 22:48:11.228582+00:00
4480,5680,3036,0,,N/A,2026-05-04 22:48:11.228582+00:00
4481,5681,3328,1,64000,Buy,2026-05-04 22:48:11.228582+00:00
4482,5682,2972,1,19000,Buy,2026-05-04 22:48:11.228582+00:00
4483,5683,3550,1,380000,Buy,2026-05-04 22:48:11.228582+00:00
4484,5684,3326,0,,N/A,2026-05-04 22:48:11.228582+00:00
4485,5685,4227,0,,Not Rated,2026-05-04 22:48:11.228582+00:00
4486,5686,3052,1,300000,매수,2026-05-04 22:48:11.228582+00:00
4487,5687,3550,1,400000,매수,2026-05-04 22:48:11.228582+00:00
4488,5688,3037,1,200000,매수,2026-05-04 22:48:11.228582+00:00
4489,5690,3051,1,600000,Buy,2026-05-04 22:48:11.228582+00:00
4490,5691,3037,1,200000,Buy,2026-05-04 22:48:11.228582+00:00
4491,5692,5394,1,110000,Buy,2026-05-04 22:48:11.228582+00:00
4492,5693,3024,1,21000,Buy,2026-05-04 22:48:11.228582+00:00
4493,5694,3700,0,360000,Hold,2026-05-04 22:48:11.228582+00:00
4494,5695,3550,1,360000,Buy,2026-05-04 22:48:11.228582+00:00
4495,5696,3037,1,200000,Buy,2026-05-04 22:48:11.228582+00:00
4496,5697,3055,1,29000,Buy,2026-05-04 22:48:11.228582+00:00
4497,5698,3326,1,320000,Buy,2026-05-04 22:48:11.228582+00:00
4498,5699,5419,1,43000,매수,2026-05-04 22:48:11.228582+00:00
4499,5700,3710,1,73000,Buy,2026-05-04 22:48:11.228582+00:00
4500,5701,3277,1,92000,매수,2026-05-04 22:48:11.228582+00:00
4501,5702,3700,1,474000,매수,2026-05-04 22:48:11.228582+00:00
4502,5703,2950,1,97000,Buy,2026-05-04 22:48:11.228582+00:00
4503,5704,3732,1,60000,Buy,2026-05-04 22:48:11.228582+00:00
4504,5705,3396,1,75000,Buy,2026-05-04 22:48:11.228582+00:00
4505,5706,3367,0,200000,Hold,2026-05-04 22:48:11.228582+00:00
4506,5707,3710,1,68000,Buy,2026-05-04 22:48:11.228582+00:00
4507,5708,3700,1,450000,Buy,2026-05-04 22:48:11.228582+00:00
4508,5709,3700,0,450000,N/A,2026-05-04 22:48:11.228582+00:00
4509,5710,3731,1,140000,Buy,2026-05-04 22:48:11.228582+00:00
4510,5711,3578,1,85000,Buy,2026-05-04 22:48:11.228582+00:00
4511,5712,3488,1,330000,Buy,2026-05-04 22:48:11.228582+00:00
4512,5713,3731,1,140000,Buy,2026-05-04 22:48:11.228582+00:00
4513,5714,3329,0,,N/A,2026-05-04 22:48:11.228582+00:00
4514,5715,4593,1,68000,Buy,2026-05-04 22:48:11.228582+00:00
4515,5716,3003,1,29000,Buy,2026-05-04 22:48:11.228582+00:00
4516,5717,3964,0,,Not Rated,2026-05-04 22:48:11.228582+00:00
4517,5718,3578,1,80000,Buy,2026-05-04 22:48:11.228582+00:00
4518,5719,3493,1,30000,Buy,2026-05-04 22:48:11.228582+00:00
4519,5720,3329,0,59000,Hold,2026-05-04 22:48:11.228582+00:00
4520,5721,2985,1,450000,Buy,2026-05-04 22:48:11.228582+00:00
4521,5722,3767,1,123000,Buy,2026-05-04 22:48:11.228582+00:00
4522,5723,3105,1,6000,Buy,2026-05-04 22:48:11.228582+00:00
4523,5724,3488,1,310000,Buy,2026-05-04 22:48:11.228582+00:00
4524,5725,3731,1,145000,Buy,2026-05-04 22:48:11.228582+00:00
4525,5726,4712,1,57000,Buy,2026-05-04 22:48:11.228582+00:00
4526,5727,3488,1,310000,매수,2026-05-04 22:48:11.228582+00:00
4527,5728,3731,1,150000,매수,2026-05-04 22:48:11.228582+00:00
4528,5729,4562,1,41000,매수,2026-05-04 22:48:11.228582+00:00
4529,5730,3609,1,180000,Buy,2026-05-04 22:48:11.228582+00:00
4530,5731,2985,1,450000,Buy,2026-05-04 22:48:11.228582+00:00
4531,5732,3329,1,67000,Buy,2026-05-04 22:48:11.228582+00:00
4532,5733,3669,1,38000,Buy,2026-05-04 22:48:11.228582+00:00
4533,5734,3608,1,350000,Buy,2026-05-04 22:48:11.228582+00:00
4534,5735,3421,1,281000,Buy,2026-05-04 22:48:11.228582+00:00
4535,5736,3081,1,1310000,Buy,2026-05-04 22:48:11.228582+00:00
4536,5737,4160,0,,,2026-05-04 22:48:11.228582+00:00
4537,5738,4879,0,,,2026-05-04 22:48:11.228582+00:00
4538,5739,4276,0,,,2026-05-04 22:48:11.228582+00:00
4539,5740,3719,1,310000,Buy,2026-05-04 22:48:11.228582+00:00
4540,5741,3585,1,22000,Buy,2026-05-04 22:48:11.228582+00:00
4541,5742,3367,1,280000,Buy,2026-05-04 22:48:11.228582+00:00
4542,5743,3116,1,180000,Buy,2026-05-04 22:48:11.228582+00:00
4543,5744,3371,1,29500,Buy,2026-05-04 22:48:11.228582+00:00
4544,5745,3719,1,380000,Buy,2026-05-04 22:48:11.228582+00:00
4545,5746,4054,0,,Not Rated,2026-05-04 22:48:11.228582+00:00
4546,5747,4407,0,,Not Rated,2026-05-04 22:48:11.228582+00:00
4547,5748,4424,0,,,2026-05-04 22:48:11.228582+00:00
4548,5749,3371,1,31000,Buy,2026-05-04 22:48:11.228582+00:00
4549,5750,3316,1,120000,Buy,2026-05-04 22:48:11.228582+00:00
4550,5751,3291,1,39000,Buy,2026-05-04 22:48:11.228582+00:00
4551,5752,3043,0,,nr,2026-05-04 22:48:11.228582+00:00
4552,5753,3421,1,300000,Buy,2026-05-04 22:48:11.228582+00:00
4553,5754,3367,1,265000,Buy,2026-05-04 22:48:11.228582+00:00
4554,5755,3719,1,310000,Buy,2026-05-04 22:48:11.228582+00:00
4555,5756,3488,1,330000,Buy,2026-05-04 22:48:11.228582+00:00
4556,5757,3719,1,360000,Buy,2026-05-04 22:48:11.228582+00:00
4557,5758,3403,0,19000,Hold,2026-05-04 22:48:11.228582+00:00
4558,5759,3077,1,92000,Buy,2026-05-04 22:48:11.228582+00:00
4559,5760,3371,1,28000,Buy,2026-05-04 22:48:11.228582+00:00
4560,5761,3719,1,320000,Buy,2026-05-04 22:48:11.228582+00:00
4561,5762,3367,0,240000,Hold,2026-05-04 22:48:11.228582+00:00
4562,5763,3316,1,110000,Buy,2026-05-04 22:48:11.228582+00:00
4563,5764,3081,1,1250000,Buy,2026-05-04 22:48:11.228582+00:00
4564,5765,3421,1,320000,Buy,2026-05-04 22:48:11.228582+00:00
4565,5766,3367,1,260000,Buy,2026-05-04 22:48:11.228582+00:00
4566,5767,3719,1,280000,Buy,2026-05-04 22:48:11.228582+00:00
4567,5768,3112,1,14000,Buy,2026-05-04 22:48:11.228582+00:00
4568,5769,2988,1,125000,매수,2026-05-04 22:48:11.228582+00:00
4569,5770,3116,1,170000,매수,2026-05-04 22:48:11.228582+00:00
4570,5771,3187,1,41000,매수,2026-05-04 22:48:11.228582+00:00
4571,5772,3367,1,300000,매수,2026-05-04 22:48:11.228582+00:00
4572,5773,3316,1,120000,매수,2026-05-04 22:48:11.228582+00:00
4573,5774,3719,1,330000,매수,2026-05-04 22:48:11.228582+00:00
4574,5775,3291,1,,매수,2026-05-04 22:48:11.228582+00:00
4575,5776,3316,1,140000,매수,2026-05-04 22:48:11.228582+00:00
4576,5777,3719,1,330000,매수,2026-05-04 22:48:11.228582+00:00
4577,5778,3705,0,,Not Rated,2026-05-04 22:48:11.228582+00:00
4578,5779,2969,1,13000,Buy,2026-05-04 22:48:11.228582+00:00
4579,5780,4407,1,60000,Buy,2026-05-04 22:48:11.228582+00:00
4580,5781,3135,1,100000,Buy,2026-05-04 22:48:11.228582+00:00
4581,5782,3122,1,220000,Buy,2026-05-04 22:48:11.228582+00:00
4582,5783,3600,1,39000,Buy,2026-05-04 22:48:11.228582+00:00
4583,5784,4819,1,60000,Buy,2026-05-04 22:48:11.228582+00:00
4584,5785,5394,1,110000,Buy,2026-05-04 22:48:11.228582+00:00
4585,5786,3081,1,1300000,Buy,2026-05-04 22:48:11.228582+00:00
4586,5787,3581,1,36000,Buy,2026-05-04 22:48:11.228582+00:00
4587,5788,3600,1,40000,Buy,2026-05-04 22:48:11.228582+00:00
4588,5789,3215,1,220000,Buy,2026-05-04 22:48:11.228582+00:00
4589,5790,4282,1,23000,Buy,2026-05-04 22:48:11.228582+00:00
4590,5791,3651,1,480000,Buy,2026-05-04 22:48:11.228582+00:00
4591,5792,3081,1,1300000,Buy,2026-05-04 22:48:11.228582+00:00
4592,5793,3283,1,14000,매수,2026-05-04 22:48:11.228582+00:00
4593,5794,3215,1,240000,매수,2026-05-04 22:48:11.228582+00:00
4594,5795,3081,1,1300000,매수,2026-05-04 22:48:11.228582+00:00
4595,5796,3741,1,370000,매수,2026-05-04 22:48:11.228582+00:00
4596,5797,3023,1,150000,Buy,2026-05-04 22:48:11.228582+00:00
4597,5798,3215,1,205000,Buy,2026-05-04 22:48:11.228582+00:00
4598,5799,3283,1,12000,Buy,2026-05-04 22:48:11.228582+00:00
4599,5800,3600,1,42000,Buy,2026-05-04 22:48:11.228582+00:00
4600,5801,3581,1,28000,Buy,2026-05-04 22:48:11.228582+00:00
4601,5802,3225,1,59000,Buy,2026-05-04 22:48:11.228582+00:00
4602,5803,3600,1,,Buy,2026-05-04 22:48:11.228582+00:00
4603,5804,3315,1,8600,Buy,2026-05-04 22:48:11.228582+00:00
4604,5805,2948,1,55000,Buy,2026-05-04 22:48:11.228582+00:00
4605,5806,3114,1,,Buy,2026-05-04 22:48:11.228582+00:00
4606,5807,3081,1,1200000,Buy,2026-05-04 22:48:11.228582+00:00
4607,5808,5014,1,60000,Buy,2026-05-04 22:48:11.228582+00:00
4608,5809,4914,1,49000,Buy,2026-05-04 22:48:11.228582+00:00
4609,5810,3271,1,160000,Buy,2026-05-04 22:48:11.228582+00:00
4610,5811,3764,1,35000,Buy,2026-05-04 22:48:11.228582+00:00
4611,5812,3023,1,135000,Buy,2026-05-04 22:48:11.228582+00:00
4612,5813,3106,1,28000,Buy,2026-05-04 22:48:11.228582+00:00
4613,5814,4417,1,32000,Buy,2026-05-04 22:48:11.228582+00:00
4614,5815,4054,0,,Not Rated,2026-05-04 22:48:11.228582+00:00
4615,5816,5081,1,23000,매수,2026-05-04 22:48:11.228582+00:00
4616,5817,3258,1,70000,Buy,2026-05-04 22:48:11.228582+00:00
4617,5818,4161,1,47000,Buy,2026-05-04 22:48:11.228582+00:00
4618,5819,3259,1,170000,Buy,2026-05-04 22:48:11.228582+00:00
4619,5820,4677,1,287000,Buy,2026-05-04 22:48:11.228582+00:00
4620,5821,3075,1,500000,Buy,2026-05-04 22:48:11.228582+00:00
4621,5822,4589,0,,,2026-05-04 22:48:11.228582+00:00
4622,5823,3613,0,,Not Rated,2026-05-04 22:48:11.228582+00:00
4623,5824,3450,0,,,2026-05-04 22:48:11.228582+00:00
4624,5825,3579,1,470000,Buy,2026-05-04 22:48:11.228582+00:00
4625,5826,4658,0,,Not Rated,2026-05-04 22:48:11.228582+00:00
4626,5827,3701,1,900000,Buy,2026-05-04 22:48:11.228582+00:00
4627,5828,3326,1,410000,Buy,2026-05-04 22:48:11.228582+00:00
4628,5829,5091,0,,,2026-05-04 22:48:11.228582+00:00
4629,5830,4499,0,,Not Rated,2026-05-04 22:48:11.228582+00:00
4630,5831,3213,1,40000,매수,2026-05-04 22:48:11.228582+00:00
4631,5832,3206,1,18000,매수,2026-05-04 22:48:11.228582+00:00
4632,5833,3075,1,570000,매수,2026-05-04 22:48:11.228582+00:00
4633,5834,3075,1,570000,매수,2026-05-04 22:48:11.228582+00:00
4634,5835,3201,1,52000,매수,2026-05-04 22:48:11.228582+00:00
4635,5836,3075,1,460000,매수,2026-05-04 22:48:11.228582+00:00
4636,5837,3048,1,3700,Buy,2026-05-04 22:48:11.228582+00:00
4637,5838,3075,1,560000,Buy,2026-05-04 22:48:11.228582+00:00
4638,5839,3232,1,5200,Buy,2026-05-04 22:48:11.228582+00:00
4639,5840,4263,1,32000,Buy,2026-05-04 22:48:11.228582+00:00
4640,5841,5394,1,98000,Buy,2026-05-04 22:48:11.228582+00:00
4641,5842,2944,0,,nr,2026-05-04 22:48:11.228582+00:00
4642,5843,3215,1,205000,Buy,2026-05-04 22:48:11.228582+00:00
4643,5844,2967,1,21500,Buy,2026-05-04 22:48:11.228582+00:00
4644,5845,4923,0,,nr,2026-05-04 22:48:11.228582+00:00
4645,5846,3285,0,,nr,2026-05-04 22:48:11.228582+00:00
4646,5847,3649,0,,nr,2026-05-04 22:48:11.228582+00:00
4647,5848,3649,0,,nr,2026-05-04 22:48:11.228582+00:00
4648,5849,3126,0,,nr,2026-05-04 22:48:11.228582+00:00
4649,5850,3964,0,,nr,2026-05-04 22:48:11.228582+00:00
4650,5851,4621,0,,nr,2026-05-04 22:48:11.228582+00:00
4651,5852,3522,0,,nr,2026-05-04 22:48:11.228582+00:00
4652,5853,4160,0,,nr,2026-05-04 22:48:11.228582+00:00
4653,5854,4972,1,12000,Buy,2026-05-04 22:48:11.228582+00:00
4654,5855,3084,1,,Buy,2026-05-04 22:48:11.228582+00:00
4655,5856,3331,0,,nr,2026-05-04 22:48:11.228582+00:00
4656,5857,5263,0,,nr,2026-05-04 22:48:11.228582+00:00
4657,5858,5455,0,,nr,2026-05-04 22:48:11.228582+00:00
4658,5859,4593,0,,nr,2026-05-04 22:48:11.228582+00:00
4659,5860,5331,0,,nr,2026-05-04 22:48:11.228582+00:00
4660,5861,5081,0,,nr,2026-05-04 22:48:11.228582+00:00
4661,5862,3328,1,57000,Buy,2026-05-04 22:48:11.228582+00:00
4662,5863,3336,0,,nr,2026-05-04 22:48:11.228582+00:00
4663,5864,3488,1,310000,Buy,2026-05-04 22:48:11.228582+00:00
4664,5865,3495,1,193000,Buy,2026-05-04 22:48:11.228582+00:00
4665,5866,4563,0,,,2026-05-04 22:48:11.228582+00:00
4666,5867,4527,1,65000,Buy,2026-05-04 22:48:11.228582+00:00
4667,5868,4400,1,12000,Buy,2026-05-04 22:48:11.228582+00:00
4668,5869,5020,0,,,2026-05-04 22:48:11.228582+00:00
4669,5870,5092,0,,,2026-05-04 22:48:11.228582+00:00
4670,5871,3421,1,280000,Buy,2026-05-04 22:48:11.228582+00:00
4671,5872,3231,1,390000,Buy,2026-05-04 22:48:11.228582+00:00
4672,5873,4178,0,,nr,2026-05-04 22:48:11.228582+00:00
4673,5874,3016,1,270000,Buy,2026-05-04 22:48:11.228582+00:00
4674,5875,3421,1,300000,매수,2026-05-04 22:48:11.228582+00:00
4675,5876,3052,1,320000,매수,2026-05-04 22:48:11.228582+00:00
4676,5877,4301,0,,Not Rated,2026-05-04 22:48:11.228582+00:00
4677,5878,3559,1,130000,매수,2026-05-04 22:48:11.228582+00:00
4678,5879,3050,1,285000,매수,2026-05-04 22:48:11.228582+00:00
4679,5880,3192,1,89000,Buy,2026-05-04 22:48:11.228582+00:00
4680,5881,3421,1,275000,Buy,2026-05-04 22:48:11.228582+00:00
4681,5882,4337,1,8000,Buy,2026-05-04 22:48:11.228582+00:00
4682,5883,4424,1,200000,매수,2026-05-04 22:48:11.228582+00:00
4683,5884,3050,1,250000,매수,2026-05-04 22:48:11.228582+00:00
4684,5885,3176,1,350000,Buy,2026-05-04 22:48:11.228582+00:00
4685,5886,3764,1,31000,Buy,2026-05-04 22:48:11.228582+00:00
4686,5887,3092,1,37000,Buy,2026-05-04 22:48:11.228582+00:00
4687,5888,3493,1,30000,Buy,2026-05-04 22:48:11.228582+00:00
4688,5889,3336,1,45000,Buy,2026-05-04 22:48:11.228582+00:00
4689,5890,3016,1,280000,Buy,2026-05-04 22:48:11.228582+00:00
4690,5891,5294,1,88000,Buy,2026-05-04 22:48:11.228582+00:00
4691,5892,5000,1,88000,Buy,2026-05-04 22:48:11.228582+00:00
4692,5893,3595,1,180000,Buy,2026-05-04 22:48:11.228582+00:00
4693,5895,2992,1,370000,매수,2026-05-04 22:48:11.228582+00:00
4694,5896,3214,1,84000,매수,2026-05-04 22:48:11.228582+00:00
4695,5897,3005,1,84000,매수,2026-05-04 22:48:11.228582+00:00
4696,5898,3050,1,260000,Buy,2026-05-04 22:48:11.228582+00:00
4697,5899,3285,0,,nr,2026-05-04 22:48:11.228582+00:00
4698,5900,2967,1,22000,Buy,2026-05-04 22:48:11.228582+00:00
4699,5901,5221,1,13000,Buy,2026-05-04 22:48:11.228582+00:00
4700,5902,3150,1,69000,Buy,2026-05-04 22:48:11.228582+00:00
4701,5903,3493,1,33000,Buy,2026-05-04 22:48:11.228582+00:00
4702,5904,3736,1,129000,Buy,2026-05-04 22:48:11.228582+00:00
4703,5905,3051,1,600000,Buy,2026-05-04 22:48:11.228582+00:00
4704,5906,4231,1,61000,Buy,2026-05-04 22:48:11.228582+00:00
4705,5907,3766,1,160000,Buy,2026-05-04 22:48:11.228582+00:00
4706,5908,3329,1,57000,매수,2026-05-04 22:48:11.228582+00:00
4707,5909,3425,1,16000,매수,2026-05-04 22:48:11.228582+00:00
4708,5910,2999,1,420000,매수,2026-05-04 22:48:11.228582+00:00
4709,5911,3436,1,,매수,2026-05-04 22:48:11.228582+00:00
4710,5912,3683,1,55000,매수,2026-05-04 22:48:11.228582+00:00
4711,5913,3277,1,105000,매수,2026-05-04 22:48:11.228582+00:00
4712,5914,5419,1,43000,매수,2026-05-04 22:48:11.228582+00:00
4713,5915,3481,1,70000,Buy,2026-05-04 22:48:11.228582+00:00
4714,5916,3219,0,11000,Hold,2026-05-04 22:48:11.228582+00:00
4715,5917,3349,1,56000,Buy,2026-05-04 22:48:11.228582+00:00
4716,5918,3719,1,335000,Buy,2026-05-04 22:48:11.228582+00:00
4717,5919,3405,0,,Not Rated,2026-05-04 22:48:11.228582+00:00
4718,5920,3731,1,140000,Buy,2026-05-04 22:48:11.228582+00:00
4719,5921,4855,0,,Not Rated,2026-05-04 22:48:11.228582+00:00
4720,5922,3068,1,50000,매수,2026-05-04 22:48:11.228582+00:00
4721,5923,3578,1,85000,매수,2026-05-04 22:48:11.228582+00:00
4722,5924,3108,0,5500,중립,2026-05-04 22:48:11.228582+00:00
4723,5925,3197,1,5900,매수,2026-05-04 22:48:11.228582+00:00
4724,5926,3185,1,3500,매수,2026-05-04 22:48:11.228582+00:00
4725,5927,3183,1,114000,매수,2026-05-04 22:48:11.228582+00:00
4726,5928,3491,1,32000,매수,2026-05-04 22:48:11.228582+00:00
4727,5929,3736,1,137000,매수,2026-05-04 22:48:11.228582+00:00
4728,5930,3196,1,31000,Buy,2026-05-04 22:48:11.228582+00:00
4729,5931,3750,1,31000,Buy,2026-05-04 22:48:11.228582+00:00
4730,5932,3651,1,550000,Buy,2026-05-04 22:48:11.228582+00:00
4731,5933,3613,1,1100000,Buy,2026-05-04 22:48:11.228582+00:00
4732,5934,3742,1,180000,Buy,2026-05-04 22:48:11.228582+00:00
4733,5935,3714,1,86000,Buy,2026-05-04 22:48:11.228582+00:00
4734,5936,3419,1,600000,Buy,2026-05-04 22:48:11.228582+00:00
4735,5937,3184,1,58000,Buy,2026-05-04 22:48:11.228582+00:00
4736,5938,3340,1,150000,Buy,2026-05-04 22:48:11.228582+00:00
4737,5940,5307,1,32000,Buy,2026-05-04 22:48:11.228582+00:00
4738,5941,3231,1,410000,Buy,2026-05-04 22:48:11.228582+00:00
4739,5942,3069,1,160000,Buy,2026-05-04 22:48:11.228582+00:00
4740,5943,3578,1,82000,Buy,2026-05-04 22:48:11.228582+00:00
4741,5944,3609,1,190000,Buy,2026-05-04 22:48:11.228582+00:00
4742,5945,3329,1,53000,Buy,2026-05-04 22:48:11.228582+00:00
4743,5946,3425,1,18000,Buy,2026-05-04 22:48:11.228582+00:00
4744,5947,3069,1,140000,Buy,2026-05-04 22:48:11.228582+00:00
4745,5948,3150,1,68000,Buy,2026-05-04 22:48:11.228582+00:00
4746,5949,3126,1,76000,Buy,2026-05-04 22:48:11.228582+00:00
4747,5950,3126,1,76000,Buy,2026-05-04 22:48:11.228582+00:00
4748,5951,3072,0,55000,Hold,2026-05-04 22:48:11.228582+00:00
4749,5952,3340,1,150000,Buy,2026-05-04 22:48:11.228582+00:00
4750,5953,3102,1,304000,Buy,2026-05-04 22:48:11.228582+00:00
4751,5954,3651,1,500000,Buy,2026-05-04 22:48:11.228582+00:00
4752,5955,3055,1,30000,Buy,2026-05-04 22:48:11.228582+00:00
4753,5956,3106,1,29700,Buy,2026-05-04 22:48:11.228582+00:00
4754,5957,3351,1,23500,Buy,2026-05-04 22:48:11.228582+00:00
4755,5958,3621,1,210000,Buy,2026-05-04 22:48:11.228582+00:00
4756,5959,3550,1,380000,Buy,2026-05-04 22:48:11.228582+00:00
4757,5960,3329,0,,,2026-05-04 22:48:11.228582+00:00
4758,5961,3493,1,33000,Buy,2026-05-04 22:48:11.228582+00:00
4759,5962,3153,0,70000,marketperform,2026-05-04 22:48:11.228582+00:00
4760,5963,3176,1,370000,매수,2026-05-04 22:48:11.228582+00:00
4761,5964,4507,0,,Not Rated,2026-05-04 22:48:11.228582+00:00
4762,5965,3710,1,82000,매수,2026-05-04 22:48:11.228582+00:00
4763,5966,3326,1,370000,매수,2026-05-04 22:48:11.228582+00:00
4764,5967,3000,1,28000,Buy,2026-05-04 22:48:11.228582+00:00
4765,5968,5331,0,,nr,2026-05-04 22:48:11.228582+00:00
4766,5969,4641,1,290000,Buy,2026-05-04 22:48:11.228582+00:00
4767,5970,2950,1,97000,Buy,2026-05-04 22:48:11.228582+00:00
4768,5971,3205,1,40000,Buy,2026-05-04 22:48:11.228582+00:00
4769,5972,4311,0,17000,Hold,2026-05-04 22:48:11.228582+00:00
4770,5973,3117,1,48000,Buy,2026-05-04 22:48:11.228582+00:00
4771,5974,3298,0,210000,Hold,2026-05-04 22:48:11.228582+00:00
4772,5975,3488,1,325000,Buy,2026-05-04 22:48:11.228582+00:00
4773,5976,3160,1,57500,Buy,2026-05-04 22:48:11.228582+00:00
4774,5977,3550,1,390000,Buy,2026-05-04 22:48:11.228582+00:00
4775,5978,3719,1,280000,Buy,2026-05-04 22:48:11.228582+00:00
4776,5979,3581,1,30000,Buy,2026-05-04 22:48:11.228582+00:00
4777,5980,3731,1,120000,Buy,2026-05-04 22:48:11.228582+00:00
4778,5981,2985,1,430000,Buy,2026-05-04 22:48:11.228582+00:00
4779,5982,3196,1,25000,Buy,2026-05-04 22:48:11.228582+00:00
4780,5983,3605,1,23000,Buy,2026-05-04 22:48:11.228582+00:00
4781,5984,3396,1,77000,Buy,2026-05-04 22:48:11.228582+00:00
4782,5985,3327,1,4000,Buy,2026-05-04 22:48:11.228582+00:00
4783,5986,3421,1,240000,Buy,2026-05-04 22:48:11.228582+00:00
4784,5987,4244,0,,nr,2026-05-04 22:48:11.228582+00:00
4785,5988,3176,1,380000,Buy,2026-05-04 22:48:11.228582+00:00
4786,5989,3051,1,500000,매수,2026-05-04 22:48:11.228582+00:00
4787,5990,3421,1,300000,매수,2026-05-04 22:48:11.228582+00:00
4788,5991,3731,1,150000,매수,2026-05-04 22:48:11.228582+00:00
4789,5992,3719,1,330000,매수,2026-05-04 22:48:11.228582+00:00
4790,5993,3209,1,270000,매수,2026-05-04 22:48:11.228582+00:00
4791,5994,3055,1,28000,Buy,2026-05-04 22:48:11.228582+00:00
4792,5995,3550,1,400000,매수,2026-05-04 22:48:11.228582+00:00
4793,5996,3581,1,32000,매수,2026-05-04 22:48:11.228582+00:00
4794,5997,3305,1,210000,매수,2026-05-04 22:48:11.228582+00:00
4795,5998,3316,0,,,2026-05-04 22:48:11.228582+00:00
4796,5999,3710,1,68000,Buy,2026-05-04 22:48:11.228582+00:00
4797,6000,3316,1,110000,Buy,2026-05-04 22:48:11.228582+00:00
4798,6001,3719,1,330000,Buy,2026-05-04 22:48:11.228582+00:00
4799,6002,3731,1,150000,Buy,2026-05-04 22:48:11.228582+00:00
4800,6003,3488,1,320000,Buy,2026-05-04 22:48:11.228582+00:00
4801,6004,3037,1,200000,Buy,2026-05-04 22:48:11.228582+00:00
4802,6005,3385,1,5500,Buy,2026-05-04 22:48:11.228582+00:00
4803,6006,3117,1,60000,Buy,2026-05-04 22:48:11.228582+00:00
4804,6007,3160,1,60000,Buy,2026-05-04 22:48:11.228582+00:00
4805,6008,3318,1,60000,Buy,2026-05-04 22:48:11.228582+00:00
4806,6009,3136,1,60000,Buy,2026-05-04 22:48:11.228582+00:00
4807,6010,3274,1,8000,Buy,2026-05-04 22:48:11.228582+00:00
4808,6011,3681,1,10000,Buy,2026-05-04 22:48:11.228582+00:00
4809,6012,3011,1,45000,Buy,2026-05-04 22:48:11.228582+00:00
4810,6013,3055,1,29000,Buy,2026-05-04 22:48:11.228582+00:00
4811,6014,3327,1,4500,Buy,2026-05-04 22:48:11.228582+00:00
4812,6015,3371,1,27000,Buy,2026-05-04 22:48:11.228582+00:00
4813,6016,3605,1,24000,Buy,2026-05-04 22:48:11.228582+00:00
4814,6017,3600,1,40000,Buy,2026-05-04 22:48:11.228582+00:00
4815,6018,3052,1,370000,Buy,2026-05-04 22:48:11.228582+00:00
4816,6019,3581,0,,N/A,2026-05-04 22:48:11.228582+00:00
4817,6020,5092,1,17000,Buy,2026-05-04 22:48:11.228582+00:00
4818,6021,3766,0,,N/A,2026-05-04 22:48:11.228582+00:00
4819,6022,3425,1,22000,Buy,2026-05-04 22:48:11.228582+00:00
4820,6023,3710,0,,N/A,2026-05-04 22:48:11.228582+00:00
4821,6024,3081,1,1300000,Buy,2026-05-04 22:48:11.228582+00:00
4822,6025,3605,1,25000,Buy,2026-05-04 22:48:11.228582+00:00
4823,6026,3600,1,37000,Buy,2026-05-04 22:48:11.228582+00:00
4824,6027,3011,1,42000,Buy,2026-05-04 22:48:11.228582+00:00
4825,6028,3075,1,560000,Buy,2026-05-04 22:48:11.228582+00:00
4826,6029,5237,1,25000,매수,2026-05-04 22:48:11.228582+00:00
4827,6030,3081,1,1250000,Buy,2026-05-04 22:48:11.228582+00:00
4828,6031,3436,1,100000,Buy,2026-05-04 22:48:11.228582+00:00
4829,6032,2999,1,460000,Buy,2026-05-04 22:48:11.228582+00:00
4830,6033,3323,1,110000,Buy,2026-05-04 22:48:11.228582+00:00
4831,6034,3251,1,140000,Buy,2026-05-04 22:48:11.228582+00:00
4832,6035,3209,1,280000,Buy,2026-05-04 22:48:11.228582+00:00
4833,6036,3236,1,48000,매수,2026-05-04 22:48:11.228582+00:00
4834,6037,4127,0,,nr,2026-05-04 22:48:11.228582+00:00
4835,6038,3609,1,180000,Buy,2026-05-04 22:48:11.228582+00:00
4836,6039,3686,1,37000,Buy,2026-05-04 22:48:11.228582+00:00
4837,6040,3710,1,76000,Buy,2026-05-04 22:48:11.228582+00:00
4838,6041,3051,1,530000,Buy,2026-05-04 22:48:11.228582+00:00
4839,6042,3421,1,260000,Buy,2026-05-04 22:48:11.228582+00:00
4840,6043,3075,1,500000,Buy,2026-05-04 22:48:11.228582+00:00
4841,6044,5245,0,,,2026-05-04 22:48:11.228582+00:00
4842,6045,3153,1,88000,Buy,2026-05-04 22:48:11.228582+00:00
4843,6046,3116,1,190000,Buy,2026-05-04 22:48:11.228582+00:00
4844,6047,3068,1,52000,Buy,2026-05-04 22:48:11.228582+00:00
4845,6049,3600,1,43000,Buy,2026-05-04 22:48:11.228582+00:00
4846,6050,2956,1,66000,Buy,2026-05-04 22:48:11.228582+00:00
4847,6051,3135,1,90000,Buy,2026-05-04 22:48:11.228582+00:00
4848,6052,4591,1,80000,Buy,2026-05-04 22:48:11.228582+00:00
4849,6053,3251,1,160000,Buy,2026-05-04 22:48:11.228582+00:00
4850,6054,3919,0,,,2026-05-04 22:48:11.228582+00:00
4851,6055,3367,1,300000,매수,2026-05-04 22:48:11.228582+00:00
4852,6056,3710,1,77000,매수,2026-05-04 22:48:11.228582+00:00
4853,6057,3714,1,74000,매수,2026-05-04 22:48:11.228582+00:00
4854,6058,4594,0,,Not Rated,2026-05-04 22:48:11.228582+00:00
4855,6059,2999,1,450000,Buy,2026-05-04 22:48:11.228582+00:00
4856,6060,3194,1,200000,Buy,2026-05-04 22:48:11.228582+00:00
4857,6061,3621,1,130000,Buy,2026-05-04 22:48:11.228582+00:00
4858,6062,3751,1,115000,Buy,2026-05-04 22:48:11.228582+00:00
4859,6063,3734,1,350000,Buy,2026-05-04 22:48:11.228582+00:00
4860,6064,3215,1,205000,Buy,2026-05-04 22:48:11.228582+00:00
4861,6065,3316,1,110000,Buy,2026-05-04 22:48:11.228582+00:00
4862,6066,3710,1,71000,Buy,2026-05-04 22:48:11.228582+00:00
4863,6067,3367,0,180000,Hold,2026-05-04 22:48:11.228582+00:00
4864,6068,3145,1,75000,Buy,2026-05-04 22:48:11.228582+00:00
4865,6069,3015,1,6250,Buy,2026-05-04 22:48:11.228582+00:00
4866,6070,4267,0,,N/A,2026-05-04 22:48:11.228582+00:00
4867,6071,3215,1,220000,Buy,2026-05-04 22:48:11.228582+00:00
4868,6072,4267,0,,,2026-05-04 22:48:11.228582+00:00
4869,359,3367,1,,,2026-05-05 00:26:50.359810+00:00
4870,362,3000,1,,,2026-05-05 00:26:50.359810+00:00
4871,363,8823,1,,,2026-05-05 00:26:50.359810+00:00
4872,365,4116,1,,,2026-05-05 00:26:50.359810+00:00
4873,365,5599,1,,,2026-05-05 00:26:50.359810+00:00
4874,366,3719,1,,,2026-05-05 00:26:50.359810+00:00
4875,366,3772,1,,,2026-05-05 00:26:50.359810+00:00
4876,367,9363,1,,,2026-05-05 00:26:50.359810+00:00
4877,369,9661,1,,,2026-05-05 00:26:50.359810+00:00
4878,370,10275,1,,,2026-05-05 00:26:50.359810+00:00
4879,373,11577,1,,,2026-05-05 00:26:50.359810+00:00
4880,377,5597,1,,,2026-05-05 00:26:50.359810+00:00
4881,378,9908,1,,,2026-05-05 00:26:50.359810+00:00
4882,380,13959,0,,,2026-05-05 00:26:50.359810+00:00
4883,381,3137,1,,,2026-05-05 00:26:50.359810+00:00
4884,381,9903,1,,,2026-05-05 00:26:50.359810+00:00
4885,382,4442,1,,,2026-05-05 00:26:50.359810+00:00
4886,382,8810,1,,,2026-05-05 00:26:50.359810+00:00
4887,383,2956,1,,,2026-05-05 00:26:50.359810+00:00
4888,384,3814,0,,,2026-05-05 00:26:50.359810+00:00
4889,385,3697,0,,,2026-05-05 00:26:50.359810+00:00
4890,386,4405,1,,,2026-05-05 00:26:50.359810+00:00
4891,387,11653,1,,,2026-05-05 00:26:50.359810+00:00
4892,388,5499,1,,,2026-05-05 00:26:50.359810+00:00
4893,389,11379,1,,,2026-05-05 00:26:50.359810+00:00
4894,390,3520,1,,,2026-05-05 00:26:50.359810+00:00
4895,391,4970,1,,,2026-05-05 00:26:50.359810+00:00
4896,392,5099,1,,,2026-05-05 00:26:50.359810+00:00
4897,393,4683,1,,,2026-05-05 00:26:50.359810+00:00
4898,394,4761,1,,,2026-05-05 00:26:50.359810+00:00
4899,395,4975,1,,,2026-05-05 00:26:50.359810+00:00
4900,396,4148,1,,,2026-05-05 00:26:50.359810+00:00
4901,397,4126,1,,,2026-05-05 00:26:50.359810+00:00
4902,398,2947,1,,,2026-05-05 00:26:50.359810+00:00
4903,399,4680,1,,,2026-05-05 00:26:50.359810+00:00
4904,400,4070,1,,,2026-05-05 00:26:50.359810+00:00
4905,402,10218,1,,,2026-05-05 00:26:50.359810+00:00
4906,402,4394,1,,,2026-05-05 00:26:50.359810+00:00
4907,403,3609,1,,,2026-05-05 00:26:50.359810+00:00
4908,404,3136,1,,,2026-05-05 00:26:50.359810+00:00
4909,405,3550,1,,,2026-05-05 00:26:50.359810+00:00
4910,406,3183,1,,,2026-05-05 00:26:50.359810+00:00
4911,407,4706,1,,,2026-05-05 00:26:50.359810+00:00
4912,409,5592,1,,,2026-05-05 00:26:50.359810+00:00
4913,410,4744,1,,,2026-05-05 00:26:50.359810+00:00
4914,412,3597,1,,,2026-05-05 00:26:50.359810+00:00
4915,413,3316,1,,,2026-05-05 00:26:50.359810+00:00
4916,414,8852,1,,,2026-05-05 00:26:50.359810+00:00
4917,415,2992,1,,,2026-05-05 00:26:50.359810+00:00
4918,416,3697,0,,,2026-05-05 00:26:50.359810+00:00
4919,417,3721,1,,,2026-05-05 00:26:50.359810+00:00
4920,419,5441,1,,,2026-05-05 00:26:50.359810+00:00
4921,420,5595,1,,,2026-05-05 00:26:50.359810+00:00
4922,421,8985,1,,,2026-05-05 00:26:50.359810+00:00
4923,423,3331,1,,,2026-05-05 00:26:50.359810+00:00
4924,424,3050,1,,,2026-05-05 00:26:50.359810+00:00
4925,425,5211,1,,,2026-05-05 00:26:50.359810+00:00
4926,426,5331,1,,,2026-05-05 00:26:50.359810+00:00
4927,427,3411,1,,,2026-05-05 00:26:50.359810+00:00
4928,428,3697,0,,,2026-05-05 00:26:50.359810+00:00
4929,429,3126,1,,,2026-05-05 00:26:50.359810+00:00
4930,430,4855,1,,,2026-05-05 00:26:50.359810+00:00
4931,432,5593,1,,,2026-05-05 00:26:50.359810+00:00
4932,433,13959,1,,,2026-05-05 00:26:50.359810+00:00
4933,434,4966,1,,,2026-05-05 00:26:50.359810+00:00
4934,435,3736,1,,,2026-05-05 00:26:50.359810+00:00
4935,436,3701,1,,,2026-05-05 00:26:50.359810+00:00
4936,437,3697,0,,,2026-05-05 00:26:50.359810+00:00
4937,438,3068,1,,,2026-05-05 00:26:50.359810+00:00
4938,439,5607,1,,,2026-05-05 00:26:50.359810+00:00
4939,440,3719,1,,,2026-05-05 00:26:50.359810+00:00
4940,441,5294,1,,,2026-05-05 00:26:50.359810+00:00
4941,442,4923,1,,,2026-05-05 00:26:50.359810+00:00
4942,443,3697,0,,,2026-05-05 00:26:50.359810+00:00
4943,443,3200,0,,,2026-05-05 00:26:50.359810+00:00
4944,444,9866,1,,,2026-05-05 00:26:50.359810+00:00
4945,446,3328,1,,,2026-05-05 00:26:50.359810+00:00
4946,447,5597,0,,,2026-05-05 00:26:50.359810+00:00
4947,449,4175,1,,,2026-05-05 00:26:50.359810+00:00
4948,450,2958,1,,,2026-05-05 00:26:50.359810+00:00
4949,453,5441,1,,,2026-05-05 00:26:50.359810+00:00
4950,454,3150,1,,,2026-05-05 00:26:50.359810+00:00
4951,455,3697,0,,,2026-05-05 00:26:50.359810+00:00
4952,456,5204,1,,,2026-05-05 00:26:50.359810+00:00
4953,457,8852,1,,,2026-05-05 00:26:50.359810+00:00
4954,458,3331,1,,,2026-05-05 00:26:50.359810+00:00
4955,458,10029,1,,,2026-05-05 00:26:50.359810+00:00
4956,459,3051,1,,,2026-05-05 00:26:50.359810+00:00
4957,460,3508,0,,,2026-05-05 00:26:50.359810+00:00
4958,461,3200,1,,,2026-05-05 00:26:50.359810+00:00
4959,461,3258,1,,,2026-05-05 00:26:50.359810+00:00
4960,464,3710,0,,,2026-05-05 00:26:50.359810+00:00
4961,465,3924,1,,,2026-05-05 00:26:50.359810+00:00
4962,466,3710,0,,,2026-05-05 00:26:50.359810+00:00
4963,467,5265,0,,,2026-05-05 00:26:50.359810+00:00
4964,469,3721,1,,,2026-05-05 00:26:50.359810+00:00
4965,470,3608,0,,,2026-05-05 00:26:50.359810+00:00
4966,471,5607,1,,,2026-05-05 00:26:50.359810+00:00
4967,471,4394,1,,,2026-05-05 00:26:50.359810+00:00
4968,472,3721,0,,,2026-05-05 00:26:50.359810+00:00
4969,473,10140,1,,,2026-05-05 00:26:50.359810+00:00
4970,473,10967,1,,,2026-05-05 00:26:50.359810+00:00
4971,474,3734,0,,,2026-05-05 00:26:50.359810+00:00
4972,475,3696,0,,,2026-05-05 00:26:50.359810+00:00
4973,476,3252,0,,,2026-05-05 00:26:50.359810+00:00
4974,478,5399,1,,,2026-05-05 00:26:50.359810+00:00
4975,479,3135,1,,,2026-05-05 00:26:50.359810+00:00
4976,481,3425,0,,,2026-05-05 00:26:50.359810+00:00
4977,484,3613,0,,,2026-05-05 00:26:50.359810+00:00
4978,485,3329,1,,,2026-05-05 00:26:50.359810+00:00
4979,488,3578,1,,,2026-05-05 00:26:50.359810+00:00
4980,489,3622,0,,,2026-05-05 00:26:50.359810+00:00
4981,489,4941,0,,,2026-05-05 00:26:50.359810+00:00
4982,491,9948,1,,,2026-05-05 00:26:50.359810+00:00
4983,492,3587,1,,,2026-05-05 00:26:50.359810+00:00
4984,492,3068,1,,,2026-05-05 00:26:50.359810+00:00
4985,493,3556,1,,,2026-05-05 00:26:50.359810+00:00
4986,493,3731,1,,,2026-05-05 00:26:50.359810+00:00
4987,494,5593,1,,,2026-05-05 00:26:50.359810+00:00
4988,494,4394,1,,,2026-05-05 00:26:50.359810+00:00
4989,495,3579,0,,,2026-05-05 00:26:50.359810+00:00
4990,496,3696,0,,,2026-05-05 00:26:50.359810+00:00
4991,496,3425,0,,,2026-05-05 00:26:50.359810+00:00
4992,497,5015,0,,,2026-05-05 00:26:50.359810+00:00
4993,498,3252,1,,,2026-05-05 00:26:50.359810+00:00
4994,499,4218,1,,,2026-05-05 00:26:50.359810+00:00
4995,500,3231,0,,,2026-05-05 00:26:50.359810+00:00
4996,501,4424,1,,,2026-05-05 00:26:50.359810+00:00
4997,502,5081,0,,,2026-05-05 00:26:50.359810+00:00
4998,503,3764,0,,,2026-05-05 00:26:50.359810+00:00
4999,504,3126,0,,,2026-05-05 00:26:50.359810+00:00
5000,505,4131,0,,,2026-05-05 00:26:50.359810+00:00
5001,506,3202,0,,,2026-05-05 00:26:50.359810+00:00
5002,507,3559,1,,,2026-05-05 00:26:50.359810+00:00
5003,508,3328,0,,,2026-05-05 00:26:50.359810+00:00
5004,509,3608,0,,,2026-05-05 00:26:50.359810+00:00
5005,510,3196,0,,,2026-05-05 00:26:50.359810+00:00
5006,512,3295,0,,,2026-05-05 00:26:50.359810+00:00
5007,513,3251,0,,,2026-05-05 00:26:50.359810+00:00
5008,515,3092,0,,,2026-05-05 00:26:50.359810+00:00
5009,516,3326,0,,,2026-05-05 00:26:50.359810+00:00
5010,517,3710,0,,,2026-05-05 00:26:50.359810+00:00
5011,518,3425,1,,,2026-05-05 00:26:50.359810+00:00
5012,519,5594,0,,,2026-05-05 00:26:50.359810+00:00
5013,520,3924,1,,,2026-05-05 00:26:50.359810+00:00
5014,520,4394,1,,,2026-05-05 00:26:50.359810+00:00
5015,521,3150,0,,,2026-05-05 00:26:50.359810+00:00
5016,521,3453,0,,,2026-05-05 00:26:50.359810+00:00
5017,522,3051,0,,,2026-05-05 00:26:50.359810+00:00
5018,523,3651,0,,,2026-05-05 00:26:50.359810+00:00
5019,523,5003,0,,,2026-05-05 00:26:50.359810+00:00
5020,524,3029,0,,,2026-05-05 00:26:50.359810+00:00
5021,526,4319,0,,,2026-05-05 00:26:50.359810+00:00
5022,527,3074,0,,,2026-05-05 00:26:50.359810+00:00
5023,528,2991,0,,,2026-05-05 00:26:50.359810+00:00
5024,529,2957,0,,,2026-05-05 00:26:50.359810+00:00
5025,530,5015,0,,,2026-05-05 00:26:50.359810+00:00
5026,531,5619,-1,,,2026-05-05 00:26:50.359810+00:00
5027,532,3271,0,,,2026-05-05 00:26:50.359810+00:00
5028,532,9401,0,,,2026-05-05 00:26:50.359810+00:00
5029,533,4669,1,,,2026-05-05 00:26:50.359810+00:00
5030,535,3271,1,,,2026-05-05 00:26:50.359810+00:00
5031,537,3271,-1,,,2026-05-05 00:26:50.359810+00:00
5032,538,3710,1,,,2026-05-05 00:26:50.359810+00:00
5033,538,3367,1,,,2026-05-05 00:26:50.359810+00:00
5034,539,3271,0,,,2026-05-05 00:26:50.359810+00:00
5035,540,3710,0,,,2026-05-05 00:26:50.359810+00:00
5036,540,3367,0,,,2026-05-05 00:26:50.359810+00:00
5037,541,3271,0,,,2026-05-05 00:26:50.359810+00:00
5038,541,2947,0,,,2026-05-05 00:26:50.359810+00:00
5039,541,9401,0,,,2026-05-05 00:26:50.359810+00:00
5040,542,3367,0,,,2026-05-05 00:26:50.359810+00:00
5041,542,3710,0,,,2026-05-05 00:26:50.359810+00:00
5042,543,3710,0,,,2026-05-05 00:26:50.359810+00:00
5043,543,3367,0,,,2026-05-05 00:26:50.359810+00:00
5044,544,5593,-1,,,2026-05-05 00:26:50.359810+00:00
5045,546,4777,1,,,2026-05-05 00:26:50.359810+00:00
5046,547,5595,1,,,2026-05-05 00:26:50.359810+00:00
5047,548,3367,0,,,2026-05-05 00:26:50.359810+00:00
5048,548,4617,0,,,2026-05-05 00:26:50.359810+00:00
5049,548,3710,0,,,2026-05-05 00:26:50.359810+00:00
5050,548,9401,0,,,2026-05-05 00:26:50.359810+00:00
5051,550,3710,0,,,2026-05-05 00:26:50.359810+00:00
5052,550,4161,0,,,2026-05-05 00:26:50.359810+00:00
5053,551,3710,0,,,2026-05-05 00:26:50.359810+00:00
5054,551,3367,0,,,2026-05-05 00:26:50.359810+00:00
5055,554,3367,0,,,2026-05-05 00:26:50.359810+00:00
5056,554,11906,0,,,2026-05-05 00:26:50.359810+00:00
5057,555,3367,-1,,,2026-05-05 00:26:50.359810+00:00
5058,555,3710,-1,,,2026-05-05 00:26:50.359810+00:00
5059,556,5245,0,,,2026-05-05 00:26:50.359810+00:00
5060,557,3367,1,,,2026-05-05 00:26:50.359810+00:00
5061,557,3710,1,,,2026-05-05 00:26:50.359810+00:00
5062,558,3367,0,,,2026-05-05 00:26:50.359810+00:00
5063,558,3710,0,,,2026-05-05 00:26:50.359810+00:00
5064,559,3271,0,,,2026-05-05 00:26:50.359810+00:00
5065,559,9401,0,,,2026-05-05 00:26:50.359810+00:00
5066,561,5107,0,,,2026-05-05 00:26:50.359810+00:00
5067,562,5265,1,,,2026-05-05 00:26:50.359810+00:00
5068,563,5719,1,,,2026-05-05 00:26:50.359810+00:00
5069,563,9537,1,,,2026-05-05 00:26:50.359810+00:00
5070,564,3271,1,,,2026-05-05 00:26:50.359810+00:00
5071,565,5322,1,,,2026-05-05 00:26:50.359810+00:00
5072,566,3710,1,,,2026-05-05 00:26:50.359810+00:00
5073,567,3367,0,,,2026-05-05 00:26:50.359810+00:00
5074,567,5358,0,,,2026-05-05 00:26:50.359810+00:00
5075,567,3710,0,,,2026-05-05 00:26:50.359810+00:00
5076,567,9401,0,,,2026-05-05 00:26:50.359810+00:00
5077,571,3710,0,,,2026-05-05 00:26:50.359810+00:00
5078,572,3710,0,,,2026-05-05 00:26:50.359810+00:00
5079,572,3367,0,,,2026-05-05 00:26:50.359810+00:00
5080,573,3710,0,,,2026-05-05 00:26:50.359810+00:00
5081,574,3367,-1,,,2026-05-05 00:26:50.359810+00:00
5082,574,3710,-1,,,2026-05-05 00:26:50.359810+00:00
5083,574,5593,-1,,,2026-05-05 00:26:50.359810+00:00
5084,575,3367,1,,,2026-05-05 00:26:50.359810+00:00
5085,576,3367,0,,,2026-05-05 00:26:50.359810+00:00
5086,576,3710,0,,,2026-05-05 00:26:50.359810+00:00
5087,577,3609,0,,,2026-05-05 00:26:50.359810+00:00
5088,578,3271,1,,,2026-05-05 00:26:50.359810+00:00
5089,579,3367,-1,,,2026-05-05 00:26:50.359810+00:00
5090,579,3710,-1,,,2026-05-05 00:26:50.359810+00:00
5091,580,3271,1,,,2026-05-05 00:26:50.359810+00:00
5092,581,5151,0,,,2026-05-05 00:26:50.359810+00:00
5093,582,3710,1,,,2026-05-05 00:26:50.359810+00:00
5094,583,3271,0,,,2026-05-05 00:26:50.359810+00:00
5095,583,5027,0,,,2026-05-05 00:26:50.359810+00:00
5096,583,9401,0,,,2026-05-05 00:26:50.359810+00:00
5097,584,4387,-1,,,2026-05-05 00:26:50.359810+00:00
5098,584,3609,-1,,,2026-05-05 00:26:50.359810+00:00
5099,585,3710,0,,,2026-05-05 00:26:50.359810+00:00
5100,585,3367,0,,,2026-05-05 00:26:50.359810+00:00
5101,588,2947,0,,,2026-05-05 00:26:50.359810+00:00
5102,589,3367,1,,,2026-05-05 00:26:50.359810+00:00
5103,590,3710,1,,,2026-05-05 00:26:50.359810+00:00
5104,593,3710,0,,,2026-05-05 00:26:50.359810+00:00
5105,594,3710,0,,,2026-05-05 00:26:50.359810+00:00
5106,597,3367,0,,,2026-05-05 00:26:50.359810+00:00
5107,599,3710,1,,,2026-05-05 00:26:50.359810+00:00
5108,600,5595,0,,,2026-05-05 00:26:50.359810+00:00
5109,601,3710,0,,,2026-05-05 00:26:50.359810+00:00
5110,602,3710,0,,,2026-05-05 00:26:50.359810+00:00
5111,602,5593,0,,,2026-05-05 00:26:50.359810+00:00
5112,603,5322,0,,,2026-05-05 00:26:50.359810+00:00
5113,604,3710,1,,,2026-05-05 00:26:50.359810+00:00
5114,607,3367,0,,,2026-05-05 00:26:50.359810+00:00
5115,607,3710,0,,,2026-05-05 00:26:50.359810+00:00
5116,608,4119,1,,,2026-05-05 00:26:50.359810+00:00
5117,610,3271,0,,,2026-05-05 00:26:50.359810+00:00
5118,610,5265,0,,,2026-05-05 00:26:50.359810+00:00
5119,611,3271,1,,,2026-05-05 00:26:50.359810+00:00
5120,612,4119,0,,,2026-05-05 00:26:50.359810+00:00
5121,613,3359,0,,,2026-05-05 00:26:50.359810+00:00
5122,613,9401,0,,,2026-05-05 00:26:50.359810+00:00
5123,614,3710,1,,,2026-05-05 00:26:50.359810+00:00
5124,615,3710,1,,,2026-05-05 00:26:50.359810+00:00
5125,615,3367,1,,,2026-05-05 00:26:50.359810+00:00
5126,616,3710,1,,,2026-05-05 00:26:50.359810+00:00
5127,616,3367,1,,,2026-05-05 00:26:50.359810+00:00
5128,617,3367,0,,,2026-05-05 00:26:50.359810+00:00
5129,618,3271,0,,,2026-05-05 00:26:50.359810+00:00
5130,620,3695,1,,,2026-05-05 00:26:50.359810+00:00
5131,621,11906,0,,,2026-05-05 00:26:50.359810+00:00
5132,622,3383,0,,,2026-05-05 00:26:50.359810+00:00
5133,623,3271,0,,,2026-05-05 00:26:50.359810+00:00
5134,623,9401,0,,,2026-05-05 00:26:50.359810+00:00
5135,624,5107,1,,,2026-05-05 00:26:50.359810+00:00
5136,625,4051,0,,,2026-05-05 00:26:50.359810+00:00
5137,626,3710,1,,,2026-05-05 00:26:50.359810+00:00
5138,627,3367,0,,,2026-05-05 00:26:50.359810+00:00
5139,627,3710,0,,,2026-05-05 00:26:50.359810+00:00
5140,628,4396,0,,,2026-05-05 00:26:50.359810+00:00
5141,628,9071,0,,,2026-05-05 00:26:50.359810+00:00
5142,629,3719,1,,,2026-05-05 00:26:50.359810+00:00
5143,642,3051,1,,,2026-05-05 00:26:50.359810+00:00
5144,648,15835,1,,,2026-05-05 00:26:50.359810+00:00
5145,654,4530,1,,,2026-05-05 00:26:50.359810+00:00
5146,655,3609,1,,,2026-05-05 00:26:50.359810+00:00
5147,656,5100,1,,,2026-05-05 00:26:50.359810+00:00
5148,658,3029,1,,,2026-05-05 00:26:50.359810+00:00
5149,659,3758,1,,,2026-05-05 00:26:50.359810+00:00
5150,660,3052,1,,,2026-05-05 00:26:50.359810+00:00
5151,666,3581,1,,,2026-05-05 00:26:50.359810+00:00
5152,670,5297,1,,,2026-05-05 00:26:50.359810+00:00
5153,676,3011,1,,,2026-05-05 00:26:50.359810+00:00
5154,678,3367,0,,,2026-05-05 00:26:50.359810+00:00
5155,679,10036,1,,,2026-05-05 00:26:50.359810+00:00
5156,681,8666,0,,,2026-05-05 00:26:50.359810+00:00
5157,681,5595,0,,,2026-05-05 00:26:50.359810+00:00
5158,681,5593,0,,,2026-05-05 00:26:50.359810+00:00
5159,688,3000,1,,,2026-05-05 00:26:50.359810+00:00
5160,696,3886,0,,,2026-05-05 00:26:50.359810+00:00
5161,697,3367,1,,,2026-05-05 00:26:50.359810+00:00
5162,698,3697,0,,,2026-05-05 00:26:50.359810+00:00
5163,710,5595,1,,,2026-05-05 00:26:50.359810+00:00
5164,712,5618,0,,,2026-05-05 00:26:50.359810+00:00
5165,715,3525,1,,,2026-05-05 00:26:50.359810+00:00
5166,719,3697,0,,,2026-05-05 00:26:50.359810+00:00
5167,721,4975,0,,,2026-05-05 00:26:50.359810+00:00
5168,722,10818,1,,,2026-05-05 00:26:50.359810+00:00
5169,762,3595,1,,,2026-05-05 00:26:50.359810+00:00
5170,762,4941,1,,,2026-05-05 00:26:50.359810+00:00
5171,764,3438,1,,,2026-05-05 00:26:50.359810+00:00
5172,778,10140,1,,,2026-05-05 00:26:50.359810+00:00
5173,778,10967,1,,,2026-05-05 00:26:50.359810+00:00
5174,802,5162,1,,,2026-05-05 00:26:50.359810+00:00
5175,806,4119,0,,,2026-05-05 00:26:50.359810+00:00
5176,897,3367,1,,,2026-05-05 00:26:50.359810+00:00
5177,899,3367,1,,,2026-05-05 00:26:50.359810+00:00
5178,899,3710,1,,,2026-05-05 00:26:50.359810+00:00
5179,899,5607,1,,,2026-05-05 00:26:50.359810+00:00
5180,946,10736,-1,,,2026-05-05 00:26:50.359810+00:00
5181,1009,9086,0,,,2026-05-05 00:26:50.359810+00:00
5182,1010,3697,0,,,2026-05-05 00:26:50.359810+00:00
5183,1013,3367,0,,,2026-05-05 00:26:50.359810+00:00
5184,1013,3710,0,,,2026-05-05 00:26:50.359810+00:00
5185,1064,3578,0,,,2026-05-05 00:26:50.359810+00:00
5186,1078,4148,0,,,2026-05-05 00:26:50.359810+00:00
5187,1180,3710,1,,,2026-05-05 00:26:50.359810+00:00
5188,1182,3367,-1,,,2026-05-05 00:26:50.359810+00:00
5189,1182,3710,-1,,,2026-05-05 00:26:50.359810+00:00
