id,ticker_id,community_id,stat_date,mention_count,positive_count,negative_count,neutral_count,calculated_at
3633,5595,3,2025-07-11,1,0,0,1,2026-05-05 01:53:06.798071+00:00
3634,3710,3,2026-03-19,2,0,0,2,2026-05-05 01:53:06.798071+00:00
3635,3316,2,2026-04-28,4,4,0,0,2026-05-05 01:53:06.798071+00:00
3636,5718,3,2026-03-24,1,0,1,0,2026-05-05 01:53:06.798071+00:00
3637,3367,2,2026-04-22,44,4,0,40,2026-05-05 01:53:06.798071+00:00
3638,5717,3,2025-04-12,1,0,0,1,2026-05-05 01:53:06.798071+00:00
3639,5715,3,2025-07-23,1,0,0,1,2026-05-05 01:53:06.798071+00:00
3640,3719,3,2025-07-31,2,1,1,0,2026-05-05 01:53:06.798071+00:00
3641,3367,3,2025-04-24,1,0,0,1,2026-05-05 01:53:06.798071+00:00
3642,3731,3,2026-03-17,1,0,0,1,2026-05-05 01:53:06.798071+00:00
3643,5715,2,2026-04-14,2,0,0,2,2026-05-05 01:53:06.798071+00:00
3644,5596,3,2025-07-10,2,0,0,2,2026-05-05 01:53:06.798071+00:00
3645,5596,3,2025-07-07,1,0,0,1,2026-05-05 01:53:06.798071+00:00
3646,5608,2,2026-04-30,20,4,0,16,2026-05-05 01:53:06.798071+00:00
3647,5715,3,2025-04-17,1,0,0,1,2026-05-05 01:53:06.798071+00:00
3648,5717,3,2025-05-25,1,0,0,1,2026-05-05 01:53:06.798071+00:00
3649,3579,3,2026-04-02,1,0,0,1,2026-05-05 01:53:06.798071+00:00
3650,5717,2,2026-04-16,2,0,0,2,2026-05-05 01:53:06.798071+00:00
3651,5604,3,2025-05-02,1,1,0,0,2026-05-05 01:53:06.798071+00:00
3652,3719,2,2026-04-29,8,0,0,8,2026-05-05 01:53:06.798071+00:00
3653,3367,3,2026-03-04,1,0,0,1,2026-05-05 01:53:06.798071+00:00
3654,5596,2,2026-04-16,5,1,0,4,2026-05-05 01:53:06.798071+00:00
3655,5607,2,2026-04-23,8,0,2,6,2026-05-05 01:53:06.798071+00:00
3656,3710,2,2026-04-22,20,8,2,10,2026-05-05 01:53:06.798071+00:00
3657,5596,3,2025-07-05,1,0,0,1,2026-05-05 01:53:06.798071+00:00
3658,5595,3,2025-08-18,2,0,0,2,2026-05-05 01:53:06.798071+00:00
3659,3609,2,2026-04-22,13,0,1,12,2026-05-05 01:53:06.798071+00:00
3660,5596,3,2025-03-17,1,0,0,1,2026-05-05 01:53:06.798071+00:00
3662,5596,3,2025-01-30,1,0,0,1,2026-05-05 01:53:06.798071+00:00
3663,5607,2,2026-04-15,1,1,0,0,2026-05-05 01:53:06.798071+00:00
3664,5596,3,2025-11-07,1,1,0,0,2026-05-05 01:53:06.798071+00:00
3665,5609,3,2025-05-15,1,0,0,1,2026-05-05 01:53:06.798071+00:00
3666,3579,3,2026-01-30,1,0,0,1,2026-05-05 01:53:06.798071+00:00
3667,5717,2,2026-04-24,26,2,4,20,2026-05-05 01:53:06.798071+00:00
3668,5716,3,2026-04-11,1,0,0,1,2026-05-05 01:53:06.798071+00:00
3669,3579,3,2026-02-20,1,0,0,1,2026-05-05 01:53:06.798071+00:00
3670,5718,3,2025-04-07,1,0,0,1,2026-05-05 01:53:06.798071+00:00
3671,3367,2,2026-04-29,56,8,12,36,2026-05-05 01:53:06.798071+00:00
3672,5717,3,2025-08-31,1,0,0,1,2026-05-05 01:53:06.798071+00:00
3673,3403,3,2025-08-15,1,0,0,1,2026-05-05 01:53:06.798071+00:00
3674,3669,3,2026-03-17,1,0,0,1,2026-05-05 01:53:06.798071+00:00
3675,5717,2,2026-04-20,4,0,0,4,2026-05-05 01:53:06.798071+00:00
3676,3367,2,2026-04-30,39,16,3,20,2026-05-05 01:53:06.798071+00:00
3677,3710,3,2025-08-05,1,0,0,1,2026-05-05 01:53:06.798071+00:00
3678,5718,3,2025-10-11,1,0,0,1,2026-05-05 01:53:06.798071+00:00
3679,5715,2,2026-05-03,5,0,0,5,2026-05-05 01:53:06.798071+00:00
3680,5717,2,2026-04-19,2,0,0,2,2026-05-05 01:53:06.798071+00:00
3681,5718,3,2025-12-28,1,0,0,1,2026-05-05 01:53:06.798071+00:00
3682,5597,3,2025-01-29,2,0,0,2,2026-05-05 01:53:06.798071+00:00
3684,5595,2,2026-04-30,8,0,4,4,2026-05-05 01:53:06.798071+00:00
3685,5593,3,2025-11-20,1,1,0,0,2026-05-05 01:53:06.798071+00:00
3686,5713,3,2026-03-18,1,0,0,1,2026-05-05 01:53:06.798071+00:00
3687,5591,3,2025-12-02,1,0,0,1,2026-05-05 01:53:06.798071+00:00
3689,3669,3,2025-04-01,1,1,0,0,2026-05-05 01:53:06.798071+00:00
3690,5596,3,2025-10-26,2,0,0,2,2026-05-05 01:53:06.798071+00:00
3691,5595,2,2026-04-28,8,4,0,4,2026-05-05 01:53:06.798071+00:00
3692,5596,3,2026-01-02,1,0,0,1,2026-05-05 01:53:06.798071+00:00
3693,3209,2,2026-04-30,12,4,0,8,2026-05-05 01:53:06.798071+00:00
3694,5595,3,2025-10-30,1,0,0,1,2026-05-05 01:53:06.798071+00:00
3695,3710,3,2025-12-18,2,0,0,2,2026-05-05 01:53:06.798071+00:00
3696,3367,2,2026-05-01,16,0,0,16,2026-05-05 01:53:06.798071+00:00
3697,3367,3,2025-07-17,1,0,1,0,2026-05-05 01:53:06.798071+00:00
3698,5719,2,2026-04-18,2,0,0,2,2026-05-05 01:53:06.798071+00:00
3699,5596,3,2025-07-24,1,0,1,0,2026-05-05 01:53:06.798071+00:00
3702,3367,3,2025-10-05,1,1,0,0,2026-05-05 01:53:06.798071+00:00
3703,5596,3,2025-03-21,1,0,0,1,2026-05-05 01:53:06.798071+00:00
3704,5607,2,2026-04-14,1,0,0,1,2026-05-05 01:53:06.798071+00:00
3705,5718,3,2026-04-23,1,1,0,0,2026-05-05 01:53:06.798071+00:00
3706,5717,2,2026-04-14,4,1,0,3,2026-05-05 01:53:06.798071+00:00
3707,3609,2,2026-04-14,2,1,0,1,2026-05-05 01:53:06.798071+00:00
3708,3209,2,2026-04-28,4,0,0,4,2026-05-05 01:53:06.798071+00:00
3709,5595,3,2025-07-10,1,0,0,1,2026-05-05 01:53:06.798071+00:00
3710,5717,3,2026-04-23,1,1,0,0,2026-05-05 01:53:06.798071+00:00
3711,5717,2,2026-04-22,2,0,0,2,2026-05-05 01:53:06.798071+00:00
3712,5596,3,2025-05-31,2,0,0,2,2026-05-05 01:53:06.798071+00:00
3713,5596,3,2025-07-23,1,0,0,1,2026-05-05 01:53:06.798071+00:00
3714,3579,3,2026-02-02,1,0,0,1,2026-05-05 01:53:06.798071+00:00
3715,3316,3,2026-02-06,1,0,0,1,2026-05-05 01:53:06.798071+00:00
3716,5596,2,2026-04-25,3,0,3,0,2026-05-05 01:53:06.798071+00:00
3717,5604,3,2026-01-15,1,0,0,1,2026-05-05 01:53:06.798071+00:00
3718,3710,2,2026-04-16,31,5,1,25,2026-05-05 01:53:06.798071+00:00
3719,3367,3,2026-01-28,2,0,0,2,2026-05-05 01:53:06.798071+00:00
3720,3719,3,2025-10-16,1,1,0,0,2026-05-05 01:53:06.798071+00:00
3721,3710,3,2025-07-30,1,1,0,0,2026-05-05 01:53:06.798071+00:00
3722,3316,3,2026-01-30,1,0,0,1,2026-05-05 01:53:06.798071+00:00
3723,5614,3,2025-04-15,1,0,0,1,2026-05-05 01:53:06.798071+00:00
3724,5594,2,2026-05-01,5,0,0,5,2026-05-05 01:53:06.798071+00:00
3726,5614,3,2025-11-20,1,0,0,1,2026-05-05 01:53:06.798071+00:00
3727,5595,3,2025-11-20,4,1,0,3,2026-05-05 01:53:06.798071+00:00
3728,3669,2,2026-04-21,2,0,0,2,2026-05-05 01:53:06.798071+00:00
3729,3719,3,2025-07-09,1,0,0,1,2026-05-05 01:53:06.798071+00:00
3730,3719,3,2026-03-23,1,0,1,0,2026-05-05 01:53:06.798071+00:00
3731,5594,2,2026-04-30,4,4,0,0,2026-05-05 01:53:06.798071+00:00
3732,5718,2,2026-05-01,5,0,0,5,2026-05-05 01:53:06.798071+00:00
3733,3710,3,2026-01-29,3,0,0,3,2026-05-05 01:53:06.798071+00:00
3734,3367,3,2026-01-08,3,2,0,1,2026-05-05 01:53:06.798071+00:00
3735,5718,3,2025-07-05,1,0,0,1,2026-05-05 01:53:06.798071+00:00
3736,5591,2,2026-05-01,13,5,0,8,2026-05-05 01:53:06.798071+00:00
3737,5717,3,2025-03-23,1,0,0,1,2026-05-05 01:53:06.798071+00:00
3738,3710,2,2026-04-21,40,8,8,24,2026-05-05 01:53:06.798071+00:00
3739,5648,3,2025-02-12,1,1,0,0,2026-05-05 01:53:06.798071+00:00
3740,3367,2,2026-05-02,14,0,5,9,2026-05-05 01:53:06.798071+00:00
3741,5646,3,2025-06-12,1,0,0,1,2026-05-05 01:53:06.798071+00:00
3742,3719,3,2026-03-17,1,0,0,1,2026-05-05 01:53:06.798071+00:00
3743,5596,3,2026-03-19,1,0,0,1,2026-05-05 01:53:06.798071+00:00
3744,5717,2,2026-04-17,6,0,2,4,2026-05-05 01:53:06.798071+00:00
3746,5592,2,2026-04-17,2,0,2,0,2026-05-05 01:53:06.798071+00:00
3747,5609,3,2025-10-27,1,1,0,0,2026-05-05 01:53:06.798071+00:00
3748,3209,2,2026-04-15,1,0,0,1,2026-05-05 01:53:06.798071+00:00
3749,5719,2,2026-05-02,5,0,0,5,2026-05-05 01:53:06.798071+00:00
3750,3036,3,2025-08-11,1,0,0,1,2026-05-05 01:53:06.798071+00:00
3751,3367,3,2026-02-10,1,0,0,1,2026-05-05 01:53:06.798071+00:00
3753,3710,2,2026-04-25,18,0,0,18,2026-05-05 01:53:06.798071+00:00
3755,5607,2,2026-04-17,4,0,0,4,2026-05-05 01:53:06.798071+00:00
3756,3367,3,2026-04-23,1,1,0,0,2026-05-05 01:53:06.798071+00:00
3757,2985,3,2025-05-16,1,0,0,1,2026-05-05 01:53:06.798071+00:00
3758,3209,2,2026-04-21,4,0,0,4,2026-05-05 01:53:06.798071+00:00
3759,5717,3,2026-04-27,1,0,0,1,2026-05-05 01:53:06.798071+00:00
3760,5595,2,2026-04-14,1,1,0,0,2026-05-05 01:53:06.798071+00:00
3761,5716,2,2026-04-22,2,0,2,0,2026-05-05 01:53:06.798071+00:00
3762,3367,3,2025-10-29,1,0,0,1,2026-05-05 01:53:06.798071+00:00
3763,3710,3,2025-07-04,2,1,0,1,2026-05-05 01:53:06.798071+00:00
3764,5596,3,2025-11-27,1,0,0,1,2026-05-05 01:53:06.798071+00:00
3765,5593,3,2026-01-17,1,0,0,1,2026-05-05 01:53:06.798071+00:00
3766,3669,3,2026-01-26,1,0,0,1,2026-05-05 01:53:06.798071+00:00
3767,5596,3,2025-05-12,4,1,0,3,2026-05-05 01:53:06.798071+00:00
3769,3608,2,2026-04-27,4,0,4,0,2026-05-05 01:53:06.798071+00:00
3770,3710,2,2026-05-01,24,0,4,20,2026-05-05 01:53:06.798071+00:00
3772,3669,3,2026-02-02,1,0,0,1,2026-05-05 01:53:06.798071+00:00
3773,3719,2,2026-04-28,12,0,4,8,2026-05-05 01:53:06.798071+00:00
3774,5591,3,2025-04-07,1,1,0,0,2026-05-05 01:53:06.798071+00:00
3775,5593,3,2025-11-26,1,0,0,1,2026-05-05 01:53:06.798071+00:00
3776,5597,3,2025-10-27,1,1,0,0,2026-05-05 01:53:06.798071+00:00
3777,5595,3,2025-08-28,3,0,1,2,2026-05-05 01:53:06.798071+00:00
3778,3209,2,2026-04-17,2,0,0,2,2026-05-05 01:53:06.798071+00:00
3779,3710,3,2025-10-15,1,0,0,1,2026-05-05 01:53:06.798071+00:00
3780,3579,3,2025-04-01,1,1,0,0,2026-05-05 01:53:06.798071+00:00
3781,3209,2,2026-04-16,1,0,0,1,2026-05-05 01:53:06.798071+00:00
3783,5718,3,2026-02-01,1,0,0,1,2026-05-05 01:53:06.798071+00:00
3784,5607,3,2025-08-16,1,0,1,0,2026-05-05 01:53:06.798071+00:00
3785,5715,2,2026-04-19,2,2,0,0,2026-05-05 01:53:06.798071+00:00
3786,3669,2,2026-04-30,4,0,0,4,2026-05-05 01:53:06.798071+00:00
3787,3608,2,2026-04-22,8,0,0,8,2026-05-05 01:53:06.798071+00:00
3789,5591,3,2026-01-30,1,1,0,0,2026-05-05 01:53:06.798071+00:00
3790,5596,3,2025-03-05,1,0,0,1,2026-05-05 01:53:06.798071+00:00
3791,5717,2,2026-04-28,43,0,8,35,2026-05-05 01:53:06.798071+00:00
3792,5593,3,2025-08-26,1,0,0,1,2026-05-05 01:53:06.798071+00:00
3794,5595,3,2025-02-27,2,0,0,2,2026-05-05 01:53:06.798071+00:00
3795,5611,3,2026-04-18,1,0,0,1,2026-05-05 01:53:06.798071+00:00
3796,5719,2,2026-04-27,3,0,0,3,2026-05-05 01:53:06.798071+00:00
3797,5596,3,2025-12-18,2,0,0,2,2026-05-05 01:53:06.798071+00:00
3798,5717,3,2025-06-12,1,0,0,1,2026-05-05 01:53:06.798071+00:00
3799,5596,3,2025-03-18,1,0,0,1,2026-05-05 01:53:06.798071+00:00
3800,5642,3,2025-04-05,1,0,0,1,2026-05-05 01:53:06.798071+00:00
3803,5643,2,2026-05-03,5,0,0,5,2026-05-05 01:53:06.798071+00:00
3804,3710,3,2026-02-15,1,0,0,1,2026-05-05 01:53:06.798071+00:00
3805,3710,3,2025-07-31,1,1,0,0,2026-05-05 01:53:06.798071+00:00
3806,5593,2,2026-05-01,33,12,4,17,2026-05-05 01:53:06.798071+00:00
3807,3669,3,2025-02-13,1,0,0,1,2026-05-05 01:53:06.798071+00:00
3808,5595,3,2025-07-09,1,0,0,1,2026-05-05 01:53:06.798071+00:00
3809,5595,3,2025-11-26,2,1,0,1,2026-05-05 01:53:06.798071+00:00
3812,5608,3,2025-01-18,1,1,0,0,2026-05-05 01:53:06.798071+00:00
3813,5646,3,2025-06-29,1,1,0,0,2026-05-05 01:53:06.798071+00:00
3814,3669,3,2026-03-15,1,0,0,1,2026-05-05 01:53:06.798071+00:00
3815,5595,3,2025-06-15,1,0,0,1,2026-05-05 01:53:06.798071+00:00
3816,5597,3,2025-02-13,1,0,0,1,2026-05-05 01:53:06.798071+00:00
3817,3669,3,2025-05-15,1,0,0,1,2026-05-05 01:53:06.798071+00:00
3818,5608,2,2026-05-02,5,0,0,5,2026-05-05 01:53:06.798071+00:00
3819,5595,3,2025-04-20,1,0,0,1,2026-05-05 01:53:06.798071+00:00
3820,5596,3,2025-07-25,2,0,0,2,2026-05-05 01:53:06.798071+00:00
3821,3609,2,2026-04-23,2,0,0,2,2026-05-05 01:53:06.798071+00:00
3822,5715,2,2026-04-22,12,0,2,10,2026-05-05 01:53:06.798071+00:00
3823,3731,3,2026-03-23,1,0,1,0,2026-05-05 01:53:06.798071+00:00
3824,3367,3,2025-11-20,1,0,0,1,2026-05-05 01:53:06.798071+00:00
3825,5592,3,2025-05-01,1,0,0,1,2026-05-05 01:53:06.798071+00:00
3826,5596,3,2025-07-17,1,1,0,0,2026-05-05 01:53:06.798071+00:00
3827,3710,3,2026-03-03,1,0,1,0,2026-05-05 01:53:06.798071+00:00
3828,3367,3,2025-01-06,2,2,0,0,2026-05-05 01:53:06.798071+00:00
3830,3710,2,2026-05-03,38,14,10,14,2026-05-05 01:53:06.798071+00:00
3831,5646,3,2025-04-24,1,0,0,1,2026-05-05 01:53:06.798071+00:00
3832,3710,2,2026-04-14,29,8,3,18,2026-05-05 01:53:06.798071+00:00
3833,3719,2,2026-04-22,2,0,0,2,2026-05-05 01:53:06.798071+00:00
3834,3710,3,2025-03-18,1,0,0,1,2026-05-05 01:53:06.798071+00:00
3835,3719,3,2026-03-05,1,0,0,1,2026-05-05 01:53:06.798071+00:00
3836,2985,3,2025-07-25,1,0,0,1,2026-05-05 01:53:06.798071+00:00
3837,3719,3,2026-04-24,1,0,0,1,2026-05-05 01:53:06.798071+00:00
3838,5607,2,2026-04-22,4,4,0,0,2026-05-05 01:53:06.798071+00:00
3840,5718,3,2026-04-07,1,1,0,0,2026-05-05 01:53:06.798071+00:00
3841,5717,2,2026-04-15,4,1,0,3,2026-05-05 01:53:06.798071+00:00
3842,5595,2,2026-05-02,5,0,0,5,2026-05-05 01:53:06.798071+00:00
3843,3710,2,2026-04-17,41,6,6,29,2026-05-05 01:53:06.798071+00:00
3844,5599,2,2026-04-19,2,0,0,2,2026-05-05 01:53:06.798071+00:00
3845,5717,2,2026-04-26,11,0,0,11,2026-05-05 01:53:06.798071+00:00
3846,5610,2,2026-04-16,8,0,2,6,2026-05-05 01:53:06.798071+00:00
3847,5596,3,2025-04-22,2,0,0,2,2026-05-05 01:53:06.798071+00:00
3848,5713,3,2025-11-22,1,0,0,1,2026-05-05 01:53:06.798071+00:00
3849,5596,3,2025-06-07,1,1,0,0,2026-05-05 01:53:06.798071+00:00
3850,5596,2,2026-04-23,8,4,2,2,2026-05-05 01:53:06.798071+00:00
3851,3719,3,2026-02-23,1,0,0,1,2026-05-05 01:53:06.798071+00:00
3852,3016,3,2026-01-17,1,0,0,1,2026-05-05 01:53:06.798071+00:00
3853,3550,2,2026-04-30,4,0,0,4,2026-05-05 01:53:06.798071+00:00
3854,5713,3,2025-06-19,1,1,0,0,2026-05-05 01:53:06.798071+00:00
3855,5595,3,2025-06-28,1,0,0,1,2026-05-05 01:53:06.798071+00:00
3857,5595,3,2025-11-07,1,0,0,1,2026-05-05 01:53:06.798071+00:00
3858,3710,2,2026-04-27,186,30,28,128,2026-05-05 01:53:06.798071+00:00
3859,5604,3,2025-08-02,1,0,0,1,2026-05-05 01:53:06.798071+00:00
3860,5607,3,2025-09-21,1,1,0,0,2026-05-05 01:53:06.798071+00:00
3861,3367,2,2026-04-21,62,10,6,46,2026-05-05 01:53:06.798071+00:00
3862,3209,3,2025-06-18,1,1,0,0,2026-05-05 01:53:06.798071+00:00
3863,5716,3,2025-02-09,1,0,0,1,2026-05-05 01:53:06.798071+00:00
3864,3367,3,2026-03-22,1,0,0,1,2026-05-05 01:53:06.798071+00:00
3865,5716,3,2025-01-24,1,0,0,1,2026-05-05 01:53:06.798071+00:00
3866,5717,2,2026-04-18,6,0,0,6,2026-05-05 01:53:06.798071+00:00
3867,3710,3,2025-10-05,1,1,0,0,2026-05-05 01:53:06.798071+00:00
3868,3367,3,2025-06-17,1,1,0,0,2026-05-05 01:53:06.798071+00:00
3869,5595,3,2025-05-05,1,1,0,0,2026-05-05 01:53:06.798071+00:00
3870,3367,3,2026-01-27,2,1,0,1,2026-05-05 01:53:06.798071+00:00
3871,3719,3,2025-04-15,1,1,0,0,2026-05-05 01:53:06.798071+00:00
3872,5599,3,2026-04-17,1,0,0,1,2026-05-05 01:53:06.798071+00:00
3873,3367,3,2025-08-05,1,0,0,1,2026-05-05 01:53:06.798071+00:00
3875,5608,3,2025-03-04,1,0,0,1,2026-05-05 01:53:06.798071+00:00
3876,5607,2,2026-04-29,12,8,0,4,2026-05-05 01:53:06.798071+00:00
3877,5717,3,2026-02-02,1,0,0,1,2026-05-05 01:53:06.798071+00:00
3878,5717,3,2025-10-06,1,0,1,0,2026-05-05 01:53:06.798071+00:00
3879,3367,3,2025-01-08,1,0,0,1,2026-05-05 01:53:06.798071+00:00
3880,5597,2,2026-04-28,4,0,0,4,2026-05-05 01:53:06.798071+00:00
3881,5656,2,2026-04-27,4,4,0,0,2026-05-05 01:53:06.798071+00:00
3882,3710,2,2026-04-23,88,20,22,46,2026-05-05 01:53:06.798071+00:00
3883,3209,3,2025-08-29,1,0,0,1,2026-05-05 01:53:06.798071+00:00
3885,3710,3,2026-02-11,2,0,0,2,2026-05-05 01:53:06.798071+00:00
3886,2985,2,2026-04-21,4,2,0,2,2026-05-05 01:53:06.798071+00:00
3887,5592,2,2026-04-30,8,4,0,4,2026-05-05 01:53:06.798071+00:00
3888,3367,2,2026-04-18,6,0,0,6,2026-05-05 01:53:06.798071+00:00
3889,5715,2,2026-04-24,2,0,0,2,2026-05-05 01:53:06.798071+00:00
3890,3209,2,2026-04-27,7,0,0,7,2026-05-05 01:53:06.798071+00:00
3892,5644,3,2025-05-08,1,0,0,1,2026-05-05 01:53:06.798071+00:00
3893,5593,3,2025-11-03,1,0,0,1,2026-05-05 01:53:06.798071+00:00
3894,5596,3,2025-06-08,1,0,0,1,2026-05-05 01:53:06.798071+00:00
3895,5643,3,2026-02-09,1,0,0,1,2026-05-05 01:53:06.798071+00:00
3896,5716,3,2026-02-10,1,0,0,1,2026-05-05 01:53:06.798071+00:00
3897,3669,2,2026-04-23,2,0,0,2,2026-05-05 01:53:06.798071+00:00
3898,5595,2,2026-04-25,2,2,0,0,2026-05-05 01:53:06.798071+00:00
3899,3710,2,2026-04-15,21,4,4,13,2026-05-05 01:53:06.798071+00:00
3900,5646,3,2025-06-08,1,0,0,1,2026-05-05 01:53:06.798071+00:00
3901,3710,3,2026-04-12,3,0,0,3,2026-05-05 01:53:06.798071+00:00
3902,3608,3,2025-08-25,1,1,0,0,2026-05-05 01:53:06.798071+00:00
3904,5595,3,2025-05-26,1,0,0,1,2026-05-05 01:53:06.798071+00:00
3905,5717,2,2026-04-30,36,8,4,24,2026-05-05 01:53:06.798071+00:00
3906,3209,3,2025-03-19,1,0,0,1,2026-05-05 01:53:06.798071+00:00
3907,3719,3,2025-06-16,1,0,0,1,2026-05-05 01:53:06.798071+00:00
3908,5592,2,2026-04-16,2,0,0,2,2026-05-05 01:53:06.798071+00:00
3909,3710,3,2025-01-08,1,0,0,1,2026-05-05 01:53:06.798071+00:00
3910,5596,3,2025-03-12,1,0,0,1,2026-05-05 01:53:06.798071+00:00
3911,5597,2,2026-04-30,4,0,0,4,2026-05-05 01:53:06.798071+00:00
3912,5714,3,2026-02-15,1,0,0,1,2026-05-05 01:53:06.798071+00:00
3913,5717,3,2026-04-01,1,0,0,1,2026-05-05 01:53:06.798071+00:00
3914,3367,3,2026-04-16,1,0,0,1,2026-05-05 01:53:06.798071+00:00
3915,5595,3,2025-05-30,1,0,0,1,2026-05-05 01:53:06.798071+00:00
3916,5719,2,2026-04-24,2,0,0,2,2026-05-05 01:53:06.798071+00:00
3917,3367,3,2026-04-01,2,0,0,2,2026-05-05 01:53:06.798071+00:00
3918,5646,2,2026-04-24,6,2,0,4,2026-05-05 01:53:06.798071+00:00
3919,5715,2,2026-04-27,24,0,4,20,2026-05-05 01:53:06.798071+00:00
3920,5593,3,2025-11-19,1,0,0,1,2026-05-05 01:53:06.798071+00:00
3921,3068,3,2025-06-10,1,0,0,1,2026-05-05 01:53:06.798071+00:00
3922,5596,3,2025-09-15,1,1,0,0,2026-05-05 01:53:06.798071+00:00
3923,3608,3,2026-03-09,1,0,0,1,2026-05-05 01:53:06.798071+00:00
3924,3669,3,2025-10-16,1,1,0,0,2026-05-05 01:53:06.798071+00:00
3925,5595,3,2025-02-24,1,0,0,1,2026-05-05 01:53:06.798071+00:00
3926,5713,3,2025-07-03,1,0,1,0,2026-05-05 01:53:06.798071+00:00
3927,5596,3,2025-06-06,1,0,1,0,2026-05-05 01:53:06.798071+00:00
3928,5591,2,2026-04-26,4,0,0,4,2026-05-05 01:53:06.798071+00:00
3929,5607,3,2026-03-22,1,0,0,1,2026-05-05 01:53:06.798071+00:00
3930,3367,3,2025-10-10,1,0,0,1,2026-05-05 01:53:06.798071+00:00
3931,3719,3,2026-01-22,1,0,0,1,2026-05-05 01:53:06.798071+00:00
3932,3710,2,2026-04-24,42,10,0,32,2026-05-05 01:53:06.798071+00:00
3933,3731,3,2026-01-29,1,0,0,1,2026-05-05 01:53:06.798071+00:00
3934,3550,2,2026-04-21,4,0,0,4,2026-05-05 01:53:06.798071+00:00
3935,5595,3,2026-03-27,1,0,0,1,2026-05-05 01:53:06.798071+00:00
3938,5595,3,2025-11-25,2,0,0,2,2026-05-05 01:53:06.798071+00:00
3939,3271,3,2025-05-15,1,0,0,1,2026-05-05 01:53:06.798071+00:00
3940,3710,3,2025-10-29,1,0,0,1,2026-05-05 01:53:06.798071+00:00
3941,3719,2,2026-04-15,2,1,0,1,2026-05-05 01:53:06.798071+00:00
3942,3731,3,2025-04-15,1,1,0,0,2026-05-05 01:53:06.798071+00:00
3943,5714,3,2025-04-09,2,0,0,2,2026-05-05 01:53:06.798071+00:00
3944,5644,3,2025-04-10,1,1,0,0,2026-05-05 01:53:06.798071+00:00
3945,5593,2,2026-04-16,1,1,0,0,2026-05-05 01:53:06.798071+00:00
3946,3608,2,2026-04-28,12,0,4,8,2026-05-05 01:53:06.798071+00:00
3947,3669,3,2026-03-25,1,0,0,1,2026-05-05 01:53:06.798071+00:00
3948,3669,3,2026-02-04,1,0,0,1,2026-05-05 01:53:06.798071+00:00
3949,3710,3,2026-02-28,1,0,0,1,2026-05-05 01:53:06.798071+00:00
3950,5607,2,2026-04-24,4,0,0,4,2026-05-05 01:53:06.798071+00:00
3951,3016,2,2026-04-15,1,0,0,1,2026-05-05 01:53:06.798071+00:00
3952,3367,2,2026-04-19,2,0,0,2,2026-05-05 01:53:06.798071+00:00
3953,3016,3,2026-01-29,1,0,0,1,2026-05-05 01:53:06.798071+00:00
3954,5715,2,2026-04-30,16,0,0,16,2026-05-05 01:53:06.798071+00:00
3955,5593,3,2025-01-07,1,0,0,1,2026-05-05 01:53:06.798071+00:00
3956,5608,2,2026-04-29,4,0,0,4,2026-05-05 01:53:06.798071+00:00
3957,5717,3,2026-02-04,1,0,0,1,2026-05-05 01:53:06.798071+00:00
3958,5595,3,2026-04-15,1,0,0,1,2026-05-05 01:53:06.798071+00:00
3959,5595,3,2025-11-22,1,0,0,1,2026-05-05 01:53:06.798071+00:00
3960,5596,3,2025-06-03,1,1,0,0,2026-05-05 01:53:06.798071+00:00
3961,3367,2,2026-04-27,138,39,1,98,2026-05-05 01:53:06.798071+00:00
3962,3710,3,2026-03-04,3,0,1,2,2026-05-05 01:53:06.798071+00:00
3963,3710,2,2026-04-18,12,2,0,10,2026-05-05 01:53:06.798071+00:00
3964,5608,3,2026-01-24,2,0,0,2,2026-05-05 01:53:06.798071+00:00
3965,5595,3,2025-05-29,2,1,0,1,2026-05-05 01:53:06.798071+00:00
3966,3367,3,2026-01-02,1,0,0,1,2026-05-05 01:53:06.798071+00:00
3967,5718,3,2025-04-12,1,0,1,0,2026-05-05 01:53:06.798071+00:00
3968,5595,3,2025-10-28,1,0,0,1,2026-05-05 01:53:06.798071+00:00
3969,5714,3,2026-03-13,1,0,0,1,2026-05-05 01:53:06.798071+00:00
3970,5656,2,2026-04-23,2,0,0,2,2026-05-05 01:53:06.798071+00:00
3971,5595,2,2026-04-27,4,0,0,4,2026-05-05 01:53:06.798071+00:00
3972,3710,2,2026-05-02,15,0,0,15,2026-05-05 01:53:06.798071+00:00
3973,3710,2,2026-04-29,133,39,20,74,2026-05-05 01:53:06.798071+00:00
3974,5596,3,2025-03-20,1,0,0,1,2026-05-05 01:53:06.798071+00:00
3975,5596,3,2025-07-26,2,0,1,1,2026-05-05 01:53:06.798071+00:00
3976,5593,2,2026-04-25,2,0,0,2,2026-05-05 01:53:06.798071+00:00
3977,3550,2,2026-04-16,1,0,0,1,2026-05-05 01:53:06.798071+00:00
3978,5717,2,2026-04-29,43,15,8,20,2026-05-05 01:53:06.798071+00:00
3979,5714,3,2026-03-26,1,0,0,1,2026-05-05 01:53:06.798071+00:00
3981,4424,3,2025-06-20,1,0,0,1,2026-05-05 01:53:06.798071+00:00
3982,5593,3,2025-04-21,1,0,0,1,2026-05-05 01:53:06.798071+00:00
3984,3609,3,2026-01-30,1,0,0,1,2026-05-05 01:53:06.798071+00:00
3985,3710,3,2026-03-06,1,0,0,1,2026-05-05 01:53:06.798071+00:00
3986,5717,3,2026-01-12,1,0,0,1,2026-05-05 01:53:06.798071+00:00
3987,3068,3,2025-07-10,1,0,0,1,2026-05-05 01:53:06.798071+00:00
3988,3710,3,2026-01-08,5,2,0,3,2026-05-05 01:53:06.798071+00:00
3989,5719,3,2026-02-03,1,0,0,1,2026-05-05 01:53:06.798071+00:00
3990,5607,2,2026-04-28,12,8,0,4,2026-05-05 01:53:06.798071+00:00
3991,5591,2,2026-04-20,2,0,0,2,2026-05-05 01:53:06.798071+00:00
3992,5717,3,2025-08-17,1,1,0,0,2026-05-05 01:53:06.798071+00:00
3993,5591,3,2026-01-01,1,0,0,1,2026-05-05 01:53:06.798071+00:00
3994,3609,2,2026-04-21,16,2,2,12,2026-05-05 01:53:06.798071+00:00
3995,5717,3,2025-07-23,1,0,0,1,2026-05-05 01:53:06.798071+00:00
3996,3488,3,2026-03-15,1,0,0,1,2026-05-05 01:53:06.798071+00:00
3997,5597,2,2026-04-29,4,0,0,4,2026-05-05 01:53:06.798071+00:00
3998,5605,3,2025-07-11,1,0,0,1,2026-05-05 01:53:06.798071+00:00
3999,3710,2,2026-04-26,35,8,0,27,2026-05-05 01:53:06.798071+00:00
4000,5717,3,2025-01-05,1,0,0,1,2026-05-05 01:53:06.798071+00:00
4001,5595,3,2025-05-09,1,0,0,1,2026-05-05 01:53:06.798071+00:00
4002,3367,3,2025-06-09,1,0,0,1,2026-05-05 01:53:06.798071+00:00
4003,5643,3,2026-02-25,1,0,0,1,2026-05-05 01:53:06.798071+00:00
4004,5717,3,2026-01-09,1,0,0,1,2026-05-05 01:53:06.798071+00:00
4005,5608,3,2025-01-20,1,0,0,1,2026-05-05 01:53:06.798071+00:00
4006,5717,3,2025-05-15,1,0,0,1,2026-05-05 01:53:06.798071+00:00
4007,5591,3,2025-12-04,1,0,0,1,2026-05-05 01:53:06.798071+00:00
4008,3608,3,2026-01-30,1,0,0,1,2026-05-05 01:53:06.798071+00:00
4009,3710,3,2026-04-30,1,0,0,1,2026-05-05 01:53:06.798071+00:00
4010,3016,3,2026-04-01,1,0,0,1,2026-05-05 01:53:06.798071+00:00
4011,5646,2,2026-04-28,4,0,0,4,2026-05-05 01:53:06.798071+00:00
4012,5607,2,2026-05-01,5,5,0,0,2026-05-05 01:53:06.798071+00:00
4013,5717,3,2025-04-15,1,0,0,1,2026-05-05 01:53:06.798071+00:00
4014,5596,3,2025-07-29,4,3,0,1,2026-05-05 01:53:06.798071+00:00
4015,3209,3,2025-09-26,1,0,1,0,2026-05-05 01:53:06.798071+00:00
4016,3341,2,2026-04-21,2,2,0,0,2026-05-05 01:53:06.798071+00:00
4017,5715,3,2025-04-12,1,0,0,1,2026-05-05 01:53:06.798071+00:00
4018,5716,3,2026-04-21,1,1,0,0,2026-05-05 01:53:06.798071+00:00
4019,5717,2,2026-04-27,31,3,0,28,2026-05-05 01:53:06.798071+00:00
4020,3367,3,2025-06-05,1,0,0,1,2026-05-05 01:53:06.798071+00:00
4021,5717,3,2026-02-25,1,0,0,1,2026-05-05 01:53:06.798071+00:00
4022,5596,3,2025-02-12,2,0,2,0,2026-05-05 01:53:06.798071+00:00
4023,5646,2,2026-04-22,2,2,0,0,2026-05-05 01:53:06.798071+00:00
4024,3608,2,2026-04-20,2,0,0,2,2026-05-05 01:53:06.798071+00:00
4025,5610,3,2025-04-20,1,0,0,1,2026-05-05 01:53:06.798071+00:00
4026,5604,2,2026-04-16,2,0,0,2,2026-05-05 01:53:06.798071+00:00
4027,3710,3,2025-06-09,1,0,0,1,2026-05-05 01:53:06.798071+00:00
4028,5595,3,2026-01-26,1,0,0,1,2026-05-05 01:53:06.798071+00:00
4029,5596,3,2025-09-17,1,0,0,1,2026-05-05 01:53:06.798071+00:00
4030,5644,2,2026-04-17,2,0,0,2,2026-05-05 01:53:06.798071+00:00
4031,5610,3,2025-05-01,1,0,0,1,2026-05-05 01:53:06.798071+00:00
4032,5713,2,2026-05-03,5,0,0,5,2026-05-05 01:53:06.798071+00:00
4033,3710,3,2026-03-15,3,1,0,2,2026-05-05 01:53:06.798071+00:00
4034,5596,3,2026-04-03,1,1,0,0,2026-05-05 01:53:06.798071+00:00
4035,3211,3,2025-07-09,1,0,0,1,2026-05-05 01:53:06.798071+00:00
4036,3719,2,2026-04-18,2,0,0,2,2026-05-05 01:53:06.798071+00:00
4037,5718,3,2025-05-12,2,0,0,2,2026-05-05 01:53:06.798071+00:00
4038,5597,3,2025-05-01,1,0,0,1,2026-05-05 01:53:06.798071+00:00
4039,5718,3,2026-03-22,1,0,0,1,2026-05-05 01:53:06.798071+00:00
4040,5718,3,2026-02-27,1,1,0,0,2026-05-05 01:53:06.798071+00:00
4041,5646,2,2026-04-16,1,0,0,1,2026-05-05 01:53:06.798071+00:00
4042,5595,3,2025-05-25,4,2,0,2,2026-05-05 01:53:06.798071+00:00
4043,5719,2,2026-04-29,4,4,0,0,2026-05-05 01:53:06.798071+00:00
4044,5595,2,2026-04-17,2,2,0,0,2026-05-05 01:53:06.798071+00:00
4045,3719,2,2026-04-16,2,0,0,2,2026-05-05 01:53:06.798071+00:00
4046,3367,3,2025-10-14,1,0,0,1,2026-05-05 01:53:06.798071+00:00
4047,3669,3,2026-03-31,1,0,0,1,2026-05-05 01:53:06.798071+00:00
4048,3367,3,2025-11-28,1,0,0,1,2026-05-05 01:53:06.798071+00:00
4049,5595,3,2025-07-29,1,0,0,1,2026-05-05 01:53:06.798071+00:00
4050,5715,2,2026-04-29,4,0,0,4,2026-05-05 01:53:06.798071+00:00
4051,5643,3,2025-08-20,1,0,0,1,2026-05-05 01:53:06.798071+00:00
4052,5715,3,2026-03-12,1,0,0,1,2026-05-05 01:53:06.798071+00:00
4053,3209,2,2026-04-24,2,0,0,2,2026-05-05 01:53:06.798071+00:00
4054,3367,2,2026-04-25,7,0,0,7,2026-05-05 01:53:06.798071+00:00
4055,5714,2,2026-04-29,4,0,0,4,2026-05-05 01:53:06.798071+00:00
4056,3068,3,2025-06-19,1,1,0,0,2026-05-05 01:53:06.798071+00:00
4057,5713,3,2026-04-12,1,0,0,1,2026-05-05 01:53:06.798071+00:00
4058,5614,3,2026-01-02,1,0,0,1,2026-05-05 01:53:06.798071+00:00
4059,5596,3,2025-02-26,1,0,0,1,2026-05-05 01:53:06.798071+00:00
4061,5596,3,2025-07-01,1,0,1,0,2026-05-05 01:53:06.798071+00:00
4062,5716,3,2025-11-28,1,0,0,1,2026-05-05 01:53:06.798071+00:00
4063,5609,3,2025-09-29,1,0,0,1,2026-05-05 01:53:06.798071+00:00
4064,5592,3,2026-01-27,1,0,0,1,2026-05-05 01:53:06.798071+00:00
4065,5609,3,2026-03-19,1,0,0,1,2026-05-05 01:53:06.798071+00:00
4066,3367,3,2025-04-10,1,1,0,0,2026-05-05 01:53:06.798071+00:00
4067,5719,2,2026-04-14,3,1,0,2,2026-05-05 01:53:06.798071+00:00
4068,3710,3,2026-03-11,2,0,0,2,2026-05-05 01:53:06.798071+00:00
4069,5717,2,2026-05-02,15,5,5,5,2026-05-05 01:53:06.798071+00:00
4070,5718,3,2026-04-18,1,0,0,1,2026-05-05 01:53:06.798071+00:00
4071,5592,2,2026-05-01,4,0,0,4,2026-05-05 01:53:06.798071+00:00
4072,3719,2,2026-04-17,2,2,0,0,2026-05-05 01:53:06.798071+00:00
4074,5715,2,2026-04-21,20,2,2,16,2026-05-05 01:53:06.798071+00:00
4075,5595,3,2025-01-27,1,0,0,1,2026-05-05 01:53:06.798071+00:00
4076,5591,3,2025-01-29,2,0,0,2,2026-05-05 01:53:06.798071+00:00
4077,3710,3,2026-02-23,1,0,0,1,2026-05-05 01:53:06.798071+00:00
4078,5595,3,2026-02-10,1,0,0,1,2026-05-05 01:53:06.798071+00:00
4079,3710,3,2026-02-05,2,1,0,1,2026-05-05 01:53:06.798071+00:00
4080,2985,3,2026-03-24,1,0,0,1,2026-05-05 01:53:06.798071+00:00
4081,3710,2,2026-04-20,26,2,0,24,2026-05-05 01:53:06.798071+00:00
4082,3609,2,2026-04-16,4,2,0,2,2026-05-05 01:53:06.798071+00:00
4083,3719,2,2026-04-26,4,0,0,4,2026-05-05 01:53:06.798071+00:00
4084,3710,2,2026-04-28,141,12,31,98,2026-05-05 01:53:06.798071+00:00
4085,3367,3,2025-04-01,1,0,1,0,2026-05-05 01:53:06.798071+00:00
4086,3209,2,2026-04-14,1,0,0,1,2026-05-05 01:53:06.798071+00:00
4087,5716,3,2025-07-30,1,0,0,1,2026-05-05 01:53:06.798071+00:00
4088,3326,3,2025-02-11,1,0,1,0,2026-05-05 01:53:06.798071+00:00
4089,5718,3,2026-03-18,1,0,0,1,2026-05-05 01:53:06.798071+00:00
4090,3367,2,2026-05-03,37,4,0,33,2026-05-05 01:53:06.798071+00:00
4091,5714,3,2026-03-23,1,0,0,1,2026-05-05 01:53:06.798071+00:00
4092,3669,2,2026-04-29,5,1,0,4,2026-05-05 01:53:06.798071+00:00
4093,3016,2,2026-04-21,8,2,0,6,2026-05-05 01:53:06.798071+00:00
4094,5591,3,2026-03-11,1,0,0,1,2026-05-05 01:53:06.798071+00:00
4095,5596,2,2026-04-21,4,0,2,2,2026-05-05 01:53:06.798071+00:00
4096,3367,2,2026-04-14,25,6,3,16,2026-05-05 01:53:06.798071+00:00
4097,3719,3,2026-01-13,1,0,0,1,2026-05-05 01:53:06.798071+00:00
4098,3367,3,2026-02-04,2,0,0,2,2026-05-05 01:53:06.798071+00:00
4099,3367,3,2026-03-10,1,0,0,1,2026-05-05 01:53:06.798071+00:00
4100,3710,3,2026-04-08,1,1,0,0,2026-05-05 01:53:06.798071+00:00
4101,3719,3,2025-10-21,1,1,0,0,2026-05-05 01:53:06.798071+00:00
4102,3710,3,2026-02-12,1,1,0,0,2026-05-05 01:53:06.798071+00:00
4103,3710,3,2025-08-20,1,0,0,1,2026-05-05 01:53:06.798071+00:00
4104,5604,3,2025-07-07,1,0,0,1,2026-05-05 01:53:06.798071+00:00
4105,3710,3,2025-11-20,1,0,0,1,2026-05-05 01:53:06.798071+00:00
4106,5613,3,2026-03-26,1,1,0,0,2026-05-05 01:53:06.798071+00:00
4107,5718,3,2026-03-11,1,0,0,1,2026-05-05 01:53:06.798071+00:00
4108,5607,2,2026-05-02,5,0,0,5,2026-05-05 01:53:06.798071+00:00
4109,5610,2,2026-04-17,2,0,0,2,2026-05-05 01:53:06.798071+00:00
4110,5610,3,2026-01-26,2,0,0,2,2026-05-05 01:53:06.798071+00:00
4111,5717,3,2025-12-04,1,0,0,1,2026-05-05 01:53:06.798071+00:00
4112,5646,2,2026-04-25,3,0,0,3,2026-05-05 01:53:06.798071+00:00
4113,3731,3,2025-07-31,1,0,1,0,2026-05-05 01:53:06.798071+00:00
4114,3609,2,2026-04-17,14,0,0,14,2026-05-05 01:53:06.798071+00:00
4115,3710,3,2026-02-02,1,0,0,1,2026-05-05 01:53:06.798071+00:00
4116,5596,3,2025-09-13,1,0,0,1,2026-05-05 01:53:06.798071+00:00
4117,5614,2,2026-04-15,1,0,0,1,2026-05-05 01:53:06.798071+00:00
4118,5713,2,2026-04-22,2,0,2,0,2026-05-05 01:53:06.798071+00:00
4120,5716,3,2025-10-17,1,0,0,1,2026-05-05 01:53:06.798071+00:00
4121,3029,2,2026-04-16,1,0,0,1,2026-05-05 01:53:06.798071+00:00
4122,5595,3,2025-02-26,1,0,0,1,2026-05-05 01:53:06.798071+00:00
4123,5713,2,2026-04-29,4,0,0,4,2026-05-05 01:53:06.798071+00:00
4124,5604,2,2026-04-29,4,0,0,4,2026-05-05 01:53:06.798071+00:00
4125,3367,3,2026-02-23,1,0,0,1,2026-05-05 01:53:06.798071+00:00
4126,5608,2,2026-04-16,2,0,0,2,2026-05-05 01:53:06.798071+00:00
4128,5646,3,2026-02-10,1,1,0,0,2026-05-05 01:53:06.798071+00:00
4129,5611,3,2026-01-27,1,1,0,0,2026-05-05 01:53:06.798071+00:00
4130,5595,3,2026-03-17,1,0,0,1,2026-05-05 01:53:06.798071+00:00
4131,5719,2,2026-05-01,9,0,0,9,2026-05-05 01:53:06.798071+00:00
4132,3710,3,2026-03-22,1,0,0,1,2026-05-05 01:53:06.798071+00:00
4133,5644,3,2025-05-01,1,0,0,1,2026-05-05 01:53:06.798071+00:00
4134,5595,3,2025-03-11,1,0,0,1,2026-05-05 01:53:06.798071+00:00
4135,3016,3,2026-01-26,2,0,0,2,2026-05-05 01:53:06.798071+00:00
4136,5716,3,2025-04-10,1,0,0,1,2026-05-05 01:53:06.798071+00:00
4137,3367,2,2026-04-28,55,12,0,43,2026-05-05 01:53:06.798071+00:00
4138,5596,3,2026-01-30,1,0,0,1,2026-05-05 01:53:06.798071+00:00
4140,3710,3,2025-07-06,1,0,1,0,2026-05-05 01:53:06.798071+00:00
4141,5592,2,2026-04-29,4,0,0,4,2026-05-05 01:53:06.798071+00:00
4142,5596,2,2026-04-28,7,0,0,7,2026-05-05 01:53:06.798071+00:00
4143,5596,3,2025-04-23,2,1,0,1,2026-05-05 01:53:06.798071+00:00
4144,5717,2,2026-04-21,8,0,0,8,2026-05-05 01:53:06.798071+00:00
4145,3367,3,2025-10-21,2,0,2,0,2026-05-05 01:53:06.798071+00:00
4146,5596,3,2025-12-17,1,0,0,1,2026-05-05 01:53:06.798071+00:00
4147,5715,2,2026-04-28,20,0,4,16,2026-05-05 01:53:06.798071+00:00
4148,3016,2,2026-04-14,2,0,0,2,2026-05-05 01:53:06.798071+00:00
4149,3710,3,2025-03-31,2,0,2,0,2026-05-05 01:53:06.798071+00:00
4151,2985,3,2025-06-02,1,0,0,1,2026-05-05 01:53:06.798071+00:00
4152,5593,3,2025-05-29,1,1,0,0,2026-05-05 01:53:06.798071+00:00
4153,3710,3,2026-02-04,2,1,0,1,2026-05-05 01:53:06.798071+00:00
4155,3316,2,2026-04-17,2,2,0,0,2026-05-05 01:53:06.798071+00:00
4156,5610,3,2025-01-17,2,0,0,2,2026-05-05 01:53:06.798071+00:00
4157,5595,3,2025-09-04,1,0,0,1,2026-05-05 01:53:06.798071+00:00
4158,5591,3,2025-05-24,1,0,1,0,2026-05-05 01:53:06.798071+00:00
4159,5715,3,2025-09-05,1,0,0,1,2026-05-05 01:53:06.798071+00:00
4160,3719,2,2026-04-23,4,0,0,4,2026-05-05 01:53:06.798071+00:00
4161,3209,3,2026-02-22,1,0,0,1,2026-05-05 01:53:06.798071+00:00
4162,3016,2,2026-04-30,1,0,0,1,2026-05-05 01:53:06.798071+00:00
4163,5717,3,2026-01-06,1,0,0,1,2026-05-05 01:53:06.798071+00:00
4164,5715,2,2026-04-23,5,0,0,5,2026-05-05 01:53:06.798071+00:00
4165,5718,3,2025-05-22,1,1,0,0,2026-05-05 01:53:06.798071+00:00
4166,3719,3,2026-02-07,1,0,0,1,2026-05-05 01:53:06.798071+00:00
4167,5646,3,2025-04-10,1,1,0,0,2026-05-05 01:53:06.798071+00:00
4168,5595,3,2025-08-01,1,1,0,0,2026-05-05 01:53:06.798071+00:00
4169,5596,2,2026-05-02,5,5,0,0,2026-05-05 01:53:06.798071+00:00
4171,3609,3,2026-02-03,1,0,0,1,2026-05-05 01:53:06.798071+00:00
4172,3719,3,2026-01-26,1,0,0,1,2026-05-05 01:53:06.798071+00:00
4173,5611,3,2025-09-29,1,0,0,1,2026-05-05 01:53:06.798071+00:00
4174,3710,3,2025-07-29,1,1,0,0,2026-05-05 01:53:06.798071+00:00
4175,3068,3,2025-06-24,1,0,0,1,2026-05-05 01:53:06.798071+00:00
4176,3367,3,2025-01-23,1,0,0,1,2026-05-05 01:53:06.798071+00:00
4177,5593,3,2025-10-27,1,1,0,0,2026-05-05 01:53:06.798071+00:00
4178,5608,2,2026-04-17,2,2,0,0,2026-05-05 01:53:06.798071+00:00
4179,5611,2,2026-04-15,1,1,0,0,2026-05-05 01:53:06.798071+00:00
4181,5595,3,2025-06-26,1,0,0,1,2026-05-05 01:53:06.798071+00:00
4182,3609,2,2026-04-20,8,4,0,4,2026-05-05 01:53:06.798071+00:00
4183,5596,3,2025-04-12,2,0,0,2,2026-05-05 01:53:06.798071+00:00
4184,5608,2,2026-05-01,9,4,0,5,2026-05-05 01:53:06.798071+00:00
4185,3719,2,2026-04-21,2,0,0,2,2026-05-05 01:53:06.798071+00:00
4186,3450,3,2025-05-20,1,1,0,0,2026-05-05 01:53:06.798071+00:00
4187,5717,3,2025-11-04,1,0,0,1,2026-05-05 01:53:06.798071+00:00
4188,3669,2,2026-04-15,1,0,0,1,2026-05-05 01:53:06.798071+00:00
4189,3719,3,2025-12-04,1,0,0,1,2026-05-05 01:53:06.798071+00:00
4190,3367,3,2025-05-15,1,0,0,1,2026-05-05 01:53:06.798071+00:00
4191,5592,3,2025-10-27,1,1,0,0,2026-05-05 01:53:06.798071+00:00
4192,5593,2,2026-04-15,1,1,0,0,2026-05-05 01:53:06.798071+00:00
4193,3669,3,2026-01-27,1,0,0,1,2026-05-05 01:53:06.798071+00:00
4194,5607,2,2026-04-18,6,0,2,4,2026-05-05 01:53:06.798071+00:00
4195,3209,3,2025-09-29,1,1,0,0,2026-05-05 01:53:06.798071+00:00
4196,5591,3,2025-05-28,1,1,0,0,2026-05-05 01:53:06.798071+00:00
4197,3719,2,2026-04-14,1,0,0,1,2026-05-05 01:53:06.798071+00:00
4198,3710,3,2026-03-18,2,0,0,2,2026-05-05 01:53:06.798071+00:00
4199,5609,3,2026-02-24,1,0,0,1,2026-05-05 01:53:06.798071+00:00
4200,3609,2,2026-04-15,5,2,0,3,2026-05-05 01:53:06.798071+00:00
4201,3710,3,2025-02-03,1,0,0,1,2026-05-05 01:53:06.798071+00:00
4202,5713,3,2026-01-04,1,0,0,1,2026-05-05 01:53:06.798071+00:00
4203,3669,2,2026-04-16,3,1,0,2,2026-05-05 01:53:06.798071+00:00
4204,5596,3,2025-03-08,3,1,0,2,2026-05-05 01:53:06.798071+00:00
4205,2985,3,2026-01-29,1,0,0,1,2026-05-05 01:53:06.798071+00:00
4206,5717,3,2026-02-06,1,0,1,0,2026-05-05 01:53:06.798071+00:00
4208,5595,3,2025-08-24,1,0,0,1,2026-05-05 01:53:06.798071+00:00
4209,3669,3,2026-03-26,2,0,0,2,2026-05-05 01:53:06.798071+00:00
4210,3367,2,2026-04-26,31,8,0,23,2026-05-05 01:53:06.798071+00:00
4211,5596,3,2026-01-10,1,0,0,1,2026-05-05 01:53:06.798071+00:00
4212,5593,2,2026-05-03,5,0,0,5,2026-05-05 01:53:06.798071+00:00
4213,5596,3,2025-06-24,2,0,0,2,2026-05-05 01:53:06.798071+00:00
4214,3710,3,2026-01-27,1,1,0,0,2026-05-05 01:53:06.798071+00:00
4216,3209,2,2026-05-01,4,0,0,4,2026-05-05 01:53:06.798071+00:00
4217,3710,3,2025-09-16,1,0,0,1,2026-05-05 01:53:06.798071+00:00
4218,5719,2,2026-04-28,8,4,0,4,2026-05-05 01:53:06.798071+00:00
4219,3609,3,2026-04-18,1,0,0,1,2026-05-05 01:53:06.798071+00:00
4220,5596,3,2025-04-02,1,0,0,1,2026-05-05 01:53:06.798071+00:00
4221,5596,3,2025-04-01,2,1,0,1,2026-05-05 01:53:06.798071+00:00
4222,5646,2,2026-04-27,15,0,4,11,2026-05-05 01:53:06.798071+00:00
4223,3068,2,2026-04-24,2,0,0,2,2026-05-05 01:53:06.798071+00:00
4224,5592,3,2026-01-30,1,0,1,0,2026-05-05 01:53:06.798071+00:00
4225,5717,3,2026-03-18,2,0,0,2,2026-05-05 01:53:06.798071+00:00
4226,5592,2,2026-04-14,1,0,0,1,2026-05-05 01:53:06.798071+00:00
4228,5718,3,2025-03-03,1,1,0,0,2026-05-05 01:53:06.798071+00:00
4229,3710,3,2026-03-16,1,1,0,0,2026-05-05 01:53:06.798071+00:00
4230,5715,2,2026-04-16,2,2,0,0,2026-05-05 01:53:06.798071+00:00
4231,3367,2,2026-04-15,22,1,5,16,2026-05-05 01:53:06.798071+00:00
4232,5648,2,2026-04-19,2,0,0,2,2026-05-05 01:53:06.798071+00:00
4233,3016,2,2026-04-16,3,0,0,3,2026-05-05 01:53:06.798071+00:00
4234,3367,2,2026-04-23,96,8,16,72,2026-05-05 01:53:06.798071+00:00
4235,5609,3,2025-08-06,1,0,0,1,2026-05-05 01:53:06.798071+00:00
4236,5596,3,2025-10-02,3,0,0,3,2026-05-05 01:53:06.798071+00:00
4237,3550,2,2026-05-01,4,0,0,4,2026-05-05 01:53:06.798071+00:00
4238,3710,3,2026-04-07,2,0,0,2,2026-05-05 01:53:06.798071+00:00
4239,5608,2,2026-04-28,4,4,0,0,2026-05-05 01:53:06.798071+00:00
4240,5607,3,2026-02-11,1,0,0,1,2026-05-05 01:53:06.798071+00:00
4241,5593,3,2026-05-01,1,0,0,1,2026-05-05 01:53:06.798071+00:00
4242,5716,2,2026-04-21,1,0,0,1,2026-05-05 01:53:06.798071+00:00
4243,5596,3,2025-07-31,1,1,0,0,2026-05-05 01:53:06.798071+00:00
4244,5595,2,2026-05-01,4,0,0,4,2026-05-05 01:53:06.798071+00:00
4245,5646,3,2025-05-01,1,0,0,1,2026-05-05 01:53:06.798071+00:00
4246,3068,2,2026-04-21,2,0,0,2,2026-05-05 01:53:06.798071+00:00
4247,5614,3,2025-01-29,1,0,0,1,2026-05-05 01:53:06.798071+00:00
4248,5595,3,2026-04-12,1,0,0,1,2026-05-05 01:53:06.798071+00:00
4249,3367,2,2026-04-17,19,4,2,13,2026-05-05 01:53:06.798071+00:00
4250,5713,3,2025-06-14,1,0,0,1,2026-05-05 01:53:06.798071+00:00
4251,3209,3,2026-03-09,1,0,0,1,2026-05-05 01:53:06.798071+00:00
4252,5596,3,2026-03-05,1,0,0,1,2026-05-05 01:53:06.798071+00:00
4253,5717,2,2026-04-23,22,0,4,18,2026-05-05 01:53:06.798071+00:00
4254,5718,3,2025-11-18,1,0,1,0,2026-05-05 01:53:06.798071+00:00
4256,5718,3,2026-02-06,2,0,2,0,2026-05-05 01:53:06.798071+00:00
4257,3367,3,2025-09-10,1,0,0,1,2026-05-05 01:53:06.798071+00:00
4258,5717,3,2025-09-19,1,1,0,0,2026-05-05 01:53:06.798071+00:00
4259,5597,3,2025-08-26,1,0,0,1,2026-05-05 01:53:06.798071+00:00
4260,3068,3,2025-06-01,1,0,0,1,2026-05-05 01:53:06.798071+00:00
4261,5608,3,2026-01-07,1,0,0,1,2026-05-05 01:53:06.798071+00:00
4262,3608,2,2026-04-29,4,0,0,4,2026-05-05 01:53:06.798071+00:00
4263,5713,3,2025-07-05,1,1,0,0,2026-05-05 01:53:06.798071+00:00
4264,3068,3,2026-04-01,1,0,0,1,2026-05-05 01:53:06.798071+00:00
4265,5718,3,2026-02-25,1,0,0,1,2026-05-05 01:53:06.798071+00:00
4266,3367,3,2026-02-06,1,0,0,1,2026-05-05 01:53:06.798071+00:00
4267,5644,3,2025-04-24,1,0,0,1,2026-05-05 01:53:06.798071+00:00
4268,3579,3,2025-05-21,1,1,0,0,2026-05-05 01:53:06.798071+00:00
4269,3719,3,2025-04-18,1,0,0,1,2026-05-05 01:53:06.798071+00:00
4270,5717,3,2026-02-23,1,0,0,1,2026-05-05 01:53:06.798071+00:00
4271,3710,3,2025-06-07,1,0,0,1,2026-05-05 01:53:06.798071+00:00
4272,5607,3,2025-05-04,1,0,1,0,2026-05-05 01:53:06.798071+00:00
4273,5608,2,2026-04-24,22,6,0,16,2026-05-05 01:53:06.798071+00:00
4274,5593,2,2026-04-30,24,16,0,8,2026-05-05 01:53:06.798071+00:00
4275,5608,3,2026-04-27,1,0,0,1,2026-05-05 01:53:06.798071+00:00
4276,3403,3,2026-03-26,1,0,0,1,2026-05-05 01:53:06.798071+00:00
4277,5717,3,2026-02-03,1,0,0,1,2026-05-05 01:53:06.798071+00:00
4278,5593,3,2025-04-10,1,0,0,1,2026-05-05 01:53:06.798071+00:00
4279,5717,2,2026-04-25,5,3,0,2,2026-05-05 01:53:06.798071+00:00
4280,5609,2,2026-04-24,4,2,0,2,2026-05-05 01:53:06.798071+00:00
4281,5643,2,2026-04-19,2,0,0,2,2026-05-05 01:53:06.798071+00:00
4283,5717,3,2025-07-30,1,0,0,1,2026-05-05 01:53:06.798071+00:00
4284,5595,3,2026-03-05,1,0,0,1,2026-05-05 01:53:06.798071+00:00
4285,3710,3,2026-02-26,1,0,0,1,2026-05-05 01:53:06.798071+00:00
4286,5593,3,2025-04-25,1,0,0,1,2026-05-05 01:53:06.798071+00:00
4287,5595,2,2026-04-20,2,0,0,2,2026-05-05 01:53:06.798071+00:00
4288,3367,3,2025-06-07,1,0,0,1,2026-05-05 01:53:06.798071+00:00
4289,5718,3,2025-11-21,1,1,0,0,2026-05-05 01:53:06.798071+00:00
4290,3710,3,2026-02-03,1,0,0,1,2026-05-05 01:53:06.798071+00:00
4291,3710,2,2026-04-19,2,0,0,2,2026-05-05 01:53:06.798071+00:00
4292,3719,3,2026-03-24,1,0,0,1,2026-05-05 01:53:06.798071+00:00
4293,3710,2,2026-04-30,83,16,15,52,2026-05-05 01:53:06.798071+00:00
4294,5646,2,2026-04-21,2,2,0,0,2026-05-05 01:53:06.798071+00:00
4295,5714,3,2025-07-28,1,0,0,1,2026-05-05 01:53:06.798071+00:00
4296,3367,2,2026-04-16,25,5,0,20,2026-05-05 01:53:06.798071+00:00
4298,5593,3,2026-01-20,1,0,0,1,2026-05-05 01:53:06.798071+00:00
4299,5596,3,2026-04-25,1,0,0,1,2026-05-05 01:53:06.798071+00:00
4300,3710,3,2026-03-05,3,0,1,2,2026-05-05 01:53:06.798071+00:00
4301,2985,3,2025-12-17,1,0,0,1,2026-05-05 01:53:06.798071+00:00
4303,3367,3,2026-04-07,1,0,0,1,2026-05-05 01:53:06.798071+00:00
4304,5644,3,2025-06-08,1,0,0,1,2026-05-05 01:53:06.798071+00:00
4305,5591,3,2026-04-18,1,0,0,1,2026-05-05 01:53:06.798071+00:00
4306,2985,3,2026-02-04,1,0,0,1,2026-05-05 01:53:06.798071+00:00
4307,5593,3,2026-04-29,1,0,0,1,2026-05-05 01:53:06.798071+00:00
4308,3367,2,2026-04-24,28,6,0,22,2026-05-05 01:53:06.798071+00:00
4309,5717,3,2025-04-13,1,0,0,1,2026-05-05 01:53:06.798071+00:00
4310,3016,2,2026-04-29,4,0,0,4,2026-05-05 01:53:06.798071+00:00
4313,5718,2,2026-04-18,6,2,0,4,2026-05-05 01:53:06.798071+00:00
4315,5717,2,2026-05-01,20,5,0,15,2026-05-05 01:53:06.798071+00:00
4316,5593,3,2025-07-08,1,0,0,1,2026-05-05 01:53:06.798071+00:00
4317,5607,2,2026-04-27,4,0,0,4,2026-05-05 01:53:06.798071+00:00
4318,5714,3,2026-03-20,1,0,0,1,2026-05-05 01:53:06.798071+00:00
4319,5609,3,2025-05-05,1,1,0,0,2026-05-05 01:53:06.798071+00:00
4320,5595,3,2025-01-05,1,0,0,1,2026-05-05 01:53:06.798071+00:00
4321,5715,3,2025-08-10,1,0,0,1,2026-05-05 01:53:06.798071+00:00
4322,5593,2,2026-05-02,5,0,0,5,2026-05-05 01:53:06.798071+00:00
4323,3608,2,2026-04-21,28,6,2,20,2026-05-05 01:53:06.798071+00:00
4324,3367,3,2026-03-25,1,0,0,1,2026-05-05 01:53:06.798071+00:00
4325,3367,3,2025-04-20,1,0,0,1,2026-05-05 01:53:06.798071+00:00
4326,5609,3,2026-01-17,1,0,0,1,2026-05-05 01:53:06.798071+00:00
4327,5714,3,2025-11-02,1,1,0,0,2026-05-05 01:53:06.798071+00:00
4328,5595,3,2026-03-11,1,0,0,1,2026-05-05 01:53:06.798071+00:00
4329,3719,2,2026-04-24,10,0,0,10,2026-05-05 01:53:06.798071+00:00
4330,5717,3,2025-04-14,4,0,0,4,2026-05-05 01:53:06.798071+00:00
4331,5610,3,2025-06-15,1,0,0,1,2026-05-05 01:53:06.798071+00:00
4332,5595,3,2025-01-28,1,0,0,1,2026-05-05 01:53:06.798071+00:00
4333,5591,2,2026-04-22,2,0,0,2,2026-05-05 01:53:06.798071+00:00
4334,5715,2,2026-04-20,2,0,0,2,2026-05-05 01:53:06.798071+00:00
4335,5646,3,2025-05-08,1,0,0,1,2026-05-05 01:53:06.798071+00:00
4336,5717,3,2026-01-19,1,0,0,1,2026-05-05 01:53:06.798071+00:00
4337,5599,2,2026-04-17,4,0,0,4,2026-05-05 01:53:06.798071+00:00
4338,5597,3,2026-02-24,1,0,0,1,2026-05-05 01:53:06.798071+00:00
4339,3367,3,2026-04-08,1,1,0,0,2026-05-05 01:53:06.798071+00:00
4340,3271,2,2026-04-27,12,4,0,8,2026-05-05 01:53:06.798071+00:00
4341,3550,2,2026-04-28,8,0,0,8,2026-05-05 01:53:06.798071+00:00
4342,5595,2,2026-04-15,4,1,0,3,2026-05-05 01:53:06.798071+00:00
4343,3367,3,2026-01-29,2,1,0,1,2026-05-05 01:53:06.798071+00:00
4344,5593,3,2025-12-28,1,0,0,1,2026-05-05 01:53:06.798071+00:00
4345,3367,3,2026-01-17,1,0,0,1,2026-05-05 01:53:06.798071+00:00
4346,3367,3,2026-04-12,2,0,0,2,2026-05-05 01:53:06.798071+00:00
4347,3367,2,2026-04-20,18,2,0,16,2026-05-05 01:53:06.798071+00:00
4348,5609,3,2026-03-18,1,0,0,1,2026-05-05 01:53:06.798071+00:00
4349,5656,,2026-04-27,4,4,0,0,2026-05-05 01:53:06.798071+00:00
4350,5656,,2026-04-23,2,0,0,2,2026-05-05 01:53:06.798071+00:00
4351,5597,,2026-02-24,1,0,0,1,2026-05-05 01:53:06.798071+00:00
4352,5644,,2025-04-10,1,1,0,0,2026-05-05 01:53:06.798071+00:00
4353,5596,,2026-04-21,4,0,2,2,2026-05-05 01:53:06.798071+00:00
4354,5717,,2025-12-04,1,0,0,1,2026-05-05 01:53:06.798071+00:00
4355,5714,,2026-02-15,1,0,0,1,2026-05-05 01:53:06.798071+00:00
4356,5643,,2026-05-03,5,0,0,5,2026-05-05 01:53:06.798071+00:00
4357,5646,,2026-04-21,2,2,0,0,2026-05-05 01:53:06.798071+00:00
4358,5715,,2026-04-14,2,0,0,2,2026-05-05 01:53:06.798071+00:00
4359,5596,,2026-01-30,1,0,0,1,2026-05-05 01:53:06.798071+00:00
4361,3209,,2025-08-29,1,0,0,1,2026-05-05 01:53:06.798071+00:00
4363,5596,,2026-04-16,5,1,0,4,2026-05-05 01:53:06.798071+00:00
4364,5595,,2026-05-01,4,0,0,4,2026-05-05 01:53:06.798071+00:00
4365,5609,,2026-03-18,1,0,0,1,2026-05-05 01:53:06.798071+00:00
4366,5595,,2026-04-28,8,4,0,4,2026-05-05 01:53:06.798071+00:00
4367,5718,,2025-11-18,1,0,1,0,2026-05-05 01:53:06.798071+00:00
4368,5591,,2025-04-07,1,1,0,0,2026-05-05 01:53:06.798071+00:00
4369,3731,,2025-04-15,1,1,0,0,2026-05-05 01:53:06.798071+00:00
4370,5644,,2025-04-24,1,0,0,1,2026-05-05 01:53:06.798071+00:00
4371,3608,,2026-04-20,2,0,0,2,2026-05-05 01:53:06.798071+00:00
4372,3068,,2025-06-24,1,0,0,1,2026-05-05 01:53:06.798071+00:00
4373,5595,,2025-05-29,2,1,0,1,2026-05-05 01:53:06.798071+00:00
4374,5595,,2026-04-30,8,0,4,4,2026-05-05 01:53:06.798071+00:00
4375,3367,,2026-04-18,6,0,0,6,2026-05-05 01:53:06.798071+00:00
4376,5713,,2025-06-14,1,0,0,1,2026-05-05 01:53:06.798071+00:00
4377,5717,,2026-04-23,23,1,4,18,2026-05-05 01:53:06.798071+00:00
4378,5591,,2025-01-29,2,0,0,2,2026-05-05 01:53:06.798071+00:00
4379,3608,,2026-01-30,1,0,0,1,2026-05-05 01:53:06.798071+00:00
4380,5595,,2025-05-30,1,0,0,1,2026-05-05 01:53:06.798071+00:00
4381,3367,,2026-04-07,1,0,0,1,2026-05-05 01:53:06.798071+00:00
4382,5715,,2026-03-12,1,0,0,1,2026-05-05 01:53:06.798071+00:00
4383,5593,,2026-05-01,34,12,4,18,2026-05-05 01:53:06.798071+00:00
4384,3710,,2026-04-22,20,8,2,10,2026-05-05 01:53:06.798071+00:00
4385,3367,,2026-05-02,14,0,5,9,2026-05-05 01:53:06.798071+00:00
4386,5593,,2025-05-29,1,1,0,0,2026-05-05 01:53:06.798071+00:00
4387,3211,,2025-07-09,1,0,0,1,2026-05-05 01:53:06.798071+00:00
4388,3367,,2026-03-25,1,0,0,1,2026-05-05 01:53:06.798071+00:00
4389,5607,,2026-04-27,4,0,0,4,2026-05-05 01:53:06.798071+00:00
4390,5596,,2025-04-02,1,0,0,1,2026-05-05 01:53:06.798071+00:00
4391,5717,,2026-04-20,4,0,0,4,2026-05-05 01:53:06.798071+00:00
4392,5717,,2026-02-04,1,0,0,1,2026-05-05 01:53:06.798071+00:00
4393,5718,,2025-03-03,1,1,0,0,2026-05-05 01:53:06.798071+00:00
4394,5714,,2026-03-20,1,0,0,1,2026-05-05 01:53:06.798071+00:00
4395,3367,,2026-05-01,16,0,0,16,2026-05-05 01:53:06.798071+00:00
4396,3719,,2026-03-23,1,0,1,0,2026-05-05 01:53:06.798071+00:00
4397,5596,,2026-03-05,1,0,0,1,2026-05-05 01:53:06.798071+00:00
4398,3367,,2025-06-17,1,1,0,0,2026-05-05 01:53:06.798071+00:00
4399,3016,,2026-04-15,1,0,0,1,2026-05-05 01:53:06.798071+00:00
4400,5717,,2026-02-06,1,0,1,0,2026-05-05 01:53:06.798071+00:00
4401,5717,,2026-04-27,32,3,0,29,2026-05-05 01:53:06.798071+00:00
4402,5715,,2026-04-29,4,0,0,4,2026-05-05 01:53:06.798071+00:00
4403,3710,,2026-04-15,21,4,4,13,2026-05-05 01:53:06.798071+00:00
4405,5593,,2026-05-02,5,0,0,5,2026-05-05 01:53:06.798071+00:00
4406,5592,,2026-04-14,1,0,0,1,2026-05-05 01:53:06.798071+00:00
4407,3710,,2025-08-05,1,0,0,1,2026-05-05 01:53:06.798071+00:00
4408,3669,,2026-01-26,1,0,0,1,2026-05-05 01:53:06.798071+00:00
4409,5716,,2025-02-09,1,0,0,1,2026-05-05 01:53:06.798071+00:00
4410,5595,,2026-03-11,1,0,0,1,2026-05-05 01:53:06.798071+00:00
4411,3669,,2025-04-01,1,1,0,0,2026-05-05 01:53:06.798071+00:00
4412,5595,,2026-04-25,2,2,0,0,2026-05-05 01:53:06.798071+00:00
4413,3609,,2026-04-14,2,1,0,1,2026-05-05 01:53:06.798071+00:00
4414,5607,,2026-04-14,1,0,0,1,2026-05-05 01:53:06.798071+00:00
4415,5717,,2026-01-09,1,0,0,1,2026-05-05 01:53:06.798071+00:00
4417,5717,,2026-04-29,43,15,8,20,2026-05-05 01:53:06.798071+00:00
4418,3710,,2025-10-15,1,0,0,1,2026-05-05 01:53:06.798071+00:00
4419,3367,,2025-01-23,1,0,0,1,2026-05-05 01:53:06.798071+00:00
4420,3719,,2026-02-07,1,0,0,1,2026-05-05 01:53:06.798071+00:00
4421,3710,,2026-04-20,26,2,0,24,2026-05-05 01:53:06.798071+00:00
4422,5591,,2026-04-18,1,0,0,1,2026-05-05 01:53:06.798071+00:00
4423,5717,,2026-04-19,2,0,0,2,2026-05-05 01:53:06.798071+00:00
4424,3550,,2026-05-01,4,0,0,4,2026-05-05 01:53:06.798071+00:00
4425,5595,,2025-03-11,1,0,0,1,2026-05-05 01:53:06.798071+00:00
4426,3669,,2025-02-13,1,0,0,1,2026-05-05 01:53:06.798071+00:00
4427,5714,,2025-07-28,1,0,0,1,2026-05-05 01:53:06.798071+00:00
4428,3719,,2026-04-17,2,2,0,0,2026-05-05 01:53:06.798071+00:00
4429,5614,,2026-04-15,1,0,0,1,2026-05-05 01:53:06.798071+00:00
4430,5596,,2025-05-31,2,0,0,2,2026-05-05 01:53:06.798071+00:00
4431,5717,,2025-03-23,1,0,0,1,2026-05-05 01:53:06.798071+00:00
4432,5610,,2025-05-01,1,0,0,1,2026-05-05 01:53:06.798071+00:00
4433,3719,,2026-04-22,2,0,0,2,2026-05-05 01:53:06.798071+00:00
4434,5594,,2026-04-30,4,4,0,0,2026-05-05 01:53:06.798071+00:00
4435,3719,,2026-04-24,11,0,0,11,2026-05-05 01:53:06.798071+00:00
4436,5718,,2026-03-24,1,0,1,0,2026-05-05 01:53:06.798071+00:00
4437,5608,,2026-04-30,20,4,0,16,2026-05-05 01:53:06.798071+00:00
4438,5595,,2025-07-11,1,0,0,1,2026-05-05 01:53:06.798071+00:00
4439,3710,,2026-03-04,3,0,1,2,2026-05-05 01:53:06.798071+00:00
4440,5595,,2025-08-24,1,0,0,1,2026-05-05 01:53:06.798071+00:00
4441,2985,,2026-01-29,1,0,0,1,2026-05-05 01:53:06.798071+00:00
4442,3719,,2026-04-28,12,0,4,8,2026-05-05 01:53:06.798071+00:00
4443,5599,,2026-04-17,5,0,0,5,2026-05-05 01:53:06.798071+00:00
4444,5607,,2026-05-01,5,5,0,0,2026-05-05 01:53:06.798071+00:00
4445,5607,,2026-04-15,1,1,0,0,2026-05-05 01:53:06.798071+00:00
4446,5596,,2025-06-07,1,1,0,0,2026-05-05 01:53:06.798071+00:00
4448,3367,,2025-01-08,1,0,0,1,2026-05-05 01:53:06.798071+00:00
4449,5596,,2025-07-31,1,1,0,0,2026-05-05 01:53:06.798071+00:00
4450,3710,,2025-11-20,1,0,0,1,2026-05-05 01:53:06.798071+00:00
4451,5646,,2025-04-24,1,0,0,1,2026-05-05 01:53:06.798071+00:00
4452,3367,,2026-04-17,19,4,2,13,2026-05-05 01:53:06.798071+00:00
4453,5715,,2025-07-23,1,0,0,1,2026-05-05 01:53:06.798071+00:00
4454,5593,,2026-01-20,1,0,0,1,2026-05-05 01:53:06.798071+00:00
4455,3341,,2026-04-21,2,2,0,0,2026-05-05 01:53:06.798071+00:00
4456,3550,,2026-04-21,4,0,0,4,2026-05-05 01:53:06.798071+00:00
4457,5646,,2026-04-22,2,2,0,0,2026-05-05 01:53:06.798071+00:00
4458,5611,,2026-04-15,1,1,0,0,2026-05-05 01:53:06.798071+00:00
4459,3209,,2025-06-18,1,1,0,0,2026-05-05 01:53:06.798071+00:00
4460,3608,,2026-04-27,4,0,4,0,2026-05-05 01:53:06.798071+00:00
4461,5596,,2025-07-07,1,0,0,1,2026-05-05 01:53:06.798071+00:00
4462,5718,,2025-10-11,1,0,0,1,2026-05-05 01:53:06.798071+00:00
4463,5719,,2026-02-03,1,0,0,1,2026-05-05 01:53:06.798071+00:00
4464,5717,,2025-01-05,1,0,0,1,2026-05-05 01:53:06.798071+00:00
4465,3710,,2026-05-03,38,14,10,14,2026-05-05 01:53:06.798071+00:00
4466,5646,,2026-02-10,1,1,0,0,2026-05-05 01:53:06.798071+00:00
4467,2985,,2026-03-24,1,0,0,1,2026-05-05 01:53:06.798071+00:00
4468,3719,,2026-03-05,1,0,0,1,2026-05-05 01:53:06.798071+00:00
4469,5592,,2026-05-01,4,0,0,4,2026-05-05 01:53:06.798071+00:00
4470,5646,,2025-05-08,1,0,0,1,2026-05-05 01:53:06.798071+00:00
4471,5593,,2025-04-21,1,0,0,1,2026-05-05 01:53:06.798071+00:00
4472,5597,,2025-10-27,1,1,0,0,2026-05-05 01:53:06.798071+00:00
4473,5596,,2026-05-02,5,5,0,0,2026-05-05 01:53:06.798071+00:00
4474,3367,,2026-05-03,37,4,0,33,2026-05-05 01:53:06.798071+00:00
4475,5596,,2025-06-06,1,0,1,0,2026-05-05 01:53:06.798071+00:00
4476,5719,,2026-04-29,4,4,0,0,2026-05-05 01:53:06.798071+00:00
4477,3719,,2026-04-15,2,1,0,1,2026-05-05 01:53:06.798071+00:00
4478,5604,,2026-04-16,2,0,0,2,2026-05-05 01:53:06.798071+00:00
4479,3016,,2026-04-29,4,0,0,4,2026-05-05 01:53:06.798071+00:00
4480,5596,,2025-10-02,3,0,0,3,2026-05-05 01:53:06.798071+00:00
4481,3326,,2025-02-11,1,0,1,0,2026-05-05 01:53:06.798071+00:00
4483,3669,,2026-03-17,1,0,0,1,2026-05-05 01:53:06.798071+00:00
4484,5713,,2025-07-03,1,0,1,0,2026-05-05 01:53:06.798071+00:00
4485,3367,,2026-04-23,97,9,16,72,2026-05-05 01:53:06.798071+00:00
4486,3367,,2026-04-28,55,12,0,43,2026-05-05 01:53:06.798071+00:00
4487,5719,,2026-04-18,2,0,0,2,2026-05-05 01:53:06.798071+00:00
4488,5717,,2025-07-30,1,0,0,1,2026-05-05 01:53:06.798071+00:00
4489,3669,,2025-05-15,1,0,0,1,2026-05-05 01:53:06.798071+00:00
4490,3016,,2026-04-30,1,0,0,1,2026-05-05 01:53:06.798071+00:00
4491,5596,,2025-02-12,2,0,2,0,2026-05-05 01:53:06.798071+00:00
4492,5595,,2025-08-28,3,0,1,2,2026-05-05 01:53:06.798071+00:00
4493,5717,,2025-08-31,1,0,0,1,2026-05-05 01:53:06.798071+00:00
4494,5593,,2025-01-07,1,0,0,1,2026-05-05 01:53:06.798071+00:00
4495,3403,,2026-03-26,1,0,0,1,2026-05-05 01:53:06.798071+00:00
4496,5596,,2025-03-12,1,0,0,1,2026-05-05 01:53:06.798071+00:00
4497,5714,,2026-04-29,4,0,0,4,2026-05-05 01:53:06.798071+00:00
4498,5595,,2025-07-09,1,0,0,1,2026-05-05 01:53:06.798071+00:00
4499,5592,,2026-04-29,4,0,0,4,2026-05-05 01:53:06.798071+00:00
4500,5717,,2025-05-15,1,0,0,1,2026-05-05 01:53:06.798071+00:00
4501,5596,,2025-07-17,1,1,0,0,2026-05-05 01:53:06.798071+00:00
4502,5717,,2026-02-25,1,0,0,1,2026-05-05 01:53:06.798071+00:00
4503,3710,,2026-02-04,2,1,0,1,2026-05-05 01:53:06.798071+00:00
4504,5595,,2026-03-27,1,0,0,1,2026-05-05 01:53:06.798071+00:00
4505,5715,,2026-04-24,2,0,0,2,2026-05-05 01:53:06.798071+00:00
4506,3367,,2026-04-24,28,6,0,22,2026-05-05 01:53:06.798071+00:00
4507,5608,,2025-03-04,1,0,0,1,2026-05-05 01:53:06.798071+00:00
4508,3719,,2026-02-23,1,0,0,1,2026-05-05 01:53:06.798071+00:00
4509,5717,,2026-01-06,1,0,0,1,2026-05-05 01:53:06.798071+00:00
4510,5609,,2025-10-27,1,1,0,0,2026-05-05 01:53:06.798071+00:00
4511,3731,,2026-01-29,1,0,0,1,2026-05-05 01:53:06.798071+00:00
4512,5718,,2025-07-05,1,0,0,1,2026-05-05 01:53:06.798071+00:00
4513,3710,,2026-03-11,2,0,0,2,2026-05-05 01:53:06.798071+00:00
4514,5596,,2026-01-02,1,0,0,1,2026-05-05 01:53:06.798071+00:00
4515,5607,,2026-04-22,4,4,0,0,2026-05-05 01:53:06.798071+00:00
4516,4424,,2025-06-20,1,0,0,1,2026-05-05 01:53:06.798071+00:00
4517,5591,,2026-04-20,2,0,0,2,2026-05-05 01:53:06.798071+00:00
4518,5608,,2026-04-27,1,0,0,1,2026-05-05 01:53:06.798071+00:00
4519,5716,,2025-11-28,1,0,0,1,2026-05-05 01:53:06.798071+00:00
4520,3367,,2026-04-12,2,0,0,2,2026-05-05 01:53:06.798071+00:00
4521,5596,,2025-11-27,1,0,0,1,2026-05-05 01:53:06.798071+00:00
4522,5595,,2025-06-15,1,0,0,1,2026-05-05 01:53:06.798071+00:00
4524,3669,,2026-04-21,2,0,0,2,2026-05-05 01:53:06.798071+00:00
4526,3367,,2026-02-23,1,0,0,1,2026-05-05 01:53:06.798071+00:00
4527,5717,,2026-01-12,1,0,0,1,2026-05-05 01:53:06.798071+00:00
4528,5607,,2026-04-24,4,0,0,4,2026-05-05 01:53:06.798071+00:00
4529,3550,,2026-04-28,8,0,0,8,2026-05-05 01:53:06.798071+00:00
4530,5718,,2025-04-12,1,0,1,0,2026-05-05 01:53:06.798071+00:00
4531,3016,,2026-01-26,2,0,0,2,2026-05-05 01:53:06.798071+00:00
4532,3710,,2026-04-16,31,5,1,25,2026-05-05 01:53:06.798071+00:00
4533,3710,,2026-04-28,141,12,31,98,2026-05-05 01:53:06.798071+00:00
4534,3710,,2026-04-07,2,0,0,2,2026-05-05 01:53:06.798071+00:00
4535,3608,,2025-08-25,1,1,0,0,2026-05-05 01:53:06.798071+00:00
4536,5609,,2025-05-15,1,0,0,1,2026-05-05 01:53:06.798071+00:00
4539,3209,,2026-04-28,4,0,0,4,2026-05-05 01:53:06.798071+00:00
4540,5595,,2025-01-28,1,0,0,1,2026-05-05 01:53:06.798071+00:00
4541,3209,,2025-09-29,1,1,0,0,2026-05-05 01:53:06.798071+00:00
4542,5715,,2025-08-10,1,0,0,1,2026-05-05 01:53:06.798071+00:00
4543,5716,,2025-07-30,1,0,0,1,2026-05-05 01:53:06.798071+00:00
4544,5593,,2026-01-17,1,0,0,1,2026-05-05 01:53:06.798071+00:00
4545,3316,,2026-04-17,2,2,0,0,2026-05-05 01:53:06.798071+00:00
4546,5595,,2025-01-27,1,0,0,1,2026-05-05 01:53:06.798071+00:00
4547,3367,,2025-04-24,1,0,0,1,2026-05-05 01:53:06.798071+00:00
4548,5716,,2026-04-22,2,0,2,0,2026-05-05 01:53:06.798071+00:00
4549,5593,,2026-05-03,5,0,0,5,2026-05-05 01:53:06.798071+00:00
4550,5609,,2025-08-06,1,0,0,1,2026-05-05 01:53:06.798071+00:00
4551,5596,,2026-04-03,1,1,0,0,2026-05-05 01:53:06.798071+00:00
4552,5604,,2025-07-07,1,0,0,1,2026-05-05 01:53:06.798071+00:00
4553,3367,,2025-06-09,1,0,0,1,2026-05-05 01:53:06.798071+00:00
4554,5717,,2026-04-25,5,3,0,2,2026-05-05 01:53:06.798071+00:00
4555,3367,,2026-04-08,1,1,0,0,2026-05-05 01:53:06.798071+00:00
4556,3316,,2026-04-28,4,4,0,0,2026-05-05 01:53:06.798071+00:00
4557,5717,,2026-04-21,8,0,0,8,2026-05-05 01:53:06.798071+00:00
4558,5595,,2025-07-10,1,0,0,1,2026-05-05 01:53:06.798071+00:00
4559,5718,,2026-02-06,2,0,2,0,2026-05-05 01:53:06.798071+00:00
4560,5596,,2025-01-30,1,0,0,1,2026-05-05 01:53:06.798071+00:00
4562,5595,,2025-05-26,1,0,0,1,2026-05-05 01:53:06.798071+00:00
4563,5596,,2025-09-17,1,0,0,1,2026-05-05 01:53:06.798071+00:00
4564,5593,,2025-10-27,1,1,0,0,2026-05-05 01:53:06.798071+00:00
4565,3710,,2026-04-18,12,2,0,10,2026-05-05 01:53:06.798071+00:00
4566,3719,,2026-04-21,2,0,0,2,2026-05-05 01:53:06.798071+00:00
4567,5596,,2025-06-03,1,1,0,0,2026-05-05 01:53:06.798071+00:00
4568,5595,,2025-11-26,2,1,0,1,2026-05-05 01:53:06.798071+00:00
4569,5608,,2025-01-20,1,0,0,1,2026-05-05 01:53:06.798071+00:00
4570,3209,,2026-04-17,2,0,0,2,2026-05-05 01:53:06.798071+00:00
4571,5715,,2026-05-03,5,0,0,5,2026-05-05 01:53:06.798071+00:00
4572,5596,,2025-09-15,1,1,0,0,2026-05-05 01:53:06.798071+00:00
4573,5614,,2025-04-15,1,0,0,1,2026-05-05 01:53:06.798071+00:00
4574,3609,,2026-02-03,1,0,0,1,2026-05-05 01:53:06.798071+00:00
4575,3669,,2026-04-30,4,0,0,4,2026-05-05 01:53:06.798071+00:00
4576,5607,,2026-04-18,6,0,2,4,2026-05-05 01:53:06.798071+00:00
4577,5595,,2025-11-22,1,0,0,1,2026-05-05 01:53:06.798071+00:00
4578,5596,,2025-02-26,1,0,0,1,2026-05-05 01:53:06.798071+00:00
4579,5713,,2026-01-04,1,0,0,1,2026-05-05 01:53:06.798071+00:00
4580,5608,,2026-04-29,4,0,0,4,2026-05-05 01:53:06.798071+00:00
4581,3719,,2026-03-17,1,0,0,1,2026-05-05 01:53:06.798071+00:00
4582,5717,,2026-04-14,4,1,0,3,2026-05-05 01:53:06.798071+00:00
4583,5595,,2025-10-30,1,0,0,1,2026-05-05 01:53:06.798071+00:00
4585,5605,,2025-07-11,1,0,0,1,2026-05-05 01:53:06.798071+00:00
4586,3608,,2026-04-22,8,0,0,8,2026-05-05 01:53:06.798071+00:00
4587,2985,,2026-02-04,1,0,0,1,2026-05-05 01:53:06.798071+00:00
4588,5595,,2025-02-27,2,0,0,2,2026-05-05 01:53:06.798071+00:00
4589,3710,,2026-01-27,1,1,0,0,2026-05-05 01:53:06.798071+00:00
4590,3719,,2025-07-09,1,0,0,1,2026-05-05 01:53:06.798071+00:00
4591,5717,,2026-04-17,6,0,2,4,2026-05-05 01:53:06.798071+00:00
4592,3731,,2026-03-23,1,0,1,0,2026-05-05 01:53:06.798071+00:00
4593,5595,,2025-04-20,1,0,0,1,2026-05-05 01:53:06.798071+00:00
4594,3209,,2026-04-16,1,0,0,1,2026-05-05 01:53:06.798071+00:00
4595,3710,,2025-07-04,2,1,0,1,2026-05-05 01:53:06.798071+00:00
4596,3710,,2026-02-02,1,0,0,1,2026-05-05 01:53:06.798071+00:00
4597,5609,,2026-03-19,1,0,0,1,2026-05-05 01:53:06.798071+00:00
4598,5596,,2025-04-22,2,0,0,2,2026-05-05 01:53:06.798071+00:00
4599,3316,,2026-01-30,1,0,0,1,2026-05-05 01:53:06.798071+00:00
4600,3710,,2026-04-12,3,0,0,3,2026-05-05 01:53:06.798071+00:00
4601,5646,,2025-06-29,1,1,0,0,2026-05-05 01:53:06.798071+00:00
4602,5644,,2025-05-08,1,0,0,1,2026-05-05 01:53:06.798071+00:00
4603,5717,,2026-04-01,1,0,0,1,2026-05-05 01:53:06.798071+00:00
4604,5717,,2025-05-25,1,0,0,1,2026-05-05 01:53:06.798071+00:00
4605,3609,,2026-04-21,16,2,2,12,2026-05-05 01:53:06.798071+00:00
4606,5718,,2025-11-21,1,1,0,0,2026-05-05 01:53:06.798071+00:00
4607,5607,,2026-04-29,12,8,0,4,2026-05-05 01:53:06.798071+00:00
4608,3367,,2026-01-08,3,2,0,1,2026-05-05 01:53:06.798071+00:00
4609,3367,,2026-04-20,18,2,0,16,2026-05-05 01:53:06.798071+00:00
4610,3669,,2025-10-16,1,1,0,0,2026-05-05 01:53:06.798071+00:00
4611,3710,,2026-04-23,88,20,22,46,2026-05-05 01:53:06.798071+00:00
4612,3710,,2026-04-14,29,8,3,18,2026-05-05 01:53:06.798071+00:00
4613,3719,,2026-04-23,4,0,0,4,2026-05-05 01:53:06.798071+00:00
4614,3710,,2026-04-17,41,6,6,29,2026-05-05 01:53:06.798071+00:00
4615,3719,,2025-07-31,2,1,1,0,2026-05-05 01:53:06.798071+00:00
4616,3710,,2026-05-02,15,0,0,15,2026-05-05 01:53:06.798071+00:00
4617,5592,,2025-10-27,1,1,0,0,2026-05-05 01:53:06.798071+00:00
4618,3710,,2026-01-08,5,2,0,3,2026-05-05 01:53:06.798071+00:00
4619,3719,,2026-01-22,1,0,0,1,2026-05-05 01:53:06.798071+00:00
4620,5719,,2026-05-01,9,0,0,9,2026-05-05 01:53:06.798071+00:00
4621,3710,,2025-07-29,1,1,0,0,2026-05-05 01:53:06.798071+00:00
4622,3367,,2026-04-30,39,16,3,20,2026-05-05 01:53:06.798071+00:00
4623,3710,,2025-07-06,1,0,1,0,2026-05-05 01:53:06.798071+00:00
4624,5608,,2026-04-28,4,4,0,0,2026-05-05 01:53:06.798071+00:00
4625,3719,,2025-10-21,1,1,0,0,2026-05-05 01:53:06.798071+00:00
4626,3710,,2025-06-07,1,0,0,1,2026-05-05 01:53:06.798071+00:00
4627,5717,,2026-04-24,26,2,4,20,2026-05-05 01:53:06.798071+00:00
4628,5596,,2025-10-26,2,0,0,2,2026-05-05 01:53:06.798071+00:00
4629,3609,,2026-04-17,14,0,0,14,2026-05-05 01:53:06.798071+00:00
4630,5592,,2025-05-01,1,0,0,1,2026-05-05 01:53:06.798071+00:00
4631,5644,,2026-04-17,2,0,0,2,2026-05-05 01:53:06.798071+00:00
4632,3209,,2026-04-27,7,0,0,7,2026-05-05 01:53:06.798071+00:00
4633,5716,,2026-04-11,1,0,0,1,2026-05-05 01:53:06.798071+00:00
4634,3367,,2026-04-25,7,0,0,7,2026-05-05 01:53:06.798071+00:00
4635,5610,,2026-01-26,2,0,0,2,2026-05-05 01:53:06.798071+00:00
4636,5596,,2025-03-21,1,0,0,1,2026-05-05 01:53:06.798071+00:00
4637,3029,,2026-04-16,1,0,0,1,2026-05-05 01:53:06.798071+00:00
4638,5717,,2025-11-04,1,0,0,1,2026-05-05 01:53:06.798071+00:00
4639,3710,,2026-04-24,42,10,0,32,2026-05-05 01:53:06.798071+00:00
4640,5718,,2026-03-22,1,0,0,1,2026-05-05 01:53:06.798071+00:00
4641,5646,,2026-04-25,3,0,0,3,2026-05-05 01:53:06.798071+00:00
4642,5596,,2025-07-05,1,0,0,1,2026-05-05 01:53:06.798071+00:00
4643,3367,,2025-10-21,2,0,2,0,2026-05-05 01:53:06.798071+00:00
4644,3016,,2026-04-14,2,0,0,2,2026-05-05 01:53:06.798071+00:00
4645,3710,,2026-03-15,3,1,0,2,2026-05-05 01:53:06.798071+00:00
4646,3367,,2025-05-15,1,0,0,1,2026-05-05 01:53:06.798071+00:00
4647,5717,,2026-02-03,1,0,0,1,2026-05-05 01:53:06.798071+00:00
4648,5593,,2025-04-25,1,0,0,1,2026-05-05 01:53:06.798071+00:00
4649,5595,,2025-08-01,1,1,0,0,2026-05-05 01:53:06.798071+00:00
4650,5713,,2026-03-18,1,0,0,1,2026-05-05 01:53:06.798071+00:00
4651,5596,,2025-06-08,1,0,0,1,2026-05-05 01:53:06.798071+00:00
4652,3209,,2026-04-15,1,0,0,1,2026-05-05 01:53:06.798071+00:00
4653,5713,,2025-07-05,1,1,0,0,2026-05-05 01:53:06.798071+00:00
4654,5596,,2025-07-23,1,0,0,1,2026-05-05 01:53:06.798071+00:00
4655,5609,,2026-01-17,1,0,0,1,2026-05-05 01:53:06.798071+00:00
4656,3710,,2026-02-05,2,1,0,1,2026-05-05 01:53:06.798071+00:00
4657,5591,,2026-01-01,1,0,0,1,2026-05-05 01:53:06.798071+00:00
4658,3710,,2026-02-15,1,0,0,1,2026-05-05 01:53:06.798071+00:00
4659,3710,,2026-03-22,1,0,0,1,2026-05-05 01:53:06.798071+00:00
4660,3367,,2025-04-20,1,0,0,1,2026-05-05 01:53:06.798071+00:00
4661,5719,,2026-04-28,8,4,0,4,2026-05-05 01:53:06.798071+00:00
4662,3367,,2026-01-27,2,1,0,1,2026-05-05 01:53:06.798071+00:00
4663,2985,,2025-06-02,1,0,0,1,2026-05-05 01:53:06.798071+00:00
4664,5607,,2026-03-22,1,0,0,1,2026-05-05 01:53:06.798071+00:00
4665,3209,,2025-09-26,1,0,1,0,2026-05-05 01:53:06.798071+00:00
4666,3710,,2025-10-29,1,0,0,1,2026-05-05 01:53:06.798071+00:00
4667,3608,,2026-04-21,28,6,2,20,2026-05-05 01:53:06.798071+00:00
4668,3719,,2026-04-18,2,0,0,2,2026-05-05 01:53:06.798071+00:00
4669,2985,,2025-07-25,1,0,0,1,2026-05-05 01:53:06.798071+00:00
4670,5716,,2025-10-17,1,0,0,1,2026-05-05 01:53:06.798071+00:00
4671,5715,,2026-04-19,2,2,0,0,2026-05-05 01:53:06.798071+00:00
4672,3367,,2026-04-29,56,8,12,36,2026-05-05 01:53:06.798071+00:00
4673,5714,,2025-04-09,2,0,0,2,2026-05-05 01:53:06.798071+00:00
4674,5610,,2025-04-20,1,0,0,1,2026-05-05 01:53:06.798071+00:00
4675,3403,,2025-08-15,1,0,0,1,2026-05-05 01:53:06.798071+00:00
4676,5717,,2026-05-01,20,5,0,15,2026-05-05 01:53:06.798071+00:00
4677,3669,,2026-03-25,1,0,0,1,2026-05-05 01:53:06.798071+00:00
4678,3209,,2026-03-09,1,0,0,1,2026-05-05 01:53:06.798071+00:00
4679,5595,,2025-02-24,1,0,0,1,2026-05-05 01:53:06.798071+00:00
4680,3579,,2025-05-21,1,1,0,0,2026-05-05 01:53:06.798071+00:00
4681,5715,,2026-04-20,2,0,0,2,2026-05-05 01:53:06.798071+00:00
4682,5597,,2026-04-30,4,0,0,4,2026-05-05 01:53:06.798071+00:00
4683,3609,,2026-01-30,1,0,0,1,2026-05-05 01:53:06.798071+00:00
4684,5596,,2025-04-12,2,0,0,2,2026-05-05 01:53:06.798071+00:00
4686,3609,,2026-04-23,2,0,0,2,2026-05-05 01:53:06.798071+00:00
4687,3669,,2026-04-29,5,1,0,4,2026-05-05 01:53:06.798071+00:00
4688,3669,,2026-04-16,3,1,0,2,2026-05-05 01:53:06.798071+00:00
4689,3016,,2026-01-29,1,0,0,1,2026-05-05 01:53:06.798071+00:00
4690,5608,,2026-01-24,2,0,0,2,2026-05-05 01:53:06.798071+00:00
4691,3367,,2025-10-29,1,0,0,1,2026-05-05 01:53:06.798071+00:00
4692,5713,,2026-04-12,1,0,0,1,2026-05-05 01:53:06.798071+00:00
4693,5596,,2025-04-23,2,1,0,1,2026-05-05 01:53:06.798071+00:00
4694,5643,,2026-04-19,2,0,0,2,2026-05-05 01:53:06.798071+00:00
4695,3209,,2026-02-22,1,0,0,1,2026-05-05 01:53:06.798071+00:00
4696,5596,,2025-03-08,3,1,0,2,2026-05-05 01:53:06.798071+00:00
4697,5611,,2026-04-18,1,0,0,1,2026-05-05 01:53:06.798071+00:00
4698,5597,,2026-04-29,4,0,0,4,2026-05-05 01:53:06.798071+00:00
4699,5596,,2025-07-01,1,0,1,0,2026-05-05 01:53:06.798071+00:00
4700,3209,,2026-04-21,4,0,0,4,2026-05-05 01:53:06.798071+00:00
4701,5596,,2025-09-13,1,0,0,1,2026-05-05 01:53:06.798071+00:00
4703,5595,,2025-10-28,1,0,0,1,2026-05-05 01:53:06.798071+00:00
4704,5596,,2025-03-20,1,0,0,1,2026-05-05 01:53:06.798071+00:00
4705,3710,,2026-02-11,2,0,0,2,2026-05-05 01:53:06.798071+00:00
4706,5643,,2026-02-25,1,0,0,1,2026-05-05 01:53:06.798071+00:00
4707,5716,,2026-02-10,1,0,0,1,2026-05-05 01:53:06.798071+00:00
4708,5715,,2026-04-16,2,2,0,0,2026-05-05 01:53:06.798071+00:00
4709,5593,,2025-12-28,1,0,0,1,2026-05-05 01:53:06.798071+00:00
4710,5717,,2025-10-06,1,0,1,0,2026-05-05 01:53:06.798071+00:00
4711,3367,,2025-04-01,1,0,1,0,2026-05-05 01:53:06.798071+00:00
4712,5609,,2025-09-29,1,0,0,1,2026-05-05 01:53:06.798071+00:00
4713,5591,,2026-01-30,1,1,0,0,2026-05-05 01:53:06.798071+00:00
4714,5715,,2026-04-22,12,0,2,10,2026-05-05 01:53:06.798071+00:00
4715,3710,,2026-04-08,1,1,0,0,2026-05-05 01:53:06.798071+00:00
4716,5718,,2025-05-12,2,0,0,2,2026-05-05 01:53:06.798071+00:00
4717,5595,,2025-02-26,1,0,0,1,2026-05-05 01:53:06.798071+00:00
4718,5608,,2026-04-24,22,6,0,16,2026-05-05 01:53:06.798071+00:00
4719,3710,,2025-12-18,2,0,0,2,2026-05-05 01:53:06.798071+00:00
4720,5717,,2025-04-14,4,0,0,4,2026-05-05 01:53:06.798071+00:00
4721,5644,,2025-05-01,1,0,0,1,2026-05-05 01:53:06.798071+00:00
4722,3068,,2026-04-24,2,0,0,2,2026-05-05 01:53:06.798071+00:00
4723,5608,,2026-05-02,5,0,0,5,2026-05-05 01:53:06.798071+00:00
4724,5594,,2026-05-01,5,0,0,5,2026-05-05 01:53:06.798071+00:00
4725,3710,,2026-03-05,3,0,1,2,2026-05-05 01:53:06.798071+00:00
4726,5597,,2025-08-26,1,0,0,1,2026-05-05 01:53:06.798071+00:00
4727,5609,,2025-05-05,1,1,0,0,2026-05-05 01:53:06.798071+00:00
4728,3731,,2026-03-17,1,0,0,1,2026-05-05 01:53:06.798071+00:00
4729,5608,,2026-04-16,2,0,0,2,2026-05-05 01:53:06.798071+00:00
4730,5646,,2025-04-10,1,1,0,0,2026-05-05 01:53:06.798071+00:00
4732,3367,,2026-03-04,1,0,0,1,2026-05-05 01:53:06.798071+00:00
4733,5646,,2025-05-01,1,0,0,1,2026-05-05 01:53:06.798071+00:00
4734,3036,,2025-08-11,1,0,0,1,2026-05-05 01:53:06.798071+00:00
4735,5614,,2025-11-20,1,0,0,1,2026-05-05 01:53:06.798071+00:00
4736,3710,,2026-02-03,1,0,0,1,2026-05-05 01:53:06.798071+00:00
4737,3609,,2026-04-22,13,0,1,12,2026-05-05 01:53:06.798071+00:00
4738,5719,,2026-05-02,5,0,0,5,2026-05-05 01:53:06.798071+00:00
4739,3016,,2026-04-16,3,0,0,3,2026-05-05 01:53:06.798071+00:00
4740,5613,,2026-03-26,1,1,0,0,2026-05-05 01:53:06.798071+00:00
4741,5608,,2026-04-17,2,2,0,0,2026-05-05 01:53:06.798071+00:00
4742,5596,,2026-01-10,1,0,0,1,2026-05-05 01:53:06.798071+00:00
4743,5713,,2026-05-03,5,0,0,5,2026-05-05 01:53:06.798071+00:00
4744,5595,,2026-03-05,1,0,0,1,2026-05-05 01:53:06.798071+00:00
4745,3669,,2026-02-04,1,0,0,1,2026-05-05 01:53:06.798071+00:00
4746,5593,,2025-08-26,1,0,0,1,2026-05-05 01:53:06.798071+00:00
4747,3068,,2026-04-21,2,0,0,2,2026-05-05 01:53:06.798071+00:00
4748,5595,,2025-08-18,2,0,0,2,2026-05-05 01:53:06.798071+00:00
4749,3016,,2026-04-21,8,2,0,6,2026-05-05 01:53:06.798071+00:00
4750,5593,,2026-04-16,1,1,0,0,2026-05-05 01:53:06.798071+00:00
4751,5717,,2025-09-19,1,1,0,0,2026-05-05 01:53:06.798071+00:00
4752,3719,,2026-04-16,2,0,0,2,2026-05-05 01:53:06.798071+00:00
4754,5715,,2025-04-17,1,0,0,1,2026-05-05 01:53:06.798071+00:00
4755,5718,,2025-04-07,1,0,0,1,2026-05-05 01:53:06.798071+00:00
4756,5608,,2026-05-01,9,4,0,5,2026-05-05 01:53:06.798071+00:00
4757,5596,,2026-04-23,8,4,2,2,2026-05-05 01:53:06.798071+00:00
4758,5595,,2026-04-27,4,0,0,4,2026-05-05 01:53:06.798071+00:00
4759,3068,,2025-06-01,1,0,0,1,2026-05-05 01:53:06.798071+00:00
4760,5593,,2026-04-30,24,16,0,8,2026-05-05 01:53:06.798071+00:00
4761,3271,,2025-05-15,1,0,0,1,2026-05-05 01:53:06.798071+00:00
4762,5715,,2026-04-27,24,0,4,20,2026-05-05 01:53:06.798071+00:00
4764,3367,,2026-04-14,25,6,3,16,2026-05-05 01:53:06.798071+00:00
4765,3579,,2026-04-02,1,0,0,1,2026-05-05 01:53:06.798071+00:00
4766,5717,,2026-04-26,11,0,0,11,2026-05-05 01:53:06.798071+00:00
4767,5597,,2025-02-13,1,0,0,1,2026-05-05 01:53:06.798071+00:00
4768,3367,,2025-10-05,1,1,0,0,2026-05-05 01:53:06.798071+00:00
4769,5595,,2025-11-07,1,0,0,1,2026-05-05 01:53:06.798071+00:00
4770,5715,,2026-04-23,5,0,0,5,2026-05-05 01:53:06.798071+00:00
4771,3367,,2025-06-07,1,0,0,1,2026-05-05 01:53:06.798071+00:00
4772,3367,,2026-03-22,1,0,0,1,2026-05-05 01:53:06.798071+00:00
4773,5717,,2026-04-28,43,0,8,35,2026-05-05 01:53:06.798071+00:00
4775,3710,,2026-03-16,1,1,0,0,2026-05-05 01:53:06.798071+00:00
4776,3719,,2025-04-18,1,0,0,1,2026-05-05 01:53:06.798071+00:00
4777,5604,,2026-04-29,4,0,0,4,2026-05-05 01:53:06.798071+00:00
4778,5642,,2025-04-05,1,0,0,1,2026-05-05 01:53:06.798071+00:00
4779,3669,,2026-01-27,1,0,0,1,2026-05-05 01:53:06.798071+00:00
4780,5646,,2026-04-24,6,2,0,4,2026-05-05 01:53:06.798071+00:00
4781,3719,,2026-04-29,8,0,0,8,2026-05-05 01:53:06.798071+00:00
4782,5719,,2026-04-14,3,1,0,2,2026-05-05 01:53:06.798071+00:00
4783,5713,,2026-04-22,2,0,2,0,2026-05-05 01:53:06.798071+00:00
4784,3710,,2026-02-12,1,1,0,0,2026-05-05 01:53:06.798071+00:00
4785,3367,,2025-04-10,1,1,0,0,2026-05-05 01:53:06.798071+00:00
4786,3719,,2026-03-24,1,0,0,1,2026-05-05 01:53:06.798071+00:00
4787,5714,,2025-11-02,1,1,0,0,2026-05-05 01:53:06.798071+00:00
4788,3710,,2026-03-03,1,0,1,0,2026-05-05 01:53:06.798071+00:00
4789,5593,,2026-04-25,2,0,0,2,2026-05-05 01:53:06.798071+00:00
4790,5717,,2026-01-19,1,0,0,1,2026-05-05 01:53:06.798071+00:00
4791,3367,,2025-01-06,2,2,0,0,2026-05-05 01:53:06.798071+00:00
4792,5643,,2025-08-20,1,0,0,1,2026-05-05 01:53:06.798071+00:00
4794,5595,,2025-06-28,1,0,0,1,2026-05-05 01:53:06.798071+00:00
4795,5717,,2025-08-17,1,1,0,0,2026-05-05 01:53:06.798071+00:00
4796,5596,,2025-04-01,2,1,0,1,2026-05-05 01:53:06.798071+00:00
4797,3710,,2026-02-23,1,0,0,1,2026-05-05 01:53:06.798071+00:00
4798,5596,,2025-12-18,2,0,0,2,2026-05-05 01:53:06.798071+00:00
4799,3608,,2026-03-09,1,0,0,1,2026-05-05 01:53:06.798071+00:00
4800,5596,,2025-12-17,1,0,0,1,2026-05-05 01:53:06.798071+00:00
4801,3719,,2026-04-14,1,0,0,1,2026-05-05 01:53:06.798071+00:00
4802,5715,,2026-04-21,20,2,2,16,2026-05-05 01:53:06.798071+00:00
4803,5609,,2026-02-24,1,0,0,1,2026-05-05 01:53:06.798071+00:00
4804,5717,,2025-04-15,1,0,0,1,2026-05-05 01:53:06.798071+00:00
4805,5717,,2026-04-16,2,0,0,2,2026-05-05 01:53:06.798071+00:00
4806,5608,,2026-01-07,1,0,0,1,2026-05-05 01:53:06.798071+00:00
4807,5717,,2026-02-02,1,0,0,1,2026-05-05 01:53:06.798071+00:00
4808,5596,,2025-07-10,2,0,0,2,2026-05-05 01:53:06.798071+00:00
4809,5607,,2025-05-04,1,0,1,0,2026-05-05 01:53:06.798071+00:00
4810,5604,,2025-05-02,1,1,0,0,2026-05-05 01:53:06.798071+00:00
4811,3669,,2026-03-31,1,0,0,1,2026-05-05 01:53:06.798071+00:00
4812,5593,,2025-11-03,1,0,0,1,2026-05-05 01:53:06.798071+00:00
4813,5718,,2026-03-11,1,0,0,1,2026-05-05 01:53:06.798071+00:00
4814,5591,,2026-03-11,1,0,0,1,2026-05-05 01:53:06.798071+00:00
4815,3719,,2025-10-16,1,1,0,0,2026-05-05 01:53:06.798071+00:00
4816,5610,,2026-04-16,8,0,2,6,2026-05-05 01:53:06.798071+00:00
4817,3710,,2025-09-16,1,0,0,1,2026-05-05 01:53:06.798071+00:00
4818,3710,,2026-03-19,2,0,0,2,2026-05-05 01:53:06.798071+00:00
4819,3719,,2026-01-13,1,0,0,1,2026-05-05 01:53:06.798071+00:00
4820,5595,,2025-06-26,1,0,0,1,2026-05-05 01:53:06.798071+00:00
4821,3367,,2026-04-19,2,0,0,2,2026-05-05 01:53:06.798071+00:00
4822,5593,,2025-04-10,1,0,0,1,2026-05-05 01:53:06.798071+00:00
4823,3367,,2026-04-15,22,1,5,16,2026-05-05 01:53:06.798071+00:00
4825,3719,,2025-06-16,1,0,0,1,2026-05-05 01:53:06.798071+00:00
4827,3609,,2026-04-16,4,2,0,2,2026-05-05 01:53:06.798071+00:00
4828,3710,,2025-03-31,2,0,2,0,2026-05-05 01:53:06.798071+00:00
4829,3579,,2026-01-30,1,0,0,1,2026-05-05 01:53:06.798071+00:00
4830,5607,,2026-05-02,5,0,0,5,2026-05-05 01:53:06.798071+00:00
4831,5646,,2026-04-27,15,0,4,11,2026-05-05 01:53:06.798071+00:00
4832,5719,,2026-04-24,2,0,0,2,2026-05-05 01:53:06.798071+00:00
4833,5644,,2025-06-08,1,0,0,1,2026-05-05 01:53:06.798071+00:00
4834,3367,,2025-06-05,1,0,0,1,2026-05-05 01:53:06.798071+00:00
4835,3271,,2026-04-27,12,4,0,8,2026-05-05 01:53:06.798071+00:00
4836,3367,,2026-01-02,1,0,0,1,2026-05-05 01:53:06.798071+00:00
4837,3731,,2025-07-31,1,0,1,0,2026-05-05 01:53:06.798071+00:00
4839,5717,,2026-04-22,2,0,0,2,2026-05-05 01:53:06.798071+00:00
4840,5595,,2026-04-12,1,0,0,1,2026-05-05 01:53:06.798071+00:00
4841,3710,,2025-06-09,1,0,0,1,2026-05-05 01:53:06.798071+00:00
4842,5596,,2026-04-25,4,0,3,1,2026-05-05 01:53:06.798071+00:00
4843,5610,,2025-01-17,2,0,0,2,2026-05-05 01:53:06.798071+00:00
4844,5596,,2025-06-24,2,0,0,2,2026-05-05 01:53:06.798071+00:00
4845,3710,,2026-03-18,2,0,0,2,2026-05-05 01:53:06.798071+00:00
4846,3579,,2026-02-20,1,0,0,1,2026-05-05 01:53:06.798071+00:00
4847,3608,,2026-04-29,4,0,0,4,2026-05-05 01:53:06.798071+00:00
4848,3367,,2026-04-22,44,4,0,40,2026-05-05 01:53:06.798071+00:00
4849,5596,,2026-03-19,1,0,0,1,2026-05-05 01:53:06.798071+00:00
4850,2985,,2025-05-16,1,0,0,1,2026-05-05 01:53:06.798071+00:00
4851,3609,,2026-04-20,8,4,0,4,2026-05-05 01:53:06.798071+00:00
4852,5595,,2025-05-09,1,0,0,1,2026-05-05 01:53:06.798071+00:00
4853,5591,,2026-04-26,4,0,0,4,2026-05-05 01:53:06.798071+00:00
4854,5610,,2026-04-17,2,0,0,2,2026-05-05 01:53:06.798071+00:00
4855,3710,,2025-02-03,1,0,0,1,2026-05-05 01:53:06.798071+00:00
4856,5611,,2026-01-27,1,1,0,0,2026-05-05 01:53:06.798071+00:00
4857,3209,,2026-04-14,1,0,0,1,2026-05-05 01:53:06.798071+00:00
4859,5607,,2026-04-28,12,8,0,4,2026-05-05 01:53:06.798071+00:00
4860,3550,,2026-04-16,1,0,0,1,2026-05-05 01:53:06.798071+00:00
4861,3710,,2026-04-27,186,30,28,128,2026-05-05 01:53:06.798071+00:00
4862,5593,,2025-07-08,1,0,0,1,2026-05-05 01:53:06.798071+00:00
4863,3710,,2026-04-25,18,0,0,18,2026-05-05 01:53:06.798071+00:00
4864,5607,,2025-09-21,1,1,0,0,2026-05-05 01:53:06.798071+00:00
4865,5595,,2026-04-20,2,0,0,2,2026-05-05 01:53:06.798071+00:00
4866,5607,,2026-04-17,4,0,0,4,2026-05-05 01:53:06.798071+00:00
4867,5595,,2026-03-17,1,0,0,1,2026-05-05 01:53:06.798071+00:00
4868,5596,,2025-03-05,1,0,0,1,2026-05-05 01:53:06.798071+00:00
4869,5646,,2025-06-08,1,0,0,1,2026-05-05 01:53:06.798071+00:00
4870,5592,,2026-01-27,1,0,0,1,2026-05-05 01:53:06.798071+00:00
4871,3710,,2026-02-26,1,0,0,1,2026-05-05 01:53:06.798071+00:00
4872,5592,,2026-04-17,2,0,2,0,2026-05-05 01:53:06.798071+00:00
4873,5716,,2026-04-21,2,1,0,1,2026-05-05 01:53:06.798071+00:00
4874,5593,,2026-04-29,1,0,0,1,2026-05-05 01:53:06.798071+00:00
4875,5596,,2025-07-24,1,0,1,0,2026-05-05 01:53:06.798071+00:00
4876,3367,,2026-03-10,1,0,0,1,2026-05-05 01:53:06.798071+00:00
4877,5715,,2026-04-30,16,0,0,16,2026-05-05 01:53:06.798071+00:00
4878,3367,,2026-04-21,62,10,6,46,2026-05-05 01:53:06.798071+00:00
4879,3710,,2026-04-30,84,16,15,53,2026-05-05 01:53:06.798071+00:00
4880,3669,,2026-02-02,1,0,0,1,2026-05-05 01:53:06.798071+00:00
4881,5597,,2026-04-28,4,0,0,4,2026-05-05 01:53:06.798071+00:00
4882,3367,,2026-04-26,31,8,0,23,2026-05-05 01:53:06.798071+00:00
4883,5718,,2026-05-01,5,0,0,5,2026-05-05 01:53:06.798071+00:00
4885,3209,,2025-03-19,1,0,0,1,2026-05-05 01:53:06.798071+00:00
4886,5596,,2025-07-26,2,0,1,1,2026-05-05 01:53:06.798071+00:00
4887,5591,,2025-05-28,1,1,0,0,2026-05-05 01:53:06.798071+00:00
4888,5713,,2025-06-19,1,1,0,0,2026-05-05 01:53:06.798071+00:00
4889,3710,,2026-01-29,3,0,0,3,2026-05-05 01:53:06.798071+00:00
4890,3710,,2025-08-20,1,0,0,1,2026-05-05 01:53:06.798071+00:00
4891,3669,,2026-03-15,1,0,0,1,2026-05-05 01:53:06.798071+00:00
4892,3367,,2026-04-16,26,5,0,21,2026-05-05 01:53:06.798071+00:00
4893,3710,,2026-04-21,40,8,8,24,2026-05-05 01:53:06.798071+00:00
4894,5592,,2026-04-30,8,4,0,4,2026-05-05 01:53:06.798071+00:00
4895,3719,,2025-04-15,1,1,0,0,2026-05-05 01:53:06.798071+00:00
4896,5595,,2026-04-17,2,2,0,0,2026-05-05 01:53:06.798071+00:00
4897,5607,,2026-04-23,8,0,2,6,2026-05-05 01:53:06.798071+00:00
4898,5595,,2025-05-25,4,2,0,2,2026-05-05 01:53:06.798071+00:00
4899,3719,,2025-12-04,1,0,0,1,2026-05-05 01:53:06.798071+00:00
4900,5592,,2026-04-16,2,0,0,2,2026-05-05 01:53:06.798071+00:00
4901,3710,,2026-04-26,35,8,0,27,2026-05-05 01:53:06.798071+00:00
4902,3710,,2025-01-08,1,0,0,1,2026-05-05 01:53:06.798071+00:00
4903,3367,,2026-02-04,2,0,0,2,2026-05-05 01:53:06.798071+00:00
4904,5717,,2026-05-02,15,5,5,5,2026-05-05 01:53:06.798071+00:00
4905,3367,,2025-11-28,1,0,0,1,2026-05-05 01:53:06.798071+00:00
4906,5596,,2026-04-28,7,0,0,7,2026-05-05 01:53:06.798071+00:00
4907,5717,,2025-06-12,1,0,0,1,2026-05-05 01:53:06.798071+00:00
4908,5716,,2025-01-24,1,0,0,1,2026-05-05 01:53:06.798071+00:00
4909,5614,,2026-01-02,1,0,0,1,2026-05-05 01:53:06.798071+00:00
4910,3609,,2026-04-15,5,2,0,3,2026-05-05 01:53:06.798071+00:00
4911,5713,,2026-04-29,4,0,0,4,2026-05-05 01:53:06.798071+00:00
4912,3608,,2026-04-28,12,0,4,8,2026-05-05 01:53:06.798071+00:00
4913,3367,,2025-09-10,1,0,0,1,2026-05-05 01:53:06.798071+00:00
4914,3710,,2025-10-05,1,1,0,0,2026-05-05 01:53:06.798071+00:00
4915,5608,,2025-01-18,1,1,0,0,2026-05-05 01:53:06.798071+00:00
4916,3209,,2026-05-01,4,0,0,4,2026-05-05 01:53:06.798071+00:00
4917,5596,,2025-07-29,4,3,0,1,2026-05-05 01:53:06.798071+00:00
4918,5718,,2026-04-07,1,1,0,0,2026-05-05 01:53:06.798071+00:00
4919,5714,,2026-03-26,1,0,0,1,2026-05-05 01:53:06.798071+00:00
4920,3710,,2026-04-29,133,39,20,74,2026-05-05 01:53:06.798071+00:00
4921,5717,,2026-02-23,1,0,0,1,2026-05-05 01:53:06.798071+00:00
4922,5591,,2025-12-04,1,0,0,1,2026-05-05 01:53:06.798071+00:00
4923,5599,,2026-04-19,2,0,0,2,2026-05-05 01:53:06.798071+00:00
4924,5614,,2025-01-29,1,0,0,1,2026-05-05 01:53:06.798071+00:00
4925,5595,,2026-04-14,1,1,0,0,2026-05-05 01:53:06.798071+00:00
4926,3367,,2026-04-27,138,39,1,98,2026-05-05 01:53:06.798071+00:00
4927,5717,,2025-04-13,1,0,0,1,2026-05-05 01:53:06.798071+00:00
4928,3579,,2026-02-02,1,0,0,1,2026-05-05 01:53:06.798071+00:00
4929,5604,,2025-08-02,1,0,0,1,2026-05-05 01:53:06.798071+00:00
4930,5595,,2026-01-26,1,0,0,1,2026-05-05 01:53:06.798071+00:00
4931,3016,,2026-01-17,1,0,0,1,2026-05-05 01:53:06.798071+00:00
4932,3367,,2025-11-20,1,0,0,1,2026-05-05 01:53:06.798071+00:00
4933,3367,,2026-02-10,1,0,0,1,2026-05-05 01:53:06.798071+00:00
4934,3719,,2026-01-26,1,0,0,1,2026-05-05 01:53:06.798071+00:00
4935,2985,,2025-12-17,1,0,0,1,2026-05-05 01:53:06.798071+00:00
4936,5592,,2026-01-30,1,0,1,0,2026-05-05 01:53:06.798071+00:00
4937,3609,,2026-04-18,1,0,0,1,2026-05-05 01:53:06.798071+00:00
4938,5595,,2026-05-02,5,0,0,5,2026-05-05 01:53:06.798071+00:00
4939,3710,,2025-07-30,1,1,0,0,2026-05-05 01:53:06.798071+00:00
4940,5718,,2025-12-28,1,0,0,1,2026-05-05 01:53:06.798071+00:00
4941,5591,,2025-12-02,1,0,0,1,2026-05-05 01:53:06.798071+00:00
4942,5643,,2026-02-09,1,0,0,1,2026-05-05 01:53:06.798071+00:00
4943,3068,,2025-06-10,1,0,0,1,2026-05-05 01:53:06.798071+00:00
4944,5593,,2026-04-15,1,1,0,0,2026-05-05 01:53:06.798071+00:00
4945,5717,,2026-04-30,36,8,4,24,2026-05-05 01:53:06.798071+00:00
4946,5717,,2025-07-23,1,0,0,1,2026-05-05 01:53:06.798071+00:00
4947,5609,,2026-04-24,4,2,0,2,2026-05-05 01:53:06.798071+00:00
4948,5717,,2026-03-18,2,0,0,2,2026-05-05 01:53:06.798071+00:00
4949,5716,,2025-04-10,1,0,0,1,2026-05-05 01:53:06.798071+00:00
4950,5597,,2025-05-01,1,0,0,1,2026-05-05 01:53:06.798071+00:00
4951,5596,,2025-03-17,1,0,0,1,2026-05-05 01:53:06.798071+00:00
4952,3367,,2026-01-29,2,1,0,1,2026-05-05 01:53:06.798071+00:00
4953,3367,,2026-01-28,2,0,0,2,2026-05-05 01:53:06.798071+00:00
4954,5591,,2026-05-01,13,5,0,8,2026-05-05 01:53:06.798071+00:00
4955,5596,,2025-07-25,2,0,0,2,2026-05-05 01:53:06.798071+00:00
4956,5591,,2025-05-24,1,0,1,0,2026-05-05 01:53:06.798071+00:00
4957,5717,,2026-04-15,4,1,0,3,2026-05-05 01:53:06.798071+00:00
4958,5718,,2026-02-27,1,1,0,0,2026-05-05 01:53:06.798071+00:00
4959,5596,,2025-05-12,4,1,0,3,2026-05-05 01:53:06.798071+00:00
4960,3710,,2026-03-06,1,0,0,1,2026-05-05 01:53:06.798071+00:00
4961,5713,,2025-11-22,1,0,0,1,2026-05-05 01:53:06.798071+00:00
4962,5646,,2026-04-16,1,0,0,1,2026-05-05 01:53:06.798071+00:00
4963,5718,,2026-03-18,1,0,0,1,2026-05-05 01:53:06.798071+00:00
4964,5595,,2026-02-10,1,0,0,1,2026-05-05 01:53:06.798071+00:00
4965,3669,,2026-03-26,2,0,0,2,2026-05-05 01:53:06.798071+00:00
4966,3367,,2025-10-14,1,0,0,1,2026-05-05 01:53:06.798071+00:00
4967,5714,,2026-03-23,1,0,0,1,2026-05-05 01:53:06.798071+00:00
4968,3367,,2025-07-17,1,0,1,0,2026-05-05 01:53:06.798071+00:00
4969,5604,,2026-01-15,1,0,0,1,2026-05-05 01:53:06.798071+00:00
4970,2985,,2026-04-21,4,2,0,2,2026-05-05 01:53:06.798071+00:00
4971,5717,,2026-04-18,6,0,0,6,2026-05-05 01:53:06.798071+00:00
4972,5593,,2025-11-20,1,1,0,0,2026-05-05 01:53:06.798071+00:00
4973,3367,,2026-04-01,2,0,0,2,2026-05-05 01:53:06.798071+00:00
4974,5593,,2025-11-26,1,0,0,1,2026-05-05 01:53:06.798071+00:00
4975,5718,,2026-02-25,1,0,0,1,2026-05-05 01:53:06.798071+00:00
4976,5715,,2025-09-05,1,0,0,1,2026-05-05 01:53:06.798071+00:00
4977,5718,,2026-04-18,7,2,0,5,2026-05-05 01:53:06.798071+00:00
4978,5611,,2025-09-29,1,0,0,1,2026-05-05 01:53:06.798071+00:00
4979,3209,,2026-04-30,12,4,0,8,2026-05-05 01:53:06.798071+00:00
4980,3068,,2025-07-10,1,0,0,1,2026-05-05 01:53:06.798071+00:00
4981,5646,,2025-06-12,1,0,0,1,2026-05-05 01:53:06.798071+00:00
4982,5596,,2025-11-07,1,1,0,0,2026-05-05 01:53:06.798071+00:00
4983,3450,,2025-05-20,1,1,0,0,2026-05-05 01:53:06.798071+00:00
4985,5607,,2025-08-16,1,0,1,0,2026-05-05 01:53:06.798071+00:00
4986,5718,,2026-04-23,1,1,0,0,2026-05-05 01:53:06.798071+00:00
4987,3068,,2025-06-19,1,1,0,0,2026-05-05 01:53:06.798071+00:00
4988,3367,,2025-10-10,1,0,0,1,2026-05-05 01:53:06.798071+00:00
4989,3710,,2025-07-31,1,1,0,0,2026-05-05 01:53:06.798071+00:00
4990,3710,,2026-02-28,1,0,0,1,2026-05-05 01:53:06.798071+00:00
4992,5597,,2025-01-29,2,0,0,2,2026-05-05 01:53:06.798071+00:00
4993,5646,,2026-04-28,4,0,0,4,2026-05-05 01:53:06.798071+00:00
4994,3550,,2026-04-30,4,0,0,4,2026-05-05 01:53:06.798071+00:00
4996,3367,,2026-02-06,1,0,0,1,2026-05-05 01:53:06.798071+00:00
4998,3209,,2026-04-24,2,0,0,2,2026-05-05 01:53:06.798071+00:00
4999,5595,,2026-04-15,5,1,0,4,2026-05-05 01:53:06.798071+00:00
5000,5607,,2026-02-11,1,0,0,1,2026-05-05 01:53:06.798071+00:00
5001,5595,,2025-07-29,1,0,0,1,2026-05-05 01:53:06.798071+00:00
5002,5595,,2025-05-05,1,1,0,0,2026-05-05 01:53:06.798071+00:00
5003,5715,,2025-04-12,1,0,0,1,2026-05-05 01:53:06.798071+00:00
5004,5593,,2025-11-19,1,0,0,1,2026-05-05 01:53:06.798071+00:00
5005,3719,,2026-04-26,4,0,0,4,2026-05-05 01:53:06.798071+00:00
5006,5714,,2026-03-13,1,0,0,1,2026-05-05 01:53:06.798071+00:00
5007,5648,,2025-02-12,1,1,0,0,2026-05-05 01:53:06.798071+00:00
5008,3710,,2026-04-19,2,0,0,2,2026-05-05 01:53:06.798071+00:00
5009,5718,,2025-05-22,1,1,0,0,2026-05-05 01:53:06.798071+00:00
5010,3710,,2026-05-01,24,0,4,20,2026-05-05 01:53:06.798071+00:00
5011,5719,,2026-04-27,3,0,0,3,2026-05-05 01:53:06.798071+00:00
5012,5595,,2025-09-04,1,0,0,1,2026-05-05 01:53:06.798071+00:00
5013,3579,,2025-04-01,1,1,0,0,2026-05-05 01:53:06.798071+00:00
5014,5596,,2025-03-18,1,0,0,1,2026-05-05 01:53:06.798071+00:00
5015,5610,,2025-06-15,1,0,0,1,2026-05-05 01:53:06.798071+00:00
5016,3710,,2025-03-18,1,0,0,1,2026-05-05 01:53:06.798071+00:00
5017,5595,,2025-01-05,1,0,0,1,2026-05-05 01:53:06.798071+00:00
5018,3669,,2026-04-23,2,0,0,2,2026-05-05 01:53:06.798071+00:00
5019,3669,,2026-04-15,1,0,0,1,2026-05-05 01:53:06.798071+00:00
5020,5595,,2025-11-20,4,1,0,3,2026-05-05 01:53:06.798071+00:00
5021,3367,,2026-01-17,1,0,0,1,2026-05-05 01:53:06.798071+00:00
5022,3367,,2025-08-05,1,0,0,1,2026-05-05 01:53:06.798071+00:00
5023,5648,,2026-04-19,2,0,0,2,2026-05-05 01:53:06.798071+00:00
5024,5595,,2025-11-25,2,0,0,2,2026-05-05 01:53:06.798071+00:00
5025,3016,,2026-04-01,1,0,0,1,2026-05-05 01:53:06.798071+00:00
5026,3068,,2026-04-01,1,0,0,1,2026-05-05 01:53:06.798071+00:00
5027,5715,,2026-04-28,20,0,4,16,2026-05-05 01:53:06.798071+00:00
5028,3316,,2026-02-06,1,0,0,1,2026-05-05 01:53:06.798071+00:00
5029,3488,,2026-03-15,1,0,0,1,2026-05-05 01:53:06.798071+00:00
5030,5717,,2025-04-12,1,0,0,1,2026-05-05 01:53:06.798071+00:00
5031,5718,,2026-02-01,1,0,0,1,2026-05-05 01:53:06.798071+00:00
5032,5591,,2026-04-22,2,0,0,2,2026-05-05 01:53:06.798071+00:00
9579,8494,4,2026-05-04,1,0,0,1,2026-05-05 14:40:53.781412+00:00
9580,5717,3,2026-05-04,1,0,0,1,2026-05-05 14:40:53.781412+00:00
9581,3609,3,2026-05-04,1,0,0,1,2026-05-05 14:40:53.781412+00:00
9582,5717,4,2026-05-04,3,0,1,2,2026-05-05 14:40:53.781412+00:00
9583,4044,2,2026-05-04,8,0,0,8,2026-05-05 14:40:53.781412+00:00
9584,5604,2,2026-05-04,8,0,0,8,2026-05-05 14:40:53.781412+00:00
9585,9401,3,2026-05-04,1,0,0,1,2026-05-05 14:40:53.781412+00:00
9586,3579,3,2026-05-04,1,0,0,1,2026-05-05 14:40:53.781412+00:00
9587,5601,4,2026-05-04,2,0,0,2,2026-05-05 14:40:53.781412+00:00
9588,5713,2,2026-05-04,3,0,0,3,2026-05-05 14:40:53.781412+00:00
9589,5718,3,2026-05-04,1,0,0,1,2026-05-05 14:40:53.781412+00:00
9590,5601,2,2026-05-04,7,0,0,7,2026-05-05 14:40:53.781412+00:00
9591,5624,4,2026-05-04,1,0,0,1,2026-05-05 14:40:53.781412+00:00
9592,3068,2,2026-05-04,22,0,3,19,2026-05-05 14:40:53.781412+00:00
9593,3764,2,2026-05-04,7,0,0,7,2026-05-05 14:40:53.781412+00:00
9594,3579,2,2026-05-04,7,0,0,7,2026-05-05 14:40:53.781412+00:00
9595,3367,2,2026-05-04,616,106,40,470,2026-05-05 14:40:53.781412+00:00
9596,5604,4,2026-05-04,1,0,0,1,2026-05-05 14:40:53.781412+00:00
9597,5718,2,2026-05-04,3,0,0,3,2026-05-05 14:40:53.781412+00:00
9598,5604,3,2026-05-04,1,0,0,1,2026-05-05 14:40:53.781412+00:00
9599,3710,4,2026-05-04,2,0,0,2,2026-05-05 14:40:53.781412+00:00
9600,3554,2,2026-05-04,7,7,0,0,2026-05-05 14:40:53.781412+00:00
9601,5631,2,2026-05-04,5,0,0,5,2026-05-05 14:40:53.781412+00:00
9602,3331,3,2026-05-04,1,0,0,1,2026-05-05 14:40:53.781412+00:00
9603,3209,4,2026-05-04,1,1,0,0,2026-05-05 14:40:53.781412+00:00
9604,3126,2,2026-05-04,7,0,0,7,2026-05-05 14:40:53.781412+00:00
9605,5607,2,2026-05-04,59,0,0,59,2026-05-05 14:40:53.781412+00:00
9606,5715,2,2026-05-04,8,0,0,8,2026-05-05 14:40:53.781412+00:00
9607,5646,2,2026-05-04,8,0,0,8,2026-05-05 14:40:53.781412+00:00
9608,4013,2,2026-05-04,7,0,0,7,2026-05-05 14:40:53.781412+00:00
9609,3327,2,2026-05-04,8,8,0,0,2026-05-05 14:40:53.781412+00:00
9610,3441,2,2026-05-04,5,0,0,5,2026-05-05 14:40:53.781412+00:00
9611,3051,2,2026-05-04,7,0,0,7,2026-05-05 14:40:53.781412+00:00
9612,3556,2,2026-05-04,1,0,0,1,2026-05-05 14:40:53.781412+00:00
9613,5592,2,2026-05-04,7,0,0,7,2026-05-05 14:40:53.781412+00:00
9614,3550,2,2026-05-04,9,6,0,3,2026-05-05 14:40:53.781412+00:00
9615,5719,3,2026-05-04,1,0,0,1,2026-05-05 14:40:53.781412+00:00
9616,2988,2,2026-05-04,8,0,0,8,2026-05-05 14:40:53.781412+00:00
9617,4516,2,2026-05-04,15,7,0,8,2026-05-05 14:40:53.781412+00:00
9618,4530,3,2026-05-04,1,0,0,1,2026-05-05 14:40:53.781412+00:00
9619,5466,2,2026-05-04,7,7,0,0,2026-05-05 14:40:53.781412+00:00
9620,5719,2,2026-05-04,17,0,0,17,2026-05-05 14:40:53.781412+00:00
9621,5596,2,2026-05-04,8,8,0,0,2026-05-05 14:40:53.781412+00:00
9622,8494,3,2026-05-04,1,0,0,1,2026-05-05 14:40:53.781412+00:00
9623,3367,3,2026-05-04,3,0,0,3,2026-05-05 14:40:53.781412+00:00
9624,3710,2,2026-05-04,357,78,59,220,2026-05-05 14:40:53.781412+00:00
9625,3719,4,2026-05-04,1,0,0,1,2026-05-05 14:40:53.781412+00:00
9626,3367,4,2026-05-04,2,0,0,2,2026-05-05 14:40:53.781412+00:00
9627,3213,2,2026-05-04,9,0,0,9,2026-05-05 14:40:53.781412+00:00
9628,4677,2,2026-05-04,7,0,0,7,2026-05-05 14:40:53.781412+00:00
9629,5717,2,2026-05-04,44,6,10,28,2026-05-05 14:40:53.781412+00:00
9630,5608,3,2026-05-04,1,0,0,1,2026-05-05 14:40:53.781412+00:00
9631,3609,4,2026-05-04,1,0,0,1,2026-05-05 14:40:53.781412+00:00
9632,5714,2,2026-05-04,3,0,0,3,2026-05-05 14:40:53.781412+00:00
9633,5593,4,2026-05-04,2,1,0,1,2026-05-05 14:40:53.781412+00:00
9634,3209,2,2026-05-04,79,8,8,63,2026-05-05 14:40:53.781412+00:00
9635,3719,2,2026-05-04,27,7,6,14,2026-05-05 14:40:53.781412+00:00
9636,3758,2,2026-05-04,15,0,0,15,2026-05-05 14:40:53.781412+00:00
9637,3404,4,2026-05-04,1,0,0,1,2026-05-05 14:40:53.781412+00:00
9638,5656,2,2026-05-04,3,0,0,3,2026-05-05 14:40:53.781412+00:00
9639,3734,4,2026-05-04,1,0,0,1,2026-05-05 14:40:53.781412+00:00
9640,3734,3,2026-05-04,1,0,0,1,2026-05-05 14:40:53.781412+00:00
9641,10736,3,2026-05-04,1,0,0,1,2026-05-05 14:40:53.781412+00:00
9642,5595,3,2026-05-04,2,0,0,2,2026-05-05 14:40:53.781412+00:00
9643,5596,3,2026-05-04,1,0,0,1,2026-05-05 14:40:53.781412+00:00
9644,3710,3,2026-05-04,3,1,0,2,2026-05-05 14:40:53.781412+00:00
9645,4394,3,2026-05-04,1,0,1,0,2026-05-05 14:40:53.781412+00:00
9646,4805,2,2026-05-04,8,0,0,8,2026-05-05 14:40:53.781412+00:00
9647,13722,3,2026-05-04,1,0,0,1,2026-05-05 14:40:53.781412+00:00
9648,3609,2,2026-05-04,38,3,0,35,2026-05-05 14:40:53.781412+00:00
9649,3556,3,2026-05-04,1,0,0,1,2026-05-05 14:40:53.781412+00:00
9650,5634,2,2026-05-04,8,0,0,8,2026-05-05 14:40:53.781412+00:00
9651,3719,3,2026-05-04,3,1,0,2,2026-05-05 14:40:53.781412+00:00
9652,3068,3,2026-05-04,1,0,0,1,2026-05-05 14:40:53.781412+00:00
9653,5593,3,2026-05-04,1,0,0,1,2026-05-05 14:40:53.781412+00:00
9654,2985,3,2026-05-04,1,0,0,1,2026-05-05 14:40:53.781412+00:00
9655,5719,4,2026-05-04,1,0,1,0,2026-05-05 14:40:53.781412+00:00
9656,5284,2,2026-05-04,8,0,0,8,2026-05-05 14:40:53.781412+00:00
9657,3213,,2026-05-04,9,0,0,9,2026-05-05 14:40:53.781412+00:00
9658,4044,,2026-05-04,8,0,0,8,2026-05-05 14:40:53.781412+00:00
9659,3550,,2026-05-04,9,6,0,3,2026-05-05 14:40:53.781412+00:00
9660,5595,,2026-05-04,2,0,0,2,2026-05-05 14:40:53.781412+00:00
9661,5593,,2026-05-04,3,1,0,2,2026-05-05 14:40:53.781412+00:00
9662,5601,,2026-05-04,9,0,0,9,2026-05-05 14:40:53.781412+00:00
9663,3051,,2026-05-04,7,0,0,7,2026-05-05 14:40:53.781412+00:00
9664,5466,,2026-05-04,7,7,0,0,2026-05-05 14:40:53.781412+00:00
9665,4677,,2026-05-04,7,0,0,7,2026-05-05 14:40:53.781412+00:00
9666,5646,,2026-05-04,8,0,0,8,2026-05-05 14:40:53.781412+00:00
9667,3327,,2026-05-04,8,8,0,0,2026-05-05 14:40:53.781412+00:00
9668,5604,,2026-05-04,10,0,0,10,2026-05-05 14:40:53.781412+00:00
9669,5719,,2026-05-04,19,0,1,18,2026-05-05 14:40:53.781412+00:00
9670,3764,,2026-05-04,7,0,0,7,2026-05-05 14:40:53.781412+00:00
9671,5715,,2026-05-04,8,0,0,8,2026-05-05 14:40:53.781412+00:00
9672,3126,,2026-05-04,7,0,0,7,2026-05-05 14:40:53.781412+00:00
9673,3068,,2026-05-04,23,0,3,20,2026-05-05 14:40:53.781412+00:00
9674,3556,,2026-05-04,2,0,0,2,2026-05-05 14:40:53.781412+00:00
9675,4516,,2026-05-04,15,7,0,8,2026-05-05 14:40:53.781412+00:00
9676,5718,,2026-05-04,4,0,0,4,2026-05-05 14:40:53.781412+00:00
9677,4394,,2026-05-04,1,0,1,0,2026-05-05 14:40:53.781412+00:00
9678,5607,,2026-05-04,59,0,0,59,2026-05-05 14:40:53.781412+00:00
9679,10736,,2026-05-04,1,0,0,1,2026-05-05 14:40:53.781412+00:00
9680,5624,,2026-05-04,1,0,0,1,2026-05-05 14:40:53.781412+00:00
9681,3331,,2026-05-04,1,0,0,1,2026-05-05 14:40:53.781412+00:00
9682,3579,,2026-05-04,8,0,0,8,2026-05-05 14:40:53.781412+00:00
9683,2985,,2026-05-04,1,0,0,1,2026-05-05 14:40:53.781412+00:00
9684,3404,,2026-05-04,1,0,0,1,2026-05-05 14:40:53.781412+00:00
9685,5592,,2026-05-04,7,0,0,7,2026-05-05 14:40:53.781412+00:00
9686,3209,,2026-05-04,80,9,8,63,2026-05-05 14:40:53.781412+00:00
9687,3609,,2026-05-04,40,3,0,37,2026-05-05 14:40:53.781412+00:00
9688,3367,,2026-05-04,621,106,40,475,2026-05-05 14:40:53.781412+00:00
9689,5634,,2026-05-04,8,0,0,8,2026-05-05 14:40:53.781412+00:00
9690,3758,,2026-05-04,15,0,0,15,2026-05-05 14:40:53.781412+00:00
9691,3441,,2026-05-04,5,0,0,5,2026-05-05 14:40:53.781412+00:00
9692,4530,,2026-05-04,1,0,0,1,2026-05-05 14:40:53.781412+00:00
9693,5713,,2026-05-04,3,0,0,3,2026-05-05 14:40:53.781412+00:00
9694,3710,,2026-05-04,362,79,59,224,2026-05-05 14:40:53.781412+00:00
9695,5284,,2026-05-04,8,0,0,8,2026-05-05 14:40:53.781412+00:00
9696,5656,,2026-05-04,3,0,0,3,2026-05-05 14:40:53.781412+00:00
9697,8494,,2026-05-04,2,0,0,2,2026-05-05 14:40:53.781412+00:00
9698,13722,,2026-05-04,1,0,0,1,2026-05-05 14:40:53.781412+00:00
9699,5714,,2026-05-04,3,0,0,3,2026-05-05 14:40:53.781412+00:00
9700,4805,,2026-05-04,8,0,0,8,2026-05-05 14:40:53.781412+00:00
9701,5717,,2026-05-04,48,6,11,31,2026-05-05 14:40:53.781412+00:00
9702,5596,,2026-05-04,9,8,0,1,2026-05-05 14:40:53.781412+00:00
9703,2988,,2026-05-04,8,0,0,8,2026-05-05 14:40:53.781412+00:00
9704,3554,,2026-05-04,7,7,0,0,2026-05-05 14:40:53.781412+00:00
9705,4013,,2026-05-04,7,0,0,7,2026-05-05 14:40:53.781412+00:00
9706,9401,,2026-05-04,1,0,0,1,2026-05-05 14:40:53.781412+00:00
9707,5608,,2026-05-04,1,0,0,1,2026-05-05 14:40:53.781412+00:00
9708,3719,,2026-05-04,31,8,6,17,2026-05-05 14:40:53.781412+00:00
9709,5631,,2026-05-04,5,0,0,5,2026-05-05 14:40:53.781412+00:00
9710,3734,,2026-05-04,2,0,0,2,2026-05-05 14:40:53.781412+00:00
11745,3214,2,2026-05-06,1,0,0,1,2026-05-05 20:19:08.941963+00:00
11746,3291,2,2026-05-06,1,0,0,1,2026-05-05 20:19:08.941963+00:00
11747,3367,2,2026-05-06,7,4,0,3,2026-05-05 20:19:08.941963+00:00
11748,3554,2,2026-05-06,1,0,0,1,2026-05-05 20:19:08.941963+00:00
11749,3579,2,2026-05-06,1,0,0,1,2026-05-05 20:19:08.941963+00:00
11750,3710,2,2026-05-06,9,3,0,6,2026-05-05 20:19:08.941963+00:00
11751,5066,2,2026-05-06,2,0,0,2,2026-05-05 20:19:08.941963+00:00
11752,5607,2,2026-05-06,5,2,0,3,2026-05-05 20:19:08.941963+00:00
11753,5608,2,2026-05-06,2,1,0,1,2026-05-05 20:19:08.941963+00:00
11754,5646,2,2026-05-06,1,0,0,1,2026-05-05 20:19:08.941963+00:00
11755,5719,2,2026-05-06,4,1,0,3,2026-05-05 20:19:08.941963+00:00
11756,3214,,2026-05-06,1,0,0,1,2026-05-05 20:19:08.941963+00:00
11757,3291,,2026-05-06,1,0,0,1,2026-05-05 20:19:08.941963+00:00
11758,3367,,2026-05-06,7,4,0,3,2026-05-05 20:19:08.941963+00:00
11759,3554,,2026-05-06,1,0,0,1,2026-05-05 20:19:08.941963+00:00
11760,3579,,2026-05-06,1,0,0,1,2026-05-05 20:19:08.941963+00:00
11761,3710,,2026-05-06,9,3,0,6,2026-05-05 20:19:08.941963+00:00
11762,5066,,2026-05-06,2,0,0,2,2026-05-05 20:19:08.941963+00:00
11763,5607,,2026-05-06,5,2,0,3,2026-05-05 20:19:08.941963+00:00
11764,5608,,2026-05-06,2,1,0,1,2026-05-05 20:19:08.941963+00:00
11765,5646,,2026-05-06,1,0,0,1,2026-05-05 20:19:08.941963+00:00
11766,5719,,2026-05-06,4,1,0,3,2026-05-05 20:19:08.941963+00:00
11767,11870,5,2026-05-05,1,0,0,1,2026-05-05 20:19:08.941963+00:00
11768,8492,5,2026-05-05,1,0,0,1,2026-05-05 20:19:08.941963+00:00
11769,5634,3,2026-05-05,1,0,0,1,2026-05-05 20:19:08.941963+00:00
11770,3367,6,2026-05-05,2,0,0,2,2026-05-05 20:19:08.941963+00:00
11771,5607,6,2026-05-05,4,1,0,3,2026-05-05 20:19:08.941963+00:00
11772,5066,2,2026-05-05,3,0,0,3,2026-05-05 20:19:08.941963+00:00
11773,4267,5,2026-05-05,1,0,0,1,2026-05-05 20:19:08.941963+00:00
11774,8684,5,2026-05-05,2,0,0,2,2026-05-05 20:19:08.941963+00:00
11775,5594,3,2026-05-05,1,1,0,0,2026-05-05 20:19:08.941963+00:00
11776,5719,2,2026-05-05,15,1,0,14,2026-05-05 20:19:08.941963+00:00
11777,5597,5,2026-05-05,3,1,0,2,2026-05-05 20:19:08.941963+00:00
11778,2947,5,2026-05-05,1,0,0,1,2026-05-05 20:19:08.941963+00:00
11779,3962,5,2026-05-05,1,0,0,1,2026-05-05 20:19:08.941963+00:00
11780,5591,5,2026-05-05,11,3,0,8,2026-05-05 20:19:08.941963+00:00
11781,3710,2,2026-05-05,79,8,15,56,2026-05-05 20:19:08.941963+00:00
11782,4394,2,2026-05-05,5,0,0,5,2026-05-05 20:19:08.941963+00:00
11783,3609,5,2026-05-05,3,1,0,2,2026-05-05 20:19:08.941963+00:00
11784,5609,6,2026-05-05,1,0,0,1,2026-05-05 20:19:08.941963+00:00
11785,8743,5,2026-05-05,1,0,0,1,2026-05-05 20:19:08.941963+00:00
11786,9401,5,2026-05-05,1,0,0,1,2026-05-05 20:19:08.941963+00:00
11787,5353,5,2026-05-05,1,0,0,1,2026-05-05 20:19:08.941963+00:00
11788,3213,2,2026-05-05,6,0,0,6,2026-05-05 20:19:08.941963+00:00
11789,8494,5,2026-05-05,1,0,0,1,2026-05-05 20:19:08.941963+00:00
11790,10883,5,2026-05-05,1,0,0,1,2026-05-05 20:19:08.941963+00:00
11791,5608,5,2026-05-05,6,2,0,4,2026-05-05 20:19:08.941963+00:00
11792,11241,5,2026-05-05,1,0,0,1,2026-05-05 20:19:08.941963+00:00
11793,5618,5,2026-05-05,1,0,0,1,2026-05-05 20:19:08.941963+00:00
11794,3732,5,2026-05-05,1,0,0,1,2026-05-05 20:19:08.941963+00:00
11795,3291,2,2026-05-05,3,0,0,3,2026-05-05 20:19:08.941963+00:00
11796,3382,5,2026-05-05,1,0,0,1,2026-05-05 20:19:08.941963+00:00
11797,4601,5,2026-05-05,1,0,0,1,2026-05-05 20:19:08.941963+00:00
11798,2988,5,2026-05-05,1,0,0,1,2026-05-05 20:19:08.941963+00:00
11799,4530,2,2026-05-05,6,6,0,0,2026-05-05 20:19:08.941963+00:00
11800,3371,5,2026-05-05,1,0,0,1,2026-05-05 20:19:08.941963+00:00
11801,3209,2,2026-05-05,3,0,0,3,2026-05-05 20:19:08.941963+00:00
11802,5608,6,2026-05-05,3,0,0,3,2026-05-05 20:19:08.941963+00:00
11803,5604,6,2026-05-05,2,0,0,2,2026-05-05 20:19:08.941963+00:00
11804,5595,2,2026-05-05,3,0,0,3,2026-05-05 20:19:08.941963+00:00
11805,3068,2,2026-05-05,6,0,0,6,2026-05-05 20:19:08.941963+00:00
11806,3074,5,2026-05-05,1,0,0,1,2026-05-05 20:19:08.941963+00:00
11807,3214,2,2026-05-05,3,0,0,3,2026-05-05 20:19:08.941963+00:00
11808,3579,2,2026-05-05,3,0,0,3,2026-05-05 20:19:08.941963+00:00
11809,2964,5,2026-05-05,1,0,0,1,2026-05-05 20:19:08.941963+00:00
11810,3367,2,2026-05-05,51,8,0,43,2026-05-05 20:19:08.941963+00:00
11811,3719,2,2026-05-05,6,0,0,6,2026-05-05 20:19:08.941963+00:00
11812,9268,6,2026-05-05,1,0,0,1,2026-05-05 20:19:08.941963+00:00
11813,5604,5,2026-05-05,1,0,0,1,2026-05-05 20:19:08.941963+00:00
11814,3556,5,2026-05-05,8,1,0,7,2026-05-05 20:19:08.941963+00:00
11815,3292,5,2026-05-05,1,0,0,1,2026-05-05 20:19:08.941963+00:00
11816,4496,5,2026-05-05,1,0,0,1,2026-05-05 20:19:08.941963+00:00
11817,9948,5,2026-05-05,1,0,0,1,2026-05-05 20:19:08.941963+00:00
11818,3367,5,2026-05-05,79,16,0,63,2026-05-05 20:19:08.941963+00:00
11819,3051,5,2026-05-05,3,0,0,3,2026-05-05 20:19:08.941963+00:00
11820,5595,6,2026-05-05,1,1,0,0,2026-05-05 20:19:08.941963+00:00
11821,5619,6,2026-05-05,1,1,0,0,2026-05-05 20:19:08.941963+00:00
11822,3710,6,2026-05-05,2,0,0,2,2026-05-05 20:19:08.941963+00:00
11823,5596,6,2026-05-05,1,0,0,1,2026-05-05 20:19:08.941963+00:00
11824,3200,5,2026-05-05,1,0,0,1,2026-05-05 20:19:08.941963+00:00
11825,5607,5,2026-05-05,3,0,0,3,2026-05-05 20:19:08.941963+00:00
11826,11906,5,2026-05-05,1,0,0,1,2026-05-05 20:19:08.941963+00:00
11827,14503,5,2026-05-05,1,0,0,1,2026-05-05 20:19:08.941963+00:00
11828,3271,5,2026-05-05,1,0,0,1,2026-05-05 20:19:08.941963+00:00
11829,5656,5,2026-05-05,1,0,0,1,2026-05-05 20:19:08.941963+00:00
11830,2999,5,2026-05-05,1,0,0,1,2026-05-05 20:19:08.941963+00:00
11831,2990,5,2026-05-05,1,0,0,1,2026-05-05 20:19:08.941963+00:00
11832,4680,5,2026-05-05,1,0,0,1,2026-05-05 20:19:08.941963+00:00
11833,3719,5,2026-05-05,6,1,1,4,2026-05-05 20:19:08.941963+00:00
11834,3425,5,2026-05-05,3,1,0,2,2026-05-05 20:19:08.941963+00:00
11835,5719,6,2026-05-05,8,3,0,5,2026-05-05 20:19:08.941963+00:00
11836,9125,5,2026-05-05,1,0,0,1,2026-05-05 20:19:08.941963+00:00
11837,5607,2,2026-05-05,18,8,0,10,2026-05-05 20:19:08.941963+00:00
11838,4677,5,2026-05-05,1,0,0,1,2026-05-05 20:19:08.941963+00:00
11839,5646,2,2026-05-05,5,0,0,5,2026-05-05 20:19:08.941963+00:00
11840,5601,6,2026-05-05,2,0,0,2,2026-05-05 20:19:08.941963+00:00
11841,5092,5,2026-05-05,1,0,1,0,2026-05-05 20:19:08.941963+00:00
11842,5591,2,2026-05-05,12,0,0,12,2026-05-05 20:19:08.941963+00:00
11843,2985,5,2026-05-05,1,0,0,1,2026-05-05 20:19:08.941963+00:00
11844,3036,5,2026-05-05,1,0,1,0,2026-05-05 20:19:08.941963+00:00
11845,4434,5,2026-05-05,1,0,0,1,2026-05-05 20:19:08.941963+00:00
11846,3640,6,2026-05-05,1,0,0,1,2026-05-05 20:19:08.941963+00:00
11847,5719,5,2026-05-05,2,0,0,2,2026-05-05 20:19:08.941963+00:00
11848,3653,5,2026-05-05,1,0,0,1,2026-05-05 20:19:08.941963+00:00
11849,3556,2,2026-05-05,5,0,0,5,2026-05-05 20:19:08.941963+00:00
11850,5302,5,2026-05-05,1,0,0,1,2026-05-05 20:19:08.941963+00:00
11851,5302,2,2026-05-05,2,2,0,0,2026-05-05 20:19:08.941963+00:00
11852,3996,5,2026-05-05,1,0,0,1,2026-05-05 20:19:08.941963+00:00
11853,3016,5,2026-05-05,1,0,0,1,2026-05-05 20:19:08.941963+00:00
11854,5593,6,2026-05-05,1,0,0,1,2026-05-05 20:19:08.941963+00:00
11855,3209,5,2026-05-05,20,3,1,16,2026-05-05 20:19:08.941963+00:00
11856,5608,2,2026-05-05,17,4,0,13,2026-05-05 20:19:08.941963+00:00
11857,5594,6,2026-05-05,2,0,0,2,2026-05-05 20:19:08.941963+00:00
11858,3316,5,2026-05-05,1,0,0,1,2026-05-05 20:19:08.941963+00:00
11859,3035,5,2026-05-05,1,0,0,1,2026-05-05 20:19:08.941963+00:00
11860,3646,5,2026-05-05,1,0,0,1,2026-05-05 20:19:08.941963+00:00
11861,5466,5,2026-05-05,4,0,0,4,2026-05-05 20:19:08.941963+00:00
11862,3734,5,2026-05-05,3,0,0,3,2026-05-05 20:19:08.941963+00:00
11863,5619,5,2026-05-05,1,0,0,1,2026-05-05 20:19:08.941963+00:00
11864,3475,2,2026-05-05,6,6,0,0,2026-05-05 20:19:08.941963+00:00
11865,3710,5,2026-05-05,64,6,3,55,2026-05-05 20:19:08.941963+00:00
11866,4394,5,2026-05-05,8,1,0,7,2026-05-05 20:19:08.941963+00:00
11867,4761,5,2026-05-05,2,0,0,2,2026-05-05 20:19:08.941963+00:00
11868,3371,,2026-05-05,1,0,0,1,2026-05-05 20:19:08.941963+00:00
11869,14503,,2026-05-05,1,0,0,1,2026-05-05 20:19:08.941963+00:00
11870,3213,,2026-05-05,6,0,0,6,2026-05-05 20:19:08.941963+00:00
11871,3200,,2026-05-05,1,0,0,1,2026-05-05 20:19:08.941963+00:00
11872,5353,,2026-05-05,1,0,0,1,2026-05-05 20:19:08.941963+00:00
11873,5595,,2026-05-05,4,1,0,3,2026-05-05 20:19:08.941963+00:00
11874,5593,,2026-05-05,1,0,0,1,2026-05-05 20:19:08.941963+00:00
11875,5601,,2026-05-05,2,0,0,2,2026-05-05 20:19:08.941963+00:00
11876,3051,,2026-05-05,3,0,0,3,2026-05-05 20:19:08.941963+00:00
11877,4267,,2026-05-05,1,0,0,1,2026-05-05 20:19:08.941963+00:00
11878,5466,,2026-05-05,4,0,0,4,2026-05-05 20:19:08.941963+00:00
11879,4677,,2026-05-05,1,0,0,1,2026-05-05 20:19:08.941963+00:00
11880,3382,,2026-05-05,1,0,0,1,2026-05-05 20:19:08.941963+00:00
11881,5646,,2026-05-05,5,0,0,5,2026-05-05 20:19:08.941963+00:00
11882,3996,,2026-05-05,1,0,0,1,2026-05-05 20:19:08.941963+00:00
11883,3653,,2026-05-05,1,0,0,1,2026-05-05 20:19:08.941963+00:00
11884,3214,,2026-05-05,3,0,0,3,2026-05-05 20:19:08.941963+00:00
11885,2990,,2026-05-05,1,0,0,1,2026-05-05 20:19:08.941963+00:00
11886,5302,,2026-05-05,3,2,0,1,2026-05-05 20:19:08.941963+00:00
11887,5066,,2026-05-05,3,0,0,3,2026-05-05 20:19:08.941963+00:00
11888,4496,,2026-05-05,1,0,0,1,2026-05-05 20:19:08.941963+00:00
11889,5604,,2026-05-05,3,0,0,3,2026-05-05 20:19:08.941963+00:00
11890,8492,,2026-05-05,1,0,0,1,2026-05-05 20:19:08.941963+00:00
11891,5719,,2026-05-05,25,4,0,21,2026-05-05 20:19:08.941963+00:00
11892,4434,,2026-05-05,1,0,0,1,2026-05-05 20:19:08.941963+00:00
11893,3271,,2026-05-05,1,0,0,1,2026-05-05 20:19:08.941963+00:00
11894,5609,,2026-05-05,1,0,0,1,2026-05-05 20:19:08.941963+00:00
11895,8684,,2026-05-05,2,0,0,2,2026-05-05 20:19:08.941963+00:00
11896,5619,,2026-05-05,2,1,0,1,2026-05-05 20:19:08.941963+00:00
11897,3068,,2026-05-05,6,0,0,6,2026-05-05 20:19:08.941963+00:00
11898,2947,,2026-05-05,1,0,0,1,2026-05-05 20:19:08.941963+00:00
11899,3556,,2026-05-05,13,1,0,12,2026-05-05 20:19:08.941963+00:00
11900,3732,,2026-05-05,1,0,0,1,2026-05-05 20:19:08.941963+00:00
11901,4394,,2026-05-05,13,1,0,12,2026-05-05 20:19:08.941963+00:00
11902,5607,,2026-05-05,25,9,0,16,2026-05-05 20:19:08.941963+00:00
11903,3292,,2026-05-05,1,0,0,1,2026-05-05 20:19:08.941963+00:00
11904,5597,,2026-05-05,3,1,0,2,2026-05-05 20:19:08.941963+00:00
11905,3036,,2026-05-05,1,0,1,0,2026-05-05 20:19:08.941963+00:00
11906,3425,,2026-05-05,3,1,0,2,2026-05-05 20:19:08.941963+00:00
11907,3316,,2026-05-05,1,0,0,1,2026-05-05 20:19:08.941963+00:00
11908,3579,,2026-05-05,3,0,0,3,2026-05-05 20:19:08.941963+00:00
11909,5591,,2026-05-05,23,3,0,20,2026-05-05 20:19:08.941963+00:00
11910,9125,,2026-05-05,1,0,0,1,2026-05-05 20:19:08.941963+00:00
11911,11241,,2026-05-05,1,0,0,1,2026-05-05 20:19:08.941963+00:00
11912,3475,,2026-05-05,6,6,0,0,2026-05-05 20:19:08.941963+00:00
11913,2985,,2026-05-05,1,0,0,1,2026-05-05 20:19:08.941963+00:00
11914,9268,,2026-05-05,1,0,0,1,2026-05-05 20:19:08.941963+00:00
11915,4680,,2026-05-05,1,0,0,1,2026-05-05 20:19:08.941963+00:00
11916,11906,,2026-05-05,1,0,0,1,2026-05-05 20:19:08.941963+00:00
11917,3074,,2026-05-05,1,0,0,1,2026-05-05 20:19:08.941963+00:00
11918,4601,,2026-05-05,1,0,0,1,2026-05-05 20:19:08.941963+00:00
11919,3035,,2026-05-05,1,0,0,1,2026-05-05 20:19:08.941963+00:00
11920,3291,,2026-05-05,3,0,0,3,2026-05-05 20:19:08.941963+00:00
11921,3640,,2026-05-05,1,0,0,1,2026-05-05 20:19:08.941963+00:00
11922,3209,,2026-05-05,23,3,1,19,2026-05-05 20:19:08.941963+00:00
11923,3646,,2026-05-05,1,0,0,1,2026-05-05 20:19:08.941963+00:00
11924,3609,,2026-05-05,3,1,0,2,2026-05-05 20:19:08.941963+00:00
11925,3367,,2026-05-05,132,24,0,108,2026-05-05 20:19:08.941963+00:00
11926,5634,,2026-05-05,1,0,0,1,2026-05-05 20:19:08.941963+00:00
11927,4530,,2026-05-05,6,6,0,0,2026-05-05 20:19:08.941963+00:00
11928,3016,,2026-05-05,1,0,0,1,2026-05-05 20:19:08.941963+00:00
11929,3710,,2026-05-05,145,14,18,113,2026-05-05 20:19:08.941963+00:00
11930,5092,,2026-05-05,1,0,1,0,2026-05-05 20:19:08.941963+00:00
11931,5618,,2026-05-05,1,0,0,1,2026-05-05 20:19:08.941963+00:00
11932,8494,,2026-05-05,1,0,0,1,2026-05-05 20:19:08.941963+00:00
11933,5656,,2026-05-05,1,0,0,1,2026-05-05 20:19:08.941963+00:00
11934,10883,,2026-05-05,1,0,0,1,2026-05-05 20:19:08.941963+00:00
11935,8743,,2026-05-05,1,0,0,1,2026-05-05 20:19:08.941963+00:00
11936,2988,,2026-05-05,1,0,0,1,2026-05-05 20:19:08.941963+00:00
11937,5596,,2026-05-05,1,0,0,1,2026-05-05 20:19:08.941963+00:00
11938,3962,,2026-05-05,1,0,0,1,2026-05-05 20:19:08.941963+00:00
11939,2999,,2026-05-05,1,0,0,1,2026-05-05 20:19:08.941963+00:00
11940,9948,,2026-05-05,1,0,0,1,2026-05-05 20:19:08.941963+00:00
11941,9401,,2026-05-05,1,0,0,1,2026-05-05 20:19:08.941963+00:00
11942,5608,,2026-05-05,26,6,0,20,2026-05-05 20:19:08.941963+00:00
11943,5594,,2026-05-05,3,1,0,2,2026-05-05 20:19:08.941963+00:00
11944,11870,,2026-05-05,1,0,0,1,2026-05-05 20:19:08.941963+00:00
11945,4761,,2026-05-05,2,0,0,2,2026-05-05 20:19:08.941963+00:00
11946,3719,,2026-05-05,12,1,1,10,2026-05-05 20:19:08.941963+00:00
11947,2964,,2026-05-05,1,0,0,1,2026-05-05 20:19:08.941963+00:00
11948,3734,,2026-05-05,3,0,0,3,2026-05-05 20:19:08.941963+00:00
