id,post_id,ticker_id,sentiment,analyzed_at
14941,32760,3710,1,2026-05-05 01:52:31.996677+00:00
14942,32760,3367,1,2026-05-05 01:52:31.996677+00:00
14943,32761,3367,0,2026-05-05 01:52:31.996677+00:00
14944,32762,3367,0,2026-05-05 01:52:31.996677+00:00
14945,32764,3367,0,2026-05-05 01:52:31.996677+00:00
14946,32768,5713,0,2026-05-05 01:52:31.996677+00:00
14947,32770,3710,-1,2026-05-05 01:52:31.996677+00:00
14948,32771,3367,0,2026-05-05 01:52:31.996677+00:00
14949,32773,5593,0,2026-05-05 01:52:31.996677+00:00
14950,32777,3710,0,2026-05-05 01:52:31.996677+00:00
14951,32777,3367,0,2026-05-05 01:52:31.996677+00:00
14952,32778,3710,0,2026-05-05 01:52:31.996677+00:00
14953,32778,3367,0,2026-05-05 01:52:31.996677+00:00
14954,32779,5643,0,2026-05-05 01:52:31.996677+00:00
14955,32785,3710,1,2026-05-05 01:52:31.996677+00:00
14956,32789,3710,-1,2026-05-05 01:52:31.996677+00:00
14957,32790,3367,0,2026-05-05 01:52:31.996677+00:00
14958,32790,3710,0,2026-05-05 01:52:31.996677+00:00
14959,32794,3710,1,2026-05-05 01:52:31.996677+00:00
14960,32795,5715,0,2026-05-05 01:52:31.996677+00:00
14961,32797,5717,-1,2026-05-05 01:52:31.996677+00:00
14962,32800,3367,-1,2026-05-05 01:52:31.996677+00:00
14963,32807,3710,0,2026-05-05 01:52:31.996677+00:00
14964,32820,3367,0,2026-05-05 01:52:31.996677+00:00
14965,32827,5717,0,2026-05-05 01:52:31.996677+00:00
14966,32831,5593,0,2026-05-05 01:52:31.996677+00:00
14967,32839,5717,1,2026-05-05 01:52:31.996677+00:00
14968,32841,3710,0,2026-05-05 01:52:31.996677+00:00
14969,32841,3367,0,2026-05-05 01:52:31.996677+00:00
14970,32841,5607,0,2026-05-05 01:52:31.996677+00:00
14971,32841,5719,0,2026-05-05 01:52:31.996677+00:00
14972,32844,5596,1,2026-05-05 01:52:31.996677+00:00
14973,32847,5608,0,2026-05-05 01:52:31.996677+00:00
14974,32848,3710,0,2026-05-05 01:52:31.996677+00:00
14975,32849,5595,0,2026-05-05 01:52:31.996677+00:00
14976,32852,5608,1,2026-05-05 01:52:31.996677+00:00
14977,32858,5717,1,2026-05-05 01:52:31.996677+00:00
14978,32861,5718,0,2026-05-05 01:52:31.996677+00:00
14979,32863,5608,0,2026-05-05 01:52:31.996677+00:00
14980,32864,3710,0,2026-05-05 01:52:31.996677+00:00
14981,32864,3367,0,2026-05-05 01:52:31.996677+00:00
14982,32865,5607,1,2026-05-05 01:52:31.996677+00:00
14983,32866,5591,1,2026-05-05 01:52:31.996677+00:00
14984,32870,5719,0,2026-05-05 01:52:31.996677+00:00
14985,32875,5594,0,2026-05-05 01:52:31.996677+00:00
14986,32876,5593,0,2026-05-05 01:52:31.996677+00:00
14987,32881,3367,0,2026-05-05 01:52:31.996677+00:00
14988,32883,3710,-1,2026-05-05 01:52:31.996677+00:00
14989,32888,5717,0,2026-05-05 01:52:31.996677+00:00
14990,32890,3710,0,2026-05-05 01:52:31.996677+00:00
14991,32891,5593,-1,2026-05-05 01:52:31.996677+00:00
14992,32893,3710,0,2026-05-05 01:52:31.996677+00:00
14993,32894,5717,0,2026-05-05 01:52:31.996677+00:00
14994,32895,3710,0,2026-05-05 01:52:31.996677+00:00
14995,32895,3367,0,2026-05-05 01:52:31.996677+00:00
14996,32896,5595,0,2026-05-05 01:52:31.996677+00:00
14997,32896,5593,0,2026-05-05 01:52:31.996677+00:00
14998,32899,5593,1,2026-05-05 01:52:31.996677+00:00
14999,32903,3710,0,2026-05-05 01:52:31.996677+00:00
15000,32903,3367,0,2026-05-05 01:52:31.996677+00:00
15001,32904,5591,0,2026-05-05 01:52:31.996677+00:00
15002,32905,5717,0,2026-05-05 01:52:31.996677+00:00
15003,32906,5717,0,2026-05-05 01:52:31.996677+00:00
15004,32913,3209,0,2026-05-05 01:52:31.996677+00:00
15005,32915,5593,0,2026-05-05 01:52:31.996677+00:00
15006,32920,5593,0,2026-05-05 01:52:31.996677+00:00
15007,32923,5593,1,2026-05-05 01:52:31.996677+00:00
15008,32930,3550,0,2026-05-05 01:52:31.996677+00:00
15009,32931,5592,0,2026-05-05 01:52:31.996677+00:00
15010,32934,5593,1,2026-05-05 01:52:31.996677+00:00
15011,32939,5719,0,2026-05-05 01:52:31.996677+00:00
15012,32939,5591,0,2026-05-05 01:52:31.996677+00:00
15013,32942,5593,1,2026-05-05 01:52:31.996677+00:00
15014,32945,5717,0,2026-05-05 01:52:31.996677+00:00
15015,32947,5595,-1,2026-05-05 01:52:31.996677+00:00
15016,32948,5608,0,2026-05-05 01:52:31.996677+00:00
15017,32951,3710,0,2026-05-05 01:52:31.996677+00:00
15018,32955,3710,0,2026-05-05 01:52:31.996677+00:00
15019,32961,3710,0,2026-05-05 01:52:31.996677+00:00
15020,32963,3710,-1,2026-05-05 01:52:31.996677+00:00
15021,32966,5593,1,2026-05-05 01:52:31.996677+00:00
15022,32969,5715,0,2026-05-05 01:52:31.996677+00:00
15023,32970,3669,0,2026-05-05 01:52:31.996677+00:00
15024,32971,3209,0,2026-05-05 01:52:31.996677+00:00
15025,32975,5608,1,2026-05-05 01:52:31.996677+00:00
15026,32982,5715,0,2026-05-05 01:52:31.996677+00:00
15027,32988,3710,0,2026-05-05 01:52:31.996677+00:00
15028,32988,3367,0,2026-05-05 01:52:31.996677+00:00
15029,32996,3550,0,2026-05-05 01:52:31.996677+00:00
15030,32997,3367,0,2026-05-05 01:52:31.996677+00:00
15031,33001,3710,0,2026-05-05 01:52:31.996677+00:00
15032,33001,3367,0,2026-05-05 01:52:31.996677+00:00
15033,33002,3710,1,2026-05-05 01:52:31.996677+00:00
15034,33004,5593,0,2026-05-05 01:52:31.996677+00:00
15035,33005,3367,0,2026-05-05 01:52:31.996677+00:00
15036,33006,5595,0,2026-05-05 01:52:31.996677+00:00
15037,33012,3710,0,2026-05-05 01:52:31.996677+00:00
15038,33013,3710,0,2026-05-05 01:52:31.996677+00:00
15039,33013,5608,0,2026-05-05 01:52:31.996677+00:00
15040,33014,3710,-1,2026-05-05 01:52:31.996677+00:00
15041,33017,3710,0,2026-05-05 01:52:31.996677+00:00
15042,33018,3367,0,2026-05-05 01:52:31.996677+00:00
15043,33021,3209,1,2026-05-05 01:52:31.996677+00:00
15044,33022,3710,0,2026-05-05 01:52:31.996677+00:00
15045,33026,5717,0,2026-05-05 01:52:31.996677+00:00
15046,33027,5608,0,2026-05-05 01:52:31.996677+00:00
15047,33031,3710,-1,2026-05-05 01:52:31.996677+00:00
15048,33033,3710,0,2026-05-05 01:52:31.996677+00:00
15049,33043,3710,1,2026-05-05 01:52:31.996677+00:00
15050,33043,3367,1,2026-05-05 01:52:31.996677+00:00
15051,33046,5717,1,2026-05-05 01:52:31.996677+00:00
15052,33049,3367,1,2026-05-05 01:52:31.996677+00:00
15053,33053,5715,0,2026-05-05 01:52:31.996677+00:00
15054,33054,5717,-1,2026-05-05 01:52:31.996677+00:00
15055,33058,5717,0,2026-05-05 01:52:31.996677+00:00
15056,33058,3710,0,2026-05-05 01:52:31.996677+00:00
15057,33059,3367,1,2026-05-05 01:52:31.996677+00:00
15058,33059,3710,1,2026-05-05 01:52:31.996677+00:00
15059,33061,5715,0,2026-05-05 01:52:31.996677+00:00
15060,33069,3710,1,2026-05-05 01:52:31.996677+00:00
15061,33069,3367,1,2026-05-05 01:52:31.996677+00:00
15062,33070,3710,0,2026-05-05 01:52:31.996677+00:00
15063,33070,5717,0,2026-05-05 01:52:31.996677+00:00
15064,33072,3710,0,2026-05-05 01:52:31.996677+00:00
15065,33074,5593,1,2026-05-05 01:52:31.996677+00:00
15066,33076,3209,0,2026-05-05 01:52:31.996677+00:00
15067,33077,3710,-1,2026-05-05 01:52:31.996677+00:00
15068,33077,3367,-1,2026-05-05 01:52:31.996677+00:00
15069,33078,3016,0,2026-05-05 01:52:31.996677+00:00
15070,33079,5717,1,2026-05-05 01:52:31.996677+00:00
15071,33085,5717,0,2026-05-05 01:52:31.996677+00:00
15072,33088,3710,0,2026-05-05 01:52:31.996677+00:00
15073,33091,5592,1,2026-05-05 01:52:31.996677+00:00
15074,33094,5597,0,2026-05-05 01:52:31.996677+00:00
15075,33097,5593,0,2026-05-05 01:52:31.996677+00:00
15076,33099,5593,1,2026-05-05 01:52:31.996677+00:00
15077,33100,5592,0,2026-05-05 01:52:31.996677+00:00
15078,33106,5594,1,2026-05-05 01:52:31.996677+00:00
15079,33111,5608,0,2026-05-05 01:52:31.996677+00:00
15080,33112,5717,0,2026-05-05 01:52:31.996677+00:00
15081,33114,5717,0,2026-05-05 01:52:31.996677+00:00
15082,33117,5608,0,2026-05-05 01:52:31.996677+00:00
15083,33122,5719,1,2026-05-05 01:52:31.996677+00:00
15084,33123,5604,0,2026-05-05 01:52:31.996677+00:00
15085,33124,3710,0,2026-05-05 01:52:31.996677+00:00
15086,33125,3669,0,2026-05-05 01:52:31.996677+00:00
15087,33128,3710,1,2026-05-05 01:52:31.996677+00:00
15088,33128,5607,1,2026-05-05 01:52:31.996677+00:00
15089,33131,5717,1,2026-05-05 01:52:31.996677+00:00
15090,33132,3367,0,2026-05-05 01:52:31.996677+00:00
15091,33135,3669,1,2026-05-05 01:52:31.996677+00:00
15092,33136,3710,0,2026-05-05 01:52:31.996677+00:00
15093,33137,3710,1,2026-05-05 01:52:31.996677+00:00
15094,33138,3367,0,2026-05-05 01:52:31.996677+00:00
15095,33139,3710,1,2026-05-05 01:52:31.996677+00:00
15096,33140,3367,0,2026-05-05 01:52:31.996677+00:00
15097,33142,5607,1,2026-05-05 01:52:31.996677+00:00
15098,33144,3710,1,2026-05-05 01:52:31.996677+00:00
15099,33145,5717,1,2026-05-05 01:52:31.996677+00:00
15100,33151,3710,0,2026-05-05 01:52:31.996677+00:00
15101,33154,3367,-1,2026-05-05 01:52:31.996677+00:00
15102,33157,3710,1,2026-05-05 01:52:31.996677+00:00
15103,33159,3719,0,2026-05-05 01:52:31.996677+00:00
15104,33160,3710,0,2026-05-05 01:52:31.996677+00:00
15105,33163,5592,0,2026-05-05 01:52:31.996677+00:00
15106,33163,5597,0,2026-05-05 01:52:31.996677+00:00
15107,33165,3608,0,2026-05-05 01:52:31.996677+00:00
15108,33166,3367,-1,2026-05-05 01:52:31.996677+00:00
15109,33166,3710,-1,2026-05-05 01:52:31.996677+00:00
15110,33167,3016,0,2026-05-05 01:52:31.996677+00:00
15111,33172,3710,-1,2026-05-05 01:52:31.996677+00:00
15112,33174,3710,0,2026-05-05 01:52:31.996677+00:00
15113,33190,3710,1,2026-05-05 01:52:31.996677+00:00
15114,33192,3710,-1,2026-05-05 01:52:31.996677+00:00
15115,33195,3710,1,2026-05-05 01:52:31.996677+00:00
15116,33199,3710,0,2026-05-05 01:52:31.996677+00:00
15117,33202,3710,-1,2026-05-05 01:52:31.996677+00:00
15118,33203,3710,1,2026-05-05 01:52:31.996677+00:00
15119,33204,3710,1,2026-05-05 01:52:31.996677+00:00
15120,33206,3710,0,2026-05-05 01:52:31.996677+00:00
15121,33207,3710,1,2026-05-05 01:52:31.996677+00:00
15122,33207,3367,1,2026-05-05 01:52:31.996677+00:00
15123,33208,3710,0,2026-05-05 01:52:31.996677+00:00
15124,33209,3710,0,2026-05-05 01:52:31.996677+00:00
15125,33211,3710,0,2026-05-05 01:52:31.996677+00:00
15126,33212,5717,0,2026-05-05 01:52:31.996677+00:00
15127,33217,5713,0,2026-05-05 01:52:31.996677+00:00
15128,33217,5714,0,2026-05-05 01:52:31.996677+00:00
15129,33219,3719,0,2026-05-05 01:52:31.996677+00:00
15130,33223,5715,0,2026-05-05 01:52:31.996677+00:00
15131,33226,5717,1,2026-05-05 01:52:31.996677+00:00
15132,33230,5717,1,2026-05-05 01:52:31.996677+00:00
15133,33232,3710,0,2026-05-05 01:52:31.996677+00:00
15134,33235,5717,0,2026-05-05 01:52:31.996677+00:00
15135,33239,3367,0,2026-05-05 01:52:31.996677+00:00
15136,33240,5717,-1,2026-05-05 01:52:31.996677+00:00
15137,33244,3367,0,2026-05-05 01:52:31.996677+00:00
15138,33245,3367,1,2026-05-05 01:52:31.996677+00:00
15139,33247,3710,-1,2026-05-05 01:52:31.996677+00:00
15140,33247,3367,-1,2026-05-05 01:52:31.996677+00:00
15141,33252,3367,0,2026-05-05 01:52:31.996677+00:00
15142,33252,3710,0,2026-05-05 01:52:31.996677+00:00
15143,33253,5717,-1,2026-05-05 01:52:31.996677+00:00
15144,33254,3367,0,2026-05-05 01:52:31.996677+00:00
15145,33254,3710,0,2026-05-05 01:52:31.996677+00:00
15146,33259,3710,0,2026-05-05 01:52:31.996677+00:00
15147,33262,3710,0,2026-05-05 01:52:31.996677+00:00
15148,33263,3710,0,2026-05-05 01:52:31.996677+00:00
15149,33268,3710,0,2026-05-05 01:52:31.996677+00:00
15150,33268,3367,0,2026-05-05 01:52:31.996677+00:00
15151,33270,5717,0,2026-05-05 01:52:31.996677+00:00
15152,33271,3710,0,2026-05-05 01:52:31.996677+00:00
15153,33271,3367,0,2026-05-05 01:52:31.996677+00:00
15154,33272,5607,0,2026-05-05 01:52:31.996677+00:00
15155,33274,3710,0,2026-05-05 01:52:31.996677+00:00
15156,33276,5717,0,2026-05-05 01:52:31.996677+00:00
15157,33286,3710,0,2026-05-05 01:52:31.996677+00:00
15158,33287,5717,-1,2026-05-05 01:52:31.996677+00:00
15159,33290,3710,-1,2026-05-05 01:52:31.996677+00:00
15160,33293,5717,0,2026-05-05 01:52:31.996677+00:00
15161,33314,5717,-1,2026-05-05 01:52:31.996677+00:00
15162,33318,5717,0,2026-05-05 01:52:31.996677+00:00
15163,33318,3710,0,2026-05-05 01:52:31.996677+00:00
15164,33320,5717,0,2026-05-05 01:52:31.996677+00:00
15165,33322,3710,0,2026-05-05 01:52:31.996677+00:00
15166,33324,5717,0,2026-05-05 01:52:31.996677+00:00
15167,33326,5646,0,2026-05-05 01:52:31.996677+00:00
15168,33327,3710,0,2026-05-05 01:52:31.996677+00:00
15169,33331,3710,-1,2026-05-05 01:52:31.996677+00:00
15170,33336,3710,0,2026-05-05 01:52:31.996677+00:00
15171,33338,5717,0,2026-05-05 01:52:31.996677+00:00
15172,33342,3719,0,2026-05-05 01:52:31.996677+00:00
15173,33342,3710,0,2026-05-05 01:52:31.996677+00:00
15174,33344,3710,0,2026-05-05 01:52:31.996677+00:00
15175,33357,3710,0,2026-05-05 01:52:31.996677+00:00
15176,33359,3367,0,2026-05-05 01:52:31.996677+00:00
15177,33361,3710,0,2026-05-05 01:52:31.996677+00:00
15178,33361,3367,0,2026-05-05 01:52:31.996677+00:00
15179,33362,3710,0,2026-05-05 01:52:31.996677+00:00
15180,33367,3710,0,2026-05-05 01:52:31.996677+00:00
15181,33369,3710,-1,2026-05-05 01:52:31.996677+00:00
15182,33372,5717,0,2026-05-05 01:52:31.996677+00:00
15183,33374,3710,0,2026-05-05 01:52:31.996677+00:00
15184,33376,5717,0,2026-05-05 01:52:31.996677+00:00
15185,33377,3710,0,2026-05-05 01:52:31.996677+00:00
15186,33377,3367,0,2026-05-05 01:52:31.996677+00:00
15187,33378,3710,0,2026-05-05 01:52:31.996677+00:00
15188,33378,3367,0,2026-05-05 01:52:31.996677+00:00
15189,33379,5596,0,2026-05-05 01:52:31.996677+00:00
15190,33380,3710,0,2026-05-05 01:52:31.996677+00:00
15191,33380,3367,0,2026-05-05 01:52:31.996677+00:00
15192,33381,3710,-1,2026-05-05 01:52:31.996677+00:00
15193,33383,3608,0,2026-05-05 01:52:31.996677+00:00
15194,33385,3367,0,2026-05-05 01:52:31.996677+00:00
15195,33387,3710,0,2026-05-05 01:52:31.996677+00:00
15196,33390,3608,-1,2026-05-05 01:52:31.996677+00:00
15197,33391,3209,0,2026-05-05 01:52:31.996677+00:00
15198,33396,5715,0,2026-05-05 01:52:31.996677+00:00
15199,33402,3367,1,2026-05-05 01:52:31.996677+00:00
15200,33402,3710,1,2026-05-05 01:52:31.996677+00:00
15201,33403,3719,0,2026-05-05 01:52:31.996677+00:00
15202,33403,5596,0,2026-05-05 01:52:31.996677+00:00
15203,33405,3710,0,2026-05-05 01:52:31.996677+00:00
15204,33406,3710,0,2026-05-05 01:52:31.996677+00:00
15205,33417,5608,1,2026-05-05 01:52:31.996677+00:00
15206,33420,3719,-1,2026-05-05 01:52:31.996677+00:00
15207,33420,3710,-1,2026-05-05 01:52:31.996677+00:00
15208,33421,3367,0,2026-05-05 01:52:31.996677+00:00
15209,33421,3710,0,2026-05-05 01:52:31.996677+00:00
15210,33423,3710,-1,2026-05-05 01:52:31.996677+00:00
15211,33425,3367,0,2026-05-05 01:52:31.996677+00:00
15212,33425,3710,0,2026-05-05 01:52:31.996677+00:00
15213,33426,3367,0,2026-05-05 01:52:31.996677+00:00
15214,33426,3710,0,2026-05-05 01:52:31.996677+00:00
15215,33430,5715,-1,2026-05-05 01:52:31.996677+00:00
15216,33432,3710,-1,2026-05-05 01:52:31.996677+00:00
15217,33433,3550,0,2026-05-05 01:52:31.996677+00:00
15218,33435,3710,1,2026-05-05 01:52:31.996677+00:00
15219,33435,3367,1,2026-05-05 01:52:31.996677+00:00
15220,33440,3710,0,2026-05-05 01:52:31.996677+00:00
15221,33441,5715,0,2026-05-05 01:52:31.996677+00:00
15222,33442,3550,0,2026-05-05 01:52:31.996677+00:00
15223,33443,3367,1,2026-05-05 01:52:31.996677+00:00
15224,33444,3710,-1,2026-05-05 01:52:31.996677+00:00
15225,33445,3710,1,2026-05-05 01:52:31.996677+00:00
15226,33446,3710,0,2026-05-05 01:52:31.996677+00:00
15227,33447,3608,0,2026-05-05 01:52:31.996677+00:00
15228,33448,3710,0,2026-05-05 01:52:31.996677+00:00
15229,33450,3316,1,2026-05-05 01:52:31.996677+00:00
15230,33451,5715,0,2026-05-05 01:52:31.996677+00:00
15231,33452,5595,1,2026-05-05 01:52:31.996677+00:00
15232,33458,5717,0,2026-05-05 01:52:31.996677+00:00
15233,33458,5597,0,2026-05-05 01:52:31.996677+00:00
15234,33460,5715,0,2026-05-05 01:52:31.996677+00:00
15235,33461,5607,1,2026-05-05 01:52:31.996677+00:00
15236,33461,5719,1,2026-05-05 01:52:31.996677+00:00
15237,33464,3367,0,2026-05-05 01:52:31.996677+00:00
15238,33465,5717,0,2026-05-05 01:52:31.996677+00:00
15239,33473,5595,0,2026-05-05 01:52:31.996677+00:00
15240,33474,5607,0,2026-05-05 01:52:31.996677+00:00
15241,33474,5719,0,2026-05-05 01:52:31.996677+00:00
15242,33476,3367,0,2026-05-05 01:52:31.996677+00:00
15243,33476,3710,0,2026-05-05 01:52:31.996677+00:00
15244,33477,5607,1,2026-05-05 01:52:31.996677+00:00
15245,33483,5717,0,2026-05-05 01:52:31.996677+00:00
15246,33484,3710,0,2026-05-05 01:52:31.996677+00:00
15247,33485,5715,-1,2026-05-05 01:52:31.996677+00:00
15248,33488,3710,0,2026-05-05 01:52:31.996677+00:00
15249,33492,5646,-1,2026-05-05 01:52:31.996677+00:00
15250,33496,5607,0,2026-05-05 01:52:31.996677+00:00
15251,33500,5719,0,2026-05-05 01:52:31.996677+00:00
15252,33505,3710,0,2026-05-05 01:52:31.996677+00:00
15253,33505,3367,0,2026-05-05 01:52:31.996677+00:00
15254,33506,3710,0,2026-05-05 01:52:31.996677+00:00
15255,33506,3367,0,2026-05-05 01:52:31.996677+00:00
15256,33507,5715,0,2026-05-05 01:52:31.996677+00:00
15257,33509,5715,0,2026-05-05 01:52:31.996677+00:00
15258,33510,5646,0,2026-05-05 01:52:31.996677+00:00
15259,33513,3710,0,2026-05-05 01:52:31.996677+00:00
15260,33513,3367,0,2026-05-05 01:52:31.996677+00:00
15261,33514,3710,0,2026-05-05 01:52:31.996677+00:00
15262,33514,3367,0,2026-05-05 01:52:31.996677+00:00
15263,33515,3710,0,2026-05-05 01:52:31.996677+00:00
15264,33515,3367,0,2026-05-05 01:52:31.996677+00:00
15265,33516,3710,0,2026-05-05 01:52:31.996677+00:00
15266,33516,3367,0,2026-05-05 01:52:31.996677+00:00
15267,33517,3710,0,2026-05-05 01:52:31.996677+00:00
15268,33517,3367,0,2026-05-05 01:52:31.996677+00:00
15269,33519,5715,0,2026-05-05 01:52:31.996677+00:00
15270,33523,5715,0,2026-05-05 01:52:31.996677+00:00
15271,33525,3367,1,2026-05-05 01:52:31.996677+00:00
15272,33526,3367,0,2026-05-05 01:52:31.996677+00:00
15273,33526,3710,0,2026-05-05 01:52:31.996677+00:00
15274,33529,3710,0,2026-05-05 01:52:31.996677+00:00
15275,33530,3367,1,2026-05-05 01:52:31.996677+00:00
15276,33530,3710,1,2026-05-05 01:52:31.996677+00:00
15277,33531,5717,1,2026-05-05 01:52:31.996677+00:00
15278,33532,3710,0,2026-05-05 01:52:31.996677+00:00
15279,33535,3367,1,2026-05-05 01:52:31.996677+00:00
15280,33538,3710,0,2026-05-05 01:52:31.996677+00:00
15281,33538,3367,0,2026-05-05 01:52:31.996677+00:00
15282,33552,3367,1,2026-05-05 01:52:31.996677+00:00
15283,33553,3710,0,2026-05-05 01:52:31.996677+00:00
15284,33557,3367,0,2026-05-05 01:52:31.996677+00:00
15285,33560,3367,0,2026-05-05 01:52:31.996677+00:00
15286,33560,3710,0,2026-05-05 01:52:31.996677+00:00
15287,33565,3367,0,2026-05-05 01:52:31.996677+00:00
15288,33566,5717,0,2026-05-05 01:52:31.996677+00:00
15289,33569,3710,0,2026-05-05 01:52:31.996677+00:00
15290,33569,3367,0,2026-05-05 01:52:31.996677+00:00
15291,33574,3710,-1,2026-05-05 01:52:31.996677+00:00
15292,33574,3367,-1,2026-05-05 01:52:31.996677+00:00
15293,33576,3367,0,2026-05-05 01:52:31.996677+00:00
15294,33577,3271,0,2026-05-05 01:52:31.996677+00:00
15295,33582,3710,-1,2026-05-05 01:52:31.996677+00:00
15296,33584,3710,0,2026-05-05 01:52:31.996677+00:00
15297,33585,5646,0,2026-05-05 01:52:31.996677+00:00
15298,33587,3367,0,2026-05-05 01:52:31.996677+00:00
15299,33589,5717,0,2026-05-05 01:52:31.996677+00:00
15300,33589,3710,0,2026-05-05 01:52:31.996677+00:00
15301,33592,3209,0,2026-05-05 01:52:31.996677+00:00
15302,33594,3367,0,2026-05-05 01:52:31.996677+00:00
15303,33594,3209,0,2026-05-05 01:52:31.996677+00:00
15304,33597,3710,0,2026-05-05 01:52:31.996677+00:00
15305,33598,3710,1,2026-05-05 01:52:31.996677+00:00
15306,33599,3710,-1,2026-05-05 01:52:31.996677+00:00
15307,33600,3710,1,2026-05-05 01:52:31.996677+00:00
15308,33600,3367,1,2026-05-05 01:52:31.996677+00:00
15309,33601,5717,0,2026-05-05 01:52:31.996677+00:00
15310,33602,3367,1,2026-05-05 01:52:31.996677+00:00
15311,33603,3367,0,2026-05-05 01:52:31.996677+00:00
15312,33607,5715,0,2026-05-05 01:52:31.996677+00:00
15313,33609,5595,0,2026-05-05 01:52:31.996677+00:00
15314,33611,3367,0,2026-05-05 01:52:31.996677+00:00
15315,33614,3367,0,2026-05-05 01:52:31.996677+00:00
15316,33617,3710,0,2026-05-05 01:52:31.996677+00:00
15317,33622,3367,0,2026-05-05 01:52:31.996677+00:00
15318,33623,3367,1,2026-05-05 01:52:31.996677+00:00
15319,33624,3710,0,2026-05-05 01:52:31.996677+00:00
15320,33626,3367,0,2026-05-05 01:52:31.996677+00:00
15321,33632,3710,1,2026-05-05 01:52:31.996677+00:00
15322,33632,3367,1,2026-05-05 01:52:31.996677+00:00
15323,33633,5717,0,2026-05-05 01:52:31.996677+00:00
15324,33635,3710,-1,2026-05-05 01:52:31.996677+00:00
15325,33636,3271,0,2026-05-05 01:52:31.996677+00:00
15326,33637,3367,0,2026-05-05 01:52:31.996677+00:00
15327,33638,5717,0,2026-05-05 01:52:31.996677+00:00
15328,33640,3710,0,2026-05-05 01:52:31.996677+00:00
15329,33641,3710,0,2026-05-05 01:52:31.996677+00:00
15330,33643,3367,0,2026-05-05 01:52:31.996677+00:00
15331,33643,3710,0,2026-05-05 01:52:31.996677+00:00
15332,33644,3710,-1,2026-05-05 01:52:31.996677+00:00
15333,33646,3710,1,2026-05-05 01:52:31.996677+00:00
15334,33647,5717,0,2026-05-05 01:52:31.996677+00:00
15335,33649,3710,1,2026-05-05 01:52:31.996677+00:00
15336,33649,5656,1,2026-05-05 01:52:31.996677+00:00
15337,33650,5646,0,2026-05-05 01:52:31.996677+00:00
15338,33652,3710,0,2026-05-05 01:52:31.996677+00:00
15339,33653,3608,-1,2026-05-05 01:52:31.996677+00:00
15340,33655,3710,0,2026-05-05 01:52:31.996677+00:00
15341,33665,3367,1,2026-05-05 01:52:31.996677+00:00
15342,33665,3710,1,2026-05-05 01:52:31.996677+00:00
15343,33667,3710,0,2026-05-05 01:52:31.996677+00:00
15344,33669,3271,1,2026-05-05 01:52:31.996677+00:00
15345,33672,3710,-1,2026-05-05 01:52:31.996677+00:00
15346,33674,3367,1,2026-05-05 01:52:31.996677+00:00
15347,33679,3367,0,2026-05-05 01:52:31.996677+00:00
15348,33680,3710,1,2026-05-05 01:52:31.996677+00:00
15349,33681,3710,-1,2026-05-05 01:52:31.996677+00:00
15350,33682,3710,0,2026-05-05 01:52:31.996677+00:00
15351,33683,3710,0,2026-05-05 01:52:31.996677+00:00
15352,33684,3710,0,2026-05-05 01:52:31.996677+00:00
15353,33692,3710,-1,2026-05-05 01:52:31.996677+00:00
15354,33693,3710,0,2026-05-05 01:52:31.996677+00:00
15355,33694,3710,0,2026-05-05 01:52:31.996677+00:00
15356,33695,3367,0,2026-05-05 01:52:31.996677+00:00
15357,33700,3710,0,2026-05-05 01:52:31.996677+00:00
15358,33706,3710,1,2026-05-05 01:52:31.996677+00:00
15359,33706,3367,1,2026-05-05 01:52:31.996677+00:00
15360,33713,5717,0,2026-05-05 01:52:31.996677+00:00
15361,33723,3710,1,2026-05-05 01:52:31.996677+00:00
15362,33726,3710,0,2026-05-05 01:52:31.996677+00:00
15363,33726,3367,0,2026-05-05 01:52:31.996677+00:00
15364,33727,5717,0,2026-05-05 01:52:31.996677+00:00
15365,33727,3710,0,2026-05-05 01:52:31.996677+00:00
15366,33727,3367,0,2026-05-05 01:52:31.996677+00:00
15367,33728,3710,0,2026-05-05 01:52:31.996677+00:00
15368,33728,3367,0,2026-05-05 01:52:31.996677+00:00
15369,33731,3367,0,2026-05-05 01:52:31.996677+00:00
15370,33731,3710,0,2026-05-05 01:52:31.996677+00:00
15371,33736,5591,0,2026-05-05 01:52:31.996677+00:00
15372,33739,3367,1,2026-05-05 01:52:31.996677+00:00
15373,33742,3710,0,2026-05-05 01:52:31.996677+00:00
15374,33742,3367,0,2026-05-05 01:52:31.996677+00:00
15375,33753,3710,0,2026-05-05 01:52:31.996677+00:00
15376,33758,3367,0,2026-05-05 01:52:31.996677+00:00
15377,33758,3719,0,2026-05-05 01:52:31.996677+00:00
15378,33758,3710,0,2026-05-05 01:52:31.996677+00:00
15379,33764,5717,0,2026-05-05 01:52:31.996677+00:00
15380,33795,3710,0,2026-05-05 01:52:31.996677+00:00
15381,33795,3367,0,2026-05-05 01:52:31.996677+00:00
15382,33826,3710,0,2026-05-05 01:52:31.996677+00:00
15383,33828,3710,0,2026-05-05 01:52:31.996677+00:00
15384,33835,5717,1,2026-05-05 01:52:31.996677+00:00
15385,33840,3710,0,2026-05-05 01:52:31.996677+00:00
15386,33844,3710,0,2026-05-05 01:52:31.996677+00:00
15387,33844,3367,0,2026-05-05 01:52:31.996677+00:00
15388,33849,5646,0,2026-05-05 01:52:31.996677+00:00
15389,33857,5596,-1,2026-05-05 01:52:31.996677+00:00
15390,33862,5593,0,2026-05-05 01:52:31.996677+00:00
15391,33865,5717,0,2026-05-05 01:52:31.996677+00:00
15392,33866,5595,1,2026-05-05 01:52:31.996677+00:00
15393,33870,5717,0,2026-05-05 01:52:31.996677+00:00
15394,33871,3367,0,2026-05-05 01:52:31.996677+00:00
15395,33871,3710,0,2026-05-05 01:52:31.996677+00:00
15396,33872,5719,0,2026-05-05 01:52:31.996677+00:00
15397,33874,5609,1,2026-05-05 01:52:31.996677+00:00
15398,33875,3710,1,2026-05-05 01:52:31.996677+00:00
15399,33875,3367,1,2026-05-05 01:52:31.996677+00:00
15400,33878,5646,0,2026-05-05 01:52:31.996677+00:00
15401,33879,5717,0,2026-05-05 01:52:31.996677+00:00
15402,33880,3367,0,2026-05-05 01:52:31.996677+00:00
15403,33882,3367,0,2026-05-05 01:52:31.996677+00:00
15404,33882,5717,0,2026-05-05 01:52:31.996677+00:00
15405,33883,5608,0,2026-05-05 01:52:31.996677+00:00
15406,33884,5717,0,2026-05-05 01:52:31.996677+00:00
15407,33885,5607,0,2026-05-05 01:52:31.996677+00:00
15408,33889,5608,0,2026-05-05 01:52:31.996677+00:00
15409,33890,3367,0,2026-05-05 01:52:31.996677+00:00
15410,33890,3710,0,2026-05-05 01:52:31.996677+00:00
15411,33892,3710,0,2026-05-05 01:52:31.996677+00:00
15412,33895,3367,0,2026-05-05 01:52:31.996677+00:00
15413,33895,5608,0,2026-05-05 01:52:31.996677+00:00
15414,33896,3367,0,2026-05-05 01:52:31.996677+00:00
15415,33899,3367,1,2026-05-05 01:52:31.996677+00:00
15416,33899,3710,1,2026-05-05 01:52:31.996677+00:00
15417,33902,5608,0,2026-05-05 01:52:31.996677+00:00
15418,33903,5717,-1,2026-05-05 01:52:31.996677+00:00
15419,33904,5717,0,2026-05-05 01:52:31.996677+00:00
15420,33905,5717,0,2026-05-05 01:52:31.996677+00:00
15421,33909,5717,0,2026-05-05 01:52:31.996677+00:00
15422,33916,5609,0,2026-05-05 01:52:31.996677+00:00
15423,33918,5607,0,2026-05-05 01:52:31.996677+00:00
15424,33918,5717,0,2026-05-05 01:52:31.996677+00:00
15425,33920,3719,0,2026-05-05 01:52:31.996677+00:00
15426,33921,5608,0,2026-05-05 01:52:31.996677+00:00
15427,33923,3367,0,2026-05-05 01:52:31.996677+00:00
15428,33923,3710,0,2026-05-05 01:52:31.996677+00:00
15429,33926,5608,1,2026-05-05 01:52:31.996677+00:00
15430,33932,5717,1,2026-05-05 01:52:31.996677+00:00
15431,33938,3367,0,2026-05-05 01:52:31.996677+00:00
15432,33944,3068,0,2026-05-05 01:52:31.996677+00:00
15433,33951,3719,0,2026-05-05 01:52:31.996677+00:00
15434,33957,3710,0,2026-05-05 01:52:31.996677+00:00
15435,33962,3710,0,2026-05-05 01:52:31.996677+00:00
15436,33964,3710,1,2026-05-05 01:52:31.996677+00:00
15437,33970,3710,0,2026-05-05 01:52:31.996677+00:00
15438,33971,5608,0,2026-05-05 01:52:31.996677+00:00
15439,33975,3719,0,2026-05-05 01:52:31.996677+00:00
15440,33985,3710,0,2026-05-05 01:52:31.996677+00:00
15441,33987,5717,-1,2026-05-05 01:52:31.996677+00:00
15442,33989,3710,0,2026-05-05 01:52:31.996677+00:00
15443,33998,3719,0,2026-05-05 01:52:31.996677+00:00
15444,33999,3710,0,2026-05-05 01:52:31.996677+00:00
15445,34009,3367,0,2026-05-05 01:52:31.996677+00:00
15446,34018,3719,0,2026-05-05 01:52:31.996677+00:00
15447,34021,5608,1,2026-05-05 01:52:31.996677+00:00
15448,34025,3710,1,2026-05-05 01:52:31.996677+00:00
15449,34028,3710,0,2026-05-05 01:52:31.996677+00:00
15450,34029,3209,0,2026-05-05 01:52:31.996677+00:00
15451,34031,3710,1,2026-05-05 01:52:31.996677+00:00
15452,34036,3367,0,2026-05-05 01:52:31.996677+00:00
15453,34037,3367,1,2026-05-05 01:52:31.996677+00:00
15454,34038,3710,0,2026-05-05 01:52:31.996677+00:00
15455,34039,3710,0,2026-05-05 01:52:31.996677+00:00
15456,34041,5715,0,2026-05-05 01:52:31.996677+00:00
15457,34044,5608,1,2026-05-05 01:52:31.996677+00:00
15458,34048,3710,0,2026-05-05 01:52:31.996677+00:00
15459,34049,5608,0,2026-05-05 01:52:31.996677+00:00
15460,34050,5608,0,2026-05-05 01:52:31.996677+00:00
15461,34055,3710,0,2026-05-05 01:52:31.996677+00:00
15462,34056,5717,0,2026-05-05 01:52:31.996677+00:00
15463,34060,3710,0,2026-05-05 01:52:31.996677+00:00
15464,34060,3367,0,2026-05-05 01:52:31.996677+00:00
15465,34062,5646,0,2026-05-05 01:52:31.996677+00:00
15466,34062,5717,0,2026-05-05 01:52:31.996677+00:00
15467,34064,5646,1,2026-05-05 01:52:31.996677+00:00
15468,34069,3710,-1,2026-05-05 01:52:31.996677+00:00
15469,34070,3710,0,2026-05-05 01:52:31.996677+00:00
15470,34072,3710,0,2026-05-05 01:52:31.996677+00:00
15471,34075,5717,0,2026-05-05 01:52:31.996677+00:00
15472,34078,5717,0,2026-05-05 01:52:31.996677+00:00
15473,34083,3710,-1,2026-05-05 01:52:31.996677+00:00
15474,34087,5717,0,2026-05-05 01:52:31.996677+00:00
15475,34088,5607,0,2026-05-05 01:52:31.996677+00:00
15476,34088,3710,0,2026-05-05 01:52:31.996677+00:00
15477,34089,5717,-1,2026-05-05 01:52:31.996677+00:00
15478,34090,3710,0,2026-05-05 01:52:31.996677+00:00
15479,34102,3710,-1,2026-05-05 01:52:31.996677+00:00
15480,34105,3710,-1,2026-05-05 01:52:31.996677+00:00
15481,34113,3710,-1,2026-05-05 01:52:31.996677+00:00
15482,34119,3367,0,2026-05-05 01:52:31.996677+00:00
15483,34123,3367,0,2026-05-05 01:52:31.996677+00:00
15484,34132,3367,0,2026-05-05 01:52:31.996677+00:00
15485,34133,3367,0,2026-05-05 01:52:31.996677+00:00
15486,34138,3719,0,2026-05-05 01:52:31.996677+00:00
15487,34142,3710,-1,2026-05-05 01:52:31.996677+00:00
15488,34145,3710,0,2026-05-05 01:52:31.996677+00:00
15489,34157,3710,0,2026-05-05 01:52:31.996677+00:00
15490,34162,3367,-1,2026-05-05 01:52:31.996677+00:00
15491,34163,3710,-1,2026-05-05 01:52:31.996677+00:00
15492,34163,3367,-1,2026-05-05 01:52:31.996677+00:00
15493,34171,3367,-1,2026-05-05 01:52:31.996677+00:00
15494,34172,3710,-1,2026-05-05 01:52:31.996677+00:00
15495,34173,3710,1,2026-05-05 01:52:31.996677+00:00
15496,34176,3367,-1,2026-05-05 01:52:31.996677+00:00
15497,34178,3710,0,2026-05-05 01:52:31.996677+00:00
15498,34182,3367,0,2026-05-05 01:52:31.996677+00:00
15499,34183,3710,1,2026-05-05 01:52:31.996677+00:00
15500,34187,3367,0,2026-05-05 01:52:31.996677+00:00
15501,34190,3367,0,2026-05-05 01:52:31.996677+00:00
15502,34196,3367,0,2026-05-05 01:52:31.996677+00:00
15503,34200,5715,0,2026-05-05 01:52:31.996677+00:00
15504,34203,5715,0,2026-05-05 01:52:31.996677+00:00
15505,34204,5717,0,2026-05-05 01:52:31.996677+00:00
15506,34207,3367,0,2026-05-05 01:52:31.996677+00:00
15507,34208,3710,0,2026-05-05 01:52:31.996677+00:00
15508,34208,3367,0,2026-05-05 01:52:31.996677+00:00
15509,34209,3719,0,2026-05-05 01:52:31.996677+00:00
15510,34209,3669,0,2026-05-05 01:52:31.996677+00:00
15511,34210,5717,0,2026-05-05 01:52:31.996677+00:00
15512,34214,3710,1,2026-05-05 01:52:31.996677+00:00
15513,34215,3367,0,2026-05-05 01:52:31.996677+00:00
15514,34216,3367,-1,2026-05-05 01:52:31.996677+00:00
15515,34218,3710,0,2026-05-05 01:52:31.996677+00:00
15516,34219,3710,0,2026-05-05 01:52:31.996677+00:00
15517,34219,3367,0,2026-05-05 01:52:31.996677+00:00
15518,34222,5656,0,2026-05-05 01:52:31.996677+00:00
15519,34223,3710,0,2026-05-05 01:52:31.996677+00:00
15520,34223,3367,0,2026-05-05 01:52:31.996677+00:00
15521,34224,3710,0,2026-05-05 01:52:31.996677+00:00
15522,34225,3710,0,2026-05-05 01:52:31.996677+00:00
15523,34228,3710,1,2026-05-05 01:52:31.996677+00:00
15524,34229,3710,0,2026-05-05 01:52:31.996677+00:00
15525,34231,3710,0,2026-05-05 01:52:31.996677+00:00
15526,34234,5717,0,2026-05-05 01:52:31.996677+00:00
15527,34239,3609,0,2026-05-05 01:52:31.996677+00:00
15528,34245,3367,0,2026-05-05 01:52:31.996677+00:00
15529,34249,3710,0,2026-05-05 01:52:31.996677+00:00
15530,34252,3710,1,2026-05-05 01:52:31.996677+00:00
15531,34258,3367,0,2026-05-05 01:52:31.996677+00:00
15532,34261,3367,0,2026-05-05 01:52:31.996677+00:00
15533,34263,3367,0,2026-05-05 01:52:31.996677+00:00
15534,34265,3710,0,2026-05-05 01:52:31.996677+00:00
15535,34269,3367,0,2026-05-05 01:52:31.996677+00:00
15536,34270,5717,0,2026-05-05 01:52:31.996677+00:00
15537,34271,3367,1,2026-05-05 01:52:31.996677+00:00
15538,34274,3710,-1,2026-05-05 01:52:31.996677+00:00
15539,34275,3710,1,2026-05-05 01:52:31.996677+00:00
15540,34276,5607,0,2026-05-05 01:52:31.996677+00:00
15541,34276,5717,0,2026-05-05 01:52:31.996677+00:00
15542,34277,3710,-1,2026-05-05 01:52:31.996677+00:00
15543,34277,3367,-1,2026-05-05 01:52:31.996677+00:00
15544,34278,3367,0,2026-05-05 01:52:31.996677+00:00
15545,34279,3367,0,2026-05-05 01:52:31.996677+00:00
15546,34280,3367,0,2026-05-05 01:52:31.996677+00:00
15547,34280,5717,0,2026-05-05 01:52:31.996677+00:00
15548,34281,5607,-1,2026-05-05 01:52:31.996677+00:00
15549,34281,5717,-1,2026-05-05 01:52:31.996677+00:00
15550,34282,3710,0,2026-05-05 01:52:31.996677+00:00
15551,34283,3710,-1,2026-05-05 01:52:31.996677+00:00
15552,34284,3710,0,2026-05-05 01:52:31.996677+00:00
15553,34286,3367,0,2026-05-05 01:52:31.996677+00:00
15554,34287,5596,0,2026-05-05 01:52:31.996677+00:00
15555,34288,3710,0,2026-05-05 01:52:31.996677+00:00
15556,34292,3367,0,2026-05-05 01:52:31.996677+00:00
15557,34294,3367,0,2026-05-05 01:52:31.996677+00:00
15558,34297,3367,0,2026-05-05 01:52:31.996677+00:00
15559,34298,3367,0,2026-05-05 01:52:31.996677+00:00
15560,34299,3367,0,2026-05-05 01:52:31.996677+00:00
15561,34300,3367,-1,2026-05-05 01:52:31.996677+00:00
15562,34302,3367,0,2026-05-05 01:52:31.996677+00:00
15563,34303,3367,1,2026-05-05 01:52:31.996677+00:00
15564,34305,3367,-1,2026-05-05 01:52:31.996677+00:00
15565,34306,3367,0,2026-05-05 01:52:31.996677+00:00
15566,34309,3367,0,2026-05-05 01:52:31.996677+00:00
15567,34311,5607,0,2026-05-05 01:52:31.996677+00:00
15568,34313,3710,0,2026-05-05 01:52:31.996677+00:00
15569,34314,3367,0,2026-05-05 01:52:31.996677+00:00
15570,34315,3367,0,2026-05-05 01:52:31.996677+00:00
15571,34316,3367,1,2026-05-05 01:52:31.996677+00:00
15572,34317,3710,0,2026-05-05 01:52:31.996677+00:00
15573,34318,3367,0,2026-05-05 01:52:31.996677+00:00
15574,34319,3367,0,2026-05-05 01:52:31.996677+00:00
15575,34320,3367,0,2026-05-05 01:52:31.996677+00:00
15576,34321,5715,0,2026-05-05 01:52:31.996677+00:00
15577,34327,5596,-1,2026-05-05 01:52:31.996677+00:00
15578,34328,5596,1,2026-05-05 01:52:31.996677+00:00
15579,34329,3710,1,2026-05-05 01:52:31.996677+00:00
15580,34329,3367,1,2026-05-05 01:52:31.996677+00:00
15581,34330,3710,1,2026-05-05 01:52:31.996677+00:00
15582,34334,3710,1,2026-05-05 01:52:31.996677+00:00
15583,34336,3710,0,2026-05-05 01:52:31.996677+00:00
15584,34339,3367,0,2026-05-05 01:52:31.996677+00:00
15585,34340,5596,1,2026-05-05 01:52:31.996677+00:00
15586,34344,3710,1,2026-05-05 01:52:31.996677+00:00
15587,34355,5591,0,2026-05-05 01:52:31.996677+00:00
15588,34357,5717,0,2026-05-05 01:52:31.996677+00:00
15589,34359,5607,1,2026-05-05 01:52:31.996677+00:00
15590,34360,5607,1,2026-05-05 01:52:31.996677+00:00
15591,34364,3710,1,2026-05-05 01:52:31.996677+00:00
15592,34372,3710,0,2026-05-05 01:52:31.996677+00:00
15593,34373,3367,0,2026-05-05 01:52:31.996677+00:00
15594,34375,3367,0,2026-05-05 01:52:31.996677+00:00
15595,34377,3367,0,2026-05-05 01:52:31.996677+00:00
15596,34377,3710,0,2026-05-05 01:52:31.996677+00:00
15597,34378,3367,0,2026-05-05 01:52:31.996677+00:00
15598,34380,3367,0,2026-05-05 01:52:31.996677+00:00
15599,34384,3367,0,2026-05-05 01:52:31.996677+00:00
15600,34387,3367,0,2026-05-05 01:52:31.996677+00:00
15601,34388,5715,0,2026-05-05 01:52:31.996677+00:00
15602,34389,3367,0,2026-05-05 01:52:31.996677+00:00
15603,34390,3710,0,2026-05-05 01:52:31.996677+00:00
15604,34395,5715,0,2026-05-05 01:52:31.996677+00:00
15605,34396,3609,-1,2026-05-05 01:52:31.996677+00:00
15606,34411,5715,0,2026-05-05 01:52:31.996677+00:00
15607,34417,3367,0,2026-05-05 01:52:31.996677+00:00
15608,34424,3710,-1,2026-05-05 01:52:31.996677+00:00
15609,34427,3367,0,2026-05-05 01:52:31.996677+00:00
15610,34428,5715,0,2026-05-05 01:52:31.996677+00:00
15611,34429,3367,0,2026-05-05 01:52:31.996677+00:00
15612,34430,3367,1,2026-05-05 01:52:31.996677+00:00
15613,34434,5716,-1,2026-05-05 01:52:31.996677+00:00
15614,34436,3367,0,2026-05-05 01:52:31.996677+00:00
15615,34438,3367,0,2026-05-05 01:52:31.996677+00:00
15616,34439,3367,0,2026-05-05 01:52:31.996677+00:00
15617,34453,3367,0,2026-05-05 01:52:31.996677+00:00
15618,34458,3367,0,2026-05-05 01:52:31.996677+00:00
15619,34461,3367,0,2026-05-05 01:52:31.996677+00:00
15620,34472,3609,0,2026-05-05 01:52:31.996677+00:00
15621,34475,5646,1,2026-05-05 01:52:31.996677+00:00
15622,34481,5715,-1,2026-05-05 01:52:31.996677+00:00
15623,34483,3608,0,2026-05-05 01:52:31.996677+00:00
15624,34483,3609,0,2026-05-05 01:52:31.996677+00:00
15625,34488,3608,0,2026-05-05 01:52:31.996677+00:00
15626,34488,3609,0,2026-05-05 01:52:31.996677+00:00
15627,34489,3719,0,2026-05-05 01:52:31.996677+00:00
15628,34489,3710,0,2026-05-05 01:52:31.996677+00:00
15629,34489,3367,0,2026-05-05 01:52:31.996677+00:00
15630,34493,3710,0,2026-05-05 01:52:31.996677+00:00
15631,34494,3710,1,2026-05-05 01:52:31.996677+00:00
15632,34495,3710,1,2026-05-05 01:52:31.996677+00:00
15633,34496,3367,0,2026-05-05 01:52:31.996677+00:00
15634,34503,3608,0,2026-05-05 01:52:31.996677+00:00
15635,34505,3609,0,2026-05-05 01:52:31.996677+00:00
15636,34508,3710,1,2026-05-05 01:52:31.996677+00:00
15637,34510,3609,0,2026-05-05 01:52:31.996677+00:00
15638,34511,3608,0,2026-05-05 01:52:31.996677+00:00
15639,34514,3609,0,2026-05-05 01:52:31.996677+00:00
15640,34520,3367,1,2026-05-05 01:52:31.996677+00:00
15641,34530,3367,0,2026-05-05 01:52:31.996677+00:00
15642,34539,5713,-1,2026-05-05 01:52:31.996677+00:00
15643,34544,5715,0,2026-05-05 01:52:31.996677+00:00
15644,34548,5715,0,2026-05-05 01:52:31.996677+00:00
15645,34549,5715,0,2026-05-05 01:52:31.996677+00:00
15646,34550,3608,0,2026-05-05 01:52:31.996677+00:00
15647,34552,5646,1,2026-05-05 01:52:31.996677+00:00
15648,34555,3367,0,2026-05-05 01:52:31.996677+00:00
15649,34558,3367,0,2026-05-05 01:52:31.996677+00:00
15650,34559,3367,0,2026-05-05 01:52:31.996677+00:00
15651,34562,3710,0,2026-05-05 01:52:31.996677+00:00
15652,34565,3367,0,2026-05-05 01:52:31.996677+00:00
15653,34565,5717,0,2026-05-05 01:52:31.996677+00:00
15654,34575,3367,0,2026-05-05 01:52:31.996677+00:00
15655,34579,3710,1,2026-05-05 01:52:31.996677+00:00
15656,34581,3367,1,2026-05-05 01:52:31.996677+00:00
15657,34583,3710,0,2026-05-05 01:52:31.996677+00:00
15658,34584,3367,0,2026-05-05 01:52:31.996677+00:00
15659,34590,2985,1,2026-05-05 01:52:31.996677+00:00
15660,34593,3367,0,2026-05-05 01:52:31.996677+00:00
15661,34596,5717,0,2026-05-05 01:52:31.996677+00:00
15662,34600,3710,0,2026-05-05 01:52:31.996677+00:00
15663,34604,3367,-1,2026-05-05 01:52:31.996677+00:00
15664,34611,3710,-1,2026-05-05 01:52:31.996677+00:00
15665,34611,3367,-1,2026-05-05 01:52:31.996677+00:00
15666,34616,3367,0,2026-05-05 01:52:31.996677+00:00
15667,34617,3367,0,2026-05-05 01:52:31.996677+00:00
15668,34617,3209,0,2026-05-05 01:52:31.996677+00:00
15669,34622,3367,1,2026-05-05 01:52:31.996677+00:00
15670,34622,3710,1,2026-05-05 01:52:31.996677+00:00
15671,34624,3710,-1,2026-05-05 01:52:31.996677+00:00
15672,34626,5717,0,2026-05-05 01:52:31.996677+00:00
15673,34634,3710,0,2026-05-05 01:52:31.996677+00:00
15674,34637,3609,0,2026-05-05 01:52:31.996677+00:00
15675,34645,3608,0,2026-05-05 01:52:31.996677+00:00
15676,34649,3608,0,2026-05-05 01:52:31.996677+00:00
15677,34651,5715,-1,2026-05-05 01:52:31.996677+00:00
15678,34654,3608,0,2026-05-05 01:52:31.996677+00:00
15679,34655,3341,1,2026-05-05 01:52:31.996677+00:00
15680,34658,3710,0,2026-05-05 01:52:31.996677+00:00
15681,34658,3367,0,2026-05-05 01:52:31.996677+00:00
15682,34661,3710,0,2026-05-05 01:52:31.996677+00:00
15683,34662,5715,1,2026-05-05 01:52:31.996677+00:00
15684,34663,5596,0,2026-05-05 01:52:31.996677+00:00
15685,34665,5715,0,2026-05-05 01:52:31.996677+00:00
15686,34666,3669,0,2026-05-05 01:52:31.996677+00:00
15687,34670,5715,0,2026-05-05 01:52:31.996677+00:00
15688,34673,3209,0,2026-05-05 01:52:31.996677+00:00
15689,34673,3016,0,2026-05-05 01:52:31.996677+00:00
15690,34675,3608,0,2026-05-05 01:52:31.996677+00:00
15691,34677,3719,0,2026-05-05 01:52:31.996677+00:00
15692,34681,3609,0,2026-05-05 01:52:31.996677+00:00
15693,34685,2985,0,2026-05-05 01:52:31.996677+00:00
15694,34688,3609,0,2026-05-05 01:52:31.996677+00:00
15695,34689,3710,0,2026-05-05 01:52:31.996677+00:00
15696,34690,3608,0,2026-05-05 01:52:31.996677+00:00
15697,34694,5716,0,2026-05-05 01:52:31.996677+00:00
15698,34695,3608,0,2026-05-05 01:52:31.996677+00:00
15699,34696,3016,1,2026-05-05 01:52:31.996677+00:00
15700,34697,3016,0,2026-05-05 01:52:31.996677+00:00
15701,34701,3608,0,2026-05-05 01:52:31.996677+00:00
15702,34701,3609,0,2026-05-05 01:52:31.996677+00:00
15703,34703,3068,0,2026-05-05 01:52:31.996677+00:00
15704,34707,5715,0,2026-05-05 01:52:31.996677+00:00
15705,34708,3016,0,2026-05-05 01:52:31.996677+00:00
15706,34714,3710,-1,2026-05-05 01:52:31.996677+00:00
15707,34717,3608,1,2026-05-05 01:52:31.996677+00:00
15708,34720,3608,0,2026-05-05 01:52:31.996677+00:00
15709,34724,5596,-1,2026-05-05 01:52:31.996677+00:00
15710,34725,3367,0,2026-05-05 01:52:31.996677+00:00
15711,34725,3710,0,2026-05-05 01:52:31.996677+00:00
15712,34728,3367,0,2026-05-05 01:52:31.996677+00:00
15713,34729,3608,-1,2026-05-05 01:52:31.996677+00:00
15714,34729,3609,-1,2026-05-05 01:52:31.996677+00:00
15715,34734,3367,0,2026-05-05 01:52:31.996677+00:00
15716,34736,3710,0,2026-05-05 01:52:31.996677+00:00
15717,34736,3367,0,2026-05-05 01:52:31.996677+00:00
15718,34742,3609,0,2026-05-05 01:52:31.996677+00:00
15719,34748,5715,0,2026-05-05 01:52:31.996677+00:00
15720,34750,3367,1,2026-05-05 01:52:31.996677+00:00
15721,34755,3367,0,2026-05-05 01:52:31.996677+00:00
15722,34756,3609,1,2026-05-05 01:52:31.996677+00:00
15723,34757,5717,0,2026-05-05 01:52:31.996677+00:00
15724,34759,3550,0,2026-05-05 01:52:31.996677+00:00
15725,34766,3608,0,2026-05-05 01:52:31.996677+00:00
15726,34766,3609,0,2026-05-05 01:52:31.996677+00:00
15727,34767,3710,0,2026-05-05 01:52:31.996677+00:00
15728,34767,3367,0,2026-05-05 01:52:31.996677+00:00
15729,34769,5715,0,2026-05-05 01:52:31.996677+00:00
15730,34772,5715,0,2026-05-05 01:52:31.996677+00:00
15731,34775,3367,0,2026-05-05 01:52:31.996677+00:00
15732,34784,3710,-1,2026-05-05 01:52:31.996677+00:00
15733,34784,3367,-1,2026-05-05 01:52:31.996677+00:00
15734,34789,3367,1,2026-05-05 01:52:31.996677+00:00
15735,34792,3367,0,2026-05-05 01:52:31.996677+00:00
15736,34793,3710,0,2026-05-05 01:52:31.996677+00:00
15737,34795,3710,0,2026-05-05 01:52:31.996677+00:00
15738,34799,3367,0,2026-05-05 01:52:31.996677+00:00
15739,34801,3367,0,2026-05-05 01:52:31.996677+00:00
15740,34803,3367,0,2026-05-05 01:52:31.996677+00:00
15741,34804,3608,1,2026-05-05 01:52:31.996677+00:00
15742,34805,3367,0,2026-05-05 01:52:31.996677+00:00
15743,34807,3608,1,2026-05-05 01:52:31.996677+00:00
15744,34807,3710,1,2026-05-05 01:52:31.996677+00:00
15745,34808,3367,0,2026-05-05 01:52:31.996677+00:00
15746,34810,3550,0,2026-05-05 01:52:31.996677+00:00
15747,34811,3710,1,2026-05-05 01:52:31.996677+00:00
15748,34811,3367,1,2026-05-05 01:52:31.996677+00:00
15749,34825,3367,0,2026-05-05 01:52:31.996677+00:00
15750,34843,3710,0,2026-05-05 01:52:31.996677+00:00
15751,34845,3710,0,2026-05-05 01:52:31.996677+00:00
15752,34845,5591,0,2026-05-05 01:52:31.996677+00:00
15753,34854,3710,0,2026-05-05 01:52:31.996677+00:00
15754,34857,5715,0,2026-05-05 01:52:31.996677+00:00
15755,34859,3710,0,2026-05-05 01:52:31.996677+00:00
15756,34864,3710,0,2026-05-05 01:52:31.996677+00:00
15757,34868,3710,0,2026-05-05 01:52:31.996677+00:00
15758,34877,3710,1,2026-05-05 01:52:31.996677+00:00
15759,34888,3367,0,2026-05-05 01:52:31.996677+00:00
15760,34894,3608,0,2026-05-05 01:52:31.996677+00:00
15761,34894,3609,0,2026-05-05 01:52:31.996677+00:00
15762,34896,3367,0,2026-05-05 01:52:31.996677+00:00
15763,34897,5717,0,2026-05-05 01:52:31.996677+00:00
15764,34904,3710,0,2026-05-05 01:52:31.996677+00:00
15765,34905,3710,0,2026-05-05 01:52:31.996677+00:00
15766,34907,3710,0,2026-05-05 01:52:31.996677+00:00
15767,34908,3710,0,2026-05-05 01:52:31.996677+00:00
15768,34908,3367,0,2026-05-05 01:52:31.996677+00:00
15769,34909,3367,0,2026-05-05 01:52:31.996677+00:00
15770,34909,3710,0,2026-05-05 01:52:31.996677+00:00
15771,34911,5717,0,2026-05-05 01:52:31.996677+00:00
15772,34915,3367,1,2026-05-05 01:52:31.996677+00:00
15773,34917,3367,0,2026-05-05 01:52:31.996677+00:00
15774,34917,5595,0,2026-05-05 01:52:31.996677+00:00
15775,34919,3609,1,2026-05-05 01:52:31.996677+00:00
15776,34921,3710,0,2026-05-05 01:52:31.996677+00:00
15777,34923,3609,1,2026-05-05 01:52:31.996677+00:00
15778,34924,3367,0,2026-05-05 01:52:31.996677+00:00
15779,34930,3609,0,2026-05-05 01:52:31.996677+00:00
15780,34932,3367,0,2026-05-05 01:52:31.996677+00:00
15781,34943,5648,0,2026-05-05 01:52:31.996677+00:00
15782,34943,5643,0,2026-05-05 01:52:31.996677+00:00
15783,34944,5717,0,2026-05-05 01:52:31.996677+00:00
15784,34949,3710,0,2026-05-05 01:52:31.996677+00:00
15785,34956,5599,0,2026-05-05 01:52:31.996677+00:00
15786,34957,5715,1,2026-05-05 01:52:31.996677+00:00
15787,34970,3367,0,2026-05-05 01:52:31.996677+00:00
15788,34975,5718,1,2026-05-05 01:52:31.996677+00:00
15789,34988,3710,0,2026-05-05 01:52:31.996677+00:00
15790,34989,3710,0,2026-05-05 01:52:31.996677+00:00
15791,34989,3367,0,2026-05-05 01:52:31.996677+00:00
15792,34992,5718,0,2026-05-05 01:52:31.996677+00:00
15793,34997,3367,0,2026-05-05 01:52:31.996677+00:00
15794,34999,5717,0,2026-05-05 01:52:31.996677+00:00
15795,35004,5717,0,2026-05-05 01:52:31.996677+00:00
15796,35008,5717,0,2026-05-05 01:52:31.996677+00:00
15797,35013,3719,0,2026-05-05 01:52:31.996677+00:00
15798,35030,3710,0,2026-05-05 01:52:31.996677+00:00
15799,35038,5607,0,2026-05-05 01:52:31.996677+00:00
15800,35038,3710,0,2026-05-05 01:52:31.996677+00:00
15801,35038,3367,0,2026-05-05 01:52:31.996677+00:00
15802,35059,3710,0,2026-05-05 01:52:31.996677+00:00
15803,35063,5607,0,2026-05-05 01:52:31.996677+00:00
15804,35063,5719,0,2026-05-05 01:52:31.996677+00:00
15805,35064,3710,1,2026-05-05 01:52:31.996677+00:00
15806,35066,5718,0,2026-05-05 01:52:31.996677+00:00
15807,35067,5607,-1,2026-05-05 01:52:31.996677+00:00
15808,35072,3710,0,2026-05-05 01:52:31.996677+00:00
15809,35074,3710,0,2026-05-05 01:52:31.996677+00:00
15810,35074,3367,0,2026-05-05 01:52:31.996677+00:00
15811,35084,5607,0,2026-05-05 01:52:31.996677+00:00
15812,35088,3710,-1,2026-05-05 01:52:31.996677+00:00
15813,35095,5644,0,2026-05-05 01:52:31.996677+00:00
15814,35109,3367,1,2026-05-05 01:52:31.996677+00:00
15815,35121,5595,1,2026-05-05 01:52:31.996677+00:00
15816,35127,5717,0,2026-05-05 01:52:31.996677+00:00
15817,35137,3367,0,2026-05-05 01:52:31.996677+00:00
15818,35138,3710,0,2026-05-05 01:52:31.996677+00:00
15819,35140,3710,0,2026-05-05 01:52:31.996677+00:00
15820,35140,3367,0,2026-05-05 01:52:31.996677+00:00
15821,35141,3710,0,2026-05-05 01:52:31.996677+00:00
15822,35149,3367,0,2026-05-05 01:52:31.996677+00:00
15823,35155,3609,0,2026-05-05 01:52:31.996677+00:00
15824,35155,3209,0,2026-05-05 01:52:31.996677+00:00
15825,35162,3710,-1,2026-05-05 01:52:31.996677+00:00
15826,35162,3367,-1,2026-05-05 01:52:31.996677+00:00
15827,35172,3710,0,2026-05-05 01:52:31.996677+00:00
15828,35175,3710,0,2026-05-05 01:52:31.996677+00:00
15829,35176,3316,1,2026-05-05 01:52:31.996677+00:00
15830,35176,3719,1,2026-05-05 01:52:31.996677+00:00
15831,35178,3367,0,2026-05-05 01:52:31.996677+00:00
15832,35179,3367,0,2026-05-05 01:52:31.996677+00:00
15833,35179,3710,0,2026-05-05 01:52:31.996677+00:00
15834,35180,5608,1,2026-05-05 01:52:31.996677+00:00
15835,35182,5717,-1,2026-05-05 01:52:31.996677+00:00
15836,35183,3710,-1,2026-05-05 01:52:31.996677+00:00
15837,35187,3367,1,2026-05-05 01:52:31.996677+00:00
15838,35190,3609,0,2026-05-05 01:52:31.996677+00:00
15839,35197,3710,0,2026-05-05 01:52:31.996677+00:00
15840,35199,5592,-1,2026-05-05 01:52:31.996677+00:00
15841,35202,3710,1,2026-05-05 01:52:31.996677+00:00
15842,35203,3609,0,2026-05-05 01:52:31.996677+00:00
15843,35205,3710,0,2026-05-05 01:52:31.996677+00:00
15844,35206,3710,0,2026-05-05 01:52:31.996677+00:00
15845,35209,3710,0,2026-05-05 01:52:31.996677+00:00
15846,35210,5599,0,2026-05-05 01:52:31.996677+00:00
15847,35211,3609,0,2026-05-05 01:52:31.996677+00:00
15848,35214,3710,0,2026-05-05 01:52:31.996677+00:00
15849,35215,3609,0,2026-05-05 01:52:31.996677+00:00
15850,35216,3609,0,2026-05-05 01:52:31.996677+00:00
15851,35218,5599,0,2026-05-05 01:52:31.996677+00:00
15852,35228,3367,0,2026-05-05 01:52:31.996677+00:00
15853,35228,5610,0,2026-05-05 01:52:31.996677+00:00
15854,35229,3710,0,2026-05-05 01:52:31.996677+00:00
15855,35233,5717,0,2026-05-05 01:52:31.996677+00:00
15856,35235,3710,1,2026-05-05 01:52:31.996677+00:00
15857,35236,3609,0,2026-05-05 01:52:31.996677+00:00
15858,35238,3710,0,2026-05-05 01:52:31.996677+00:00
15859,35239,3710,1,2026-05-05 01:52:31.996677+00:00
15860,35246,5607,0,2026-05-05 01:52:31.996677+00:00
15861,35250,5608,0,2026-05-05 01:52:31.996677+00:00
15862,35259,3367,0,2026-05-05 01:52:31.996677+00:00
15863,35262,3710,0,2026-05-05 01:52:31.996677+00:00
15864,35263,3367,0,2026-05-05 01:52:31.996677+00:00
15865,35265,5592,0,2026-05-05 01:52:31.996677+00:00
15866,35271,3710,0,2026-05-05 01:52:31.996677+00:00
15867,35271,3367,0,2026-05-05 01:52:31.996677+00:00
15868,35271,5610,0,2026-05-05 01:52:31.996677+00:00
15869,35282,3710,0,2026-05-05 01:52:31.996677+00:00
15870,35286,3710,0,2026-05-05 01:52:31.996677+00:00
15871,35292,3710,0,2026-05-05 01:52:31.996677+00:00
15872,35296,3367,0,2026-05-05 01:52:31.996677+00:00
15873,35299,3710,0,2026-05-05 01:52:31.996677+00:00
15874,35301,3710,0,2026-05-05 01:52:31.996677+00:00
15875,35302,5717,0,2026-05-05 01:52:31.996677+00:00
15876,35303,3710,0,2026-05-05 01:52:31.996677+00:00
15877,35304,3609,0,2026-05-05 01:52:31.996677+00:00
15878,35305,3669,0,2026-05-05 01:52:31.996677+00:00
15879,35306,5610,-1,2026-05-05 01:52:31.996677+00:00
15880,35312,3367,0,2026-05-05 01:52:31.996677+00:00
15881,35314,5610,0,2026-05-05 01:52:31.996677+00:00
15882,35328,3367,0,2026-05-05 01:52:31.996677+00:00
15883,35332,3710,0,2026-05-05 01:52:31.996677+00:00
15884,35334,3367,0,2026-05-05 01:52:31.996677+00:00
15885,35342,5604,0,2026-05-05 01:52:31.996677+00:00
15886,35342,5596,0,2026-05-05 01:52:31.996677+00:00
15887,35344,3367,0,2026-05-05 01:52:31.996677+00:00
15888,35345,3016,0,2026-05-05 01:52:31.996677+00:00
15889,35352,3710,0,2026-05-05 01:52:31.996677+00:00
15890,35353,3710,0,2026-05-05 01:52:31.996677+00:00
15891,35354,3016,0,2026-05-05 01:52:31.996677+00:00
15892,35356,3710,1,2026-05-05 01:52:31.996677+00:00
15893,35358,3710,-1,2026-05-05 01:52:31.996677+00:00
15894,35362,3367,0,2026-05-05 01:52:31.996677+00:00
15895,35363,3367,1,2026-05-05 01:52:31.996677+00:00
15896,35365,3710,0,2026-05-05 01:52:31.996677+00:00
15897,35370,3367,0,2026-05-05 01:52:31.996677+00:00
15898,35371,5715,1,2026-05-05 01:52:31.996677+00:00
15899,35373,3710,1,2026-05-05 01:52:31.996677+00:00
15900,35373,3367,1,2026-05-05 01:52:31.996677+00:00
15901,35374,3710,1,2026-05-05 01:52:31.996677+00:00
15902,35374,3367,1,2026-05-05 01:52:31.996677+00:00
15903,35375,3710,1,2026-05-05 01:52:31.996677+00:00
15904,35375,3367,1,2026-05-05 01:52:31.996677+00:00
15905,35376,3367,0,2026-05-05 01:52:31.996677+00:00
15906,35380,3669,1,2026-05-05 01:52:31.996677+00:00
15907,35383,3710,0,2026-05-05 01:52:31.996677+00:00
15908,35397,5715,1,2026-05-05 01:52:31.996677+00:00
15909,35398,3609,1,2026-05-05 01:52:31.996677+00:00
15910,35414,3710,0,2026-05-05 01:52:31.996677+00:00
15911,35414,3367,0,2026-05-05 01:52:31.996677+00:00
15912,35414,5610,0,2026-05-05 01:52:31.996677+00:00
15913,35416,3719,0,2026-05-05 01:52:31.996677+00:00
15914,35419,3609,1,2026-05-05 01:52:31.996677+00:00
15915,35420,3550,0,2026-05-05 01:52:31.996677+00:00
15916,35422,5593,1,2026-05-05 01:52:31.996677+00:00
15917,35424,3719,0,2026-05-05 01:52:31.996677+00:00
15918,35425,5596,0,2026-05-05 01:52:31.996677+00:00
15919,35426,3710,1,2026-05-05 01:52:31.996677+00:00
15920,35426,3367,1,2026-05-05 01:52:31.996677+00:00
15921,35427,3209,0,2026-05-05 01:52:31.996677+00:00
15922,35434,3029,0,2026-05-05 01:52:31.996677+00:00
15923,35435,5610,0,2026-05-05 01:52:31.996677+00:00
15924,35441,5646,0,2026-05-05 01:52:31.996677+00:00
15925,35442,5596,1,2026-05-05 01:52:31.996677+00:00
15926,35447,3710,0,2026-05-05 01:52:31.996677+00:00
15927,35449,5596,0,2026-05-05 01:52:31.996677+00:00
15928,35452,5595,1,2026-05-05 01:52:31.996677+00:00
15929,35452,5607,1,2026-05-05 01:52:31.996677+00:00
15930,35457,5595,0,2026-05-05 01:52:31.996677+00:00
15931,35458,5595,0,2026-05-05 01:52:31.996677+00:00
15932,35480,3367,-1,2026-05-05 01:52:31.996677+00:00
15933,35488,3367,1,2026-05-05 01:52:31.996677+00:00
15934,35491,3710,1,2026-05-05 01:52:31.996677+00:00
15935,35491,3719,1,2026-05-05 01:52:31.996677+00:00
15936,35496,3367,-1,2026-05-05 01:52:31.996677+00:00
15937,35497,3710,1,2026-05-05 01:52:31.996677+00:00
15938,35498,3710,-1,2026-05-05 01:52:31.996677+00:00
15939,35499,5717,0,2026-05-05 01:52:31.996677+00:00
15940,35501,5614,0,2026-05-05 01:52:31.996677+00:00
15941,35502,3710,0,2026-05-05 01:52:31.996677+00:00
15942,35502,3209,0,2026-05-05 01:52:31.996677+00:00
15943,35504,3367,0,2026-05-05 01:52:31.996677+00:00
15944,35511,3710,0,2026-05-05 01:52:31.996677+00:00
15945,35511,3367,0,2026-05-05 01:52:31.996677+00:00
15946,35511,5717,0,2026-05-05 01:52:31.996677+00:00
15947,35515,5717,1,2026-05-05 01:52:31.996677+00:00
15948,35522,3710,1,2026-05-05 01:52:31.996677+00:00
15949,35523,3669,0,2026-05-05 01:52:31.996677+00:00
15950,35532,3367,0,2026-05-05 01:52:31.996677+00:00
15951,35532,3710,0,2026-05-05 01:52:31.996677+00:00
15952,35535,3016,0,2026-05-05 01:52:31.996677+00:00
15953,35541,3710,0,2026-05-05 01:52:31.996677+00:00
15954,35541,3367,0,2026-05-05 01:52:31.996677+00:00
15955,35543,3710,0,2026-05-05 01:52:31.996677+00:00
15956,35543,3367,0,2026-05-05 01:52:31.996677+00:00
15957,35546,3710,1,2026-05-05 01:52:31.996677+00:00
15958,35549,3367,0,2026-05-05 01:52:31.996677+00:00
15959,35551,5717,0,2026-05-05 01:52:31.996677+00:00
15960,35552,3710,0,2026-05-05 01:52:31.996677+00:00
15961,35557,3367,0,2026-05-05 01:52:31.996677+00:00
15962,35564,3719,0,2026-05-05 01:52:31.996677+00:00
15963,35567,3609,1,2026-05-05 01:52:31.996677+00:00
15964,35568,3710,0,2026-05-05 01:52:31.996677+00:00
15965,35569,3367,0,2026-05-05 01:52:31.996677+00:00
15966,35571,3710,-1,2026-05-05 01:52:31.996677+00:00
15967,35571,3367,-1,2026-05-05 01:52:31.996677+00:00
15968,35576,3609,0,2026-05-05 01:52:31.996677+00:00
15969,35578,3710,-1,2026-05-05 01:52:31.996677+00:00
15970,35579,3710,0,2026-05-05 01:52:31.996677+00:00
15971,35580,3710,0,2026-05-05 01:52:31.996677+00:00
15972,35580,3367,0,2026-05-05 01:52:31.996677+00:00
15973,35583,3710,-1,2026-05-05 01:52:31.996677+00:00
15974,35583,3367,-1,2026-05-05 01:52:31.996677+00:00
15975,35585,3367,0,2026-05-05 01:52:31.996677+00:00
15976,35588,3367,-1,2026-05-05 01:52:31.996677+00:00
15977,35589,3710,0,2026-05-05 01:52:31.996677+00:00
15978,35593,3367,0,2026-05-05 01:52:31.996677+00:00
15979,35597,3609,0,2026-05-05 01:52:31.996677+00:00
15980,35598,3609,0,2026-05-05 01:52:31.996677+00:00
15981,35600,3609,1,2026-05-05 01:52:31.996677+00:00
15982,35601,3367,0,2026-05-05 01:52:31.996677+00:00
15983,35602,3710,0,2026-05-05 01:52:31.996677+00:00
15984,35602,3367,0,2026-05-05 01:52:31.996677+00:00
15985,35603,3367,0,2026-05-05 01:52:31.996677+00:00
15986,35604,3367,0,2026-05-05 01:52:31.996677+00:00
15987,35607,3710,0,2026-05-05 01:52:31.996677+00:00
15988,35612,3710,0,2026-05-05 01:52:31.996677+00:00
15989,35612,3367,0,2026-05-05 01:52:31.996677+00:00
15990,35615,5611,1,2026-05-05 01:52:31.996677+00:00
15991,35623,5593,1,2026-05-05 01:52:31.996677+00:00
15992,35624,5595,0,2026-05-05 01:52:31.996677+00:00
15993,35632,3719,0,2026-05-05 01:52:31.996677+00:00
15994,35634,5592,0,2026-05-05 01:52:31.996677+00:00
15995,35638,5719,0,2026-05-05 01:52:31.996677+00:00
15996,35639,3367,0,2026-05-05 01:52:31.996677+00:00
15997,35641,3710,0,2026-05-05 01:52:31.996677+00:00
15998,35644,3710,1,2026-05-05 01:52:31.996677+00:00
15999,35645,3016,0,2026-05-05 01:52:31.996677+00:00
16000,35649,5719,1,2026-05-05 01:52:31.996677+00:00
16001,35650,3367,0,2026-05-05 01:52:31.996677+00:00
16002,35652,3710,1,2026-05-05 01:52:31.996677+00:00
16003,35653,5715,0,2026-05-05 01:52:31.996677+00:00
16004,35661,5715,0,2026-05-05 01:52:31.996677+00:00
16005,35666,3710,0,2026-05-05 01:52:31.996677+00:00
16006,35668,3710,-1,2026-05-05 01:52:31.996677+00:00
16007,35669,3016,0,2026-05-05 01:52:31.996677+00:00
16008,35671,3367,0,2026-05-05 01:52:31.996677+00:00
16009,35671,3710,0,2026-05-05 01:52:31.996677+00:00
16010,35672,3367,-1,2026-05-05 01:52:31.996677+00:00
16011,35674,3710,0,2026-05-05 01:52:31.996677+00:00
16012,35677,3710,0,2026-05-05 01:52:31.996677+00:00
16013,35679,3209,0,2026-05-05 01:52:31.996677+00:00
16014,35682,3367,1,2026-05-05 01:52:31.996677+00:00
16015,35682,5717,1,2026-05-05 01:52:31.996677+00:00
16016,35682,3710,1,2026-05-05 01:52:31.996677+00:00
16017,35684,3710,0,2026-05-05 01:52:31.996677+00:00
16018,35691,3367,0,2026-05-05 01:52:31.996677+00:00
16019,35691,3710,0,2026-05-05 01:52:31.996677+00:00
16020,35696,3710,0,2026-05-05 01:52:31.996677+00:00
16021,35709,3710,0,2026-05-05 01:52:31.996677+00:00
16022,35713,3367,1,2026-05-05 01:52:31.996677+00:00
16023,35715,3710,0,2026-05-05 01:52:31.996677+00:00
16024,35718,3710,0,2026-05-05 01:52:31.996677+00:00
16025,35718,3367,0,2026-05-05 01:52:31.996677+00:00
16026,35724,3367,0,2026-05-05 01:52:31.996677+00:00
16027,35725,3367,-1,2026-05-05 01:52:31.996677+00:00
16028,35726,3710,0,2026-05-05 01:52:31.996677+00:00
16029,35728,3710,1,2026-05-05 01:52:31.996677+00:00
16030,35729,3710,1,2026-05-05 01:52:31.996677+00:00
16031,35729,3367,1,2026-05-05 01:52:31.996677+00:00
16032,35731,3710,0,2026-05-05 01:52:31.996677+00:00
16033,35732,3367,0,2026-05-05 01:52:31.996677+00:00
16034,35732,3710,0,2026-05-05 01:52:31.996677+00:00
16035,35734,3367,0,2026-05-05 01:52:31.996677+00:00
16036,35737,3710,0,2026-05-05 01:52:31.996677+00:00
16037,35742,3367,1,2026-05-05 01:52:31.996677+00:00
16038,35744,3367,0,2026-05-05 01:52:31.996677+00:00
16039,35745,5607,0,2026-05-05 01:52:31.996677+00:00
16040,35747,3710,0,2026-05-05 01:52:31.996677+00:00
16041,35747,3367,0,2026-05-05 01:52:31.996677+00:00
16042,35748,3367,0,2026-05-05 01:52:31.996677+00:00
16043,35751,5717,0,2026-05-05 01:52:31.996677+00:00
16044,35752,3710,1,2026-05-05 01:52:31.996677+00:00
16045,35752,3367,1,2026-05-05 01:52:31.996677+00:00
16046,35755,3367,0,2026-05-05 01:52:31.996677+00:00
16047,35757,3367,0,2026-05-05 01:52:31.996677+00:00
16048,35758,5717,0,2026-05-05 01:52:31.996677+00:00
16049,35760,3367,0,2026-05-05 01:52:31.996677+00:00
16050,35763,3710,-1,2026-05-05 01:52:31.996677+00:00
16051,35764,3367,0,2026-05-05 01:52:31.996677+00:00
16052,35765,3710,0,2026-05-05 01:52:31.996677+00:00
16053,35767,3367,1,2026-05-05 01:52:31.996677+00:00
16054,35771,3367,0,2026-05-05 01:52:31.996677+00:00
16055,35772,3609,0,2026-05-05 01:52:31.996677+00:00
16056,35776,3609,1,2026-05-05 01:52:31.996677+00:00
16057,35778,5717,0,2026-05-05 01:52:31.996677+00:00
16058,35779,3710,1,2026-05-05 01:52:31.996677+00:00
16059,35783,3710,1,2026-05-05 01:52:31.996677+00:00
16060,35785,5719,0,2026-05-05 01:52:31.996677+00:00
16061,35786,3710,-1,2026-05-05 01:52:31.996677+00:00
16062,35786,3367,-1,2026-05-05 01:52:31.996677+00:00
16063,35787,5595,1,2026-05-05 01:52:31.996677+00:00
16064,35789,3710,0,2026-05-05 01:52:31.996677+00:00
16065,35941,3710,0,2026-05-05 01:52:31.996677+00:00
16066,35942,3710,0,2026-05-05 01:52:31.996677+00:00
16067,35946,3710,0,2026-05-05 01:52:31.996677+00:00
16068,35948,5604,0,2026-05-05 01:52:31.996677+00:00
16069,35950,3710,-1,2026-05-05 01:52:31.996677+00:00
16070,35950,3367,-1,2026-05-05 01:52:31.996677+00:00
16071,35953,3710,0,2026-05-05 01:52:31.996677+00:00
16072,35970,3367,0,2026-05-05 01:52:31.996677+00:00
16073,35972,3367,0,2026-05-05 01:52:31.996677+00:00
16074,35976,5713,0,2026-05-05 01:52:31.996677+00:00
16075,35978,3710,-1,2026-05-05 01:52:31.996677+00:00
16076,35979,3367,0,2026-05-05 01:52:31.996677+00:00
16077,35981,5593,0,2026-05-05 01:52:31.996677+00:00
16078,35985,3710,0,2026-05-05 01:52:31.996677+00:00
16079,35985,3367,0,2026-05-05 01:52:31.996677+00:00
16080,35986,3710,0,2026-05-05 01:52:31.996677+00:00
16081,35986,3367,0,2026-05-05 01:52:31.996677+00:00
16082,35987,5643,0,2026-05-05 01:52:31.996677+00:00
16083,35993,3710,1,2026-05-05 01:52:31.996677+00:00
16084,35997,3710,-1,2026-05-05 01:52:31.996677+00:00
16085,36002,3710,1,2026-05-05 01:52:31.996677+00:00
16086,36003,5715,0,2026-05-05 01:52:31.996677+00:00
16087,36005,5717,-1,2026-05-05 01:52:31.996677+00:00
16088,36008,3367,-1,2026-05-05 01:52:31.996677+00:00
16089,36015,3710,0,2026-05-05 01:52:31.996677+00:00
16090,36035,5717,0,2026-05-05 01:52:31.996677+00:00
16091,36039,5593,0,2026-05-05 01:52:31.996677+00:00
16092,36047,5717,1,2026-05-05 01:52:31.996677+00:00
16093,36049,3710,0,2026-05-05 01:52:31.996677+00:00
16094,36049,3367,0,2026-05-05 01:52:31.996677+00:00
16095,36049,5607,0,2026-05-05 01:52:31.996677+00:00
16096,36049,5719,0,2026-05-05 01:52:31.996677+00:00
16097,36052,5596,1,2026-05-05 01:52:31.996677+00:00
16098,36055,5608,0,2026-05-05 01:52:31.996677+00:00
16099,36056,3710,0,2026-05-05 01:52:31.996677+00:00
16100,36057,5595,0,2026-05-05 01:52:31.996677+00:00
16101,36065,5717,1,2026-05-05 01:52:31.996677+00:00
16102,36068,5718,0,2026-05-05 01:52:31.996677+00:00
16103,36070,5608,0,2026-05-05 01:52:31.996677+00:00
16104,36071,3710,0,2026-05-05 01:52:31.996677+00:00
16105,36071,3367,0,2026-05-05 01:52:31.996677+00:00
16106,36072,5607,1,2026-05-05 01:52:31.996677+00:00
16107,36073,5591,1,2026-05-05 01:52:31.996677+00:00
16108,36077,5719,0,2026-05-05 01:52:31.996677+00:00
16109,36082,5594,0,2026-05-05 01:52:31.996677+00:00
16110,36083,5593,0,2026-05-05 01:52:31.996677+00:00
16111,36091,3710,0,2026-05-05 01:52:31.996677+00:00
16112,36091,3367,0,2026-05-05 01:52:31.996677+00:00
16113,36094,3367,0,2026-05-05 01:52:31.996677+00:00
16114,36102,3710,0,2026-05-05 01:52:31.996677+00:00
16115,36103,5596,1,2026-05-05 01:52:31.996677+00:00
16116,36121,5717,0,2026-05-05 01:52:31.996677+00:00
16117,36121,5714,0,2026-05-05 01:52:31.996677+00:00
16118,36126,3367,0,2026-05-05 01:52:31.996677+00:00
16119,36128,5713,0,2026-05-05 01:52:31.996677+00:00
16120,36129,3367,0,2026-05-05 01:52:31.996677+00:00
16121,36134,3367,0,2026-05-05 01:52:31.996677+00:00
16122,36138,3367,0,2026-05-05 01:52:31.996677+00:00
16123,36140,3367,0,2026-05-05 01:52:31.996677+00:00
16124,36142,3710,1,2026-05-05 01:52:31.996677+00:00
16125,36142,3367,1,2026-05-05 01:52:31.996677+00:00
16126,36149,5717,-1,2026-05-05 01:52:31.996677+00:00
16127,36151,3710,0,2026-05-05 01:52:31.996677+00:00
16128,36151,3367,0,2026-05-05 01:52:31.996677+00:00
16129,36163,3367,0,2026-05-05 01:52:31.996677+00:00
16130,36165,5718,0,2026-05-05 01:52:31.996677+00:00
16131,36165,3710,0,2026-05-05 01:52:31.996677+00:00
16132,36182,3710,0,2026-05-05 01:52:31.996677+00:00
16133,36182,3367,0,2026-05-05 01:52:31.996677+00:00
16134,36190,3367,1,2026-05-05 01:52:31.996677+00:00
16135,36190,3710,1,2026-05-05 01:52:31.996677+00:00
16136,36194,3367,0,2026-05-05 01:52:31.996677+00:00
16137,36196,3367,0,2026-05-05 01:52:31.996677+00:00
16138,36197,3209,1,2026-05-05 01:52:31.996677+00:00
16139,36203,3710,0,2026-05-05 01:52:31.996677+00:00
16140,36211,3367,0,2026-05-05 01:52:31.996677+00:00
16141,36214,3710,0,2026-05-05 01:52:31.996677+00:00
16142,36216,3710,0,2026-05-05 01:52:31.996677+00:00
16143,36216,3367,0,2026-05-05 01:52:31.996677+00:00
16144,36217,5719,0,2026-05-05 01:52:31.996677+00:00
16145,36219,5717,0,2026-05-05 01:52:31.996677+00:00
16146,36219,3367,0,2026-05-05 01:52:31.996677+00:00
16147,36223,3367,0,2026-05-05 01:52:31.996677+00:00
16148,36224,3710,-1,2026-05-05 01:52:31.996677+00:00
16149,36227,5715,0,2026-05-05 01:52:31.996677+00:00
16150,36229,3710,0,2026-05-05 01:52:31.996677+00:00
16151,36229,3367,0,2026-05-05 01:52:31.996677+00:00
16152,36232,3367,0,2026-05-05 01:52:31.996677+00:00
16153,36234,3710,1,2026-05-05 01:52:31.996677+00:00
16154,36235,3710,1,2026-05-05 01:52:31.996677+00:00
16155,36237,3209,0,2026-05-05 01:52:31.996677+00:00
16156,36238,3719,0,2026-05-05 01:52:31.996677+00:00
16157,36244,3710,-1,2026-05-05 01:52:31.996677+00:00
16158,36252,3209,0,2026-05-05 01:52:31.996677+00:00
16159,36255,3209,0,2026-05-05 01:52:31.996677+00:00
16160,36256,5656,0,2026-05-05 01:52:31.996677+00:00
16161,36257,3710,0,2026-05-05 01:52:31.996677+00:00
16162,36261,3367,0,2026-05-05 01:52:31.996677+00:00
16163,36262,5592,0,2026-05-05 01:52:31.996677+00:00
16164,36265,3367,1,2026-05-05 01:52:31.996677+00:00
16165,36265,3710,1,2026-05-05 01:52:31.996677+00:00
16166,36269,3710,0,2026-05-05 01:52:31.996677+00:00
16167,36273,3367,0,2026-05-05 01:52:31.996677+00:00
16168,36274,3367,0,2026-05-05 01:52:31.996677+00:00
16169,36277,3710,0,2026-05-05 01:52:31.996677+00:00
16170,36279,3209,-1,2026-05-05 01:52:31.996677+00:00
16171,36284,5717,-1,2026-05-05 01:52:31.996677+00:00
16172,36286,3209,0,2026-05-05 01:52:31.996677+00:00
16173,36293,3609,0,2026-05-05 01:52:31.996677+00:00
16174,36298,3609,1,2026-05-05 01:52:31.996677+00:00
16175,36301,3367,0,2026-05-05 01:52:31.996677+00:00
16176,36303,3719,1,2026-05-05 01:52:31.996677+00:00
16177,36305,3367,0,2026-05-05 01:52:31.996677+00:00
16178,36306,3209,0,2026-05-05 01:52:31.996677+00:00
16179,36306,3068,0,2026-05-05 01:52:31.996677+00:00
16180,36307,3367,0,2026-05-05 01:52:31.996677+00:00
16181,36308,3209,0,2026-05-05 01:52:31.996677+00:00
16182,36309,3710,-1,2026-05-05 01:52:31.996677+00:00
16183,36310,3367,0,2026-05-05 01:52:31.996677+00:00
16184,36310,3710,0,2026-05-05 01:52:31.996677+00:00
16185,36311,3367,0,2026-05-05 01:52:31.996677+00:00
16186,36312,3068,-1,2026-05-05 01:52:31.996677+00:00
16187,36315,3367,0,2026-05-05 01:52:31.996677+00:00
16188,36316,3367,0,2026-05-05 01:52:31.996677+00:00
16189,36317,3609,0,2026-05-05 01:52:31.996677+00:00
16190,36318,3367,0,2026-05-05 01:52:31.996677+00:00
16191,36319,3209,0,2026-05-05 01:52:31.996677+00:00
16192,36319,3068,0,2026-05-05 01:52:31.996677+00:00
16193,36320,3710,0,2026-05-05 01:52:31.996677+00:00
16194,36322,3367,0,2026-05-05 01:52:31.996677+00:00
16195,36327,5717,0,2026-05-05 01:52:31.996677+00:00
16196,36329,3367,1,2026-05-05 01:52:31.996677+00:00
16197,36332,5717,0,2026-05-05 01:52:31.996677+00:00
16198,36336,3710,0,2026-05-05 01:52:31.996677+00:00
16199,36336,3367,0,2026-05-05 01:52:31.996677+00:00
16200,36337,3367,-1,2026-05-05 01:52:31.996677+00:00
16201,36338,5607,0,2026-05-05 01:52:31.996677+00:00
16202,36339,3367,0,2026-05-05 01:52:31.996677+00:00
16203,36340,3367,0,2026-05-05 01:52:31.996677+00:00
16204,36341,3367,0,2026-05-05 01:52:31.996677+00:00
16205,36342,3710,-1,2026-05-05 01:52:31.996677+00:00
16206,36343,3710,0,2026-05-05 01:52:31.996677+00:00
16207,36344,5719,0,2026-05-05 01:52:31.996677+00:00
16208,36345,3367,0,2026-05-05 01:52:31.996677+00:00
16209,36347,3710,0,2026-05-05 01:52:31.996677+00:00
16210,36349,3367,0,2026-05-05 01:52:31.996677+00:00
16211,36351,3367,0,2026-05-05 01:52:31.996677+00:00
16212,36354,3367,1,2026-05-05 01:52:31.996677+00:00
16213,36356,5717,1,2026-05-05 01:52:31.996677+00:00
16214,36357,3367,0,2026-05-05 01:52:31.996677+00:00
16215,36358,3579,0,2026-05-05 01:52:31.996677+00:00
16216,36358,3367,0,2026-05-05 01:52:31.996677+00:00
16217,36359,3367,-1,2026-05-05 01:52:31.996677+00:00
16218,36360,3710,1,2026-05-05 01:52:31.996677+00:00
16219,36361,3367,0,2026-05-05 01:52:31.996677+00:00
16220,36362,3209,0,2026-05-05 01:52:31.996677+00:00
16221,36363,3367,0,2026-05-05 01:52:31.996677+00:00
16222,36364,3367,0,2026-05-05 01:52:31.996677+00:00
16223,36367,5715,0,2026-05-05 01:52:31.996677+00:00
16224,36370,3367,0,2026-05-05 01:52:31.996677+00:00
16225,36374,3209,0,2026-05-05 01:52:31.996677+00:00
16226,36376,3367,0,2026-05-05 01:52:31.996677+00:00
16227,36378,3367,1,2026-05-05 01:52:31.996677+00:00
16228,36380,3367,1,2026-05-05 01:52:31.996677+00:00
16229,36386,3367,1,2026-05-05 01:52:31.996677+00:00
16230,36388,3367,1,2026-05-05 01:52:31.996677+00:00
16231,36389,3367,0,2026-05-05 01:52:31.996677+00:00
16232,36390,3367,0,2026-05-05 01:52:31.996677+00:00
16233,36391,5717,0,2026-05-05 01:52:31.996677+00:00
16234,36392,3367,0,2026-05-05 01:52:31.996677+00:00
16235,36393,3367,0,2026-05-05 01:52:31.996677+00:00
16236,36394,3367,0,2026-05-05 01:52:31.996677+00:00
16237,36395,3710,0,2026-05-05 01:52:31.996677+00:00
16238,36395,3367,0,2026-05-05 01:52:31.996677+00:00
16239,36398,3367,0,2026-05-05 01:52:31.996677+00:00
16240,36401,3367,0,2026-05-05 01:52:31.996677+00:00
16241,36402,3367,0,2026-05-05 01:52:31.996677+00:00
16242,36404,3367,0,2026-05-05 01:52:31.996677+00:00
16243,36408,3367,-1,2026-05-05 01:52:31.996677+00:00
16244,36409,3367,0,2026-05-05 01:52:31.996677+00:00
16245,36413,3710,-1,2026-05-05 01:52:31.996677+00:00
16246,36413,3367,-1,2026-05-05 01:52:31.996677+00:00
16247,36414,3367,0,2026-05-05 01:52:31.996677+00:00
16248,36414,5717,0,2026-05-05 01:52:31.996677+00:00
16249,36417,5717,0,2026-05-05 01:52:31.996677+00:00
16250,36421,3367,0,2026-05-05 01:52:31.996677+00:00
16251,36422,3367,1,2026-05-05 01:52:31.996677+00:00
16252,36422,5717,1,2026-05-05 01:52:31.996677+00:00
16253,36425,3710,-1,2026-05-05 01:52:31.996677+00:00
16254,36428,3367,1,2026-05-05 01:52:31.996677+00:00
16255,36428,3710,1,2026-05-05 01:52:31.996677+00:00
16256,36436,3710,1,2026-05-05 01:52:31.996677+00:00
16257,36437,3710,1,2026-05-05 01:52:31.996677+00:00
16258,36439,3367,1,2026-05-05 01:52:31.996677+00:00
16259,36440,5646,0,2026-05-05 01:52:31.996677+00:00
16260,36441,3710,0,2026-05-05 01:52:31.996677+00:00
16261,36445,5717,0,2026-05-05 01:52:31.996677+00:00
16262,36452,3367,1,2026-05-05 01:52:31.996677+00:00
16263,36452,3710,1,2026-05-05 01:52:31.996677+00:00
16264,36453,3710,0,2026-05-05 01:52:31.996677+00:00
16265,36455,3550,1,2026-05-05 01:52:31.996677+00:00
16266,36456,3550,0,2026-05-05 01:52:31.996677+00:00
16267,36457,3367,1,2026-05-05 01:52:31.996677+00:00
16268,36458,5717,-1,2026-05-05 01:52:31.996677+00:00
16269,36459,3550,1,2026-05-05 01:52:31.996677+00:00
16270,36460,3367,0,2026-05-05 01:52:31.996677+00:00
16271,36462,3609,0,2026-05-05 01:52:31.996677+00:00
16272,36463,3710,0,2026-05-05 01:52:31.996677+00:00
16273,36463,3367,0,2026-05-05 01:52:31.996677+00:00
16274,36463,3609,0,2026-05-05 01:52:31.996677+00:00
16275,36465,3710,1,2026-05-05 01:52:31.996677+00:00
16276,36465,3367,1,2026-05-05 01:52:31.996677+00:00
16277,36466,3710,1,2026-05-05 01:52:31.996677+00:00
16278,36466,3367,1,2026-05-05 01:52:31.996677+00:00
16279,36467,3367,0,2026-05-05 01:52:31.996677+00:00
16280,36468,3710,0,2026-05-05 01:52:31.996677+00:00
16281,36470,3710,0,2026-05-05 01:52:31.996677+00:00
16282,36471,3710,0,2026-05-05 01:52:31.996677+00:00
16283,36475,3710,0,2026-05-05 01:52:31.996677+00:00
16284,36477,5604,0,2026-05-05 01:52:31.996677+00:00
16285,36479,3710,-1,2026-05-05 01:52:31.996677+00:00
16286,36479,3367,-1,2026-05-05 01:52:31.996677+00:00
16287,36482,3710,0,2026-05-05 01:52:31.996677+00:00
16288,36496,3710,1,2026-05-05 01:52:31.996677+00:00
16289,36496,3367,1,2026-05-05 01:52:31.996677+00:00
16290,36497,3367,0,2026-05-05 01:52:31.996677+00:00
16291,36498,3367,0,2026-05-05 01:52:31.996677+00:00
16292,36500,3367,0,2026-05-05 01:52:31.996677+00:00
16293,36504,5713,0,2026-05-05 01:52:31.996677+00:00
16294,36506,3710,-1,2026-05-05 01:52:31.996677+00:00
16295,36507,3367,0,2026-05-05 01:52:31.996677+00:00
16296,36509,5593,0,2026-05-05 01:52:31.996677+00:00
16297,36513,3710,0,2026-05-05 01:52:31.996677+00:00
16298,36513,3367,0,2026-05-05 01:52:31.996677+00:00
16299,36514,3710,0,2026-05-05 01:52:31.996677+00:00
16300,36514,3367,0,2026-05-05 01:52:31.996677+00:00
16301,36515,5643,0,2026-05-05 01:52:31.996677+00:00
16302,36521,3710,1,2026-05-05 01:52:31.996677+00:00
16303,36525,3710,-1,2026-05-05 01:52:31.996677+00:00
16304,36526,3367,0,2026-05-05 01:52:31.996677+00:00
16305,36526,3710,0,2026-05-05 01:52:31.996677+00:00
16306,36530,3710,1,2026-05-05 01:52:31.996677+00:00
16307,36531,5715,0,2026-05-05 01:52:31.996677+00:00
16308,36533,5717,-1,2026-05-05 01:52:31.996677+00:00
16309,36536,3367,-1,2026-05-05 01:52:31.996677+00:00
16310,36543,3710,0,2026-05-05 01:52:31.996677+00:00
16311,36556,3367,0,2026-05-05 01:52:31.996677+00:00
16312,36563,5717,0,2026-05-05 01:52:31.996677+00:00
16313,36567,5593,0,2026-05-05 01:52:31.996677+00:00
16314,36575,5717,1,2026-05-05 01:52:31.996677+00:00
16315,36577,3710,0,2026-05-05 01:52:31.996677+00:00
16316,36577,3367,0,2026-05-05 01:52:31.996677+00:00
16317,36577,5607,0,2026-05-05 01:52:31.996677+00:00
16318,36577,5719,0,2026-05-05 01:52:31.996677+00:00
16319,36580,5596,1,2026-05-05 01:52:31.996677+00:00
16320,36583,5608,0,2026-05-05 01:52:31.996677+00:00
16321,36584,3710,0,2026-05-05 01:52:31.996677+00:00
16322,36585,5595,0,2026-05-05 01:52:31.996677+00:00
16323,36588,5608,1,2026-05-05 01:52:31.996677+00:00
16324,36594,5717,1,2026-05-05 01:52:31.996677+00:00
16325,36597,5718,0,2026-05-05 01:52:31.996677+00:00
16326,36599,5608,0,2026-05-05 01:52:31.996677+00:00
16327,36600,3710,0,2026-05-05 01:52:31.996677+00:00
16328,36600,3367,0,2026-05-05 01:52:31.996677+00:00
16329,36601,5607,1,2026-05-05 01:52:31.996677+00:00
16330,36602,5591,1,2026-05-05 01:52:31.996677+00:00
16331,36606,5719,0,2026-05-05 01:52:31.996677+00:00
16332,36611,5594,0,2026-05-05 01:52:31.996677+00:00
16333,36612,5593,0,2026-05-05 01:52:31.996677+00:00
16334,36617,3367,0,2026-05-05 01:52:31.996677+00:00
16335,36619,3710,-1,2026-05-05 01:52:31.996677+00:00
16336,36624,5717,0,2026-05-05 01:52:31.996677+00:00
16337,36626,3710,0,2026-05-05 01:52:31.996677+00:00
16338,36627,5593,-1,2026-05-05 01:52:31.996677+00:00
16339,36629,3710,0,2026-05-05 01:52:31.996677+00:00
16340,36630,5717,0,2026-05-05 01:52:31.996677+00:00
16341,36631,3710,0,2026-05-05 01:52:31.996677+00:00
16342,36631,3367,0,2026-05-05 01:52:31.996677+00:00
16343,36632,5595,0,2026-05-05 01:52:31.996677+00:00
16344,36632,5593,0,2026-05-05 01:52:31.996677+00:00
16345,36634,5593,1,2026-05-05 01:52:31.996677+00:00
16346,36637,3710,0,2026-05-05 01:52:31.996677+00:00
16347,36637,3367,0,2026-05-05 01:52:31.996677+00:00
16348,36638,5591,0,2026-05-05 01:52:31.996677+00:00
16349,36639,5717,0,2026-05-05 01:52:31.996677+00:00
16350,36640,5717,0,2026-05-05 01:52:31.996677+00:00
16351,36647,3209,0,2026-05-05 01:52:31.996677+00:00
16352,36649,5593,0,2026-05-05 01:52:31.996677+00:00
16353,36654,5593,0,2026-05-05 01:52:31.996677+00:00
16354,36657,5593,1,2026-05-05 01:52:31.996677+00:00
16355,36664,3550,0,2026-05-05 01:52:31.996677+00:00
16356,36665,5592,0,2026-05-05 01:52:31.996677+00:00
16357,36668,5593,1,2026-05-05 01:52:31.996677+00:00
16358,36673,5719,0,2026-05-05 01:52:31.996677+00:00
16359,36673,5591,0,2026-05-05 01:52:31.996677+00:00
16360,36676,5593,1,2026-05-05 01:52:31.996677+00:00
16361,36679,5717,0,2026-05-05 01:52:31.996677+00:00
16362,36681,5595,-1,2026-05-05 01:52:31.996677+00:00
16363,36682,5608,0,2026-05-05 01:52:31.996677+00:00
16364,36685,3710,0,2026-05-05 01:52:31.996677+00:00
16365,36694,3710,0,2026-05-05 01:52:31.996677+00:00
16366,36696,3710,-1,2026-05-05 01:52:31.996677+00:00
16367,36699,5593,1,2026-05-05 01:52:31.996677+00:00
16368,36702,5715,0,2026-05-05 01:52:31.996677+00:00
16369,36703,3669,0,2026-05-05 01:52:31.996677+00:00
16370,36704,3209,0,2026-05-05 01:52:31.996677+00:00
16371,36708,5608,1,2026-05-05 01:52:31.996677+00:00
16372,36715,5715,0,2026-05-05 01:52:31.996677+00:00
16373,36721,3710,0,2026-05-05 01:52:31.996677+00:00
16374,36721,3367,0,2026-05-05 01:52:31.996677+00:00
16375,36729,3550,0,2026-05-05 01:52:31.996677+00:00
16376,36730,3367,0,2026-05-05 01:52:31.996677+00:00
16377,36734,3710,0,2026-05-05 01:52:31.996677+00:00
16378,36734,3367,0,2026-05-05 01:52:31.996677+00:00
16379,36735,3710,1,2026-05-05 01:52:31.996677+00:00
16380,36737,5593,0,2026-05-05 01:52:31.996677+00:00
16381,36738,3367,0,2026-05-05 01:52:31.996677+00:00
16382,36739,5595,0,2026-05-05 01:52:31.996677+00:00
16383,36745,3710,0,2026-05-05 01:52:31.996677+00:00
16384,36746,3710,0,2026-05-05 01:52:31.996677+00:00
16385,36746,5608,0,2026-05-05 01:52:31.996677+00:00
16386,36747,3710,-1,2026-05-05 01:52:31.996677+00:00
16387,36750,3710,0,2026-05-05 01:52:31.996677+00:00
16388,36751,3367,0,2026-05-05 01:52:31.996677+00:00
16389,36754,3209,1,2026-05-05 01:52:31.996677+00:00
16390,36755,3710,0,2026-05-05 01:52:31.996677+00:00
16391,36759,5717,0,2026-05-05 01:52:31.996677+00:00
16392,36760,5608,0,2026-05-05 01:52:31.996677+00:00
16393,36764,3710,-1,2026-05-05 01:52:31.996677+00:00
16394,36766,3710,0,2026-05-05 01:52:31.996677+00:00
16395,36776,3710,1,2026-05-05 01:52:31.996677+00:00
16396,36776,3367,1,2026-05-05 01:52:31.996677+00:00
16397,36779,5717,1,2026-05-05 01:52:31.996677+00:00
16398,36782,3367,1,2026-05-05 01:52:31.996677+00:00
16399,36786,5715,0,2026-05-05 01:52:31.996677+00:00
16400,36787,5717,-1,2026-05-05 01:52:31.996677+00:00
16401,36791,5717,0,2026-05-05 01:52:31.996677+00:00
16402,36791,3710,0,2026-05-05 01:52:31.996677+00:00
16403,36792,3367,1,2026-05-05 01:52:31.996677+00:00
16404,36792,3710,1,2026-05-05 01:52:31.996677+00:00
16405,36794,5715,0,2026-05-05 01:52:31.996677+00:00
16406,36802,3710,1,2026-05-05 01:52:31.996677+00:00
16407,36802,3367,1,2026-05-05 01:52:31.996677+00:00
16408,36803,3710,0,2026-05-05 01:52:31.996677+00:00
16409,36803,5717,0,2026-05-05 01:52:31.996677+00:00
16410,36805,3710,0,2026-05-05 01:52:31.996677+00:00
16411,36807,5593,1,2026-05-05 01:52:31.996677+00:00
16412,36809,3209,0,2026-05-05 01:52:31.996677+00:00
16413,36810,3710,-1,2026-05-05 01:52:31.996677+00:00
16414,36810,3367,-1,2026-05-05 01:52:31.996677+00:00
16415,36811,5717,1,2026-05-05 01:52:31.996677+00:00
16416,36817,5717,0,2026-05-05 01:52:31.996677+00:00
16417,36820,3710,0,2026-05-05 01:52:31.996677+00:00
16418,36823,5592,1,2026-05-05 01:52:31.996677+00:00
16419,36826,5597,0,2026-05-05 01:52:31.996677+00:00
16420,36829,5593,0,2026-05-05 01:52:31.996677+00:00
16421,36831,5593,1,2026-05-05 01:52:31.996677+00:00
16422,36832,5592,0,2026-05-05 01:52:31.996677+00:00
16423,36838,5594,1,2026-05-05 01:52:31.996677+00:00
16424,36843,5608,0,2026-05-05 01:52:31.996677+00:00
16425,36844,5717,0,2026-05-05 01:52:31.996677+00:00
16426,36846,5717,0,2026-05-05 01:52:31.996677+00:00
16427,36849,5608,0,2026-05-05 01:52:31.996677+00:00
16428,36854,5719,1,2026-05-05 01:52:31.996677+00:00
16429,36855,5604,0,2026-05-05 01:52:31.996677+00:00
16430,36856,3710,0,2026-05-05 01:52:31.996677+00:00
16431,36857,3669,0,2026-05-05 01:52:31.996677+00:00
16432,36860,3710,1,2026-05-05 01:52:31.996677+00:00
16433,36860,5607,1,2026-05-05 01:52:31.996677+00:00
16434,36863,5717,1,2026-05-05 01:52:31.996677+00:00
16435,36864,3367,0,2026-05-05 01:52:31.996677+00:00
16436,36867,3710,0,2026-05-05 01:52:31.996677+00:00
16437,36868,3710,1,2026-05-05 01:52:31.996677+00:00
16438,36869,3367,0,2026-05-05 01:52:31.996677+00:00
16439,36870,3710,1,2026-05-05 01:52:31.996677+00:00
16440,36871,3367,0,2026-05-05 01:52:31.996677+00:00
16441,36873,5607,1,2026-05-05 01:52:31.996677+00:00
16442,36875,3710,1,2026-05-05 01:52:31.996677+00:00
16443,36876,5717,1,2026-05-05 01:52:31.996677+00:00
16444,36882,3710,0,2026-05-05 01:52:31.996677+00:00
16445,36885,3367,-1,2026-05-05 01:52:31.996677+00:00
16446,36888,3710,1,2026-05-05 01:52:31.996677+00:00
16447,36890,3719,0,2026-05-05 01:52:31.996677+00:00
16448,36891,3710,0,2026-05-05 01:52:31.996677+00:00
16449,36894,5592,0,2026-05-05 01:52:31.996677+00:00
16450,36894,5597,0,2026-05-05 01:52:31.996677+00:00
16451,36896,3608,0,2026-05-05 01:52:31.996677+00:00
16452,36897,3367,-1,2026-05-05 01:52:31.996677+00:00
16453,36897,3710,-1,2026-05-05 01:52:31.996677+00:00
16454,36898,3016,0,2026-05-05 01:52:31.996677+00:00
16455,36903,3710,-1,2026-05-05 01:52:31.996677+00:00
16456,36905,3710,0,2026-05-05 01:52:31.996677+00:00
16457,36921,3710,1,2026-05-05 01:52:31.996677+00:00
16458,36923,3710,-1,2026-05-05 01:52:31.996677+00:00
16459,36926,3710,1,2026-05-05 01:52:31.996677+00:00
16460,36930,3710,0,2026-05-05 01:52:31.996677+00:00
16461,36933,3710,-1,2026-05-05 01:52:31.996677+00:00
16462,36934,3710,1,2026-05-05 01:52:31.996677+00:00
16463,36935,3710,1,2026-05-05 01:52:31.996677+00:00
16464,36937,3710,0,2026-05-05 01:52:31.996677+00:00
16465,36938,3710,1,2026-05-05 01:52:31.996677+00:00
16466,36938,3367,1,2026-05-05 01:52:31.996677+00:00
16467,36939,3710,0,2026-05-05 01:52:31.996677+00:00
16468,36940,3710,0,2026-05-05 01:52:31.996677+00:00
16469,36942,3710,0,2026-05-05 01:52:31.996677+00:00
16470,36943,5717,0,2026-05-05 01:52:31.996677+00:00
16471,36948,5713,0,2026-05-05 01:52:31.996677+00:00
16472,36948,5714,0,2026-05-05 01:52:31.996677+00:00
16473,36950,3719,0,2026-05-05 01:52:31.996677+00:00
16474,36954,5715,0,2026-05-05 01:52:31.996677+00:00
16475,36957,5717,1,2026-05-05 01:52:31.996677+00:00
16476,36961,5717,1,2026-05-05 01:52:31.996677+00:00
16477,36963,3710,0,2026-05-05 01:52:31.996677+00:00
16478,36966,5717,0,2026-05-05 01:52:31.996677+00:00
16479,36970,3367,0,2026-05-05 01:52:31.996677+00:00
16480,36971,5717,-1,2026-05-05 01:52:31.996677+00:00
16481,36975,3367,0,2026-05-05 01:52:31.996677+00:00
16482,36976,3367,1,2026-05-05 01:52:31.996677+00:00
16483,36978,3710,-1,2026-05-05 01:52:31.996677+00:00
16484,36978,3367,-1,2026-05-05 01:52:31.996677+00:00
16485,36983,3367,0,2026-05-05 01:52:31.996677+00:00
16486,36983,3710,0,2026-05-05 01:52:31.996677+00:00
16487,36984,5717,-1,2026-05-05 01:52:31.996677+00:00
16488,36985,3367,0,2026-05-05 01:52:31.996677+00:00
16489,36985,3710,0,2026-05-05 01:52:31.996677+00:00
16490,36990,3710,0,2026-05-05 01:52:31.996677+00:00
16491,36993,3710,0,2026-05-05 01:52:31.996677+00:00
16492,36994,3710,0,2026-05-05 01:52:31.996677+00:00
16493,36999,3710,0,2026-05-05 01:52:31.996677+00:00
16494,36999,3367,0,2026-05-05 01:52:31.996677+00:00
16495,37001,5717,0,2026-05-05 01:52:31.996677+00:00
16496,37002,3710,0,2026-05-05 01:52:31.996677+00:00
16497,37002,3367,0,2026-05-05 01:52:31.996677+00:00
16498,37003,5607,0,2026-05-05 01:52:31.996677+00:00
16499,37005,3710,0,2026-05-05 01:52:31.996677+00:00
16500,37007,5717,0,2026-05-05 01:52:31.996677+00:00
16501,37017,3710,0,2026-05-05 01:52:31.996677+00:00
16502,37018,5717,-1,2026-05-05 01:52:31.996677+00:00
16503,37021,3710,-1,2026-05-05 01:52:31.996677+00:00
16504,37024,5717,0,2026-05-05 01:52:31.996677+00:00
16505,37045,5717,-1,2026-05-05 01:52:31.996677+00:00
16506,37049,5717,0,2026-05-05 01:52:31.996677+00:00
16507,37049,3710,0,2026-05-05 01:52:31.996677+00:00
16508,37051,5717,0,2026-05-05 01:52:31.996677+00:00
16509,37053,3710,0,2026-05-05 01:52:31.996677+00:00
16510,37055,5717,0,2026-05-05 01:52:31.996677+00:00
16511,37057,5646,0,2026-05-05 01:52:31.996677+00:00
16512,37058,3710,0,2026-05-05 01:52:31.996677+00:00
16513,37062,3710,-1,2026-05-05 01:52:31.996677+00:00
16514,37067,3710,0,2026-05-05 01:52:31.996677+00:00
16515,37069,5717,0,2026-05-05 01:52:31.996677+00:00
16516,37073,3719,0,2026-05-05 01:52:31.996677+00:00
16517,37073,3710,0,2026-05-05 01:52:31.996677+00:00
16518,37075,3710,0,2026-05-05 01:52:31.996677+00:00
16519,37088,3710,0,2026-05-05 01:52:31.996677+00:00
16520,37090,3367,0,2026-05-05 01:52:31.996677+00:00
16521,37092,3710,0,2026-05-05 01:52:31.996677+00:00
16522,37092,3367,0,2026-05-05 01:52:31.996677+00:00
16523,37093,3710,0,2026-05-05 01:52:31.996677+00:00
16524,37098,3710,0,2026-05-05 01:52:31.996677+00:00
16525,37100,3710,-1,2026-05-05 01:52:31.996677+00:00
16526,37103,5717,0,2026-05-05 01:52:31.996677+00:00
16527,37105,3710,0,2026-05-05 01:52:31.996677+00:00
16528,37107,5717,0,2026-05-05 01:52:31.996677+00:00
16529,37108,3710,0,2026-05-05 01:52:31.996677+00:00
16530,37108,3367,0,2026-05-05 01:52:31.996677+00:00
16531,37109,3710,0,2026-05-05 01:52:31.996677+00:00
16532,37109,3367,0,2026-05-05 01:52:31.996677+00:00
16533,37110,5596,0,2026-05-05 01:52:31.996677+00:00
16534,37111,3710,0,2026-05-05 01:52:31.996677+00:00
16535,37111,3367,0,2026-05-05 01:52:31.996677+00:00
16536,37112,3710,-1,2026-05-05 01:52:31.996677+00:00
16537,37114,3608,0,2026-05-05 01:52:31.996677+00:00
16538,37116,3367,0,2026-05-05 01:52:31.996677+00:00
16539,37118,3710,0,2026-05-05 01:52:31.996677+00:00
16540,37121,3608,-1,2026-05-05 01:52:31.996677+00:00
16541,37122,3209,0,2026-05-05 01:52:31.996677+00:00
16542,37127,5715,0,2026-05-05 01:52:31.996677+00:00
16543,37133,3367,1,2026-05-05 01:52:31.996677+00:00
16544,37133,3710,1,2026-05-05 01:52:31.996677+00:00
16545,37134,3719,0,2026-05-05 01:52:31.996677+00:00
16546,37134,5596,0,2026-05-05 01:52:31.996677+00:00
16547,37136,3710,0,2026-05-05 01:52:31.996677+00:00
16548,37137,3710,0,2026-05-05 01:52:31.996677+00:00
16549,37148,5608,1,2026-05-05 01:52:31.996677+00:00
16550,37151,3719,-1,2026-05-05 01:52:31.996677+00:00
16551,37151,3710,-1,2026-05-05 01:52:31.996677+00:00
16552,37152,3367,0,2026-05-05 01:52:31.996677+00:00
16553,37152,3710,0,2026-05-05 01:52:31.996677+00:00
16554,37154,3710,-1,2026-05-05 01:52:31.996677+00:00
16555,37156,3367,0,2026-05-05 01:52:31.996677+00:00
16556,37156,3710,0,2026-05-05 01:52:31.996677+00:00
16557,37157,3367,0,2026-05-05 01:52:31.996677+00:00
16558,37157,3710,0,2026-05-05 01:52:31.996677+00:00
16559,37161,5715,-1,2026-05-05 01:52:31.996677+00:00
16560,37163,3710,-1,2026-05-05 01:52:31.996677+00:00
16561,37164,3550,0,2026-05-05 01:52:31.996677+00:00
16562,37166,3710,1,2026-05-05 01:52:31.996677+00:00
16563,37166,3367,1,2026-05-05 01:52:31.996677+00:00
16564,37171,3710,0,2026-05-05 01:52:31.996677+00:00
16565,37172,5715,0,2026-05-05 01:52:31.996677+00:00
16566,37173,3550,0,2026-05-05 01:52:31.996677+00:00
16567,37174,3367,1,2026-05-05 01:52:31.996677+00:00
16568,37175,3710,-1,2026-05-05 01:52:31.996677+00:00
16569,37176,3710,1,2026-05-05 01:52:31.996677+00:00
16570,37177,3710,0,2026-05-05 01:52:31.996677+00:00
16571,37178,3608,0,2026-05-05 01:52:31.996677+00:00
16572,37179,3710,0,2026-05-05 01:52:31.996677+00:00
16573,37181,3316,1,2026-05-05 01:52:31.996677+00:00
16574,37182,5715,0,2026-05-05 01:52:31.996677+00:00
16575,37183,5595,1,2026-05-05 01:52:31.996677+00:00
16576,37189,5717,0,2026-05-05 01:52:31.996677+00:00
16577,37189,5597,0,2026-05-05 01:52:31.996677+00:00
16578,37191,5715,0,2026-05-05 01:52:31.996677+00:00
16579,37192,5607,1,2026-05-05 01:52:31.996677+00:00
16580,37192,5719,1,2026-05-05 01:52:31.996677+00:00
16581,37195,3367,0,2026-05-05 01:52:31.996677+00:00
16582,37196,5717,0,2026-05-05 01:52:31.996677+00:00
16583,37204,5595,0,2026-05-05 01:52:31.996677+00:00
16584,37205,5607,0,2026-05-05 01:52:31.996677+00:00
16585,37205,5719,0,2026-05-05 01:52:31.996677+00:00
16586,37207,3367,0,2026-05-05 01:52:31.996677+00:00
16587,37207,3710,0,2026-05-05 01:52:31.996677+00:00
16588,37208,5607,1,2026-05-05 01:52:31.996677+00:00
16589,37214,5717,0,2026-05-05 01:52:31.996677+00:00
16590,37215,3710,0,2026-05-05 01:52:31.996677+00:00
16591,37216,5715,-1,2026-05-05 01:52:31.996677+00:00
16592,37219,3710,0,2026-05-05 01:52:31.996677+00:00
16593,37223,5646,-1,2026-05-05 01:52:31.996677+00:00
16594,37227,5607,0,2026-05-05 01:52:31.996677+00:00
16595,37231,5719,0,2026-05-05 01:52:31.996677+00:00
16596,37236,3710,0,2026-05-05 01:52:31.996677+00:00
16597,37236,3367,0,2026-05-05 01:52:31.996677+00:00
16598,37237,3710,0,2026-05-05 01:52:31.996677+00:00
16599,37237,3367,0,2026-05-05 01:52:31.996677+00:00
16600,37238,5715,0,2026-05-05 01:52:31.996677+00:00
16601,37240,5715,0,2026-05-05 01:52:31.996677+00:00
16602,37241,5646,0,2026-05-05 01:52:31.996677+00:00
16603,37244,3710,0,2026-05-05 01:52:31.996677+00:00
16604,37244,3367,0,2026-05-05 01:52:31.996677+00:00
16605,37245,3710,0,2026-05-05 01:52:31.996677+00:00
16606,37245,3367,0,2026-05-05 01:52:31.996677+00:00
16607,37246,3710,0,2026-05-05 01:52:31.996677+00:00
16608,37246,3367,0,2026-05-05 01:52:31.996677+00:00
16609,37247,3710,0,2026-05-05 01:52:31.996677+00:00
16610,37247,3367,0,2026-05-05 01:52:31.996677+00:00
16611,37248,3710,0,2026-05-05 01:52:31.996677+00:00
16612,37248,3367,0,2026-05-05 01:52:31.996677+00:00
16613,37250,5715,0,2026-05-05 01:52:31.996677+00:00
16614,37254,5715,0,2026-05-05 01:52:31.996677+00:00
16615,37256,3367,1,2026-05-05 01:52:31.996677+00:00
16616,37257,3367,0,2026-05-05 01:52:31.996677+00:00
16617,37257,3710,0,2026-05-05 01:52:31.996677+00:00
16618,37260,3710,0,2026-05-05 01:52:31.996677+00:00
16619,37261,3367,1,2026-05-05 01:52:31.996677+00:00
16620,37261,3710,1,2026-05-05 01:52:31.996677+00:00
16621,37262,5717,1,2026-05-05 01:52:31.996677+00:00
16622,37263,3710,0,2026-05-05 01:52:31.996677+00:00
16623,37266,3367,1,2026-05-05 01:52:31.996677+00:00
16624,37269,3710,0,2026-05-05 01:52:31.996677+00:00
16625,37269,3367,0,2026-05-05 01:52:31.996677+00:00
16626,37283,3367,1,2026-05-05 01:52:31.996677+00:00
16627,37284,3710,0,2026-05-05 01:52:31.996677+00:00
16628,37288,3367,0,2026-05-05 01:52:31.996677+00:00
16629,37291,3367,0,2026-05-05 01:52:31.996677+00:00
16630,37291,3710,0,2026-05-05 01:52:31.996677+00:00
16631,37296,3367,0,2026-05-05 01:52:31.996677+00:00
16632,37297,5717,0,2026-05-05 01:52:31.996677+00:00
16633,37300,3710,0,2026-05-05 01:52:31.996677+00:00
16634,37300,3367,0,2026-05-05 01:52:31.996677+00:00
16635,37306,3367,0,2026-05-05 01:52:31.996677+00:00
16636,37307,3271,0,2026-05-05 01:52:31.996677+00:00
16637,37312,3710,-1,2026-05-05 01:52:31.996677+00:00
16638,37314,3710,0,2026-05-05 01:52:31.996677+00:00
16639,37315,5646,0,2026-05-05 01:52:31.996677+00:00
16640,37317,3367,0,2026-05-05 01:52:31.996677+00:00
16641,37319,5717,0,2026-05-05 01:52:31.996677+00:00
16642,37319,3710,0,2026-05-05 01:52:31.996677+00:00
16643,37322,3209,0,2026-05-05 01:52:31.996677+00:00
16644,37324,3367,0,2026-05-05 01:52:31.996677+00:00
16645,37324,3209,0,2026-05-05 01:52:31.996677+00:00
16646,37327,3710,0,2026-05-05 01:52:31.996677+00:00
16647,37328,3710,1,2026-05-05 01:52:31.996677+00:00
16648,37329,3710,-1,2026-05-05 01:52:31.996677+00:00
16649,37330,3710,1,2026-05-05 01:52:31.996677+00:00
16650,37330,3367,1,2026-05-05 01:52:31.996677+00:00
16651,37331,5717,0,2026-05-05 01:52:31.996677+00:00
16652,37332,3367,1,2026-05-05 01:52:31.996677+00:00
16653,37333,3367,0,2026-05-05 01:52:31.996677+00:00
16654,37337,5715,0,2026-05-05 01:52:31.996677+00:00
16655,37339,5595,0,2026-05-05 01:52:31.996677+00:00
16656,37341,3367,0,2026-05-05 01:52:31.996677+00:00
16657,37344,3367,0,2026-05-05 01:52:31.996677+00:00
16658,37347,3710,0,2026-05-05 01:52:31.996677+00:00
16659,37352,3367,0,2026-05-05 01:52:31.996677+00:00
16660,37353,3367,1,2026-05-05 01:52:31.996677+00:00
16661,37354,3710,0,2026-05-05 01:52:31.996677+00:00
16662,37356,3367,0,2026-05-05 01:52:31.996677+00:00
16663,37362,3710,1,2026-05-05 01:52:31.996677+00:00
16664,37362,3367,1,2026-05-05 01:52:31.996677+00:00
16665,37363,5717,0,2026-05-05 01:52:31.996677+00:00
16666,37365,3710,-1,2026-05-05 01:52:31.996677+00:00
16667,37366,3271,0,2026-05-05 01:52:31.996677+00:00
16668,37367,3367,0,2026-05-05 01:52:31.996677+00:00
16669,37368,5717,0,2026-05-05 01:52:31.996677+00:00
16670,37370,3710,0,2026-05-05 01:52:31.996677+00:00
16671,37371,3710,0,2026-05-05 01:52:31.996677+00:00
16672,37373,3367,0,2026-05-05 01:52:31.996677+00:00
16673,37373,3710,0,2026-05-05 01:52:31.996677+00:00
16674,37374,3710,-1,2026-05-05 01:52:31.996677+00:00
16675,37376,3710,1,2026-05-05 01:52:31.996677+00:00
16676,37377,5717,0,2026-05-05 01:52:31.996677+00:00
16677,37379,3710,1,2026-05-05 01:52:31.996677+00:00
16678,37379,5656,1,2026-05-05 01:52:31.996677+00:00
16679,37380,5646,0,2026-05-05 01:52:31.996677+00:00
16680,37382,3710,0,2026-05-05 01:52:31.996677+00:00
16681,37383,3608,-1,2026-05-05 01:52:31.996677+00:00
16682,37385,3710,0,2026-05-05 01:52:31.996677+00:00
16683,37395,3367,1,2026-05-05 01:52:31.996677+00:00
16684,37395,3710,1,2026-05-05 01:52:31.996677+00:00
16685,37397,3710,0,2026-05-05 01:52:31.996677+00:00
16686,37399,3271,1,2026-05-05 01:52:31.996677+00:00
16687,37402,3710,-1,2026-05-05 01:52:31.996677+00:00
16688,37404,3367,1,2026-05-05 01:52:31.996677+00:00
16689,37409,3367,0,2026-05-05 01:52:31.996677+00:00
16690,37410,3710,1,2026-05-05 01:52:31.996677+00:00
16691,37411,3710,-1,2026-05-05 01:52:31.996677+00:00
16692,37412,3710,0,2026-05-05 01:52:31.996677+00:00
16693,37413,3710,0,2026-05-05 01:52:31.996677+00:00
16694,37414,3710,0,2026-05-05 01:52:31.996677+00:00
16695,37421,3710,-1,2026-05-05 01:52:31.996677+00:00
16696,37422,3710,0,2026-05-05 01:52:31.996677+00:00
16697,37423,3710,0,2026-05-05 01:52:31.996677+00:00
16698,37424,3367,0,2026-05-05 01:52:31.996677+00:00
16699,37429,3710,0,2026-05-05 01:52:31.996677+00:00
16700,37435,3710,1,2026-05-05 01:52:31.996677+00:00
16701,37435,3367,1,2026-05-05 01:52:31.996677+00:00
16702,37442,5717,0,2026-05-05 01:52:31.996677+00:00
16703,37452,3710,1,2026-05-05 01:52:31.996677+00:00
16704,37455,3710,0,2026-05-05 01:52:31.996677+00:00
16705,37455,3367,0,2026-05-05 01:52:31.996677+00:00
16706,37456,5717,0,2026-05-05 01:52:31.996677+00:00
16707,37456,3710,0,2026-05-05 01:52:31.996677+00:00
16708,37456,3367,0,2026-05-05 01:52:31.996677+00:00
16709,37457,3710,0,2026-05-05 01:52:31.996677+00:00
16710,37457,3367,0,2026-05-05 01:52:31.996677+00:00
16711,37460,3367,0,2026-05-05 01:52:31.996677+00:00
16712,37460,3710,0,2026-05-05 01:52:31.996677+00:00
16713,37465,5591,0,2026-05-05 01:52:31.996677+00:00
16714,37468,3367,1,2026-05-05 01:52:31.996677+00:00
16715,37471,3710,0,2026-05-05 01:52:31.996677+00:00
16716,37471,3367,0,2026-05-05 01:52:31.996677+00:00
16717,37482,3710,0,2026-05-05 01:52:31.996677+00:00
16718,37487,3367,0,2026-05-05 01:52:31.996677+00:00
16719,37487,3719,0,2026-05-05 01:52:31.996677+00:00
16720,37487,3710,0,2026-05-05 01:52:31.996677+00:00
16721,37493,5717,0,2026-05-05 01:52:31.996677+00:00
16722,37524,3710,0,2026-05-05 01:52:31.996677+00:00
16723,37524,3367,0,2026-05-05 01:52:31.996677+00:00
16724,37555,3710,0,2026-05-05 01:52:31.996677+00:00
16725,37557,3710,0,2026-05-05 01:52:31.996677+00:00
16726,37564,5717,1,2026-05-05 01:52:31.996677+00:00
16727,37569,3710,0,2026-05-05 01:52:31.996677+00:00
16728,37573,3710,0,2026-05-05 01:52:31.996677+00:00
16729,37573,3367,0,2026-05-05 01:52:31.996677+00:00
16730,37578,5646,0,2026-05-05 01:52:31.996677+00:00
16731,37586,5596,-1,2026-05-05 01:52:31.996677+00:00
16732,37594,3367,0,2026-05-05 01:52:31.996677+00:00
16733,37594,3710,0,2026-05-05 01:52:31.996677+00:00
16734,37610,5593,0,2026-05-05 01:52:31.996677+00:00
16735,37619,3710,0,2026-05-05 01:52:31.996677+00:00
16736,37622,5593,0,2026-05-05 01:52:31.996677+00:00
16737,37643,5717,0,2026-05-05 01:52:31.996677+00:00
16738,37643,5608,0,2026-05-05 01:52:31.996677+00:00
16739,37650,5596,0,2026-05-05 01:52:31.996677+00:00
16740,37654,3719,0,2026-05-05 01:52:31.996677+00:00
16741,37663,5718,1,2026-05-05 01:52:31.996677+00:00
16742,37664,5717,1,2026-05-05 01:52:31.996677+00:00
16743,37665,3367,1,2026-05-05 01:52:31.996677+00:00
16744,37675,5716,1,2026-05-05 01:52:31.996677+00:00
16745,37694,5718,0,2026-05-05 01:52:31.996677+00:00
16746,37695,3609,0,2026-05-05 01:52:31.996677+00:00
16747,37695,5611,0,2026-05-05 01:52:31.996677+00:00
16748,37695,5591,0,2026-05-05 01:52:31.996677+00:00
16749,37704,5599,0,2026-05-05 01:52:31.996677+00:00
16750,37708,3367,0,2026-05-05 01:52:31.996677+00:00
16751,37717,5595,0,2026-05-05 01:52:31.996677+00:00
16752,37739,3710,0,2026-05-05 01:52:31.996677+00:00
16753,37739,5595,0,2026-05-05 01:52:31.996677+00:00
16754,37739,5713,0,2026-05-05 01:52:31.996677+00:00
16755,37740,3367,0,2026-05-05 01:52:31.996677+00:00
16756,37740,3710,0,2026-05-05 01:52:31.996677+00:00
16757,37743,5716,0,2026-05-05 01:52:31.996677+00:00
16758,37763,3367,1,2026-05-05 01:52:31.996677+00:00
16759,37763,3710,1,2026-05-05 01:52:31.996677+00:00
16760,37771,3367,0,2026-05-05 01:52:31.996677+00:00
16761,37772,5718,1,2026-05-05 01:52:31.996677+00:00
16762,37773,3710,0,2026-05-05 01:52:31.996677+00:00
16763,37774,3710,0,2026-05-05 01:52:31.996677+00:00
16764,37790,5596,1,2026-05-05 01:52:31.996677+00:00
16765,37793,3579,0,2026-05-05 01:52:31.996677+00:00
16766,37799,3068,0,2026-05-05 01:52:31.996677+00:00
16767,37800,5717,0,2026-05-05 01:52:31.996677+00:00
16768,37803,3367,0,2026-05-05 01:52:31.996677+00:00
16769,37804,3367,0,2026-05-05 01:52:31.996677+00:00
16770,37804,3016,0,2026-05-05 01:52:31.996677+00:00
16771,37810,3669,0,2026-05-05 01:52:31.996677+00:00
16772,37831,5595,0,2026-05-05 01:52:31.996677+00:00
16773,37837,3669,0,2026-05-05 01:52:31.996677+00:00
16774,37839,5613,1,2026-05-05 01:52:31.996677+00:00
16775,37841,3669,0,2026-05-05 01:52:31.996677+00:00
16776,37842,3403,0,2026-05-05 01:52:31.996677+00:00
16777,37842,5714,0,2026-05-05 01:52:31.996677+00:00
16778,37849,3367,0,2026-05-05 01:52:31.996677+00:00
16779,37851,3669,0,2026-05-05 01:52:31.996677+00:00
16780,37855,2985,0,2026-05-05 01:52:31.996677+00:00
16781,37856,3719,0,2026-05-05 01:52:31.996677+00:00
16782,37859,5718,-1,2026-05-05 01:52:31.996677+00:00
16783,37867,3719,-1,2026-05-05 01:52:31.996677+00:00
16784,37867,3731,-1,2026-05-05 01:52:31.996677+00:00
16785,37872,5714,0,2026-05-05 01:52:31.996677+00:00
16786,37879,5718,0,2026-05-05 01:52:31.996677+00:00
16787,37880,3367,0,2026-05-05 01:52:31.996677+00:00
16788,37880,3710,0,2026-05-05 01:52:31.996677+00:00
16789,37880,5607,0,2026-05-05 01:52:31.996677+00:00
16790,37893,5714,0,2026-05-05 01:52:31.996677+00:00
16791,37897,3710,0,2026-05-05 01:52:31.996677+00:00
16792,37899,3710,0,2026-05-05 01:52:31.996677+00:00
16793,37900,5596,0,2026-05-05 01:52:31.996677+00:00
16794,37902,5609,0,2026-05-05 01:52:31.996677+00:00
16795,37906,3710,0,2026-05-05 01:52:31.996677+00:00
16796,37907,5713,0,2026-05-05 01:52:31.996677+00:00
16797,37908,3710,0,2026-05-05 01:52:31.996677+00:00
16798,37908,5609,0,2026-05-05 01:52:31.996677+00:00
16799,37914,5717,0,2026-05-05 01:52:31.996677+00:00
16800,37915,5718,0,2026-05-05 01:52:31.996677+00:00
16801,37920,5595,0,2026-05-05 01:52:31.996677+00:00
16802,37920,3719,0,2026-05-05 01:52:31.996677+00:00
16803,37920,3731,0,2026-05-05 01:52:31.996677+00:00
16804,37922,3669,0,2026-05-05 01:52:31.996677+00:00
16805,37930,3710,1,2026-05-05 01:52:31.996677+00:00
16806,37938,3488,0,2026-05-05 01:52:31.996677+00:00
16807,37939,3710,0,2026-05-05 01:52:31.996677+00:00
16808,37940,3710,0,2026-05-05 01:52:31.996677+00:00
16809,37941,3669,0,2026-05-05 01:52:31.996677+00:00
16810,37942,3710,1,2026-05-05 01:52:31.996677+00:00
16811,37952,5714,0,2026-05-05 01:52:31.996677+00:00
16812,37960,5715,0,2026-05-05 01:52:31.996677+00:00
16813,37964,3710,0,2026-05-05 01:52:31.996677+00:00
16814,37964,5595,0,2026-05-05 01:52:31.996677+00:00
16815,37966,5718,0,2026-05-05 01:52:31.996677+00:00
16816,37968,3710,0,2026-05-05 01:52:31.996677+00:00
16817,37968,5591,0,2026-05-05 01:52:31.996677+00:00
16818,37977,3367,0,2026-05-05 01:52:31.996677+00:00
16819,37987,3209,0,2026-05-05 01:52:31.996677+00:00
16820,37989,3608,0,2026-05-05 01:52:31.996677+00:00
16821,38011,3710,0,2026-05-05 01:52:31.996677+00:00
16822,38024,5595,0,2026-05-05 01:52:31.996677+00:00
16823,38024,3719,0,2026-05-05 01:52:31.996677+00:00
16824,38024,5596,0,2026-05-05 01:52:31.996677+00:00
16825,38025,3710,0,2026-05-05 01:52:31.996677+00:00
16826,38026,3710,-1,2026-05-05 01:52:31.996677+00:00
16827,38029,3710,0,2026-05-05 01:52:31.996677+00:00
16828,38033,3367,0,2026-05-05 01:52:31.996677+00:00
16829,38033,3710,0,2026-05-05 01:52:31.996677+00:00
16830,38034,3710,0,2026-05-05 01:52:31.996677+00:00
16831,38035,3710,-1,2026-05-05 01:52:31.996677+00:00
16832,38052,3710,-1,2026-05-05 01:52:31.996677+00:00
16833,38072,3710,0,2026-05-05 01:52:31.996677+00:00
16834,38080,5718,1,2026-05-05 01:52:31.996677+00:00
16835,38088,3710,0,2026-05-05 01:52:31.996677+00:00
16836,38102,5717,0,2026-05-05 01:52:31.996677+00:00
16837,38105,5718,0,2026-05-05 01:52:31.996677+00:00
16838,38108,5643,0,2026-05-05 01:52:31.996677+00:00
16839,38112,5609,0,2026-05-05 01:52:31.996677+00:00
16840,38112,5597,0,2026-05-05 01:52:31.996677+00:00
16841,38122,3367,0,2026-05-05 01:52:31.996677+00:00
16842,38122,3710,0,2026-05-05 01:52:31.996677+00:00
16843,38123,3719,0,2026-05-05 01:52:31.996677+00:00
16844,38125,5717,0,2026-05-05 01:52:31.996677+00:00
16845,38129,3209,0,2026-05-05 01:52:31.996677+00:00
16846,38144,3579,0,2026-05-05 01:52:31.996677+00:00
16847,38167,3710,0,2026-05-05 01:52:31.996677+00:00
16848,38169,5714,0,2026-05-05 01:52:31.996677+00:00
16849,38184,3710,1,2026-05-05 01:52:31.996677+00:00
16850,38190,5607,0,2026-05-05 01:52:31.996677+00:00
16851,38192,3710,0,2026-05-05 01:52:31.996677+00:00
16852,38193,3710,0,2026-05-05 01:52:31.996677+00:00
16853,38199,5716,0,2026-05-05 01:52:31.996677+00:00
16854,38201,5646,1,2026-05-05 01:52:31.996677+00:00
16855,38202,3367,0,2026-05-05 01:52:31.996677+00:00
16856,38202,5595,0,2026-05-05 01:52:31.996677+00:00
16857,38209,5643,0,2026-05-05 01:52:31.996677+00:00
16858,38217,3719,0,2026-05-05 01:52:31.996677+00:00
16859,38225,3316,0,2026-05-05 01:52:31.996677+00:00
16860,38228,3367,0,2026-05-05 01:52:31.996677+00:00
16861,38230,5718,-1,2026-05-05 01:52:31.996677+00:00
16862,38230,5717,-1,2026-05-05 01:52:31.996677+00:00
16863,38232,5718,-1,2026-05-05 01:52:31.996677+00:00
16864,38236,3710,0,2026-05-05 01:52:31.996677+00:00
16865,38239,3710,1,2026-05-05 01:52:31.996677+00:00
16866,38245,3367,0,2026-05-05 01:52:31.996677+00:00
16867,38250,3710,0,2026-05-05 01:52:31.996677+00:00
16868,38250,5717,0,2026-05-05 01:52:31.996677+00:00
16869,38251,3710,1,2026-05-05 01:52:31.996677+00:00
16870,38254,2985,0,2026-05-05 01:52:31.996677+00:00
16871,38254,3669,0,2026-05-05 01:52:31.996677+00:00
16872,38255,3367,0,2026-05-05 01:52:31.996677+00:00
16873,38264,3710,0,2026-05-05 01:52:31.996677+00:00
16874,38264,5717,0,2026-05-05 01:52:31.996677+00:00
16875,38266,3609,0,2026-05-05 01:52:31.996677+00:00
16876,38269,5719,0,2026-05-05 01:52:31.996677+00:00
16877,38276,3710,0,2026-05-05 01:52:31.996677+00:00
16878,38279,3669,0,2026-05-05 01:52:31.996677+00:00
16879,38280,3579,0,2026-05-05 01:52:31.996677+00:00
16880,38281,5717,0,2026-05-05 01:52:31.996677+00:00
16881,38286,5718,0,2026-05-05 01:52:31.996677+00:00
16882,38297,3609,0,2026-05-05 01:52:31.996677+00:00
16883,38298,3579,0,2026-05-05 01:52:31.996677+00:00
16884,38299,3608,0,2026-05-05 01:52:31.996677+00:00
16885,38299,5596,0,2026-05-05 01:52:31.996677+00:00
16886,38300,3316,0,2026-05-05 01:52:31.996677+00:00
16887,38305,5591,1,2026-05-05 01:52:31.996677+00:00
16888,38308,5592,-1,2026-05-05 01:52:31.996677+00:00
16889,38314,3016,0,2026-05-05 01:52:31.996677+00:00
16890,38315,2985,0,2026-05-05 01:52:31.996677+00:00
16891,38316,3710,0,2026-05-05 01:52:31.996677+00:00
16892,38318,3367,1,2026-05-05 01:52:31.996677+00:00
16893,38320,3731,0,2026-05-05 01:52:31.996677+00:00
16894,38322,3367,0,2026-05-05 01:52:31.996677+00:00
16895,38322,3710,0,2026-05-05 01:52:31.996677+00:00
16896,38323,3710,0,2026-05-05 01:52:31.996677+00:00
16897,38331,3367,0,2026-05-05 01:52:31.996677+00:00
16898,38333,3367,0,2026-05-05 01:52:31.996677+00:00
16899,38343,3367,1,2026-05-05 01:52:31.996677+00:00
16900,38343,3710,1,2026-05-05 01:52:31.996677+00:00
16901,38343,5611,1,2026-05-05 01:52:31.996677+00:00
16902,38345,5592,0,2026-05-05 01:52:31.996677+00:00
16903,38345,3367,0,2026-05-05 01:52:31.996677+00:00
16904,38346,3669,0,2026-05-05 01:52:31.996677+00:00
16905,38352,5610,0,2026-05-05 01:52:31.996677+00:00
16906,38352,3016,0,2026-05-05 01:52:31.996677+00:00
16907,38354,5595,0,2026-05-05 01:52:31.996677+00:00
16908,38354,3719,0,2026-05-05 01:52:31.996677+00:00
16909,38359,3669,0,2026-05-05 01:52:31.996677+00:00
16910,38380,5608,0,2026-05-05 01:52:31.996677+00:00
16911,38382,5608,0,2026-05-05 01:52:31.996677+00:00
16912,38392,3719,0,2026-05-05 01:52:31.996677+00:00
16913,38408,5593,0,2026-05-05 01:52:31.996677+00:00
16914,38413,5717,0,2026-05-05 01:52:31.996677+00:00
16915,38424,5593,0,2026-05-05 01:52:31.996677+00:00
16916,38426,3367,0,2026-05-05 01:52:31.996677+00:00
16917,38428,3016,0,2026-05-05 01:52:31.996677+00:00
16918,38428,5609,0,2026-05-05 01:52:31.996677+00:00
16919,38442,5604,0,2026-05-05 01:52:31.996677+00:00
16920,38450,3719,0,2026-05-05 01:52:31.996677+00:00
16921,38456,5717,0,2026-05-05 01:52:31.996677+00:00
16922,38467,5596,0,2026-05-05 01:52:31.996677+00:00
16923,38474,5717,0,2026-05-05 01:52:31.996677+00:00
16924,38477,3367,0,2026-05-05 01:52:31.996677+00:00
16925,38478,3710,0,2026-05-05 01:52:31.996677+00:00
16926,38481,3710,1,2026-05-05 01:52:31.996677+00:00
16927,38481,3367,1,2026-05-05 01:52:31.996677+00:00
16928,38482,3367,1,2026-05-05 01:52:31.996677+00:00
16929,38482,3710,1,2026-05-05 01:52:31.996677+00:00
16930,38484,3710,0,2026-05-05 01:52:31.996677+00:00
16931,38487,3710,0,2026-05-05 01:52:31.996677+00:00
16932,38493,5608,0,2026-05-05 01:52:31.996677+00:00
16933,38498,5717,0,2026-05-05 01:52:31.996677+00:00
16934,38508,5713,0,2026-05-05 01:52:31.996677+00:00
16935,38516,3367,0,2026-05-05 01:52:31.996677+00:00
16936,38518,5614,0,2026-05-05 01:52:31.996677+00:00
16937,38520,5596,0,2026-05-05 01:52:31.996677+00:00
16938,38524,5591,0,2026-05-05 01:52:31.996677+00:00
16939,38541,5718,0,2026-05-05 01:52:31.996677+00:00
16940,38541,5593,0,2026-05-05 01:52:31.996677+00:00
16941,38587,3710,0,2026-05-05 01:52:31.996677+00:00
16942,38587,5596,0,2026-05-05 01:52:31.996677+00:00
16943,38590,2985,0,2026-05-05 01:52:31.996677+00:00
16944,38594,5596,0,2026-05-05 01:52:31.996677+00:00
16945,38658,3719,0,2026-05-05 01:52:31.996677+00:00
16946,38660,5717,0,2026-05-05 01:52:31.996677+00:00
16947,38661,5591,0,2026-05-05 01:52:31.996677+00:00
16948,38672,5591,0,2026-05-05 01:52:31.996677+00:00
16949,38685,5716,0,2026-05-05 01:52:31.996677+00:00
16950,38689,3367,0,2026-05-05 01:52:31.996677+00:00
16951,38693,5596,0,2026-05-05 01:52:31.996677+00:00
16952,38702,5595,1,2026-05-05 01:52:31.996677+00:00
16953,38703,5595,0,2026-05-05 01:52:31.996677+00:00
16954,38703,5593,0,2026-05-05 01:52:31.996677+00:00
16955,38706,5595,0,2026-05-05 01:52:31.996677+00:00
16956,38712,5595,0,2026-05-05 01:52:31.996677+00:00
16957,38723,5713,0,2026-05-05 01:52:31.996677+00:00
16958,38732,5595,0,2026-05-05 01:52:31.996677+00:00
16959,38733,5718,1,2026-05-05 01:52:31.996677+00:00
16960,38752,3367,0,2026-05-05 01:52:31.996677+00:00
16961,38752,3710,0,2026-05-05 01:52:31.996677+00:00
16962,38753,5595,1,2026-05-05 01:52:31.996677+00:00
16963,38753,5593,1,2026-05-05 01:52:31.996677+00:00
16964,38755,5595,0,2026-05-05 01:52:31.996677+00:00
16965,38755,5614,0,2026-05-05 01:52:31.996677+00:00
16966,38756,5595,0,2026-05-05 01:52:31.996677+00:00
16967,38757,5595,0,2026-05-05 01:52:31.996677+00:00
16968,38767,5593,0,2026-05-05 01:52:31.996677+00:00
16969,38772,5718,-1,2026-05-05 01:52:31.996677+00:00
16970,38854,5595,0,2026-05-05 01:52:31.996677+00:00
16971,38858,5596,1,2026-05-05 01:52:31.996677+00:00
16972,38883,5717,0,2026-05-05 01:52:31.996677+00:00
16973,38888,5593,0,2026-05-05 01:52:31.996677+00:00
16974,38891,5714,1,2026-05-05 01:52:31.996677+00:00
16975,38904,5595,0,2026-05-05 01:52:31.996677+00:00
16976,38913,3367,0,2026-05-05 01:52:31.996677+00:00
16977,38913,3710,0,2026-05-05 01:52:31.996677+00:00
16978,38916,5595,0,2026-05-05 01:52:31.996677+00:00
16979,38927,5593,1,2026-05-05 01:52:31.996677+00:00
16980,38927,5592,1,2026-05-05 01:52:31.996677+00:00
16981,38927,5597,1,2026-05-05 01:52:31.996677+00:00
16982,38927,5609,1,2026-05-05 01:52:31.996677+00:00
16983,38937,5596,0,2026-05-05 01:52:31.996677+00:00
16984,38966,3367,-1,2026-05-05 01:52:31.996677+00:00
16985,38968,3719,1,2026-05-05 01:52:31.996677+00:00
16986,38983,5716,0,2026-05-05 01:52:31.996677+00:00
16987,38989,3669,1,2026-05-05 01:52:31.996677+00:00
16988,38994,3719,1,2026-05-05 01:52:31.996677+00:00
16989,39000,3710,0,2026-05-05 01:52:31.996677+00:00
16990,39007,3367,0,2026-05-05 01:52:31.996677+00:00
16991,39021,5718,0,2026-05-05 01:52:31.996677+00:00
16992,39027,3367,0,2026-05-05 01:52:31.996677+00:00
16993,39042,5717,-1,2026-05-05 01:52:31.996677+00:00
16994,39047,3367,1,2026-05-05 01:52:31.996677+00:00
16995,39047,3710,1,2026-05-05 01:52:31.996677+00:00
16996,39054,5596,0,2026-05-05 01:52:31.996677+00:00
16997,39056,5596,0,2026-05-05 01:52:31.996677+00:00
16998,39069,5593,1,2026-05-05 01:52:31.996677+00:00
16999,39073,5717,0,2026-05-05 01:52:31.996677+00:00
17000,39081,3609,0,2026-05-05 01:52:31.996677+00:00
17001,39082,3209,1,2026-05-05 01:52:31.996677+00:00
17002,39084,3367,0,2026-05-05 01:52:31.996677+00:00
17003,39092,5717,-1,2026-05-05 01:52:31.996677+00:00
17004,39128,3710,0,2026-05-05 01:52:31.996677+00:00
17005,39130,5593,0,2026-05-05 01:52:31.996677+00:00
17006,39144,5717,0,2026-05-05 01:52:31.996677+00:00
17007,39146,3719,0,2026-05-05 01:52:31.996677+00:00
17008,39152,5604,0,2026-05-05 01:52:31.996677+00:00
17009,39154,5719,-1,2026-05-05 01:52:31.996677+00:00
17010,39167,3710,0,2026-05-05 01:52:31.996677+00:00
17011,39167,3367,0,2026-05-05 01:52:31.996677+00:00
17012,39244,5717,-1,2026-05-05 01:52:31.996677+00:00
17013,39330,3710,1,2026-05-05 01:52:31.996677+00:00
17014,39332,3209,0,2026-05-05 01:52:31.996677+00:00
17015,39333,3719,0,2026-05-05 01:52:31.996677+00:00
17016,39360,3367,1,2026-05-05 01:52:31.996677+00:00
17017,39360,3710,1,2026-05-05 01:52:31.996677+00:00
17018,39364,3710,0,2026-05-05 01:52:31.996677+00:00
17019,39393,3609,1,2026-05-05 01:52:31.996677+00:00
17020,39422,5717,0,2026-05-05 01:52:31.996677+00:00
17021,39424,3367,1,2026-05-05 01:52:31.996677+00:00
17022,39451,5717,1,2026-05-05 01:52:31.996677+00:00
17023,39452,3367,0,2026-05-05 01:52:31.996677+00:00
17024,39453,3579,0,2026-05-05 01:52:31.996677+00:00
17025,39453,3367,0,2026-05-05 01:52:31.996677+00:00
17026,39454,3367,-1,2026-05-05 01:52:31.996677+00:00
17027,39481,3367,1,2026-05-05 01:52:31.996677+00:00
17028,39483,3367,1,2026-05-05 01:52:31.996677+00:00
17029,39484,3367,0,2026-05-05 01:52:31.996677+00:00
17030,39512,5717,0,2026-05-05 01:52:31.996677+00:00
17031,39540,5717,0,2026-05-05 01:52:31.996677+00:00
17032,39570,3710,0,2026-05-05 01:52:31.996677+00:00
17033,39572,5604,0,2026-05-05 01:52:31.996677+00:00
17034,39574,3710,-1,2026-05-05 01:52:31.996677+00:00
17035,39574,3367,-1,2026-05-05 01:52:31.996677+00:00
17036,39600,5713,0,2026-05-05 01:52:31.996677+00:00
17037,39602,3710,-1,2026-05-05 01:52:31.996677+00:00
17038,39603,3367,0,2026-05-05 01:52:31.996677+00:00
17039,39605,5593,0,2026-05-05 01:52:31.996677+00:00
17040,39632,3367,-1,2026-05-05 01:52:31.996677+00:00
17041,39663,5593,0,2026-05-05 01:52:31.996677+00:00
17042,39690,5717,1,2026-05-05 01:52:31.996677+00:00
17043,39693,5718,0,2026-05-05 01:52:31.996677+00:00
17044,39695,5608,0,2026-05-05 01:52:31.996677+00:00
17045,39720,5717,0,2026-05-05 01:52:31.996677+00:00
17046,39722,3710,0,2026-05-05 01:52:31.996677+00:00
17047,39723,5593,-1,2026-05-05 01:52:31.996677+00:00
17048,39725,3710,0,2026-05-05 01:52:31.996677+00:00
17049,39750,5593,0,2026-05-05 01:52:31.996677+00:00
17050,39753,5593,1,2026-05-05 01:52:31.996677+00:00
17051,39781,3710,0,2026-05-05 01:52:31.996677+00:00
17052,39811,5715,0,2026-05-05 01:52:31.996677+00:00
17053,39841,3710,0,2026-05-05 01:52:31.996677+00:00
17054,39842,3710,0,2026-05-05 01:52:31.996677+00:00
17055,39842,5608,0,2026-05-05 01:52:31.996677+00:00
17056,39843,3710,-1,2026-05-05 01:52:31.996677+00:00
17057,39872,3710,1,2026-05-05 01:52:31.996677+00:00
17058,39872,3367,1,2026-05-05 01:52:31.996677+00:00
17059,39875,5717,1,2026-05-05 01:52:31.996677+00:00
17060,39901,3710,0,2026-05-05 01:52:31.996677+00:00
17061,39903,5593,1,2026-05-05 01:52:31.996677+00:00
17062,39905,3209,0,2026-05-05 01:52:31.996677+00:00
17063,39934,5594,1,2026-05-05 01:52:31.996677+00:00
17064,39960,3367,0,2026-05-05 01:52:31.996677+00:00
17065,39963,3710,0,2026-05-05 01:52:31.996677+00:00
17066,39964,3710,1,2026-05-05 01:52:31.996677+00:00
17067,39965,3367,0,2026-05-05 01:52:31.996677+00:00
17068,39990,5592,0,2026-05-05 01:52:31.996677+00:00
17069,39990,5597,0,2026-05-05 01:52:31.996677+00:00
17070,39992,3608,0,2026-05-05 01:52:31.996677+00:00
17071,39993,3367,-1,2026-05-05 01:52:31.996677+00:00
17072,39993,3710,-1,2026-05-05 01:52:31.996677+00:00
17073,39994,3016,0,2026-05-05 01:52:31.996677+00:00
17074,40022,3710,1,2026-05-05 01:52:31.996677+00:00
17075,40050,5715,0,2026-05-05 01:52:31.996677+00:00
17076,40053,5717,1,2026-05-05 01:52:31.996677+00:00
17077,40080,3367,0,2026-05-05 01:52:31.996677+00:00
17078,40080,3710,0,2026-05-05 01:52:31.996677+00:00
17079,40081,5717,-1,2026-05-05 01:52:31.996677+00:00
17080,40082,3367,0,2026-05-05 01:52:31.996677+00:00
17081,40082,3710,0,2026-05-05 01:52:31.996677+00:00
17082,40114,3710,0,2026-05-05 01:52:31.996677+00:00
17083,40115,5717,-1,2026-05-05 01:52:31.996677+00:00
17084,40142,5717,-1,2026-05-05 01:52:31.996677+00:00
17085,40146,5717,0,2026-05-05 01:52:31.996677+00:00
17086,40146,3710,0,2026-05-05 01:52:31.996677+00:00
17087,40170,3719,0,2026-05-05 01:52:31.996677+00:00
17088,40170,3710,0,2026-05-05 01:52:31.996677+00:00
17089,40172,3710,0,2026-05-05 01:52:31.996677+00:00
17090,40200,5717,0,2026-05-05 01:52:31.996677+00:00
17091,40202,3710,0,2026-05-05 01:52:31.996677+00:00
17092,40204,5717,0,2026-05-05 01:52:31.996677+00:00
17093,40205,3710,0,2026-05-05 01:52:31.996677+00:00
17094,40205,3367,0,2026-05-05 01:52:31.996677+00:00
17095,40206,3710,0,2026-05-05 01:52:31.996677+00:00
17096,40206,3367,0,2026-05-05 01:52:31.996677+00:00
17097,40230,3367,1,2026-05-05 01:52:31.996677+00:00
17098,40230,3710,1,2026-05-05 01:52:31.996677+00:00
17099,40231,3719,0,2026-05-05 01:52:31.996677+00:00
17100,40231,5596,0,2026-05-05 01:52:31.996677+00:00
17101,40233,3710,0,2026-05-05 01:52:31.996677+00:00
17102,40234,3710,0,2026-05-05 01:52:31.996677+00:00
17103,40260,3710,-1,2026-05-05 01:52:31.996677+00:00
17104,40261,3550,0,2026-05-05 01:52:31.996677+00:00
17105,40263,3710,1,2026-05-05 01:52:31.996677+00:00
17106,40263,3367,1,2026-05-05 01:52:31.996677+00:00
17107,40292,3367,0,2026-05-05 01:52:31.996677+00:00
17108,40293,5717,0,2026-05-05 01:52:31.996677+00:00
17109,40320,5646,-1,2026-05-05 01:52:31.996677+00:00
17110,40324,5607,0,2026-05-05 01:52:31.996677+00:00
17111,40351,5715,0,2026-05-05 01:52:31.996677+00:00
17112,40353,3367,1,2026-05-05 01:52:31.996677+00:00
17113,40354,3367,0,2026-05-05 01:52:31.996677+00:00
17114,40354,3710,0,2026-05-05 01:52:31.996677+00:00
17115,40380,3367,1,2026-05-05 01:52:31.996677+00:00
17116,40381,3710,0,2026-05-05 01:52:31.996677+00:00
17117,40385,3367,0,2026-05-05 01:52:31.996677+00:00
17118,40411,3710,0,2026-05-05 01:52:31.996677+00:00
17119,40412,5646,0,2026-05-05 01:52:31.996677+00:00
17120,40414,3367,0,2026-05-05 01:52:31.996677+00:00
17121,40416,5717,0,2026-05-05 01:52:31.996677+00:00
17122,40416,3710,0,2026-05-05 01:52:31.996677+00:00
17123,40441,3367,0,2026-05-05 01:52:31.996677+00:00
17124,40444,3710,0,2026-05-05 01:52:31.996677+00:00
17125,40470,3367,0,2026-05-05 01:52:31.996677+00:00
17126,40470,3710,0,2026-05-05 01:52:31.996677+00:00
17127,40471,3710,-1,2026-05-05 01:52:31.996677+00:00
17128,40473,3710,1,2026-05-05 01:52:31.996677+00:00
17129,40474,5717,0,2026-05-05 01:52:31.996677+00:00
17130,40476,3710,1,2026-05-05 01:52:31.996677+00:00
17131,40476,5656,1,2026-05-05 01:52:31.996677+00:00
17132,40501,3367,1,2026-05-05 01:52:31.996677+00:00
17133,40506,3367,0,2026-05-05 01:52:31.996677+00:00
17134,40532,3710,1,2026-05-05 01:52:31.996677+00:00
17135,40532,3367,1,2026-05-05 01:52:31.996677+00:00
17136,40561,5591,0,2026-05-05 01:52:31.996677+00:00
17137,40564,3367,1,2026-05-05 01:52:31.996677+00:00
17138,40620,3710,0,2026-05-05 01:52:31.996677+00:00
17139,40620,3367,0,2026-05-05 01:52:31.996677+00:00
17140,40651,3710,0,2026-05-05 01:52:31.996677+00:00
17141,40653,3710,0,2026-05-05 01:52:31.996677+00:00
17142,40745,5607,0,2026-05-05 01:52:31.996677+00:00
17143,40745,3710,0,2026-05-05 01:52:31.996677+00:00
17144,40745,3367,0,2026-05-05 01:52:31.996677+00:00
17145,40746,5607,0,2026-05-05 01:52:31.996677+00:00
17146,40749,3719,0,2026-05-05 01:52:31.996677+00:00
17147,40753,5607,0,2026-05-05 01:52:31.996677+00:00
17148,40754,5717,0,2026-05-05 01:52:31.996677+00:00
17149,40755,3367,0,2026-05-05 01:52:31.996677+00:00
17150,40755,5607,0,2026-05-05 01:52:31.996677+00:00
17151,40755,3710,0,2026-05-05 01:52:31.996677+00:00
17152,40756,5607,0,2026-05-05 01:52:31.996677+00:00
17153,40758,5607,0,2026-05-05 01:52:31.996677+00:00
17154,40759,5607,0,2026-05-05 01:52:31.996677+00:00
17155,40761,5717,0,2026-05-05 01:52:31.996677+00:00
17156,40762,5607,0,2026-05-05 01:52:31.996677+00:00
17157,40764,3719,-1,2026-05-05 01:52:31.996677+00:00
17158,40766,5715,0,2026-05-05 01:52:31.996677+00:00
17159,40775,3710,0,2026-05-05 01:52:31.996677+00:00
17160,40775,3367,0,2026-05-05 01:52:31.996677+00:00
17161,40778,3367,0,2026-05-05 01:52:31.996677+00:00
17162,40786,3710,0,2026-05-05 01:52:31.996677+00:00
17163,40787,5596,1,2026-05-05 01:52:31.996677+00:00
17164,40805,5717,0,2026-05-05 01:52:31.996677+00:00
17165,40805,5714,0,2026-05-05 01:52:31.996677+00:00
17166,40810,3367,0,2026-05-05 01:52:31.996677+00:00
17167,40812,5713,0,2026-05-05 01:52:31.996677+00:00
17168,40813,3367,0,2026-05-05 01:52:31.996677+00:00
17169,40818,3367,0,2026-05-05 01:52:31.996677+00:00
17170,40822,3367,0,2026-05-05 01:52:31.996677+00:00
17171,40824,3367,0,2026-05-05 01:52:31.996677+00:00
17172,40826,3710,1,2026-05-05 01:52:31.996677+00:00
17173,40826,3367,1,2026-05-05 01:52:31.996677+00:00
17174,40835,3710,0,2026-05-05 01:52:31.996677+00:00
17175,40835,3367,0,2026-05-05 01:52:31.996677+00:00
17176,40847,3367,0,2026-05-05 01:52:31.996677+00:00
17177,40849,5718,0,2026-05-05 01:52:31.996677+00:00
17178,40849,3710,0,2026-05-05 01:52:31.996677+00:00
17179,40866,3710,0,2026-05-05 01:52:31.996677+00:00
17180,40866,3367,0,2026-05-05 01:52:31.996677+00:00
17181,40874,3367,1,2026-05-05 01:52:31.996677+00:00
17182,40874,3710,1,2026-05-05 01:52:31.996677+00:00
17183,40878,3367,0,2026-05-05 01:52:31.996677+00:00
17184,40880,3367,0,2026-05-05 01:52:31.996677+00:00
17185,40881,3209,1,2026-05-05 01:52:31.996677+00:00
17186,40887,3710,0,2026-05-05 01:52:31.996677+00:00
17187,40895,3367,0,2026-05-05 01:52:31.996677+00:00
17188,40898,3710,0,2026-05-05 01:52:31.996677+00:00
17189,40900,3710,0,2026-05-05 01:52:31.996677+00:00
17190,40900,3367,0,2026-05-05 01:52:31.996677+00:00
17191,40901,5719,0,2026-05-05 01:52:31.996677+00:00
17192,40903,5717,0,2026-05-05 01:52:31.996677+00:00
17193,40903,3367,0,2026-05-05 01:52:31.996677+00:00
17194,40907,3367,0,2026-05-05 01:52:31.996677+00:00
17195,40908,3710,-1,2026-05-05 01:52:31.996677+00:00
17196,40911,5715,0,2026-05-05 01:52:31.996677+00:00
17197,40913,3710,0,2026-05-05 01:52:31.996677+00:00
17198,40913,3367,0,2026-05-05 01:52:31.996677+00:00
17199,40916,3367,0,2026-05-05 01:52:31.996677+00:00
17200,40918,3710,1,2026-05-05 01:52:31.996677+00:00
17201,40928,3710,-1,2026-05-05 01:52:31.996677+00:00
17202,40936,3209,0,2026-05-05 01:52:31.996677+00:00
17203,40939,3209,0,2026-05-05 01:52:31.996677+00:00
17204,40940,5656,0,2026-05-05 01:52:31.996677+00:00
17205,40941,3710,0,2026-05-05 01:52:31.996677+00:00
17206,40945,3367,0,2026-05-05 01:52:31.996677+00:00
17207,40946,5592,0,2026-05-05 01:52:31.996677+00:00
17208,40957,3367,0,2026-05-05 01:52:31.996677+00:00
17209,40958,3367,0,2026-05-05 01:52:31.996677+00:00
17210,40961,3710,0,2026-05-05 01:52:31.996677+00:00
17211,40963,3209,-1,2026-05-05 01:52:31.996677+00:00
17212,40968,5717,-1,2026-05-05 01:52:31.996677+00:00
17213,40970,3209,0,2026-05-05 01:52:31.996677+00:00
17214,40977,3609,0,2026-05-05 01:52:31.996677+00:00
17215,40985,3367,0,2026-05-05 01:52:31.996677+00:00
17216,40987,3719,1,2026-05-05 01:52:31.996677+00:00
17217,40989,3367,0,2026-05-05 01:52:31.996677+00:00
17218,40990,3209,0,2026-05-05 01:52:31.996677+00:00
17219,40990,3068,0,2026-05-05 01:52:31.996677+00:00
17220,40991,3367,0,2026-05-05 01:52:31.996677+00:00
17221,40992,3209,0,2026-05-05 01:52:31.996677+00:00
17222,40993,3710,-1,2026-05-05 01:52:31.996677+00:00
17223,40994,3367,0,2026-05-05 01:52:31.996677+00:00
17224,40994,3710,0,2026-05-05 01:52:31.996677+00:00
17225,40995,3367,0,2026-05-05 01:52:31.996677+00:00
17226,40996,3068,-1,2026-05-05 01:52:31.996677+00:00
17227,40999,3367,0,2026-05-05 01:52:31.996677+00:00
17228,41000,3367,0,2026-05-05 01:52:31.996677+00:00
17229,41001,3609,0,2026-05-05 01:52:31.996677+00:00
17230,41002,3367,0,2026-05-05 01:52:31.996677+00:00
17231,41003,3209,0,2026-05-05 01:52:31.996677+00:00
17232,41003,3068,0,2026-05-05 01:52:31.996677+00:00
17233,41004,3710,0,2026-05-05 01:52:31.996677+00:00
17234,41006,3367,0,2026-05-05 01:52:31.996677+00:00
17235,41016,5717,0,2026-05-05 01:52:31.996677+00:00
17236,41020,3710,0,2026-05-05 01:52:31.996677+00:00
17237,41020,3367,0,2026-05-05 01:52:31.996677+00:00
17238,41021,3367,-1,2026-05-05 01:52:31.996677+00:00
17239,41022,5607,0,2026-05-05 01:52:31.996677+00:00
17240,41023,3367,0,2026-05-05 01:52:31.996677+00:00
17241,41024,3367,0,2026-05-05 01:52:31.996677+00:00
17242,41025,3367,0,2026-05-05 01:52:31.996677+00:00
17243,41026,3710,-1,2026-05-05 01:52:31.996677+00:00
17244,41027,3710,0,2026-05-05 01:52:31.996677+00:00
17245,41028,5719,0,2026-05-05 01:52:31.996677+00:00
17246,41029,3367,0,2026-05-05 01:52:31.996677+00:00
17247,41031,3710,0,2026-05-05 01:52:31.996677+00:00
17248,41033,3367,0,2026-05-05 01:52:31.996677+00:00
17249,41035,3367,0,2026-05-05 01:52:31.996677+00:00
17250,41038,3367,1,2026-05-05 01:52:31.996677+00:00
17251,41044,3710,1,2026-05-05 01:52:31.996677+00:00
17252,41045,3367,0,2026-05-05 01:52:31.996677+00:00
17253,41046,3209,0,2026-05-05 01:52:31.996677+00:00
17254,41047,3367,0,2026-05-05 01:52:31.996677+00:00
17255,41048,3367,0,2026-05-05 01:52:31.996677+00:00
17256,41051,5715,0,2026-05-05 01:52:31.996677+00:00
17257,41054,3367,0,2026-05-05 01:52:31.996677+00:00
17258,41058,3209,0,2026-05-05 01:52:31.996677+00:00
17259,41060,3367,0,2026-05-05 01:52:31.996677+00:00
17260,41062,3367,1,2026-05-05 01:52:31.996677+00:00
17261,41064,3367,1,2026-05-05 01:52:31.996677+00:00
17262,41074,3367,0,2026-05-05 01:52:31.996677+00:00
17263,41075,5717,0,2026-05-05 01:52:31.996677+00:00
17264,41076,3367,0,2026-05-05 01:52:31.996677+00:00
17265,41077,3367,0,2026-05-05 01:52:31.996677+00:00
17266,41078,3367,0,2026-05-05 01:52:31.996677+00:00
17267,41079,3710,0,2026-05-05 01:52:31.996677+00:00
17268,41079,3367,0,2026-05-05 01:52:31.996677+00:00
17269,41082,3367,0,2026-05-05 01:52:31.996677+00:00
17270,41085,3367,0,2026-05-05 01:52:31.996677+00:00
17271,41086,3367,0,2026-05-05 01:52:31.996677+00:00
17272,41088,3367,0,2026-05-05 01:52:31.996677+00:00
17273,41092,3367,-1,2026-05-05 01:52:31.996677+00:00
17274,41093,3367,0,2026-05-05 01:52:31.996677+00:00
17275,41097,3710,-1,2026-05-05 01:52:31.996677+00:00
17276,41097,3367,-1,2026-05-05 01:52:31.996677+00:00
17277,41098,3367,0,2026-05-05 01:52:31.996677+00:00
17278,41098,5717,0,2026-05-05 01:52:31.996677+00:00
17279,41105,3367,0,2026-05-05 01:52:31.996677+00:00
17280,41106,3367,1,2026-05-05 01:52:31.996677+00:00
17281,41106,5717,1,2026-05-05 01:52:31.996677+00:00
17282,41109,3710,-1,2026-05-05 01:52:31.996677+00:00
17283,41112,3367,1,2026-05-05 01:52:31.996677+00:00
17284,41112,3710,1,2026-05-05 01:52:31.996677+00:00
17285,41120,3710,1,2026-05-05 01:52:31.996677+00:00
17286,41121,3710,1,2026-05-05 01:52:31.996677+00:00
17287,41123,3367,1,2026-05-05 01:52:31.996677+00:00
17288,41124,5646,0,2026-05-05 01:52:31.996677+00:00
17289,41125,3710,0,2026-05-05 01:52:31.996677+00:00
17290,41136,3367,1,2026-05-05 01:52:31.996677+00:00
17291,41136,3710,1,2026-05-05 01:52:31.996677+00:00
17292,41137,3710,0,2026-05-05 01:52:31.996677+00:00
17293,41139,3550,1,2026-05-05 01:52:31.996677+00:00
17294,41140,3550,0,2026-05-05 01:52:31.996677+00:00
17295,41141,3367,1,2026-05-05 01:52:31.996677+00:00
17296,41142,5717,-1,2026-05-05 01:52:31.996677+00:00
17297,41143,3550,1,2026-05-05 01:52:31.996677+00:00
17298,41144,3367,0,2026-05-05 01:52:31.996677+00:00
17299,41146,3609,0,2026-05-05 01:52:31.996677+00:00
17300,41147,3710,0,2026-05-05 01:52:31.996677+00:00
17301,41147,3367,0,2026-05-05 01:52:31.996677+00:00
17302,41147,3609,0,2026-05-05 01:52:31.996677+00:00
17303,41149,3710,1,2026-05-05 01:52:31.996677+00:00
17304,41149,3367,1,2026-05-05 01:52:31.996677+00:00
17305,41150,3710,1,2026-05-05 01:52:31.996677+00:00
17306,41150,3367,1,2026-05-05 01:52:31.996677+00:00
17307,41151,3367,0,2026-05-05 01:52:31.996677+00:00
17308,41152,3710,0,2026-05-05 01:52:31.996677+00:00
17309,41154,3710,0,2026-05-05 01:52:31.996677+00:00
17310,41155,3710,0,2026-05-05 01:52:31.996677+00:00
17311,41166,3710,0,2026-05-05 01:52:31.996677+00:00
17312,41180,3710,1,2026-05-05 01:52:31.996677+00:00
17313,41180,3367,1,2026-05-05 01:52:31.996677+00:00
17314,41181,3367,0,2026-05-05 01:52:31.996677+00:00
17315,41182,3367,0,2026-05-05 01:52:31.996677+00:00
17316,41184,3367,0,2026-05-05 01:52:31.996677+00:00
17317,41197,3710,0,2026-05-05 01:52:31.996677+00:00
17318,41197,3367,0,2026-05-05 01:52:31.996677+00:00
17319,41198,3710,0,2026-05-05 01:52:31.996677+00:00
17320,41198,3367,0,2026-05-05 01:52:31.996677+00:00
17321,41199,5643,0,2026-05-05 01:52:31.996677+00:00
17322,41205,3710,1,2026-05-05 01:52:31.996677+00:00
17323,41209,3710,-1,2026-05-05 01:52:31.996677+00:00
17324,41210,3367,0,2026-05-05 01:52:31.996677+00:00
17325,41210,3710,0,2026-05-05 01:52:31.996677+00:00
17326,41214,3710,1,2026-05-05 01:52:31.996677+00:00
17327,41215,5715,0,2026-05-05 01:52:31.996677+00:00
17328,41217,5717,-1,2026-05-05 01:52:31.996677+00:00
17329,41227,3710,0,2026-05-05 01:52:31.996677+00:00
17330,41240,3367,0,2026-05-05 01:52:31.996677+00:00
17331,41247,5717,0,2026-05-05 01:52:31.996677+00:00
17332,41259,5717,1,2026-05-05 01:52:31.996677+00:00
17333,41261,3710,0,2026-05-05 01:52:31.996677+00:00
17334,41261,3367,0,2026-05-05 01:52:31.996677+00:00
17335,41261,5607,0,2026-05-05 01:52:31.996677+00:00
17336,41261,5719,0,2026-05-05 01:52:31.996677+00:00
17337,41264,5596,1,2026-05-05 01:52:31.996677+00:00
17338,41267,5608,0,2026-05-05 01:52:31.996677+00:00
17339,41268,3710,0,2026-05-05 01:52:31.996677+00:00
17340,41269,5595,0,2026-05-05 01:52:31.996677+00:00
17341,41272,5608,1,2026-05-05 01:52:31.996677+00:00
17342,41284,3710,0,2026-05-05 01:52:31.996677+00:00
17343,41284,3367,0,2026-05-05 01:52:31.996677+00:00
17344,41285,5607,1,2026-05-05 01:52:31.996677+00:00
17345,41286,5591,1,2026-05-05 01:52:31.996677+00:00
17346,41290,5719,0,2026-05-05 01:52:31.996677+00:00
17347,41295,5594,0,2026-05-05 01:52:31.996677+00:00
17348,41296,5593,0,2026-05-05 01:52:31.996677+00:00
17349,41301,3367,0,2026-05-05 01:52:31.996677+00:00
17350,41303,3710,-1,2026-05-05 01:52:31.996677+00:00
17351,41314,5717,0,2026-05-05 01:52:31.996677+00:00
17352,41315,3710,0,2026-05-05 01:52:31.996677+00:00
17353,41315,3367,0,2026-05-05 01:52:31.996677+00:00
17354,41316,5595,0,2026-05-05 01:52:31.996677+00:00
17355,41316,5593,0,2026-05-05 01:52:31.996677+00:00
17356,41318,5593,1,2026-05-05 01:52:31.996677+00:00
17357,41321,3710,0,2026-05-05 01:52:31.996677+00:00
17358,41321,3367,0,2026-05-05 01:52:31.996677+00:00
17359,41322,5591,0,2026-05-05 01:52:31.996677+00:00
17360,41323,5717,0,2026-05-05 01:52:31.996677+00:00
17361,41324,5717,0,2026-05-05 01:52:31.996677+00:00
17362,41331,3209,0,2026-05-05 01:52:31.996677+00:00
17363,41333,5593,0,2026-05-05 01:52:31.996677+00:00
17364,41348,3550,0,2026-05-05 01:52:31.996677+00:00
17365,41349,5592,0,2026-05-05 01:52:31.996677+00:00
17366,41352,5593,1,2026-05-05 01:52:31.996677+00:00
17367,41357,5719,0,2026-05-05 01:52:31.996677+00:00
17368,41357,5591,0,2026-05-05 01:52:31.996677+00:00
17369,41360,5593,1,2026-05-05 01:52:31.996677+00:00
17370,41363,5717,0,2026-05-05 01:52:31.996677+00:00
17371,41365,5595,-1,2026-05-05 01:52:31.996677+00:00
17372,41366,5608,0,2026-05-05 01:52:31.996677+00:00
17373,41378,3710,0,2026-05-05 01:52:31.996677+00:00
17374,41380,3710,-1,2026-05-05 01:52:31.996677+00:00
17375,41383,5593,1,2026-05-05 01:52:31.996677+00:00
17376,41386,5715,0,2026-05-05 01:52:31.996677+00:00
17377,41387,3669,0,2026-05-05 01:52:31.996677+00:00
17378,41388,3209,0,2026-05-05 01:52:31.996677+00:00
17379,41392,5608,1,2026-05-05 01:52:31.996677+00:00
17380,41405,3710,0,2026-05-05 01:52:31.996677+00:00
17381,41405,3367,0,2026-05-05 01:52:31.996677+00:00
17382,41413,3550,0,2026-05-05 01:52:31.996677+00:00
17383,41414,3367,0,2026-05-05 01:52:31.996677+00:00
17384,41418,3710,0,2026-05-05 01:52:31.996677+00:00
17385,41418,3367,0,2026-05-05 01:52:31.996677+00:00
17386,41419,3710,1,2026-05-05 01:52:31.996677+00:00
17387,41421,5593,0,2026-05-05 01:52:31.996677+00:00
17388,41422,3367,0,2026-05-05 01:52:31.996677+00:00
17389,41423,5595,0,2026-05-05 01:52:31.996677+00:00
17390,41434,3710,0,2026-05-05 01:52:31.996677+00:00
17391,41435,3367,0,2026-05-05 01:52:31.996677+00:00
17392,41438,3209,1,2026-05-05 01:52:31.996677+00:00
17393,41439,3710,0,2026-05-05 01:52:31.996677+00:00
17394,41443,5717,0,2026-05-05 01:52:31.996677+00:00
17395,41444,5608,0,2026-05-05 01:52:31.996677+00:00
17396,41448,3710,-1,2026-05-05 01:52:31.996677+00:00
17397,41450,3710,0,2026-05-05 01:52:31.996677+00:00
17398,41466,3367,1,2026-05-05 01:52:31.996677+00:00
17399,41470,5715,0,2026-05-05 01:52:31.996677+00:00
17400,41471,5717,-1,2026-05-05 01:52:31.996677+00:00
17401,41475,5717,0,2026-05-05 01:52:31.996677+00:00
17402,41475,3710,0,2026-05-05 01:52:31.996677+00:00
17403,41476,3367,1,2026-05-05 01:52:31.996677+00:00
17404,41476,3710,1,2026-05-05 01:52:31.996677+00:00
17405,41478,5715,0,2026-05-05 01:52:31.996677+00:00
17406,41486,3710,1,2026-05-05 01:52:31.996677+00:00
17407,41486,3367,1,2026-05-05 01:52:31.996677+00:00
17408,41487,3710,0,2026-05-05 01:52:31.996677+00:00
17409,41487,5717,0,2026-05-05 01:52:31.996677+00:00
17410,41494,3710,-1,2026-05-05 01:52:31.996677+00:00
17411,41494,3367,-1,2026-05-05 01:52:31.996677+00:00
17412,41495,5717,1,2026-05-05 01:52:31.996677+00:00
17413,41501,5717,0,2026-05-05 01:52:31.996677+00:00
17414,41504,3710,0,2026-05-05 01:52:31.996677+00:00
17415,41507,5592,1,2026-05-05 01:52:31.996677+00:00
17416,41510,5597,0,2026-05-05 01:52:31.996677+00:00
17417,41513,5593,0,2026-05-05 01:52:31.996677+00:00
17418,41515,5593,1,2026-05-05 01:52:31.996677+00:00
17419,41516,5592,0,2026-05-05 01:52:31.996677+00:00
17420,41527,5608,0,2026-05-05 01:52:31.996677+00:00
17421,41528,5717,0,2026-05-05 01:52:31.996677+00:00
17422,41530,5717,0,2026-05-05 01:52:31.996677+00:00
17423,41533,5608,0,2026-05-05 01:52:31.996677+00:00
17424,41538,5719,1,2026-05-05 01:52:31.996677+00:00
17425,41539,5604,0,2026-05-05 01:52:31.996677+00:00
17426,41540,3710,0,2026-05-05 01:52:31.996677+00:00
17427,41541,3669,0,2026-05-05 01:52:31.996677+00:00
17428,41544,3710,1,2026-05-05 01:52:31.996677+00:00
17429,41544,5607,1,2026-05-05 01:52:31.996677+00:00
17430,41547,5717,1,2026-05-05 01:52:31.996677+00:00
17431,41554,3710,1,2026-05-05 01:52:31.996677+00:00
17432,41555,3367,0,2026-05-05 01:52:31.996677+00:00
17433,41557,5607,1,2026-05-05 01:52:31.996677+00:00
17434,41559,3710,1,2026-05-05 01:52:31.996677+00:00
17435,41560,5717,1,2026-05-05 01:52:31.996677+00:00
17436,41566,3710,0,2026-05-05 01:52:31.996677+00:00
17437,41569,3367,-1,2026-05-05 01:52:31.996677+00:00
17438,41572,3710,1,2026-05-05 01:52:31.996677+00:00
17439,41574,3719,0,2026-05-05 01:52:31.996677+00:00
17440,41575,3710,0,2026-05-05 01:52:31.996677+00:00
17441,41587,3710,-1,2026-05-05 01:52:31.996677+00:00
17442,41589,3710,0,2026-05-05 01:52:31.996677+00:00
17443,41605,3710,1,2026-05-05 01:52:31.996677+00:00
17444,41607,3710,-1,2026-05-05 01:52:31.996677+00:00
17445,41614,3710,0,2026-05-05 01:52:31.996677+00:00
17446,41617,3710,-1,2026-05-05 01:52:31.996677+00:00
17447,41618,3710,1,2026-05-05 01:52:31.996677+00:00
17448,41619,3710,1,2026-05-05 01:52:31.996677+00:00
17449,41621,3710,0,2026-05-05 01:52:31.996677+00:00
17450,41622,3710,1,2026-05-05 01:52:31.996677+00:00
17451,41622,3367,1,2026-05-05 01:52:31.996677+00:00
17452,41623,3710,0,2026-05-05 01:52:31.996677+00:00
17453,41624,3710,0,2026-05-05 01:52:31.996677+00:00
17454,41626,3710,0,2026-05-05 01:52:31.996677+00:00
17455,41627,5717,0,2026-05-05 01:52:31.996677+00:00
17456,41632,5713,0,2026-05-05 01:52:31.996677+00:00
17457,41632,5714,0,2026-05-05 01:52:31.996677+00:00
17458,41634,3719,0,2026-05-05 01:52:31.996677+00:00
17459,41645,5717,1,2026-05-05 01:52:31.996677+00:00
17460,41647,3710,0,2026-05-05 01:52:31.996677+00:00
17461,41650,5717,0,2026-05-05 01:52:31.996677+00:00
17462,41654,3367,0,2026-05-05 01:52:31.996677+00:00
17463,41655,5717,-1,2026-05-05 01:52:31.996677+00:00
17464,41659,3367,0,2026-05-05 01:52:31.996677+00:00
17465,41660,3367,1,2026-05-05 01:52:31.996677+00:00
17466,41662,3710,-1,2026-05-05 01:52:31.996677+00:00
17467,41662,3367,-1,2026-05-05 01:52:31.996677+00:00
17468,41674,3710,0,2026-05-05 01:52:31.996677+00:00
17469,41677,3710,0,2026-05-05 01:52:31.996677+00:00
17470,41678,3710,0,2026-05-05 01:52:31.996677+00:00
17471,41683,3710,0,2026-05-05 01:52:31.996677+00:00
17472,41683,3367,0,2026-05-05 01:52:31.996677+00:00
17473,41685,5717,0,2026-05-05 01:52:31.996677+00:00
17474,41686,3710,0,2026-05-05 01:52:31.996677+00:00
17475,41686,3367,0,2026-05-05 01:52:31.996677+00:00
17476,41687,5607,0,2026-05-05 01:52:31.996677+00:00
17477,41689,3710,0,2026-05-05 01:52:31.996677+00:00
17478,41691,5717,0,2026-05-05 01:52:31.996677+00:00
17479,41705,3710,-1,2026-05-05 01:52:31.996677+00:00
17480,41708,5717,0,2026-05-05 01:52:31.996677+00:00
17481,41735,5717,0,2026-05-05 01:52:31.996677+00:00
17482,41737,3710,0,2026-05-05 01:52:31.996677+00:00
17483,41739,5717,0,2026-05-05 01:52:31.996677+00:00
17484,41741,5646,0,2026-05-05 01:52:31.996677+00:00
17485,41742,3710,0,2026-05-05 01:52:31.996677+00:00
17486,41746,3710,-1,2026-05-05 01:52:31.996677+00:00
17487,41751,3710,0,2026-05-05 01:52:31.996677+00:00
17488,41753,5717,0,2026-05-05 01:52:31.996677+00:00
17489,41772,3710,0,2026-05-05 01:52:31.996677+00:00
17490,41774,3367,0,2026-05-05 01:52:31.996677+00:00
17491,41776,3710,0,2026-05-05 01:52:31.996677+00:00
17492,41776,3367,0,2026-05-05 01:52:31.996677+00:00
17493,41777,3710,0,2026-05-05 01:52:31.996677+00:00
17494,41782,3710,0,2026-05-05 01:52:31.996677+00:00
17495,41784,3710,-1,2026-05-05 01:52:31.996677+00:00
17496,41794,5596,0,2026-05-05 01:52:31.996677+00:00
17497,41795,3710,0,2026-05-05 01:52:31.996677+00:00
17498,41795,3367,0,2026-05-05 01:52:31.996677+00:00
17499,41796,3710,-1,2026-05-05 01:52:31.996677+00:00
17500,41798,3608,0,2026-05-05 01:52:31.996677+00:00
17501,41800,3367,0,2026-05-05 01:52:31.996677+00:00
17502,41802,3710,0,2026-05-05 01:52:31.996677+00:00
17503,41805,3608,-1,2026-05-05 01:52:31.996677+00:00
17504,41806,3209,0,2026-05-05 01:52:31.996677+00:00
17505,41811,5715,0,2026-05-05 01:52:31.996677+00:00
17506,41832,5608,1,2026-05-05 01:52:31.996677+00:00
17507,41835,3719,-1,2026-05-05 01:52:31.996677+00:00
17508,41835,3710,-1,2026-05-05 01:52:31.996677+00:00
17509,41836,3367,0,2026-05-05 01:52:31.996677+00:00
17510,41836,3710,0,2026-05-05 01:52:31.996677+00:00
17511,41838,3710,-1,2026-05-05 01:52:31.996677+00:00
17512,41840,3367,0,2026-05-05 01:52:31.996677+00:00
17513,41840,3710,0,2026-05-05 01:52:31.996677+00:00
17514,41841,3367,0,2026-05-05 01:52:31.996677+00:00
17515,41841,3710,0,2026-05-05 01:52:31.996677+00:00
17516,41845,5715,-1,2026-05-05 01:52:31.996677+00:00
17517,41855,3710,0,2026-05-05 01:52:31.996677+00:00
17518,41856,5715,0,2026-05-05 01:52:31.996677+00:00
17519,41857,3550,0,2026-05-05 01:52:31.996677+00:00
17520,41858,3367,1,2026-05-05 01:52:31.996677+00:00
17521,41859,3710,-1,2026-05-05 01:52:31.996677+00:00
17522,41860,3710,1,2026-05-05 01:52:31.996677+00:00
17523,41861,3710,0,2026-05-05 01:52:31.996677+00:00
17524,41862,3608,0,2026-05-05 01:52:31.996677+00:00
17525,41863,3710,0,2026-05-05 01:52:31.996677+00:00
17526,41865,3316,1,2026-05-05 01:52:31.996677+00:00
17527,41866,5715,0,2026-05-05 01:52:31.996677+00:00
17528,41867,5595,1,2026-05-05 01:52:31.996677+00:00
17529,41873,5717,0,2026-05-05 01:52:31.996677+00:00
17530,41873,5597,0,2026-05-05 01:52:31.996677+00:00
17531,41875,5715,0,2026-05-05 01:52:31.996677+00:00
17532,41876,5607,1,2026-05-05 01:52:31.996677+00:00
17533,41876,5719,1,2026-05-05 01:52:31.996677+00:00
17534,41888,5595,0,2026-05-05 01:52:31.996677+00:00
17535,41889,5607,0,2026-05-05 01:52:31.996677+00:00
17536,41889,5719,0,2026-05-05 01:52:31.996677+00:00
17537,41891,3367,0,2026-05-05 01:52:31.996677+00:00
17538,41891,3710,0,2026-05-05 01:52:31.996677+00:00
17539,41892,5607,1,2026-05-05 01:52:31.996677+00:00
17540,41898,5717,0,2026-05-05 01:52:31.996677+00:00
17541,41899,3710,0,2026-05-05 01:52:31.996677+00:00
17542,41900,5715,-1,2026-05-05 01:52:31.996677+00:00
17543,41903,3710,0,2026-05-05 01:52:31.996677+00:00
17544,41915,5719,0,2026-05-05 01:52:31.996677+00:00
17545,41920,3710,0,2026-05-05 01:52:31.996677+00:00
17546,41920,3367,0,2026-05-05 01:52:31.996677+00:00
17547,41921,3710,0,2026-05-05 01:52:31.996677+00:00
17548,41921,3367,0,2026-05-05 01:52:31.996677+00:00
17549,41922,5715,0,2026-05-05 01:52:31.996677+00:00
17550,41924,5715,0,2026-05-05 01:52:31.996677+00:00
17551,41925,5646,0,2026-05-05 01:52:31.996677+00:00
17552,41928,3710,0,2026-05-05 01:52:31.996677+00:00
17553,41928,3367,0,2026-05-05 01:52:31.996677+00:00
17554,41929,3710,0,2026-05-05 01:52:31.996677+00:00
17555,41929,3367,0,2026-05-05 01:52:31.996677+00:00
17556,41930,3710,0,2026-05-05 01:52:31.996677+00:00
17557,41930,3367,0,2026-05-05 01:52:31.996677+00:00
17558,41931,3710,0,2026-05-05 01:52:31.996677+00:00
17559,41931,3367,0,2026-05-05 01:52:31.996677+00:00
17560,41932,3710,0,2026-05-05 01:52:31.996677+00:00
17561,41932,3367,0,2026-05-05 01:52:31.996677+00:00
17562,41934,5715,0,2026-05-05 01:52:31.996677+00:00
17563,41944,3710,0,2026-05-05 01:52:31.996677+00:00
17564,41945,3367,1,2026-05-05 01:52:31.996677+00:00
17565,41945,3710,1,2026-05-05 01:52:31.996677+00:00
17566,41946,5717,1,2026-05-05 01:52:31.996677+00:00
17567,41947,3710,0,2026-05-05 01:52:31.996677+00:00
17568,41950,3367,1,2026-05-05 01:52:31.996677+00:00
17569,41953,3710,0,2026-05-05 01:52:31.996677+00:00
17570,41953,3367,0,2026-05-05 01:52:31.996677+00:00
17571,41975,3367,0,2026-05-05 01:52:31.996677+00:00
17572,41975,3710,0,2026-05-05 01:52:31.996677+00:00
17573,41980,3367,0,2026-05-05 01:52:31.996677+00:00
17574,41981,5717,0,2026-05-05 01:52:31.996677+00:00
17575,41984,3710,0,2026-05-05 01:52:31.996677+00:00
17576,41984,3367,0,2026-05-05 01:52:31.996677+00:00
17577,41990,3367,0,2026-05-05 01:52:31.996677+00:00
17578,41991,3271,0,2026-05-05 01:52:31.996677+00:00
17579,41996,3710,-1,2026-05-05 01:52:31.996677+00:00
17580,42006,3209,0,2026-05-05 01:52:31.996677+00:00
17581,42008,3367,0,2026-05-05 01:52:31.996677+00:00
17582,42008,3209,0,2026-05-05 01:52:31.996677+00:00
17583,42011,3710,0,2026-05-05 01:52:31.996677+00:00
17584,42012,3710,1,2026-05-05 01:52:31.996677+00:00
17585,42013,3710,-1,2026-05-05 01:52:31.996677+00:00
17586,42014,3710,1,2026-05-05 01:52:31.996677+00:00
17587,42014,3367,1,2026-05-05 01:52:31.996677+00:00
17588,42015,5717,0,2026-05-05 01:52:31.996677+00:00
17589,42016,3367,1,2026-05-05 01:52:31.996677+00:00
17590,42017,3367,0,2026-05-05 01:52:31.996677+00:00
17591,42021,5715,0,2026-05-05 01:52:31.996677+00:00
17592,42023,5595,0,2026-05-05 01:52:31.996677+00:00
17593,42025,3367,0,2026-05-05 01:52:31.996677+00:00
17594,42036,3367,0,2026-05-05 01:52:31.996677+00:00
17595,42037,3367,1,2026-05-05 01:52:31.996677+00:00
17596,42038,3710,0,2026-05-05 01:52:31.996677+00:00
17597,42040,3367,0,2026-05-05 01:52:31.996677+00:00
17598,42046,3710,1,2026-05-05 01:52:31.996677+00:00
17599,42046,3367,1,2026-05-05 01:52:31.996677+00:00
17600,42047,5717,0,2026-05-05 01:52:31.996677+00:00
17601,42049,3710,-1,2026-05-05 01:52:31.996677+00:00
17602,42050,3271,0,2026-05-05 01:52:31.996677+00:00
17603,42051,3367,0,2026-05-05 01:52:31.996677+00:00
17604,42052,5717,0,2026-05-05 01:52:31.996677+00:00
17605,42054,3710,0,2026-05-05 01:52:31.996677+00:00
17606,42055,3710,0,2026-05-05 01:52:31.996677+00:00
17607,42064,5646,0,2026-05-05 01:52:31.996677+00:00
17608,42066,3710,0,2026-05-05 01:52:31.996677+00:00
17609,42067,3608,-1,2026-05-05 01:52:31.996677+00:00
17610,42069,3710,0,2026-05-05 01:52:31.996677+00:00
17611,42079,3367,1,2026-05-05 01:52:31.996677+00:00
17612,42079,3710,1,2026-05-05 01:52:31.996677+00:00
17613,42081,3710,0,2026-05-05 01:52:31.996677+00:00
17614,42083,3271,1,2026-05-05 01:52:31.996677+00:00
17615,42086,3710,-1,2026-05-05 01:52:31.996677+00:00
17616,42094,3710,1,2026-05-05 01:52:31.996677+00:00
17617,42095,3710,-1,2026-05-05 01:52:31.996677+00:00
17618,42096,3710,0,2026-05-05 01:52:31.996677+00:00
17619,42097,3710,0,2026-05-05 01:52:31.996677+00:00
17620,42098,3710,0,2026-05-05 01:52:31.996677+00:00
17621,42105,3710,-1,2026-05-05 01:52:31.996677+00:00
17622,42106,3710,0,2026-05-05 01:52:31.996677+00:00
17623,42107,3710,0,2026-05-05 01:52:31.996677+00:00
17624,42108,3367,0,2026-05-05 01:52:31.996677+00:00
17625,42113,3710,0,2026-05-05 01:52:31.996677+00:00
17626,42126,5717,0,2026-05-05 01:52:31.996677+00:00
17627,42136,3710,1,2026-05-05 01:52:31.996677+00:00
17628,42139,3710,0,2026-05-05 01:52:31.996677+00:00
17629,42139,3367,0,2026-05-05 01:52:31.996677+00:00
17630,42140,5717,0,2026-05-05 01:52:31.996677+00:00
17631,42140,3710,0,2026-05-05 01:52:31.996677+00:00
17632,42140,3367,0,2026-05-05 01:52:31.996677+00:00
17633,42141,3710,0,2026-05-05 01:52:31.996677+00:00
17634,42141,3367,0,2026-05-05 01:52:31.996677+00:00
17635,42144,3367,0,2026-05-05 01:52:31.996677+00:00
17636,42144,3710,0,2026-05-05 01:52:31.996677+00:00
17637,42155,3710,0,2026-05-05 01:52:31.996677+00:00
17638,42155,3367,0,2026-05-05 01:52:31.996677+00:00
17639,42166,3710,0,2026-05-05 01:52:31.996677+00:00
17640,42171,3367,0,2026-05-05 01:52:31.996677+00:00
17641,42171,3719,0,2026-05-05 01:52:31.996677+00:00
17642,42171,3710,0,2026-05-05 01:52:31.996677+00:00
17643,42177,5717,0,2026-05-05 01:52:31.996677+00:00
17644,42278,5593,0,2026-05-05 01:52:31.996677+00:00
17645,42455,3068,0,2026-05-05 01:52:31.996677+00:00
17646,42511,2985,0,2026-05-05 01:52:31.996677+00:00
17647,42512,3719,0,2026-05-05 01:52:31.996677+00:00
17648,42571,5718,0,2026-05-05 01:52:31.996677+00:00
17649,42778,3367,0,2026-05-05 01:52:31.996677+00:00
17650,42778,3710,0,2026-05-05 01:52:31.996677+00:00
17651,42895,3710,1,2026-05-05 01:52:31.996677+00:00
17652,42925,5719,0,2026-05-05 01:52:31.996677+00:00
17653,42953,3609,0,2026-05-05 01:52:31.996677+00:00
17654,42954,3579,0,2026-05-05 01:52:31.996677+00:00
17655,43010,5595,0,2026-05-05 01:52:31.996677+00:00
17656,43010,3719,0,2026-05-05 01:52:31.996677+00:00
17657,43038,5608,0,2026-05-05 01:52:31.996677+00:00
17658,43069,5717,0,2026-05-05 01:52:31.996677+00:00
17659,43098,5604,0,2026-05-05 01:52:31.996677+00:00
17660,43362,5595,0,2026-05-05 01:52:31.996677+00:00
17661,43624,3719,1,2026-05-05 01:52:31.996677+00:00
17662,43683,3367,0,2026-05-05 01:52:31.996677+00:00
17663,43718,5646,0,2026-05-05 01:52:31.996677+00:00
17664,43719,3367,0,2026-05-05 01:52:31.996677+00:00
17665,43741,3719,-1,2026-05-05 01:52:31.996677+00:00
17666,43743,5715,0,2026-05-05 01:52:31.996677+00:00
17667,43801,3367,0,2026-05-05 01:52:31.996677+00:00
17668,43803,3710,1,2026-05-05 01:52:31.996677+00:00
17669,43803,3367,1,2026-05-05 01:52:31.996677+00:00
17670,43810,5717,-1,2026-05-05 01:52:31.996677+00:00
17671,43864,3710,0,2026-05-05 01:52:31.996677+00:00
17672,43893,3367,0,2026-05-05 01:52:31.996677+00:00
17673,43895,3710,1,2026-05-05 01:52:31.996677+00:00
17674,43896,3710,1,2026-05-05 01:52:31.996677+00:00
17675,43898,3209,0,2026-05-05 01:52:31.996677+00:00
17676,43899,3719,0,2026-05-05 01:52:31.996677+00:00
17677,43922,3367,0,2026-05-05 01:52:31.996677+00:00
17678,43923,5592,0,2026-05-05 01:52:31.996677+00:00
17679,43926,3367,1,2026-05-05 01:52:31.996677+00:00
17680,43926,3710,1,2026-05-05 01:52:31.996677+00:00
17681,43930,3710,0,2026-05-05 01:52:31.996677+00:00
17682,43954,3609,0,2026-05-05 01:52:31.996677+00:00
17683,43959,3609,1,2026-05-05 01:52:31.996677+00:00
17684,43981,3710,0,2026-05-05 01:52:31.996677+00:00
17685,43983,3367,0,2026-05-05 01:52:31.996677+00:00
17686,43988,5717,0,2026-05-05 01:52:31.996677+00:00
17687,43990,3367,1,2026-05-05 01:52:31.996677+00:00
17688,44012,3367,0,2026-05-05 01:52:31.996677+00:00
17689,44015,3367,1,2026-05-05 01:52:31.996677+00:00
17690,44017,5717,1,2026-05-05 01:52:31.996677+00:00
17691,44018,3367,0,2026-05-05 01:52:31.996677+00:00
17692,44019,3579,0,2026-05-05 01:52:31.996677+00:00
17693,44019,3367,0,2026-05-05 01:52:31.996677+00:00
17694,44020,3367,-1,2026-05-05 01:52:31.996677+00:00
17695,44041,3367,1,2026-05-05 01:52:31.996677+00:00
17696,44047,3367,1,2026-05-05 01:52:31.996677+00:00
17697,44049,3367,1,2026-05-05 01:52:31.996677+00:00
17698,44050,3367,0,2026-05-05 01:52:31.996677+00:00
17699,44074,3710,-1,2026-05-05 01:52:31.996677+00:00
17700,44074,3367,-1,2026-05-05 01:52:31.996677+00:00
17701,44075,3367,0,2026-05-05 01:52:31.996677+00:00
17702,44075,5717,0,2026-05-05 01:52:31.996677+00:00
17703,44078,5717,0,2026-05-05 01:52:31.996677+00:00
17704,44101,5646,0,2026-05-05 01:52:31.996677+00:00
17705,44102,3710,0,2026-05-05 01:52:31.996677+00:00
17706,44106,5717,0,2026-05-05 01:52:31.996677+00:00
17707,44131,3710,0,2026-05-05 01:52:31.996677+00:00
17708,44132,3710,0,2026-05-05 01:52:31.996677+00:00
17709,44136,3710,0,2026-05-05 01:52:31.996677+00:00
17710,44138,5604,0,2026-05-05 01:52:31.996677+00:00
17711,44140,3710,-1,2026-05-05 01:52:31.996677+00:00
17712,44140,3367,-1,2026-05-05 01:52:31.996677+00:00
17713,44161,3367,0,2026-05-05 01:52:31.996677+00:00
17714,44165,5713,0,2026-05-05 01:52:31.996677+00:00
17715,44167,3710,-1,2026-05-05 01:52:31.996677+00:00
17716,44168,3367,0,2026-05-05 01:52:31.996677+00:00
17717,44170,5593,0,2026-05-05 01:52:31.996677+00:00
17718,44191,3710,1,2026-05-05 01:52:31.996677+00:00
17719,44192,5715,0,2026-05-05 01:52:31.996677+00:00
17720,44194,5717,-1,2026-05-05 01:52:31.996677+00:00
17721,44197,3367,-1,2026-05-05 01:52:31.996677+00:00
17722,44224,5717,0,2026-05-05 01:52:31.996677+00:00
17723,44228,5593,0,2026-05-05 01:52:31.996677+00:00
17724,44255,5717,1,2026-05-05 01:52:31.996677+00:00
17725,44258,5718,0,2026-05-05 01:52:31.996677+00:00
17726,44260,5608,0,2026-05-05 01:52:31.996677+00:00
17727,44285,5717,0,2026-05-05 01:52:31.996677+00:00
17728,44287,3710,0,2026-05-05 01:52:31.996677+00:00
17729,44288,5593,-1,2026-05-05 01:52:31.996677+00:00
17730,44290,3710,0,2026-05-05 01:52:31.996677+00:00
17731,44315,5593,0,2026-05-05 01:52:31.996677+00:00
17732,44318,5593,1,2026-05-05 01:52:31.996677+00:00
17733,44342,5595,-1,2026-05-05 01:52:31.996677+00:00
17734,44343,5608,0,2026-05-05 01:52:31.996677+00:00
17735,44346,3710,0,2026-05-05 01:52:31.996677+00:00
17736,44376,5715,0,2026-05-05 01:52:31.996677+00:00
17737,44406,3710,0,2026-05-05 01:52:31.996677+00:00
17738,44407,3710,0,2026-05-05 01:52:31.996677+00:00
17739,44407,5608,0,2026-05-05 01:52:31.996677+00:00
17740,44408,3710,-1,2026-05-05 01:52:31.996677+00:00
17741,44437,3710,1,2026-05-05 01:52:31.996677+00:00
17742,44437,3367,1,2026-05-05 01:52:31.996677+00:00
17743,44440,5717,1,2026-05-05 01:52:31.996677+00:00
17744,44463,3710,1,2026-05-05 01:52:31.996677+00:00
17745,44463,3367,1,2026-05-05 01:52:31.996677+00:00
17746,44464,3710,0,2026-05-05 01:52:31.996677+00:00
17747,44464,5717,0,2026-05-05 01:52:31.996677+00:00
17748,44466,3710,0,2026-05-05 01:52:31.996677+00:00
17749,44468,5593,1,2026-05-05 01:52:31.996677+00:00
17750,44470,3209,0,2026-05-05 01:52:31.996677+00:00
17751,44492,5593,1,2026-05-05 01:52:31.996677+00:00
17752,44493,5592,0,2026-05-05 01:52:31.996677+00:00
17753,44499,5594,1,2026-05-05 01:52:31.996677+00:00
17754,44521,3710,1,2026-05-05 01:52:31.996677+00:00
17755,44521,5607,1,2026-05-05 01:52:31.996677+00:00
17756,44524,5717,1,2026-05-05 01:52:31.996677+00:00
17757,44525,3367,0,2026-05-05 01:52:31.996677+00:00
17758,44528,3710,0,2026-05-05 01:52:31.996677+00:00
17759,44529,3710,1,2026-05-05 01:52:31.996677+00:00
17760,44530,3367,0,2026-05-05 01:52:31.996677+00:00
17761,44551,3719,0,2026-05-05 01:52:31.996677+00:00
17762,44552,3710,0,2026-05-05 01:52:31.996677+00:00
17763,44555,5592,0,2026-05-05 01:52:31.996677+00:00
17764,44555,5597,0,2026-05-05 01:52:31.996677+00:00
17765,44557,3608,0,2026-05-05 01:52:31.996677+00:00
17766,44558,3367,-1,2026-05-05 01:52:31.996677+00:00
17767,44558,3710,-1,2026-05-05 01:52:31.996677+00:00
17768,44559,3016,0,2026-05-05 01:52:31.996677+00:00
17769,44582,3710,1,2026-05-05 01:52:31.996677+00:00
17770,44584,3710,-1,2026-05-05 01:52:31.996677+00:00
17771,44587,3710,1,2026-05-05 01:52:31.996677+00:00
17772,44611,3719,0,2026-05-05 01:52:31.996677+00:00
17773,44615,5715,0,2026-05-05 01:52:31.996677+00:00
17774,44618,5717,1,2026-05-05 01:52:31.996677+00:00
17775,44644,3367,0,2026-05-05 01:52:31.996677+00:00
17776,44644,3710,0,2026-05-05 01:52:31.996677+00:00
17777,44645,5717,-1,2026-05-05 01:52:31.996677+00:00
17778,44646,3367,0,2026-05-05 01:52:31.996677+00:00
17779,44646,3710,0,2026-05-05 01:52:31.996677+00:00
17780,44678,3710,0,2026-05-05 01:52:31.996677+00:00
17781,44679,5717,-1,2026-05-05 01:52:31.996677+00:00
17782,44706,5717,-1,2026-05-05 01:52:31.996677+00:00
17783,44710,5717,0,2026-05-05 01:52:31.996677+00:00
17784,44710,3710,0,2026-05-05 01:52:31.996677+00:00
17785,44734,3719,0,2026-05-05 01:52:31.996677+00:00
17786,44734,3710,0,2026-05-05 01:52:31.996677+00:00
17787,44736,3710,0,2026-05-05 01:52:31.996677+00:00
17788,44761,3710,-1,2026-05-05 01:52:31.996677+00:00
17789,44764,5717,0,2026-05-05 01:52:31.996677+00:00
17790,44766,3710,0,2026-05-05 01:52:31.996677+00:00
17791,44768,5717,0,2026-05-05 01:52:31.996677+00:00
17792,44769,3710,0,2026-05-05 01:52:31.996677+00:00
17793,44769,3367,0,2026-05-05 01:52:31.996677+00:00
17794,44770,3710,0,2026-05-05 01:52:31.996677+00:00
17795,44770,3367,0,2026-05-05 01:52:31.996677+00:00
17796,44794,3367,1,2026-05-05 01:52:31.996677+00:00
17797,44794,3710,1,2026-05-05 01:52:31.996677+00:00
17798,44795,3719,0,2026-05-05 01:52:31.996677+00:00
17799,44795,5596,0,2026-05-05 01:52:31.996677+00:00
17800,44797,3710,0,2026-05-05 01:52:31.996677+00:00
17801,44798,3710,0,2026-05-05 01:52:31.996677+00:00
17802,44822,5715,-1,2026-05-05 01:52:31.996677+00:00
17803,44824,3710,-1,2026-05-05 01:52:31.996677+00:00
17804,44825,3550,0,2026-05-05 01:52:31.996677+00:00
17805,44827,3710,1,2026-05-05 01:52:31.996677+00:00
17806,44827,3367,1,2026-05-05 01:52:31.996677+00:00
17807,44852,5715,0,2026-05-05 01:52:31.996677+00:00
17808,44853,5607,1,2026-05-05 01:52:31.996677+00:00
17809,44853,5719,1,2026-05-05 01:52:31.996677+00:00
17810,44856,3367,0,2026-05-05 01:52:31.996677+00:00
17811,44857,5717,0,2026-05-05 01:52:31.996677+00:00
17812,44884,5646,-1,2026-05-05 01:52:31.996677+00:00
17813,44888,5607,0,2026-05-05 01:52:31.996677+00:00
17814,44911,5715,0,2026-05-05 01:52:31.996677+00:00
17815,44915,5715,0,2026-05-05 01:52:31.996677+00:00
17816,44917,3367,1,2026-05-05 01:52:31.996677+00:00
17817,44918,3367,0,2026-05-05 01:52:31.996677+00:00
17818,44918,3710,0,2026-05-05 01:52:31.996677+00:00
17819,44944,3367,1,2026-05-05 01:52:31.996677+00:00
17820,44945,3710,0,2026-05-05 01:52:31.996677+00:00
17821,44949,3367,0,2026-05-05 01:52:31.996677+00:00
17822,44973,3710,-1,2026-05-05 01:52:31.996677+00:00
17823,44975,3710,0,2026-05-05 01:52:31.996677+00:00
17824,44976,5646,0,2026-05-05 01:52:31.996677+00:00
17825,44978,3367,0,2026-05-05 01:52:31.996677+00:00
17826,44980,5717,0,2026-05-05 01:52:31.996677+00:00
17827,44980,3710,0,2026-05-05 01:52:31.996677+00:00
17828,45002,3367,0,2026-05-05 01:52:31.996677+00:00
17829,45005,3367,0,2026-05-05 01:52:31.996677+00:00
17830,45008,3710,0,2026-05-05 01:52:31.996677+00:00
17831,45031,3710,0,2026-05-05 01:52:31.996677+00:00
17832,45032,3710,0,2026-05-05 01:52:31.996677+00:00
17833,45034,3367,0,2026-05-05 01:52:31.996677+00:00
17834,45034,3710,0,2026-05-05 01:52:31.996677+00:00
17835,45035,3710,-1,2026-05-05 01:52:31.996677+00:00
17836,45037,3710,1,2026-05-05 01:52:31.996677+00:00
17837,45038,5717,0,2026-05-05 01:52:31.996677+00:00
17838,45040,3710,1,2026-05-05 01:52:31.996677+00:00
17839,45040,5656,1,2026-05-05 01:52:31.996677+00:00
17840,45063,3710,-1,2026-05-05 01:52:31.996677+00:00
17841,45065,3367,1,2026-05-05 01:52:31.996677+00:00
17842,45070,3367,0,2026-05-05 01:52:31.996677+00:00
17843,45096,3710,1,2026-05-05 01:52:31.996677+00:00
17844,45096,3367,1,2026-05-05 01:52:31.996677+00:00
17845,45121,3367,0,2026-05-05 01:52:31.996677+00:00
17846,45121,3710,0,2026-05-05 01:52:31.996677+00:00
17847,45126,5591,0,2026-05-05 01:52:31.996677+00:00
17848,45129,3367,1,2026-05-05 01:52:31.996677+00:00
17849,45154,5717,0,2026-05-05 01:52:31.996677+00:00
17850,45185,3710,0,2026-05-05 01:52:31.996677+00:00
17851,45185,3367,0,2026-05-05 01:52:31.996677+00:00
17852,45275,3367,0,2026-05-05 01:52:31.996677+00:00
17853,45275,5719,0,2026-05-05 01:52:31.996677+00:00
17854,45305,5717,0,2026-05-05 01:52:31.996677+00:00
17855,45306,5607,0,2026-05-05 01:52:31.996677+00:00
17856,45366,3367,0,2026-05-05 01:52:31.996677+00:00
17857,45425,3209,1,2026-05-05 01:52:31.996677+00:00
17858,45455,5715,0,2026-05-05 01:52:31.996677+00:00
17859,45457,3710,0,2026-05-05 01:52:31.996677+00:00
17860,45457,3367,0,2026-05-05 01:52:31.996677+00:00
17861,45485,3710,0,2026-05-05 01:52:31.996677+00:00
17862,45545,3609,0,2026-05-05 01:52:31.996677+00:00
17863,45546,3367,0,2026-05-05 01:52:31.996677+00:00
17864,45547,3209,0,2026-05-05 01:52:31.996677+00:00
17865,45547,3068,0,2026-05-05 01:52:31.996677+00:00
17866,45575,3710,0,2026-05-05 01:52:31.996677+00:00
17867,45577,3367,0,2026-05-05 01:52:31.996677+00:00
17868,45606,3367,1,2026-05-05 01:52:31.996677+00:00
17869,45636,3367,-1,2026-05-05 01:52:31.996677+00:00
17870,45637,3367,0,2026-05-05 01:52:31.996677+00:00
17871,45665,3710,1,2026-05-05 01:52:31.996677+00:00
17872,45667,3367,1,2026-05-05 01:52:31.996677+00:00
17873,45695,3367,0,2026-05-05 01:52:31.996677+00:00
17874,45696,3710,0,2026-05-05 01:52:31.996677+00:00
17875,45725,3367,0,2026-05-05 01:52:31.996677+00:00
17876,45726,3367,0,2026-05-05 01:52:31.996677+00:00
17877,45815,5608,1,2026-05-05 01:52:31.996677+00:00
17878,45846,3710,-1,2026-05-05 01:52:31.996677+00:00
17879,45876,5593,0,2026-05-05 01:52:31.996677+00:00
17880,45906,5717,0,2026-05-05 01:52:31.996677+00:00
17881,45935,5608,1,2026-05-05 01:52:31.996677+00:00
17882,45965,3367,0,2026-05-05 01:52:31.996677+00:00
17883,45966,5595,0,2026-05-05 01:52:31.996677+00:00
17884,46056,5593,0,2026-05-05 01:52:31.996677+00:00
17885,46115,3710,1,2026-05-05 01:52:31.996677+00:00
17886,46295,5717,0,2026-05-05 01:52:31.996677+00:00
17887,46415,5717,0,2026-05-05 01:52:31.996677+00:00
17888,46415,5597,0,2026-05-05 01:52:31.996677+00:00
17889,46445,3710,0,2026-05-05 01:52:31.996677+00:00
17890,46565,5595,0,2026-05-05 01:52:31.996677+00:00
17891,46625,3271,1,2026-05-05 01:52:31.996677+00:00
17892,46655,3710,0,2026-05-05 01:52:31.996677+00:00
17893,46869,5607,0,2026-05-05 01:52:31.996677+00:00
17894,46959,5718,0,2026-05-05 01:52:31.996677+00:00
17895,46959,3710,0,2026-05-05 01:52:31.996677+00:00
17896,46990,3367,0,2026-05-05 01:52:31.996677+00:00
17897,47049,3209,0,2026-05-05 01:52:31.996677+00:00
17898,47050,5656,0,2026-05-05 01:52:31.996677+00:00
17899,47080,3209,0,2026-05-05 01:52:31.996677+00:00
17900,47109,3367,0,2026-05-05 01:52:31.996677+00:00
17901,47110,3367,0,2026-05-05 01:52:31.996677+00:00
17902,47139,3367,0,2026-05-05 01:52:31.996677+00:00
17903,47170,3367,0,2026-05-05 01:52:31.996677+00:00
17904,47230,3710,1,2026-05-05 01:52:31.996677+00:00
17905,47259,3710,1,2026-05-05 01:52:31.996677+00:00
17906,47259,3367,1,2026-05-05 01:52:31.996677+00:00
17907,47260,3710,1,2026-05-05 01:52:31.996677+00:00
17908,47260,3367,1,2026-05-05 01:52:31.996677+00:00
17909,47290,3710,1,2026-05-05 01:52:31.996677+00:00
17910,47290,3367,1,2026-05-05 01:52:31.996677+00:00
17911,47319,3710,-1,2026-05-05 01:52:31.996677+00:00
17912,47320,3367,0,2026-05-05 01:52:31.996677+00:00
17913,47320,3710,0,2026-05-05 01:52:31.996677+00:00
17914,47349,3367,0,2026-05-05 01:52:31.996677+00:00
17915,47410,3367,0,2026-05-05 01:52:31.996677+00:00
17916,47440,3209,0,2026-05-05 01:52:31.996677+00:00
17917,47469,5593,1,2026-05-05 01:52:31.996677+00:00
17918,47530,5593,0,2026-05-05 01:52:31.996677+00:00
17919,47559,3710,0,2026-05-05 01:52:31.996677+00:00
17920,47619,5597,0,2026-05-05 01:52:31.996677+00:00
17921,47649,3710,0,2026-05-05 01:52:31.996677+00:00
17922,47650,3669,0,2026-05-05 01:52:31.996677+00:00
17923,47740,5713,0,2026-05-05 01:52:31.996677+00:00
17924,47740,5714,0,2026-05-05 01:52:31.996677+00:00
17925,47770,3710,-1,2026-05-05 01:52:31.996677+00:00
17926,47770,3367,-1,2026-05-05 01:52:31.996677+00:00
17927,47799,5717,0,2026-05-05 01:52:31.996677+00:00
17928,47859,3710,0,2026-05-05 01:52:31.996677+00:00
17929,47890,3710,0,2026-05-05 01:52:31.996677+00:00
17930,47919,5715,0,2026-05-05 01:52:31.996677+00:00
17931,47949,3367,0,2026-05-05 01:52:31.996677+00:00
17932,47949,3710,0,2026-05-05 01:52:31.996677+00:00
17933,48039,3710,0,2026-05-05 01:52:31.996677+00:00
17934,48039,3367,0,2026-05-05 01:52:31.996677+00:00
17935,48040,3710,0,2026-05-05 01:52:31.996677+00:00
17936,48040,3367,0,2026-05-05 01:52:31.996677+00:00
17937,48099,3271,0,2026-05-05 01:52:31.996677+00:00
17938,48129,5715,0,2026-05-05 01:52:31.996677+00:00
17939,48159,3367,0,2026-05-05 01:52:31.996677+00:00
17940,48160,5717,0,2026-05-05 01:52:31.996677+00:00
17941,48189,3710,0,2026-05-05 01:52:31.996677+00:00
17942,48249,3710,0,2026-05-05 01:52:31.996677+00:00
17943,48249,3367,0,2026-05-05 01:52:31.996677+00:00
17944,48279,3367,0,2026-05-05 01:52:31.996677+00:00
17945,48279,3719,0,2026-05-05 01:52:31.996677+00:00
17946,48279,3710,0,2026-05-05 01:52:31.996677+00:00
17947,48404,3710,0,2026-05-05 01:52:31.996677+00:00
17948,48404,3367,0,2026-05-05 01:52:31.996677+00:00
17949,48434,5607,0,2026-05-05 01:52:31.996677+00:00
17950,48463,5596,1,2026-05-05 01:52:31.996677+00:00
17951,48494,3367,0,2026-05-05 01:52:31.996677+00:00
17952,48523,3367,0,2026-05-05 01:52:31.996677+00:00
17953,48554,3367,0,2026-05-05 01:52:31.996677+00:00
17954,48583,3367,0,2026-05-05 01:52:31.996677+00:00
17955,48584,3710,-1,2026-05-05 01:52:31.996677+00:00
17956,48644,5717,-1,2026-05-05 01:52:31.996677+00:00
17957,48703,3710,0,2026-05-05 01:52:31.996677+00:00
17958,48704,5719,0,2026-05-05 01:52:31.996677+00:00
17959,48734,3209,0,2026-05-05 01:52:31.996677+00:00
17960,48764,3367,0,2026-05-05 01:52:31.996677+00:00
17961,48823,3710,0,2026-05-05 01:52:31.996677+00:00
17962,48823,3367,0,2026-05-05 01:52:31.996677+00:00
17963,48823,3609,0,2026-05-05 01:52:31.996677+00:00
17964,48943,3710,0,2026-05-05 01:52:31.996677+00:00
17965,48944,5595,0,2026-05-05 01:52:31.996677+00:00
17966,49063,3209,0,2026-05-05 01:52:31.996677+00:00
17967,49093,3710,0,2026-05-05 01:52:31.996677+00:00
17968,49093,3367,0,2026-05-05 01:52:31.996677+00:00
17969,49094,3710,1,2026-05-05 01:52:31.996677+00:00
17970,49123,3710,-1,2026-05-05 01:52:31.996677+00:00
17971,49153,5715,0,2026-05-05 01:52:31.996677+00:00
17972,49213,5719,1,2026-05-05 01:52:31.996677+00:00
17973,49214,5604,0,2026-05-05 01:52:31.996677+00:00
17974,49244,3367,-1,2026-05-05 01:52:31.996677+00:00
17975,49333,3367,0,2026-05-05 01:52:31.996677+00:00
17976,49334,3367,1,2026-05-05 01:52:31.996677+00:00
17977,49363,3710,0,2026-05-05 01:52:31.996677+00:00
17978,49514,3367,0,2026-05-05 01:52:31.996677+00:00
17979,49514,3710,0,2026-05-05 01:52:31.996677+00:00
17980,49573,3710,0,2026-05-05 01:52:31.996677+00:00
17981,49574,5715,-1,2026-05-05 01:52:31.996677+00:00
17982,49603,3710,0,2026-05-05 01:52:31.996677+00:00
17983,49603,3367,0,2026-05-05 01:52:31.996677+00:00
17984,49663,3367,0,2026-05-05 01:52:31.996677+00:00
17985,49723,3271,0,2026-05-05 01:52:31.996677+00:00
17986,49813,5717,0,2026-05-05 01:52:31.996677+00:00
17987,49813,3710,0,2026-05-05 01:52:31.996677+00:00
17988,49813,3367,0,2026-05-05 01:52:31.996677+00:00
17989,49912,3710,0,2026-05-05 01:52:31.996677+00:00
17990,49914,3710,0,2026-05-05 01:52:31.996677+00:00
17991,49921,5717,1,2026-05-05 01:52:31.996677+00:00
17992,49926,3710,0,2026-05-05 01:52:31.996677+00:00
17993,49930,3710,0,2026-05-05 01:52:31.996677+00:00
17994,49930,3367,0,2026-05-05 01:52:31.996677+00:00
17995,49935,5646,0,2026-05-05 01:52:31.996677+00:00
17996,49943,5596,-1,2026-05-05 01:52:31.996677+00:00
17997,49948,5593,0,2026-05-05 01:52:31.996677+00:00
17998,49951,5717,0,2026-05-05 01:52:31.996677+00:00
17999,49952,5595,1,2026-05-05 01:52:31.996677+00:00
18000,49956,5717,0,2026-05-05 01:52:31.996677+00:00
18001,49957,3367,0,2026-05-05 01:52:31.996677+00:00
18002,49957,3710,0,2026-05-05 01:52:31.996677+00:00
18003,49958,5719,0,2026-05-05 01:52:31.996677+00:00
18004,49960,5609,1,2026-05-05 01:52:31.996677+00:00
18005,49961,3710,1,2026-05-05 01:52:31.996677+00:00
18006,49961,3367,1,2026-05-05 01:52:31.996677+00:00
18007,49964,5646,0,2026-05-05 01:52:31.996677+00:00
18008,49965,5717,0,2026-05-05 01:52:31.996677+00:00
18009,49966,3367,0,2026-05-05 01:52:31.996677+00:00
18010,49968,3367,0,2026-05-05 01:52:31.996677+00:00
18011,49968,5717,0,2026-05-05 01:52:31.996677+00:00
18012,49969,5608,0,2026-05-05 01:52:31.996677+00:00
18013,49970,5717,0,2026-05-05 01:52:31.996677+00:00
18014,49971,5607,0,2026-05-05 01:52:31.996677+00:00
18015,49975,5608,0,2026-05-05 01:52:31.996677+00:00
18016,49976,3367,0,2026-05-05 01:52:31.996677+00:00
18017,49976,3710,0,2026-05-05 01:52:31.996677+00:00
18018,49978,3710,0,2026-05-05 01:52:31.996677+00:00
18019,49981,3367,0,2026-05-05 01:52:31.996677+00:00
18020,49981,5608,0,2026-05-05 01:52:31.996677+00:00
18021,49982,3367,0,2026-05-05 01:52:31.996677+00:00
18022,49985,3367,1,2026-05-05 01:52:31.996677+00:00
18023,49985,3710,1,2026-05-05 01:52:31.996677+00:00
18024,49988,5608,0,2026-05-05 01:52:31.996677+00:00
18025,49989,5717,-1,2026-05-05 01:52:31.996677+00:00
18026,49990,5717,0,2026-05-05 01:52:31.996677+00:00
18027,49991,5717,0,2026-05-05 01:52:31.996677+00:00
18028,49995,5717,0,2026-05-05 01:52:31.996677+00:00
18029,50002,5609,0,2026-05-05 01:52:31.996677+00:00
18030,50004,5607,0,2026-05-05 01:52:31.996677+00:00
18031,50004,5717,0,2026-05-05 01:52:31.996677+00:00
18032,50006,3719,0,2026-05-05 01:52:31.996677+00:00
18033,50007,5608,0,2026-05-05 01:52:31.996677+00:00
18034,50009,3367,0,2026-05-05 01:52:31.996677+00:00
18035,50009,3710,0,2026-05-05 01:52:31.996677+00:00
18036,50012,5608,1,2026-05-05 01:52:31.996677+00:00
18037,50018,5717,1,2026-05-05 01:52:31.996677+00:00
18038,50024,3367,0,2026-05-05 01:52:31.996677+00:00
18039,50030,3068,0,2026-05-05 01:52:31.996677+00:00
18040,50037,3719,0,2026-05-05 01:52:31.996677+00:00
18041,50043,3710,0,2026-05-05 01:52:31.996677+00:00
18042,50048,3710,0,2026-05-05 01:52:31.996677+00:00
18043,50050,3710,1,2026-05-05 01:52:31.996677+00:00
18044,50056,3710,0,2026-05-05 01:52:31.996677+00:00
18045,50057,5608,0,2026-05-05 01:52:31.996677+00:00
18046,50061,3719,0,2026-05-05 01:52:31.996677+00:00
18047,50071,3710,0,2026-05-05 01:52:31.996677+00:00
18048,50073,5717,-1,2026-05-05 01:52:31.996677+00:00
18049,50075,3710,0,2026-05-05 01:52:31.996677+00:00
18050,50084,3719,0,2026-05-05 01:52:31.996677+00:00
18051,50085,3710,0,2026-05-05 01:52:31.996677+00:00
18052,50095,3367,0,2026-05-05 01:52:31.996677+00:00
18053,50104,3719,0,2026-05-05 01:52:31.996677+00:00
18054,50107,5608,1,2026-05-05 01:52:31.996677+00:00
18055,50111,3710,1,2026-05-05 01:52:31.996677+00:00
18056,50114,3710,0,2026-05-05 01:52:31.996677+00:00
18057,50115,3209,0,2026-05-05 01:52:31.996677+00:00
18058,50117,3710,1,2026-05-05 01:52:31.996677+00:00
18059,50122,3367,0,2026-05-05 01:52:31.996677+00:00
18060,50123,3367,1,2026-05-05 01:52:31.996677+00:00
18061,50124,3710,0,2026-05-05 01:52:31.996677+00:00
18062,50125,3710,0,2026-05-05 01:52:31.996677+00:00
18063,50127,5715,0,2026-05-05 01:52:31.996677+00:00
18064,50130,5608,1,2026-05-05 01:52:31.996677+00:00
18065,50134,3710,0,2026-05-05 01:52:31.996677+00:00
18066,50135,5608,0,2026-05-05 01:52:31.996677+00:00
18067,50136,5608,0,2026-05-05 01:52:31.996677+00:00
18068,50141,3710,0,2026-05-05 01:52:31.996677+00:00
18069,50142,5717,0,2026-05-05 01:52:31.996677+00:00
18070,50146,3710,0,2026-05-05 01:52:31.996677+00:00
18071,50146,3367,0,2026-05-05 01:52:31.996677+00:00
18072,50148,5646,0,2026-05-05 01:52:31.996677+00:00
18073,50148,5717,0,2026-05-05 01:52:31.996677+00:00
18074,50150,5646,1,2026-05-05 01:52:31.996677+00:00
18075,50155,3710,-1,2026-05-05 01:52:31.996677+00:00
18076,50156,3710,0,2026-05-05 01:52:31.996677+00:00
18077,50158,3710,0,2026-05-05 01:52:31.996677+00:00
18078,50161,5717,0,2026-05-05 01:52:31.996677+00:00
18079,50164,5717,0,2026-05-05 01:52:31.996677+00:00
18080,50169,3710,-1,2026-05-05 01:52:31.996677+00:00
18081,50173,5717,0,2026-05-05 01:52:31.996677+00:00
18082,50174,5607,0,2026-05-05 01:52:31.996677+00:00
18083,50174,3710,0,2026-05-05 01:52:31.996677+00:00
18084,50175,5717,-1,2026-05-05 01:52:31.996677+00:00
18085,50176,3710,0,2026-05-05 01:52:31.996677+00:00
18086,50188,3710,-1,2026-05-05 01:52:31.996677+00:00
18087,50191,3710,-1,2026-05-05 01:52:31.996677+00:00
18088,50199,3710,-1,2026-05-05 01:52:31.996677+00:00
18089,50205,3367,0,2026-05-05 01:52:31.996677+00:00
18090,50209,3367,0,2026-05-05 01:52:31.996677+00:00
18091,50218,3367,0,2026-05-05 01:52:31.996677+00:00
18092,50219,3367,0,2026-05-05 01:52:31.996677+00:00
18093,50224,3719,0,2026-05-05 01:52:31.996677+00:00
18094,50228,3710,-1,2026-05-05 01:52:31.996677+00:00
18095,50231,3710,0,2026-05-05 01:52:31.996677+00:00
18096,50243,3710,0,2026-05-05 01:52:31.996677+00:00
18097,50248,3367,-1,2026-05-05 01:52:31.996677+00:00
18098,50249,3710,-1,2026-05-05 01:52:31.996677+00:00
18099,50249,3367,-1,2026-05-05 01:52:31.996677+00:00
18100,50257,3367,-1,2026-05-05 01:52:31.996677+00:00
18101,50258,3710,-1,2026-05-05 01:52:31.996677+00:00
18102,50259,3710,1,2026-05-05 01:52:31.996677+00:00
18103,50262,3367,-1,2026-05-05 01:52:31.996677+00:00
18104,50264,3710,0,2026-05-05 01:52:31.996677+00:00
18105,50268,3367,0,2026-05-05 01:52:31.996677+00:00
18106,50269,3710,1,2026-05-05 01:52:31.996677+00:00
18107,50273,3367,0,2026-05-05 01:52:31.996677+00:00
18108,50276,3367,0,2026-05-05 01:52:31.996677+00:00
18109,50282,3367,0,2026-05-05 01:52:31.996677+00:00
18110,50288,5715,0,2026-05-05 01:52:31.996677+00:00
18111,50289,5717,0,2026-05-05 01:52:31.996677+00:00
18112,50292,3367,0,2026-05-05 01:52:31.996677+00:00
18113,50293,3710,0,2026-05-05 01:52:31.996677+00:00
18114,50293,3367,0,2026-05-05 01:52:31.996677+00:00
18115,50294,3719,0,2026-05-05 01:52:31.996677+00:00
18116,50294,3669,0,2026-05-05 01:52:31.996677+00:00
18117,50295,5717,0,2026-05-05 01:52:31.996677+00:00
18118,50299,3710,1,2026-05-05 01:52:31.996677+00:00
18119,50300,3367,0,2026-05-05 01:52:31.996677+00:00
18120,50301,3367,-1,2026-05-05 01:52:31.996677+00:00
18121,50303,3710,0,2026-05-05 01:52:31.996677+00:00
18122,50304,3710,0,2026-05-05 01:52:31.996677+00:00
18123,50304,3367,0,2026-05-05 01:52:31.996677+00:00
18124,50307,5656,0,2026-05-05 01:52:31.996677+00:00
18125,50308,3710,0,2026-05-05 01:52:31.996677+00:00
18126,50308,3367,0,2026-05-05 01:52:31.996677+00:00
18127,50309,3710,0,2026-05-05 01:52:31.996677+00:00
18128,50310,3710,0,2026-05-05 01:52:31.996677+00:00
18129,50313,3710,1,2026-05-05 01:52:31.996677+00:00
18130,50314,3710,0,2026-05-05 01:52:31.996677+00:00
18131,50316,3710,0,2026-05-05 01:52:31.996677+00:00
18132,50319,5717,0,2026-05-05 01:52:31.996677+00:00
18133,50324,3609,0,2026-05-05 01:52:31.996677+00:00
18134,50330,3367,0,2026-05-05 01:52:31.996677+00:00
18135,50334,3710,0,2026-05-05 01:52:31.996677+00:00
18136,50337,3710,1,2026-05-05 01:52:31.996677+00:00
18137,50343,3367,0,2026-05-05 01:52:31.996677+00:00
18138,50346,3367,0,2026-05-05 01:52:31.996677+00:00
18139,50348,3367,0,2026-05-05 01:52:31.996677+00:00
18140,50350,3710,0,2026-05-05 01:52:31.996677+00:00
18141,50354,3367,0,2026-05-05 01:52:31.996677+00:00
18142,50355,5717,0,2026-05-05 01:52:31.996677+00:00
18143,50356,3367,1,2026-05-05 01:52:31.996677+00:00
18144,50359,3710,-1,2026-05-05 01:52:31.996677+00:00
18145,50360,3710,1,2026-05-05 01:52:31.996677+00:00
18146,50361,5607,0,2026-05-05 01:52:31.996677+00:00
18147,50361,5717,0,2026-05-05 01:52:31.996677+00:00
18148,50362,3710,-1,2026-05-05 01:52:31.996677+00:00
18149,50362,3367,-1,2026-05-05 01:52:31.996677+00:00
18150,50363,3367,0,2026-05-05 01:52:31.996677+00:00
18151,50364,3367,0,2026-05-05 01:52:31.996677+00:00
18152,50365,3367,0,2026-05-05 01:52:31.996677+00:00
18153,50365,5717,0,2026-05-05 01:52:31.996677+00:00
18154,50366,5607,-1,2026-05-05 01:52:31.996677+00:00
18155,50366,5717,-1,2026-05-05 01:52:31.996677+00:00
18156,50367,3710,0,2026-05-05 01:52:31.996677+00:00
18157,50368,3710,-1,2026-05-05 01:52:31.996677+00:00
18158,50369,3710,0,2026-05-05 01:52:31.996677+00:00
18159,50371,3367,0,2026-05-05 01:52:31.996677+00:00
18160,50372,5596,0,2026-05-05 01:52:31.996677+00:00
18161,50373,3710,0,2026-05-05 01:52:31.996677+00:00
18162,50377,3367,0,2026-05-05 01:52:31.996677+00:00
18163,50379,3367,0,2026-05-05 01:52:31.996677+00:00
18164,50382,3367,0,2026-05-05 01:52:31.996677+00:00
18165,50383,3367,0,2026-05-05 01:52:31.996677+00:00
18166,50384,3367,0,2026-05-05 01:52:31.996677+00:00
18167,50385,3367,-1,2026-05-05 01:52:31.996677+00:00
18168,50387,3367,0,2026-05-05 01:52:31.996677+00:00
18169,50388,3367,1,2026-05-05 01:52:31.996677+00:00
18170,50390,3367,-1,2026-05-05 01:52:31.996677+00:00
18171,50391,3367,0,2026-05-05 01:52:31.996677+00:00
18172,50394,3367,0,2026-05-05 01:52:31.996677+00:00
18173,50396,5607,0,2026-05-05 01:52:31.996677+00:00
18174,50398,3710,0,2026-05-05 01:52:31.996677+00:00
18175,50399,3367,0,2026-05-05 01:52:31.996677+00:00
18176,50400,3367,0,2026-05-05 01:52:31.996677+00:00
18177,50401,3367,1,2026-05-05 01:52:31.996677+00:00
18178,50402,3710,0,2026-05-05 01:52:31.996677+00:00
18179,50403,3367,0,2026-05-05 01:52:31.996677+00:00
18180,50404,3367,0,2026-05-05 01:52:31.996677+00:00
18181,50405,3367,0,2026-05-05 01:52:31.996677+00:00
18182,50406,5715,0,2026-05-05 01:52:31.996677+00:00
18183,50412,5596,-1,2026-05-05 01:52:31.996677+00:00
18184,50413,5596,1,2026-05-05 01:52:31.996677+00:00
18185,50414,3710,1,2026-05-05 01:52:31.996677+00:00
18186,50414,3367,1,2026-05-05 01:52:31.996677+00:00
18187,50415,3710,1,2026-05-05 01:52:31.996677+00:00
18188,50419,3710,1,2026-05-05 01:52:31.996677+00:00
18189,50421,3710,0,2026-05-05 01:52:31.996677+00:00
18190,50424,3367,0,2026-05-05 01:52:31.996677+00:00
18191,50425,5596,1,2026-05-05 01:52:31.996677+00:00
18192,50429,3710,1,2026-05-05 01:52:31.996677+00:00
18193,50440,5591,0,2026-05-05 01:52:31.996677+00:00
18194,50442,5717,0,2026-05-05 01:52:31.996677+00:00
18195,50444,5607,1,2026-05-05 01:52:31.996677+00:00
18196,50445,5607,1,2026-05-05 01:52:31.996677+00:00
18197,50449,3710,1,2026-05-05 01:52:31.996677+00:00
18198,50457,3710,0,2026-05-05 01:52:31.996677+00:00
18199,50458,3367,0,2026-05-05 01:52:31.996677+00:00
18200,50460,3367,0,2026-05-05 01:52:31.996677+00:00
18201,50462,3367,0,2026-05-05 01:52:31.996677+00:00
18202,50462,3710,0,2026-05-05 01:52:31.996677+00:00
18203,50463,3367,0,2026-05-05 01:52:31.996677+00:00
18204,50465,3367,0,2026-05-05 01:52:31.996677+00:00
18205,50469,3367,0,2026-05-05 01:52:31.996677+00:00
18206,50472,3367,0,2026-05-05 01:52:31.996677+00:00
18207,50473,5715,0,2026-05-05 01:52:31.996677+00:00
18208,50474,3367,0,2026-05-05 01:52:31.996677+00:00
18209,50475,3710,0,2026-05-05 01:52:31.996677+00:00
18210,50480,5715,0,2026-05-05 01:52:31.996677+00:00
18211,50495,5715,0,2026-05-05 01:52:31.996677+00:00
18212,50501,3367,0,2026-05-05 01:52:31.996677+00:00
18213,50508,3710,-1,2026-05-05 01:52:31.996677+00:00
18214,50511,3367,0,2026-05-05 01:52:31.996677+00:00
18215,50512,5715,0,2026-05-05 01:52:31.996677+00:00
18216,50513,3367,0,2026-05-05 01:52:31.996677+00:00
18217,50514,3367,1,2026-05-05 01:52:31.996677+00:00
18218,50518,5716,-1,2026-05-05 01:52:31.996677+00:00
18219,50520,3367,0,2026-05-05 01:52:31.996677+00:00
18220,50522,3367,0,2026-05-05 01:52:31.996677+00:00
18221,50523,3367,0,2026-05-05 01:52:31.996677+00:00
18222,50536,3367,0,2026-05-05 01:52:31.996677+00:00
18223,50540,3367,0,2026-05-05 01:52:31.996677+00:00
18224,50543,3367,0,2026-05-05 01:52:31.996677+00:00
18225,50554,3609,0,2026-05-05 01:52:31.996677+00:00
18226,50557,5646,1,2026-05-05 01:52:31.996677+00:00
18227,50563,5715,-1,2026-05-05 01:52:31.996677+00:00
18228,50565,3608,0,2026-05-05 01:52:31.996677+00:00
18229,50565,3609,0,2026-05-05 01:52:31.996677+00:00
18230,50570,3608,0,2026-05-05 01:52:31.996677+00:00
18231,50570,3609,0,2026-05-05 01:52:31.996677+00:00
18232,50571,3719,0,2026-05-05 01:52:31.996677+00:00
18233,50571,3710,0,2026-05-05 01:52:31.996677+00:00
18234,50571,3367,0,2026-05-05 01:52:31.996677+00:00
18235,50575,3710,0,2026-05-05 01:52:31.996677+00:00
18236,50576,3710,1,2026-05-05 01:52:31.996677+00:00
18237,50577,3710,1,2026-05-05 01:52:31.996677+00:00
18238,50578,3367,0,2026-05-05 01:52:31.996677+00:00
18239,50585,3608,0,2026-05-05 01:52:31.996677+00:00
18240,50587,3609,0,2026-05-05 01:52:31.996677+00:00
18241,50590,3710,1,2026-05-05 01:52:31.996677+00:00
18242,50592,3609,0,2026-05-05 01:52:31.996677+00:00
18243,50593,3608,0,2026-05-05 01:52:31.996677+00:00
18244,50596,3609,0,2026-05-05 01:52:31.996677+00:00
18245,50602,3367,1,2026-05-05 01:52:31.996677+00:00
18246,50612,3367,0,2026-05-05 01:52:31.996677+00:00
18247,50621,5713,-1,2026-05-05 01:52:31.996677+00:00
18248,50626,5715,0,2026-05-05 01:52:31.996677+00:00
18249,50630,5715,0,2026-05-05 01:52:31.996677+00:00
18250,50631,5715,0,2026-05-05 01:52:31.996677+00:00
18251,50632,3608,0,2026-05-05 01:52:31.996677+00:00
18252,50634,5646,1,2026-05-05 01:52:31.996677+00:00
18253,50637,3367,0,2026-05-05 01:52:31.996677+00:00
18254,50640,3367,0,2026-05-05 01:52:31.996677+00:00
18255,50641,3367,0,2026-05-05 01:52:31.996677+00:00
18256,50644,3710,0,2026-05-05 01:52:31.996677+00:00
18257,50647,3367,0,2026-05-05 01:52:31.996677+00:00
18258,50647,5717,0,2026-05-05 01:52:31.996677+00:00
18259,50657,3367,0,2026-05-05 01:52:31.996677+00:00
18260,50661,3710,1,2026-05-05 01:52:31.996677+00:00
18261,50663,3367,1,2026-05-05 01:52:31.996677+00:00
18262,50665,3710,0,2026-05-05 01:52:31.996677+00:00
18263,50666,3367,0,2026-05-05 01:52:31.996677+00:00
18264,50672,2985,1,2026-05-05 01:52:31.996677+00:00
18265,50675,3367,0,2026-05-05 01:52:31.996677+00:00
18266,50678,5717,0,2026-05-05 01:52:31.996677+00:00
18267,50682,3710,0,2026-05-05 01:52:31.996677+00:00
18268,50686,3367,-1,2026-05-05 01:52:31.996677+00:00
18269,50693,3710,-1,2026-05-05 01:52:31.996677+00:00
18270,50693,3367,-1,2026-05-05 01:52:31.996677+00:00
18271,50698,3367,0,2026-05-05 01:52:31.996677+00:00
18272,50699,3367,0,2026-05-05 01:52:31.996677+00:00
18273,50699,3209,0,2026-05-05 01:52:31.996677+00:00
18274,50704,3367,1,2026-05-05 01:52:31.996677+00:00
18275,50704,3710,1,2026-05-05 01:52:31.996677+00:00
18276,50706,3710,-1,2026-05-05 01:52:31.996677+00:00
18277,50708,5717,0,2026-05-05 01:52:31.996677+00:00
18278,50716,3710,0,2026-05-05 01:52:31.996677+00:00
18279,50719,3609,0,2026-05-05 01:52:31.996677+00:00
18280,50727,3608,0,2026-05-05 01:52:31.996677+00:00
18281,50731,3608,0,2026-05-05 01:52:31.996677+00:00
18282,50733,5715,-1,2026-05-05 01:52:31.996677+00:00
18283,50736,3608,0,2026-05-05 01:52:31.996677+00:00
18284,50737,3341,1,2026-05-05 01:52:31.996677+00:00
18285,50740,3710,0,2026-05-05 01:52:31.996677+00:00
18286,50740,3367,0,2026-05-05 01:52:31.996677+00:00
18287,50743,3710,0,2026-05-05 01:52:31.996677+00:00
18288,50744,5715,1,2026-05-05 01:52:31.996677+00:00
18289,50745,5596,0,2026-05-05 01:52:31.996677+00:00
18290,50747,5715,0,2026-05-05 01:52:31.996677+00:00
18291,50748,3669,0,2026-05-05 01:52:31.996677+00:00
18292,50752,5715,0,2026-05-05 01:52:31.996677+00:00
18293,50755,3209,0,2026-05-05 01:52:31.996677+00:00
18294,50755,3016,0,2026-05-05 01:52:31.996677+00:00
18295,50757,3608,0,2026-05-05 01:52:31.996677+00:00
18296,50759,3719,0,2026-05-05 01:52:31.996677+00:00
18297,50763,3609,0,2026-05-05 01:52:31.996677+00:00
18298,50767,2985,0,2026-05-05 01:52:31.996677+00:00
18299,50770,3609,0,2026-05-05 01:52:31.996677+00:00
18300,50771,3710,0,2026-05-05 01:52:31.996677+00:00
18301,50772,3608,0,2026-05-05 01:52:31.996677+00:00
18302,50776,3608,0,2026-05-05 01:52:31.996677+00:00
18303,50777,3016,1,2026-05-05 01:52:31.996677+00:00
18304,50778,3016,0,2026-05-05 01:52:31.996677+00:00
18305,50782,3608,0,2026-05-05 01:52:31.996677+00:00
18306,50782,3609,0,2026-05-05 01:52:31.996677+00:00
18307,50784,3068,0,2026-05-05 01:52:31.996677+00:00
18308,50788,5715,0,2026-05-05 01:52:31.996677+00:00
18309,50789,3016,0,2026-05-05 01:52:31.996677+00:00
18310,50795,3710,-1,2026-05-05 01:52:31.996677+00:00
18311,50798,3608,1,2026-05-05 01:52:31.996677+00:00
18312,50801,3608,0,2026-05-05 01:52:31.996677+00:00
18313,50805,5596,-1,2026-05-05 01:52:31.996677+00:00
18314,50806,3367,0,2026-05-05 01:52:31.996677+00:00
18315,50806,3710,0,2026-05-05 01:52:31.996677+00:00
18316,50809,3367,0,2026-05-05 01:52:31.996677+00:00
18317,50810,3608,-1,2026-05-05 01:52:31.996677+00:00
18318,50810,3609,-1,2026-05-05 01:52:31.996677+00:00
18319,50815,3367,0,2026-05-05 01:52:31.996677+00:00
18320,50817,3710,0,2026-05-05 01:52:31.996677+00:00
18321,50817,3367,0,2026-05-05 01:52:31.996677+00:00
18322,50823,3609,0,2026-05-05 01:52:31.996677+00:00
18323,50829,5715,0,2026-05-05 01:52:31.996677+00:00
18324,50831,3367,1,2026-05-05 01:52:31.996677+00:00
18325,50836,3367,0,2026-05-05 01:52:31.996677+00:00
18326,50837,3609,1,2026-05-05 01:52:31.996677+00:00
18327,50838,5717,0,2026-05-05 01:52:31.996677+00:00
18328,50840,3550,0,2026-05-05 01:52:31.996677+00:00
18329,50847,3608,0,2026-05-05 01:52:31.996677+00:00
18330,50847,3609,0,2026-05-05 01:52:31.996677+00:00
18331,50848,3710,0,2026-05-05 01:52:31.996677+00:00
18332,50848,3367,0,2026-05-05 01:52:31.996677+00:00
18333,50850,5715,0,2026-05-05 01:52:31.996677+00:00
18334,50853,5715,0,2026-05-05 01:52:31.996677+00:00
18335,50856,3367,0,2026-05-05 01:52:31.996677+00:00
18336,50865,3710,-1,2026-05-05 01:52:31.996677+00:00
18337,50865,3367,-1,2026-05-05 01:52:31.996677+00:00
18338,50870,3367,1,2026-05-05 01:52:31.996677+00:00
18339,50873,3367,0,2026-05-05 01:52:31.996677+00:00
18340,50874,3710,0,2026-05-05 01:52:31.996677+00:00
18341,50876,3710,0,2026-05-05 01:52:31.996677+00:00
18342,50880,3367,0,2026-05-05 01:52:31.996677+00:00
18343,50882,3367,0,2026-05-05 01:52:31.996677+00:00
18344,50884,3367,0,2026-05-05 01:52:31.996677+00:00
18345,50885,3608,1,2026-05-05 01:52:31.996677+00:00
18346,50886,3367,0,2026-05-05 01:52:31.996677+00:00
18347,50888,3608,1,2026-05-05 01:52:31.996677+00:00
18348,50888,3710,1,2026-05-05 01:52:31.996677+00:00
18349,50889,3367,0,2026-05-05 01:52:31.996677+00:00
18350,50891,3550,0,2026-05-05 01:52:31.996677+00:00
18351,50892,3710,1,2026-05-05 01:52:31.996677+00:00
18352,50892,3367,1,2026-05-05 01:52:31.996677+00:00
18353,50906,3367,0,2026-05-05 01:52:31.996677+00:00
18354,50924,3710,0,2026-05-05 01:52:31.996677+00:00
18355,50926,3710,0,2026-05-05 01:52:31.996677+00:00
18356,50926,5591,0,2026-05-05 01:52:31.996677+00:00
18357,50935,3710,0,2026-05-05 01:52:31.996677+00:00
18358,50938,5715,0,2026-05-05 01:52:31.996677+00:00
18359,50940,3710,0,2026-05-05 01:52:31.996677+00:00
18360,50945,3710,0,2026-05-05 01:52:31.996677+00:00
18361,50949,3710,0,2026-05-05 01:52:31.996677+00:00
18362,50958,3710,1,2026-05-05 01:52:31.996677+00:00
18363,50969,3367,0,2026-05-05 01:52:31.996677+00:00
18364,50975,3608,0,2026-05-05 01:52:31.996677+00:00
18365,50975,3609,0,2026-05-05 01:52:31.996677+00:00
18366,50977,3367,0,2026-05-05 01:52:31.996677+00:00
18367,50978,5717,0,2026-05-05 01:52:31.996677+00:00
18368,50985,3710,0,2026-05-05 01:52:31.996677+00:00
18369,50986,3710,0,2026-05-05 01:52:31.996677+00:00
18370,50988,3710,0,2026-05-05 01:52:31.996677+00:00
18371,50989,3710,0,2026-05-05 01:52:31.996677+00:00
18372,50989,3367,0,2026-05-05 01:52:31.996677+00:00
18373,50990,3367,0,2026-05-05 01:52:31.996677+00:00
18374,50990,3710,0,2026-05-05 01:52:31.996677+00:00
18375,50992,5717,0,2026-05-05 01:52:31.996677+00:00
18376,50996,3367,1,2026-05-05 01:52:31.996677+00:00
18377,50998,3367,0,2026-05-05 01:52:31.996677+00:00
18378,50998,5595,0,2026-05-05 01:52:31.996677+00:00
18379,51000,3609,1,2026-05-05 01:52:31.996677+00:00
18380,51002,3710,0,2026-05-05 01:52:31.996677+00:00
18381,51004,3609,1,2026-05-05 01:52:31.996677+00:00
18382,51005,3367,0,2026-05-05 01:52:31.996677+00:00
18383,51011,3609,0,2026-05-05 01:52:31.996677+00:00
18384,51013,3367,0,2026-05-05 01:52:31.996677+00:00
18385,51024,5648,0,2026-05-05 01:52:31.996677+00:00
18386,51024,5643,0,2026-05-05 01:52:31.996677+00:00
18387,51025,5717,0,2026-05-05 01:52:31.996677+00:00
18388,51030,3710,0,2026-05-05 01:52:31.996677+00:00
18389,51037,5599,0,2026-05-05 01:52:31.996677+00:00
18390,51038,5715,1,2026-05-05 01:52:31.996677+00:00
18391,51051,3367,0,2026-05-05 01:52:31.996677+00:00
18392,51056,5718,1,2026-05-05 01:52:31.996677+00:00
18393,51069,3710,0,2026-05-05 01:52:31.996677+00:00
18394,51070,3710,0,2026-05-05 01:52:31.996677+00:00
18395,51070,3367,0,2026-05-05 01:52:31.996677+00:00
18396,51073,5718,0,2026-05-05 01:52:31.996677+00:00
18397,51078,3367,0,2026-05-05 01:52:31.996677+00:00
18398,51080,5717,0,2026-05-05 01:52:31.996677+00:00
18399,51085,5717,0,2026-05-05 01:52:31.996677+00:00
18400,51089,5717,0,2026-05-05 01:52:31.996677+00:00
18401,51094,3719,0,2026-05-05 01:52:31.996677+00:00
18402,51111,3710,0,2026-05-05 01:52:31.996677+00:00
18403,51119,5607,0,2026-05-05 01:52:31.996677+00:00
18404,51119,3710,0,2026-05-05 01:52:31.996677+00:00
18405,51119,3367,0,2026-05-05 01:52:31.996677+00:00
18406,51140,3710,0,2026-05-05 01:52:31.996677+00:00
18407,51144,5607,0,2026-05-05 01:52:31.996677+00:00
18408,51144,5719,0,2026-05-05 01:52:31.996677+00:00
18409,51145,3710,1,2026-05-05 01:52:31.996677+00:00
18410,51147,5718,0,2026-05-05 01:52:31.996677+00:00
18411,51148,5607,-1,2026-05-05 01:52:31.996677+00:00
18412,51153,3710,0,2026-05-05 01:52:31.996677+00:00
18413,51155,3710,0,2026-05-05 01:52:31.996677+00:00
18414,51155,3367,0,2026-05-05 01:52:31.996677+00:00
18415,51165,5607,0,2026-05-05 01:52:31.996677+00:00
18416,51169,3710,-1,2026-05-05 01:52:31.996677+00:00
18417,51176,5644,0,2026-05-05 01:52:31.996677+00:00
18418,51190,3367,1,2026-05-05 01:52:31.996677+00:00
18419,51202,5595,1,2026-05-05 01:52:31.996677+00:00
18420,51208,5717,0,2026-05-05 01:52:31.996677+00:00
18421,51218,3367,0,2026-05-05 01:52:31.996677+00:00
18422,51219,3710,0,2026-05-05 01:52:31.996677+00:00
18423,51221,3710,0,2026-05-05 01:52:31.996677+00:00
18424,51229,3367,0,2026-05-05 01:52:31.996677+00:00
18425,51235,3609,0,2026-05-05 01:52:31.996677+00:00
18426,51235,3209,0,2026-05-05 01:52:31.996677+00:00
18427,51242,3710,-1,2026-05-05 01:52:31.996677+00:00
18428,51242,3367,-1,2026-05-05 01:52:31.996677+00:00
18429,51252,3710,0,2026-05-05 01:52:31.996677+00:00
18430,51255,3710,0,2026-05-05 01:52:31.996677+00:00
18431,51256,3316,1,2026-05-05 01:52:31.996677+00:00
18432,51256,3719,1,2026-05-05 01:52:31.996677+00:00
18433,51258,3367,0,2026-05-05 01:52:31.996677+00:00
18434,51259,3367,0,2026-05-05 01:52:31.996677+00:00
18435,51259,3710,0,2026-05-05 01:52:31.996677+00:00
18436,51260,5608,1,2026-05-05 01:52:31.996677+00:00
18437,51262,5717,-1,2026-05-05 01:52:31.996677+00:00
18438,51263,3710,-1,2026-05-05 01:52:31.996677+00:00
18439,51267,3367,1,2026-05-05 01:52:31.996677+00:00
18440,51270,3609,0,2026-05-05 01:52:31.996677+00:00
18441,51277,3710,0,2026-05-05 01:52:31.996677+00:00
18442,51279,5592,-1,2026-05-05 01:52:31.996677+00:00
18443,51282,3710,1,2026-05-05 01:52:31.996677+00:00
18444,51283,3609,0,2026-05-05 01:52:31.996677+00:00
18445,51285,3710,0,2026-05-05 01:52:31.996677+00:00
18446,51286,3710,0,2026-05-05 01:52:31.996677+00:00
18447,51289,3710,0,2026-05-05 01:52:31.996677+00:00
18448,51290,5599,0,2026-05-05 01:52:31.996677+00:00
18449,51291,3609,0,2026-05-05 01:52:31.996677+00:00
18450,51294,3710,0,2026-05-05 01:52:31.996677+00:00
18451,51295,3609,0,2026-05-05 01:52:31.996677+00:00
18452,51296,3609,0,2026-05-05 01:52:31.996677+00:00
18453,51298,5599,0,2026-05-05 01:52:31.996677+00:00
18454,51308,3367,0,2026-05-05 01:52:31.996677+00:00
18455,51308,5610,0,2026-05-05 01:52:31.996677+00:00
18456,51309,3710,0,2026-05-05 01:52:31.996677+00:00
18457,51313,5717,0,2026-05-05 01:52:31.996677+00:00
18458,51315,3710,1,2026-05-05 01:52:31.996677+00:00
18459,51316,3609,0,2026-05-05 01:52:31.996677+00:00
18460,51318,3710,0,2026-05-05 01:52:31.996677+00:00
18461,51319,3710,1,2026-05-05 01:52:31.996677+00:00
18462,51326,5607,0,2026-05-05 01:52:31.996677+00:00
18463,51330,5608,0,2026-05-05 01:52:31.996677+00:00
18464,51339,3367,0,2026-05-05 01:52:31.996677+00:00
18465,51342,3710,0,2026-05-05 01:52:31.996677+00:00
18466,51343,3367,0,2026-05-05 01:52:31.996677+00:00
18467,51345,5592,0,2026-05-05 01:52:31.996677+00:00
18468,51351,3710,0,2026-05-05 01:52:31.996677+00:00
18469,51351,3367,0,2026-05-05 01:52:31.996677+00:00
18470,51351,5610,0,2026-05-05 01:52:31.996677+00:00
18471,51362,3710,0,2026-05-05 01:52:31.996677+00:00
18472,51366,3710,0,2026-05-05 01:52:31.996677+00:00
18473,51372,3710,0,2026-05-05 01:52:31.996677+00:00
18474,51376,3367,0,2026-05-05 01:52:31.996677+00:00
18475,51379,3710,0,2026-05-05 01:52:31.996677+00:00
18476,51381,3710,0,2026-05-05 01:52:31.996677+00:00
18477,51382,5717,0,2026-05-05 01:52:31.996677+00:00
18478,51383,3710,0,2026-05-05 01:52:31.996677+00:00
18479,51384,3609,0,2026-05-05 01:52:31.996677+00:00
18480,51385,3669,0,2026-05-05 01:52:31.996677+00:00
18481,51386,5610,-1,2026-05-05 01:52:31.996677+00:00
18482,51392,3367,0,2026-05-05 01:52:31.996677+00:00
18483,51394,5610,0,2026-05-05 01:52:31.996677+00:00
18484,51408,3367,0,2026-05-05 01:52:31.996677+00:00
18485,51412,3710,0,2026-05-05 01:52:31.996677+00:00
18486,51414,3367,0,2026-05-05 01:52:31.996677+00:00
18487,51422,5604,0,2026-05-05 01:52:31.996677+00:00
18488,51422,5596,0,2026-05-05 01:52:31.996677+00:00
18489,51424,3367,0,2026-05-05 01:52:31.996677+00:00
18490,51425,3016,0,2026-05-05 01:52:31.996677+00:00
18491,51432,3710,0,2026-05-05 01:52:31.996677+00:00
18492,52901,5596,0,2026-05-05 01:52:31.996677+00:00
18493,52911,5611,0,2026-05-05 01:52:31.996677+00:00
18494,52911,5609,0,2026-05-05 01:52:31.996677+00:00
18495,52913,3209,1,2026-05-05 01:52:31.996677+00:00
18496,52927,3209,-1,2026-05-05 01:52:31.996677+00:00
18497,52954,5607,1,2026-05-05 01:52:31.996677+00:00
18498,52966,5717,1,2026-05-05 01:52:31.996677+00:00
18499,52977,5596,0,2026-05-05 01:52:31.996677+00:00
18500,52987,3710,0,2026-05-05 01:52:31.996677+00:00
18501,52991,5596,1,2026-05-05 01:52:31.996677+00:00
18502,53006,5596,0,2026-05-05 01:52:31.996677+00:00
18503,53021,3367,0,2026-05-05 01:52:31.996677+00:00
18504,53041,5715,0,2026-05-05 01:52:31.996677+00:00
18505,53045,5595,0,2026-05-05 01:52:31.996677+00:00
18506,53071,5717,0,2026-05-05 01:52:31.996677+00:00
18507,53078,3209,0,2026-05-05 01:52:31.996677+00:00
18508,53083,5595,0,2026-05-05 01:52:31.996677+00:00
18509,53084,5595,0,2026-05-05 01:52:31.996677+00:00
18510,53085,5595,-1,2026-05-05 01:52:31.996677+00:00
18511,53092,5593,0,2026-05-05 01:52:31.996677+00:00
18512,53092,5597,0,2026-05-05 01:52:31.996677+00:00
18513,53095,3608,1,2026-05-05 01:52:31.996677+00:00
18514,53101,5595,0,2026-05-05 01:52:31.996677+00:00
18515,53115,5643,0,2026-05-05 01:52:31.996677+00:00
18516,53116,3710,0,2026-05-05 01:52:31.996677+00:00
18517,53128,5595,0,2026-05-05 01:52:31.996677+00:00
18518,53134,5717,1,2026-05-05 01:52:31.996677+00:00
18519,53139,5607,-1,2026-05-05 01:52:31.996677+00:00
18520,53144,3403,0,2026-05-05 01:52:31.996677+00:00
18521,53162,3036,0,2026-05-05 01:52:31.996677+00:00
18522,53167,5715,0,2026-05-05 01:52:31.996677+00:00
18523,53183,5609,0,2026-05-05 01:52:31.996677+00:00
18524,53189,3710,0,2026-05-05 01:52:31.996677+00:00
18525,53189,3367,0,2026-05-05 01:52:31.996677+00:00
18526,53210,5604,0,2026-05-05 01:52:31.996677+00:00
18527,53222,5595,1,2026-05-05 01:52:31.996677+00:00
18528,53227,3719,-1,2026-05-05 01:52:31.996677+00:00
18529,53227,3731,-1,2026-05-05 01:52:31.996677+00:00
18530,53230,3719,1,2026-05-05 01:52:31.996677+00:00
18531,53230,3710,1,2026-05-05 01:52:31.996677+00:00
18532,53233,5596,1,2026-05-05 01:52:31.996677+00:00
18533,53236,3710,1,2026-05-05 01:52:31.996677+00:00
18534,53237,5716,0,2026-05-05 01:52:31.996677+00:00
18535,53242,5717,0,2026-05-05 01:52:31.996677+00:00
18536,53249,5595,0,2026-05-05 01:52:31.996677+00:00
18537,53250,3710,1,2026-05-05 01:52:31.996677+00:00
18538,53250,5596,1,2026-05-05 01:52:31.996677+00:00
18539,53252,5596,1,2026-05-05 01:52:31.996677+00:00
18540,53253,5596,0,2026-05-05 01:52:31.996677+00:00
18541,53254,5596,1,2026-05-05 01:52:31.996677+00:00
18542,53261,5714,0,2026-05-05 01:52:31.996677+00:00
18543,53276,5596,-1,2026-05-05 01:52:31.996677+00:00
18544,53278,5596,0,2026-05-05 01:52:31.996677+00:00
18545,53286,2985,0,2026-05-05 01:52:31.996677+00:00
18546,53287,5596,0,2026-05-05 01:52:31.996677+00:00
18547,53292,5596,0,2026-05-05 01:52:31.996677+00:00
18548,53296,5596,-1,2026-05-05 01:52:31.996677+00:00
18549,53304,5715,0,2026-05-05 01:52:31.996677+00:00
18550,53307,5717,0,2026-05-05 01:52:31.996677+00:00
18551,53309,5596,0,2026-05-05 01:52:31.996677+00:00
18552,53345,5596,1,2026-05-05 01:52:31.996677+00:00
18553,53347,3367,-1,2026-05-05 01:52:31.996677+00:00
18554,53375,5595,0,2026-05-05 01:52:31.996677+00:00
18555,53376,5605,0,2026-05-05 01:52:31.996677+00:00
18556,53384,3068,0,2026-05-05 01:52:31.996677+00:00
18557,53386,5596,0,2026-05-05 01:52:31.996677+00:00
18558,53388,5595,0,2026-05-05 01:52:31.996677+00:00
18559,53388,5596,0,2026-05-05 01:52:31.996677+00:00
18560,53394,5595,0,2026-05-05 01:52:31.996677+00:00
18561,53398,3211,0,2026-05-05 01:52:31.996677+00:00
18562,53398,3719,0,2026-05-05 01:52:31.996677+00:00
18563,53400,5593,0,2026-05-05 01:52:31.996677+00:00
18564,53406,5604,0,2026-05-05 01:52:31.996677+00:00
18565,53406,5596,0,2026-05-05 01:52:31.996677+00:00
18566,53417,3710,-1,2026-05-05 01:52:31.996677+00:00
18567,53423,5596,0,2026-05-05 01:52:31.996677+00:00
18568,53424,5713,1,2026-05-05 01:52:31.996677+00:00
18569,53425,5718,0,2026-05-05 01:52:31.996677+00:00
18570,53426,3710,0,2026-05-05 01:52:31.996677+00:00
18571,53430,3710,1,2026-05-05 01:52:31.996677+00:00
18572,53443,5713,-1,2026-05-05 01:52:31.996677+00:00
18573,53454,5596,-1,2026-05-05 01:52:31.996677+00:00
18574,53465,5646,1,2026-05-05 01:52:31.996677+00:00
18575,53468,5595,0,2026-05-05 01:52:31.996677+00:00
18576,53477,5595,0,2026-05-05 01:52:31.996677+00:00
18577,53491,3068,0,2026-05-05 01:52:31.996677+00:00
18578,53494,5596,0,2026-05-05 01:52:31.996677+00:00
18579,53495,5596,0,2026-05-05 01:52:31.996677+00:00
18580,53522,4424,0,2026-05-05 01:52:31.996677+00:00
18581,53526,5713,1,2026-05-05 01:52:31.996677+00:00
18582,53532,3068,1,2026-05-05 01:52:31.996677+00:00
18583,53538,3209,1,2026-05-05 01:52:31.996677+00:00
18584,53549,3367,1,2026-05-05 01:52:31.996677+00:00
18585,53560,3719,0,2026-05-05 01:52:31.996677+00:00
18586,53566,5595,0,2026-05-05 01:52:31.996677+00:00
18587,53566,5610,0,2026-05-05 01:52:31.996677+00:00
18588,53578,5713,0,2026-05-05 01:52:31.996677+00:00
18589,53603,5646,0,2026-05-05 01:52:31.996677+00:00
18590,53603,5717,0,2026-05-05 01:52:31.996677+00:00
18591,53618,3068,0,2026-05-05 01:52:31.996677+00:00
18592,53632,3710,0,2026-05-05 01:52:31.996677+00:00
18593,53632,3367,0,2026-05-05 01:52:31.996677+00:00
18594,53645,5644,0,2026-05-05 01:52:31.996677+00:00
18595,53645,5646,0,2026-05-05 01:52:31.996677+00:00
18596,53645,5596,0,2026-05-05 01:52:31.996677+00:00
18597,53657,5596,1,2026-05-05 01:52:31.996677+00:00
18598,53658,3710,0,2026-05-05 01:52:31.996677+00:00
18599,53658,3367,0,2026-05-05 01:52:31.996677+00:00
18600,53662,5596,-1,2026-05-05 01:52:31.996677+00:00
18601,53675,3367,0,2026-05-05 01:52:31.996677+00:00
18602,53693,5596,1,2026-05-05 01:52:31.996677+00:00
18603,53696,2985,0,2026-05-05 01:52:31.996677+00:00
18604,53701,3068,0,2026-05-05 01:52:31.996677+00:00
18605,53708,5596,0,2026-05-05 01:52:31.996677+00:00
18606,53718,5595,0,2026-05-05 01:52:31.996677+00:00
18607,53726,5593,1,2026-05-05 01:52:31.996677+00:00
18608,53734,5595,1,2026-05-05 01:52:31.996677+00:00
18609,53735,5595,0,2026-05-05 01:52:31.996677+00:00
18610,53742,5591,1,2026-05-05 01:52:31.996677+00:00
18611,53752,5595,0,2026-05-05 01:52:31.996677+00:00
18612,53756,5595,1,2026-05-05 01:52:31.996677+00:00
18613,53757,5595,0,2026-05-05 01:52:31.996677+00:00
18614,53758,5595,1,2026-05-05 01:52:31.996677+00:00
18615,53760,5595,0,2026-05-05 01:52:31.996677+00:00
18616,53761,5717,0,2026-05-05 01:52:31.996677+00:00
18617,53769,5591,-1,2026-05-05 01:52:31.996677+00:00
18618,53782,5718,1,2026-05-05 01:52:31.996677+00:00
18619,53785,3579,1,2026-05-05 01:52:31.996677+00:00
18620,53793,3450,1,2026-05-05 01:52:31.996677+00:00
18621,53829,2985,0,2026-05-05 01:52:31.996677+00:00
18622,53840,3367,0,2026-05-05 01:52:31.996677+00:00
18623,53840,3271,0,2026-05-05 01:52:31.996677+00:00
18624,53840,3669,0,2026-05-05 01:52:31.996677+00:00
18625,53841,5609,0,2026-05-05 01:52:31.996677+00:00
18626,53841,5717,0,2026-05-05 01:52:31.996677+00:00
18627,53856,5596,0,2026-05-05 01:52:31.996677+00:00
18628,53857,5596,1,2026-05-05 01:52:31.996677+00:00
18629,53858,5718,0,2026-05-05 01:52:31.996677+00:00
18630,53858,5596,0,2026-05-05 01:52:31.996677+00:00
18631,53867,5595,0,2026-05-05 01:52:31.996677+00:00
18632,53874,5644,0,2026-05-05 01:52:31.996677+00:00
18633,53874,5646,0,2026-05-05 01:52:31.996677+00:00
18634,53888,5595,1,2026-05-05 01:52:31.996677+00:00
18635,53888,5609,1,2026-05-05 01:52:31.996677+00:00
18636,53891,5607,-1,2026-05-05 01:52:31.996677+00:00
18637,53902,5604,1,2026-05-05 01:52:31.996677+00:00
18638,53908,5610,0,2026-05-05 01:52:31.996677+00:00
18639,53910,5592,0,2026-05-05 01:52:31.996677+00:00
18640,53910,5644,0,2026-05-05 01:52:31.996677+00:00
18641,53910,5646,0,2026-05-05 01:52:31.996677+00:00
18642,53910,5597,0,2026-05-05 01:52:31.996677+00:00
18643,53937,5593,0,2026-05-05 01:52:31.996677+00:00
18644,53943,5644,0,2026-05-05 01:52:31.996677+00:00
18645,53943,5646,0,2026-05-05 01:52:31.996677+00:00
18646,53944,3367,0,2026-05-05 01:52:31.996677+00:00
18647,53949,5596,1,2026-05-05 01:52:31.996677+00:00
18648,53951,5596,0,2026-05-05 01:52:31.996677+00:00
18649,53955,5596,0,2026-05-05 01:52:31.996677+00:00
18650,53958,5596,0,2026-05-05 01:52:31.996677+00:00
18651,53962,5593,0,2026-05-05 01:52:31.996677+00:00
18652,53967,5595,0,2026-05-05 01:52:31.996677+00:00
18653,53968,3367,0,2026-05-05 01:52:31.996677+00:00
18654,53968,5610,0,2026-05-05 01:52:31.996677+00:00
18655,53978,3719,0,2026-05-05 01:52:31.996677+00:00
18656,53984,5715,0,2026-05-05 01:52:31.996677+00:00
18657,53996,3719,1,2026-05-05 01:52:31.996677+00:00
18658,53996,3731,1,2026-05-05 01:52:31.996677+00:00
18659,53997,5614,0,2026-05-05 01:52:31.996677+00:00
18660,53997,5717,0,2026-05-05 01:52:31.996677+00:00
18661,54006,5717,0,2026-05-05 01:52:31.996677+00:00
18662,54009,5717,0,2026-05-05 01:52:31.996677+00:00
18663,54010,5717,0,2026-05-05 01:52:31.996677+00:00
18664,54011,5717,0,2026-05-05 01:52:31.996677+00:00
18665,54016,5717,0,2026-05-05 01:52:31.996677+00:00
18666,54019,5717,0,2026-05-05 01:52:31.996677+00:00
18667,54020,5718,-1,2026-05-05 01:52:31.996677+00:00
18668,54022,5715,0,2026-05-05 01:52:31.996677+00:00
18669,54023,5596,0,2026-05-05 01:52:31.996677+00:00
18670,54024,5596,0,2026-05-05 01:52:31.996677+00:00
18671,54042,5593,0,2026-05-05 01:52:31.996677+00:00
18672,54043,5716,0,2026-05-05 01:52:31.996677+00:00
18673,54046,5644,1,2026-05-05 01:52:31.996677+00:00
18674,54046,5646,1,2026-05-05 01:52:31.996677+00:00
18675,54047,3367,1,2026-05-05 01:52:31.996677+00:00
18676,54057,5714,0,2026-05-05 01:52:31.996677+00:00
18677,54059,5714,0,2026-05-05 01:52:31.996677+00:00
18678,54083,5591,1,2026-05-05 01:52:31.996677+00:00
18679,54085,5718,0,2026-05-05 01:52:31.996677+00:00
18680,54112,5642,0,2026-05-05 01:52:31.996677+00:00
18681,54143,5596,0,2026-05-05 01:52:31.996677+00:00
18682,54149,3579,1,2026-05-05 01:52:31.996677+00:00
18683,54149,3669,1,2026-05-05 01:52:31.996677+00:00
18684,54151,5596,0,2026-05-05 01:52:31.996677+00:00
18685,54153,3367,-1,2026-05-05 01:52:31.996677+00:00
18686,54156,5596,1,2026-05-05 01:52:31.996677+00:00
18687,54162,3710,-1,2026-05-05 01:52:31.996677+00:00
18688,54193,5717,0,2026-05-05 01:52:31.996677+00:00
18689,54201,5596,0,2026-05-05 01:52:31.996677+00:00
18690,54206,5596,0,2026-05-05 01:52:31.996677+00:00
18691,54209,3209,0,2026-05-05 01:52:31.996677+00:00
18692,54213,3710,0,2026-05-05 01:52:31.996677+00:00
18693,54214,5596,0,2026-05-05 01:52:31.996677+00:00
18694,54218,5596,0,2026-05-05 01:52:31.996677+00:00
18695,54242,5596,0,2026-05-05 01:52:31.996677+00:00
18696,54250,5595,0,2026-05-05 01:52:31.996677+00:00
18697,54260,5596,0,2026-05-05 01:52:31.996677+00:00
18698,54261,5596,1,2026-05-05 01:52:31.996677+00:00
18699,54262,5596,0,2026-05-05 01:52:31.996677+00:00
18700,54279,5596,0,2026-05-05 01:52:31.996677+00:00
18701,54286,5608,0,2026-05-05 01:52:31.996677+00:00
18702,54290,5718,1,2026-05-05 01:52:31.996677+00:00
18703,54312,5595,0,2026-05-05 01:52:31.996677+00:00
18704,54313,5595,0,2026-05-05 01:52:31.996677+00:00
18705,54316,5596,0,2026-05-05 01:52:31.996677+00:00
18706,54317,5595,0,2026-05-05 01:52:31.996677+00:00
18707,54324,5595,0,2026-05-05 01:52:31.996677+00:00
18708,54373,3669,0,2026-05-05 01:52:31.996677+00:00
18709,54379,5597,0,2026-05-05 01:52:31.996677+00:00
18710,54387,5648,1,2026-05-05 01:52:31.996677+00:00
18711,54391,5596,-1,2026-05-05 01:52:31.996677+00:00
18712,54396,3326,-1,2026-05-05 01:52:31.996677+00:00
18713,54412,5716,0,2026-05-05 01:52:31.996677+00:00
18714,54455,3710,0,2026-05-05 01:52:31.996677+00:00
18715,54477,5596,0,2026-05-05 01:52:31.996677+00:00
18716,54480,5614,0,2026-05-05 01:52:31.996677+00:00
18717,54481,5591,0,2026-05-05 01:52:31.996677+00:00
18718,54481,5597,0,2026-05-05 01:52:31.996677+00:00
18719,54489,5595,0,2026-05-05 01:52:31.996677+00:00
18720,54495,5595,0,2026-05-05 01:52:31.996677+00:00
18721,54510,5716,0,2026-05-05 01:52:31.996677+00:00
18722,54524,3367,0,2026-05-05 01:52:31.996677+00:00
18723,54547,5608,0,2026-05-05 01:52:31.996677+00:00
18724,54560,5608,1,2026-05-05 01:52:31.996677+00:00
18725,54568,5610,0,2026-05-05 01:52:31.996677+00:00
18726,54571,5610,0,2026-05-05 01:52:31.996677+00:00
18727,54639,3367,0,2026-05-05 01:52:31.996677+00:00
18728,54639,3710,0,2026-05-05 01:52:31.996677+00:00
18729,54647,5593,0,2026-05-05 01:52:31.996677+00:00
18730,54658,3367,1,2026-05-05 01:52:31.996677+00:00
18731,54664,5717,0,2026-05-05 01:52:31.996677+00:00
18732,54667,5595,0,2026-05-05 01:52:31.996677+00:00
18733,72192,3367,0,2026-05-05 01:52:31.996677+00:00
18734,72192,5607,0,2026-05-05 01:52:31.996677+00:00
18735,72192,3710,0,2026-05-05 01:52:31.996677+00:00
18736,72193,5607,0,2026-05-05 01:52:31.996677+00:00
18737,72390,3710,0,2026-05-05 01:52:31.996677+00:00
18738,73354,3209,0,2026-05-05 01:52:31.996677+00:00
18739,73711,3367,0,2026-05-05 01:52:31.996677+00:00
18740,73712,3068,-1,2026-05-05 01:52:31.996677+00:00
18741,73889,3367,0,2026-05-05 01:52:31.996677+00:00
18742,73890,3710,-1,2026-05-05 01:52:31.996677+00:00
18743,74278,3367,0,2026-05-05 01:52:31.996677+00:00
18744,74279,3367,0,2026-05-05 01:52:31.996677+00:00
18745,74668,3609,0,2026-05-05 01:52:31.996677+00:00
18746,75024,3710,1,2026-05-05 01:52:31.996677+00:00
18747,75414,5608,0,2026-05-05 01:52:31.996677+00:00
18748,75622,5593,0,2026-05-05 01:52:31.996677+00:00
18749,76010,5719,0,2026-05-05 01:52:31.996677+00:00
18750,76010,5591,0,2026-05-05 01:52:31.996677+00:00
18751,76187,5715,0,2026-05-05 01:52:31.996677+00:00
18752,76188,3669,0,2026-05-05 01:52:31.996677+00:00
18753,76753,3367,1,2026-05-05 01:52:31.996677+00:00
18754,76753,3710,1,2026-05-05 01:52:31.996677+00:00
18755,76963,5592,1,2026-05-05 01:52:31.996677+00:00
18756,77344,3710,0,2026-05-05 01:52:31.996677+00:00
18757,77710,5717,0,2026-05-05 01:52:31.996677+00:00
18758,78090,5607,0,2026-05-05 01:52:31.996677+00:00
18759,78455,3710,-1,2026-05-05 01:52:31.996677+00:00
18760,78647,3710,0,2026-05-05 01:52:31.996677+00:00
18761,78647,3367,0,2026-05-05 01:52:31.996677+00:00
18762,78666,3710,0,2026-05-05 01:52:31.996677+00:00
18763,78843,3209,0,2026-05-05 01:52:31.996677+00:00
18764,79021,3367,0,2026-05-05 01:52:31.996677+00:00
18765,79021,3710,0,2026-05-05 01:52:31.996677+00:00
18766,79023,3710,-1,2026-05-05 01:52:31.996677+00:00
18767,79200,5715,0,2026-05-05 01:52:31.996677+00:00
18768,79201,5595,1,2026-05-05 01:52:31.996677+00:00
18769,79411,5717,0,2026-05-05 01:52:31.996677+00:00
18770,79585,3710,0,2026-05-05 01:52:31.996677+00:00
18771,79585,3367,0,2026-05-05 01:52:31.996677+00:00
18772,79586,3710,0,2026-05-05 01:52:31.996677+00:00
18773,79586,3367,0,2026-05-05 01:52:31.996677+00:00
18774,80212,3367,0,2026-05-05 01:52:31.996677+00:00
18775,80421,5717,0,2026-05-05 01:52:31.996677+00:00
18776,80423,3710,-1,2026-05-05 01:52:31.996677+00:00
18777,80602,3367,1,2026-05-05 01:52:31.996677+00:00
18778,80602,3710,1,2026-05-05 01:52:31.996677+00:00
18779,80779,3710,0,2026-05-05 01:52:31.996677+00:00
18780,80780,3367,0,2026-05-05 01:52:31.996677+00:00
18781,80991,3710,0,2026-05-05 01:52:31.996677+00:00
18782,80991,3367,0,2026-05-05 01:52:31.996677+00:00
18783,86171,5594,1,2026-05-05 01:52:31.996677+00:00
18784,86320,3367,0,2026-05-05 01:52:31.996677+00:00
18785,86320,3710,0,2026-05-05 01:52:31.996677+00:00
18786,86494,5717,0,2026-05-05 01:52:31.996677+00:00
18787,86932,5610,0,2026-05-05 01:52:31.996677+00:00
18788,86932,3016,0,2026-05-05 01:52:31.996677+00:00
18789,87167,3710,0,2026-05-05 01:52:31.996677+00:00
18790,87167,5596,0,2026-05-05 01:52:31.996677+00:00
18791,87517,5596,0,2026-05-05 01:52:31.996677+00:00
18792,87546,3367,-1,2026-05-05 01:52:31.996677+00:00
18793,87634,5596,0,2026-05-05 01:52:31.996677+00:00
18794,87863,5595,0,2026-05-05 01:52:31.996677+00:00
18795,88443,5596,0,2026-05-05 01:52:31.996677+00:00
18796,88593,5718,0,2026-05-05 01:52:31.996677+00:00
18797,88593,5596,0,2026-05-05 01:52:31.996677+00:00
18798,88897,3710,-1,2026-05-05 01:52:31.996677+00:00
18799,89126,5596,-1,2026-05-05 01:52:31.996677+00:00
18800,89216,5591,0,2026-05-05 01:52:31.996677+00:00
18801,89216,5597,0,2026-05-05 01:52:31.996677+00:00
18802,89393,3367,1,2026-05-05 01:52:31.996677+00:00
18803,89434,3367,0,2026-05-05 01:52:31.996677+00:00
18804,89438,3710,0,2026-05-05 01:52:31.996677+00:00
18805,89441,3719,0,2026-05-05 01:52:31.996677+00:00
18806,89464,5607,0,2026-05-05 01:52:31.996677+00:00
18807,89464,3710,0,2026-05-05 01:52:31.996677+00:00
18808,89464,3367,0,2026-05-05 01:52:31.996677+00:00
18809,89465,5607,0,2026-05-05 01:52:31.996677+00:00
18810,89468,3719,0,2026-05-05 01:52:31.996677+00:00
18811,89472,5607,0,2026-05-05 01:52:31.996677+00:00
18812,89473,5717,0,2026-05-05 01:52:31.996677+00:00
18813,89494,3710,0,2026-05-05 01:52:31.996677+00:00
18814,89494,3367,0,2026-05-05 01:52:31.996677+00:00
18815,89497,3367,0,2026-05-05 01:52:31.996677+00:00
18816,89524,5717,0,2026-05-05 01:52:31.996677+00:00
18817,89524,5714,0,2026-05-05 01:52:31.996677+00:00
18818,89529,3367,0,2026-05-05 01:52:31.996677+00:00
18819,89531,5713,0,2026-05-05 01:52:31.996677+00:00
18820,89532,3367,0,2026-05-05 01:52:31.996677+00:00
18821,89552,5717,-1,2026-05-05 01:52:31.996677+00:00
18822,89554,3710,0,2026-05-05 01:52:31.996677+00:00
18823,89554,3367,0,2026-05-05 01:52:31.996677+00:00
18824,89585,3710,0,2026-05-05 01:52:31.996677+00:00
18825,89585,3367,0,2026-05-05 01:52:31.996677+00:00
18826,89593,3367,1,2026-05-05 01:52:31.996677+00:00
18827,89593,3710,1,2026-05-05 01:52:31.996677+00:00
18828,89614,3367,0,2026-05-05 01:52:31.996677+00:00
18829,89617,3710,0,2026-05-05 01:52:31.996677+00:00
18830,89619,3710,0,2026-05-05 01:52:31.996677+00:00
18831,89619,3367,0,2026-05-05 01:52:31.996677+00:00
18832,89620,5719,0,2026-05-05 01:52:31.996677+00:00
18833,89622,5717,0,2026-05-05 01:52:31.996677+00:00
18834,89622,3367,0,2026-05-05 01:52:31.996677+00:00
18835,89647,3710,-1,2026-05-05 01:52:31.996677+00:00
18836,89672,3710,0,2026-05-05 01:52:31.996677+00:00
18837,89676,3367,0,2026-05-05 01:52:31.996677+00:00
18838,89677,3367,0,2026-05-05 01:52:31.996677+00:00
18839,89680,3710,0,2026-05-05 01:52:31.996677+00:00
18840,89682,3209,-1,2026-05-05 01:52:31.996677+00:00
18841,89704,3367,0,2026-05-05 01:52:31.996677+00:00
18842,89706,3719,1,2026-05-05 01:52:31.996677+00:00
18843,89708,3367,0,2026-05-05 01:52:31.996677+00:00
18844,89709,3209,0,2026-05-05 01:52:31.996677+00:00
18845,89709,3068,0,2026-05-05 01:52:31.996677+00:00
18846,89710,3367,0,2026-05-05 01:52:31.996677+00:00
18847,89711,3209,0,2026-05-05 01:52:31.996677+00:00
18848,89712,3710,-1,2026-05-05 01:52:31.996677+00:00
18849,89713,3367,0,2026-05-05 01:52:31.996677+00:00
18850,89713,3710,0,2026-05-05 01:52:31.996677+00:00
18851,89732,3367,1,2026-05-05 01:52:31.996677+00:00
18852,89735,5717,0,2026-05-05 01:52:31.996677+00:00
18853,89739,3710,0,2026-05-05 01:52:31.996677+00:00
18854,89739,3367,0,2026-05-05 01:52:31.996677+00:00
18855,89740,3367,-1,2026-05-05 01:52:31.996677+00:00
18856,89741,5607,0,2026-05-05 01:52:31.996677+00:00
18857,89742,3367,0,2026-05-05 01:52:31.996677+00:00
18858,89743,3367,0,2026-05-05 01:52:31.996677+00:00
18859,89762,3367,-1,2026-05-05 01:52:31.996677+00:00
18860,89763,3710,1,2026-05-05 01:52:31.996677+00:00
18861,89764,3367,0,2026-05-05 01:52:31.996677+00:00
18862,89765,3209,0,2026-05-05 01:52:31.996677+00:00
18863,89766,3367,0,2026-05-05 01:52:31.996677+00:00
18864,89767,3367,0,2026-05-05 01:52:31.996677+00:00
18865,89770,5715,0,2026-05-05 01:52:31.996677+00:00
18866,89773,3367,0,2026-05-05 01:52:31.996677+00:00
18867,89792,3367,0,2026-05-05 01:52:31.996677+00:00
18868,89793,3367,0,2026-05-05 01:52:31.996677+00:00
18869,89794,5717,0,2026-05-05 01:52:31.996677+00:00
18870,89795,3367,0,2026-05-05 01:52:31.996677+00:00
18871,89796,3367,0,2026-05-05 01:52:31.996677+00:00
18872,89797,3367,0,2026-05-05 01:52:31.996677+00:00
18873,89798,3710,0,2026-05-05 01:52:31.996677+00:00
18874,89798,3367,0,2026-05-05 01:52:31.996677+00:00
18875,89801,3367,0,2026-05-05 01:52:31.996677+00:00
18876,89824,3367,0,2026-05-05 01:52:31.996677+00:00
18877,89825,3367,1,2026-05-05 01:52:31.996677+00:00
18878,89825,5717,1,2026-05-05 01:52:31.996677+00:00
18879,89828,3710,-1,2026-05-05 01:52:31.996677+00:00
18880,89831,3367,1,2026-05-05 01:52:31.996677+00:00
18881,89831,3710,1,2026-05-05 01:52:31.996677+00:00
18882,89855,3367,1,2026-05-05 01:52:31.996677+00:00
18883,89855,3710,1,2026-05-05 01:52:31.996677+00:00
18884,89856,3710,0,2026-05-05 01:52:31.996677+00:00
18885,89858,3550,1,2026-05-05 01:52:31.996677+00:00
18886,89859,3550,0,2026-05-05 01:52:31.996677+00:00
18887,89860,3367,1,2026-05-05 01:52:31.996677+00:00
18888,89861,5717,-1,2026-05-05 01:52:31.996677+00:00
18889,89862,3550,1,2026-05-05 01:52:31.996677+00:00
18890,89863,3367,0,2026-05-05 01:52:31.996677+00:00
18891,89882,3710,-1,2026-05-05 01:52:31.996677+00:00
18892,89882,3367,-1,2026-05-05 01:52:31.996677+00:00
18893,89885,3710,0,2026-05-05 01:52:31.996677+00:00
18894,89915,3710,0,2026-05-05 01:52:31.996677+00:00
18895,89915,3367,0,2026-05-05 01:52:31.996677+00:00
18896,89916,3710,0,2026-05-05 01:52:31.996677+00:00
18897,89916,3367,0,2026-05-05 01:52:31.996677+00:00
18898,89917,5643,0,2026-05-05 01:52:31.996677+00:00
18899,89944,3710,0,2026-05-05 01:52:31.996677+00:00
18900,89976,5717,1,2026-05-05 01:52:31.996677+00:00
18901,89978,3710,0,2026-05-05 01:52:31.996677+00:00
18902,89978,3367,0,2026-05-05 01:52:31.996677+00:00
18903,89978,5607,0,2026-05-05 01:52:31.996677+00:00
18904,89978,5719,0,2026-05-05 01:52:31.996677+00:00
18905,89981,5596,1,2026-05-05 01:52:31.996677+00:00
18906,90002,5607,1,2026-05-05 01:52:31.996677+00:00
18907,90003,5591,1,2026-05-05 01:52:31.996677+00:00
18908,90007,5719,0,2026-05-05 01:52:31.996677+00:00
18909,90012,5594,0,2026-05-05 01:52:31.996677+00:00
18910,90032,3710,0,2026-05-05 01:52:31.996677+00:00
18911,90032,3367,0,2026-05-05 01:52:31.996677+00:00
18912,90033,5595,0,2026-05-05 01:52:31.996677+00:00
18913,90033,5593,0,2026-05-05 01:52:31.996677+00:00
18914,90035,5593,1,2026-05-05 01:52:31.996677+00:00
18915,90038,3710,0,2026-05-05 01:52:31.996677+00:00
18916,90038,3367,0,2026-05-05 01:52:31.996677+00:00
18917,90039,5591,0,2026-05-05 01:52:31.996677+00:00
18918,90040,5717,0,2026-05-05 01:52:31.996677+00:00
18919,90041,5717,0,2026-05-05 01:52:31.996677+00:00
18920,90065,3550,0,2026-05-05 01:52:31.996677+00:00
18921,90066,5592,0,2026-05-05 01:52:31.996677+00:00
18922,90069,5593,1,2026-05-05 01:52:31.996677+00:00
18923,90095,3710,0,2026-05-05 01:52:31.996677+00:00
18924,90097,3710,-1,2026-05-05 01:52:31.996677+00:00
18925,90100,5593,1,2026-05-05 01:52:31.996677+00:00
18926,90122,3710,0,2026-05-05 01:52:31.996677+00:00
18927,90122,3367,0,2026-05-05 01:52:31.996677+00:00
18928,90130,3550,0,2026-05-05 01:52:31.996677+00:00
18929,90131,3367,0,2026-05-05 01:52:31.996677+00:00
18930,90152,3367,0,2026-05-05 01:52:31.996677+00:00
18931,90155,3209,1,2026-05-05 01:52:31.996677+00:00
18932,90156,3710,0,2026-05-05 01:52:31.996677+00:00
18933,90160,5717,0,2026-05-05 01:52:31.996677+00:00
18934,90161,5608,0,2026-05-05 01:52:31.996677+00:00
18935,90183,3367,1,2026-05-05 01:52:31.996677+00:00
18936,90187,5715,0,2026-05-05 01:52:31.996677+00:00
18937,90188,5717,-1,2026-05-05 01:52:31.996677+00:00
18938,90192,5717,0,2026-05-05 01:52:31.996677+00:00
18939,90192,3710,0,2026-05-05 01:52:31.996677+00:00
18940,90212,5717,1,2026-05-05 01:52:31.996677+00:00
18941,90218,5717,0,2026-05-05 01:52:31.996677+00:00
18942,90221,3710,0,2026-05-05 01:52:31.996677+00:00
18943,90244,5608,0,2026-05-05 01:52:31.996677+00:00
18944,90245,5717,0,2026-05-05 01:52:31.996677+00:00
18945,90247,5717,0,2026-05-05 01:52:31.996677+00:00
18946,90250,5608,0,2026-05-05 01:52:31.996677+00:00
18947,90272,3367,0,2026-05-05 01:52:31.996677+00:00
18948,90274,5607,1,2026-05-05 01:52:31.996677+00:00
18949,90276,3710,1,2026-05-05 01:52:31.996677+00:00
18950,90277,5717,1,2026-05-05 01:52:31.996677+00:00
18951,90303,3710,-1,2026-05-05 01:52:31.996677+00:00
18952,90305,3710,0,2026-05-05 01:52:31.996677+00:00
18953,90333,3710,-1,2026-05-05 01:52:31.996677+00:00
18954,90334,3710,1,2026-05-05 01:52:31.996677+00:00
18955,90335,3710,1,2026-05-05 01:52:31.996677+00:00
18956,90337,3710,0,2026-05-05 01:52:31.996677+00:00
18957,90338,3710,1,2026-05-05 01:52:31.996677+00:00
18958,90338,3367,1,2026-05-05 01:52:31.996677+00:00
18959,90339,3710,0,2026-05-05 01:52:31.996677+00:00
18960,90340,3710,0,2026-05-05 01:52:31.996677+00:00
18961,90342,3710,0,2026-05-05 01:52:31.996677+00:00
18962,90363,3710,0,2026-05-05 01:52:31.996677+00:00
18963,90366,5717,0,2026-05-05 01:52:31.996677+00:00
18964,90370,3367,0,2026-05-05 01:52:31.996677+00:00
18965,90371,5717,-1,2026-05-05 01:52:31.996677+00:00
18966,90393,3710,0,2026-05-05 01:52:31.996677+00:00
18967,90394,3710,0,2026-05-05 01:52:31.996677+00:00
18968,90399,3710,0,2026-05-05 01:52:31.996677+00:00
18969,90399,3367,0,2026-05-05 01:52:31.996677+00:00
18970,90401,5717,0,2026-05-05 01:52:31.996677+00:00
18971,90402,3710,0,2026-05-05 01:52:31.996677+00:00
18972,90402,3367,0,2026-05-05 01:52:31.996677+00:00
18973,90424,5717,0,2026-05-05 01:52:31.996677+00:00
18974,90453,3710,0,2026-05-05 01:52:31.996677+00:00
18975,90455,5717,0,2026-05-05 01:52:31.996677+00:00
18976,90457,5646,0,2026-05-05 01:52:31.996677+00:00
18977,90458,3710,0,2026-05-05 01:52:31.996677+00:00
18978,90488,3710,0,2026-05-05 01:52:31.996677+00:00
18979,90490,3367,0,2026-05-05 01:52:31.996677+00:00
18980,90512,3710,-1,2026-05-05 01:52:31.996677+00:00
18981,90514,3608,0,2026-05-05 01:52:31.996677+00:00
18982,90516,3367,0,2026-05-05 01:52:31.996677+00:00
18983,90518,3710,0,2026-05-05 01:52:31.996677+00:00
18984,90521,3608,-1,2026-05-05 01:52:31.996677+00:00
18985,90548,5608,1,2026-05-05 01:52:31.996677+00:00
18986,90551,3719,-1,2026-05-05 01:52:31.996677+00:00
18987,90551,3710,-1,2026-05-05 01:52:31.996677+00:00
18988,90572,5715,0,2026-05-05 01:52:31.996677+00:00
18989,90573,3550,0,2026-05-05 01:52:31.996677+00:00
18990,90574,3367,1,2026-05-05 01:52:31.996677+00:00
18991,90575,3710,-1,2026-05-05 01:52:31.996677+00:00
18992,90576,3710,1,2026-05-05 01:52:31.996677+00:00
18993,90577,3710,0,2026-05-05 01:52:31.996677+00:00
18994,90578,3608,0,2026-05-05 01:52:31.996677+00:00
18995,90579,3710,0,2026-05-05 01:52:31.996677+00:00
18996,90581,3316,1,2026-05-05 01:52:31.996677+00:00
18997,90604,5595,0,2026-05-05 01:52:31.996677+00:00
18998,90605,5607,0,2026-05-05 01:52:31.996677+00:00
18999,90605,5719,0,2026-05-05 01:52:31.996677+00:00
19000,90607,3367,0,2026-05-05 01:52:31.996677+00:00
19001,90607,3710,0,2026-05-05 01:52:31.996677+00:00
19002,90608,5607,1,2026-05-05 01:52:31.996677+00:00
19003,90635,3710,0,2026-05-05 01:52:31.996677+00:00
19004,90635,3367,0,2026-05-05 01:52:31.996677+00:00
19005,90636,3710,0,2026-05-05 01:52:31.996677+00:00
19006,90636,3367,0,2026-05-05 01:52:31.996677+00:00
19007,90637,5715,0,2026-05-05 01:52:31.996677+00:00
19008,90639,5715,0,2026-05-05 01:52:31.996677+00:00
19009,90640,5646,0,2026-05-05 01:52:31.996677+00:00
19010,90662,3710,0,2026-05-05 01:52:31.996677+00:00
19011,90665,3367,1,2026-05-05 01:52:31.996677+00:00
19012,90668,3710,0,2026-05-05 01:52:31.996677+00:00
19013,90668,3367,0,2026-05-05 01:52:31.996677+00:00
19014,90695,3367,0,2026-05-05 01:52:31.996677+00:00
19015,90696,5717,0,2026-05-05 01:52:31.996677+00:00
19016,90699,3710,0,2026-05-05 01:52:31.996677+00:00
19017,90699,3367,0,2026-05-05 01:52:31.996677+00:00
19018,90723,3367,0,2026-05-05 01:52:31.996677+00:00
19019,90723,3209,0,2026-05-05 01:52:31.996677+00:00
19020,90726,3710,0,2026-05-05 01:52:31.996677+00:00
19021,90727,3710,1,2026-05-05 01:52:31.996677+00:00
19022,90728,3710,-1,2026-05-05 01:52:31.996677+00:00
19023,90729,3710,1,2026-05-05 01:52:31.996677+00:00
19024,90729,3367,1,2026-05-05 01:52:31.996677+00:00
19025,90730,5717,0,2026-05-05 01:52:31.996677+00:00
19026,90731,3367,1,2026-05-05 01:52:31.996677+00:00
19027,90752,3367,1,2026-05-05 01:52:31.996677+00:00
19028,90753,3710,0,2026-05-05 01:52:31.996677+00:00
19029,90755,3367,0,2026-05-05 01:52:31.996677+00:00
19030,90761,3710,1,2026-05-05 01:52:31.996677+00:00
19031,90761,3367,1,2026-05-05 01:52:31.996677+00:00
19032,90782,3608,-1,2026-05-05 01:52:31.996677+00:00
19033,90784,3710,0,2026-05-05 01:52:31.996677+00:00
19034,90812,3710,0,2026-05-05 01:52:31.996677+00:00
19035,90813,3710,0,2026-05-05 01:52:31.996677+00:00
19036,90820,3710,-1,2026-05-05 01:52:31.996677+00:00
19037,90821,3710,0,2026-05-05 01:52:31.996677+00:00
19038,90851,3710,1,2026-05-05 01:52:31.996677+00:00
19039,90881,3710,0,2026-05-05 01:52:31.996677+00:00
19040,32798,5302,0,2026-05-05 04:45:00.005068+00:00
19041,32810,3425,0,2026-05-05 04:45:00.005068+00:00
19042,32838,3051,0,2026-05-05 04:45:00.005068+00:00
19043,32871,3554,0,2026-05-05 04:45:00.005068+00:00
19044,32916,3126,0,2026-05-05 04:45:00.005068+00:00
19045,32932,5601,0,2026-05-05 04:45:00.005068+00:00
19046,32949,5626,0,2026-05-05 04:45:00.005068+00:00
19047,32953,3019,0,2026-05-05 04:45:00.005068+00:00
19048,32957,5624,0,2026-05-05 04:45:00.005068+00:00
19049,32972,4394,0,2026-05-05 04:45:00.005068+00:00
19050,33038,3126,1,2026-05-05 04:45:00.005068+00:00
19051,33040,3758,1,2026-05-05 04:45:00.005068+00:00
19052,33060,3554,1,2026-05-05 04:45:00.005068+00:00
19053,33062,4116,0,2026-05-05 04:45:00.005068+00:00
19054,33063,4044,1,2026-05-05 04:45:00.005068+00:00
19055,33086,5612,0,2026-05-05 04:45:00.005068+00:00
19056,33102,3758,-1,2026-05-05 04:45:00.005068+00:00
19057,33143,3870,0,2026-05-05 04:45:00.005068+00:00
19058,33146,2962,0,2026-05-05 04:45:00.005068+00:00
19059,33161,3758,0,2026-05-05 04:45:00.005068+00:00
19060,33173,3051,0,2026-05-05 04:45:00.005068+00:00
19061,33184,4225,0,2026-05-05 04:45:00.005068+00:00
19062,33193,3126,0,2026-05-05 04:45:00.005068+00:00
19063,33222,3772,1,2026-05-05 04:45:00.005068+00:00
19064,33237,3758,1,2026-05-05 04:45:00.005068+00:00
19065,33242,3251,0,2026-05-05 04:45:00.005068+00:00
19066,33249,3126,0,2026-05-05 04:45:00.005068+00:00
19067,33264,5619,0,2026-05-05 04:45:00.005068+00:00
19068,33302,4679,0,2026-05-05 04:45:00.005068+00:00
19069,33386,2956,0,2026-05-05 04:45:00.005068+00:00
19070,33397,3963,0,2026-05-05 04:45:00.005068+00:00
19071,33414,4120,0,2026-05-05 04:45:00.005068+00:00
19072,33419,3416,0,2026-05-05 04:45:00.005068+00:00
19073,33471,5265,0,2026-05-05 04:45:00.005068+00:00
19074,33479,5612,0,2026-05-05 04:45:00.005068+00:00
19075,33490,5615,0,2026-05-05 04:45:00.005068+00:00
19076,33503,4394,0,2026-05-05 04:45:00.005068+00:00
19077,33522,5634,0,2026-05-05 04:45:00.005068+00:00
19078,33524,3581,0,2026-05-05 04:45:00.005068+00:00
19079,33536,5265,0,2026-05-05 04:45:00.005068+00:00
19080,33537,5612,0,2026-05-05 04:45:00.005068+00:00
19081,33539,5612,0,2026-05-05 04:45:00.005068+00:00
19082,33540,5350,0,2026-05-05 04:45:00.005068+00:00
19083,33546,3438,0,2026-05-05 04:45:00.005068+00:00
19084,33548,4530,0,2026-05-05 04:45:00.005068+00:00
19085,33554,3051,0,2026-05-05 04:45:00.005068+00:00
19086,33556,3051,0,2026-05-05 04:45:00.005068+00:00
19087,33561,13959,0,2026-05-05 04:45:00.005068+00:00
19088,33571,5265,0,2026-05-05 04:45:00.005068+00:00
19089,33590,5291,0,2026-05-05 04:45:00.005068+00:00
19090,33591,4770,0,2026-05-05 04:45:00.005068+00:00
19091,33593,4770,1,2026-05-05 04:45:00.005068+00:00
19092,33639,3798,1,2026-05-05 04:45:00.005068+00:00
19093,33645,10264,1,2026-05-05 04:45:00.005068+00:00
19094,33662,5265,0,2026-05-05 04:45:00.005068+00:00
19095,33663,4530,1,2026-05-05 04:45:00.005068+00:00
19096,33668,3051,0,2026-05-05 04:45:00.005068+00:00
19097,33673,5034,0,2026-05-05 04:45:00.005068+00:00
19098,33690,3051,1,2026-05-05 04:45:00.005068+00:00
19099,33691,3051,0,2026-05-05 04:45:00.005068+00:00
19100,33707,3587,0,2026-05-05 04:45:00.005068+00:00
19101,33708,3327,0,2026-05-05 04:45:00.005068+00:00
19102,33747,3581,0,2026-05-05 04:45:00.005068+00:00
19103,33798,5631,0,2026-05-05 04:45:00.005068+00:00
19104,33814,3177,1,2026-05-05 04:45:00.005068+00:00
19105,33855,3319,0,2026-05-05 04:45:00.005068+00:00
19106,33855,3526,0,2026-05-05 04:45:00.005068+00:00
19107,33858,4530,0,2026-05-05 04:45:00.005068+00:00
19108,33886,3646,0,2026-05-05 04:45:00.005068+00:00
19109,33893,5647,1,2026-05-05 04:45:00.005068+00:00
19110,33897,5647,0,2026-05-05 04:45:00.005068+00:00
19111,33900,5647,0,2026-05-05 04:45:00.005068+00:00
19112,33931,3051,1,2026-05-05 04:45:00.005068+00:00
19113,33939,5119,0,2026-05-05 04:45:00.005068+00:00
19114,33955,5119,0,2026-05-05 04:45:00.005068+00:00
19115,33965,4795,0,2026-05-05 04:45:00.005068+00:00
19116,33973,3292,0,2026-05-05 04:45:00.005068+00:00
19117,33984,5039,1,2026-05-05 04:45:00.005068+00:00
19118,33990,5350,0,2026-05-05 04:45:00.005068+00:00
19119,33990,3763,0,2026-05-05 04:45:00.005068+00:00
19120,34011,4530,0,2026-05-05 04:45:00.005068+00:00
19121,34013,5331,0,2026-05-05 04:45:00.005068+00:00
19122,34015,3160,0,2026-05-05 04:45:00.005068+00:00
19123,34016,3051,1,2026-05-05 04:45:00.005068+00:00
19124,34022,3383,0,2026-05-05 04:45:00.005068+00:00
19125,34061,8404,0,2026-05-05 04:45:00.005068+00:00
19126,34104,4530,0,2026-05-05 04:45:00.005068+00:00
19127,34120,4394,0,2026-05-05 04:45:00.005068+00:00
19128,34124,4394,0,2026-05-05 04:45:00.005068+00:00
19129,34125,5537,0,2026-05-05 04:45:00.005068+00:00
19130,34135,4394,0,2026-05-05 04:45:00.005068+00:00
19131,34143,3554,1,2026-05-05 04:45:00.005068+00:00
19132,34227,4394,1,2026-05-05 04:45:00.005068+00:00
19133,34235,5350,0,2026-05-05 04:45:00.005068+00:00
19134,34237,3051,1,2026-05-05 04:45:00.005068+00:00
19135,34253,3462,0,2026-05-05 04:45:00.005068+00:00
19136,34255,5350,0,2026-05-05 04:45:00.005068+00:00
19137,34289,3215,-1,2026-05-05 04:45:00.005068+00:00
19138,34368,3475,1,2026-05-05 04:45:00.005068+00:00
19139,34407,3291,0,2026-05-05 04:45:00.005068+00:00
19140,34441,3291,1,2026-05-05 04:45:00.005068+00:00
19141,34442,4423,0,2026-05-05 04:45:00.005068+00:00
19142,34451,3606,0,2026-05-05 04:45:00.005068+00:00
19143,34455,4530,0,2026-05-05 04:45:00.005068+00:00
19144,34457,5019,0,2026-05-05 04:45:00.005068+00:00
19145,34459,4079,1,2026-05-05 04:45:00.005068+00:00
19146,34460,5350,0,2026-05-05 04:45:00.005068+00:00
19147,34485,5350,-1,2026-05-05 04:45:00.005068+00:00
19148,34486,5350,0,2026-05-05 04:45:00.005068+00:00
19149,34498,10029,0,2026-05-05 04:45:00.005068+00:00
19150,34569,10264,0,2026-05-05 04:45:00.005068+00:00
19151,34570,4802,0,2026-05-05 04:45:00.005068+00:00
19152,34660,3750,1,2026-05-05 04:45:00.005068+00:00
19153,34664,4802,1,2026-05-05 04:45:00.005068+00:00
19154,34664,3750,1,2026-05-05 04:45:00.005068+00:00
19155,34669,3798,-1,2026-05-05 04:45:00.005068+00:00
19156,34672,3117,0,2026-05-05 04:45:00.005068+00:00
19157,34678,3327,0,2026-05-05 04:45:00.005068+00:00
19158,34679,4530,0,2026-05-05 04:45:00.005068+00:00
19159,34682,2988,-1,2026-05-05 04:45:00.005068+00:00
19160,34684,3798,0,2026-05-05 04:45:00.005068+00:00
19161,34692,4530,0,2026-05-05 04:45:00.005068+00:00
19162,34693,3327,0,2026-05-05 04:45:00.005068+00:00
19163,34710,3798,-1,2026-05-05 04:45:00.005068+00:00
19164,34713,5419,0,2026-05-05 04:45:00.005068+00:00
19165,34733,3798,0,2026-05-05 04:45:00.005068+00:00
19166,34751,3153,0,2026-05-05 04:45:00.005068+00:00
19167,34754,4529,0,2026-05-05 04:45:00.005068+00:00
19168,34761,5631,0,2026-05-05 04:45:00.005068+00:00
19169,34765,5350,1,2026-05-05 04:45:00.005068+00:00
19170,34773,3798,0,2026-05-05 04:45:00.005068+00:00
19171,34785,5631,1,2026-05-05 04:45:00.005068+00:00
19172,34786,3327,0,2026-05-05 04:45:00.005068+00:00
19173,34788,4013,0,2026-05-05 04:45:00.005068+00:00
19174,34796,3327,0,2026-05-05 04:45:00.005068+00:00
19175,34809,5350,0,2026-05-05 04:45:00.005068+00:00
19176,34813,2967,0,2026-05-05 04:45:00.005068+00:00
19177,34813,4148,0,2026-05-05 04:45:00.005068+00:00
19178,34813,3709,0,2026-05-05 04:45:00.005068+00:00
19179,34815,2967,0,2026-05-05 04:45:00.005068+00:00
19180,34839,13959,0,2026-05-05 04:45:00.005068+00:00
19181,34846,3798,1,2026-05-05 04:45:00.005068+00:00
19182,34853,5419,0,2026-05-05 04:45:00.005068+00:00
19183,34853,5488,0,2026-05-05 04:45:00.005068+00:00
19184,34856,3798,0,2026-05-05 04:45:00.005068+00:00
19185,34863,4675,1,2026-05-05 04:45:00.005068+00:00
19186,34866,3798,0,2026-05-05 04:45:00.005068+00:00
19187,34867,5281,0,2026-05-05 04:45:00.005068+00:00
19188,34867,4381,0,2026-05-05 04:45:00.005068+00:00
19189,34869,3798,0,2026-05-05 04:45:00.005068+00:00
19190,34873,3798,0,2026-05-05 04:45:00.005068+00:00
19191,34878,3798,0,2026-05-05 04:45:00.005068+00:00
19192,34880,4464,0,2026-05-05 04:45:00.005068+00:00
19193,34881,2967,0,2026-05-05 04:45:00.005068+00:00
19194,34884,3798,1,2026-05-05 04:45:00.005068+00:00
19195,34890,3798,0,2026-05-05 04:45:00.005068+00:00
19196,34912,3798,0,2026-05-05 04:45:00.005068+00:00
19197,34913,3798,0,2026-05-05 04:45:00.005068+00:00
19198,34914,3798,0,2026-05-05 04:45:00.005068+00:00
19199,34986,5532,0,2026-05-05 04:45:00.005068+00:00
19200,35033,12107,0,2026-05-05 04:45:00.005068+00:00
19201,35082,11719,0,2026-05-05 04:45:00.005068+00:00
19202,35143,5401,0,2026-05-05 04:45:00.005068+00:00
19203,35146,4530,0,2026-05-05 04:45:00.005068+00:00
19204,35152,3462,0,2026-05-05 04:45:00.005068+00:00
19205,35163,3798,0,2026-05-05 04:45:00.005068+00:00
19206,35195,4795,0,2026-05-05 04:45:00.005068+00:00
19207,35196,3051,1,2026-05-05 04:45:00.005068+00:00
19208,35200,4530,0,2026-05-05 04:45:00.005068+00:00
19209,35297,13959,0,2026-05-05 04:45:00.005068+00:00
19210,35339,4923,0,2026-05-05 04:45:00.005068+00:00
19211,35343,3380,0,2026-05-05 04:45:00.005068+00:00
19212,35357,3567,-1,2026-05-05 04:45:00.005068+00:00
19213,35378,4897,1,2026-05-05 04:45:00.005068+00:00
19214,35379,9401,0,2026-05-05 04:45:00.005068+00:00
19215,35388,3695,1,2026-05-05 04:45:00.005068+00:00
19216,35406,3380,0,2026-05-05 04:45:00.005068+00:00
19217,35417,5272,0,2026-05-05 04:45:00.005068+00:00
19218,35428,4105,0,2026-05-05 04:45:00.005068+00:00
19219,35443,3750,1,2026-05-05 04:45:00.005068+00:00
19220,35459,3985,0,2026-05-05 04:45:00.005068+00:00
19221,35474,3600,0,2026-05-05 04:45:00.005068+00:00
19222,35475,8743,0,2026-05-05 04:45:00.005068+00:00
19223,35484,3160,1,2026-05-05 04:45:00.005068+00:00
19224,35494,2956,1,2026-05-05 04:45:00.005068+00:00
19225,35503,3733,0,2026-05-05 04:45:00.005068+00:00
19226,35507,9401,0,2026-05-05 04:45:00.005068+00:00
19227,35516,3214,0,2026-05-05 04:45:00.005068+00:00
19228,35518,3327,0,2026-05-05 04:45:00.005068+00:00
19229,35525,10264,1,2026-05-05 04:45:00.005068+00:00
19230,35536,3327,-1,2026-05-05 04:45:00.005068+00:00
19231,35539,3116,1,2026-05-05 04:45:00.005068+00:00
19232,35544,4394,1,2026-05-05 04:45:00.005068+00:00
19233,35560,11719,0,2026-05-05 04:45:00.005068+00:00
19234,35561,3327,1,2026-05-05 04:45:00.005068+00:00
19235,35562,4530,1,2026-05-05 04:45:00.005068+00:00
19236,35570,3327,1,2026-05-05 04:45:00.005068+00:00
19237,35590,11229,0,2026-05-05 04:45:00.005068+00:00
19238,35590,4438,0,2026-05-05 04:45:00.005068+00:00
19239,35605,4013,1,2026-05-05 04:45:00.005068+00:00
19240,35619,4394,0,2026-05-05 04:45:00.005068+00:00
19241,35628,5601,1,2026-05-05 04:45:00.005068+00:00
19242,35692,3662,0,2026-05-05 04:45:00.005068+00:00
19243,35698,4530,1,2026-05-05 04:45:00.005068+00:00
19244,35753,3160,1,2026-05-05 04:45:00.005068+00:00
19245,35773,3051,0,2026-05-05 04:45:00.005068+00:00
19246,35940,4516,0,2026-05-05 04:45:00.005068+00:00
19247,35966,3126,0,2026-05-05 04:45:00.005068+00:00
19248,36006,5302,0,2026-05-05 04:45:00.005068+00:00
19249,36018,3425,0,2026-05-05 04:45:00.005068+00:00
19250,36046,3051,0,2026-05-05 04:45:00.005068+00:00
19251,36078,3554,0,2026-05-05 04:45:00.005068+00:00
19252,36117,3758,0,2026-05-05 04:45:00.005068+00:00
19253,36179,5634,0,2026-05-05 04:45:00.005068+00:00
19254,36180,3126,0,2026-05-05 04:45:00.005068+00:00
19255,36209,3213,0,2026-05-05 04:45:00.005068+00:00
19256,36236,3554,1,2026-05-05 04:45:00.005068+00:00
19257,36236,4516,1,2026-05-05 04:45:00.005068+00:00
19258,36267,4677,0,2026-05-05 04:45:00.005068+00:00
19259,36282,2988,0,2026-05-05 04:45:00.005068+00:00
19260,36285,4805,0,2026-05-05 04:45:00.005068+00:00
19261,36290,3764,0,2026-05-05 04:45:00.005068+00:00
19262,36291,3051,0,2026-05-05 04:45:00.005068+00:00
19263,36314,3758,0,2026-05-05 04:45:00.005068+00:00
19264,36321,5466,1,2026-05-05 04:45:00.005068+00:00
19265,36333,5601,0,2026-05-05 04:45:00.005068+00:00
19266,36350,4013,0,2026-05-05 04:45:00.005068+00:00
19267,36405,4044,0,2026-05-05 04:45:00.005068+00:00
19268,36432,5284,0,2026-05-05 04:45:00.005068+00:00
19269,36438,3327,1,2026-05-05 04:45:00.005068+00:00
19270,36469,4516,0,2026-05-05 04:45:00.005068+00:00
19271,36495,3126,0,2026-05-05 04:45:00.005068+00:00
19272,36534,5302,0,2026-05-05 04:45:00.005068+00:00
19273,36546,3425,0,2026-05-05 04:45:00.005068+00:00
19274,36574,3051,0,2026-05-05 04:45:00.005068+00:00
19275,36607,3554,0,2026-05-05 04:45:00.005068+00:00
19276,36650,3126,0,2026-05-05 04:45:00.005068+00:00
19277,36666,5601,0,2026-05-05 04:45:00.005068+00:00
19278,36683,5626,0,2026-05-05 04:45:00.005068+00:00
19279,36687,3019,0,2026-05-05 04:45:00.005068+00:00
19280,36690,5624,0,2026-05-05 04:45:00.005068+00:00
19281,36705,4394,0,2026-05-05 04:45:00.005068+00:00
19282,36771,3126,1,2026-05-05 04:45:00.005068+00:00
19283,36773,3758,1,2026-05-05 04:45:00.005068+00:00
19284,36793,3554,1,2026-05-05 04:45:00.005068+00:00
19285,36795,4116,0,2026-05-05 04:45:00.005068+00:00
19286,36796,4044,1,2026-05-05 04:45:00.005068+00:00
19287,36818,5612,0,2026-05-05 04:45:00.005068+00:00
19288,36834,3758,-1,2026-05-05 04:45:00.005068+00:00
19289,36874,3870,0,2026-05-05 04:45:00.005068+00:00
19290,36877,2962,0,2026-05-05 04:45:00.005068+00:00
19291,36892,3758,0,2026-05-05 04:45:00.005068+00:00
19292,36904,3051,0,2026-05-05 04:45:00.005068+00:00
19293,36915,4225,0,2026-05-05 04:45:00.005068+00:00
19294,36924,3126,0,2026-05-05 04:45:00.005068+00:00
19295,36953,3772,1,2026-05-05 04:45:00.005068+00:00
19296,36968,3758,1,2026-05-05 04:45:00.005068+00:00
19297,36973,3251,0,2026-05-05 04:45:00.005068+00:00
19298,36980,3126,0,2026-05-05 04:45:00.005068+00:00
19299,36995,5619,0,2026-05-05 04:45:00.005068+00:00
19300,37033,4679,0,2026-05-05 04:45:00.005068+00:00
19301,37117,2956,0,2026-05-05 04:45:00.005068+00:00
19302,37128,3963,0,2026-05-05 04:45:00.005068+00:00
19303,37145,4120,0,2026-05-05 04:45:00.005068+00:00
19304,37150,3416,0,2026-05-05 04:45:00.005068+00:00
19305,37202,5265,0,2026-05-05 04:45:00.005068+00:00
19306,37210,5612,0,2026-05-05 04:45:00.005068+00:00
19307,37221,5615,0,2026-05-05 04:45:00.005068+00:00
19308,37234,4394,0,2026-05-05 04:45:00.005068+00:00
19309,37253,5634,0,2026-05-05 04:45:00.005068+00:00
19310,37255,3581,0,2026-05-05 04:45:00.005068+00:00
19311,37267,5265,0,2026-05-05 04:45:00.005068+00:00
19312,37268,5612,0,2026-05-05 04:45:00.005068+00:00
19313,37270,5612,0,2026-05-05 04:45:00.005068+00:00
19314,37271,5350,0,2026-05-05 04:45:00.005068+00:00
19315,37277,3438,0,2026-05-05 04:45:00.005068+00:00
19316,37279,4530,0,2026-05-05 04:45:00.005068+00:00
19317,37285,3051,0,2026-05-05 04:45:00.005068+00:00
19318,37287,3051,0,2026-05-05 04:45:00.005068+00:00
19319,37292,13959,0,2026-05-05 04:45:00.005068+00:00
19320,37302,5265,0,2026-05-05 04:45:00.005068+00:00
19321,37320,5291,0,2026-05-05 04:45:00.005068+00:00
19322,37321,4770,0,2026-05-05 04:45:00.005068+00:00
19323,37323,4770,1,2026-05-05 04:45:00.005068+00:00
19324,37369,3798,1,2026-05-05 04:45:00.005068+00:00
19325,37375,10264,1,2026-05-05 04:45:00.005068+00:00
19326,37392,5265,0,2026-05-05 04:45:00.005068+00:00
19327,37393,4530,1,2026-05-05 04:45:00.005068+00:00
19328,37398,3051,0,2026-05-05 04:45:00.005068+00:00
19329,37403,5034,0,2026-05-05 04:45:00.005068+00:00
19330,37420,3051,1,2026-05-05 04:45:00.005068+00:00
19331,37436,3587,0,2026-05-05 04:45:00.005068+00:00
19332,37437,3327,0,2026-05-05 04:45:00.005068+00:00
19333,37476,3581,0,2026-05-05 04:45:00.005068+00:00
19334,37527,5631,0,2026-05-05 04:45:00.005068+00:00
19335,37543,3177,1,2026-05-05 04:45:00.005068+00:00
19336,37584,3319,0,2026-05-05 04:45:00.005068+00:00
19337,37584,3526,0,2026-05-05 04:45:00.005068+00:00
19338,37587,4530,0,2026-05-05 04:45:00.005068+00:00
19339,37592,13722,0,2026-05-05 04:45:00.005068+00:00
19340,37598,3556,0,2026-05-05 04:45:00.005068+00:00
19341,37598,8494,0,2026-05-05 04:45:00.005068+00:00
19342,37599,4394,-1,2026-05-05 04:45:00.005068+00:00
19343,37607,9401,0,2026-05-05 04:45:00.005068+00:00
19344,37678,10736,0,2026-05-05 04:45:00.005068+00:00
19345,37680,3646,0,2026-05-05 04:45:00.005068+00:00
19346,37725,4423,0,2026-05-05 04:45:00.005068+00:00
19347,37728,5601,1,2026-05-05 04:45:00.005068+00:00
19348,37766,8491,0,2026-05-05 04:45:00.005068+00:00
19349,37766,10913,0,2026-05-05 04:45:00.005068+00:00
19350,37795,5634,-1,2026-05-05 04:45:00.005068+00:00
19351,37805,3214,0,2026-05-05 04:45:00.005068+00:00
19352,37818,3697,0,2026-05-05 04:45:00.005068+00:00
19353,37818,10529,0,2026-05-05 04:45:00.005068+00:00
19354,37819,5628,0,2026-05-05 04:45:00.005068+00:00
19355,37827,4530,0,2026-05-05 04:45:00.005068+00:00
19356,37840,3405,0,2026-05-05 04:45:00.005068+00:00
19357,37857,11949,0,2026-05-05 04:45:00.005068+00:00
19358,37870,4394,0,2026-05-05 04:45:00.005068+00:00
19359,37873,8492,0,2026-05-05 04:45:00.005068+00:00
19360,37878,5628,0,2026-05-05 04:45:00.005068+00:00
19361,37889,11668,0,2026-05-05 04:45:00.005068+00:00
19362,37898,9401,0,2026-05-05 04:45:00.005068+00:00
19363,37909,10027,0,2026-05-05 04:45:00.005068+00:00
19364,37912,11719,0,2026-05-05 04:45:00.005068+00:00
19365,37924,3595,0,2026-05-05 04:45:00.005068+00:00
19366,37937,15798,0,2026-05-05 04:45:00.005068+00:00
19367,37951,9401,0,2026-05-05 04:45:00.005068+00:00
19368,37969,11274,1,2026-05-05 04:45:00.005068+00:00
19369,37969,11419,1,2026-05-05 04:45:00.005068+00:00
19370,37979,11719,0,2026-05-05 04:45:00.005068+00:00
19371,37983,3540,-1,2026-05-05 04:45:00.005068+00:00
19372,38004,4394,0,2026-05-05 04:45:00.005068+00:00
19373,38010,3331,0,2026-05-05 04:45:00.005068+00:00
19374,38015,12060,0,2026-05-05 04:45:00.005068+00:00
19375,38023,3734,0,2026-05-05 04:45:00.005068+00:00
19376,38074,4394,-1,2026-05-05 04:45:00.005068+00:00
19377,38093,3784,0,2026-05-05 04:45:00.005068+00:00
19378,38101,10736,0,2026-05-05 04:45:00.005068+00:00
19379,38118,8431,-1,2026-05-05 04:45:00.005068+00:00
19380,38121,9401,0,2026-05-05 04:45:00.005068+00:00
19381,38128,8649,0,2026-05-05 04:45:00.005068+00:00
19382,38142,10736,1,2026-05-05 04:45:00.005068+00:00
19383,38145,4731,0,2026-05-05 04:45:00.005068+00:00
19384,38151,3331,0,2026-05-05 04:45:00.005068+00:00
19385,38151,3734,0,2026-05-05 04:45:00.005068+00:00
19386,38153,3772,0,2026-05-05 04:45:00.005068+00:00
19387,38168,11419,-1,2026-05-05 04:45:00.005068+00:00
19388,38175,3153,0,2026-05-05 04:45:00.005068+00:00
19389,38191,5631,-1,2026-05-05 04:45:00.005068+00:00
19390,38198,2932,0,2026-05-05 04:45:00.005068+00:00
19391,38207,9401,0,2026-05-05 04:45:00.005068+00:00
19392,38222,8491,0,2026-05-05 04:45:00.005068+00:00
19393,38237,2932,0,2026-05-05 04:45:00.005068+00:00
19394,38244,2950,0,2026-05-05 04:45:00.005068+00:00
19395,38247,4759,0,2026-05-05 04:45:00.005068+00:00
19396,38259,9401,0,2026-05-05 04:45:00.005068+00:00
19397,38265,15798,0,2026-05-05 04:45:00.005068+00:00
19398,38291,10001,-1,2026-05-05 04:45:00.005068+00:00
19399,38303,3750,0,2026-05-05 04:45:00.005068+00:00
19400,38317,11003,0,2026-05-05 04:45:00.005068+00:00
19401,38317,10001,0,2026-05-05 04:45:00.005068+00:00
19402,38317,10736,0,2026-05-05 04:45:00.005068+00:00
19403,38329,3325,0,2026-05-05 04:45:00.005068+00:00
19404,38330,3283,0,2026-05-05 04:45:00.005068+00:00
19405,38339,10736,1,2026-05-05 04:45:00.005068+00:00
19406,38356,10029,0,2026-05-05 04:45:00.005068+00:00
19407,38371,13959,1,2026-05-05 04:45:00.005068+00:00
19408,38372,10736,0,2026-05-05 04:45:00.005068+00:00
19409,38377,5039,0,2026-05-05 04:45:00.005068+00:00
19410,38406,10736,-1,2026-05-05 04:45:00.005068+00:00
19411,38407,4975,1,2026-05-05 04:45:00.005068+00:00
19412,38409,9401,0,2026-05-05 04:45:00.005068+00:00
19413,38417,5204,0,2026-05-05 04:45:00.005068+00:00
19414,38568,4394,0,2026-05-05 04:45:00.005068+00:00
19415,38568,4401,0,2026-05-05 04:45:00.005068+00:00
19416,38609,9401,0,2026-05-05 04:45:00.005068+00:00
19417,38609,11026,0,2026-05-05 04:45:00.005068+00:00
19418,38620,10736,0,2026-05-05 04:45:00.005068+00:00
19419,38632,8939,0,2026-05-05 04:45:00.005068+00:00
19420,38640,4394,0,2026-05-05 04:45:00.005068+00:00
19421,38640,4401,0,2026-05-05 04:45:00.005068+00:00
19422,38642,5631,1,2026-05-05 04:45:00.005068+00:00
19423,38646,10736,0,2026-05-05 04:45:00.005068+00:00
19424,38653,4394,0,2026-05-05 04:45:00.005068+00:00
19425,38653,4401,0,2026-05-05 04:45:00.005068+00:00
19426,38675,10736,0,2026-05-05 04:45:00.005068+00:00
19427,38675,12805,0,2026-05-05 04:45:00.005068+00:00
19428,38681,8743,0,2026-05-05 04:45:00.005068+00:00
19429,38701,8491,0,2026-05-05 04:45:00.005068+00:00
19430,38729,15798,0,2026-05-05 04:45:00.005068+00:00
19431,38729,11457,0,2026-05-05 04:45:00.005068+00:00
19432,38734,5631,-1,2026-05-05 04:45:00.005068+00:00
19433,38759,8765,0,2026-05-05 04:45:00.005068+00:00
19434,38773,4729,0,2026-05-05 04:45:00.005068+00:00
19435,38787,3572,0,2026-05-05 04:45:00.005068+00:00
19436,38819,3547,0,2026-05-05 04:45:00.005068+00:00
19437,38836,5552,0,2026-05-05 04:45:00.005068+00:00
19438,38839,13005,0,2026-05-05 04:45:00.005068+00:00
19439,38856,12535,0,2026-05-05 04:45:00.005068+00:00
19440,38936,8939,0,2026-05-05 04:45:00.005068+00:00
19441,38952,12535,1,2026-05-05 04:45:00.005068+00:00
19442,38958,5598,0,2026-05-05 04:45:00.005068+00:00
19443,38979,10736,1,2026-05-05 04:45:00.005068+00:00
19444,38985,5628,0,2026-05-05 04:45:00.005068+00:00
19445,39076,5624,0,2026-05-05 04:45:00.005068+00:00
19446,39093,8494,0,2026-05-05 04:45:00.005068+00:00
19447,39097,5601,0,2026-05-05 04:45:00.005068+00:00
19448,39109,5601,0,2026-05-05 04:45:00.005068+00:00
19449,39111,3404,0,2026-05-05 04:45:00.005068+00:00
19450,39166,3734,0,2026-05-05 04:45:00.005068+00:00
19451,39212,3758,0,2026-05-05 04:45:00.005068+00:00
19452,39274,5634,0,2026-05-05 04:45:00.005068+00:00
19453,39304,3213,0,2026-05-05 04:45:00.005068+00:00
19454,39331,3554,1,2026-05-05 04:45:00.005068+00:00
19455,39331,4516,1,2026-05-05 04:45:00.005068+00:00
19456,39362,4677,0,2026-05-05 04:45:00.005068+00:00
19457,39630,5302,0,2026-05-05 04:45:00.005068+00:00
19458,39783,3019,0,2026-05-05 04:45:00.005068+00:00
19459,39930,3758,-1,2026-05-05 04:45:00.005068+00:00
19460,40020,3126,0,2026-05-05 04:45:00.005068+00:00
19461,40350,5634,0,2026-05-05 04:45:00.005068+00:00
19462,40352,3581,0,2026-05-05 04:45:00.005068+00:00
19463,40382,3051,0,2026-05-05 04:45:00.005068+00:00
19464,40384,3051,0,2026-05-05 04:45:00.005068+00:00
19465,40472,10264,1,2026-05-05 04:45:00.005068+00:00
19466,40500,5034,0,2026-05-05 04:45:00.005068+00:00
19467,40533,3587,0,2026-05-05 04:45:00.005068+00:00
19468,40534,3327,0,2026-05-05 04:45:00.005068+00:00
19469,40623,5631,0,2026-05-05 04:45:00.005068+00:00
19470,40864,3126,0,2026-05-05 04:45:00.005068+00:00
19471,40966,2988,0,2026-05-05 04:45:00.005068+00:00
19472,40969,4805,0,2026-05-05 04:45:00.005068+00:00
19473,40974,3764,0,2026-05-05 04:45:00.005068+00:00
19474,40975,3051,0,2026-05-05 04:45:00.005068+00:00
19475,40998,3758,0,2026-05-05 04:45:00.005068+00:00
19476,41005,5466,1,2026-05-05 04:45:00.005068+00:00
19477,41017,5601,0,2026-05-05 04:45:00.005068+00:00
19478,41034,4013,0,2026-05-05 04:45:00.005068+00:00
19479,41089,4044,0,2026-05-05 04:45:00.005068+00:00
19480,41116,5284,0,2026-05-05 04:45:00.005068+00:00
19481,41122,3327,1,2026-05-05 04:45:00.005068+00:00
19482,41153,4516,0,2026-05-05 04:45:00.005068+00:00
19483,41179,3126,0,2026-05-05 04:45:00.005068+00:00
19484,41230,3425,0,2026-05-05 04:45:00.005068+00:00
19485,41258,3051,0,2026-05-05 04:45:00.005068+00:00
19486,41291,3554,0,2026-05-05 04:45:00.005068+00:00
19487,41334,3126,0,2026-05-05 04:45:00.005068+00:00
19488,41350,5601,0,2026-05-05 04:45:00.005068+00:00
19489,41367,5626,0,2026-05-05 04:45:00.005068+00:00
19490,41374,5624,0,2026-05-05 04:45:00.005068+00:00
19491,41389,4394,0,2026-05-05 04:45:00.005068+00:00
19492,41455,3126,1,2026-05-05 04:45:00.005068+00:00
19493,41457,3758,1,2026-05-05 04:45:00.005068+00:00
19494,41477,3554,1,2026-05-05 04:45:00.005068+00:00
19495,41479,4116,0,2026-05-05 04:45:00.005068+00:00
19496,41480,4044,1,2026-05-05 04:45:00.005068+00:00
19497,41502,5612,0,2026-05-05 04:45:00.005068+00:00
19498,41558,3870,0,2026-05-05 04:45:00.005068+00:00
19499,41561,2962,0,2026-05-05 04:45:00.005068+00:00
19500,41576,3758,0,2026-05-05 04:45:00.005068+00:00
19501,41588,3051,0,2026-05-05 04:45:00.005068+00:00
19502,41599,4225,0,2026-05-05 04:45:00.005068+00:00
19503,41637,3772,1,2026-05-05 04:45:00.005068+00:00
19504,41652,3758,1,2026-05-05 04:45:00.005068+00:00
19505,41657,3251,0,2026-05-05 04:45:00.005068+00:00
19506,41664,3126,0,2026-05-05 04:45:00.005068+00:00
19507,41679,5619,0,2026-05-05 04:45:00.005068+00:00
19508,41717,4679,0,2026-05-05 04:45:00.005068+00:00
19509,41801,2956,0,2026-05-05 04:45:00.005068+00:00
19510,41812,3963,0,2026-05-05 04:45:00.005068+00:00
19511,41829,4120,0,2026-05-05 04:45:00.005068+00:00
19512,41834,3416,0,2026-05-05 04:45:00.005068+00:00
19513,41886,5265,0,2026-05-05 04:45:00.005068+00:00
19514,41894,5612,0,2026-05-05 04:45:00.005068+00:00
19515,41905,5615,0,2026-05-05 04:45:00.005068+00:00
19516,41918,4394,0,2026-05-05 04:45:00.005068+00:00
19517,41951,5265,0,2026-05-05 04:45:00.005068+00:00
19518,41952,5612,0,2026-05-05 04:45:00.005068+00:00
19519,41954,5612,0,2026-05-05 04:45:00.005068+00:00
19520,41955,5350,0,2026-05-05 04:45:00.005068+00:00
19521,41961,3438,0,2026-05-05 04:45:00.005068+00:00
19522,41963,4530,0,2026-05-05 04:45:00.005068+00:00
19523,41976,13959,0,2026-05-05 04:45:00.005068+00:00
19524,41986,5265,0,2026-05-05 04:45:00.005068+00:00
19525,42004,5291,0,2026-05-05 04:45:00.005068+00:00
19526,42005,4770,0,2026-05-05 04:45:00.005068+00:00
19527,42007,4770,1,2026-05-05 04:45:00.005068+00:00
19528,42053,3798,1,2026-05-05 04:45:00.005068+00:00
19529,42076,5265,0,2026-05-05 04:45:00.005068+00:00
19530,42077,4530,1,2026-05-05 04:45:00.005068+00:00
19531,42082,3051,0,2026-05-05 04:45:00.005068+00:00
19532,42104,3051,1,2026-05-05 04:45:00.005068+00:00
19533,42160,3581,0,2026-05-05 04:45:00.005068+00:00
19534,42227,3177,1,2026-05-05 04:45:00.005068+00:00
19535,42483,4530,0,2026-05-05 04:45:00.005068+00:00
19536,42777,9401,0,2026-05-05 04:45:00.005068+00:00
19537,42807,3331,0,2026-05-05 04:45:00.005068+00:00
19538,42807,3734,0,2026-05-05 04:45:00.005068+00:00
19539,43302,10736,0,2026-05-05 04:45:00.005068+00:00
19540,43778,3758,0,2026-05-05 04:45:00.005068+00:00
19541,43840,5634,0,2026-05-05 04:45:00.005068+00:00
19542,43870,3213,0,2026-05-05 04:45:00.005068+00:00
19543,43897,3554,1,2026-05-05 04:45:00.005068+00:00
19544,43897,4516,1,2026-05-05 04:45:00.005068+00:00
19545,43928,4677,0,2026-05-05 04:45:00.005068+00:00
19546,43951,3764,0,2026-05-05 04:45:00.005068+00:00
19547,43952,3051,0,2026-05-05 04:45:00.005068+00:00
19548,43982,5466,1,2026-05-05 04:45:00.005068+00:00
19549,44011,4013,0,2026-05-05 04:45:00.005068+00:00
19550,44195,5302,0,2026-05-05 04:45:00.005068+00:00
19551,44311,3126,0,2026-05-05 04:45:00.005068+00:00
19552,44344,5626,0,2026-05-05 04:45:00.005068+00:00
19553,44348,3019,0,2026-05-05 04:45:00.005068+00:00
19554,44432,3126,1,2026-05-05 04:45:00.005068+00:00
19555,44434,3758,1,2026-05-05 04:45:00.005068+00:00
19556,44495,3758,-1,2026-05-05 04:45:00.005068+00:00
19557,44553,3758,0,2026-05-05 04:45:00.005068+00:00
19558,44585,3126,0,2026-05-05 04:45:00.005068+00:00
19559,44614,3772,1,2026-05-05 04:45:00.005068+00:00
19560,44641,3126,0,2026-05-05 04:45:00.005068+00:00
19561,44882,5615,0,2026-05-05 04:45:00.005068+00:00
19562,44914,5634,0,2026-05-05 04:45:00.005068+00:00
19563,44916,3581,0,2026-05-05 04:45:00.005068+00:00
19564,44946,3051,0,2026-05-05 04:45:00.005068+00:00
19565,44948,3051,0,2026-05-05 04:45:00.005068+00:00
19566,45036,10264,1,2026-05-05 04:45:00.005068+00:00
19567,45064,5034,0,2026-05-05 04:45:00.005068+00:00
19568,45097,3587,0,2026-05-05 04:45:00.005068+00:00
19569,45098,3327,0,2026-05-05 04:45:00.005068+00:00
19570,45188,5631,0,2026-05-05 04:45:00.005068+00:00
19571,45276,3556,0,2026-05-05 04:45:00.005068+00:00
19572,45666,3327,1,2026-05-05 04:45:00.005068+00:00
19573,45697,4516,0,2026-05-05 04:45:00.005068+00:00
19574,46505,4530,0,2026-05-05 04:45:00.005068+00:00
19575,46595,3798,1,2026-05-05 04:45:00.005068+00:00
19576,47079,4805,0,2026-05-05 04:45:00.005068+00:00
19577,47199,4044,0,2026-05-05 04:45:00.005068+00:00
19578,47289,3126,0,2026-05-05 04:45:00.005068+00:00
19579,47589,4044,1,2026-05-05 04:45:00.005068+00:00
19580,47920,3963,0,2026-05-05 04:45:00.005068+00:00
19581,48069,3438,0,2026-05-05 04:45:00.005068+00:00
19582,48190,3051,0,2026-05-05 04:45:00.005068+00:00
19583,48674,3758,0,2026-05-05 04:45:00.005068+00:00
19584,49064,4394,0,2026-05-05 04:45:00.005068+00:00
19585,49154,4116,0,2026-05-05 04:45:00.005068+00:00
19586,49273,4225,0,2026-05-05 04:45:00.005068+00:00
19587,49941,3319,0,2026-05-05 04:45:00.005068+00:00
19588,49941,3526,0,2026-05-05 04:45:00.005068+00:00
19589,49944,4530,0,2026-05-05 04:45:00.005068+00:00
19590,49972,3646,0,2026-05-05 04:45:00.005068+00:00
19591,49979,5647,1,2026-05-05 04:45:00.005068+00:00
19592,49983,5647,0,2026-05-05 04:45:00.005068+00:00
19593,49986,5647,0,2026-05-05 04:45:00.005068+00:00
19594,50017,3051,1,2026-05-05 04:45:00.005068+00:00
19595,50025,5119,0,2026-05-05 04:45:00.005068+00:00
19596,50041,5119,0,2026-05-05 04:45:00.005068+00:00
19597,50051,4795,0,2026-05-05 04:45:00.005068+00:00
19598,50059,3292,0,2026-05-05 04:45:00.005068+00:00
19599,50070,5039,1,2026-05-05 04:45:00.005068+00:00
19600,50076,5350,0,2026-05-05 04:45:00.005068+00:00
19601,50076,3763,0,2026-05-05 04:45:00.005068+00:00
19602,50097,4530,0,2026-05-05 04:45:00.005068+00:00
19603,50099,5331,0,2026-05-05 04:45:00.005068+00:00
19604,50101,3160,0,2026-05-05 04:45:00.005068+00:00
19605,50102,3051,1,2026-05-05 04:45:00.005068+00:00
19606,50108,3383,0,2026-05-05 04:45:00.005068+00:00
19607,50147,8404,0,2026-05-05 04:45:00.005068+00:00
19608,50190,4530,0,2026-05-05 04:45:00.005068+00:00
19609,50206,4394,0,2026-05-05 04:45:00.005068+00:00
19610,50210,4394,0,2026-05-05 04:45:00.005068+00:00
19611,50211,5537,0,2026-05-05 04:45:00.005068+00:00
19612,50221,4394,0,2026-05-05 04:45:00.005068+00:00
19613,50229,3554,1,2026-05-05 04:45:00.005068+00:00
19614,50312,4394,1,2026-05-05 04:45:00.005068+00:00
19615,50320,5350,0,2026-05-05 04:45:00.005068+00:00
19616,50322,3051,1,2026-05-05 04:45:00.005068+00:00
19617,50338,3462,0,2026-05-05 04:45:00.005068+00:00
19618,50340,5350,0,2026-05-05 04:45:00.005068+00:00
19619,50374,3215,-1,2026-05-05 04:45:00.005068+00:00
19620,50453,3475,1,2026-05-05 04:45:00.005068+00:00
19621,50491,3291,0,2026-05-05 04:45:00.005068+00:00
19622,50525,3291,1,2026-05-05 04:45:00.005068+00:00
19623,50534,3606,0,2026-05-05 04:45:00.005068+00:00
19624,50538,4530,0,2026-05-05 04:45:00.005068+00:00
19625,50539,5019,0,2026-05-05 04:45:00.005068+00:00
19626,50541,4079,1,2026-05-05 04:45:00.005068+00:00
19627,50542,5350,0,2026-05-05 04:45:00.005068+00:00
19628,50567,5350,-1,2026-05-05 04:45:00.005068+00:00
19629,50568,5350,0,2026-05-05 04:45:00.005068+00:00
19630,50580,10029,0,2026-05-05 04:45:00.005068+00:00
19631,50651,10264,0,2026-05-05 04:45:00.005068+00:00
19632,50652,4802,0,2026-05-05 04:45:00.005068+00:00
19633,50742,3750,1,2026-05-05 04:45:00.005068+00:00
19634,50746,4802,1,2026-05-05 04:45:00.005068+00:00
19635,50746,3750,1,2026-05-05 04:45:00.005068+00:00
19636,50751,3798,-1,2026-05-05 04:45:00.005068+00:00
19637,50754,3117,0,2026-05-05 04:45:00.005068+00:00
19638,50760,3327,0,2026-05-05 04:45:00.005068+00:00
19639,50761,4530,0,2026-05-05 04:45:00.005068+00:00
19640,50764,2988,-1,2026-05-05 04:45:00.005068+00:00
19641,50766,3798,0,2026-05-05 04:45:00.005068+00:00
19642,50774,4530,0,2026-05-05 04:45:00.005068+00:00
19643,50775,3327,0,2026-05-05 04:45:00.005068+00:00
19644,50791,3798,-1,2026-05-05 04:45:00.005068+00:00
19645,50794,5419,0,2026-05-05 04:45:00.005068+00:00
19646,50814,3798,0,2026-05-05 04:45:00.005068+00:00
19647,50832,3153,0,2026-05-05 04:45:00.005068+00:00
19648,50835,4529,0,2026-05-05 04:45:00.005068+00:00
19649,50842,5631,0,2026-05-05 04:45:00.005068+00:00
19650,50846,5350,1,2026-05-05 04:45:00.005068+00:00
19651,50854,3798,0,2026-05-05 04:45:00.005068+00:00
19652,50866,5631,1,2026-05-05 04:45:00.005068+00:00
19653,50867,3327,0,2026-05-05 04:45:00.005068+00:00
19654,50869,4013,0,2026-05-05 04:45:00.005068+00:00
19655,50877,3327,0,2026-05-05 04:45:00.005068+00:00
19656,50890,5350,0,2026-05-05 04:45:00.005068+00:00
19657,50894,2967,0,2026-05-05 04:45:00.005068+00:00
19658,50894,4148,0,2026-05-05 04:45:00.005068+00:00
19659,50894,3709,0,2026-05-05 04:45:00.005068+00:00
19660,50896,2967,0,2026-05-05 04:45:00.005068+00:00
19661,50920,13959,0,2026-05-05 04:45:00.005068+00:00
19662,50927,3798,1,2026-05-05 04:45:00.005068+00:00
19663,50934,5419,0,2026-05-05 04:45:00.005068+00:00
19664,50934,5488,0,2026-05-05 04:45:00.005068+00:00
19665,50937,3798,0,2026-05-05 04:45:00.005068+00:00
19666,50944,4675,1,2026-05-05 04:45:00.005068+00:00
19667,50947,3798,0,2026-05-05 04:45:00.005068+00:00
19668,50948,5281,0,2026-05-05 04:45:00.005068+00:00
19669,50948,4381,0,2026-05-05 04:45:00.005068+00:00
19670,50950,3798,0,2026-05-05 04:45:00.005068+00:00
19671,50954,3798,0,2026-05-05 04:45:00.005068+00:00
19672,50959,3798,0,2026-05-05 04:45:00.005068+00:00
19673,50961,4464,0,2026-05-05 04:45:00.005068+00:00
19674,50962,2967,0,2026-05-05 04:45:00.005068+00:00
19675,50965,3798,1,2026-05-05 04:45:00.005068+00:00
19676,50971,3798,0,2026-05-05 04:45:00.005068+00:00
19677,50993,3798,0,2026-05-05 04:45:00.005068+00:00
19678,50994,3798,0,2026-05-05 04:45:00.005068+00:00
19679,50995,3798,0,2026-05-05 04:45:00.005068+00:00
19680,51067,5532,0,2026-05-05 04:45:00.005068+00:00
19681,51114,12107,0,2026-05-05 04:45:00.005068+00:00
19682,51163,11719,0,2026-05-05 04:45:00.005068+00:00
19683,51223,5401,0,2026-05-05 04:45:00.005068+00:00
19684,51226,4530,0,2026-05-05 04:45:00.005068+00:00
19685,51232,3462,0,2026-05-05 04:45:00.005068+00:00
19686,51243,3798,0,2026-05-05 04:45:00.005068+00:00
19687,51275,4795,0,2026-05-05 04:45:00.005068+00:00
19688,51276,3051,1,2026-05-05 04:45:00.005068+00:00
19689,51280,4530,0,2026-05-05 04:45:00.005068+00:00
19690,51377,13959,0,2026-05-05 04:45:00.005068+00:00
19691,51419,4923,0,2026-05-05 04:45:00.005068+00:00
19692,51423,3380,0,2026-05-05 04:45:00.005068+00:00
19693,52914,3086,0,2026-05-05 04:45:00.005068+00:00
19694,52914,10744,0,2026-05-05 04:45:00.005068+00:00
19695,52932,5574,0,2026-05-05 04:45:00.005068+00:00
19696,52952,5440,0,2026-05-05 04:45:00.005068+00:00
19697,52981,10027,1,2026-05-05 04:45:00.005068+00:00
19698,52999,8939,1,2026-05-05 04:45:00.005068+00:00
19699,52999,5601,1,2026-05-05 04:45:00.005068+00:00
19700,53046,8404,0,2026-05-05 04:45:00.005068+00:00
19701,53056,4486,0,2026-05-05 04:45:00.005068+00:00
19702,53066,8416,0,2026-05-05 04:45:00.005068+00:00
19703,53096,3821,0,2026-05-05 04:45:00.005068+00:00
19704,53113,5350,0,2026-05-05 04:45:00.005068+00:00
19705,53113,3176,0,2026-05-05 04:45:00.005068+00:00
19706,53113,10744,0,2026-05-05 04:45:00.005068+00:00
19707,53117,4809,0,2026-05-05 04:45:00.005068+00:00
19708,53129,10029,0,2026-05-05 04:45:00.005068+00:00
19709,53130,4729,0,2026-05-05 04:45:00.005068+00:00
19710,53140,4394,1,2026-05-05 04:45:00.005068+00:00
19711,53145,3136,0,2026-05-05 04:45:00.005068+00:00
19712,53145,3385,0,2026-05-05 04:45:00.005068+00:00
19713,53150,9379,0,2026-05-05 04:45:00.005068+00:00
19714,53174,8982,0,2026-05-05 04:45:00.005068+00:00
19715,53174,10264,0,2026-05-05 04:45:00.005068+00:00
19716,53175,3051,0,2026-05-05 04:45:00.005068+00:00
19717,53175,8743,0,2026-05-05 04:45:00.005068+00:00
19718,53175,3734,0,2026-05-05 04:45:00.005068+00:00
19719,53179,8492,0,2026-05-05 04:45:00.005068+00:00
19720,53196,2945,0,2026-05-05 04:45:00.005068+00:00
19721,53196,3257,0,2026-05-05 04:45:00.005068+00:00
19722,53202,4394,0,2026-05-05 04:45:00.005068+00:00
19723,53215,4394,0,2026-05-05 04:45:00.005068+00:00
19724,53232,3032,1,2026-05-05 04:45:00.005068+00:00
19725,53264,3454,0,2026-05-05 04:45:00.005068+00:00
19726,53268,9071,1,2026-05-05 04:45:00.005068+00:00
19727,53297,3556,0,2026-05-05 04:45:00.005068+00:00
19728,53300,5003,1,2026-05-05 04:45:00.005068+00:00
19729,53308,3750,0,2026-05-05 04:45:00.005068+00:00
19730,53320,8581,0,2026-05-05 04:45:00.005068+00:00
19731,53328,3821,0,2026-05-05 04:45:00.005068+00:00
19732,53333,5003,-1,2026-05-05 04:45:00.005068+00:00
19733,53334,4394,0,2026-05-05 04:45:00.005068+00:00
19734,53365,5628,0,2026-05-05 04:45:00.005068+00:00
19735,53379,5571,1,2026-05-05 04:45:00.005068+00:00
19736,53383,8492,0,2026-05-05 04:45:00.005068+00:00
19737,53403,3252,0,2026-05-05 04:45:00.005068+00:00
19738,53407,3331,1,2026-05-05 04:45:00.005068+00:00
19739,53434,9219,1,2026-05-05 04:45:00.005068+00:00
19740,53442,4895,0,2026-05-05 04:45:00.005068+00:00
19741,53459,10736,0,2026-05-05 04:45:00.005068+00:00
19742,53486,3764,0,2026-05-05 04:45:00.005068+00:00
19743,53518,8917,0,2026-05-05 04:45:00.005068+00:00
19744,53518,5605,0,2026-05-05 04:45:00.005068+00:00
19745,53531,8939,0,2026-05-05 04:45:00.005068+00:00
19746,53559,4394,0,2026-05-05 04:45:00.005068+00:00
19747,53571,15390,0,2026-05-05 04:45:00.005068+00:00
19748,53571,9401,0,2026-05-05 04:45:00.005068+00:00
19749,53601,5601,0,2026-05-05 04:45:00.005068+00:00
19750,53619,9615,0,2026-05-05 04:45:00.005068+00:00
19751,53624,4394,0,2026-05-05 04:45:00.005068+00:00
19752,53631,2951,0,2026-05-05 04:45:00.005068+00:00
19753,53633,3651,-1,2026-05-05 04:45:00.005068+00:00
19754,53640,3572,0,2026-05-05 04:45:00.005068+00:00
19755,53651,4091,1,2026-05-05 04:45:00.005068+00:00
19756,53668,9125,0,2026-05-05 04:45:00.005068+00:00
19757,53709,8710,0,2026-05-05 04:45:00.005068+00:00
19758,53709,8563,0,2026-05-05 04:45:00.005068+00:00
19759,53727,3696,0,2026-05-05 04:45:00.005068+00:00
19760,53730,8709,0,2026-05-05 04:45:00.005068+00:00
19761,53765,5302,0,2026-05-05 04:45:00.005068+00:00
19762,53777,2939,0,2026-05-05 04:45:00.005068+00:00
19763,53795,3130,0,2026-05-05 04:45:00.005068+00:00
19764,53803,5552,0,2026-05-05 04:45:00.005068+00:00
19765,53810,3200,0,2026-05-05 04:45:00.005068+00:00
19766,53824,4234,0,2026-05-05 04:45:00.005068+00:00
19767,53828,5003,0,2026-05-05 04:45:00.005068+00:00
19768,53836,9401,0,2026-05-05 04:45:00.005068+00:00
19769,53846,4160,0,2026-05-05 04:45:00.005068+00:00
19770,53909,9401,0,2026-05-05 04:45:00.005068+00:00
19771,53909,5612,0,2026-05-05 04:45:00.005068+00:00
19772,53924,9071,0,2026-05-05 04:45:00.005068+00:00
19773,53927,3674,-1,2026-05-05 04:45:00.005068+00:00
19774,53939,5639,0,2026-05-05 04:45:00.005068+00:00
19775,53961,4219,1,2026-05-05 04:45:00.005068+00:00
19776,53982,5631,0,2026-05-05 04:45:00.005068+00:00
19777,53999,9531,0,2026-05-05 04:45:00.005068+00:00
19778,54029,3556,0,2026-05-05 04:45:00.005068+00:00
19779,54044,3257,0,2026-05-05 04:45:00.005068+00:00
19780,54060,5628,0,2026-05-05 04:45:00.005068+00:00
19781,54060,4394,0,2026-05-05 04:45:00.005068+00:00
19782,54060,5552,0,2026-05-05 04:45:00.005068+00:00
19783,54063,9948,0,2026-05-05 04:45:00.005068+00:00
19784,54101,9808,0,2026-05-05 04:45:00.005068+00:00
19785,54123,3200,0,2026-05-05 04:45:00.005068+00:00
19786,54137,8491,1,2026-05-05 04:45:00.005068+00:00
19787,54196,3242,0,2026-05-05 04:45:00.005068+00:00
19788,54196,3298,0,2026-05-05 04:45:00.005068+00:00
19789,54198,3242,0,2026-05-05 04:45:00.005068+00:00
19790,54198,3298,0,2026-05-05 04:45:00.005068+00:00
19791,54205,4394,0,2026-05-05 04:45:00.005068+00:00
19792,54227,3235,0,2026-05-05 04:45:00.005068+00:00
19793,54248,4394,-1,2026-05-05 04:45:00.005068+00:00
19794,54257,10736,0,2026-05-05 04:45:00.005068+00:00
19795,54289,4218,0,2026-05-05 04:45:00.005068+00:00
19796,54326,5447,0,2026-05-05 04:45:00.005068+00:00
19797,54334,10264,0,2026-05-05 04:45:00.005068+00:00
19798,54377,15322,0,2026-05-05 04:45:00.005068+00:00
19799,54501,10264,0,2026-05-05 04:45:00.005068+00:00
19800,54523,5651,0,2026-05-05 04:45:00.005068+00:00
19801,54523,5652,0,2026-05-05 04:45:00.005068+00:00
19802,54635,3441,0,2026-05-05 04:45:00.005068+00:00
19803,54635,3717,0,2026-05-05 04:45:00.005068+00:00
19804,54661,8948,0,2026-05-05 04:45:00.005068+00:00
19805,72015,3213,0,2026-05-05 04:45:00.005068+00:00
19806,73532,2988,0,2026-05-05 04:45:00.005068+00:00
19807,74459,5284,0,2026-05-05 04:45:00.005068+00:00
19808,76754,3554,1,2026-05-05 04:45:00.005068+00:00
19809,77900,3251,0,2026-05-05 04:45:00.005068+00:00
19810,78276,4679,0,2026-05-05 04:45:00.005068+00:00
19811,80600,4530,1,2026-05-05 04:45:00.005068+00:00
19812,87255,10736,0,2026-05-05 04:45:00.005068+00:00
19813,87255,12805,0,2026-05-05 04:45:00.005068+00:00
19814,87314,5631,-1,2026-05-05 04:45:00.005068+00:00
19815,87950,4394,0,2026-05-05 04:45:00.005068+00:00
19816,88035,5003,1,2026-05-05 04:45:00.005068+00:00
19817,88563,5003,0,2026-05-05 04:45:00.005068+00:00
19818,89435,4530,1,2026-05-05 04:45:00.005068+00:00
19819,89582,5634,0,2026-05-05 04:45:00.005068+00:00
19820,89583,3126,0,2026-05-05 04:45:00.005068+00:00
19821,89612,3213,0,2026-05-05 04:45:00.005068+00:00
19822,89736,5601,0,2026-05-05 04:45:00.005068+00:00
19823,89947,3425,0,2026-05-05 04:45:00.005068+00:00
19824,89975,3051,0,2026-05-05 04:45:00.005068+00:00
19825,90008,3554,0,2026-05-05 04:45:00.005068+00:00
19826,90067,5601,0,2026-05-05 04:45:00.005068+00:00
19827,90219,5612,0,2026-05-05 04:45:00.005068+00:00
19828,90275,3870,0,2026-05-05 04:45:00.005068+00:00
19829,90278,2962,0,2026-05-05 04:45:00.005068+00:00
19830,90304,3051,0,2026-05-05 04:45:00.005068+00:00
19831,90368,3758,1,2026-05-05 04:45:00.005068+00:00
19832,90395,5619,0,2026-05-05 04:45:00.005068+00:00
19833,90517,2956,0,2026-05-05 04:45:00.005068+00:00
19834,90545,4120,0,2026-05-05 04:45:00.005068+00:00
19835,90550,3416,0,2026-05-05 04:45:00.005068+00:00
19836,90602,5265,0,2026-05-05 04:45:00.005068+00:00
19837,90610,5612,0,2026-05-05 04:45:00.005068+00:00
19838,90633,4394,0,2026-05-05 04:45:00.005068+00:00
19839,90666,5265,0,2026-05-05 04:45:00.005068+00:00
19840,90667,5612,0,2026-05-05 04:45:00.005068+00:00
19841,90669,5612,0,2026-05-05 04:45:00.005068+00:00
19842,90670,5350,0,2026-05-05 04:45:00.005068+00:00
19843,90701,5265,0,2026-05-05 04:45:00.005068+00:00
19844,90722,4770,1,2026-05-05 04:45:00.005068+00:00
19845,90791,5265,0,2026-05-05 04:45:00.005068+00:00
19846,90819,3051,1,2026-05-05 04:45:00.005068+00:00
19847,90875,3581,0,2026-05-05 04:45:00.005068+00:00
19848,90999,3710,0,2026-05-05 04:45:00.005068+00:00
19849,91000,3068,0,2026-05-05 04:45:00.005068+00:00
19850,91001,5591,0,2026-05-05 04:45:00.005068+00:00
19851,91001,5608,0,2026-05-05 04:45:00.005068+00:00
19852,91005,3710,0,2026-05-05 04:45:00.005068+00:00
19853,91008,5591,0,2026-05-05 04:45:00.005068+00:00
19854,91008,5608,0,2026-05-05 04:45:00.005068+00:00
19855,91011,3710,0,2026-05-05 04:45:00.005068+00:00
19856,91018,5719,0,2026-05-05 04:45:00.005068+00:00
19857,91019,3475,1,2026-05-05 04:45:00.005068+00:00
19858,91020,3710,0,2026-05-05 04:45:00.005068+00:00
19859,91020,3367,0,2026-05-05 04:45:00.005068+00:00
19860,91091,3367,0,2026-05-05 06:24:05.464723+00:00
19861,91093,3367,0,2026-05-05 06:24:05.464723+00:00
19862,91094,3710,-1,2026-05-05 06:24:05.464723+00:00
19863,91097,3710,-1,2026-05-05 06:24:05.464723+00:00
19864,91101,3710,0,2026-05-05 06:24:05.464723+00:00
19865,91102,3068,0,2026-05-05 06:24:05.464723+00:00
19866,91103,5591,0,2026-05-05 06:24:05.464723+00:00
19867,91103,5608,0,2026-05-05 06:24:05.464723+00:00
19868,91107,3710,0,2026-05-05 06:24:05.464723+00:00
19869,91110,5591,0,2026-05-05 06:24:05.464723+00:00
19870,91110,5608,0,2026-05-05 06:24:05.464723+00:00
19871,91113,3710,0,2026-05-05 06:24:05.464723+00:00
19872,91120,5719,0,2026-05-05 06:24:05.464723+00:00
19873,91121,3475,1,2026-05-05 06:24:05.464723+00:00
19874,91122,3710,0,2026-05-05 06:24:05.464723+00:00
19875,91122,3367,0,2026-05-05 06:24:05.464723+00:00
19876,91133,3367,0,2026-05-05 06:24:05.464723+00:00
19877,91134,4530,1,2026-05-05 06:24:05.464723+00:00
19878,91137,3710,0,2026-05-05 06:24:05.464723+00:00
19879,91140,3719,0,2026-05-05 06:24:05.464723+00:00
19880,91143,3213,0,2026-05-05 06:24:05.464723+00:00
19881,91146,3710,0,2026-05-05 06:24:05.464723+00:00
19882,91146,3367,0,2026-05-05 06:24:05.464723+00:00
19883,91149,3367,0,2026-05-05 06:24:05.464723+00:00
19884,91149,5719,0,2026-05-05 06:24:05.464723+00:00
19885,91150,3556,0,2026-05-05 06:24:05.464723+00:00
19886,91159,5646,0,2026-05-05 06:24:05.464723+00:00
19887,91160,3367,0,2026-05-05 06:24:05.464723+00:00
19888,91163,5607,0,2026-05-05 06:24:05.464723+00:00
19889,91163,3710,0,2026-05-05 06:24:05.464723+00:00
19890,91163,3367,0,2026-05-05 06:24:05.464723+00:00
19891,91164,5607,0,2026-05-05 06:24:05.464723+00:00
19892,91167,3719,0,2026-05-05 06:24:05.464723+00:00
19893,91171,5607,0,2026-05-05 06:24:05.464723+00:00
19894,91173,3367,0,2026-05-05 06:24:05.464723+00:00
19895,91173,5607,0,2026-05-05 06:24:05.464723+00:00
19896,91173,3710,0,2026-05-05 06:24:05.464723+00:00
19897,91174,5607,0,2026-05-05 06:24:05.464723+00:00
19898,91176,5607,0,2026-05-05 06:24:05.464723+00:00
19899,91177,5607,0,2026-05-05 06:24:05.464723+00:00
19900,91180,5607,0,2026-05-05 06:24:05.464723+00:00
19901,91182,3719,-1,2026-05-05 06:24:05.464723+00:00
19902,91193,3710,0,2026-05-05 06:24:05.464723+00:00
19903,91193,3367,0,2026-05-05 06:24:05.464723+00:00
19904,91196,3367,0,2026-05-05 06:24:05.464723+00:00
19905,91204,5631,0,2026-05-05 06:24:05.464723+00:00
19906,91204,3710,0,2026-05-05 06:24:05.464723+00:00
19907,91205,5596,1,2026-05-05 06:24:05.464723+00:00
19908,91219,3758,0,2026-05-05 06:24:05.464723+00:00
19909,91228,3367,0,2026-05-05 06:24:05.464723+00:00
19910,91231,3367,0,2026-05-05 06:24:05.464723+00:00
19911,91236,3367,0,2026-05-05 06:24:05.464723+00:00
19912,91240,3367,0,2026-05-05 06:24:05.464723+00:00
19913,91242,3367,0,2026-05-05 06:24:05.464723+00:00
19914,91244,3710,0,2026-05-05 06:24:05.464723+00:00
19915,91244,3367,0,2026-05-05 06:24:05.464723+00:00
19916,91253,3710,0,2026-05-05 06:24:05.464723+00:00
19917,91253,3367,0,2026-05-05 06:24:05.464723+00:00
19918,91265,3367,0,2026-05-05 06:24:05.464723+00:00
19919,91267,3710,0,2026-05-05 06:24:05.464723+00:00
19920,91280,5634,0,2026-05-05 06:24:05.464723+00:00
19921,91281,3126,0,2026-05-05 06:24:05.464723+00:00
19922,91283,3710,0,2026-05-05 06:24:05.464723+00:00
19923,91283,3367,0,2026-05-05 06:24:05.464723+00:00
19924,91291,3367,1,2026-05-05 06:24:05.464723+00:00
19925,91291,3710,1,2026-05-05 06:24:05.464723+00:00
19926,91295,3367,0,2026-05-05 06:24:05.464723+00:00
19927,91297,3367,0,2026-05-05 06:24:05.464723+00:00
19928,91304,3710,0,2026-05-05 06:24:05.464723+00:00
19929,91310,3213,0,2026-05-05 06:24:05.464723+00:00
19930,91312,3367,0,2026-05-05 06:24:05.464723+00:00
19931,91315,3710,0,2026-05-05 06:24:05.464723+00:00
19932,91317,3710,0,2026-05-05 06:24:05.464723+00:00
19933,91317,3367,0,2026-05-05 06:24:05.464723+00:00
19934,91318,5719,0,2026-05-05 06:24:05.464723+00:00
19935,91320,3367,0,2026-05-05 06:24:05.464723+00:00
19936,91324,3367,0,2026-05-05 06:24:05.464723+00:00
19937,91325,3710,-1,2026-05-05 06:24:05.464723+00:00
19938,91331,3710,0,2026-05-05 06:24:05.464723+00:00
19939,91331,3367,0,2026-05-05 06:24:05.464723+00:00
19940,91334,3367,0,2026-05-05 06:24:05.464723+00:00
19941,91336,3710,1,2026-05-05 06:24:05.464723+00:00
19942,91337,3710,0,2026-05-05 06:24:05.464723+00:00
19943,91338,3554,1,2026-05-05 06:24:05.464723+00:00
19944,91338,4516,1,2026-05-05 06:24:05.464723+00:00
19945,91340,3719,0,2026-05-05 06:24:05.464723+00:00
19946,91346,3710,-1,2026-05-05 06:24:05.464723+00:00
19947,91358,3710,0,2026-05-05 06:24:05.464723+00:00
19948,91359,3710,0,2026-05-05 06:24:05.464723+00:00
19949,91363,3367,0,2026-05-05 06:24:05.464723+00:00
19950,91364,5592,0,2026-05-05 06:24:05.464723+00:00
19951,91367,3367,1,2026-05-05 06:24:05.464723+00:00
19952,91367,3710,1,2026-05-05 06:24:05.464723+00:00
19953,91369,4677,0,2026-05-05 06:24:05.464723+00:00
19954,91371,3710,0,2026-05-05 06:24:05.464723+00:00
19955,91375,3367,0,2026-05-05 06:24:05.464723+00:00
19956,91376,3367,0,2026-05-05 06:24:05.464723+00:00
19957,91379,3710,0,2026-05-05 06:24:05.464723+00:00
19958,91384,2988,0,2026-05-05 06:24:05.464723+00:00
19959,91387,4805,0,2026-05-05 06:24:05.464723+00:00
19960,91392,3764,0,2026-05-05 06:24:05.464723+00:00
19961,91393,3051,0,2026-05-05 06:24:05.464723+00:00
19962,91395,3609,0,2026-05-05 06:24:05.464723+00:00
19963,91400,3609,0,2026-05-05 06:24:05.464723+00:00
19964,91403,3367,0,2026-05-05 06:24:05.464723+00:00
19965,91405,3719,1,2026-05-05 06:24:05.464723+00:00
19966,91407,3367,0,2026-05-05 06:24:05.464723+00:00
19967,91408,3068,0,2026-05-05 06:24:05.464723+00:00
19968,91409,3367,0,2026-05-05 06:24:05.464723+00:00
19969,91411,3710,-1,2026-05-05 06:24:05.464723+00:00
19970,91412,3367,0,2026-05-05 06:24:05.464723+00:00
19971,91412,3710,0,2026-05-05 06:24:05.464723+00:00
19972,91413,3367,0,2026-05-05 06:24:05.464723+00:00
19973,91414,3068,0,2026-05-05 06:24:05.464723+00:00
19974,91416,3758,0,2026-05-05 06:24:05.464723+00:00
19975,91417,3367,0,2026-05-05 06:24:05.464723+00:00
19976,91418,3367,0,2026-05-05 06:24:05.464723+00:00
19977,91419,3609,0,2026-05-05 06:24:05.464723+00:00
19978,91420,3367,0,2026-05-05 06:24:05.464723+00:00
19979,91421,3068,0,2026-05-05 06:24:05.464723+00:00
19980,91422,3710,0,2026-05-05 06:24:05.464723+00:00
19981,91423,5466,1,2026-05-05 06:24:05.464723+00:00
19982,91424,3367,0,2026-05-05 06:24:05.464723+00:00
19983,91431,3367,1,2026-05-05 06:24:05.464723+00:00
19984,91435,5601,0,2026-05-05 06:24:05.464723+00:00
19985,91438,3710,0,2026-05-05 06:24:05.464723+00:00
19986,91438,3367,0,2026-05-05 06:24:05.464723+00:00
19987,91439,3367,-1,2026-05-05 06:24:05.464723+00:00
19988,91440,5607,0,2026-05-05 06:24:05.464723+00:00
19989,91441,3367,0,2026-05-05 06:24:05.464723+00:00
19990,91442,3367,0,2026-05-05 06:24:05.464723+00:00
19991,91443,3367,0,2026-05-05 06:24:05.464723+00:00
19992,91443,3441,0,2026-05-05 06:24:05.464723+00:00
19993,91444,3710,-1,2026-05-05 06:24:05.464723+00:00
19994,91445,3710,0,2026-05-05 06:24:05.464723+00:00
19995,91446,5719,0,2026-05-05 06:24:05.464723+00:00
19996,91447,3367,0,2026-05-05 06:24:05.464723+00:00
19997,91449,3710,0,2026-05-05 06:24:05.464723+00:00
19998,91451,3367,0,2026-05-05 06:24:05.464723+00:00
19999,91452,4013,0,2026-05-05 06:24:05.464723+00:00
20000,91453,3367,0,2026-05-05 06:24:05.464723+00:00
20001,91456,3367,0,2026-05-05 06:24:05.464723+00:00
20002,91459,3367,0,2026-05-05 06:24:05.464723+00:00
20003,91460,3579,0,2026-05-05 06:24:05.464723+00:00
20004,91460,3367,0,2026-05-05 06:24:05.464723+00:00
20005,91461,3367,-1,2026-05-05 06:24:05.464723+00:00
20006,91462,3710,1,2026-05-05 06:24:05.464723+00:00
20007,91463,3367,0,2026-05-05 06:24:05.464723+00:00
20008,91465,3367,0,2026-05-05 06:24:05.464723+00:00
20009,91466,3367,0,2026-05-05 06:24:05.464723+00:00
20010,91472,3367,0,2026-05-05 06:24:05.464723+00:00
20011,91478,3367,0,2026-05-05 06:24:05.464723+00:00
20012,91480,3367,1,2026-05-05 06:24:05.464723+00:00
20013,91482,3367,1,2026-05-05 06:24:05.464723+00:00
20014,91488,3367,1,2026-05-05 06:24:05.464723+00:00
20015,91490,3367,1,2026-05-05 06:24:05.464723+00:00
20016,91491,3367,0,2026-05-05 06:24:05.464723+00:00
20017,91492,3367,0,2026-05-05 06:24:05.464723+00:00
20018,91494,3367,0,2026-05-05 06:24:05.464723+00:00
20019,91495,3367,0,2026-05-05 06:24:05.464723+00:00
20020,91496,3367,0,2026-05-05 06:24:05.464723+00:00
20021,91497,3710,0,2026-05-05 06:24:05.464723+00:00
20022,91497,3367,0,2026-05-05 06:24:05.464723+00:00
20023,91500,3367,0,2026-05-05 06:24:05.464723+00:00
20024,91503,3367,0,2026-05-05 06:24:05.464723+00:00
20025,91504,3367,0,2026-05-05 06:24:05.464723+00:00
20026,91506,3367,0,2026-05-05 06:24:05.464723+00:00
20027,91507,4044,0,2026-05-05 06:24:05.464723+00:00
20028,91510,3367,-1,2026-05-05 06:24:05.464723+00:00
20029,91511,3367,0,2026-05-05 06:24:05.464723+00:00
20030,91515,3710,-1,2026-05-05 06:24:05.464723+00:00
20031,91515,3367,-1,2026-05-05 06:24:05.464723+00:00
20032,91516,3367,0,2026-05-05 06:24:05.464723+00:00
20033,91523,3367,0,2026-05-05 06:24:05.464723+00:00
20034,91524,3367,1,2026-05-05 06:24:05.464723+00:00
20035,91527,3710,-1,2026-05-05 06:24:05.464723+00:00
20036,91530,3367,1,2026-05-05 06:24:05.464723+00:00
20037,91530,3710,1,2026-05-05 06:24:05.464723+00:00
20038,91534,5284,0,2026-05-05 06:24:05.464723+00:00
20039,91538,3710,1,2026-05-05 06:24:05.464723+00:00
20040,91539,3710,1,2026-05-05 06:24:05.464723+00:00
20041,91540,3327,1,2026-05-05 06:24:05.464723+00:00
20042,91541,3367,1,2026-05-05 06:24:05.464723+00:00
20043,91542,5646,0,2026-05-05 06:24:05.464723+00:00
20044,91543,3710,0,2026-05-05 06:24:05.464723+00:00
20045,91554,3367,0,2026-05-05 06:24:05.464723+00:00
20046,91554,3710,0,2026-05-05 06:24:05.464723+00:00
20047,91555,3710,0,2026-05-05 06:24:05.464723+00:00
20048,91559,3367,1,2026-05-05 06:24:05.464723+00:00
20049,91562,3367,0,2026-05-05 06:24:05.464723+00:00
20050,91564,3609,0,2026-05-05 06:24:05.464723+00:00
20051,91565,3710,0,2026-05-05 06:24:05.464723+00:00
20052,91565,3609,0,2026-05-05 06:24:05.464723+00:00
20053,91565,3367,0,2026-05-05 06:24:05.464723+00:00
20054,91567,3710,1,2026-05-05 06:24:05.464723+00:00
20055,91567,3367,1,2026-05-05 06:24:05.464723+00:00
20056,91568,3710,1,2026-05-05 06:24:05.464723+00:00
20057,91568,3367,1,2026-05-05 06:24:05.464723+00:00
20058,91569,3367,0,2026-05-05 06:24:05.464723+00:00
20059,91570,3710,0,2026-05-05 06:24:05.464723+00:00
20060,91571,4516,0,2026-05-05 06:24:05.464723+00:00
20061,91572,3710,0,2026-05-05 06:24:05.464723+00:00
20062,91573,3710,0,2026-05-05 06:24:05.464723+00:00
20063,91577,3710,0,2026-05-05 06:24:05.464723+00:00
20064,91579,5604,0,2026-05-05 06:24:05.464723+00:00
20065,91581,3710,-1,2026-05-05 06:24:05.464723+00:00
20066,91581,3367,-1,2026-05-05 06:24:05.464723+00:00
20067,91584,3710,-1,2026-05-05 06:24:05.464723+00:00
20068,91597,3126,0,2026-05-05 06:24:05.464723+00:00
20069,91598,3710,1,2026-05-05 06:24:05.464723+00:00
20070,91598,3367,1,2026-05-05 06:24:05.464723+00:00
20071,91599,3367,0,2026-05-05 06:24:05.464723+00:00
20072,91601,3367,0,2026-05-05 06:24:05.464723+00:00
20073,91607,3710,-1,2026-05-05 06:24:05.464723+00:00
20074,91608,3367,0,2026-05-05 06:24:05.464723+00:00
20075,91610,5593,0,2026-05-05 06:24:05.464723+00:00
20076,91614,3710,0,2026-05-05 06:24:05.464723+00:00
20077,91614,3367,0,2026-05-05 06:24:05.464723+00:00
20078,91615,3710,0,2026-05-05 06:24:05.464723+00:00
20079,91615,3367,0,2026-05-05 06:24:05.464723+00:00
20080,91616,5643,0,2026-05-05 06:24:05.464723+00:00
20081,91622,3710,0,2026-05-05 06:24:05.464723+00:00
20082,91626,3710,-1,2026-05-05 06:24:05.464723+00:00
20083,91627,3367,0,2026-05-05 06:24:05.464723+00:00
20084,91627,3710,0,2026-05-05 06:24:05.464723+00:00
20085,91631,3710,1,2026-05-05 06:24:05.464723+00:00
20086,91634,5302,0,2026-05-05 06:24:05.464723+00:00
20087,91636,3367,0,2026-05-05 06:24:05.464723+00:00
20088,91643,3710,0,2026-05-05 06:24:05.464723+00:00
20089,91646,3425,0,2026-05-05 06:24:05.464723+00:00
20090,91656,3367,0,2026-05-05 06:24:05.464723+00:00
20091,91667,5593,0,2026-05-05 06:24:05.464723+00:00
20092,91674,3051,0,2026-05-05 06:24:05.464723+00:00
20093,91677,3710,0,2026-05-05 06:24:05.464723+00:00
20094,91677,3367,0,2026-05-05 06:24:05.464723+00:00
20095,91677,5607,0,2026-05-05 06:24:05.464723+00:00
20096,91677,5719,0,2026-05-05 06:24:05.464723+00:00
20097,91680,5596,1,2026-05-05 06:24:05.464723+00:00
20098,91683,5608,0,2026-05-05 06:24:05.464723+00:00
20099,91684,3710,0,2026-05-05 06:24:05.464723+00:00
20100,91685,5595,0,2026-05-05 06:24:05.464723+00:00
20101,91688,5608,1,2026-05-05 06:24:05.464723+00:00
20102,91699,5608,0,2026-05-05 06:24:05.464723+00:00
20103,91700,3710,0,2026-05-05 06:24:05.464723+00:00
20104,91700,3367,0,2026-05-05 06:24:05.464723+00:00
20105,91701,5607,1,2026-05-05 06:24:05.464723+00:00
20106,91702,5591,1,2026-05-05 06:24:05.464723+00:00
20107,91706,5719,0,2026-05-05 06:24:05.464723+00:00
20108,91707,3554,0,2026-05-05 06:24:05.464723+00:00
20109,91711,5594,0,2026-05-05 06:24:05.464723+00:00
20110,91712,5593,0,2026-05-05 06:24:05.464723+00:00
20111,91717,3367,0,2026-05-05 06:24:05.464723+00:00
20112,91719,3710,-1,2026-05-05 06:24:05.464723+00:00
20113,91726,3710,0,2026-05-05 06:24:05.464723+00:00
20114,91727,5593,-1,2026-05-05 06:24:05.464723+00:00
20115,91729,3710,0,2026-05-05 06:24:05.464723+00:00
20116,91731,3710,0,2026-05-05 06:24:05.464723+00:00
20117,91731,3367,0,2026-05-05 06:24:05.464723+00:00
20118,91732,5595,0,2026-05-05 06:24:05.464723+00:00
20119,91732,5593,0,2026-05-05 06:24:05.464723+00:00
20120,91734,5593,1,2026-05-05 06:24:05.464723+00:00
20121,91737,3710,0,2026-05-05 06:24:05.464723+00:00
20122,91737,3367,0,2026-05-05 06:24:05.464723+00:00
20123,91738,5591,0,2026-05-05 06:24:05.464723+00:00
20124,91749,5593,0,2026-05-05 06:24:05.464723+00:00
20125,91750,3126,0,2026-05-05 06:24:05.464723+00:00
20126,91754,5641,0,2026-05-05 06:24:05.464723+00:00
20127,91754,5593,0,2026-05-05 06:24:05.464723+00:00
20128,91757,5593,1,2026-05-05 06:24:05.464723+00:00
20129,91765,5592,0,2026-05-05 06:24:05.464723+00:00
20130,91766,5601,0,2026-05-05 06:24:05.464723+00:00
20131,91768,5593,1,2026-05-05 06:24:05.464723+00:00
20132,91773,5719,0,2026-05-05 06:24:05.464723+00:00
20133,91773,5591,0,2026-05-05 06:24:05.464723+00:00
20134,91776,5593,1,2026-05-05 06:24:05.464723+00:00
20135,91781,5595,-1,2026-05-05 06:24:05.464723+00:00
20136,91782,5608,0,2026-05-05 06:24:05.464723+00:00
20137,91782,5612,0,2026-05-05 06:24:05.464723+00:00
20138,91783,5626,0,2026-05-05 06:24:05.464723+00:00
20139,91785,3710,0,2026-05-05 06:24:05.464723+00:00
20140,91787,3019,0,2026-05-05 06:24:05.464723+00:00
20141,91790,5624,0,2026-05-05 06:24:05.464723+00:00
20142,91794,3710,0,2026-05-05 06:24:05.464723+00:00
20143,91796,3710,-1,2026-05-05 06:24:05.464723+00:00
20144,91799,5593,1,2026-05-05 06:24:05.464723+00:00
20145,91803,3164,0,2026-05-05 06:24:05.464723+00:00
20146,91805,4394,0,2026-05-05 06:24:05.464723+00:00
20147,91808,5608,1,2026-05-05 06:24:05.464723+00:00
20148,91821,3710,0,2026-05-05 06:24:05.464723+00:00
20149,91821,3367,0,2026-05-05 06:24:05.464723+00:00
20150,91830,3367,0,2026-05-05 06:24:05.464723+00:00
20151,91834,3710,0,2026-05-05 06:24:05.464723+00:00
20152,91834,3367,0,2026-05-05 06:24:05.464723+00:00
20153,91835,3710,1,2026-05-05 06:24:05.464723+00:00
20154,91837,5593,0,2026-05-05 06:24:05.464723+00:00
20155,91838,3367,0,2026-05-05 06:24:05.464723+00:00
20156,91839,5595,0,2026-05-05 06:24:05.464723+00:00
20157,91845,3710,0,2026-05-05 06:24:05.464723+00:00
20158,91846,3710,0,2026-05-05 06:24:05.464723+00:00
20159,91846,5608,0,2026-05-05 06:24:05.464723+00:00
20160,91847,3710,-1,2026-05-05 06:24:05.464723+00:00
20161,91850,3710,0,2026-05-05 06:24:05.464723+00:00
20162,91851,3367,0,2026-05-05 06:24:05.464723+00:00
20163,91855,3710,0,2026-05-05 06:24:05.464723+00:00
20164,91860,5608,0,2026-05-05 06:24:05.464723+00:00
20165,91864,3710,-1,2026-05-05 06:24:05.464723+00:00
20166,91866,3710,0,2026-05-05 06:24:05.464723+00:00
20167,91871,3126,1,2026-05-05 06:24:05.464723+00:00
20168,91873,3758,1,2026-05-05 06:24:05.464723+00:00
20169,91876,3710,0,2026-05-05 06:24:05.464723+00:00
20170,91876,3367,0,2026-05-05 06:24:05.464723+00:00
20171,91882,3367,1,2026-05-05 06:24:05.464723+00:00
20172,91891,3710,0,2026-05-05 06:24:05.464723+00:00
20173,91892,3367,1,2026-05-05 06:24:05.464723+00:00
20174,91892,3710,1,2026-05-05 06:24:05.464723+00:00
20175,91893,3554,1,2026-05-05 06:24:05.464723+00:00
20176,91895,4116,0,2026-05-05 06:24:05.464723+00:00
20177,91896,4044,1,2026-05-05 06:24:05.464723+00:00
20178,91902,3710,1,2026-05-05 06:24:05.464723+00:00
20179,91902,3367,1,2026-05-05 06:24:05.464723+00:00
20180,91903,3710,0,2026-05-05 06:24:05.464723+00:00
20181,91905,3710,0,2026-05-05 06:24:05.464723+00:00
20182,91907,5593,1,2026-05-05 06:24:05.464723+00:00
20183,91910,3710,-1,2026-05-05 06:24:05.464723+00:00
20184,91910,3367,-1,2026-05-05 06:24:05.464723+00:00
20185,91918,5612,0,2026-05-05 06:24:05.464723+00:00
20186,91920,3710,0,2026-05-05 06:24:05.464723+00:00
20187,91923,5592,1,2026-05-05 06:24:05.464723+00:00
20188,91926,5597,0,2026-05-05 06:24:05.464723+00:00
20189,91929,5593,0,2026-05-05 06:24:05.464723+00:00
20190,91931,5593,1,2026-05-05 06:24:05.464723+00:00
20191,91932,5592,0,2026-05-05 06:24:05.464723+00:00
20192,91934,3758,-1,2026-05-05 06:24:05.464723+00:00
20193,91938,5594,1,2026-05-05 06:24:05.464723+00:00
20194,91943,5608,0,2026-05-05 06:24:05.464723+00:00
20195,91949,5608,0,2026-05-05 06:24:05.464723+00:00
20196,91954,5719,1,2026-05-05 06:24:05.464723+00:00
20197,91955,5604,0,2026-05-05 06:24:05.464723+00:00
20198,91956,3710,0,2026-05-05 06:24:05.464723+00:00
20199,91960,3710,1,2026-05-05 06:24:05.464723+00:00
20200,91960,5607,1,2026-05-05 06:24:05.464723+00:00
20201,91964,3367,0,2026-05-05 06:24:05.464723+00:00
20202,91967,3710,0,2026-05-05 06:24:05.464723+00:00
20203,91968,3710,1,2026-05-05 06:24:05.464723+00:00
20204,91969,3367,0,2026-05-05 06:24:05.464723+00:00
20205,91970,3710,1,2026-05-05 06:24:05.464723+00:00
20206,91971,3367,0,2026-05-05 06:24:05.464723+00:00
20207,91973,5607,0,2026-05-05 06:24:05.464723+00:00
20208,91974,3870,0,2026-05-05 06:24:05.464723+00:00
20209,91975,3710,1,2026-05-05 06:24:05.464723+00:00
20210,91977,2962,0,2026-05-05 06:24:05.464723+00:00
20211,91982,3710,0,2026-05-05 06:24:05.464723+00:00
20212,91985,3367,-1,2026-05-05 06:24:05.464723+00:00
20213,91988,3710,1,2026-05-05 06:24:05.464723+00:00
20214,91990,3719,0,2026-05-05 06:24:05.464723+00:00
20215,91991,3710,0,2026-05-05 06:24:05.464723+00:00
20216,91992,3758,0,2026-05-05 06:24:05.464723+00:00
20217,91994,5597,0,2026-05-05 06:24:05.464723+00:00
20218,91994,5592,0,2026-05-05 06:24:05.464723+00:00
20219,91996,3367,-1,2026-05-05 06:24:05.464723+00:00
20220,91996,3710,-1,2026-05-05 06:24:05.464723+00:00
20221,91996,9401,-1,2026-05-05 06:24:05.464723+00:00
20222,91997,3016,0,2026-05-05 06:24:05.464723+00:00
20223,92002,3710,-1,2026-05-05 06:24:05.464723+00:00
20224,92003,3051,0,2026-05-05 06:24:05.464723+00:00
20225,92004,3710,0,2026-05-05 06:24:05.464723+00:00
20226,92014,4225,0,2026-05-05 06:24:05.464723+00:00
20227,92020,3710,1,2026-05-05 06:24:05.464723+00:00
20228,92022,3710,-1,2026-05-05 06:24:05.464723+00:00
20229,92023,3126,0,2026-05-05 06:24:05.464723+00:00
20230,92025,3710,1,2026-05-05 06:24:05.464723+00:00
20231,92029,3710,0,2026-05-05 06:24:05.464723+00:00
20232,92032,3710,-1,2026-05-05 06:24:05.464723+00:00
20233,92033,3710,1,2026-05-05 06:24:05.464723+00:00
20234,92034,3710,1,2026-05-05 06:24:05.464723+00:00
20235,92036,3710,0,2026-05-05 06:24:05.464723+00:00
20236,92037,3710,1,2026-05-05 06:24:05.464723+00:00
20237,92037,3367,1,2026-05-05 06:24:05.464723+00:00
20238,92038,3710,0,2026-05-05 06:24:05.464723+00:00
20239,92039,3710,0,2026-05-05 06:24:05.464723+00:00
20240,92041,3710,0,2026-05-05 06:24:05.464723+00:00
20241,92049,3719,0,2026-05-05 06:24:05.464723+00:00
20242,92052,3772,1,2026-05-05 06:24:05.464723+00:00
20243,92062,3710,0,2026-05-05 06:24:05.464723+00:00
20244,92067,3758,1,2026-05-05 06:24:05.464723+00:00
20245,92069,3367,0,2026-05-05 06:24:05.464723+00:00
20246,92072,3251,0,2026-05-05 06:24:05.464723+00:00
20247,92074,3367,0,2026-05-05 06:24:05.464723+00:00
20248,92075,3367,1,2026-05-05 06:24:05.464723+00:00
20249,92077,3710,-1,2026-05-05 06:24:05.464723+00:00
20250,92077,3367,-1,2026-05-05 06:24:05.464723+00:00
20251,92079,3126,0,2026-05-05 06:24:05.464723+00:00
20252,92082,3367,0,2026-05-05 06:24:05.464723+00:00
20253,92082,3710,0,2026-05-05 06:24:05.464723+00:00
20254,92084,3367,0,2026-05-05 06:24:05.464723+00:00
20255,92084,3710,0,2026-05-05 06:24:05.464723+00:00
20256,92089,3710,0,2026-05-05 06:24:05.464723+00:00
20257,92092,3710,0,2026-05-05 06:24:05.464723+00:00
20258,92093,3710,0,2026-05-05 06:24:05.464723+00:00
20259,92094,5619,0,2026-05-05 06:24:05.464723+00:00
20260,92098,3710,0,2026-05-05 06:24:05.464723+00:00
20261,92098,3367,0,2026-05-05 06:24:05.464723+00:00
20262,92101,3710,0,2026-05-05 06:24:05.464723+00:00
20263,92101,3367,0,2026-05-05 06:24:05.464723+00:00
20264,92102,5607,0,2026-05-05 06:24:05.464723+00:00
20265,92102,5619,0,2026-05-05 06:24:05.464723+00:00
20266,92104,3710,0,2026-05-05 06:24:05.464723+00:00
20267,92116,3710,0,2026-05-05 06:24:05.464723+00:00
20268,92120,3710,-1,2026-05-05 06:24:05.464723+00:00
20269,92132,4679,0,2026-05-05 06:24:05.464723+00:00
20270,92148,3710,0,2026-05-05 06:24:05.464723+00:00
20271,92152,3710,0,2026-05-05 06:24:05.464723+00:00
20272,92156,5646,0,2026-05-05 06:24:05.464723+00:00
20273,92157,3710,0,2026-05-05 06:24:05.464723+00:00
20274,92161,3710,-1,2026-05-05 06:24:05.464723+00:00
20275,92166,3710,0,2026-05-05 06:24:05.464723+00:00
20276,92172,3719,0,2026-05-05 06:24:05.464723+00:00
20277,92172,3710,0,2026-05-05 06:24:05.464723+00:00
20278,92174,3710,0,2026-05-05 06:24:05.464723+00:00
20279,92187,3710,0,2026-05-05 06:24:05.464723+00:00
20280,92189,3367,0,2026-05-05 06:24:05.464723+00:00
20281,92191,3710,0,2026-05-05 06:24:05.464723+00:00
20282,92191,3367,0,2026-05-05 06:24:05.464723+00:00
20283,92192,3710,0,2026-05-05 06:24:05.464723+00:00
20284,92197,3710,0,2026-05-05 06:24:05.464723+00:00
20285,92199,3710,-1,2026-05-05 06:24:05.464723+00:00
20286,92204,3710,0,2026-05-05 06:24:05.464723+00:00
20287,92207,3710,0,2026-05-05 06:24:05.464723+00:00
20288,92207,3367,0,2026-05-05 06:24:05.464723+00:00
20289,92208,3710,0,2026-05-05 06:24:05.464723+00:00
20290,92208,3367,0,2026-05-05 06:24:05.464723+00:00
20291,92209,5596,0,2026-05-05 06:24:05.464723+00:00
20292,92210,3710,0,2026-05-05 06:24:05.464723+00:00
20293,92210,3367,0,2026-05-05 06:24:05.464723+00:00
20294,92211,3710,0,2026-05-05 06:24:05.464723+00:00
20295,92215,3367,0,2026-05-05 06:24:05.464723+00:00
20296,92216,2956,0,2026-05-05 06:24:05.464723+00:00
20297,92217,3710,0,2026-05-05 06:24:05.464723+00:00
20298,92227,3963,0,2026-05-05 06:24:05.464723+00:00
20299,92232,3367,1,2026-05-05 06:24:05.464723+00:00
20300,92232,3710,1,2026-05-05 06:24:05.464723+00:00
20301,92233,3719,0,2026-05-05 06:24:05.464723+00:00
20302,92233,5596,0,2026-05-05 06:24:05.464723+00:00
20303,92235,3710,0,2026-05-05 06:24:05.464723+00:00
20304,92236,3710,0,2026-05-05 06:24:05.464723+00:00
20305,92244,4120,0,2026-05-05 06:24:05.464723+00:00
20306,92247,5608,1,2026-05-05 06:24:05.464723+00:00
20307,92249,3416,0,2026-05-05 06:24:05.464723+00:00
20308,92250,3719,-1,2026-05-05 06:24:05.464723+00:00
20309,92250,3710,-1,2026-05-05 06:24:05.464723+00:00
20310,92251,3367,0,2026-05-05 06:24:05.464723+00:00
20311,92251,3710,0,2026-05-05 06:24:05.464723+00:00
20312,92253,3710,-1,2026-05-05 06:24:05.464723+00:00
20313,92255,3367,0,2026-05-05 06:24:05.464723+00:00
20314,92255,3710,0,2026-05-05 06:24:05.464723+00:00
20315,92256,3367,0,2026-05-05 06:24:05.464723+00:00
20316,92256,3710,0,2026-05-05 06:24:05.464723+00:00
20317,92262,3710,-1,2026-05-05 06:24:05.464723+00:00
20318,92265,3710,1,2026-05-05 06:24:05.464723+00:00
20319,92265,3367,1,2026-05-05 06:24:05.464723+00:00
20320,92270,3710,0,2026-05-05 06:24:05.464723+00:00
20321,92273,3367,1,2026-05-05 06:24:05.464723+00:00
20322,92274,3710,-1,2026-05-05 06:24:05.464723+00:00
20323,92275,3710,1,2026-05-05 06:24:05.464723+00:00
20324,92276,3710,0,2026-05-05 06:24:05.464723+00:00
20325,92278,3710,0,2026-05-05 06:24:05.464723+00:00
20326,92280,3316,1,2026-05-05 06:24:05.464723+00:00
20327,92282,5595,1,2026-05-05 06:24:05.464723+00:00
20328,92288,5597,0,2026-05-05 06:24:05.464723+00:00
20329,92291,5607,1,2026-05-05 06:24:05.464723+00:00
20330,92291,5719,1,2026-05-05 06:24:05.464723+00:00
20331,92294,3367,0,2026-05-05 06:24:05.464723+00:00
20332,92301,5265,0,2026-05-05 06:24:05.464723+00:00
20333,92303,5595,0,2026-05-05 06:24:05.464723+00:00
20334,92304,5607,0,2026-05-05 06:24:05.464723+00:00
20335,92304,5719,0,2026-05-05 06:24:05.464723+00:00
20336,92306,3367,0,2026-05-05 06:24:05.464723+00:00
20337,92306,3710,0,2026-05-05 06:24:05.464723+00:00
20338,92307,5607,1,2026-05-05 06:24:05.464723+00:00
20339,92309,5612,0,2026-05-05 06:24:05.464723+00:00
20340,92314,3710,0,2026-05-05 06:24:05.464723+00:00
20341,92315,4439,-1,2026-05-05 06:24:05.464723+00:00
20342,92318,3710,0,2026-05-05 06:24:05.464723+00:00
20343,92320,5615,0,2026-05-05 06:24:05.464723+00:00
20344,92321,5646,-1,2026-05-05 06:24:05.464723+00:00
20345,92325,5607,0,2026-05-05 06:24:05.464723+00:00
20346,92329,5719,0,2026-05-05 06:24:05.464723+00:00
20347,92332,4394,0,2026-05-05 06:24:05.464723+00:00
20348,92334,3710,0,2026-05-05 06:24:05.464723+00:00
20349,92334,3367,0,2026-05-05 06:24:05.464723+00:00
20350,92335,3710,0,2026-05-05 06:24:05.464723+00:00
20351,92335,3367,0,2026-05-05 06:24:05.464723+00:00
20352,92336,4439,0,2026-05-05 06:24:05.464723+00:00
20353,92338,4439,0,2026-05-05 06:24:05.464723+00:00
20354,92339,5646,0,2026-05-05 06:24:05.464723+00:00
20355,92342,3710,0,2026-05-05 06:24:05.464723+00:00
20356,92342,3367,0,2026-05-05 06:24:05.464723+00:00
20357,92343,3710,0,2026-05-05 06:24:05.464723+00:00
20358,92343,3367,0,2026-05-05 06:24:05.464723+00:00
20359,92344,3710,0,2026-05-05 06:24:05.464723+00:00
20360,92344,3367,0,2026-05-05 06:24:05.464723+00:00
20361,92345,3710,0,2026-05-05 06:24:05.464723+00:00
20362,92345,3367,0,2026-05-05 06:24:05.464723+00:00
20363,92346,3710,0,2026-05-05 06:24:05.464723+00:00
20364,92346,3367,0,2026-05-05 06:24:05.464723+00:00
20365,92351,5634,0,2026-05-05 06:24:05.464723+00:00
20366,92352,4439,0,2026-05-05 06:24:05.464723+00:00
20367,92353,3581,0,2026-05-05 06:24:05.464723+00:00
20368,92354,3367,1,2026-05-05 06:24:05.464723+00:00
20369,92355,3367,0,2026-05-05 06:24:05.464723+00:00
20370,92355,3710,0,2026-05-05 06:24:05.464723+00:00
20371,92358,3710,0,2026-05-05 06:24:05.464723+00:00
20372,92359,3367,1,2026-05-05 06:24:05.464723+00:00
20373,92359,3710,1,2026-05-05 06:24:05.464723+00:00
20374,92361,3710,0,2026-05-05 06:24:05.464723+00:00
20375,92364,3367,1,2026-05-05 06:24:05.464723+00:00
20376,92365,5265,0,2026-05-05 06:24:05.464723+00:00
20377,92366,5612,0,2026-05-05 06:24:05.464723+00:00
20378,92367,3710,0,2026-05-05 06:24:05.464723+00:00
20379,92367,3367,0,2026-05-05 06:24:05.464723+00:00
20380,92368,5612,0,2026-05-05 06:24:05.464723+00:00
20381,92369,5350,0,2026-05-05 06:24:05.464723+00:00
20382,92375,3438,0,2026-05-05 06:24:05.464723+00:00
20383,92377,4530,0,2026-05-05 06:24:05.464723+00:00
20384,92381,3367,0,2026-05-05 06:24:05.464723+00:00
20385,92382,3710,0,2026-05-05 06:24:05.464723+00:00
20386,92383,3051,0,2026-05-05 06:24:05.464723+00:00
20387,92385,3051,0,2026-05-05 06:24:05.464723+00:00
20388,92386,3367,0,2026-05-05 06:24:05.464723+00:00
20389,92389,3367,0,2026-05-05 06:24:05.464723+00:00
20390,92389,3710,0,2026-05-05 06:24:05.464723+00:00
20391,92390,13959,0,2026-05-05 06:24:05.464723+00:00
20392,92394,3367,0,2026-05-05 06:24:05.464723+00:00
20393,92398,3710,0,2026-05-05 06:24:05.464723+00:00
20394,92398,3367,0,2026-05-05 06:24:05.464723+00:00
20395,92400,5265,0,2026-05-05 06:24:05.464723+00:00
20396,92404,3367,0,2026-05-05 06:24:05.464723+00:00
20397,92405,3271,0,2026-05-05 06:24:05.464723+00:00
20398,92410,3710,-1,2026-05-05 06:24:05.464723+00:00
20399,92412,3710,0,2026-05-05 06:24:05.464723+00:00
20400,92413,5646,0,2026-05-05 06:24:05.464723+00:00
20401,92415,3367,0,2026-05-05 06:24:05.464723+00:00
20402,92417,3710,0,2026-05-05 06:24:05.464723+00:00
20403,92418,5291,0,2026-05-05 06:24:05.464723+00:00
20404,92419,4770,0,2026-05-05 06:24:05.464723+00:00
20405,92421,4770,1,2026-05-05 06:24:05.464723+00:00
20406,92422,3367,0,2026-05-05 06:24:05.464723+00:00
20407,92425,3710,0,2026-05-05 06:24:05.464723+00:00
20408,92426,3710,1,2026-05-05 06:24:05.464723+00:00
20409,92427,3710,-1,2026-05-05 06:24:05.464723+00:00
20410,92428,3710,0,2026-05-05 06:24:05.464723+00:00
20411,92428,3367,0,2026-05-05 06:24:05.464723+00:00
20412,92430,3367,1,2026-05-05 06:24:05.464723+00:00
20413,92431,3367,0,2026-05-05 06:24:05.464723+00:00
20414,92437,5595,0,2026-05-05 06:24:05.464723+00:00
20415,92439,3367,0,2026-05-05 06:24:05.464723+00:00
20416,92442,3367,0,2026-05-05 06:24:05.464723+00:00
20417,92445,3710,0,2026-05-05 06:24:05.464723+00:00
20418,92450,3367,0,2026-05-05 06:24:05.464723+00:00
20419,92451,3367,1,2026-05-05 06:24:05.464723+00:00
20420,92452,3710,0,2026-05-05 06:24:05.464723+00:00
20421,92454,3367,0,2026-05-05 06:24:05.464723+00:00
20422,92460,3710,1,2026-05-05 06:24:05.464723+00:00
20423,92460,3367,1,2026-05-05 06:24:05.464723+00:00
20424,92463,3710,-1,2026-05-05 06:24:05.464723+00:00
20425,92464,3271,0,2026-05-05 06:24:05.464723+00:00
20426,92465,3367,0,2026-05-05 06:24:05.464723+00:00
20427,92467,3798,1,2026-05-05 06:24:05.464723+00:00
20428,92468,3710,0,2026-05-05 06:24:05.464723+00:00
20429,92469,3710,0,2026-05-05 06:24:05.464723+00:00
20430,92471,3367,0,2026-05-05 06:24:05.464723+00:00
20431,92471,3710,0,2026-05-05 06:24:05.464723+00:00
20432,92472,3710,-1,2026-05-05 06:24:05.464723+00:00
20433,92473,10264,1,2026-05-05 06:24:05.464723+00:00
20434,92474,3710,1,2026-05-05 06:24:05.464723+00:00
20435,92477,3710,1,2026-05-05 06:24:05.464723+00:00
20436,92477,5656,1,2026-05-05 06:24:05.464723+00:00
20437,92478,5646,0,2026-05-05 06:24:05.464723+00:00
20438,92480,3710,0,2026-05-05 06:24:05.464723+00:00
20439,92483,3710,0,2026-05-05 06:24:05.464723+00:00
20440,92490,5265,0,2026-05-05 06:24:05.464723+00:00
20441,92491,4530,1,2026-05-05 06:24:05.464723+00:00
20442,92493,3367,1,2026-05-05 06:24:05.464723+00:00
20443,92493,3710,1,2026-05-05 06:24:05.464723+00:00
20444,92495,3710,0,2026-05-05 06:24:05.464723+00:00
20445,92496,3051,0,2026-05-05 06:24:05.464723+00:00
20446,92497,3271,1,2026-05-05 06:24:05.464723+00:00
20447,92500,3710,-1,2026-05-05 06:24:05.464723+00:00
20448,92501,5034,0,2026-05-05 06:24:05.464723+00:00
20449,92502,3367,1,2026-05-05 06:24:05.464723+00:00
20450,92507,3367,0,2026-05-05 06:24:05.464723+00:00
20451,92508,3710,1,2026-05-05 06:24:05.464723+00:00
20452,92509,3710,-1,2026-05-05 06:24:05.464723+00:00
20453,92510,3710,0,2026-05-05 06:24:05.464723+00:00
20454,92511,3710,0,2026-05-05 06:24:05.464723+00:00
20455,92512,3710,0,2026-05-05 06:24:05.464723+00:00
20456,92518,3051,1,2026-05-05 06:24:05.464723+00:00
20457,92519,3710,-1,2026-05-05 06:24:05.464723+00:00
20458,92520,3710,0,2026-05-05 06:24:05.464723+00:00
20459,92521,3710,0,2026-05-05 06:24:05.464723+00:00
20460,92522,3367,0,2026-05-05 06:24:05.464723+00:00
20461,92527,3710,0,2026-05-05 06:24:05.464723+00:00
20462,92533,3710,1,2026-05-05 06:24:05.464723+00:00
20463,92533,3367,1,2026-05-05 06:24:05.464723+00:00
20464,92534,3587,0,2026-05-05 06:24:05.464723+00:00
20465,92535,3327,0,2026-05-05 06:24:05.464723+00:00
20466,92550,3710,1,2026-05-05 06:24:05.464723+00:00
20467,92553,3710,0,2026-05-05 06:24:05.464723+00:00
20468,92553,3367,0,2026-05-05 06:24:05.464723+00:00
20469,92554,3710,0,2026-05-05 06:24:05.464723+00:00
20470,92554,3367,0,2026-05-05 06:24:05.464723+00:00
20471,92555,3710,0,2026-05-05 06:24:05.464723+00:00
20472,92555,3367,0,2026-05-05 06:24:05.464723+00:00
20473,92558,3367,0,2026-05-05 06:24:05.464723+00:00
20474,92558,3710,0,2026-05-05 06:24:05.464723+00:00
20475,92563,5591,0,2026-05-05 06:24:05.464723+00:00
20476,92566,3367,1,2026-05-05 06:24:05.464723+00:00
20477,92569,3710,0,2026-05-05 06:24:05.464723+00:00
20478,92569,3367,0,2026-05-05 06:24:05.464723+00:00
20479,92574,3581,0,2026-05-05 06:24:05.464723+00:00
20480,92580,3710,0,2026-05-05 06:24:05.464723+00:00
20481,92585,3367,0,2026-05-05 06:24:05.464723+00:00
20482,92585,3719,0,2026-05-05 06:24:05.464723+00:00
20483,92585,3710,0,2026-05-05 06:24:05.464723+00:00
20484,92658,3371,0,2026-05-05 06:24:05.464723+00:00
20485,92658,3425,0,2026-05-05 06:24:05.464723+00:00
20486,92658,3556,0,2026-05-05 06:24:05.464723+00:00
20487,92658,3710,0,2026-05-05 06:24:05.464723+00:00
20488,92658,3609,0,2026-05-05 06:24:05.464723+00:00
20489,92658,3382,0,2026-05-05 06:24:05.464723+00:00
20490,92660,3710,0,2026-05-05 06:24:05.464723+00:00
20491,92665,3710,0,2026-05-05 06:24:05.464723+00:00
20492,92676,3710,0,2026-05-05 06:24:05.464723+00:00
20493,92686,3719,0,2026-05-05 06:24:05.464723+00:00
20494,92691,3710,0,2026-05-05 06:24:05.464723+00:00
20495,92701,3710,1,2026-05-05 06:24:05.464723+00:00
20496,92701,3367,1,2026-05-05 06:24:05.464723+00:00
20497,92703,5597,0,2026-05-05 06:24:05.464723+00:00
20498,92704,4394,0,2026-05-05 06:24:05.464723+00:00
20499,92708,3367,1,2026-05-05 06:24:05.464723+00:00
20500,92710,3710,0,2026-05-05 06:24:05.464723+00:00
20501,92710,3367,0,2026-05-05 06:24:05.464723+00:00
20502,92711,3710,0,2026-05-05 06:24:05.464723+00:00
20503,92711,3367,0,2026-05-05 06:24:05.464723+00:00
20504,92715,3367,0,2026-05-05 06:24:05.464723+00:00
20505,92719,4496,0,2026-05-05 06:24:05.464723+00:00
20506,92722,3710,0,2026-05-05 06:24:05.464723+00:00
20507,92726,5608,0,2026-05-05 06:24:05.464723+00:00
20508,92731,3719,-1,2026-05-05 06:24:05.464723+00:00
20509,92732,5608,1,2026-05-05 06:24:05.464723+00:00
20510,92735,5591,1,2026-05-05 06:24:05.464723+00:00
20511,92740,3367,0,2026-05-05 06:24:05.464723+00:00
20512,92741,3646,0,2026-05-05 06:24:05.464723+00:00
20513,92742,3556,0,2026-05-05 06:24:05.464723+00:00
20514,92744,3051,0,2026-05-05 06:24:05.464723+00:00
20515,92758,5591,0,2026-05-05 06:24:05.464723+00:00
20516,92760,3710,0,2026-05-05 06:24:05.464723+00:00
20517,92761,4680,0,2026-05-05 06:24:05.464723+00:00
20518,92767,3367,0,2026-05-05 06:24:05.464723+00:00
20519,92768,5591,0,2026-05-05 06:24:05.464723+00:00
20520,92769,3035,0,2026-05-05 06:24:05.464723+00:00
20521,92772,3556,0,2026-05-05 06:24:05.464723+00:00
20522,92776,4761,0,2026-05-05 06:24:05.464723+00:00
20523,92778,3209,0,2026-05-05 06:24:05.464723+00:00
20524,92779,3367,0,2026-05-05 06:24:05.464723+00:00
20525,92784,2964,0,2026-05-05 06:24:05.464723+00:00
20526,92786,3710,0,2026-05-05 06:24:05.464723+00:00
20527,92786,5591,0,2026-05-05 06:24:05.464723+00:00
20528,92786,5608,0,2026-05-05 06:24:05.464723+00:00
20529,92789,3710,0,2026-05-05 06:24:05.464723+00:00
20530,92789,3367,0,2026-05-05 06:24:05.464723+00:00
20531,92857,3367,0,2026-05-05 06:55:33.746405+00:00
20532,92857,5719,0,2026-05-05 06:55:33.746405+00:00
20533,93067,3710,0,2026-05-05 06:55:33.746405+00:00
20534,93186,3367,1,2026-05-05 06:55:33.746405+00:00
20535,93216,3367,-1,2026-05-05 06:55:33.746405+00:00
20536,93246,3327,1,2026-05-05 06:55:33.746405+00:00
20537,93276,3710,0,2026-05-05 06:55:33.746405+00:00
20538,93306,3367,0,2026-05-05 06:55:33.746405+00:00
20539,93336,3710,1,2026-05-05 06:55:33.746405+00:00
20540,93455,3126,0,2026-05-05 06:55:33.746405+00:00
20541,93486,5595,-1,2026-05-05 06:55:33.746405+00:00
20542,93576,3126,1,2026-05-05 06:55:33.746405+00:00
20543,93636,5593,1,2026-05-05 06:55:33.746405+00:00
20544,93665,3710,1,2026-05-05 06:55:33.746405+00:00
20545,93665,5607,1,2026-05-05 06:55:33.746405+00:00
20546,93695,3719,0,2026-05-05 06:55:33.746405+00:00
20547,93696,3710,0,2026-05-05 06:55:33.746405+00:00
20548,93725,3710,1,2026-05-05 06:55:33.746405+00:00
20549,93996,5607,1,2026-05-05 06:55:33.746405+00:00
20550,93996,5719,1,2026-05-05 06:55:33.746405+00:00
20551,94025,5615,0,2026-05-05 06:55:33.746405+00:00
20552,94026,5646,-1,2026-05-05 06:55:33.746405+00:00
20553,94056,5634,0,2026-05-05 06:55:33.746405+00:00
20554,94086,3367,0,2026-05-05 06:55:33.746405+00:00
20555,94115,3710,-1,2026-05-05 06:55:33.746405+00:00
20556,94176,3367,0,2026-05-05 06:55:33.746405+00:00
20557,94176,3710,0,2026-05-05 06:55:33.746405+00:00
20558,94205,3710,-1,2026-05-05 06:55:33.746405+00:00
20559,94206,5034,0,2026-05-05 06:55:33.746405+00:00
20560,94451,5607,0,2026-05-05 07:26:11.337349+00:00
20561,94541,3710,0,2026-05-05 07:26:11.337349+00:00
20562,94572,3367,0,2026-05-05 07:26:11.337349+00:00
20563,94632,3710,0,2026-05-05 07:26:11.337349+00:00
20564,94661,4805,0,2026-05-05 07:26:11.337349+00:00
20565,94691,3367,0,2026-05-05 07:26:11.337349+00:00
20566,94692,3609,0,2026-05-05 07:26:11.337349+00:00
20567,94721,3710,0,2026-05-05 07:26:11.337349+00:00
20568,94811,3710,1,2026-05-05 07:26:11.337349+00:00
20569,94841,3367,0,2026-05-05 07:26:11.337349+00:00
20570,94998,3710,-1,2026-05-05 07:26:11.337349+00:00
20571,95002,9948,0,2026-05-05 07:26:11.337349+00:00
20572,95002,11241,0,2026-05-05 07:26:11.337349+00:00
20573,95003,3710,0,2026-05-05 07:26:11.337349+00:00
20574,95008,3367,0,2026-05-05 07:26:11.337349+00:00
20575,95012,3734,0,2026-05-05 07:26:11.337349+00:00
20576,95017,9401,0,2026-05-05 07:26:11.337349+00:00
20577,95017,10883,0,2026-05-05 07:26:11.337349+00:00
20578,95018,3710,0,2026-05-05 07:26:11.337349+00:00
20579,95025,8492,0,2026-05-05 07:26:11.337349+00:00
20580,95030,3367,1,2026-05-05 07:26:11.337349+00:00
20581,95034,3367,0,2026-05-05 07:26:11.337349+00:00
20582,95038,5719,0,2026-05-05 07:26:11.337349+00:00
20583,95039,3710,0,2026-05-05 07:26:11.337349+00:00
20584,95043,3074,0,2026-05-05 07:26:11.337349+00:00
20585,95043,3734,0,2026-05-05 07:26:11.337349+00:00
20586,95046,9125,0,2026-05-05 07:26:11.337349+00:00
20587,95051,3996,0,2026-05-05 07:26:11.337349+00:00
20588,95052,3710,1,2026-05-05 07:26:11.337349+00:00
20589,95054,3710,0,2026-05-05 07:26:11.337349+00:00
20590,95054,3367,0,2026-05-05 07:26:11.337349+00:00
20591,95070,3367,0,2026-05-05 07:26:11.337349+00:00
20592,95123,5593,0,2026-05-05 07:26:11.337349+00:00
20593,95131,5596,0,2026-05-05 07:26:11.337349+00:00
20594,95132,5595,1,2026-05-05 07:26:11.337349+00:00
20595,95141,4394,0,2026-05-05 07:56:36.836135+00:00
20596,95143,3710,-1,2026-05-05 07:56:36.836135+00:00
20597,95146,3710,0,2026-05-05 07:56:36.836135+00:00
20598,95172,3710,0,2026-05-05 07:56:36.836135+00:00
20599,95203,3213,0,2026-05-05 07:56:36.836135+00:00
20600,95206,3710,0,2026-05-05 07:56:36.836135+00:00
20601,95206,3367,0,2026-05-05 07:56:36.836135+00:00
20602,95231,5607,0,2026-05-05 07:56:36.836135+00:00
20603,95233,3367,0,2026-05-05 07:56:36.836135+00:00
20604,95233,5607,0,2026-05-05 07:56:36.836135+00:00
20605,95233,3710,0,2026-05-05 07:56:36.836135+00:00
20606,95234,5607,0,2026-05-05 07:56:36.836135+00:00
20607,95236,5607,0,2026-05-05 07:56:36.836135+00:00
20608,95263,5631,0,2026-05-05 07:56:36.836135+00:00
20609,95263,3710,0,2026-05-05 07:56:36.836135+00:00
20610,95264,5596,1,2026-05-05 07:56:36.836135+00:00
20611,95295,3367,0,2026-05-05 07:56:36.836135+00:00
20612,95325,3367,0,2026-05-05 07:56:36.836135+00:00
20613,95352,3367,1,2026-05-05 07:56:36.836135+00:00
20614,95352,3710,1,2026-05-05 07:56:36.836135+00:00
20615,95356,3367,0,2026-05-05 07:56:36.836135+00:00
20616,95384,3367,0,2026-05-05 07:56:36.836135+00:00
20617,95385,3710,-1,2026-05-05 07:56:36.836135+00:00
20618,95444,2988,0,2026-05-05 07:56:36.836135+00:00
20619,95471,3367,0,2026-05-05 07:56:36.836135+00:00
20620,95471,3710,0,2026-05-05 07:56:36.836135+00:00
20621,95472,3367,0,2026-05-05 07:56:36.836135+00:00
20622,95473,3068,0,2026-05-05 07:56:36.836135+00:00
20623,95475,3758,0,2026-05-05 07:56:36.836135+00:00
20624,95476,3367,0,2026-05-05 07:56:36.836135+00:00
20625,95501,3367,0,2026-05-05 07:56:36.836135+00:00
20626,95502,3367,0,2026-05-05 07:56:36.836135+00:00
20627,95502,3441,0,2026-05-05 07:56:36.836135+00:00
20628,95503,3710,-1,2026-05-05 07:56:36.836135+00:00
20629,95504,3710,0,2026-05-05 07:56:36.836135+00:00
20630,95505,5719,0,2026-05-05 07:56:36.836135+00:00
20631,95690,3710,0,2026-05-05 08:58:16.736808+00:00
20632,95722,3710,0,2026-05-05 08:58:16.736808+00:00
20633,95725,5591,0,2026-05-05 08:58:16.736808+00:00
20634,95725,5608,0,2026-05-05 08:58:16.736808+00:00
20635,95749,4530,1,2026-05-05 08:58:16.736808+00:00
20636,95752,3710,0,2026-05-05 08:58:16.736808+00:00
20637,95755,3719,0,2026-05-05 08:58:16.736808+00:00
20638,95779,5607,0,2026-05-05 08:58:16.736808+00:00
20639,95782,3719,0,2026-05-05 08:58:16.736808+00:00
20640,95811,3367,0,2026-05-05 08:58:16.736808+00:00
20641,95843,3367,0,2026-05-05 08:58:16.736808+00:00
20642,95846,3367,0,2026-05-05 08:58:16.736808+00:00
20643,95899,3710,0,2026-05-05 08:58:16.736808+00:00
20644,95899,3367,0,2026-05-05 08:58:16.736808+00:00
20645,95931,3710,0,2026-05-05 08:58:16.736808+00:00
20646,95933,3710,0,2026-05-05 08:58:16.736808+00:00
20647,95933,3367,0,2026-05-05 08:58:16.736808+00:00
20648,95934,5719,0,2026-05-05 08:58:16.736808+00:00
20649,95936,3367,0,2026-05-05 08:58:16.736808+00:00
20650,95961,3710,-1,2026-05-05 08:58:16.736808+00:00
20651,95990,3367,0,2026-05-05 08:58:16.736808+00:00
20652,95991,3367,0,2026-05-05 08:58:16.736808+00:00
20653,95994,3710,0,2026-05-05 08:58:16.736808+00:00
20654,96020,3367,0,2026-05-05 08:58:16.736808+00:00
20655,96021,3068,0,2026-05-05 08:58:16.736808+00:00
20656,96022,3367,0,2026-05-05 08:58:16.736808+00:00
20657,96024,3710,-1,2026-05-05 08:58:16.736808+00:00
20658,96051,3710,0,2026-05-05 08:58:16.736808+00:00
20659,96051,3367,0,2026-05-05 08:58:16.736808+00:00
20660,96052,3367,-1,2026-05-05 08:58:16.736808+00:00
20661,96053,5607,0,2026-05-05 08:58:16.736808+00:00
20662,96054,3367,0,2026-05-05 08:58:16.736808+00:00
20663,96084,3367,0,2026-05-05 08:58:16.736808+00:00
20664,96090,3367,0,2026-05-05 08:58:16.736808+00:00
20665,96109,3710,0,2026-05-05 08:58:16.736808+00:00
20666,96109,3367,0,2026-05-05 08:58:16.736808+00:00
20667,96112,3367,0,2026-05-05 08:58:16.736808+00:00
20668,96115,3367,0,2026-05-05 08:58:16.736808+00:00
20669,96116,3367,0,2026-05-05 08:58:16.736808+00:00
20670,96118,3367,0,2026-05-05 08:58:16.736808+00:00
20671,96119,4044,0,2026-05-05 08:58:16.736808+00:00
20672,96139,3710,-1,2026-05-05 08:58:16.736808+00:00
20673,96142,3367,1,2026-05-05 08:58:16.736808+00:00
20674,96142,3710,1,2026-05-05 08:58:16.736808+00:00
20675,96146,5284,0,2026-05-05 08:58:16.736808+00:00
20676,96150,3710,1,2026-05-05 08:58:16.736808+00:00
20677,96171,3367,1,2026-05-05 08:58:16.736808+00:00
20678,96174,3367,0,2026-05-05 08:58:16.736808+00:00
20679,96176,3609,0,2026-05-05 08:58:16.736808+00:00
20680,96177,3710,0,2026-05-05 08:58:16.736808+00:00
20681,96177,3609,0,2026-05-05 08:58:16.736808+00:00
20682,96177,3367,0,2026-05-05 08:58:16.736808+00:00
20683,96179,3710,1,2026-05-05 08:58:16.736808+00:00
20684,96179,3367,1,2026-05-05 08:58:16.736808+00:00
20685,96180,3710,1,2026-05-05 08:58:16.736808+00:00
20686,96180,3367,1,2026-05-05 08:58:16.736808+00:00
20687,96208,3126,0,2026-05-05 08:58:16.736808+00:00
20688,96209,3710,1,2026-05-05 08:58:16.736808+00:00
20689,96209,3367,1,2026-05-05 08:58:16.736808+00:00
20690,96210,3367,0,2026-05-05 08:58:16.736808+00:00
20691,96233,3710,0,2026-05-05 08:58:16.736808+00:00
20692,96237,3710,-1,2026-05-05 08:58:16.736808+00:00
20693,96238,3367,0,2026-05-05 08:58:16.736808+00:00
20694,96238,3710,0,2026-05-05 08:58:16.736808+00:00
20695,96267,3367,0,2026-05-05 08:58:16.736808+00:00
20696,96291,5596,1,2026-05-05 08:58:16.736808+00:00
20697,96294,5608,0,2026-05-05 08:58:16.736808+00:00
20698,96295,3710,0,2026-05-05 08:58:16.736808+00:00
20699,96296,5595,0,2026-05-05 08:58:16.736808+00:00
20700,96299,5608,1,2026-05-05 08:58:16.736808+00:00
20701,96322,5594,0,2026-05-05 08:58:16.736808+00:00
20702,96323,5593,0,2026-05-05 08:58:16.736808+00:00
20703,96328,3367,0,2026-05-05 08:58:16.736808+00:00
20704,96330,3710,-1,2026-05-05 08:58:16.736808+00:00
20705,96349,5591,0,2026-05-05 08:58:16.736808+00:00
20706,96360,5593,0,2026-05-05 08:58:16.736808+00:00
20707,96379,5593,1,2026-05-05 08:58:16.736808+00:00
20708,96384,5719,0,2026-05-05 08:58:16.736808+00:00
20709,96384,5591,0,2026-05-05 08:58:16.736808+00:00
20710,96387,5593,1,2026-05-05 08:58:16.736808+00:00
20711,96410,5593,1,2026-05-05 08:58:16.736808+00:00
20712,96414,3164,0,2026-05-05 08:58:16.736808+00:00
20713,96416,4394,0,2026-05-05 08:58:16.736808+00:00
20714,96419,5608,1,2026-05-05 08:58:16.736808+00:00
20715,96441,3367,0,2026-05-05 08:58:16.736808+00:00
20716,96445,3710,0,2026-05-05 08:58:16.736808+00:00
20717,96445,3367,0,2026-05-05 08:58:16.736808+00:00
20718,96446,3710,1,2026-05-05 08:58:16.736808+00:00
20719,96448,5593,0,2026-05-05 08:58:16.736808+00:00
20720,96449,3367,0,2026-05-05 08:58:16.736808+00:00
20721,96450,5595,0,2026-05-05 08:58:16.736808+00:00
20722,96471,5608,0,2026-05-05 08:58:16.736808+00:00
20723,96475,3710,-1,2026-05-05 08:58:16.736808+00:00
20724,96477,3710,0,2026-05-05 08:58:16.736808+00:00
20725,96502,3710,0,2026-05-05 08:58:16.736808+00:00
20726,96503,3367,1,2026-05-05 08:58:16.736808+00:00
20727,96503,3710,1,2026-05-05 08:58:16.736808+00:00
20728,96504,3554,1,2026-05-05 08:58:16.736808+00:00
20729,96506,4116,0,2026-05-05 08:58:16.736808+00:00
20730,96507,4044,1,2026-05-05 08:58:16.736808+00:00
20731,96529,5612,0,2026-05-05 08:58:16.736808+00:00
20732,96531,3710,0,2026-05-05 08:58:16.736808+00:00
20733,96534,5592,1,2026-05-05 08:58:16.736808+00:00
20734,96537,5597,0,2026-05-05 08:58:16.736808+00:00
20735,96540,5593,0,2026-05-05 08:58:16.736808+00:00
20736,96560,5608,0,2026-05-05 08:58:16.736808+00:00
20737,96565,5719,1,2026-05-05 08:58:16.736808+00:00
20738,96566,5604,0,2026-05-05 08:58:16.736808+00:00
20739,96567,3710,0,2026-05-05 08:58:16.736808+00:00
20740,96593,3710,0,2026-05-05 08:58:16.736808+00:00
20741,96596,3367,-1,2026-05-05 08:58:16.736808+00:00
20742,96599,3710,1,2026-05-05 08:58:16.736808+00:00
20743,96625,4225,0,2026-05-05 08:58:16.736808+00:00
20744,96649,3710,0,2026-05-05 08:58:16.736808+00:00
20745,96650,3710,0,2026-05-05 08:58:16.736808+00:00
20746,96652,3710,0,2026-05-05 08:58:16.736808+00:00
20747,96660,3719,0,2026-05-05 08:58:16.736808+00:00
20748,96680,3367,0,2026-05-05 08:58:16.736808+00:00
20749,96683,3251,0,2026-05-05 08:58:16.736808+00:00
20750,96685,3367,0,2026-05-05 08:58:16.736808+00:00
20751,96686,3367,1,2026-05-05 08:58:16.736808+00:00
20752,96688,3710,-1,2026-05-05 08:58:16.736808+00:00
20753,96688,3367,-1,2026-05-05 08:58:16.736808+00:00
20754,96690,3126,0,2026-05-05 08:58:16.736808+00:00
20755,96709,3710,0,2026-05-05 08:58:16.736808+00:00
20756,96709,3367,0,2026-05-05 08:58:16.736808+00:00
20757,96712,3710,0,2026-05-05 08:58:16.736808+00:00
20758,96712,3367,0,2026-05-05 08:58:16.736808+00:00
20759,96713,5607,0,2026-05-05 08:58:16.736808+00:00
20760,96713,5619,0,2026-05-05 08:58:16.736808+00:00
20761,96715,3710,0,2026-05-05 08:58:16.736808+00:00
20762,96743,4679,0,2026-05-05 08:58:16.736808+00:00
20763,96772,3710,-1,2026-05-05 08:58:16.736808+00:00
20764,96777,3710,0,2026-05-05 08:58:16.736808+00:00
20765,96800,3367,0,2026-05-05 08:58:16.736808+00:00
20766,96802,3710,0,2026-05-05 08:58:16.736808+00:00
20767,96802,3367,0,2026-05-05 08:58:16.736808+00:00
20768,96803,3710,0,2026-05-05 08:58:16.736808+00:00
20769,96808,3710,0,2026-05-05 08:58:16.736808+00:00
20770,96810,3710,-1,2026-05-05 08:58:16.736808+00:00
20771,96838,3963,0,2026-05-05 08:58:16.736808+00:00
20772,96860,3416,0,2026-05-05 08:58:16.736808+00:00
20773,96861,3719,-1,2026-05-05 08:58:16.736808+00:00
20774,96861,3710,-1,2026-05-05 08:58:16.736808+00:00
20775,96862,3367,0,2026-05-05 08:58:16.736808+00:00
20776,96862,3710,0,2026-05-05 08:58:16.736808+00:00
20777,96864,3710,-1,2026-05-05 08:58:16.736808+00:00
20778,96866,3367,0,2026-05-05 08:58:16.736808+00:00
20779,96866,3710,0,2026-05-05 08:58:16.736808+00:00
20780,96867,3367,0,2026-05-05 08:58:16.736808+00:00
20781,96867,3710,0,2026-05-05 08:58:16.736808+00:00
20782,96889,3710,0,2026-05-05 08:58:16.736808+00:00
20783,96891,3316,1,2026-05-05 08:58:16.736808+00:00
20784,96893,5595,1,2026-05-05 08:58:16.736808+00:00
20785,96899,5597,0,2026-05-05 08:58:16.736808+00:00
20786,96920,5612,0,2026-05-05 08:58:16.736808+00:00
20787,96925,3710,0,2026-05-05 08:58:16.736808+00:00
20788,96926,4439,-1,2026-05-05 08:58:16.736808+00:00
20789,96929,3710,0,2026-05-05 08:58:16.736808+00:00
20790,96949,4439,0,2026-05-05 08:58:16.736808+00:00
20791,96950,5646,0,2026-05-05 08:58:16.736808+00:00
20792,96953,3710,0,2026-05-05 08:58:16.736808+00:00
20793,96953,3367,0,2026-05-05 08:58:16.736808+00:00
20794,96954,3710,0,2026-05-05 08:58:16.736808+00:00
20795,96954,3367,0,2026-05-05 08:58:16.736808+00:00
20796,96955,3710,0,2026-05-05 08:58:16.736808+00:00
20797,96955,3367,0,2026-05-05 08:58:16.736808+00:00
20798,96956,3710,0,2026-05-05 08:58:16.736808+00:00
20799,96956,3367,0,2026-05-05 08:58:16.736808+00:00
20800,96957,3710,0,2026-05-05 08:58:16.736808+00:00
20801,96957,3367,0,2026-05-05 08:58:16.736808+00:00
20802,96979,5612,0,2026-05-05 08:58:16.736808+00:00
20803,96980,5350,0,2026-05-05 08:58:16.736808+00:00
20804,96986,3438,0,2026-05-05 08:58:16.736808+00:00
20805,96988,4530,0,2026-05-05 08:58:16.736808+00:00
20806,97009,3710,0,2026-05-05 08:58:16.736808+00:00
20807,97009,3367,0,2026-05-05 08:58:16.736808+00:00
20808,97011,5265,0,2026-05-05 08:58:16.736808+00:00
20809,97015,3367,0,2026-05-05 08:58:16.736808+00:00
20810,97016,3271,0,2026-05-05 08:58:16.736808+00:00
20811,97039,3710,0,2026-05-05 08:58:16.736808+00:00
20812,97039,3367,0,2026-05-05 08:58:16.736808+00:00
20813,97041,3367,1,2026-05-05 08:58:16.736808+00:00
20814,97042,3367,0,2026-05-05 08:58:16.736808+00:00
20815,97048,5595,0,2026-05-05 08:58:16.736808+00:00
20816,97050,3367,0,2026-05-05 08:58:16.736808+00:00
20817,97071,3710,1,2026-05-05 08:58:16.736808+00:00
20818,97071,3367,1,2026-05-05 08:58:16.736808+00:00
20819,97074,3710,-1,2026-05-05 08:58:16.736808+00:00
20820,97075,3271,0,2026-05-05 08:58:16.736808+00:00
20821,97076,3367,0,2026-05-05 08:58:16.736808+00:00
20822,97078,3798,1,2026-05-05 08:58:16.736808+00:00
20823,97079,3710,0,2026-05-05 08:58:16.736808+00:00
20824,97080,3710,0,2026-05-05 08:58:16.736808+00:00
20825,97101,5265,0,2026-05-05 08:58:16.736808+00:00
20826,97102,4530,1,2026-05-05 08:58:16.736808+00:00
20827,97104,3367,1,2026-05-05 08:58:16.736808+00:00
20828,97104,3710,1,2026-05-05 08:58:16.736808+00:00
20829,97106,3710,0,2026-05-05 08:58:16.736808+00:00
20830,97107,3051,0,2026-05-05 08:58:16.736808+00:00
20831,97108,3271,1,2026-05-05 08:58:16.736808+00:00
20832,97129,3051,1,2026-05-05 08:58:16.736808+00:00
20833,97130,3710,-1,2026-05-05 08:58:16.736808+00:00
20834,97131,3710,0,2026-05-05 08:58:16.736808+00:00
20835,97132,3710,0,2026-05-05 08:58:16.736808+00:00
20836,97133,3367,0,2026-05-05 08:58:16.736808+00:00
20837,97138,3710,0,2026-05-05 08:58:16.736808+00:00
20838,97161,3710,1,2026-05-05 08:58:16.736808+00:00
20839,97164,3710,0,2026-05-05 08:58:16.736808+00:00
20840,97164,3367,0,2026-05-05 08:58:16.736808+00:00
20841,97165,3710,0,2026-05-05 08:58:16.736808+00:00
20842,97165,3367,0,2026-05-05 08:58:16.736808+00:00
20843,97166,3710,0,2026-05-05 08:58:16.736808+00:00
20844,97166,3367,0,2026-05-05 08:58:16.736808+00:00
20845,97169,3367,0,2026-05-05 08:58:16.736808+00:00
20846,97169,3710,0,2026-05-05 08:58:16.736808+00:00
20847,97283,5591,0,2026-05-05 09:29:21.426671+00:00
20848,97283,5608,0,2026-05-05 09:29:21.426671+00:00
20849,97313,3367,0,2026-05-05 09:29:21.426671+00:00
20850,97343,5607,0,2026-05-05 09:29:21.426671+00:00
20851,97343,3710,0,2026-05-05 09:29:21.426671+00:00
20852,97343,3367,0,2026-05-05 09:29:21.426671+00:00
20853,97373,3710,0,2026-05-05 09:29:21.426671+00:00
20854,97373,3367,0,2026-05-05 09:29:21.426671+00:00
20855,97433,3710,0,2026-05-05 09:29:21.426671+00:00
20856,97433,3367,0,2026-05-05 09:29:21.426671+00:00
20857,97493,3367,0,2026-05-05 09:29:21.426671+00:00
20858,97583,3719,1,2026-05-05 09:29:21.426671+00:00
20859,97613,5601,0,2026-05-05 09:29:21.426671+00:00
20860,97643,3367,0,2026-05-05 09:29:21.426671+00:00
20861,97673,3367,0,2026-05-05 09:29:21.426671+00:00
20862,97853,3710,0,2026-05-05 09:29:21.426671+00:00
20863,97853,3367,0,2026-05-05 09:29:21.426671+00:00
20864,97853,5607,0,2026-05-05 09:29:21.426671+00:00
20865,97853,5719,0,2026-05-05 09:29:21.426671+00:00
20866,97883,3554,0,2026-05-05 09:29:21.426671+00:00
20867,97913,3710,0,2026-05-05 09:29:21.426671+00:00
20868,97913,3367,0,2026-05-05 09:29:21.426671+00:00
20869,98166,3367,1,2026-05-05 09:29:21.426671+00:00
20870,98169,3710,0,2026-05-05 09:29:21.426671+00:00
20871,98176,3710,1,2026-05-05 09:29:21.426671+00:00
20872,98176,3367,1,2026-05-05 09:29:21.426671+00:00
20873,98185,3271,0,2026-05-05 09:29:21.426671+00:00
20874,98186,3367,0,2026-05-05 09:29:21.426671+00:00
20875,98191,3719,0,2026-05-05 09:29:21.426671+00:00
20876,98194,4434,0,2026-05-05 09:29:21.426671+00:00
20877,98195,3710,0,2026-05-05 09:29:21.426671+00:00
20878,98204,3556,0,2026-05-05 09:29:21.426671+00:00
20879,98212,3710,1,2026-05-05 09:29:21.426671+00:00
20880,98212,5591,1,2026-05-05 09:29:21.426671+00:00
20881,98213,3710,0,2026-05-05 09:29:21.426671+00:00
20882,98213,3367,0,2026-05-05 09:29:21.426671+00:00
20883,98214,3367,1,2026-05-05 09:29:21.426671+00:00
20884,98216,3367,0,2026-05-05 09:29:21.426671+00:00
20885,98217,5618,0,2026-05-05 09:29:21.426671+00:00
20886,98217,5607,0,2026-05-05 09:29:21.426671+00:00
20887,98217,5719,0,2026-05-05 09:29:21.426671+00:00
20888,98217,5619,0,2026-05-05 09:29:21.426671+00:00
20889,98218,4267,0,2026-05-05 09:29:21.426671+00:00
20890,98218,3200,0,2026-05-05 09:29:21.426671+00:00
20891,98218,8743,0,2026-05-05 09:29:21.426671+00:00
20892,98220,3710,0,2026-05-05 09:29:21.426671+00:00
20893,98221,3710,0,2026-05-05 09:29:21.426671+00:00
20894,98224,4394,1,2026-05-05 09:29:21.426671+00:00
20895,98224,3367,1,2026-05-05 09:29:21.426671+00:00
20896,98225,3367,0,2026-05-05 09:29:21.426671+00:00
20897,98226,3653,0,2026-05-05 09:29:21.426671+00:00
20898,98227,3367,0,2026-05-05 09:29:21.426671+00:00
20899,98228,3710,0,2026-05-05 09:29:21.426671+00:00
20900,98228,3367,0,2026-05-05 09:29:21.426671+00:00
20901,98232,5656,0,2026-05-05 09:29:21.426671+00:00
20902,98233,4677,0,2026-05-05 09:29:21.426671+00:00
20903,98233,2999,0,2026-05-05 09:29:21.426671+00:00
20904,98245,11906,0,2026-05-05 09:29:21.426671+00:00
20905,98245,14503,0,2026-05-05 09:29:21.426671+00:00
20906,98245,5591,0,2026-05-05 09:29:21.426671+00:00
20907,98245,5608,0,2026-05-05 09:29:21.426671+00:00
20908,98250,3556,0,2026-05-05 09:29:21.426671+00:00
20909,98252,5591,0,2026-05-05 09:29:21.426671+00:00
20910,98252,5608,0,2026-05-05 09:29:21.426671+00:00
20911,98253,3367,0,2026-05-05 09:29:21.426671+00:00
20912,98256,3710,0,2026-05-05 09:29:21.426671+00:00
20913,98257,4394,0,2026-05-05 09:29:21.426671+00:00
20914,98260,3316,0,2026-05-05 09:29:21.426671+00:00
20915,98263,3425,0,2026-05-05 09:29:21.426671+00:00
20916,98268,3367,0,2026-05-05 09:29:21.426671+00:00
20917,98269,3367,0,2026-05-05 09:29:21.426671+00:00
20918,98271,5597,1,2026-05-05 09:29:21.426671+00:00
20919,98272,3367,0,2026-05-05 09:29:21.426671+00:00
20920,98272,2988,0,2026-05-05 09:29:21.426671+00:00
20921,98273,5591,0,2026-05-05 09:29:21.426671+00:00
20922,98274,4761,0,2026-05-05 09:29:21.426671+00:00
20923,98275,3367,0,2026-05-05 09:29:21.426671+00:00
20924,98277,3609,1,2026-05-05 09:29:21.426671+00:00
20925,98280,8494,0,2026-05-05 09:29:21.426671+00:00
20926,98286,3367,0,2026-05-05 09:29:21.426671+00:00
20927,98288,3710,0,2026-05-05 09:29:21.426671+00:00
20928,98288,2985,0,2026-05-05 09:29:21.426671+00:00
20929,98288,11870,0,2026-05-05 09:29:21.426671+00:00
20930,98291,3609,0,2026-05-05 09:29:21.426671+00:00
20931,98292,5591,0,2026-05-05 09:29:21.426671+00:00
20932,98294,3367,0,2026-05-05 09:29:21.426671+00:00
20933,98294,3710,0,2026-05-05 09:29:21.426671+00:00
20934,98296,3367,0,2026-05-05 09:29:21.426671+00:00
20935,98297,3556,0,2026-05-05 09:29:21.426671+00:00
20936,98300,3732,0,2026-05-05 09:29:21.426671+00:00
20937,98304,5466,0,2026-05-05 09:29:21.426671+00:00
20938,98308,3710,-1,2026-05-05 09:29:21.426671+00:00
20939,98309,3051,0,2026-05-05 09:29:21.426671+00:00
20940,98310,3556,1,2026-05-05 09:29:21.426671+00:00
20941,98366,3640,0,2026-05-05 09:29:21.426671+00:00
20942,98367,5719,0,2026-05-05 09:29:21.426671+00:00
20943,98368,5719,1,2026-05-05 09:29:21.426671+00:00
20944,98370,5719,0,2026-05-05 09:29:21.426671+00:00
20945,98373,5609,0,2026-05-05 09:29:21.426671+00:00
20946,98373,5608,0,2026-05-05 09:29:21.426671+00:00
20947,98376,5719,0,2026-05-05 09:29:21.426671+00:00
20948,98380,3710,0,2026-05-05 09:29:21.426671+00:00
20949,98380,3367,0,2026-05-05 09:29:21.426671+00:00
20950,98380,5607,0,2026-05-05 09:29:21.426671+00:00
20951,98380,5719,0,2026-05-05 09:29:21.426671+00:00
20952,98381,5594,0,2026-05-05 09:29:21.426671+00:00
20953,98387,5608,0,2026-05-05 09:29:21.426671+00:00
20954,98395,9268,0,2026-05-05 09:29:21.426671+00:00
20955,98398,5607,0,2026-05-05 09:29:21.426671+00:00
20956,98403,5619,1,2026-05-05 09:29:21.426671+00:00
20957,98410,5594,0,2026-05-05 09:29:21.426671+00:00
20958,98411,5604,0,2026-05-05 09:29:21.426671+00:00
20959,98414,5601,0,2026-05-05 09:29:21.426671+00:00
20960,98415,5607,1,2026-05-05 09:29:21.426671+00:00
20961,98415,5719,1,2026-05-05 09:29:21.426671+00:00
20962,98423,3579,0,2026-05-05 10:00:52.949910+00:00
20963,98423,3214,0,2026-05-05 10:00:52.949910+00:00
20964,98424,3291,0,2026-05-05 10:00:52.949910+00:00
20965,98427,3710,0,2026-05-05 10:00:52.949910+00:00
20966,98455,3710,0,2026-05-05 10:00:52.949910+00:00
20967,98456,3068,0,2026-05-05 10:00:52.949910+00:00
20968,98513,5646,0,2026-05-05 10:00:52.949910+00:00
20969,98514,3367,0,2026-05-05 10:00:52.949910+00:00
20970,98573,3758,0,2026-05-05 10:00:52.949910+00:00
20971,98635,5634,0,2026-05-05 10:00:52.949910+00:00
20972,98636,3126,0,2026-05-05 10:00:52.949910+00:00
20973,98665,3213,0,2026-05-05 10:00:52.949910+00:00
20974,98694,3719,0,2026-05-05 10:00:52.949910+00:00
20975,98723,4677,0,2026-05-05 10:00:52.949910+00:00
20976,98725,3710,0,2026-05-05 10:00:52.949910+00:00
20977,98755,3367,0,2026-05-05 10:00:52.949910+00:00
20978,98783,3367,1,2026-05-05 10:00:52.949910+00:00
20979,98813,3710,1,2026-05-05 10:00:52.949910+00:00
20980,98814,3367,0,2026-05-05 10:00:52.949910+00:00
20981,98816,3367,0,2026-05-05 10:00:52.949910+00:00
20982,98843,3367,0,2026-05-05 10:00:52.949910+00:00
20983,98845,3367,0,2026-05-05 10:00:52.949910+00:00
20984,98846,3367,0,2026-05-05 10:00:52.949910+00:00
20985,98874,3367,0,2026-05-05 10:00:52.949910+00:00
20986,98875,3367,1,2026-05-05 10:00:52.949910+00:00
20987,98905,3367,0,2026-05-05 10:00:52.949910+00:00
20988,98905,3710,0,2026-05-05 10:00:52.949910+00:00
20989,98906,3710,0,2026-05-05 10:00:52.949910+00:00
20990,98934,3710,-1,2026-05-05 10:00:52.949910+00:00
20991,98964,3710,0,2026-05-05 10:00:52.949910+00:00
20992,98964,3367,0,2026-05-05 10:00:52.949910+00:00
20993,98965,3710,0,2026-05-05 10:00:52.949910+00:00
20994,98965,3367,0,2026-05-05 10:00:52.949910+00:00
20995,98966,5643,0,2026-05-05 10:00:52.949910+00:00
20996,98993,3710,0,2026-05-05 10:00:52.949910+00:00
20997,98996,3425,0,2026-05-05 10:00:52.949910+00:00
20998,99024,3051,0,2026-05-05 10:00:52.949910+00:00
20999,99056,5719,0,2026-05-05 10:00:52.949910+00:00
21000,99084,5593,1,2026-05-05 10:00:52.949910+00:00
21001,99114,5592,0,2026-05-05 10:00:52.949910+00:00
21002,99115,5601,0,2026-05-05 10:00:52.949910+00:00
21003,99143,3710,0,2026-05-05 10:00:52.949910+00:00
21004,99145,3710,-1,2026-05-05 10:00:52.949910+00:00
21005,99203,3710,0,2026-05-05 10:00:52.949910+00:00
21006,99323,3710,1,2026-05-05 10:00:52.949910+00:00
21007,99325,2962,0,2026-05-05 10:00:52.949910+00:00
21008,99384,3710,0,2026-05-05 10:00:52.949910+00:00
21009,99385,3710,1,2026-05-05 10:00:52.949910+00:00
21010,99385,3367,1,2026-05-05 10:00:52.949910+00:00
21011,99415,3758,1,2026-05-05 10:00:52.949910+00:00
21012,99504,5646,0,2026-05-05 10:00:52.949910+00:00
21013,99505,3710,0,2026-05-05 10:00:52.949910+00:00
21014,99535,3710,0,2026-05-05 10:00:52.949910+00:00
21015,99563,3367,0,2026-05-05 10:00:52.949910+00:00
21016,99564,2956,0,2026-05-05 10:00:52.949910+00:00
21017,99565,3710,0,2026-05-05 10:00:52.949910+00:00
21018,99595,5608,1,2026-05-05 10:00:52.949910+00:00
21019,99623,3710,1,2026-05-05 10:00:52.949910+00:00
21020,99624,3710,0,2026-05-05 10:00:52.949910+00:00
21021,99654,3367,0,2026-05-05 10:00:52.949910+00:00
21022,99654,3710,0,2026-05-05 10:00:52.949910+00:00
21023,99655,5607,1,2026-05-05 10:00:52.949910+00:00
21024,99683,3710,0,2026-05-05 10:00:52.949910+00:00
21025,99683,3367,0,2026-05-05 10:00:52.949910+00:00
21026,99684,4439,0,2026-05-05 10:00:52.949910+00:00
21027,99713,5265,0,2026-05-05 10:00:52.949910+00:00
21028,99714,5612,0,2026-05-05 10:00:52.949910+00:00
21029,99715,3710,0,2026-05-05 10:00:52.949910+00:00
21030,99715,3367,0,2026-05-05 10:00:52.949910+00:00
21031,99773,3710,0,2026-05-05 10:00:52.949910+00:00
21032,99774,3710,1,2026-05-05 10:00:52.949910+00:00
21033,99775,3710,-1,2026-05-05 10:00:52.949910+00:00
21034,99992,3710,0,2026-05-05 10:00:52.949910+00:00
21035,99992,5591,0,2026-05-05 10:00:52.949910+00:00
21036,99994,3710,0,2026-05-05 10:00:52.949910+00:00
21037,99994,3367,0,2026-05-05 10:00:52.949910+00:00
21038,100002,3367,1,2026-05-05 10:00:52.949910+00:00
21039,100004,4394,0,2026-05-05 10:00:52.949910+00:00
21040,100010,3710,0,2026-05-05 10:00:52.949910+00:00
21041,100010,3367,0,2026-05-05 10:00:52.949910+00:00
21042,100011,3556,0,2026-05-05 10:00:52.949910+00:00
21043,100017,3734,0,2026-05-05 10:00:52.949910+00:00
21044,100019,3710,1,2026-05-05 10:00:52.949910+00:00
21045,100021,8684,0,2026-05-05 10:00:52.949910+00:00
21046,100024,4394,0,2026-05-05 10:00:52.949910+00:00
21047,100027,3710,0,2026-05-05 10:00:52.949910+00:00
21048,100028,3367,0,2026-05-05 10:00:52.949910+00:00
21049,100029,5591,1,2026-05-05 10:00:52.949910+00:00
21050,100029,5608,1,2026-05-05 10:00:52.949910+00:00
21051,100032,5302,0,2026-05-05 10:00:52.949910+00:00
21052,100034,3367,0,2026-05-05 10:00:52.949910+00:00
21053,100035,3710,0,2026-05-05 10:00:52.949910+00:00
21054,100037,3367,1,2026-05-05 10:00:52.949910+00:00
21055,100095,5604,0,2026-05-05 10:00:52.949910+00:00
21056,100112,5719,1,2026-05-05 10:00:52.949910+00:00
21057,100120,5608,0,2026-05-05 10:00:52.949910+00:00
21058,100121,5601,0,2026-05-05 10:00:52.949910+00:00
21059,100122,5719,0,2026-05-05 10:00:52.949910+00:00
21060,100126,5607,0,2026-05-05 10:00:52.949910+00:00
21061,100129,3710,0,2026-05-05 10:00:52.949910+00:00
21062,100129,3367,0,2026-05-05 10:00:52.949910+00:00
21063,100134,3710,1,2026-05-05 10:31:40.795173+00:00
21064,100134,3367,1,2026-05-05 10:31:40.795173+00:00
21065,100135,3367,1,2026-05-05 10:31:40.795173+00:00
21066,100135,3710,1,2026-05-05 10:31:40.795173+00:00
21067,100164,3710,-1,2026-05-05 10:31:40.795173+00:00
21068,100403,3710,1,2026-05-05 10:31:40.795173+00:00
21069,100404,3710,0,2026-05-05 10:31:40.795173+00:00
21070,100405,3554,1,2026-05-05 10:31:40.795173+00:00
21071,100405,4516,1,2026-05-05 10:31:40.795173+00:00
21072,100434,3367,1,2026-05-05 10:31:40.795173+00:00
21073,100434,3710,1,2026-05-05 10:31:40.795173+00:00
21074,100464,3609,0,2026-05-05 10:31:40.795173+00:00
21075,100523,3367,0,2026-05-05 10:31:40.795173+00:00
21076,100524,3579,0,2026-05-05 10:31:40.795173+00:00
21077,100524,3367,0,2026-05-05 10:31:40.795173+00:00
21078,100525,3367,-1,2026-05-05 10:31:40.795173+00:00
21079,100554,3367,1,2026-05-05 10:31:40.795173+00:00
21080,100555,3367,0,2026-05-05 10:31:40.795173+00:00
21081,100644,3710,-1,2026-05-05 10:31:40.795173+00:00
21082,100644,3367,-1,2026-05-05 10:31:40.795173+00:00
21083,100673,5593,0,2026-05-05 10:31:40.795173+00:00
21084,100763,3710,0,2026-05-05 10:31:40.795173+00:00
21085,100763,3367,0,2026-05-05 10:31:40.795173+00:00
21086,100764,5607,1,2026-05-05 10:31:40.795173+00:00
21087,100765,5591,1,2026-05-05 10:31:40.795173+00:00
21088,100794,3710,0,2026-05-05 10:31:40.795173+00:00
21089,100794,3367,0,2026-05-05 10:31:40.795173+00:00
21090,100795,5595,0,2026-05-05 10:31:40.795173+00:00
21091,100795,5593,0,2026-05-05 10:31:40.795173+00:00
21092,100883,3710,0,2026-05-05 10:31:40.795173+00:00
21093,100883,3367,0,2026-05-05 10:31:40.795173+00:00
21094,101009,5607,1,2026-05-05 11:02:07.202268+00:00
21095,101010,5607,0,2026-05-05 11:02:07.202268+00:00
21096,101011,5607,0,2026-05-05 11:02:07.202268+00:00
21097,101014,5066,0,2026-05-05 11:02:07.202268+00:00
21098,101040,3367,0,2026-05-05 11:02:07.202268+00:00
21099,101042,3367,0,2026-05-05 11:02:07.202268+00:00
21100,101043,3710,-1,2026-05-05 11:02:07.202268+00:00
21101,101069,5719,0,2026-05-05 11:02:07.202268+00:00
21102,101070,3475,1,2026-05-05 11:02:07.202268+00:00
21103,101071,3710,0,2026-05-05 11:02:07.202268+00:00
21104,101071,3367,0,2026-05-05 11:02:07.202268+00:00
21105,101098,3367,0,2026-05-05 11:02:07.202268+00:00
21106,101098,5719,0,2026-05-05 11:02:07.202268+00:00
21107,101099,3556,0,2026-05-05 11:02:07.202268+00:00
21108,101129,5607,0,2026-05-05 11:02:07.202268+00:00
21109,101131,3719,-1,2026-05-05 11:02:07.202268+00:00
21110,101189,3367,0,2026-05-05 11:02:07.202268+00:00
21111,101191,3367,0,2026-05-05 11:02:07.202268+00:00
21112,101193,3710,0,2026-05-05 11:02:07.202268+00:00
21113,101193,3367,0,2026-05-05 11:02:07.202268+00:00
21114,101311,5595,0,2026-05-05 11:33:17.689403+00:00
21115,101315,5607,1,2026-05-05 11:33:17.689403+00:00
21116,101342,4394,0,2026-05-05 11:33:17.689403+00:00
21117,101344,3710,-1,2026-05-05 11:33:17.689403+00:00
21118,101347,3710,0,2026-05-05 11:33:17.689403+00:00
21119,101371,5591,0,2026-05-05 11:33:17.689403+00:00
21120,101371,5608,0,2026-05-05 11:33:17.689403+00:00
21121,101374,3710,0,2026-05-05 11:33:17.689403+00:00
21122,101401,3719,0,2026-05-05 11:33:17.689403+00:00
21123,101404,3213,0,2026-05-05 11:33:17.689403+00:00
21124,101407,3710,0,2026-05-05 11:33:17.689403+00:00
21125,101407,3367,0,2026-05-05 11:33:17.689403+00:00
21126,101432,5607,0,2026-05-05 11:33:17.689403+00:00
21127,101434,3367,0,2026-05-05 11:33:17.689403+00:00
21128,101434,5607,0,2026-05-05 11:33:17.689403+00:00
21129,101434,3710,0,2026-05-05 11:33:17.689403+00:00
21130,101435,5607,0,2026-05-05 11:33:17.689403+00:00
21131,101437,5607,0,2026-05-05 11:33:17.689403+00:00
21132,101438,5607,0,2026-05-05 11:33:17.689403+00:00
21133,101465,5631,0,2026-05-05 11:33:17.689403+00:00
21134,101465,3710,0,2026-05-05 11:33:17.689403+00:00
21135,101466,5596,1,2026-05-05 11:33:17.689403+00:00
21136,101492,3367,0,2026-05-05 11:33:17.689403+00:00
21137,101497,3367,0,2026-05-05 11:33:17.689403+00:00
21138,101525,3367,0,2026-05-05 11:33:17.689403+00:00
21139,101527,3710,0,2026-05-05 11:33:17.689403+00:00
21140,101552,3367,1,2026-05-05 11:33:17.689403+00:00
21141,101552,3710,1,2026-05-05 11:33:17.689403+00:00
21142,101556,3367,0,2026-05-05 11:33:17.689403+00:00
21143,101558,3367,0,2026-05-05 11:33:17.689403+00:00
21144,101565,3710,0,2026-05-05 11:33:17.689403+00:00
21145,101581,3367,0,2026-05-05 11:33:17.689403+00:00
21146,101585,3367,0,2026-05-05 11:33:17.689403+00:00
21147,101586,3710,-1,2026-05-05 11:33:17.689403+00:00
21148,101591,3710,0,2026-05-05 11:33:17.689403+00:00
21149,101591,3367,0,2026-05-05 11:33:17.689403+00:00
21150,101594,3367,0,2026-05-05 11:33:17.689403+00:00
21151,101618,3710,0,2026-05-05 11:33:17.689403+00:00
21152,101619,3710,0,2026-05-05 11:33:17.689403+00:00
21153,101623,3367,0,2026-05-05 11:33:17.689403+00:00
21154,101624,5592,0,2026-05-05 11:33:17.689403+00:00
21155,101644,2988,0,2026-05-05 11:33:17.689403+00:00
21156,101647,4805,0,2026-05-05 11:33:17.689403+00:00
21157,101650,3764,0,2026-05-05 11:33:17.689403+00:00
21158,101651,3051,0,2026-05-05 11:33:17.689403+00:00
21159,101653,3609,0,2026-05-05 11:33:17.689403+00:00
21160,101671,3367,0,2026-05-05 11:33:17.689403+00:00
21161,101672,3068,0,2026-05-05 11:33:17.689403+00:00
21162,101674,3758,0,2026-05-05 11:33:17.689403+00:00
21163,101675,3367,0,2026-05-05 11:33:17.689403+00:00
21164,101676,3367,0,2026-05-05 11:33:17.689403+00:00
21165,101677,3609,0,2026-05-05 11:33:17.689403+00:00
21166,101678,3367,0,2026-05-05 11:33:17.689403+00:00
21167,101679,3068,0,2026-05-05 11:33:17.689403+00:00
21168,101680,3710,0,2026-05-05 11:33:17.689403+00:00
21169,101681,5466,1,2026-05-05 11:33:17.689403+00:00
21170,101682,3367,0,2026-05-05 11:33:17.689403+00:00
21171,101701,3367,0,2026-05-05 11:33:17.689403+00:00
21172,101701,3441,0,2026-05-05 11:33:17.689403+00:00
21173,101702,3710,-1,2026-05-05 11:33:17.689403+00:00
21174,101703,3710,0,2026-05-05 11:33:17.689403+00:00
21175,101704,5719,0,2026-05-05 11:33:17.689403+00:00
21176,101706,3710,0,2026-05-05 11:33:17.689403+00:00
21177,101708,3367,0,2026-05-05 11:33:17.689403+00:00
21178,101709,4013,0,2026-05-05 11:33:17.689403+00:00
21179,101710,3367,0,2026-05-05 11:33:17.689403+00:00
21180,101713,3367,0,2026-05-05 11:33:17.689403+00:00
21181,101735,3367,0,2026-05-05 11:33:17.689403+00:00
21182,101737,3367,1,2026-05-05 11:33:17.689403+00:00
21183,101739,3367,1,2026-05-05 11:33:17.689403+00:00
21184,101745,3367,1,2026-05-05 11:33:17.689403+00:00
21185,101761,3367,0,2026-05-05 11:33:17.689403+00:00
21186,101763,3367,0,2026-05-05 11:33:17.689403+00:00
21187,101764,4044,0,2026-05-05 11:33:17.689403+00:00
21188,101767,3367,-1,2026-05-05 11:33:17.689403+00:00
21189,101768,3367,0,2026-05-05 11:33:17.689403+00:00
21190,101772,3710,-1,2026-05-05 11:33:17.689403+00:00
21191,101772,3367,-1,2026-05-05 11:33:17.689403+00:00
21192,101773,3367,0,2026-05-05 11:33:17.689403+00:00
21193,101791,5284,0,2026-05-05 11:33:17.689403+00:00
21194,101795,3710,1,2026-05-05 11:33:17.689403+00:00
21195,101796,3710,1,2026-05-05 11:33:17.689403+00:00
21196,101797,3327,1,2026-05-05 11:33:17.689403+00:00
21197,101798,3367,1,2026-05-05 11:33:17.689403+00:00
21198,101799,5646,0,2026-05-05 11:33:17.689403+00:00
21199,101800,3710,0,2026-05-05 11:33:17.689403+00:00
21200,101821,3609,0,2026-05-05 11:33:17.689403+00:00
21201,101822,3710,0,2026-05-05 11:33:17.689403+00:00
21202,101822,3609,0,2026-05-05 11:33:17.689403+00:00
21203,101822,3367,0,2026-05-05 11:33:17.689403+00:00
21204,101824,3710,1,2026-05-05 11:33:17.689403+00:00
21205,101824,3367,1,2026-05-05 11:33:17.689403+00:00
21206,101825,3710,1,2026-05-05 11:33:17.689403+00:00
21207,101825,3367,1,2026-05-05 11:33:17.689403+00:00
21208,101826,3367,0,2026-05-05 11:33:17.689403+00:00
21209,101827,3710,0,2026-05-05 11:33:17.689403+00:00
21210,101828,4516,0,2026-05-05 11:33:17.689403+00:00
21211,101829,3710,0,2026-05-05 11:33:17.689403+00:00
21212,101830,3710,0,2026-05-05 11:33:17.689403+00:00
21213,101835,5604,0,2026-05-05 11:33:17.689403+00:00
21214,101853,3126,0,2026-05-05 11:33:17.689403+00:00
21215,101854,3710,1,2026-05-05 11:33:17.689403+00:00
21216,101854,3367,1,2026-05-05 11:33:17.689403+00:00
21217,101855,3367,0,2026-05-05 11:33:17.689403+00:00
21218,101857,3367,0,2026-05-05 11:33:17.689403+00:00
21219,101863,3710,-1,2026-05-05 11:33:17.689403+00:00
21220,101864,3367,0,2026-05-05 11:33:17.689403+00:00
21221,101881,3710,-1,2026-05-05 11:33:17.689403+00:00
21222,101882,3367,0,2026-05-05 11:33:17.689403+00:00
21223,101882,3710,0,2026-05-05 11:33:17.689403+00:00
21224,101886,3710,1,2026-05-05 11:33:17.689403+00:00
21225,101889,5302,0,2026-05-05 11:33:17.689403+00:00
21226,101891,3367,0,2026-05-05 11:33:17.689403+00:00
21227,101911,3367,0,2026-05-05 11:33:17.689403+00:00
21228,101922,5593,0,2026-05-05 11:33:17.689403+00:00
21229,101943,5608,1,2026-05-05 11:33:17.689403+00:00
21230,101954,5608,0,2026-05-05 11:33:17.689403+00:00
21231,101972,3367,0,2026-05-05 11:33:17.689403+00:00
21232,101974,3710,-1,2026-05-05 11:33:17.689403+00:00
21233,101981,3710,0,2026-05-05 11:33:17.689403+00:00
21234,101982,5593,-1,2026-05-05 11:33:17.689403+00:00
21235,101984,3710,0,2026-05-05 11:33:17.689403+00:00
21236,102004,5593,0,2026-05-05 11:33:17.689403+00:00
21237,102005,3126,0,2026-05-05 11:33:17.689403+00:00
21238,102008,5641,0,2026-05-05 11:33:17.689403+00:00
21239,102008,5593,0,2026-05-05 11:33:17.689403+00:00
21240,102011,5593,1,2026-05-05 11:33:17.689403+00:00
21241,102035,5595,-1,2026-05-05 11:33:17.689403+00:00
21242,102036,5608,0,2026-05-05 11:33:17.689403+00:00
21243,102036,5612,0,2026-05-05 11:33:17.689403+00:00
21244,102037,5626,0,2026-05-05 11:33:17.689403+00:00
21245,102039,3710,0,2026-05-05 11:33:17.689403+00:00
21246,102041,3019,0,2026-05-05 11:33:17.689403+00:00
21247,102044,5624,0,2026-05-05 11:33:17.689403+00:00
21248,102062,5608,1,2026-05-05 11:33:17.689403+00:00
21249,102091,5593,0,2026-05-05 11:33:17.689403+00:00
21250,102092,3367,0,2026-05-05 11:33:17.689403+00:00
21251,102093,5595,0,2026-05-05 11:33:17.689403+00:00
21252,102098,3710,0,2026-05-05 11:33:17.689403+00:00
21253,102099,3710,0,2026-05-05 11:33:17.689403+00:00
21254,102099,5608,0,2026-05-05 11:33:17.689403+00:00
21255,102100,3710,-1,2026-05-05 11:33:17.689403+00:00
21256,102103,3710,0,2026-05-05 11:33:17.689403+00:00
21257,102104,3367,0,2026-05-05 11:33:17.689403+00:00
21258,102124,3126,1,2026-05-05 11:33:17.689403+00:00
21259,102126,3758,1,2026-05-05 11:33:17.689403+00:00
21260,102129,3710,0,2026-05-05 11:33:17.689403+00:00
21261,102129,3367,0,2026-05-05 11:33:17.689403+00:00
21262,102135,3367,1,2026-05-05 11:33:17.689403+00:00
21263,102155,3710,1,2026-05-05 11:33:17.689403+00:00
21264,102155,3367,1,2026-05-05 11:33:17.689403+00:00
21265,102156,3710,0,2026-05-05 11:33:17.689403+00:00
21266,102158,3710,0,2026-05-05 11:33:17.689403+00:00
21267,102160,5593,1,2026-05-05 11:33:17.689403+00:00
21268,102163,3710,-1,2026-05-05 11:33:17.689403+00:00
21269,102163,3367,-1,2026-05-05 11:33:17.689403+00:00
21270,102182,5593,0,2026-05-05 11:33:17.689403+00:00
21271,102184,5593,1,2026-05-05 11:33:17.689403+00:00
21272,102185,5592,0,2026-05-05 11:33:17.689403+00:00
21273,102187,3758,-1,2026-05-05 11:33:17.689403+00:00
21274,102191,5594,1,2026-05-05 11:33:17.689403+00:00
21275,102196,5608,0,2026-05-05 11:33:17.689403+00:00
21276,102213,3710,1,2026-05-05 11:33:17.689403+00:00
21277,102213,5607,1,2026-05-05 11:33:17.689403+00:00
21278,102217,3367,0,2026-05-05 11:33:17.689403+00:00
21279,102220,3710,0,2026-05-05 11:33:17.689403+00:00
21280,102221,3710,1,2026-05-05 11:33:17.689403+00:00
21281,102222,3367,0,2026-05-05 11:33:17.689403+00:00
21282,102223,3710,1,2026-05-05 11:33:17.689403+00:00
21283,102224,3367,0,2026-05-05 11:33:17.689403+00:00
21284,102226,5607,0,2026-05-05 11:33:17.689403+00:00
21285,102227,3870,0,2026-05-05 11:33:17.689403+00:00
21286,102366,3710,0,2026-05-05 12:04:31.492075+00:00
21287,102396,3710,0,2026-05-05 12:04:31.492075+00:00
21288,102426,3719,0,2026-05-05 12:04:31.492075+00:00
21289,102455,3367,0,2026-05-05 12:04:31.492075+00:00
21290,102487,3367,0,2026-05-05 12:04:31.492075+00:00
21291,102576,3710,0,2026-05-05 12:04:31.492075+00:00
21292,102576,3367,0,2026-05-05 12:04:31.492075+00:00
21293,102577,5719,0,2026-05-05 12:04:31.492075+00:00
21294,102637,3710,0,2026-05-05 12:04:31.492075+00:00
21295,102665,3367,0,2026-05-05 12:04:31.492075+00:00
21296,102667,3710,-1,2026-05-05 12:04:31.492075+00:00
21297,102668,3367,0,2026-05-05 12:04:31.492075+00:00
21298,102668,3710,0,2026-05-05 12:04:31.492075+00:00
21299,102695,3367,-1,2026-05-05 12:04:31.492075+00:00
21300,102696,5607,0,2026-05-05 12:04:31.492075+00:00
21301,102697,3367,0,2026-05-05 12:04:31.492075+00:00
21302,102698,3367,0,2026-05-05 12:04:31.492075+00:00
21303,102727,3367,0,2026-05-05 12:04:31.492075+00:00
21304,102755,3367,0,2026-05-05 12:04:31.492075+00:00
21305,102758,3367,0,2026-05-05 12:04:31.492075+00:00
21306,102785,3367,1,2026-05-05 12:04:31.492075+00:00
21307,102785,3710,1,2026-05-05 12:04:31.492075+00:00
21308,102817,3367,0,2026-05-05 12:04:31.492075+00:00
21309,102875,3710,0,2026-05-05 12:04:31.492075+00:00
21310,102936,5608,0,2026-05-05 12:04:31.492075+00:00
21311,102937,3710,0,2026-05-05 12:04:31.492075+00:00
21312,102938,5595,0,2026-05-05 12:04:31.492075+00:00
21313,102965,5593,0,2026-05-05 12:04:31.492075+00:00
21314,103025,5719,0,2026-05-05 12:04:31.492075+00:00
21315,103025,5591,0,2026-05-05 12:04:31.492075+00:00
21316,103028,5593,1,2026-05-05 12:04:31.492075+00:00
21317,103055,3164,0,2026-05-05 12:04:31.492075+00:00
21318,103057,4394,0,2026-05-05 12:04:31.492075+00:00
21319,103086,3710,0,2026-05-05 12:04:31.492075+00:00
21320,103086,3367,0,2026-05-05 12:04:31.492075+00:00
21321,103087,3710,1,2026-05-05 12:04:31.492075+00:00
21322,103115,3710,-1,2026-05-05 12:04:31.492075+00:00
21323,103117,3710,0,2026-05-05 12:04:31.492075+00:00
21324,103146,4116,0,2026-05-05 12:04:31.492075+00:00
21325,103147,4044,1,2026-05-05 12:04:31.492075+00:00
21326,103177,5597,0,2026-05-05 12:04:31.492075+00:00
21327,103205,5719,1,2026-05-05 12:04:31.492075+00:00
21328,103206,5604,0,2026-05-05 12:04:31.492075+00:00
21329,103207,3710,0,2026-05-05 12:04:31.492075+00:00
21330,103236,3367,-1,2026-05-05 12:04:31.492075+00:00
21331,103239,3710,1,2026-05-05 12:04:31.492075+00:00
21332,103241,3719,0,2026-05-05 12:04:31.492075+00:00
21333,103242,3710,0,2026-05-05 12:04:31.492075+00:00
21334,103243,3758,0,2026-05-05 12:04:31.492075+00:00
21335,103245,5597,0,2026-05-05 12:04:31.492075+00:00
21336,103245,5592,0,2026-05-05 12:04:31.492075+00:00
21337,103247,3367,-1,2026-05-05 12:04:31.492075+00:00
21338,103247,3710,-1,2026-05-05 12:04:31.492075+00:00
21339,103247,9401,-1,2026-05-05 12:04:31.492075+00:00
21340,103248,3016,0,2026-05-05 12:04:31.492075+00:00
21341,103253,3710,-1,2026-05-05 12:04:31.492075+00:00
21342,103254,3051,0,2026-05-05 12:04:31.492075+00:00
21343,103255,3710,0,2026-05-05 12:04:31.492075+00:00
21344,103265,4225,0,2026-05-05 12:04:31.492075+00:00
21345,103271,3710,1,2026-05-05 12:04:31.492075+00:00
21346,103273,3710,-1,2026-05-05 12:04:31.492075+00:00
21347,103274,3126,0,2026-05-05 12:04:31.492075+00:00
21348,103276,3710,1,2026-05-05 12:04:31.492075+00:00
21349,103280,3710,0,2026-05-05 12:04:31.492075+00:00
21350,103283,3710,-1,2026-05-05 12:04:31.492075+00:00
21351,103284,3710,1,2026-05-05 12:04:31.492075+00:00
21352,103285,3710,1,2026-05-05 12:04:31.492075+00:00
21353,103300,3719,0,2026-05-05 12:04:31.492075+00:00
21354,103303,3772,1,2026-05-05 12:04:31.492075+00:00
21355,103313,3710,0,2026-05-05 12:04:31.492075+00:00
21356,103325,3367,0,2026-05-05 12:04:31.492075+00:00
21357,103326,3367,1,2026-05-05 12:04:31.492075+00:00
21358,103328,3710,-1,2026-05-05 12:04:31.492075+00:00
21359,103328,3367,-1,2026-05-05 12:04:31.492075+00:00
21360,103330,3126,0,2026-05-05 12:04:31.492075+00:00
21361,103333,3367,0,2026-05-05 12:04:31.492075+00:00
21362,103333,3710,0,2026-05-05 12:04:31.492075+00:00
21363,103335,3367,0,2026-05-05 12:04:31.492075+00:00
21364,103335,3710,0,2026-05-05 12:04:31.492075+00:00
21365,103340,3710,0,2026-05-05 12:04:31.492075+00:00
21366,103343,3710,0,2026-05-05 12:04:31.492075+00:00
21367,103344,3710,0,2026-05-05 12:04:31.492075+00:00
21368,103345,5619,0,2026-05-05 12:04:31.492075+00:00
21369,103355,3710,0,2026-05-05 12:04:31.492075+00:00
21370,103367,3710,0,2026-05-05 12:04:31.492075+00:00
21371,103371,3710,-1,2026-05-05 12:04:31.492075+00:00
21372,103399,3710,0,2026-05-05 12:04:31.492075+00:00
21373,103403,3710,0,2026-05-05 12:04:31.492075+00:00
21374,103417,3710,0,2026-05-05 12:04:31.492075+00:00
21375,103423,3719,0,2026-05-05 12:04:31.492075+00:00
21376,103423,3710,0,2026-05-05 12:04:31.492075+00:00
21377,103425,3710,0,2026-05-05 12:04:31.492075+00:00
21378,103448,3710,0,2026-05-05 12:04:31.492075+00:00
21379,103450,3710,-1,2026-05-05 12:04:31.492075+00:00
21380,103455,3710,0,2026-05-05 12:04:31.492075+00:00
21381,103458,3710,0,2026-05-05 12:04:31.492075+00:00
21382,103458,3367,0,2026-05-05 12:04:31.492075+00:00
21383,103459,3710,0,2026-05-05 12:04:31.492075+00:00
21384,103459,3367,0,2026-05-05 12:04:31.492075+00:00
21385,103460,5596,0,2026-05-05 12:04:31.492075+00:00
21386,103461,3710,0,2026-05-05 12:04:31.492075+00:00
21387,103461,3367,0,2026-05-05 12:04:31.492075+00:00
21388,103462,3710,0,2026-05-05 12:04:31.492075+00:00
21389,103478,3963,0,2026-05-05 12:04:31.492075+00:00
21390,103483,3367,1,2026-05-05 12:04:31.492075+00:00
21391,103483,3710,1,2026-05-05 12:04:31.492075+00:00
21392,103484,3719,0,2026-05-05 12:04:31.492075+00:00
21393,103484,5596,0,2026-05-05 12:04:31.492075+00:00
21394,103486,3710,0,2026-05-05 12:04:31.492075+00:00
21395,103487,3710,0,2026-05-05 12:04:31.492075+00:00
21396,103495,4120,0,2026-05-05 12:04:31.492075+00:00
21397,103506,3367,0,2026-05-05 12:04:31.492075+00:00
21398,103506,3710,0,2026-05-05 12:04:31.492075+00:00
21399,103507,3367,0,2026-05-05 12:04:31.492075+00:00
21400,103507,3710,0,2026-05-05 12:04:31.492075+00:00
21401,103513,3710,-1,2026-05-05 12:04:31.492075+00:00
21402,103516,3710,1,2026-05-05 12:04:31.492075+00:00
21403,103516,3367,1,2026-05-05 12:04:31.492075+00:00
21404,103521,3710,0,2026-05-05 12:04:31.492075+00:00
21405,103524,3367,1,2026-05-05 12:04:31.492075+00:00
21406,103525,3710,-1,2026-05-05 12:04:31.492075+00:00
21407,103539,5597,0,2026-05-05 12:04:31.492075+00:00
21408,103542,5607,1,2026-05-05 12:04:31.492075+00:00
21409,103542,5719,1,2026-05-05 12:04:31.492075+00:00
21410,103545,3367,0,2026-05-05 12:04:31.492075+00:00
21411,103552,5265,0,2026-05-05 12:04:31.492075+00:00
21412,103554,5595,0,2026-05-05 12:04:31.492075+00:00
21413,103555,5607,0,2026-05-05 12:04:31.492075+00:00
21414,103555,5719,0,2026-05-05 12:04:31.492075+00:00
21415,103565,3710,0,2026-05-05 12:04:31.492075+00:00
21416,103566,4439,-1,2026-05-05 12:04:31.492075+00:00
21417,103569,3710,0,2026-05-05 12:04:31.492075+00:00
21418,103571,5615,0,2026-05-05 12:04:31.492075+00:00
21419,103572,5646,-1,2026-05-05 12:04:31.492075+00:00
21420,103576,5607,0,2026-05-05 12:04:31.492075+00:00
21421,103580,5719,0,2026-05-05 12:04:31.492075+00:00
21422,103583,4394,0,2026-05-05 12:04:31.492075+00:00
21423,103585,3710,0,2026-05-05 12:04:31.492075+00:00
21424,103585,3367,0,2026-05-05 12:04:31.492075+00:00
21425,103595,3710,0,2026-05-05 12:04:31.492075+00:00
21426,103595,3367,0,2026-05-05 12:04:31.492075+00:00
21427,103596,3710,0,2026-05-05 12:04:31.492075+00:00
21428,103596,3367,0,2026-05-05 12:04:31.492075+00:00
21429,103597,3710,0,2026-05-05 12:04:31.492075+00:00
21430,103597,3367,0,2026-05-05 12:04:31.492075+00:00
21431,103602,5634,0,2026-05-05 12:04:31.492075+00:00
21432,103603,4439,0,2026-05-05 12:04:31.492075+00:00
21433,103604,3581,0,2026-05-05 12:04:31.492075+00:00
21434,103605,3367,1,2026-05-05 12:04:31.492075+00:00
21435,103606,3367,0,2026-05-05 12:04:31.492075+00:00
21436,103606,3710,0,2026-05-05 12:04:31.492075+00:00
21437,103609,3710,0,2026-05-05 12:04:31.492075+00:00
21438,103610,3367,1,2026-05-05 12:04:31.492075+00:00
21439,103610,3710,1,2026-05-05 12:04:31.492075+00:00
21440,103612,3710,0,2026-05-05 12:04:31.492075+00:00
21441,103615,3367,1,2026-05-05 12:04:31.492075+00:00
21442,103751,3367,0,2026-05-05 12:34:48.227315+00:00
21443,103754,3719,0,2026-05-05 12:34:48.227315+00:00
21444,103757,5607,0,2026-05-05 12:34:48.227315+00:00
21445,103757,3367,0,2026-05-05 12:34:48.227315+00:00
21446,103758,3710,0,2026-05-05 12:34:48.227315+00:00
21447,103762,3367,0,2026-05-05 12:34:48.227315+00:00
21448,103765,3367,0,2026-05-05 12:34:48.227315+00:00
21449,103766,3710,0,2026-05-05 12:34:48.227315+00:00
21450,103766,3367,0,2026-05-05 12:34:48.227315+00:00
21451,103770,3292,0,2026-05-05 12:34:48.227315+00:00
21452,103772,3710,0,2026-05-05 12:34:48.227315+00:00
21453,103773,3710,-1,2026-05-05 12:34:48.227315+00:00
21454,103774,3367,1,2026-05-05 12:34:48.227315+00:00
21455,103775,3425,1,2026-05-05 12:34:48.227315+00:00
21456,103777,3051,0,2026-05-05 12:34:48.227315+00:00
21457,103787,3710,0,2026-05-05 12:34:48.227315+00:00
21458,103787,3367,0,2026-05-05 12:34:48.227315+00:00
21459,103788,5604,0,2026-05-05 12:34:48.227315+00:00
21460,103791,3710,0,2026-05-05 12:34:48.227315+00:00
21461,103791,3367,0,2026-05-05 12:34:48.227315+00:00
21462,103792,3710,0,2026-05-05 12:34:48.227315+00:00
21463,103792,3367,0,2026-05-05 12:34:48.227315+00:00
21464,103793,3367,0,2026-05-05 12:34:48.227315+00:00
21465,103793,4394,0,2026-05-05 12:34:48.227315+00:00
21466,103796,3710,0,2026-05-05 12:34:48.227315+00:00
21467,103798,3367,1,2026-05-05 12:34:48.227315+00:00
21468,103801,3367,0,2026-05-05 12:34:48.227315+00:00
21469,103803,3962,0,2026-05-05 12:34:48.227315+00:00
21470,103806,3367,0,2026-05-05 12:34:48.227315+00:00
21471,103807,8684,0,2026-05-05 12:34:48.227315+00:00
21472,103816,3710,0,2026-05-05 12:34:48.227315+00:00
21473,103816,3367,0,2026-05-05 12:34:48.227315+00:00
21474,103817,3367,0,2026-05-05 12:34:48.227315+00:00
21475,103818,3710,0,2026-05-05 12:34:48.227315+00:00
21476,103818,3367,0,2026-05-05 12:34:48.227315+00:00
21477,103822,3710,0,2026-05-05 12:34:48.227315+00:00
21478,103823,4394,0,2026-05-05 12:34:48.227315+00:00
21479,103826,3367,0,2026-05-05 12:34:48.227315+00:00
21480,103827,3710,0,2026-05-05 12:34:48.227315+00:00
21481,103828,3367,0,2026-05-05 12:34:48.227315+00:00
21482,103828,3710,0,2026-05-05 12:34:48.227315+00:00
21483,103833,3367,0,2026-05-05 12:34:48.227315+00:00
21484,103839,3367,0,2026-05-05 12:34:48.227315+00:00
21485,103840,3367,0,2026-05-05 12:34:48.227315+00:00
21486,103844,3367,1,2026-05-05 12:34:48.227315+00:00
21487,103845,3036,-1,2026-05-05 12:34:48.227315+00:00
21488,103848,3710,0,2026-05-05 12:34:48.227315+00:00
21489,103855,3367,1,2026-05-05 12:34:48.227315+00:00
21490,103860,3719,0,2026-05-05 12:34:48.227315+00:00
21491,103861,3367,0,2026-05-05 12:34:48.227315+00:00
21492,103862,3710,0,2026-05-05 12:34:48.227315+00:00
21493,103862,3367,0,2026-05-05 12:34:48.227315+00:00
21494,103866,3367,0,2026-05-05 12:34:48.227315+00:00
21495,103867,4601,0,2026-05-05 12:34:48.227315+00:00
21496,103876,5607,0,2026-05-05 12:34:48.227315+00:00
21497,103876,3710,0,2026-05-05 12:34:48.227315+00:00
21498,103876,3367,0,2026-05-05 12:34:48.227315+00:00
21499,103883,5353,0,2026-05-05 12:34:48.227315+00:00
21500,103884,3710,0,2026-05-05 12:34:48.227315+00:00
21501,103886,3710,0,2026-05-05 12:34:48.227315+00:00
21502,103886,3367,0,2026-05-05 12:34:48.227315+00:00
21503,91298,3209,1,2026-05-05 13:05:38.236894+00:00
21504,91339,3209,0,2026-05-05 13:05:38.236894+00:00
21505,91354,3209,0,2026-05-05 13:05:38.236894+00:00
21506,91357,3209,0,2026-05-05 13:05:38.236894+00:00
21507,91381,3209,-1,2026-05-05 13:05:38.236894+00:00
21508,91388,3209,0,2026-05-05 13:05:38.236894+00:00
21509,91410,3209,0,2026-05-05 13:05:38.236894+00:00
21510,91464,3209,0,2026-05-05 13:05:38.236894+00:00
21511,91476,3209,0,2026-05-05 13:05:38.236894+00:00
21512,91747,3209,0,2026-05-05 13:05:38.236894+00:00
21513,91804,3209,0,2026-05-05 13:05:38.236894+00:00
21514,91854,3209,1,2026-05-05 13:05:38.236894+00:00
21515,91909,3209,0,2026-05-05 13:05:38.236894+00:00
21516,92221,3209,0,2026-05-05 13:05:38.236894+00:00
21517,92420,3209,0,2026-05-05 13:05:38.236894+00:00
21518,92737,2990,0,2026-05-05 13:05:38.236894+00:00
21519,92747,3209,1,2026-05-05 13:05:38.236894+00:00
21520,93007,3209,1,2026-05-05 13:05:38.236894+00:00
21521,94631,3209,0,2026-05-05 13:05:38.236894+00:00
21522,94662,3209,0,2026-05-05 13:05:38.236894+00:00
21523,95019,3209,0,2026-05-05 13:05:38.236894+00:00
21524,95037,3209,0,2026-05-05 13:05:38.236894+00:00
21525,95068,3209,-1,2026-05-05 13:05:38.236894+00:00
21526,95413,3209,0,2026-05-05 13:05:38.236894+00:00
21527,95441,3209,-1,2026-05-05 13:05:38.236894+00:00
21528,96023,3209,0,2026-05-05 13:05:38.236894+00:00
21529,96088,3209,0,2026-05-05 13:05:38.236894+00:00
21530,96358,3209,0,2026-05-05 13:05:38.236894+00:00
21531,96415,3209,0,2026-05-05 13:05:38.236894+00:00
21532,96832,3209,0,2026-05-05 13:05:38.236894+00:00
21533,98177,3209,0,2026-05-05 13:05:38.236894+00:00
21534,98181,3209,0,2026-05-05 13:05:38.236894+00:00
21535,98206,3209,0,2026-05-05 13:05:38.236894+00:00
21536,98215,3209,0,2026-05-05 13:05:38.236894+00:00
21537,98240,3209,0,2026-05-05 13:05:38.236894+00:00
21538,98246,3209,0,2026-05-05 13:05:38.236894+00:00
21539,98289,3209,0,2026-05-05 13:05:38.236894+00:00
21540,98293,3209,1,2026-05-05 13:05:38.236894+00:00
21541,98693,3209,0,2026-05-05 13:05:38.236894+00:00
21542,98815,3209,0,2026-05-05 13:05:38.236894+00:00
21543,100006,3209,1,2026-05-05 13:05:38.236894+00:00
21544,100915,3209,1,2026-05-05 13:05:38.236894+00:00
21545,101559,3209,1,2026-05-05 13:05:38.236894+00:00
21546,101614,3209,0,2026-05-05 13:05:38.236894+00:00
21547,101617,3209,0,2026-05-05 13:05:38.236894+00:00
21548,101641,3209,-1,2026-05-05 13:05:38.236894+00:00
21549,101648,3209,0,2026-05-05 13:05:38.236894+00:00
21550,101733,3209,0,2026-05-05 13:05:38.236894+00:00
21551,102002,3209,0,2026-05-05 13:05:38.236894+00:00
21552,102162,3209,0,2026-05-05 13:05:38.236894+00:00
21553,102666,3209,0,2026-05-05 13:05:38.236894+00:00
21554,103056,3209,0,2026-05-05 13:05:38.236894+00:00
21555,103789,3209,0,2026-05-05 13:05:38.236894+00:00
21556,103790,3209,0,2026-05-05 13:05:38.236894+00:00
21557,103797,3209,0,2026-05-05 13:05:38.236894+00:00
21558,103815,3209,0,2026-05-05 13:05:38.236894+00:00
21559,103820,3209,0,2026-05-05 13:05:38.236894+00:00
21560,103836,3209,0,2026-05-05 13:05:38.236894+00:00
21561,103894,3367,0,2026-05-05 13:05:38.236894+00:00
21562,103894,3710,0,2026-05-05 13:05:38.236894+00:00
21563,103897,3710,0,2026-05-05 13:05:38.236894+00:00
21564,103901,3710,1,2026-05-05 13:05:38.236894+00:00
21565,103901,3367,1,2026-05-05 13:05:38.236894+00:00
21566,103902,3367,1,2026-05-05 13:05:38.236894+00:00
21567,103902,3710,1,2026-05-05 13:05:38.236894+00:00
21568,103903,3579,0,2026-05-05 13:05:38.236894+00:00
21569,103903,3214,0,2026-05-05 13:05:38.236894+00:00
21570,103904,3291,0,2026-05-05 13:05:38.236894+00:00
21571,103907,3710,0,2026-05-05 13:05:38.236894+00:00
21572,103909,3710,0,2026-05-05 13:05:38.236894+00:00
21573,103911,3710,-1,2026-05-05 13:05:38.236894+00:00
21574,103915,3710,0,2026-05-05 13:05:38.236894+00:00
21575,103916,3068,0,2026-05-05 13:05:38.236894+00:00
21576,103916,3209,0,2026-05-05 13:05:38.236894+00:00
21577,103917,5591,0,2026-05-05 13:05:38.236894+00:00
21578,103917,5608,0,2026-05-05 13:05:38.236894+00:00
21579,103927,3367,0,2026-05-05 13:05:38.236894+00:00
21580,103928,4530,1,2026-05-05 13:05:38.236894+00:00
21581,103933,5646,0,2026-05-05 13:05:38.236894+00:00
21582,103934,3367,0,2026-05-05 13:05:38.236894+00:00
21583,103937,5607,0,2026-05-05 13:05:38.236894+00:00
21584,103937,3710,0,2026-05-05 13:05:38.236894+00:00
21585,103937,3367,0,2026-05-05 13:05:38.236894+00:00
21586,103938,5607,0,2026-05-05 13:05:38.236894+00:00
21587,103947,3710,0,2026-05-05 13:05:38.236894+00:00
21588,103947,3367,0,2026-05-05 13:05:38.236894+00:00
21589,103953,3758,0,2026-05-05 13:05:38.236894+00:00
21590,103967,3710,0,2026-05-05 13:05:38.236894+00:00
21591,103967,3367,0,2026-05-05 13:05:38.236894+00:00
21592,103974,5634,0,2026-05-05 13:05:38.236894+00:00
21593,103975,3126,0,2026-05-05 13:05:38.236894+00:00
21594,103977,3710,0,2026-05-05 13:05:38.236894+00:00
21595,103977,3367,0,2026-05-05 13:05:38.236894+00:00
21596,103984,3213,0,2026-05-05 13:05:38.236894+00:00
21597,103986,3367,0,2026-05-05 13:05:38.236894+00:00
21598,103989,3710,0,2026-05-05 13:05:38.236894+00:00
21599,103990,3710,0,2026-05-05 13:05:38.236894+00:00
21600,103991,3554,1,2026-05-05 13:05:38.236894+00:00
21601,103991,4516,1,2026-05-05 13:05:38.236894+00:00
21602,103992,3209,0,2026-05-05 13:05:38.236894+00:00
21603,103993,3719,0,2026-05-05 13:05:38.236894+00:00
21604,103999,3710,-1,2026-05-05 13:05:38.236894+00:00
21605,104000,3367,1,2026-05-05 13:05:38.236894+00:00
21606,104000,3710,1,2026-05-05 13:05:38.236894+00:00
21607,104002,4677,0,2026-05-05 13:05:38.236894+00:00
21608,104004,3710,0,2026-05-05 13:05:38.236894+00:00
21609,104008,3367,0,2026-05-05 13:05:38.236894+00:00
21610,104009,3367,0,2026-05-05 13:05:38.236894+00:00
21611,104011,3609,0,2026-05-05 13:05:38.236894+00:00
21612,104014,3367,0,2026-05-05 13:05:38.236894+00:00
21613,104016,3719,1,2026-05-05 13:05:38.236894+00:00
21614,104018,3367,0,2026-05-05 13:05:38.236894+00:00
21615,104019,3068,0,2026-05-05 13:05:38.236894+00:00
21616,104019,3209,0,2026-05-05 13:05:38.236894+00:00
21617,104022,3367,1,2026-05-05 13:05:38.236894+00:00
21618,104026,5601,0,2026-05-05 13:05:38.236894+00:00
21619,104029,3710,0,2026-05-05 13:05:38.236894+00:00
21620,104029,3367,0,2026-05-05 13:05:38.236894+00:00
21621,104030,3579,0,2026-05-05 13:05:38.236894+00:00
21622,104030,3367,0,2026-05-05 13:05:38.236894+00:00
21623,104031,3367,-1,2026-05-05 13:05:38.236894+00:00
21624,104032,3710,1,2026-05-05 13:05:38.236894+00:00
21625,104033,3367,0,2026-05-05 13:05:38.236894+00:00
21626,104034,3209,0,2026-05-05 13:05:38.236894+00:00
21627,104035,3367,0,2026-05-05 13:05:38.236894+00:00
21628,104036,3367,0,2026-05-05 13:05:38.236894+00:00
21629,104040,3367,1,2026-05-05 13:05:38.236894+00:00
21630,104041,3367,0,2026-05-05 13:05:38.236894+00:00
21631,104042,3367,0,2026-05-05 13:05:38.236894+00:00
21632,104044,3367,0,2026-05-05 13:05:38.236894+00:00
21633,104045,3367,0,2026-05-05 13:05:38.236894+00:00
21634,104046,3367,0,2026-05-05 13:05:38.236894+00:00
21635,104047,3710,0,2026-05-05 13:05:38.236894+00:00
21636,104047,3367,0,2026-05-05 13:05:38.236894+00:00
21637,104053,3367,0,2026-05-05 13:05:38.236894+00:00
21638,104054,3367,1,2026-05-05 13:05:38.236894+00:00
21639,104057,3710,-1,2026-05-05 13:05:38.236894+00:00
21640,104064,3367,0,2026-05-05 13:05:38.236894+00:00
21641,104064,3710,0,2026-05-05 13:05:38.236894+00:00
21642,104065,3710,0,2026-05-05 13:05:38.236894+00:00
21643,104069,3367,1,2026-05-05 13:05:38.236894+00:00
21644,104070,3710,-1,2026-05-05 13:05:38.236894+00:00
21645,104070,3367,-1,2026-05-05 13:05:38.236894+00:00
21646,104073,3710,-1,2026-05-05 13:05:38.236894+00:00
21647,104083,3710,0,2026-05-05 13:05:38.236894+00:00
21648,104083,3367,0,2026-05-05 13:05:38.236894+00:00
21649,104084,3710,0,2026-05-05 13:05:38.236894+00:00
21650,104084,3367,0,2026-05-05 13:05:38.236894+00:00
21651,104085,5643,0,2026-05-05 13:05:38.236894+00:00
21652,104091,3710,0,2026-05-05 13:05:38.236894+00:00
21653,104094,3425,0,2026-05-05 13:05:38.236894+00:00
21654,104102,3051,0,2026-05-05 13:05:38.236894+00:00
21655,104105,3710,0,2026-05-05 13:05:38.236894+00:00
21656,104105,3367,0,2026-05-05 13:05:38.236894+00:00
21657,104105,5607,0,2026-05-05 13:05:38.236894+00:00
21658,104105,5719,0,2026-05-05 13:05:38.236894+00:00
21659,104108,5596,1,2026-05-05 13:05:38.236894+00:00
21660,104110,5591,1,2026-05-05 13:05:38.236894+00:00
21661,104114,5719,0,2026-05-05 13:05:38.236894+00:00
21662,104115,3554,0,2026-05-05 13:05:38.236894+00:00
21663,104119,5594,0,2026-05-05 13:05:38.236894+00:00
21664,104120,5595,0,2026-05-05 13:05:38.236894+00:00
21665,104120,5593,0,2026-05-05 13:05:38.236894+00:00
21666,104122,5593,1,2026-05-05 13:05:38.236894+00:00
21667,104125,3710,0,2026-05-05 13:05:38.236894+00:00
21668,104125,3367,0,2026-05-05 13:05:38.236894+00:00
21669,104126,5591,0,2026-05-05 13:05:38.236894+00:00
21670,104132,5592,0,2026-05-05 13:05:38.236894+00:00
21671,104133,5601,0,2026-05-05 13:05:38.236894+00:00
21672,104135,5593,1,2026-05-05 13:05:38.236894+00:00
21673,104141,3710,0,2026-05-05 13:05:38.236894+00:00
21674,104143,3710,-1,2026-05-05 13:05:38.236894+00:00
21675,104146,5593,1,2026-05-05 13:05:38.236894+00:00
21676,104157,3367,0,2026-05-05 13:05:38.236894+00:00
21677,104222,3016,0,2026-05-05 13:05:38.236894+00:00
21678,104222,3367,0,2026-05-05 13:05:38.236894+00:00
21679,104223,3367,0,2026-05-05 13:05:38.236894+00:00
21680,104227,5597,0,2026-05-05 13:05:38.236894+00:00
21681,104231,3710,0,2026-05-05 13:05:38.236894+00:00
21682,104237,3367,0,2026-05-05 13:05:38.236894+00:00
21683,104239,3710,0,2026-05-05 13:05:38.236894+00:00
21684,104240,3367,0,2026-05-05 13:05:38.236894+00:00
21685,104241,3710,0,2026-05-05 13:05:38.236894+00:00
21686,104244,3367,0,2026-05-05 13:05:38.236894+00:00
21687,104245,3367,0,2026-05-05 13:05:38.236894+00:00
21688,104246,3367,1,2026-05-05 13:05:38.236894+00:00
21689,104249,3719,1,2026-05-05 13:05:38.236894+00:00
21690,104252,5466,0,2026-05-05 13:05:38.236894+00:00
21691,104254,3367,0,2026-05-05 13:05:38.236894+00:00
21692,104257,3367,0,2026-05-05 13:05:38.236894+00:00
21693,104260,3710,1,2026-05-05 13:05:38.236894+00:00
21694,104260,3367,1,2026-05-05 13:05:38.236894+00:00
21695,104267,5466,0,2026-05-05 13:05:38.236894+00:00
21696,104268,5092,-1,2026-05-05 13:05:38.236894+00:00
21697,104269,3710,0,2026-05-05 13:05:38.236894+00:00
21698,104269,3367,0,2026-05-05 13:05:38.236894+00:00
21699,104274,3710,0,2026-05-05 13:05:38.236894+00:00
21700,104276,3710,0,2026-05-05 13:05:38.236894+00:00
21701,104280,3367,0,2026-05-05 13:05:38.236894+00:00
21702,104283,2947,0,2026-05-05 13:05:38.236894+00:00
21703,104284,5466,0,2026-05-05 13:05:38.236894+00:00
21704,104290,3710,0,2026-05-05 13:05:38.236894+00:00
21705,104292,4394,0,2026-05-05 13:05:38.236894+00:00
21706,104298,3367,1,2026-05-05 13:05:38.236894+00:00
21707,104301,3710,0,2026-05-05 13:05:38.236894+00:00
21708,104303,3710,0,2026-05-05 13:05:38.236894+00:00
21709,104327,5607,0,2026-05-05 13:36:55.894613+00:00
21710,104328,5607,0,2026-05-05 13:36:55.894613+00:00
21711,104331,5066,0,2026-05-05 13:36:55.894613+00:00
21712,104346,3367,0,2026-05-05 13:36:55.894613+00:00
21713,104348,3367,0,2026-05-05 13:36:55.894613+00:00
21714,104349,3710,-1,2026-05-05 13:36:55.894613+00:00
21715,104359,3475,1,2026-05-05 13:36:55.894613+00:00
21716,104360,3710,0,2026-05-05 13:36:55.894613+00:00
21717,104360,3367,0,2026-05-05 13:36:55.894613+00:00
21718,104376,3367,0,2026-05-05 13:36:55.894613+00:00
21719,104376,5719,0,2026-05-05 13:36:55.894613+00:00
21720,104377,3556,0,2026-05-05 13:36:55.894613+00:00
21721,104393,5607,0,2026-05-05 13:36:55.894613+00:00
21722,104395,3719,-1,2026-05-05 13:36:55.894613+00:00
21723,104425,3367,0,2026-05-05 13:36:55.894613+00:00
21724,104427,3367,0,2026-05-05 13:36:55.894613+00:00
21725,104429,3710,0,2026-05-05 13:36:55.894613+00:00
21726,104429,3367,0,2026-05-05 13:36:55.894613+00:00
21727,104455,3209,1,2026-05-05 13:36:55.894613+00:00
21728,104461,3710,0,2026-05-05 13:36:55.894613+00:00
21729,104465,3710,0,2026-05-05 13:36:55.894613+00:00
21730,104465,3367,0,2026-05-05 13:36:55.894613+00:00
21731,104468,3367,0,2026-05-05 13:36:55.894613+00:00
21732,104470,3710,1,2026-05-05 13:36:55.894613+00:00
21733,104471,3710,0,2026-05-05 13:36:55.894613+00:00
21734,104475,3367,0,2026-05-05 13:36:55.894613+00:00
21735,104476,5592,0,2026-05-05 13:36:55.894613+00:00
21736,104480,3764,0,2026-05-05 13:36:55.894613+00:00
21737,104481,3051,0,2026-05-05 13:36:55.894613+00:00
21738,104483,3609,0,2026-05-05 13:36:55.894613+00:00
21739,104487,3068,0,2026-05-05 13:36:55.894613+00:00
21740,104487,3209,0,2026-05-05 13:36:55.894613+00:00
21741,104488,3710,0,2026-05-05 13:36:55.894613+00:00
21742,104489,5466,1,2026-05-05 13:36:55.894613+00:00
21743,104490,3367,0,2026-05-05 13:36:55.894613+00:00
21744,104495,4013,0,2026-05-05 13:36:55.894613+00:00
21745,104496,3367,0,2026-05-05 13:36:55.894613+00:00
21746,104499,3367,0,2026-05-05 13:36:55.894613+00:00
21747,104502,3367,0,2026-05-05 13:36:55.894613+00:00
21748,104503,3367,1,2026-05-05 13:36:55.894613+00:00
21749,104509,3367,1,2026-05-05 13:36:55.894613+00:00
21750,104514,3710,-1,2026-05-05 13:36:55.894613+00:00
21751,104514,3367,-1,2026-05-05 13:36:55.894613+00:00
21752,104515,3367,0,2026-05-05 13:36:55.894613+00:00
21753,104519,5646,0,2026-05-05 13:36:55.894613+00:00
21754,104520,3710,0,2026-05-05 13:36:55.894613+00:00
21755,104527,3710,0,2026-05-05 13:36:55.894613+00:00
21756,104528,3710,0,2026-05-05 13:36:55.894613+00:00
21757,104533,5604,0,2026-05-05 13:36:55.894613+00:00
21758,104539,3710,-1,2026-05-05 13:36:55.894613+00:00
21759,104540,3367,0,2026-05-05 13:36:55.894613+00:00
21760,104542,5593,0,2026-05-05 13:36:55.894613+00:00
21761,104543,5302,0,2026-05-05 13:36:55.894613+00:00
21762,104545,3367,0,2026-05-05 13:36:55.894613+00:00
21763,104554,5593,0,2026-05-05 13:36:55.894613+00:00
21764,104564,5608,0,2026-05-05 13:36:55.894613+00:00
21765,104565,3710,0,2026-05-05 13:36:55.894613+00:00
21766,104565,3367,0,2026-05-05 13:36:55.894613+00:00
21767,104566,5607,1,2026-05-05 13:36:55.894613+00:00
21768,104569,3710,0,2026-05-05 13:36:55.894613+00:00
21769,104570,5593,-1,2026-05-05 13:36:55.894613+00:00
21770,104572,3710,0,2026-05-05 13:36:55.894613+00:00
21771,104574,3710,0,2026-05-05 13:36:55.894613+00:00
21772,104574,3367,0,2026-05-05 13:36:55.894613+00:00
21773,104577,5593,1,2026-05-05 13:36:55.894613+00:00
21774,104583,3710,0,2026-05-05 13:36:55.894613+00:00
21775,104585,3019,0,2026-05-05 13:36:55.894613+00:00
21776,104588,5624,0,2026-05-05 13:36:55.894613+00:00
21777,104597,3710,0,2026-05-05 13:36:55.894613+00:00
21778,104597,3367,0,2026-05-05 13:36:55.894613+00:00
21779,104599,3710,0,2026-05-05 13:36:55.894613+00:00
21780,104599,5608,0,2026-05-05 13:36:55.894613+00:00
21781,104600,3710,-1,2026-05-05 13:36:55.894613+00:00
21782,104603,3710,0,2026-05-05 13:36:55.894613+00:00
21783,104604,3367,0,2026-05-05 13:36:55.894613+00:00
21784,104607,3209,1,2026-05-05 13:36:55.894613+00:00
21785,104608,3710,0,2026-05-05 13:36:55.894613+00:00
21786,104613,5608,0,2026-05-05 13:36:55.894613+00:00
21787,104617,3710,0,2026-05-05 13:36:55.894613+00:00
21788,104617,3367,0,2026-05-05 13:36:55.894613+00:00
21789,104623,3367,1,2026-05-05 13:36:55.894613+00:00
21790,104632,3710,0,2026-05-05 13:36:55.894613+00:00
21791,104633,3367,1,2026-05-05 13:36:55.894613+00:00
21792,104633,3710,1,2026-05-05 13:36:55.894613+00:00
21793,104634,3554,1,2026-05-05 13:36:55.894613+00:00
21794,104636,5593,1,2026-05-05 13:36:55.894613+00:00
21795,104638,3209,0,2026-05-05 13:36:55.894613+00:00
21796,104639,3710,-1,2026-05-05 13:36:55.894613+00:00
21797,104639,3367,-1,2026-05-05 13:36:55.894613+00:00
21798,104647,5612,0,2026-05-05 13:36:55.894613+00:00
21799,104649,3710,0,2026-05-05 13:36:55.894613+00:00
21800,104652,5592,1,2026-05-05 13:36:55.894613+00:00
21801,104655,5594,1,2026-05-05 13:36:55.894613+00:00
21802,104660,5608,0,2026-05-05 13:36:55.894613+00:00
21803,104666,5608,0,2026-05-05 13:36:55.894613+00:00
21804,104672,3710,0,2026-05-05 13:36:55.894613+00:00
21805,104673,3710,1,2026-05-05 13:36:55.894613+00:00
21806,104674,3367,0,2026-05-05 13:36:55.894613+00:00
21807,104675,3710,1,2026-05-05 13:36:55.894613+00:00
21808,104676,3367,0,2026-05-05 13:36:55.894613+00:00
21809,104678,5607,0,2026-05-05 13:36:55.894613+00:00
21810,104679,3870,0,2026-05-05 13:36:55.894613+00:00
21811,104680,3710,1,2026-05-05 13:36:55.894613+00:00
21812,104682,2962,0,2026-05-05 13:36:55.894613+00:00
21813,104687,3710,0,2026-05-05 13:36:55.894613+00:00
21814,104689,3367,-1,2026-05-05 13:36:55.894613+00:00
21815,104689,3710,-1,2026-05-05 13:36:55.894613+00:00
21816,104689,9401,-1,2026-05-05 13:36:55.894613+00:00
21817,104690,3016,0,2026-05-05 13:36:55.894613+00:00
21818,104695,3710,-1,2026-05-05 13:36:55.894613+00:00
21819,104696,3051,0,2026-05-05 13:36:55.894613+00:00
21820,104697,3710,0,2026-05-05 13:36:55.894613+00:00
21821,104710,3710,0,2026-05-05 13:36:55.894613+00:00
21822,104713,3710,-1,2026-05-05 13:36:55.894613+00:00
21823,104714,3710,1,2026-05-05 13:36:55.894613+00:00
21824,104715,3710,1,2026-05-05 13:36:55.894613+00:00
21825,104717,3710,0,2026-05-05 13:36:55.894613+00:00
21826,104718,3710,1,2026-05-05 13:36:55.894613+00:00
21827,104718,3367,1,2026-05-05 13:36:55.894613+00:00
21828,104719,3710,0,2026-05-05 13:36:55.894613+00:00
21829,104720,3710,0,2026-05-05 13:36:55.894613+00:00
21830,104722,3710,0,2026-05-05 13:36:55.894613+00:00
21831,104731,3710,0,2026-05-05 13:36:55.894613+00:00
21832,104736,3758,1,2026-05-05 13:36:55.894613+00:00
21833,104738,3367,0,2026-05-05 13:36:55.894613+00:00
21834,104741,3251,0,2026-05-05 13:36:55.894613+00:00
21835,104746,3710,0,2026-05-05 13:36:55.894613+00:00
21836,104749,3710,0,2026-05-05 13:36:55.894613+00:00
21837,104750,3710,0,2026-05-05 13:36:55.894613+00:00
21838,104751,5619,0,2026-05-05 13:36:55.894613+00:00
21839,104755,3710,0,2026-05-05 13:36:55.894613+00:00
21840,104755,3367,0,2026-05-05 13:36:55.894613+00:00
21841,104758,3710,0,2026-05-05 13:36:55.894613+00:00
21842,104758,3367,0,2026-05-05 13:36:55.894613+00:00
21843,104759,5607,0,2026-05-05 13:36:55.894613+00:00
21844,104759,5619,0,2026-05-05 13:36:55.894613+00:00
21845,104761,3710,0,2026-05-05 13:36:55.894613+00:00
21846,104765,3710,-1,2026-05-05 13:36:55.894613+00:00
21847,104777,4679,0,2026-05-05 13:36:55.894613+00:00
21848,104781,3710,0,2026-05-05 13:36:55.894613+00:00
21849,104785,3710,0,2026-05-05 13:36:55.894613+00:00
21850,104789,5646,0,2026-05-05 13:36:55.894613+00:00
21851,104790,3710,0,2026-05-05 13:36:55.894613+00:00
21852,104794,3710,-1,2026-05-05 13:36:55.894613+00:00
21853,104808,3710,0,2026-05-05 13:36:55.894613+00:00
21854,104810,3367,0,2026-05-05 13:36:55.894613+00:00
21855,104812,3710,0,2026-05-05 13:36:55.894613+00:00
21856,104812,3367,0,2026-05-05 13:36:55.894613+00:00
21857,104813,3710,0,2026-05-05 13:36:55.894613+00:00
21858,104816,3710,0,2026-05-05 13:36:55.894613+00:00
21859,104816,3367,0,2026-05-05 13:36:55.894613+00:00
21860,104817,3710,0,2026-05-05 13:36:55.894613+00:00
21861,104817,3367,0,2026-05-05 13:36:55.894613+00:00
21862,104818,5596,0,2026-05-05 13:36:55.894613+00:00
21863,104819,3710,0,2026-05-05 13:36:55.894613+00:00
21864,104819,3367,0,2026-05-05 13:36:55.894613+00:00
21865,104820,3710,0,2026-05-05 13:36:55.894613+00:00
21866,104824,3367,0,2026-05-05 13:36:55.894613+00:00
21867,104825,2956,0,2026-05-05 13:36:55.894613+00:00
21868,104826,3710,0,2026-05-05 13:36:55.894613+00:00
21869,104830,3209,0,2026-05-05 13:36:55.894613+00:00
21870,104833,3710,0,2026-05-05 13:36:55.894613+00:00
21871,104841,4120,0,2026-05-05 13:36:55.894613+00:00
21872,104844,5608,1,2026-05-05 13:36:55.894613+00:00
21873,104846,3416,0,2026-05-05 13:36:55.894613+00:00
21874,104847,3719,-1,2026-05-05 13:36:55.894613+00:00
21875,104847,3710,-1,2026-05-05 13:36:55.894613+00:00
21876,104848,3367,0,2026-05-05 13:36:55.894613+00:00
21877,104848,3710,0,2026-05-05 13:36:55.894613+00:00
21878,104850,3710,-1,2026-05-05 13:36:55.894613+00:00
21879,104855,3710,0,2026-05-05 13:36:55.894613+00:00
21880,104858,3367,1,2026-05-05 13:36:55.894613+00:00
21881,104859,3710,-1,2026-05-05 13:36:55.894613+00:00
21882,104860,3710,1,2026-05-05 13:36:55.894613+00:00
21883,104861,3710,0,2026-05-05 13:36:55.894613+00:00
21884,104863,3710,0,2026-05-05 13:36:55.894613+00:00
21885,104865,3316,1,2026-05-05 13:36:55.894613+00:00
21886,104867,5595,1,2026-05-05 13:36:55.894613+00:00
21887,104874,5265,0,2026-05-05 13:36:55.894613+00:00
21888,104876,5595,0,2026-05-05 13:36:55.894613+00:00
21889,104877,5607,0,2026-05-05 13:36:55.894613+00:00
21890,104877,5719,0,2026-05-05 13:36:55.894613+00:00
21891,104879,3367,0,2026-05-05 13:36:55.894613+00:00
21892,104879,3710,0,2026-05-05 13:36:55.894613+00:00
21893,104880,5607,1,2026-05-05 13:36:55.894613+00:00
21894,104882,5612,0,2026-05-05 13:36:55.894613+00:00
21895,104890,5719,0,2026-05-05 13:36:55.894613+00:00
21896,104893,4394,0,2026-05-05 13:36:55.894613+00:00
21897,104895,3710,0,2026-05-05 13:36:55.894613+00:00
21898,104895,3367,0,2026-05-05 13:36:55.894613+00:00
21899,104896,3710,0,2026-05-05 13:36:55.894613+00:00
21900,104896,3367,0,2026-05-05 13:36:55.894613+00:00
21901,104897,4439,0,2026-05-05 13:36:55.894613+00:00
21902,104899,4439,0,2026-05-05 13:36:55.894613+00:00
21903,104900,5646,0,2026-05-05 13:36:55.894613+00:00
21904,104903,3710,0,2026-05-05 13:36:55.894613+00:00
21905,104903,3367,0,2026-05-05 13:36:55.894613+00:00
21906,104904,3710,0,2026-05-05 13:36:55.894613+00:00
21907,104904,3367,0,2026-05-05 13:36:55.894613+00:00
21908,104907,3710,0,2026-05-05 13:36:55.894613+00:00
21909,104908,3367,1,2026-05-05 13:36:55.894613+00:00
21910,104908,3710,1,2026-05-05 13:36:55.894613+00:00
21911,104910,3710,0,2026-05-05 13:36:55.894613+00:00
21912,104913,3367,1,2026-05-05 13:36:55.894613+00:00
21913,104914,5265,0,2026-05-05 13:36:55.894613+00:00
21914,104915,5612,0,2026-05-05 13:36:55.894613+00:00
21915,104916,3710,0,2026-05-05 13:36:55.894613+00:00
21916,104916,3367,0,2026-05-05 13:36:55.894613+00:00
21917,104917,5612,0,2026-05-05 13:36:55.894613+00:00
21918,104918,5350,0,2026-05-05 13:36:55.894613+00:00
21919,104924,3438,0,2026-05-05 13:36:55.894613+00:00
21920,104926,4530,0,2026-05-05 13:36:55.894613+00:00
21921,104930,3367,0,2026-05-05 13:36:55.894613+00:00
21922,104931,3710,0,2026-05-05 13:36:55.894613+00:00
21923,104932,3051,0,2026-05-05 13:36:55.894613+00:00
21924,104934,3051,0,2026-05-05 13:36:55.894613+00:00
21925,104935,3367,0,2026-05-05 13:36:55.894613+00:00
21926,104938,3367,0,2026-05-05 13:36:55.894613+00:00
21927,104938,3710,0,2026-05-05 13:36:55.894613+00:00
21928,104939,13959,0,2026-05-05 13:36:55.894613+00:00
21929,104943,3367,0,2026-05-05 13:36:55.894613+00:00
21930,104947,3710,0,2026-05-05 13:36:55.894613+00:00
21931,104947,3367,0,2026-05-05 13:36:55.894613+00:00
21932,104949,5265,0,2026-05-05 13:36:55.894613+00:00
21933,104953,3367,0,2026-05-05 13:36:55.894613+00:00
21934,104954,3271,0,2026-05-05 13:36:55.894613+00:00
21935,104959,3710,-1,2026-05-05 13:36:55.894613+00:00
21936,104961,3710,0,2026-05-05 13:36:55.894613+00:00
21937,104962,5646,0,2026-05-05 13:36:55.894613+00:00
21938,104964,3367,0,2026-05-05 13:36:55.894613+00:00
21939,104966,3710,0,2026-05-05 13:36:55.894613+00:00
21940,104967,5291,0,2026-05-05 13:36:55.894613+00:00
21941,104968,4770,0,2026-05-05 13:36:55.894613+00:00
21942,104969,3209,0,2026-05-05 13:36:55.894613+00:00
21943,104970,4770,1,2026-05-05 13:36:55.894613+00:00
21944,104971,3367,0,2026-05-05 13:36:55.894613+00:00
21945,104971,3209,0,2026-05-05 13:36:55.894613+00:00
21946,104974,3710,0,2026-05-05 13:36:55.894613+00:00
21947,104975,3710,1,2026-05-05 13:36:55.894613+00:00
21948,104976,3710,-1,2026-05-05 13:36:55.894613+00:00
21949,104977,3710,0,2026-05-05 13:36:55.894613+00:00
21950,104977,3367,0,2026-05-05 13:36:55.894613+00:00
21951,104979,3367,1,2026-05-05 13:36:55.894613+00:00
21952,104980,3367,0,2026-05-05 13:36:55.894613+00:00
21953,104986,5595,0,2026-05-05 13:36:55.894613+00:00
21954,104988,3367,0,2026-05-05 13:36:55.894613+00:00
21955,104991,3367,0,2026-05-05 13:36:55.894613+00:00
21956,104994,3710,0,2026-05-05 13:36:55.894613+00:00
21957,104999,3367,0,2026-05-05 13:36:55.894613+00:00
21958,105000,3367,1,2026-05-05 13:36:55.894613+00:00
21959,105001,3710,0,2026-05-05 13:36:55.894613+00:00
21960,105003,3367,0,2026-05-05 13:36:55.894613+00:00
21961,105009,3710,1,2026-05-05 13:36:55.894613+00:00
21962,105009,3367,1,2026-05-05 13:36:55.894613+00:00
21963,105012,3710,-1,2026-05-05 13:36:55.894613+00:00
21964,105013,3271,0,2026-05-05 13:36:55.894613+00:00
21965,105014,3367,0,2026-05-05 13:36:55.894613+00:00
21966,105016,3798,1,2026-05-05 13:36:55.894613+00:00
21967,105017,3710,0,2026-05-05 13:36:55.894613+00:00
21968,105018,3710,0,2026-05-05 13:36:55.894613+00:00
21969,105020,3367,0,2026-05-05 13:36:55.894613+00:00
21970,105020,3710,0,2026-05-05 13:36:55.894613+00:00
21971,105021,3710,-1,2026-05-05 13:36:55.894613+00:00
21972,105022,10264,1,2026-05-05 13:36:55.894613+00:00
21973,105023,3710,1,2026-05-05 13:36:55.894613+00:00
21974,105026,3710,1,2026-05-05 13:36:55.894613+00:00
21975,105026,5656,1,2026-05-05 13:36:55.894613+00:00
21976,105027,5646,0,2026-05-05 13:36:55.894613+00:00
21977,105029,3710,0,2026-05-05 13:36:55.894613+00:00
21978,105032,3710,0,2026-05-05 13:36:55.894613+00:00
21979,105039,5265,0,2026-05-05 13:36:55.894613+00:00
21980,105040,4530,1,2026-05-05 13:36:55.894613+00:00
21981,105042,3367,1,2026-05-05 13:36:55.894613+00:00
21982,105042,3710,1,2026-05-05 13:36:55.894613+00:00
21983,105044,3710,0,2026-05-05 13:36:55.894613+00:00
21984,105045,3051,0,2026-05-05 13:36:55.894613+00:00
21985,105046,3271,1,2026-05-05 13:36:55.894613+00:00
21986,105049,3710,-1,2026-05-05 13:36:55.894613+00:00
21987,105050,5034,0,2026-05-05 13:36:55.894613+00:00
21988,105051,3367,1,2026-05-05 13:36:55.894613+00:00
21989,105056,3367,0,2026-05-05 13:36:55.894613+00:00
21990,105057,3710,1,2026-05-05 13:36:55.894613+00:00
21991,105058,3710,-1,2026-05-05 13:36:55.894613+00:00
21992,105059,3710,0,2026-05-05 13:36:55.894613+00:00
21993,105060,3710,0,2026-05-05 13:36:55.894613+00:00
21994,105061,3710,0,2026-05-05 13:36:55.894613+00:00
21995,105067,3051,1,2026-05-05 13:36:55.894613+00:00
21996,105068,3710,-1,2026-05-05 13:36:55.894613+00:00
21997,105069,3710,0,2026-05-05 13:36:55.894613+00:00
21998,105070,3710,0,2026-05-05 13:36:55.894613+00:00
21999,105071,3367,0,2026-05-05 13:36:55.894613+00:00
22000,105076,3710,0,2026-05-05 13:36:55.894613+00:00
22001,105082,3710,1,2026-05-05 13:36:55.894613+00:00
22002,105082,3367,1,2026-05-05 13:36:55.894613+00:00
22003,105083,3587,0,2026-05-05 13:36:55.894613+00:00
22004,105084,3327,0,2026-05-05 13:36:55.894613+00:00
22005,105147,5607,0,2026-05-05 14:08:30.563854+00:00
22006,105153,3710,0,2026-05-05 14:08:30.563854+00:00
22007,105158,5719,1,2026-05-05 14:08:30.563854+00:00
22008,105164,3710,0,2026-05-05 14:08:30.563854+00:00
22009,105166,5608,1,2026-05-05 14:08:30.563854+00:00
22010,105167,3710,1,2026-05-05 14:08:30.563854+00:00
22011,105167,3367,1,2026-05-05 14:08:30.563854+00:00
22012,105170,3710,0,2026-05-05 14:08:30.563854+00:00
22013,105170,3367,0,2026-05-05 14:08:30.563854+00:00
22014,105171,5302,1,2026-05-05 14:08:30.563854+00:00
22015,105172,5607,0,2026-05-05 14:08:30.563854+00:00
22016,105176,5607,0,2026-05-05 14:08:30.563854+00:00
22017,105176,5719,0,2026-05-05 14:08:30.563854+00:00
22018,105178,5607,1,2026-05-05 14:08:30.563854+00:00
22019,105178,5608,1,2026-05-05 14:08:30.563854+00:00
22020,105180,5719,0,2026-05-05 14:08:30.563854+00:00
22021,105181,5719,0,2026-05-05 14:08:30.563854+00:00
22022,105182,5608,0,2026-05-05 14:08:30.563854+00:00
22023,105191,3367,0,2026-05-05 14:08:30.563854+00:00
22024,105191,3710,0,2026-05-05 14:08:30.563854+00:00
22025,105194,3710,0,2026-05-05 14:08:30.563854+00:00
22026,105200,5595,0,2026-05-05 14:08:30.563854+00:00
22027,105204,5607,1,2026-05-05 14:08:30.563854+00:00
22028,105210,5607,1,2026-05-05 14:08:30.563854+00:00
22029,105211,5607,0,2026-05-05 14:08:30.563854+00:00
22030,105212,5607,0,2026-05-05 14:08:30.563854+00:00
22031,105215,5066,0,2026-05-05 14:08:30.563854+00:00
22032,105217,3710,1,2026-05-05 14:08:30.563854+00:00
22033,105217,3367,1,2026-05-05 14:08:30.563854+00:00
22034,105218,3367,1,2026-05-05 14:08:30.563854+00:00
22035,105218,3710,1,2026-05-05 14:08:30.563854+00:00
22036,105219,3579,0,2026-05-05 14:08:30.563854+00:00
22037,105219,3214,0,2026-05-05 14:08:30.563854+00:00
22038,105220,3291,0,2026-05-05 14:08:30.563854+00:00
22039,105223,3710,0,2026-05-05 14:08:30.563854+00:00
22040,105225,3710,0,2026-05-05 14:08:30.563854+00:00
22041,105231,4394,0,2026-05-05 14:08:30.563854+00:00
22042,105233,3710,-1,2026-05-05 14:08:30.563854+00:00
22043,105236,3710,0,2026-05-05 14:08:30.563854+00:00
22044,105241,3367,0,2026-05-05 14:08:30.563854+00:00
22045,105243,3367,0,2026-05-05 14:08:30.563854+00:00
22046,105244,3710,-1,2026-05-05 14:08:30.563854+00:00
22047,105247,3710,-1,2026-05-05 14:08:30.563854+00:00
22048,105251,3710,0,2026-05-05 14:08:30.563854+00:00
22049,105252,3068,0,2026-05-05 14:08:30.563854+00:00
22050,105252,3209,0,2026-05-05 14:08:30.563854+00:00
22051,105253,5591,0,2026-05-05 14:08:30.563854+00:00
22052,105253,5608,0,2026-05-05 14:08:30.563854+00:00
22053,105257,3710,0,2026-05-05 14:08:30.563854+00:00
22054,105260,5591,0,2026-05-05 14:08:30.563854+00:00
22055,105260,5608,0,2026-05-05 14:08:30.563854+00:00
22056,105263,3710,0,2026-05-05 14:08:30.563854+00:00
22057,105270,5719,0,2026-05-05 14:08:30.563854+00:00
22058,105271,3475,1,2026-05-05 14:08:30.563854+00:00
22059,105272,3710,0,2026-05-05 14:08:30.563854+00:00
22060,105272,3367,0,2026-05-05 14:08:30.563854+00:00
22061,105283,3367,0,2026-05-05 14:08:30.563854+00:00
22062,105284,4530,1,2026-05-05 14:08:30.563854+00:00
22063,105287,3710,0,2026-05-05 14:08:30.563854+00:00
22064,105290,3719,0,2026-05-05 14:08:30.563854+00:00
22065,105293,3213,0,2026-05-05 14:08:30.563854+00:00
22066,105296,3710,0,2026-05-05 14:08:30.563854+00:00
22067,105296,3367,0,2026-05-05 14:08:30.563854+00:00
22068,105299,3367,0,2026-05-05 14:08:30.563854+00:00
22069,105299,5719,0,2026-05-05 14:08:30.563854+00:00
22070,105300,3556,0,2026-05-05 14:08:30.563854+00:00
22071,105309,5646,0,2026-05-05 14:08:30.563854+00:00
22072,105310,3367,0,2026-05-05 14:08:30.563854+00:00
22073,105313,5607,0,2026-05-05 14:08:30.563854+00:00
22074,105313,3710,0,2026-05-05 14:08:30.563854+00:00
22075,105313,3367,0,2026-05-05 14:08:30.563854+00:00
22076,105314,5607,0,2026-05-05 14:08:30.563854+00:00
22077,105317,3719,0,2026-05-05 14:08:30.563854+00:00
22078,105321,5607,0,2026-05-05 14:08:30.563854+00:00
22079,105323,3367,0,2026-05-05 14:08:30.563854+00:00
22080,105323,5607,0,2026-05-05 14:08:30.563854+00:00
22081,105323,3710,0,2026-05-05 14:08:30.563854+00:00
22082,105324,5607,0,2026-05-05 14:08:30.563854+00:00
22083,105326,5607,0,2026-05-05 14:08:30.563854+00:00
22084,105327,5607,0,2026-05-05 14:08:30.563854+00:00
22085,105330,5607,0,2026-05-05 14:08:30.563854+00:00
22086,105332,3719,-1,2026-05-05 14:08:30.563854+00:00
22087,105343,3710,0,2026-05-05 14:08:30.563854+00:00
22088,105343,3367,0,2026-05-05 14:08:30.563854+00:00
22089,105346,3367,0,2026-05-05 14:08:30.563854+00:00
22090,105354,5631,0,2026-05-05 14:08:30.563854+00:00
22091,105354,3710,0,2026-05-05 14:08:30.563854+00:00
22092,105355,5596,1,2026-05-05 14:08:30.563854+00:00
22093,105365,3758,0,2026-05-05 14:08:30.563854+00:00
22094,105374,3367,0,2026-05-05 14:08:30.563854+00:00
22095,105377,3367,0,2026-05-05 14:08:30.563854+00:00
22096,105382,3367,0,2026-05-05 14:08:30.563854+00:00
22097,105384,3367,0,2026-05-05 14:08:30.563854+00:00
22098,105388,3367,0,2026-05-05 14:08:30.563854+00:00
22099,105390,3367,0,2026-05-05 14:08:30.563854+00:00
22100,105392,3710,0,2026-05-05 14:08:30.563854+00:00
22101,105392,3367,0,2026-05-05 14:08:30.563854+00:00
22102,105401,3710,0,2026-05-05 14:08:30.563854+00:00
22103,105401,3367,0,2026-05-05 14:08:30.563854+00:00
22104,105411,3367,0,2026-05-05 14:08:30.563854+00:00
22105,105413,3710,0,2026-05-05 14:08:30.563854+00:00
22106,105427,5634,0,2026-05-05 14:08:30.563854+00:00
22107,105428,3126,0,2026-05-05 14:08:30.563854+00:00
22108,105430,3710,0,2026-05-05 14:08:30.563854+00:00
22109,105430,3367,0,2026-05-05 14:08:30.563854+00:00
22110,105438,3367,1,2026-05-05 14:08:30.563854+00:00
22111,105438,3710,1,2026-05-05 14:08:30.563854+00:00
22112,105442,3367,0,2026-05-05 14:08:30.563854+00:00
22113,105444,3367,0,2026-05-05 14:08:30.563854+00:00
22114,105445,3209,1,2026-05-05 14:08:30.563854+00:00
22115,105451,3710,0,2026-05-05 14:08:30.563854+00:00
22116,105457,3213,0,2026-05-05 14:08:30.563854+00:00
22117,105459,3367,0,2026-05-05 14:08:30.563854+00:00
22118,105462,3710,0,2026-05-05 14:08:30.563854+00:00
22119,105464,3710,0,2026-05-05 14:08:30.563854+00:00
22120,105464,3367,0,2026-05-05 14:08:30.563854+00:00
22121,105465,5719,0,2026-05-05 14:08:30.563854+00:00
22122,105467,3367,0,2026-05-05 14:08:30.563854+00:00
22123,105471,3367,0,2026-05-05 14:08:30.563854+00:00
22124,105472,3710,-1,2026-05-05 14:08:30.563854+00:00
22125,105477,3710,0,2026-05-05 14:08:30.563854+00:00
22126,105477,3367,0,2026-05-05 14:08:30.563854+00:00
22127,105480,3367,0,2026-05-05 14:08:30.563854+00:00
22128,105482,3710,1,2026-05-05 14:08:30.563854+00:00
22129,105483,3710,0,2026-05-05 14:08:30.563854+00:00
22130,105484,3554,1,2026-05-05 14:08:30.563854+00:00
22131,105484,4516,1,2026-05-05 14:08:30.563854+00:00
22132,105485,3209,0,2026-05-05 14:08:30.563854+00:00
22133,105486,3719,0,2026-05-05 14:08:30.563854+00:00
22134,105492,3710,-1,2026-05-05 14:08:30.563854+00:00
22135,105500,3209,0,2026-05-05 14:08:30.563854+00:00
22136,105503,3209,0,2026-05-05 14:08:30.563854+00:00
22137,105504,3710,0,2026-05-05 14:08:30.563854+00:00
22138,105505,3710,0,2026-05-05 14:08:30.563854+00:00
22139,105509,3367,0,2026-05-05 14:08:30.563854+00:00
22140,105510,5592,0,2026-05-05 14:08:30.563854+00:00
22141,105513,3367,1,2026-05-05 14:08:30.563854+00:00
22142,105513,3710,1,2026-05-05 14:08:30.563854+00:00
22143,105515,4677,0,2026-05-05 14:08:30.563854+00:00
22144,105517,3710,0,2026-05-05 14:08:30.563854+00:00
22145,105521,3367,0,2026-05-05 14:08:30.563854+00:00
22146,105522,3367,0,2026-05-05 14:08:30.563854+00:00
22147,105525,3710,0,2026-05-05 14:08:30.563854+00:00
22148,105527,3209,-1,2026-05-05 14:08:30.563854+00:00
22149,105530,2988,0,2026-05-05 14:08:30.563854+00:00
22150,105533,4805,0,2026-05-05 14:08:30.563854+00:00
22151,105534,3209,0,2026-05-05 14:08:30.563854+00:00
22152,105536,3764,0,2026-05-05 14:08:30.563854+00:00
22153,105537,3051,0,2026-05-05 14:08:30.563854+00:00
22154,105539,3609,0,2026-05-05 14:08:30.563854+00:00
22155,105544,3609,0,2026-05-05 14:08:30.563854+00:00
22156,105547,3367,0,2026-05-05 14:08:30.563854+00:00
22157,105549,3719,1,2026-05-05 14:08:30.563854+00:00
22158,105551,3367,0,2026-05-05 14:08:30.563854+00:00
22159,105552,3068,0,2026-05-05 14:08:30.563854+00:00
22160,105552,3209,0,2026-05-05 14:08:30.563854+00:00
22161,105553,3367,0,2026-05-05 14:08:30.563854+00:00
22162,105554,3209,0,2026-05-05 14:08:30.563854+00:00
22163,105555,3710,-1,2026-05-05 14:08:30.563854+00:00
22164,105556,3367,0,2026-05-05 14:08:30.563854+00:00
22165,105556,3710,0,2026-05-05 14:08:30.563854+00:00
22166,105557,3367,0,2026-05-05 14:08:30.563854+00:00
22167,105558,3068,0,2026-05-05 14:08:30.563854+00:00
22168,105560,3758,0,2026-05-05 14:08:30.563854+00:00
22169,105561,3367,0,2026-05-05 14:08:30.563854+00:00
22170,105562,3367,0,2026-05-05 14:08:30.563854+00:00
22171,105563,3609,0,2026-05-05 14:08:30.563854+00:00
22172,105564,3367,0,2026-05-05 14:08:30.563854+00:00
22173,105565,3068,0,2026-05-05 14:08:30.563854+00:00
22174,105565,3209,0,2026-05-05 14:08:30.563854+00:00
22175,105566,3710,0,2026-05-05 14:08:30.563854+00:00
22176,105567,5466,1,2026-05-05 14:08:30.563854+00:00
22177,105568,3367,0,2026-05-05 14:08:30.563854+00:00
22178,105575,3367,1,2026-05-05 14:08:30.563854+00:00
22179,105579,5601,0,2026-05-05 14:08:30.563854+00:00
22180,105582,3710,0,2026-05-05 14:08:30.563854+00:00
22181,105582,3367,0,2026-05-05 14:08:30.563854+00:00
22182,105583,3367,-1,2026-05-05 14:08:30.563854+00:00
22183,105584,5607,0,2026-05-05 14:08:30.563854+00:00
22184,105585,3367,0,2026-05-05 14:08:30.563854+00:00
22185,105586,3367,0,2026-05-05 14:08:30.563854+00:00
22186,105587,3367,0,2026-05-05 14:08:30.563854+00:00
22187,105587,3441,0,2026-05-05 14:08:30.563854+00:00
22188,105588,3710,-1,2026-05-05 14:08:30.563854+00:00
22189,105589,3710,0,2026-05-05 14:08:30.563854+00:00
22190,105590,5719,0,2026-05-05 14:08:30.563854+00:00
22191,105592,3710,0,2026-05-05 14:08:30.563854+00:00
22192,105594,3367,0,2026-05-05 14:08:30.563854+00:00
22193,105595,4013,0,2026-05-05 14:08:30.563854+00:00
22194,105596,3367,0,2026-05-05 14:08:30.563854+00:00
22195,105599,3367,0,2026-05-05 14:08:30.563854+00:00
22196,105602,3367,0,2026-05-05 14:08:30.563854+00:00
22197,105603,3579,0,2026-05-05 14:08:30.563854+00:00
22198,105603,3367,0,2026-05-05 14:08:30.563854+00:00
22199,105604,3367,-1,2026-05-05 14:08:30.563854+00:00
22200,105605,3710,1,2026-05-05 14:08:30.563854+00:00
22201,105606,3367,0,2026-05-05 14:08:30.563854+00:00
22202,105607,3209,0,2026-05-05 14:08:30.563854+00:00
22203,105608,3367,0,2026-05-05 14:08:30.563854+00:00
22204,105609,3367,0,2026-05-05 14:08:30.563854+00:00
22205,105614,3367,0,2026-05-05 14:08:30.563854+00:00
22206,105618,3209,0,2026-05-05 14:08:30.563854+00:00
22207,105620,3367,0,2026-05-05 14:08:30.563854+00:00
22208,105622,3367,1,2026-05-05 14:08:30.563854+00:00
22209,105624,3367,1,2026-05-05 14:08:30.563854+00:00
22210,105630,3367,1,2026-05-05 14:08:30.563854+00:00
22211,105632,3367,1,2026-05-05 14:08:30.563854+00:00
22212,105633,3367,0,2026-05-05 14:08:30.563854+00:00
22213,105634,3367,0,2026-05-05 14:08:30.563854+00:00
22214,105636,3367,0,2026-05-05 14:08:30.563854+00:00
22215,105637,3367,0,2026-05-05 14:08:30.563854+00:00
22216,105638,3367,0,2026-05-05 14:08:30.563854+00:00
22217,105639,3710,0,2026-05-05 14:08:30.563854+00:00
22218,105639,3367,0,2026-05-05 14:08:30.563854+00:00
22219,105642,3367,0,2026-05-05 14:08:30.563854+00:00
22220,105645,3367,0,2026-05-05 14:08:30.563854+00:00
22221,105646,3367,0,2026-05-05 14:08:30.563854+00:00
22222,105648,3367,0,2026-05-05 14:08:30.563854+00:00
22223,105649,4044,0,2026-05-05 14:08:30.563854+00:00
22224,105652,3367,-1,2026-05-05 14:08:30.563854+00:00
22225,105653,3367,0,2026-05-05 14:08:30.563854+00:00
22226,105657,3710,-1,2026-05-05 14:08:30.563854+00:00
22227,105657,3367,-1,2026-05-05 14:08:30.563854+00:00
22228,105658,3367,0,2026-05-05 14:08:30.563854+00:00
22229,105665,3367,0,2026-05-05 14:08:30.563854+00:00
22230,105666,3367,1,2026-05-05 14:08:30.563854+00:00
22231,105669,3710,-1,2026-05-05 14:08:30.563854+00:00
22232,105672,3367,1,2026-05-05 14:08:30.563854+00:00
22233,105672,3710,1,2026-05-05 14:08:30.563854+00:00
22234,105676,5284,0,2026-05-05 14:08:30.563854+00:00
22235,105680,3710,1,2026-05-05 14:08:30.563854+00:00
22236,105681,3710,1,2026-05-05 14:08:30.563854+00:00
22237,105682,3327,1,2026-05-05 14:08:30.563854+00:00
22238,105683,3367,1,2026-05-05 14:08:30.563854+00:00
22239,105684,5646,0,2026-05-05 14:08:30.563854+00:00
22240,105685,3710,0,2026-05-05 14:08:30.563854+00:00
22241,105696,3367,0,2026-05-05 14:08:30.563854+00:00
22242,105696,3710,0,2026-05-05 14:08:30.563854+00:00
22243,105697,3710,0,2026-05-05 14:08:30.563854+00:00
22244,105701,3367,1,2026-05-05 14:08:30.563854+00:00
22245,105704,3367,0,2026-05-05 14:08:30.563854+00:00
22246,105706,3609,0,2026-05-05 14:08:30.563854+00:00
22247,105707,3710,0,2026-05-05 14:08:30.563854+00:00
22248,105707,3609,0,2026-05-05 14:08:30.563854+00:00
22249,105707,3367,0,2026-05-05 14:08:30.563854+00:00
22250,105709,3710,1,2026-05-05 14:08:30.563854+00:00
22251,105709,3367,1,2026-05-05 14:08:30.563854+00:00
22252,105710,3710,1,2026-05-05 14:08:30.563854+00:00
22253,105710,3367,1,2026-05-05 14:08:30.563854+00:00
22254,105711,3367,0,2026-05-05 14:08:30.563854+00:00
22255,105712,3710,0,2026-05-05 14:08:30.563854+00:00
22256,105713,4516,0,2026-05-05 14:08:30.563854+00:00
22257,105714,3710,0,2026-05-05 14:08:30.563854+00:00
22258,105715,3710,0,2026-05-05 14:08:30.563854+00:00
22259,105720,5604,0,2026-05-05 14:08:30.563854+00:00
22260,105722,3710,-1,2026-05-05 14:08:30.563854+00:00
22261,105722,3367,-1,2026-05-05 14:08:30.563854+00:00
22262,105725,3710,-1,2026-05-05 14:08:30.563854+00:00
22263,105738,3126,0,2026-05-05 14:08:30.563854+00:00
22264,105739,3710,1,2026-05-05 14:08:30.563854+00:00
22265,105739,3367,1,2026-05-05 14:08:30.563854+00:00
22266,105740,3367,0,2026-05-05 14:08:30.563854+00:00
22267,105742,3367,0,2026-05-05 14:08:30.563854+00:00
22268,105748,5634,0,2026-05-05 14:08:30.563854+00:00
22269,105805,5596,0,2026-05-05 14:08:30.563854+00:00
22270,105834,3646,0,2026-05-05 14:08:30.563854+00:00
22271,105891,3710,0,2026-05-05 14:08:30.563854+00:00
22272,105891,5595,0,2026-05-05 14:08:30.563854+00:00
22273,106087,3710,0,2026-05-05 14:08:30.563854+00:00
22274,106087,9401,0,2026-05-05 14:08:30.563854+00:00
22275,106171,3710,0,2026-05-05 14:08:30.563854+00:00
22276,106345,5643,0,2026-05-05 14:08:30.563854+00:00
22277,106372,2932,0,2026-05-05 14:08:30.563854+00:00
22278,106400,3609,0,2026-05-05 14:08:30.563854+00:00
22279,106400,3772,0,2026-05-05 14:08:30.563854+00:00
22280,106456,3710,0,2026-05-05 14:08:30.563854+00:00
22281,106511,4394,0,2026-05-05 14:08:30.563854+00:00
22282,106511,5608,0,2026-05-05 14:08:30.563854+00:00
22283,107048,8939,0,2026-05-05 14:08:30.563854+00:00
22284,107161,5608,1,2026-05-05 14:40:42.795603+00:00
22285,107162,4394,0,2026-05-05 14:40:42.795603+00:00
22286,107163,5607,1,2026-05-05 14:40:42.795603+00:00
22287,107174,5608,1,2026-05-05 14:40:42.795603+00:00
22288,107175,3710,1,2026-05-05 14:40:42.795603+00:00
22289,107175,3367,1,2026-05-05 14:40:42.795603+00:00
22290,107178,3710,0,2026-05-05 14:40:42.795603+00:00
22291,107178,3367,0,2026-05-05 14:40:42.795603+00:00
22292,107179,5302,1,2026-05-05 14:40:42.795603+00:00
22293,107180,5607,0,2026-05-05 14:40:42.795603+00:00
22294,107189,5595,0,2026-05-05 14:40:42.795603+00:00
22295,107193,5607,1,2026-05-05 14:40:42.795603+00:00
22296,107195,3710,0,2026-05-05 14:40:42.795603+00:00
22297,107201,4394,0,2026-05-05 14:40:42.795603+00:00
22298,107203,3710,-1,2026-05-05 14:40:42.795603+00:00
22299,107208,3710,0,2026-05-05 14:40:42.795603+00:00
22300,107211,5591,0,2026-05-05 14:40:42.795603+00:00
22301,107211,5608,0,2026-05-05 14:40:42.795603+00:00
22302,107214,3710,0,2026-05-05 14:40:42.795603+00:00
22303,107219,3710,0,2026-05-05 14:40:42.795603+00:00
22304,107222,3719,0,2026-05-05 14:40:42.795603+00:00
22305,107225,3213,0,2026-05-05 14:40:42.795603+00:00
22306,107230,3719,0,2026-05-05 14:40:42.795603+00:00
22307,107234,5607,0,2026-05-05 14:40:42.795603+00:00
22308,107236,3367,0,2026-05-05 14:40:42.795603+00:00
22309,107236,5607,0,2026-05-05 14:40:42.795603+00:00
22310,107236,3710,0,2026-05-05 14:40:42.795603+00:00
22311,107237,5607,0,2026-05-05 14:40:42.795603+00:00
22312,107240,3367,0,2026-05-05 14:40:42.795603+00:00
22313,107248,5631,0,2026-05-05 14:40:42.795603+00:00
22314,107248,3710,0,2026-05-05 14:40:42.795603+00:00
22315,107249,5596,1,2026-05-05 14:40:42.795603+00:00
22316,107257,3367,0,2026-05-05 14:40:42.795603+00:00
22317,107260,3367,0,2026-05-05 14:40:42.795603+00:00
22318,107273,3367,0,2026-05-05 14:40:42.795603+00:00
22319,107275,3710,0,2026-05-05 14:40:42.795603+00:00
22320,107281,3367,1,2026-05-05 14:40:42.795603+00:00
22321,107281,3710,1,2026-05-05 14:40:42.795603+00:00
22322,107285,3367,0,2026-05-05 14:40:42.795603+00:00
22323,107288,3710,0,2026-05-05 14:40:42.795603+00:00
22324,107288,3367,0,2026-05-05 14:40:42.795603+00:00
22325,107289,5719,0,2026-05-05 14:40:42.795603+00:00
22326,107291,3367,0,2026-05-05 14:40:42.795603+00:00
22327,107295,3367,0,2026-05-05 14:40:42.795603+00:00
22328,107296,3710,-1,2026-05-05 14:40:42.795603+00:00
22329,107298,3710,-1,2026-05-05 14:40:42.795603+00:00
22330,107306,3209,0,2026-05-05 14:40:42.795603+00:00
22331,107309,3209,0,2026-05-05 14:40:42.795603+00:00
22332,107312,3710,0,2026-05-05 14:40:42.795603+00:00
22333,107314,3209,-1,2026-05-05 14:40:42.795603+00:00
22334,107317,2988,0,2026-05-05 14:40:42.795603+00:00
22335,107320,4805,0,2026-05-05 14:40:42.795603+00:00
22336,107321,3367,0,2026-05-05 14:40:42.795603+00:00
22337,107322,3209,0,2026-05-05 14:40:42.795603+00:00
22338,107323,3710,-1,2026-05-05 14:40:42.795603+00:00
22339,107324,3367,0,2026-05-05 14:40:42.795603+00:00
22340,107324,3710,0,2026-05-05 14:40:42.795603+00:00
22341,107325,3367,0,2026-05-05 14:40:42.795603+00:00
22342,107326,3068,0,2026-05-05 14:40:42.795603+00:00
22343,107328,3758,0,2026-05-05 14:40:42.795603+00:00
22344,107329,3367,0,2026-05-05 14:40:42.795603+00:00
22345,107330,3367,0,2026-05-05 14:40:42.795603+00:00
22346,107331,3609,0,2026-05-05 14:40:42.795603+00:00
22347,107332,3710,0,2026-05-05 14:40:42.795603+00:00
22348,107332,3367,0,2026-05-05 14:40:42.795603+00:00
22349,107333,3367,-1,2026-05-05 14:40:42.795603+00:00
22350,107334,5607,0,2026-05-05 14:40:42.795603+00:00
22351,107335,3367,0,2026-05-05 14:40:42.795603+00:00
22352,107336,3367,0,2026-05-05 14:40:42.795603+00:00
22353,107337,3367,0,2026-05-05 14:40:42.795603+00:00
22354,107337,3441,0,2026-05-05 14:40:42.795603+00:00
22355,107338,3710,-1,2026-05-05 14:40:42.795603+00:00
22356,107339,3710,0,2026-05-05 14:40:42.795603+00:00
22357,107340,5719,0,2026-05-05 14:40:42.795603+00:00
22358,107342,3710,0,2026-05-05 14:40:42.795603+00:00
22359,107346,3367,0,2026-05-05 14:40:42.795603+00:00
22360,107350,3209,0,2026-05-05 14:40:42.795603+00:00
22361,107352,3367,0,2026-05-05 14:40:42.795603+00:00
22362,107354,3367,1,2026-05-05 14:40:42.795603+00:00
22363,107356,3367,0,2026-05-05 14:40:42.795603+00:00
22364,107359,3367,0,2026-05-05 14:40:42.795603+00:00
22365,107360,3367,0,2026-05-05 14:40:42.795603+00:00
22366,107362,3367,0,2026-05-05 14:40:42.795603+00:00
22367,107363,4044,0,2026-05-05 14:40:42.795603+00:00
22368,107366,3367,-1,2026-05-05 14:40:42.795603+00:00
22369,107367,3367,0,2026-05-05 14:40:42.795603+00:00
22370,107368,3367,1,2026-05-05 14:40:42.795603+00:00
22371,107368,3710,1,2026-05-05 14:40:42.795603+00:00
22372,107372,5284,0,2026-05-05 14:40:42.795603+00:00
22373,107376,3710,1,2026-05-05 14:40:42.795603+00:00
22374,107377,3710,1,2026-05-05 14:40:42.795603+00:00
22375,107378,3327,1,2026-05-05 14:40:42.795603+00:00
22376,107379,3367,1,2026-05-05 14:40:42.795603+00:00
22377,107382,3367,0,2026-05-05 14:40:42.795603+00:00
22378,107384,3609,0,2026-05-05 14:40:42.795603+00:00
22379,107385,3710,0,2026-05-05 14:40:42.795603+00:00
22380,107385,3609,0,2026-05-05 14:40:42.795603+00:00
22381,107385,3367,0,2026-05-05 14:40:42.795603+00:00
22382,107387,3710,1,2026-05-05 14:40:42.795603+00:00
22383,107387,3367,1,2026-05-05 14:40:42.795603+00:00
22384,107388,3710,1,2026-05-05 14:40:42.795603+00:00
22385,107388,3367,1,2026-05-05 14:40:42.795603+00:00
22386,107389,3367,0,2026-05-05 14:40:42.795603+00:00
22387,107390,3710,0,2026-05-05 14:40:42.795603+00:00
22388,107391,4516,0,2026-05-05 14:40:42.795603+00:00
22389,107398,3126,0,2026-05-05 14:40:42.795603+00:00
22390,107399,3710,1,2026-05-05 14:40:42.795603+00:00
22391,107399,3367,1,2026-05-05 14:40:42.795603+00:00
22392,107400,3367,0,2026-05-05 14:40:42.795603+00:00
22393,107402,3367,0,2026-05-05 14:40:42.795603+00:00
22394,107408,3710,-1,2026-05-05 14:40:42.795603+00:00
22395,107409,3367,0,2026-05-05 14:40:42.795603+00:00
22396,107411,5593,0,2026-05-05 14:40:42.795603+00:00
22397,107415,3710,0,2026-05-05 14:40:42.795603+00:00
22398,107415,3367,0,2026-05-05 14:40:42.795603+00:00
22399,107416,3710,0,2026-05-05 14:40:42.795603+00:00
22400,107416,3367,0,2026-05-05 14:40:42.795603+00:00
22401,107417,5643,0,2026-05-05 14:40:42.795603+00:00
22402,107422,3710,0,2026-05-05 14:40:42.795603+00:00
22403,107426,3710,-1,2026-05-05 14:40:42.795603+00:00
22404,107427,3367,0,2026-05-05 14:40:42.795603+00:00
22405,107427,3710,0,2026-05-05 14:40:42.795603+00:00
22406,107431,3710,1,2026-05-05 14:40:42.795603+00:00
22407,107434,5302,0,2026-05-05 14:40:42.795603+00:00
22408,107436,3367,0,2026-05-05 14:40:42.795603+00:00
22409,107443,3710,0,2026-05-05 14:40:42.795603+00:00
22410,107446,3425,0,2026-05-05 14:40:42.795603+00:00
22411,107456,3367,0,2026-05-05 14:40:42.795603+00:00
22412,107467,5593,0,2026-05-05 14:40:42.795603+00:00
22413,107474,3051,0,2026-05-05 14:40:42.795603+00:00
22414,107477,3710,0,2026-05-05 14:40:42.795603+00:00
22415,107477,3367,0,2026-05-05 14:40:42.795603+00:00
22416,107477,5607,0,2026-05-05 14:40:42.795603+00:00
22417,107477,5719,0,2026-05-05 14:40:42.795603+00:00
22418,107480,5596,1,2026-05-05 14:40:42.795603+00:00
22419,107483,5608,0,2026-05-05 14:40:42.795603+00:00
22420,107484,3710,0,2026-05-05 14:40:42.795603+00:00
22421,107485,5595,0,2026-05-05 14:40:42.795603+00:00
22422,107488,5608,1,2026-05-05 14:40:42.795603+00:00
22423,107499,5608,0,2026-05-05 14:40:42.795603+00:00
22424,107500,3710,0,2026-05-05 14:40:42.795603+00:00
22425,107500,3367,0,2026-05-05 14:40:42.795603+00:00
22426,107501,5607,1,2026-05-05 14:40:42.795603+00:00
22427,107502,5591,1,2026-05-05 14:40:42.795603+00:00
22428,107506,5719,0,2026-05-05 14:40:42.795603+00:00
22429,107507,3554,0,2026-05-05 14:40:42.795603+00:00
22430,107511,5594,0,2026-05-05 14:40:42.795603+00:00
22431,107512,5593,0,2026-05-05 14:40:42.795603+00:00
22432,107517,3367,0,2026-05-05 14:40:42.795603+00:00
22433,107519,3710,-1,2026-05-05 14:40:42.795603+00:00
22434,107526,3710,0,2026-05-05 14:40:42.795603+00:00
22435,107527,5593,-1,2026-05-05 14:40:42.795603+00:00
22436,107529,3710,0,2026-05-05 14:40:42.795603+00:00
22437,107531,3710,0,2026-05-05 14:40:42.795603+00:00
22438,107531,3367,0,2026-05-05 14:40:42.795603+00:00
22439,107532,5595,0,2026-05-05 14:40:42.795603+00:00
22440,107532,5593,0,2026-05-05 14:40:42.795603+00:00
22441,107534,5593,1,2026-05-05 14:40:42.795603+00:00
22442,107537,3710,0,2026-05-05 14:40:42.795603+00:00
22443,107537,3367,0,2026-05-05 14:40:42.795603+00:00
22444,107538,5591,0,2026-05-05 14:40:42.795603+00:00
22445,107547,3209,0,2026-05-05 14:40:42.795603+00:00
22446,107549,5593,0,2026-05-05 14:40:42.795603+00:00
22447,107550,3126,0,2026-05-05 14:40:42.795603+00:00
22448,107553,5641,0,2026-05-05 14:40:42.795603+00:00
22449,107553,5593,0,2026-05-05 14:40:42.795603+00:00
22450,107556,5593,1,2026-05-05 14:40:42.795603+00:00
22451,107564,5592,0,2026-05-05 14:40:42.795603+00:00
22452,107565,5601,0,2026-05-05 14:40:42.795603+00:00
22453,107567,5593,1,2026-05-05 14:40:42.795603+00:00
22454,107572,5719,0,2026-05-05 14:40:42.795603+00:00
22455,107572,5591,0,2026-05-05 14:40:42.795603+00:00
22456,107575,5593,1,2026-05-05 14:40:42.795603+00:00
22457,107580,5595,-1,2026-05-05 14:40:42.795603+00:00
22458,107581,5608,0,2026-05-05 14:40:42.795603+00:00
22459,107581,5612,0,2026-05-05 14:40:42.795603+00:00
22460,107582,5626,0,2026-05-05 14:40:42.795603+00:00
22461,107584,3710,0,2026-05-05 14:40:42.795603+00:00
22462,107586,3019,0,2026-05-05 14:40:42.795603+00:00
22463,107589,5624,0,2026-05-05 14:40:42.795603+00:00
22464,107593,3710,0,2026-05-05 14:40:42.795603+00:00
22465,107595,3710,-1,2026-05-05 14:40:42.795603+00:00
22466,107598,5593,1,2026-05-05 14:40:42.795603+00:00
22467,107602,3164,0,2026-05-05 14:40:42.795603+00:00
22468,107603,3209,0,2026-05-05 14:40:42.795603+00:00
22469,107604,4394,0,2026-05-05 14:40:42.795603+00:00
22470,107607,5608,1,2026-05-05 14:40:42.795603+00:00
22471,107620,3710,0,2026-05-05 14:40:42.795603+00:00
22472,107620,3367,0,2026-05-05 14:40:42.795603+00:00
22473,107629,3367,0,2026-05-05 14:40:42.795603+00:00
22474,107633,3710,0,2026-05-05 14:40:42.795603+00:00
22475,107633,3367,0,2026-05-05 14:40:42.795603+00:00
22476,107634,3710,1,2026-05-05 14:40:42.795603+00:00
22477,107636,5593,0,2026-05-05 14:40:42.795603+00:00
22478,107637,3367,0,2026-05-05 14:40:42.795603+00:00
22479,107638,5595,0,2026-05-05 14:40:42.795603+00:00
22480,107643,3710,0,2026-05-05 14:40:42.795603+00:00
22481,107644,3710,0,2026-05-05 14:40:42.795603+00:00
22482,107644,5608,0,2026-05-05 14:40:42.795603+00:00
22483,107645,3710,-1,2026-05-05 14:40:42.795603+00:00
22484,107648,3710,0,2026-05-05 14:40:42.795603+00:00
22485,107649,3367,0,2026-05-05 14:40:42.795603+00:00
22486,107652,3209,1,2026-05-05 14:40:42.795603+00:00
22487,107653,3710,0,2026-05-05 14:40:42.795603+00:00
22488,107658,5608,0,2026-05-05 14:40:42.795603+00:00
22489,107662,3710,-1,2026-05-05 14:40:42.795603+00:00
22490,107664,3710,0,2026-05-05 14:40:42.795603+00:00
22491,107669,3126,1,2026-05-05 14:40:42.795603+00:00
22492,107671,3758,1,2026-05-05 14:40:42.795603+00:00
22493,107674,3710,0,2026-05-05 14:40:42.795603+00:00
22494,107674,3367,0,2026-05-05 14:40:42.795603+00:00
22495,107680,3367,1,2026-05-05 14:40:42.795603+00:00
22496,107689,3710,0,2026-05-05 14:40:42.795603+00:00
22497,107690,3367,1,2026-05-05 14:40:42.795603+00:00
22498,107690,3710,1,2026-05-05 14:40:42.795603+00:00
22499,107691,3554,1,2026-05-05 14:40:42.795603+00:00
22500,107693,4116,0,2026-05-05 14:40:42.795603+00:00
22501,107694,4044,1,2026-05-05 14:40:42.795603+00:00
22502,107700,3710,1,2026-05-05 14:40:42.795603+00:00
22503,107700,3367,1,2026-05-05 14:40:42.795603+00:00
22504,107701,3710,0,2026-05-05 14:40:42.795603+00:00
22505,107703,3710,0,2026-05-05 14:40:42.795603+00:00
22506,107705,5593,1,2026-05-05 14:40:42.795603+00:00
22507,107707,3209,0,2026-05-05 14:40:42.795603+00:00
22508,107708,3710,-1,2026-05-05 14:40:42.795603+00:00
22509,107708,3367,-1,2026-05-05 14:40:42.795603+00:00
22510,107716,5612,0,2026-05-05 14:40:42.795603+00:00
22511,107718,3710,0,2026-05-05 14:40:42.795603+00:00
22512,107721,5592,1,2026-05-05 14:40:42.795603+00:00
22513,107724,5597,0,2026-05-05 14:40:42.795603+00:00
22514,107727,5593,0,2026-05-05 14:40:42.795603+00:00
22515,107729,5593,1,2026-05-05 14:40:42.795603+00:00
22516,107730,5592,0,2026-05-05 14:40:42.795603+00:00
22517,107732,3758,-1,2026-05-05 14:40:42.795603+00:00
22518,107736,5594,1,2026-05-05 14:40:42.795603+00:00
22519,107741,5608,0,2026-05-05 14:40:42.795603+00:00
22520,107747,5608,0,2026-05-05 14:40:42.795603+00:00
22521,107752,5719,1,2026-05-05 14:40:42.795603+00:00
22522,107753,5604,0,2026-05-05 14:40:42.795603+00:00
22523,107754,3710,0,2026-05-05 14:40:42.795603+00:00
22524,107758,3710,1,2026-05-05 14:40:42.795603+00:00
22525,107758,5607,1,2026-05-05 14:40:42.795603+00:00
22526,107762,3367,0,2026-05-05 14:40:42.795603+00:00
22527,107765,3710,0,2026-05-05 14:40:42.795603+00:00
22528,107766,3710,1,2026-05-05 14:40:42.795603+00:00
22529,107767,3367,0,2026-05-05 14:40:42.795603+00:00
22530,107768,3710,1,2026-05-05 14:40:42.795603+00:00
22531,107769,3367,0,2026-05-05 14:40:42.795603+00:00
22532,107771,5607,0,2026-05-05 14:40:42.795603+00:00
22533,107772,3870,0,2026-05-05 14:40:42.795603+00:00
22534,107773,3710,1,2026-05-05 14:40:42.795603+00:00
22535,107775,2962,0,2026-05-05 14:40:42.795603+00:00
22536,107780,3710,0,2026-05-05 14:40:42.795603+00:00
22537,107783,3367,-1,2026-05-05 14:40:42.795603+00:00
22538,107786,3710,1,2026-05-05 14:40:42.795603+00:00
22539,107788,3719,0,2026-05-05 14:40:42.795603+00:00
22540,107789,3710,0,2026-05-05 14:40:42.795603+00:00
22541,107790,3758,0,2026-05-05 14:40:42.795603+00:00
22542,107792,5597,0,2026-05-05 14:40:42.795603+00:00
22543,107792,5592,0,2026-05-05 14:40:42.795603+00:00
22544,107794,3367,-1,2026-05-05 14:40:42.795603+00:00
22545,107794,3710,-1,2026-05-05 14:40:42.795603+00:00
22546,107794,9401,-1,2026-05-05 14:40:42.795603+00:00
22547,107795,3016,0,2026-05-05 14:40:42.795603+00:00
22548,107800,3710,-1,2026-05-05 14:40:42.795603+00:00
22549,107801,3051,0,2026-05-05 14:40:42.795603+00:00
22550,107802,3710,0,2026-05-05 14:40:42.795603+00:00
22551,107812,4225,0,2026-05-05 14:40:42.795603+00:00
22552,107818,3710,1,2026-05-05 14:40:42.795603+00:00
22553,107820,3710,-1,2026-05-05 14:40:42.795603+00:00
22554,107821,3126,0,2026-05-05 14:40:42.795603+00:00
22555,107823,3710,1,2026-05-05 14:40:42.795603+00:00
22556,107827,3710,0,2026-05-05 14:40:42.795603+00:00
22557,107830,3710,-1,2026-05-05 14:40:42.795603+00:00
22558,107831,3710,1,2026-05-05 14:40:42.795603+00:00
22559,107832,3710,1,2026-05-05 14:40:42.795603+00:00
22560,107834,3710,0,2026-05-05 14:40:42.795603+00:00
22561,107835,3710,1,2026-05-05 14:40:42.795603+00:00
22562,107835,3367,1,2026-05-05 14:40:42.795603+00:00
22563,107836,3710,0,2026-05-05 14:40:42.795603+00:00
22564,107837,3710,0,2026-05-05 14:40:42.795603+00:00
22565,107839,3710,0,2026-05-05 14:40:42.795603+00:00
22566,107847,3719,0,2026-05-05 14:40:42.795603+00:00
22567,107850,3772,1,2026-05-05 14:40:42.795603+00:00
22568,107860,3710,0,2026-05-05 14:40:42.795603+00:00
22569,107865,3758,1,2026-05-05 14:40:42.795603+00:00
22570,107867,3367,0,2026-05-05 14:40:42.795603+00:00
22571,107870,3251,0,2026-05-05 14:40:42.795603+00:00
22572,107872,3367,0,2026-05-05 14:40:42.795603+00:00
22573,107873,3367,1,2026-05-05 14:40:42.795603+00:00
22574,107875,3710,-1,2026-05-05 14:40:42.795603+00:00
22575,107875,3367,-1,2026-05-05 14:40:42.795603+00:00
22576,107877,3126,0,2026-05-05 14:40:42.795603+00:00
22577,107880,3367,0,2026-05-05 14:40:42.795603+00:00
22578,107880,3710,0,2026-05-05 14:40:42.795603+00:00
22579,107882,3367,0,2026-05-05 14:40:42.795603+00:00
22580,107882,3710,0,2026-05-05 14:40:42.795603+00:00
22581,107887,3710,0,2026-05-05 14:40:42.795603+00:00
22582,107890,3710,0,2026-05-05 14:40:42.795603+00:00
22583,107891,3710,0,2026-05-05 14:40:42.795603+00:00
22584,107892,5619,0,2026-05-05 14:40:42.795603+00:00
22585,107896,3710,0,2026-05-05 14:40:42.795603+00:00
22586,107896,3367,0,2026-05-05 14:40:42.795603+00:00
22587,107899,3710,0,2026-05-05 14:40:42.795603+00:00
22588,107899,3367,0,2026-05-05 14:40:42.795603+00:00
22589,107900,5607,0,2026-05-05 14:40:42.795603+00:00
22590,107900,5619,0,2026-05-05 14:40:42.795603+00:00
22591,107902,3710,0,2026-05-05 14:40:42.795603+00:00
22592,107914,3710,0,2026-05-05 14:40:42.795603+00:00
22593,107918,3710,-1,2026-05-05 14:40:42.795603+00:00
22594,107930,4679,0,2026-05-05 14:40:42.795603+00:00
22595,107946,3710,0,2026-05-05 14:40:42.795603+00:00
22596,107950,3710,0,2026-05-05 14:40:42.795603+00:00
22597,107954,5646,0,2026-05-05 14:40:42.795603+00:00
22598,107955,3710,0,2026-05-05 14:40:42.795603+00:00
22599,107959,3710,-1,2026-05-05 14:40:42.795603+00:00
22600,107964,3710,0,2026-05-05 14:40:42.795603+00:00
22601,107970,3719,0,2026-05-05 14:40:42.795603+00:00
22602,107970,3710,0,2026-05-05 14:40:42.795603+00:00
22603,107972,3710,0,2026-05-05 14:40:42.795603+00:00
22604,107985,3710,0,2026-05-05 14:40:42.795603+00:00
22605,107987,3367,0,2026-05-05 14:40:42.795603+00:00
22606,107989,3710,0,2026-05-05 14:40:42.795603+00:00
22607,107989,3367,0,2026-05-05 14:40:42.795603+00:00
22608,107990,3710,0,2026-05-05 14:40:42.795603+00:00
22609,107995,3710,0,2026-05-05 14:40:42.795603+00:00
22610,107997,3710,-1,2026-05-05 14:40:42.795603+00:00
22611,108002,3710,0,2026-05-05 14:40:42.795603+00:00
22612,108005,3710,0,2026-05-05 14:40:42.795603+00:00
22613,108005,3367,0,2026-05-05 14:40:42.795603+00:00
22614,108006,3710,0,2026-05-05 14:40:42.795603+00:00
22615,108006,3367,0,2026-05-05 14:40:42.795603+00:00
22616,108007,5596,0,2026-05-05 14:40:42.795603+00:00
22617,108008,3710,0,2026-05-05 14:40:42.795603+00:00
22618,108008,3367,0,2026-05-05 14:40:42.795603+00:00
22619,108009,3710,0,2026-05-05 14:40:42.795603+00:00
22620,108013,3367,0,2026-05-05 14:40:42.795603+00:00
22621,108014,2956,0,2026-05-05 14:40:42.795603+00:00
22622,108015,3710,0,2026-05-05 14:40:42.795603+00:00
22623,108019,3209,0,2026-05-05 14:40:42.795603+00:00
22624,108025,3963,0,2026-05-05 14:40:42.795603+00:00
22625,108030,3367,1,2026-05-05 14:40:42.795603+00:00
22626,108030,3710,1,2026-05-05 14:40:42.795603+00:00
22627,108031,3719,0,2026-05-05 14:40:42.795603+00:00
22628,108031,5596,0,2026-05-05 14:40:42.795603+00:00
22629,108033,3710,0,2026-05-05 14:40:42.795603+00:00
22630,108034,3710,0,2026-05-05 14:40:42.795603+00:00
22631,108042,4120,0,2026-05-05 14:40:42.795603+00:00
22632,108045,5608,1,2026-05-05 14:40:42.795603+00:00
22633,108047,3416,0,2026-05-05 14:40:42.795603+00:00
22634,108048,3719,-1,2026-05-05 14:40:42.795603+00:00
22635,108048,3710,-1,2026-05-05 14:40:42.795603+00:00
22636,108049,3367,0,2026-05-05 14:40:42.795603+00:00
22637,108049,3710,0,2026-05-05 14:40:42.795603+00:00
22638,108051,3710,-1,2026-05-05 14:40:42.795603+00:00
22639,108053,3367,0,2026-05-05 14:40:42.795603+00:00
22640,108053,3710,0,2026-05-05 14:40:42.795603+00:00
22641,108054,3367,0,2026-05-05 14:40:42.795603+00:00
22642,108054,3710,0,2026-05-05 14:40:42.795603+00:00
22643,108060,3710,-1,2026-05-05 14:40:42.795603+00:00
22644,108063,3710,1,2026-05-05 14:40:42.795603+00:00
22645,108063,3367,1,2026-05-05 14:40:42.795603+00:00
22646,108068,3710,0,2026-05-05 14:40:42.795603+00:00
22647,108071,3367,1,2026-05-05 14:40:42.795603+00:00
22648,108072,3710,-1,2026-05-05 14:40:42.795603+00:00
22649,108073,3710,1,2026-05-05 14:40:42.795603+00:00
22650,108074,3710,0,2026-05-05 14:40:42.795603+00:00
22651,108076,3710,0,2026-05-05 14:40:42.795603+00:00
22652,108078,3316,1,2026-05-05 14:40:42.795603+00:00
22653,108080,5595,1,2026-05-05 14:40:42.795603+00:00
22654,108086,5597,0,2026-05-05 14:40:42.795603+00:00
22655,108089,5607,1,2026-05-05 14:40:42.795603+00:00
22656,108089,5719,1,2026-05-05 14:40:42.795603+00:00
22657,108092,3367,0,2026-05-05 14:40:42.795603+00:00
22658,108099,5265,0,2026-05-05 14:40:42.795603+00:00
22659,108101,5595,0,2026-05-05 14:40:42.795603+00:00
22660,108102,5607,0,2026-05-05 14:40:42.795603+00:00
22661,108102,5719,0,2026-05-05 14:40:42.795603+00:00
22662,108104,3367,0,2026-05-05 14:40:42.795603+00:00
22663,108104,3710,0,2026-05-05 14:40:42.795603+00:00
22664,108105,5607,1,2026-05-05 14:40:42.795603+00:00
22665,108107,5612,0,2026-05-05 14:40:42.795603+00:00
22666,108112,3710,0,2026-05-05 14:40:42.795603+00:00
22667,108113,4439,-1,2026-05-05 14:40:42.795603+00:00
22668,108116,3710,0,2026-05-05 14:40:42.795603+00:00
22669,108118,5615,0,2026-05-05 14:40:42.795603+00:00
22670,108119,5646,-1,2026-05-05 14:40:42.795603+00:00
22671,108123,5607,0,2026-05-05 14:40:42.795603+00:00
22672,108127,5719,0,2026-05-05 14:40:42.795603+00:00
22673,108130,4394,0,2026-05-05 14:40:42.795603+00:00
22674,108132,3710,0,2026-05-05 14:40:42.795603+00:00
22675,108132,3367,0,2026-05-05 14:40:42.795603+00:00
22676,108133,3710,0,2026-05-05 14:40:42.795603+00:00
22677,108133,3367,0,2026-05-05 14:40:42.795603+00:00
22678,108134,4439,0,2026-05-05 14:40:42.795603+00:00
22679,108136,4439,0,2026-05-05 14:40:42.795603+00:00
22680,108137,5646,0,2026-05-05 14:40:42.795603+00:00
22681,108140,3710,0,2026-05-05 14:40:42.795603+00:00
22682,108140,3367,0,2026-05-05 14:40:42.795603+00:00
22683,108141,3710,0,2026-05-05 14:40:42.795603+00:00
22684,108141,3367,0,2026-05-05 14:40:42.795603+00:00
22685,108142,3710,0,2026-05-05 14:40:42.795603+00:00
22686,108142,3367,0,2026-05-05 14:40:42.795603+00:00
22687,108143,3710,0,2026-05-05 14:40:42.795603+00:00
22688,108143,3367,0,2026-05-05 14:40:42.795603+00:00
22689,108144,3710,0,2026-05-05 14:40:42.795603+00:00
22690,108144,3367,0,2026-05-05 14:40:42.795603+00:00
22691,108149,5634,0,2026-05-05 14:40:42.795603+00:00
22692,108150,4439,0,2026-05-05 14:40:42.795603+00:00
22693,108151,3581,0,2026-05-05 14:40:42.795603+00:00
22694,108152,3367,1,2026-05-05 14:40:42.795603+00:00
22695,108153,3367,0,2026-05-05 14:40:42.795603+00:00
22696,108153,3710,0,2026-05-05 14:40:42.795603+00:00
22697,108156,3710,0,2026-05-05 14:40:42.795603+00:00
22698,108157,3367,1,2026-05-05 14:40:42.795603+00:00
22699,108157,3710,1,2026-05-05 14:40:42.795603+00:00
22700,108159,3710,0,2026-05-05 14:40:42.795603+00:00
22701,108162,3367,1,2026-05-05 14:40:42.795603+00:00
22702,108163,5265,0,2026-05-05 14:40:42.795603+00:00
22703,108164,5612,0,2026-05-05 14:40:42.795603+00:00
22704,108165,3710,0,2026-05-05 14:40:42.795603+00:00
22705,108165,3367,0,2026-05-05 14:40:42.795603+00:00
22706,108166,5612,0,2026-05-05 14:40:42.795603+00:00
22707,108167,5350,0,2026-05-05 14:40:42.795603+00:00
22708,108173,3438,0,2026-05-05 14:40:42.795603+00:00
22709,108175,4530,0,2026-05-05 14:40:42.795603+00:00
22710,108179,3367,0,2026-05-05 14:40:42.795603+00:00
22711,108180,3710,0,2026-05-05 14:40:42.795603+00:00
22712,108181,3051,0,2026-05-05 14:40:42.795603+00:00
22713,108183,3051,0,2026-05-05 14:40:42.795603+00:00
22714,108184,3367,0,2026-05-05 14:40:42.795603+00:00
22715,108187,3367,0,2026-05-05 14:40:42.795603+00:00
22716,108187,3710,0,2026-05-05 14:40:42.795603+00:00
22717,108188,13959,0,2026-05-05 14:40:42.795603+00:00
22718,108192,3367,0,2026-05-05 14:40:42.795603+00:00
22719,108196,3710,0,2026-05-05 14:40:42.795603+00:00
22720,108196,3367,0,2026-05-05 14:40:42.795603+00:00
22721,108198,5265,0,2026-05-05 14:40:42.795603+00:00
22722,108202,3367,0,2026-05-05 14:40:42.795603+00:00
22723,108203,3271,0,2026-05-05 14:40:42.795603+00:00
22724,108208,3710,-1,2026-05-05 14:40:42.795603+00:00
22725,108210,3710,0,2026-05-05 14:40:42.795603+00:00
22726,108211,5646,0,2026-05-05 14:40:42.795603+00:00
22727,108213,3367,0,2026-05-05 14:40:42.795603+00:00
22728,108215,3710,0,2026-05-05 14:40:42.795603+00:00
22729,108216,5291,0,2026-05-05 14:40:42.795603+00:00
22730,108217,4770,0,2026-05-05 14:40:42.795603+00:00
22731,108218,3209,0,2026-05-05 14:40:42.795603+00:00
22732,108219,4770,1,2026-05-05 14:40:42.795603+00:00
22733,108220,3367,0,2026-05-05 14:40:42.795603+00:00
22734,108220,3209,0,2026-05-05 14:40:42.795603+00:00
22735,108223,3710,0,2026-05-05 14:40:42.795603+00:00
22736,108224,3710,1,2026-05-05 14:40:42.795603+00:00
22737,108225,3710,-1,2026-05-05 14:40:42.795603+00:00
22738,108226,3710,0,2026-05-05 14:40:42.795603+00:00
22739,108226,3367,0,2026-05-05 14:40:42.795603+00:00
22740,108228,3367,1,2026-05-05 14:40:42.795603+00:00
22741,108229,3367,0,2026-05-05 14:40:42.795603+00:00
22742,108235,5595,0,2026-05-05 14:40:42.795603+00:00
22743,108237,3367,0,2026-05-05 14:40:42.795603+00:00
22744,108240,3367,0,2026-05-05 14:40:42.795603+00:00
22745,108243,3710,0,2026-05-05 14:40:42.795603+00:00
22746,108248,3367,0,2026-05-05 14:40:42.795603+00:00
22747,108249,3367,1,2026-05-05 14:40:42.795603+00:00
22748,108250,3710,0,2026-05-05 14:40:42.795603+00:00
22749,108252,3367,0,2026-05-05 14:40:42.795603+00:00
22750,108258,3710,1,2026-05-05 14:40:42.795603+00:00
22751,108258,3367,1,2026-05-05 14:40:42.795603+00:00
22752,108261,3710,-1,2026-05-05 14:40:42.795603+00:00
22753,108262,3271,0,2026-05-05 14:40:42.795603+00:00
22754,108263,3367,0,2026-05-05 14:40:42.795603+00:00
22755,108265,3798,1,2026-05-05 14:40:42.795603+00:00
22756,108266,3710,0,2026-05-05 14:40:42.795603+00:00
22757,108267,3710,0,2026-05-05 14:40:42.795603+00:00
22758,108269,3367,0,2026-05-05 14:40:42.795603+00:00
22759,108269,3710,0,2026-05-05 14:40:42.795603+00:00
22760,108270,3710,-1,2026-05-05 14:40:42.795603+00:00
22761,108271,10264,1,2026-05-05 14:40:42.795603+00:00
22762,108272,3710,1,2026-05-05 14:40:42.795603+00:00
22763,108275,3710,1,2026-05-05 14:40:42.795603+00:00
22764,108275,5656,1,2026-05-05 14:40:42.795603+00:00
22765,108276,5646,0,2026-05-05 14:40:42.795603+00:00
22766,108278,3710,0,2026-05-05 14:40:42.795603+00:00
22767,108281,3710,0,2026-05-05 14:40:42.795603+00:00
22768,108288,5265,0,2026-05-05 14:40:42.795603+00:00
22769,108289,4530,1,2026-05-05 14:40:42.795603+00:00
22770,108291,3367,1,2026-05-05 14:40:42.795603+00:00
22771,108291,3710,1,2026-05-05 14:40:42.795603+00:00
22772,108323,3710,0,2026-05-05 14:40:42.795603+00:00
22773,108406,3367,0,2026-05-05 14:40:42.795603+00:00
22774,108460,8491,0,2026-05-05 14:40:42.795603+00:00
22775,108460,10913,0,2026-05-05 14:40:42.795603+00:00
22776,108487,5634,-1,2026-05-05 14:40:42.795603+00:00
22777,108596,11719,0,2026-05-05 14:40:42.795603+00:00
22778,108623,10027,0,2026-05-05 14:40:42.795603+00:00
22779,108760,3710,0,2026-05-05 14:40:42.795603+00:00
22780,108788,8431,-1,2026-05-05 14:40:42.795603+00:00
22781,108898,3710,0,2026-05-05 14:40:42.795603+00:00
22782,108898,9401,0,2026-05-05 14:40:42.795603+00:00
22783,108925,15798,0,2026-05-05 14:40:42.795603+00:00
22784,108979,3367,0,2026-05-05 14:40:42.795603+00:00
22785,108979,3710,0,2026-05-05 14:40:42.795603+00:00
22786,109060,9401,0,2026-05-05 14:40:42.795603+00:00
22787,109334,5595,0,2026-05-05 14:40:42.795603+00:00
22788,109334,5593,0,2026-05-05 14:40:42.795603+00:00
22789,109361,5595,0,2026-05-05 14:40:42.795603+00:00
22790,109442,3547,0,2026-05-05 14:40:42.795603+00:00
22791,109605,3719,1,2026-05-05 14:40:42.795603+00:00
22792,109659,3554,0,2026-05-05 15:12:17.986334+00:00
22793,109659,5066,0,2026-05-05 15:12:17.986334+00:00
22794,109661,3367,0,2026-05-05 15:12:17.986334+00:00
22795,109664,3367,1,2026-05-05 15:12:17.986334+00:00
22796,109690,5719,1,2026-05-05 15:12:17.986334+00:00
22797,109696,3710,0,2026-05-05 15:12:17.986334+00:00
22798,109722,3367,0,2026-05-05 15:12:17.986334+00:00
22799,109722,3710,0,2026-05-05 15:12:17.986334+00:00
22800,109725,3710,0,2026-05-05 15:12:17.986334+00:00
22801,109749,3710,1,2026-05-05 15:12:17.986334+00:00
22802,109749,3367,1,2026-05-05 15:12:17.986334+00:00
22803,109750,3367,1,2026-05-05 15:12:17.986334+00:00
22804,109750,3710,1,2026-05-05 15:12:17.986334+00:00
22805,109751,3579,0,2026-05-05 15:12:17.986334+00:00
22806,109751,3214,0,2026-05-05 15:12:17.986334+00:00
22807,109752,3291,0,2026-05-05 15:12:17.986334+00:00
22808,109755,3710,0,2026-05-05 15:12:17.986334+00:00
22809,109779,3710,-1,2026-05-05 15:12:17.986334+00:00
22810,109783,3710,0,2026-05-05 15:12:17.986334+00:00
22811,109784,3068,0,2026-05-05 15:12:17.986334+00:00
22812,109784,3209,0,2026-05-05 15:12:17.986334+00:00
22813,109785,5591,0,2026-05-05 15:12:17.986334+00:00
22814,109785,5608,0,2026-05-05 15:12:17.986334+00:00
22815,109815,3367,0,2026-05-05 15:12:17.986334+00:00
22816,109816,4530,1,2026-05-05 15:12:17.986334+00:00
22817,109841,5646,0,2026-05-05 15:12:17.986334+00:00
22818,109842,3367,0,2026-05-05 15:12:17.986334+00:00
22819,109845,5607,0,2026-05-05 15:12:17.986334+00:00
22820,109845,3710,0,2026-05-05 15:12:17.986334+00:00
22821,109845,3367,0,2026-05-05 15:12:17.986334+00:00
22822,109846,5607,0,2026-05-05 15:12:17.986334+00:00
22823,109875,3710,0,2026-05-05 15:12:17.986334+00:00
22824,109875,3367,0,2026-05-05 15:12:17.986334+00:00
22825,109901,3758,0,2026-05-05 15:12:17.986334+00:00
22826,109935,3710,0,2026-05-05 15:12:17.986334+00:00
22827,109935,3367,0,2026-05-05 15:12:17.986334+00:00
22828,109961,5634,0,2026-05-05 15:12:17.986334+00:00
22829,109962,3126,0,2026-05-05 15:12:17.986334+00:00
22830,109964,3710,0,2026-05-05 15:12:17.986334+00:00
22831,109964,3367,0,2026-05-05 15:12:17.986334+00:00
22832,109991,3213,0,2026-05-05 15:12:17.986334+00:00
22833,109993,3367,0,2026-05-05 15:12:17.986334+00:00
22834,109996,3710,0,2026-05-05 15:12:17.986334+00:00
22835,110013,3209,0,2026-05-05 15:12:17.986334+00:00
22836,110014,3719,0,2026-05-05 15:12:17.986334+00:00
22837,110031,4677,0,2026-05-05 15:12:17.986334+00:00
22838,110033,3710,0,2026-05-05 15:12:17.986334+00:00
22839,110037,3367,0,2026-05-05 15:12:17.986334+00:00
22840,110038,3367,0,2026-05-05 15:12:17.986334+00:00
22841,110052,3367,0,2026-05-05 15:12:17.986334+00:00
22842,110054,3719,1,2026-05-05 15:12:17.986334+00:00
22843,110056,3367,0,2026-05-05 15:12:17.986334+00:00
22844,110057,3068,0,2026-05-05 15:12:17.986334+00:00
22845,110057,3209,0,2026-05-05 15:12:17.986334+00:00
22846,110069,3367,1,2026-05-05 15:12:17.986334+00:00
22847,110073,5601,0,2026-05-05 15:12:17.986334+00:00
22848,110087,3710,1,2026-05-05 15:12:17.986334+00:00
22849,110088,3367,0,2026-05-05 15:12:17.986334+00:00
22850,110089,3209,0,2026-05-05 15:12:17.986334+00:00
22851,110090,3367,0,2026-05-05 15:12:17.986334+00:00
22852,110091,3367,0,2026-05-05 15:12:17.986334+00:00
22853,110106,3367,0,2026-05-05 15:12:17.986334+00:00
22854,110107,3367,0,2026-05-05 15:12:17.986334+00:00
22855,110108,3367,0,2026-05-05 15:12:17.986334+00:00
22856,110109,3710,0,2026-05-05 15:12:17.986334+00:00
22857,110109,3367,0,2026-05-05 15:12:17.986334+00:00
22858,110123,3367,0,2026-05-05 15:12:17.986334+00:00
22859,110124,3367,1,2026-05-05 15:12:17.986334+00:00
22860,110127,3710,-1,2026-05-05 15:12:17.986334+00:00
22861,110226,10736,0,2026-05-05 15:12:17.986334+00:00
22862,110329,3579,0,2026-05-05 15:12:17.986334+00:00
22863,110407,3367,0,2026-05-05 15:12:17.986334+00:00
22864,110407,3710,0,2026-05-05 15:12:17.986334+00:00
22865,110407,5607,0,2026-05-05 15:12:17.986334+00:00
22866,110460,3710,0,2026-05-05 15:12:17.986334+00:00
22867,110461,3710,0,2026-05-05 15:12:17.986334+00:00
22868,110486,3710,0,2026-05-05 15:12:17.986334+00:00
22869,110486,5591,0,2026-05-05 15:12:17.986334+00:00
22870,110487,11274,1,2026-05-05 15:12:17.986334+00:00
22871,110487,11419,1,2026-05-05 15:12:17.986334+00:00
22872,110538,3710,-1,2026-05-05 15:12:17.986334+00:00
22873,110701,9401,0,2026-05-05 15:12:17.986334+00:00
22874,110752,3710,0,2026-05-05 15:12:17.986334+00:00
22875,110752,9401,0,2026-05-05 15:12:17.986334+00:00
22876,110752,4759,0,2026-05-05 15:12:17.986334+00:00
22877,110803,3731,0,2026-05-05 15:12:17.986334+00:00
22878,110854,5039,0,2026-05-05 15:12:17.986334+00:00
22879,110881,4975,1,2026-05-05 15:12:17.986334+00:00
22880,110882,3413,0,2026-05-05 15:12:17.986334+00:00
22881,110882,5593,0,2026-05-05 15:12:17.986334+00:00
22882,110935,5596,0,2026-05-05 15:12:17.986334+00:00
22883,111092,5631,1,2026-05-05 15:12:17.986334+00:00
22884,111119,5591,0,2026-05-05 15:12:17.986334+00:00
22885,111145,8491,0,2026-05-05 15:12:17.986334+00:00
22886,111146,5595,1,2026-05-05 15:12:17.986334+00:00
22887,111197,8765,0,2026-05-05 15:12:17.986334+00:00
22888,111327,5595,0,2026-05-05 15:12:17.986334+00:00
22889,111459,3367,0,2026-05-05 15:42:36.002380+00:00
22890,111459,3710,0,2026-05-05 15:42:36.002380+00:00
22891,111462,5646,0,2026-05-05 15:42:36.002380+00:00
22892,111483,3710,0,2026-05-05 15:42:36.002380+00:00
22893,111502,5719,0,2026-05-05 15:42:36.002380+00:00
22894,111503,5719,0,2026-05-05 15:42:36.002380+00:00
22895,111504,5608,0,2026-05-05 15:42:36.002380+00:00
22896,111525,5607,1,2026-05-05 15:42:36.002380+00:00
22897,111526,5607,0,2026-05-05 15:42:36.002380+00:00
22898,111527,5607,0,2026-05-05 15:42:36.002380+00:00
22899,111530,5066,0,2026-05-05 15:42:36.002380+00:00
22900,111548,3367,0,2026-05-05 15:42:36.002380+00:00
22901,111550,3367,0,2026-05-05 15:42:36.002380+00:00
22902,111551,3710,-1,2026-05-05 15:42:36.002380+00:00
22903,111569,5719,0,2026-05-05 15:42:36.002380+00:00
22904,111570,3475,1,2026-05-05 15:42:36.002380+00:00
22905,111571,3710,0,2026-05-05 15:42:36.002380+00:00
22906,111571,3367,0,2026-05-05 15:42:36.002380+00:00
22907,111591,3556,0,2026-05-05 15:42:36.002380+00:00
22908,111756,3367,0,2026-05-05 16:14:00.395410+00:00
22909,111756,5719,0,2026-05-05 16:14:00.395410+00:00
22910,111772,5607,0,2026-05-05 16:14:00.395410+00:00
22911,111774,3719,-1,2026-05-05 16:14:00.395410+00:00
22912,111816,3367,0,2026-05-05 16:14:00.395410+00:00
22913,111818,3367,0,2026-05-05 16:14:00.395410+00:00
22914,111820,3710,0,2026-05-05 16:14:00.395410+00:00
22915,111820,3367,0,2026-05-05 16:14:00.395410+00:00
22916,111863,3710,0,2026-05-05 16:14:00.395410+00:00
22917,111881,3710,0,2026-05-05 16:14:00.395410+00:00
22918,111881,3367,0,2026-05-05 16:14:00.395410+00:00
22919,111884,3367,0,2026-05-05 16:14:00.395410+00:00
22920,111886,3710,1,2026-05-05 16:14:00.395410+00:00
22921,111887,3710,0,2026-05-05 16:14:00.395410+00:00
22922,111888,3554,1,2026-05-05 16:14:00.395410+00:00
22923,111888,4516,1,2026-05-05 16:14:00.395410+00:00
22924,111906,3367,0,2026-05-05 16:14:00.395410+00:00
22925,111907,5592,0,2026-05-05 16:14:00.395410+00:00
22926,111910,3367,1,2026-05-05 16:14:00.395410+00:00
22927,111910,3710,1,2026-05-05 16:14:00.395410+00:00
22928,111926,3051,0,2026-05-05 16:14:00.395410+00:00
22929,111928,3609,0,2026-05-05 16:14:00.395410+00:00
22930,111933,3609,0,2026-05-05 16:14:00.395410+00:00
22931,111948,5466,1,2026-05-05 16:14:00.395410+00:00
22932,111949,3367,0,2026-05-05 16:14:00.395410+00:00
22933,111973,3367,0,2026-05-05 16:14:00.395410+00:00
22934,111976,3367,0,2026-05-05 16:14:00.395410+00:00
22935,111977,3579,0,2026-05-05 16:14:00.395410+00:00
22936,111977,3367,0,2026-05-05 16:14:00.395410+00:00
22937,111978,3367,-1,2026-05-05 16:14:00.395410+00:00
22938,111997,3367,1,2026-05-05 16:14:00.395410+00:00
22939,111999,3367,1,2026-05-05 16:14:00.395410+00:00
22940,112000,3367,0,2026-05-05 16:14:00.395410+00:00
22941,112001,3367,0,2026-05-05 16:14:00.395410+00:00
22942,112017,3710,-1,2026-05-05 16:14:00.395410+00:00
22943,112017,3367,-1,2026-05-05 16:14:00.395410+00:00
22944,112018,3367,0,2026-05-05 16:14:00.395410+00:00
22945,112049,3367,0,2026-05-05 16:14:00.395410+00:00
22946,112049,3710,0,2026-05-05 16:14:00.395410+00:00
22947,112050,3710,0,2026-05-05 16:14:00.395410+00:00
22948,112054,3367,1,2026-05-05 16:14:00.395410+00:00
22949,112073,5604,0,2026-05-05 16:14:00.395410+00:00
22950,112075,3710,-1,2026-05-05 16:14:00.395410+00:00
22951,112075,3367,-1,2026-05-05 16:14:00.395410+00:00
22952,112078,3710,-1,2026-05-05 16:14:00.395410+00:00
22953,112101,3710,-1,2026-05-05 16:14:00.395410+00:00
22954,112102,3367,0,2026-05-05 16:14:00.395410+00:00
22955,112104,5593,0,2026-05-05 16:14:00.395410+00:00
22956,112108,3710,0,2026-05-05 16:14:00.395410+00:00
22957,112108,3367,0,2026-05-05 16:14:00.395410+00:00
22958,112109,3710,0,2026-05-05 16:14:00.395410+00:00
22959,112109,3367,0,2026-05-05 16:14:00.395410+00:00
22960,112110,5643,0,2026-05-05 16:14:00.395410+00:00
22961,112136,3710,0,2026-05-05 16:14:00.395410+00:00
22962,112139,3425,0,2026-05-05 16:14:00.395410+00:00
22963,112160,5593,0,2026-05-05 16:14:00.395410+00:00
22964,112167,3051,0,2026-05-05 16:14:00.395410+00:00
22965,112170,3710,0,2026-05-05 16:14:00.395410+00:00
22966,112170,3367,0,2026-05-05 16:14:00.395410+00:00
22967,112170,5607,0,2026-05-05 16:14:00.395410+00:00
22968,112170,5719,0,2026-05-05 16:14:00.395410+00:00
22969,112173,5596,1,2026-05-05 16:14:00.395410+00:00
22970,112183,5608,0,2026-05-05 16:14:00.395410+00:00
22971,112184,3710,0,2026-05-05 16:14:00.395410+00:00
22972,112184,3367,0,2026-05-05 16:14:00.395410+00:00
22973,112185,5607,1,2026-05-05 16:14:00.395410+00:00
22974,112186,5591,1,2026-05-05 16:14:00.395410+00:00
22975,112190,5719,0,2026-05-05 16:14:00.395410+00:00
22976,112191,3554,0,2026-05-05 16:14:00.395410+00:00
22977,112195,5594,0,2026-05-05 16:14:00.395410+00:00
22978,112196,5593,-1,2026-05-05 16:14:00.395410+00:00
22979,112198,3710,0,2026-05-05 16:14:00.395410+00:00
22980,112200,3710,0,2026-05-05 16:14:00.395410+00:00
22981,112200,3367,0,2026-05-05 16:14:00.395410+00:00
22982,112201,5595,0,2026-05-05 16:14:00.395410+00:00
22983,112201,5593,0,2026-05-05 16:14:00.395410+00:00
22984,112203,5593,1,2026-05-05 16:14:00.395410+00:00
22985,112206,3710,0,2026-05-05 16:14:00.395410+00:00
22986,112206,3367,0,2026-05-05 16:14:00.395410+00:00
22987,112207,5591,0,2026-05-05 16:14:00.395410+00:00
22988,112218,5592,0,2026-05-05 16:14:00.395410+00:00
22989,112219,5601,0,2026-05-05 16:14:00.395410+00:00
22990,112221,5593,1,2026-05-05 16:14:00.395410+00:00
22991,112228,5624,0,2026-05-05 16:14:00.395410+00:00
22992,112232,3710,0,2026-05-05 16:14:00.395410+00:00
22993,112234,3710,-1,2026-05-05 16:14:00.395410+00:00
22994,112237,5593,1,2026-05-05 16:14:00.395410+00:00
22995,112244,3710,0,2026-05-05 16:14:00.395410+00:00
22996,112244,3367,0,2026-05-05 16:14:00.395410+00:00
22997,112253,3367,0,2026-05-05 16:14:00.395410+00:00
22998,112257,3710,0,2026-05-05 16:14:00.395410+00:00
22999,112258,3367,0,2026-05-05 16:14:00.395410+00:00
23000,112261,3209,1,2026-05-05 16:14:00.395410+00:00
23001,112262,3710,0,2026-05-05 16:14:00.395410+00:00
23002,112267,5608,0,2026-05-05 16:14:00.395410+00:00
23003,112274,3367,1,2026-05-05 16:14:00.395410+00:00
23004,112283,3710,0,2026-05-05 16:14:00.395410+00:00
23005,112284,3367,1,2026-05-05 16:14:00.395410+00:00
23006,112284,3710,1,2026-05-05 16:14:00.395410+00:00
23007,112285,3554,1,2026-05-05 16:14:00.395410+00:00
23008,112286,3209,0,2026-05-05 16:14:00.395410+00:00
23009,112287,3710,-1,2026-05-05 16:14:00.395410+00:00
23010,112287,3367,-1,2026-05-05 16:14:00.395410+00:00
23011,112295,5612,0,2026-05-05 16:14:00.395410+00:00
23012,112297,3710,0,2026-05-05 16:14:00.395410+00:00
23013,112300,5592,1,2026-05-05 16:14:00.395410+00:00
23014,112305,5608,0,2026-05-05 16:14:00.395410+00:00
23015,112311,5608,0,2026-05-05 16:14:00.395410+00:00
23016,112316,3367,0,2026-05-05 16:14:00.395410+00:00
23017,112317,3710,1,2026-05-05 16:14:00.395410+00:00
23018,112318,3367,0,2026-05-05 16:14:00.395410+00:00
23019,112320,5607,0,2026-05-05 16:14:00.395410+00:00
23020,112321,3870,0,2026-05-05 16:14:00.395410+00:00
23021,112322,3710,1,2026-05-05 16:14:00.395410+00:00
23022,112324,2962,0,2026-05-05 16:14:00.395410+00:00
23023,112329,3710,0,2026-05-05 16:14:00.395410+00:00
23024,112334,3710,-1,2026-05-05 16:14:00.395410+00:00
23025,112335,3051,0,2026-05-05 16:14:00.395410+00:00
23026,112336,3710,0,2026-05-05 16:14:00.395410+00:00
23027,112346,3710,0,2026-05-05 16:14:00.395410+00:00
23028,112349,3710,-1,2026-05-05 16:14:00.395410+00:00
23029,112350,3710,1,2026-05-05 16:14:00.395410+00:00
23030,112351,3710,1,2026-05-05 16:14:00.395410+00:00
23031,112353,3710,0,2026-05-05 16:14:00.395410+00:00
23032,112354,3710,1,2026-05-05 16:14:00.395410+00:00
23033,112354,3367,1,2026-05-05 16:14:00.395410+00:00
23034,112355,3710,0,2026-05-05 16:14:00.395410+00:00
23035,112356,3710,0,2026-05-05 16:14:00.395410+00:00
23036,112358,3710,0,2026-05-05 16:14:00.395410+00:00
23037,112364,3710,0,2026-05-05 16:14:00.395410+00:00
23038,112369,3758,1,2026-05-05 16:14:00.395410+00:00
23039,112371,3367,0,2026-05-05 16:14:00.395410+00:00
23040,112374,3251,0,2026-05-05 16:14:00.395410+00:00
23041,112376,3710,0,2026-05-05 16:14:00.395410+00:00
23042,112379,3710,0,2026-05-05 16:14:00.395410+00:00
23043,112380,3710,0,2026-05-05 16:14:00.395410+00:00
23044,112381,5619,0,2026-05-05 16:14:00.395410+00:00
23045,112385,3710,0,2026-05-05 16:14:00.395410+00:00
23046,112385,3367,0,2026-05-05 16:14:00.395410+00:00
23047,112388,3710,0,2026-05-05 16:14:00.395410+00:00
23048,112388,3367,0,2026-05-05 16:14:00.395410+00:00
23049,112389,5607,0,2026-05-05 16:14:00.395410+00:00
23050,112389,5619,0,2026-05-05 16:14:00.395410+00:00
23051,112392,3710,-1,2026-05-05 16:14:00.395410+00:00
23052,112404,4679,0,2026-05-05 16:14:00.395410+00:00
23053,112409,3710,0,2026-05-05 16:14:00.395410+00:00
23054,112413,5646,0,2026-05-05 16:14:00.395410+00:00
23055,112414,3710,0,2026-05-05 16:14:00.395410+00:00
23056,112418,3710,-1,2026-05-05 16:14:00.395410+00:00
23057,112429,3710,0,2026-05-05 16:14:00.395410+00:00
23058,112431,3367,0,2026-05-05 16:14:00.395410+00:00
23059,112433,3710,0,2026-05-05 16:14:00.395410+00:00
23060,112433,3367,0,2026-05-05 16:14:00.395410+00:00
23061,112434,3710,0,2026-05-05 16:14:00.395410+00:00
23062,112436,5596,0,2026-05-05 16:14:00.395410+00:00
23063,112437,3710,0,2026-05-05 16:14:00.395410+00:00
23064,112437,3367,0,2026-05-05 16:14:00.395410+00:00
23065,112438,3710,0,2026-05-05 16:14:00.395410+00:00
23066,112442,3367,0,2026-05-05 16:14:00.395410+00:00
23067,112443,2956,0,2026-05-05 16:14:00.395410+00:00
23068,112444,3710,0,2026-05-05 16:14:00.395410+00:00
23069,112448,3209,0,2026-05-05 16:14:00.395410+00:00
23070,112456,4120,0,2026-05-05 16:14:00.395410+00:00
23071,112459,5608,1,2026-05-05 16:14:00.395410+00:00
23072,112461,3416,0,2026-05-05 16:14:00.395410+00:00
23073,112462,3719,-1,2026-05-05 16:14:00.395410+00:00
23074,112462,3710,-1,2026-05-05 16:14:00.395410+00:00
23075,112463,3367,0,2026-05-05 16:14:00.395410+00:00
23076,112463,3710,0,2026-05-05 16:14:00.395410+00:00
23077,112465,3710,-1,2026-05-05 16:14:00.395410+00:00
23078,112467,3710,0,2026-05-05 16:14:00.395410+00:00
23079,112470,3367,1,2026-05-05 16:14:00.395410+00:00
23080,112471,3710,-1,2026-05-05 16:14:00.395410+00:00
23081,112472,3710,1,2026-05-05 16:14:00.395410+00:00
23082,112473,3710,0,2026-05-05 16:14:00.395410+00:00
23083,112475,3710,0,2026-05-05 16:14:00.395410+00:00
23084,112477,3316,1,2026-05-05 16:14:00.395410+00:00
23085,112479,5595,1,2026-05-05 16:14:00.395410+00:00
23086,112483,5265,0,2026-05-05 16:14:00.395410+00:00
23087,112485,5595,0,2026-05-05 16:14:00.395410+00:00
23088,112486,5607,0,2026-05-05 16:14:00.395410+00:00
23089,112486,5719,0,2026-05-05 16:14:00.395410+00:00
23090,112488,3367,0,2026-05-05 16:14:00.395410+00:00
23091,112488,3710,0,2026-05-05 16:14:00.395410+00:00
23092,112489,5607,1,2026-05-05 16:14:00.395410+00:00
23093,112491,5612,0,2026-05-05 16:14:00.395410+00:00
23094,112496,5719,0,2026-05-05 16:14:00.395410+00:00
23095,112499,4394,0,2026-05-05 16:14:00.395410+00:00
23096,112501,3710,0,2026-05-05 16:14:00.395410+00:00
23097,112501,3367,0,2026-05-05 16:14:00.395410+00:00
23098,112502,3710,0,2026-05-05 16:14:00.395410+00:00
23099,112502,3367,0,2026-05-05 16:14:00.395410+00:00
23100,112503,4439,0,2026-05-05 16:14:00.395410+00:00
23101,112505,4439,0,2026-05-05 16:14:00.395410+00:00
23102,112506,5646,0,2026-05-05 16:14:00.395410+00:00
23103,112509,3710,0,2026-05-05 16:14:00.395410+00:00
23104,112509,3367,0,2026-05-05 16:14:00.395410+00:00
23105,112510,3710,0,2026-05-05 16:14:00.395410+00:00
23106,112510,3367,0,2026-05-05 16:14:00.395410+00:00
23107,112511,3367,1,2026-05-05 16:14:00.395410+00:00
23108,112511,3710,1,2026-05-05 16:14:00.395410+00:00
23109,112513,3710,0,2026-05-05 16:14:00.395410+00:00
23110,112516,3367,1,2026-05-05 16:14:00.395410+00:00
23111,112517,5265,0,2026-05-05 16:14:00.395410+00:00
23112,112518,5612,0,2026-05-05 16:14:00.395410+00:00
23113,112519,3710,0,2026-05-05 16:14:00.395410+00:00
23114,112519,3367,0,2026-05-05 16:14:00.395410+00:00
23115,112520,5612,0,2026-05-05 16:14:00.395410+00:00
23116,112521,5350,0,2026-05-05 16:14:00.395410+00:00
23117,112526,3367,0,2026-05-05 16:14:00.395410+00:00
23118,112526,3710,0,2026-05-05 16:14:00.395410+00:00
23119,112527,13959,0,2026-05-05 16:14:00.395410+00:00
23120,112531,3367,0,2026-05-05 16:14:00.395410+00:00
23121,112535,3710,0,2026-05-05 16:14:00.395410+00:00
23122,112535,3367,0,2026-05-05 16:14:00.395410+00:00
23123,112537,5265,0,2026-05-05 16:14:00.395410+00:00
23124,112541,4770,0,2026-05-05 16:14:00.395410+00:00
23125,112542,3209,0,2026-05-05 16:14:00.395410+00:00
23126,112543,4770,1,2026-05-05 16:14:00.395410+00:00
23127,112544,3367,0,2026-05-05 16:14:00.395410+00:00
23128,112544,3209,0,2026-05-05 16:14:00.395410+00:00
23129,112547,3710,0,2026-05-05 16:14:00.395410+00:00
23130,112548,3710,1,2026-05-05 16:14:00.395410+00:00
23131,112549,3710,-1,2026-05-05 16:14:00.395410+00:00
23132,112550,3710,0,2026-05-05 16:14:00.395410+00:00
23133,112550,3367,0,2026-05-05 16:14:00.395410+00:00
23134,112552,3367,1,2026-05-05 16:14:00.395410+00:00
23135,112553,3367,0,2026-05-05 16:14:00.395410+00:00
23136,112557,3367,0,2026-05-05 16:14:00.395410+00:00
23137,112558,3367,1,2026-05-05 16:14:00.395410+00:00
23138,112559,3710,0,2026-05-05 16:14:00.395410+00:00
23139,112561,3367,0,2026-05-05 16:14:00.395410+00:00
23140,112567,3710,1,2026-05-05 16:14:00.395410+00:00
23141,112567,3367,1,2026-05-05 16:14:00.395410+00:00
23142,112570,3710,-1,2026-05-05 16:14:00.395410+00:00
23143,112652,5607,0,2026-05-05 16:45:18.641495+00:00
23144,112652,5719,0,2026-05-05 16:45:18.641495+00:00
23145,112654,5607,1,2026-05-05 16:45:18.641495+00:00
23146,112654,5608,1,2026-05-05 16:45:18.641495+00:00
23147,112680,3710,0,2026-05-05 16:45:18.641495+00:00
23148,112708,3710,0,2026-05-05 16:45:18.641495+00:00
23149,112708,3367,0,2026-05-05 16:45:18.641495+00:00
23150,112722,5607,0,2026-05-05 16:45:18.641495+00:00
23151,112723,5607,0,2026-05-05 16:45:18.641495+00:00
23152,112750,3367,0,2026-05-05 16:45:18.641495+00:00
23153,112778,3367,0,2026-05-05 16:45:18.641495+00:00
23154,112779,3209,1,2026-05-05 16:45:18.641495+00:00
23155,112807,3710,0,2026-05-05 16:45:18.641495+00:00
23156,112808,3710,0,2026-05-05 16:45:18.641495+00:00
23157,112821,3209,0,2026-05-05 16:45:18.641495+00:00
23158,112823,3764,0,2026-05-05 16:45:18.641495+00:00
23159,112835,3367,0,2026-05-05 16:45:18.641495+00:00
23160,112836,3068,0,2026-05-05 16:45:18.641495+00:00
23161,112836,3209,0,2026-05-05 16:45:18.641495+00:00
23162,112837,3710,0,2026-05-05 16:45:18.641495+00:00
23163,112850,3367,0,2026-05-05 16:45:18.641495+00:00
23164,112851,4013,0,2026-05-05 16:45:18.641495+00:00
23165,112852,3367,0,2026-05-05 16:45:18.641495+00:00
23166,112865,3367,1,2026-05-05 16:45:18.641495+00:00
23167,112895,5646,0,2026-05-05 16:45:18.641495+00:00
23168,112896,3710,0,2026-05-05 16:45:18.641495+00:00
23169,112910,3710,0,2026-05-05 16:45:18.641495+00:00
23170,112911,3710,0,2026-05-05 16:45:18.641495+00:00
23171,112940,5302,0,2026-05-05 16:45:18.641495+00:00
23172,112942,3367,0,2026-05-05 16:45:18.641495+00:00
23173,112987,3710,0,2026-05-05 16:45:18.641495+00:00
23174,113002,5593,1,2026-05-05 16:45:18.641495+00:00
23175,113015,3710,0,2026-05-05 16:45:18.641495+00:00
23176,113017,3019,0,2026-05-05 16:45:18.641495+00:00
23177,113045,3710,0,2026-05-05 16:45:18.641495+00:00
23178,113045,5608,0,2026-05-05 16:45:18.641495+00:00
23179,113046,3710,-1,2026-05-05 16:45:18.641495+00:00
23180,113060,3710,0,2026-05-05 16:45:18.641495+00:00
23181,113060,3367,0,2026-05-05 16:45:18.641495+00:00
23182,113076,5593,1,2026-05-05 16:45:18.641495+00:00
23183,113092,5594,1,2026-05-05 16:45:18.641495+00:00
23184,113106,3710,0,2026-05-05 16:45:18.641495+00:00
23185,113107,3710,1,2026-05-05 16:45:18.641495+00:00
23186,113120,3367,-1,2026-05-05 16:45:18.641495+00:00
23187,113120,3710,-1,2026-05-05 16:45:18.641495+00:00
23188,113120,9401,-1,2026-05-05 16:45:18.641495+00:00
23189,113121,3016,0,2026-05-05 16:45:18.641495+00:00
23190,113180,3710,0,2026-05-05 16:45:18.641495+00:00
23191,113197,3710,0,2026-05-05 16:45:18.641495+00:00
23192,113226,3710,0,2026-05-05 16:45:18.641495+00:00
23193,113226,3367,0,2026-05-05 16:45:18.641495+00:00
23194,113227,3710,0,2026-05-05 16:45:18.641495+00:00
23195,113227,3367,0,2026-05-05 16:45:18.641495+00:00
23196,113240,3710,0,2026-05-05 16:45:18.641495+00:00
23197,113258,3710,0,2026-05-05 16:45:18.641495+00:00
23198,113259,3367,0,2026-05-05 16:45:18.641495+00:00
23199,113263,3710,0,2026-05-05 16:45:18.641495+00:00
23200,113264,5291,0,2026-05-05 16:45:18.641495+00:00
23201,113409,5596,1,2026-05-05 17:16:04.406361+00:00
23202,113431,3710,0,2026-05-05 17:16:04.406361+00:00
23203,113465,3209,0,2026-05-05 17:16:04.406361+00:00
23204,113476,4805,0,2026-05-05 17:16:04.406361+00:00
23205,113487,3609,0,2026-05-05 17:16:04.406361+00:00
23206,113523,3367,0,2026-05-05 17:16:04.406361+00:00
23207,113535,3367,1,2026-05-05 17:16:04.406361+00:00
23208,113547,4516,0,2026-05-05 17:16:04.406361+00:00
23209,113619,5641,0,2026-05-05 17:16:04.406361+00:00
23210,113619,5593,0,2026-05-05 17:16:04.406361+00:00
23211,113696,3367,1,2026-05-05 17:47:14.337696+00:00
23212,113696,3710,1,2026-05-05 17:47:14.337696+00:00
23213,113726,5607,1,2026-05-05 17:47:14.337696+00:00
23214,113766,5607,0,2026-05-05 17:47:14.337696+00:00
23215,113776,5631,0,2026-05-05 17:47:14.337696+00:00
23216,113776,3710,0,2026-05-05 17:47:14.337696+00:00
23217,113806,3367,0,2026-05-05 17:47:14.337696+00:00
23218,113816,3710,-1,2026-05-05 17:47:14.337696+00:00
23219,113847,3367,0,2026-05-05 17:47:14.337696+00:00
23220,113858,3710,0,2026-05-05 17:47:14.337696+00:00
23221,113869,3367,1,2026-05-05 17:47:14.337696+00:00
23222,113880,3367,-1,2026-05-05 17:47:14.337696+00:00
23223,113891,3327,1,2026-05-05 17:47:14.337696+00:00
23224,113902,3710,0,2026-05-05 17:47:14.337696+00:00
23225,113913,3367,0,2026-05-05 17:47:14.337696+00:00
23226,113979,5626,0,2026-05-05 17:47:14.337696+00:00
23227,114003,3710,0,2026-05-05 17:47:14.337696+00:00
23228,114027,3710,0,2026-05-05 17:47:14.337696+00:00
23229,114038,3758,-1,2026-05-05 17:47:14.337696+00:00
23230,114050,3367,0,2026-05-05 17:47:14.337696+00:00
23231,114062,5597,0,2026-05-05 17:47:14.337696+00:00
23232,114062,5592,0,2026-05-05 17:47:14.337696+00:00
23233,114075,3710,1,2026-05-05 17:47:14.337696+00:00
23234,114158,3710,0,2026-05-05 17:47:14.337696+00:00
23235,114170,3710,1,2026-05-05 17:47:14.337696+00:00
23236,114170,3367,1,2026-05-05 17:47:14.337696+00:00
23237,114194,5607,0,2026-05-05 17:47:14.337696+00:00
23238,114206,3367,0,2026-05-05 17:47:14.337696+00:00
23239,114206,3710,0,2026-05-05 17:47:14.337696+00:00
23240,114218,3051,0,2026-05-05 17:47:14.337696+00:00
23241,114230,3367,0,2026-05-05 17:47:14.337696+00:00
23242,114233,3710,0,2026-05-05 17:47:14.337696+00:00
23243,114621,3710,-1,2026-05-05 20:19:02.936124+00:00
23244,114630,3710,0,2026-05-05 20:19:02.936124+00:00
23245,114639,3213,0,2026-05-05 20:19:02.936124+00:00
23246,114648,3367,0,2026-05-05 20:19:02.936124+00:00
23247,114648,5607,0,2026-05-05 20:19:02.936124+00:00
23248,114648,3710,0,2026-05-05 20:19:02.936124+00:00
23249,114675,3367,0,2026-05-05 20:19:02.936124+00:00
23250,114693,3367,0,2026-05-05 20:19:02.936124+00:00
23251,114721,3367,0,2026-05-05 20:19:02.936124+00:00
23252,114761,3710,1,2026-05-05 20:19:02.936124+00:00
23253,114771,3367,0,2026-05-05 20:19:02.936124+00:00
23254,114791,3710,1,2026-05-05 20:19:02.936124+00:00
23255,114841,5608,0,2026-05-05 20:19:02.936124+00:00
23256,114841,5612,0,2026-05-05 20:19:02.936124+00:00
23257,114871,3758,1,2026-05-05 20:19:02.936124+00:00
23258,114881,3710,0,2026-05-05 20:19:02.936124+00:00
23259,114921,3126,0,2026-05-05 20:19:02.936124+00:00
23260,114943,3367,0,2026-05-05 20:19:02.936124+00:00
23261,114943,3710,0,2026-05-05 20:19:02.936124+00:00
23262,114976,3710,0,2026-05-05 20:19:02.936124+00:00
23263,114987,3710,0,2026-05-05 20:19:02.936124+00:00
23264,114997,3719,0,2026-05-05 20:19:02.936124+00:00
23265,114997,5596,0,2026-05-05 20:19:02.936124+00:00
23266,115020,3367,0,2026-05-05 20:19:02.936124+00:00
23267,115041,3581,0,2026-05-05 20:19:02.936124+00:00
23268,115042,3367,1,2026-05-05 20:19:02.936124+00:00
23269,115052,3051,0,2026-05-05 20:19:02.936124+00:00
23270,115063,5646,0,2026-05-05 20:19:02.936124+00:00
