id,symbol,name,market,is_active,created_at
2932,279570,케이뱅크,KOSPI,True,2026-05-03 11:47:30.500918+00:00
2933,217590,티엠씨,KOSPI,True,2026-05-03 11:47:30.500918+00:00
2934,0126Z0,삼성에피스홀딩스,KOSPI,True,2026-05-03 11:47:30.500918+00:00
2935,0120G0,삼양바이오팜,KOSPI,True,2026-05-03 11:47:30.500918+00:00
2936,317450,명인제약,KOSPI,True,2026-05-03 11:47:30.500918+00:00
2937,439260,대한조선,KOSPI,True,2026-05-03 11:47:30.500918+00:00
2938,0030R0,대신밸류리츠,KOSPI,True,2026-05-03 11:47:30.500918+00:00
2939,483650,달바글로벌,KOSPI,True,2026-05-03 11:47:30.500918+00:00
2940,480370,씨케이솔루션,KOSPI,True,2026-05-03 11:47:30.500918+00:00
2941,031210,서울보증보험,KOSPI,True,2026-05-03 11:47:30.500918+00:00
2942,064400,LG씨엔에스,KOSPI,True,2026-05-03 11:47:30.500918+00:00
2943,499790,GS피앤엘,KOSPI,True,2026-05-03 11:47:30.500918+00:00
2944,484870,엠앤씨솔루션,KOSPI,True,2026-05-03 11:47:30.500918+00:00
2945,415640,KB발해인프라,KOSPI,True,2026-05-03 11:47:30.500918+00:00
2946,475560,더본코리아,KOSPI,True,2026-05-03 11:47:30.500918+00:00
2947,489790,한화비전,KOSPI,True,2026-05-03 11:47:30.500918+00:00
2948,079900,전진건설로봇,KOSPI,True,2026-05-03 11:47:30.500918+00:00
2949,487570,HS효성,KOSPI,True,2026-05-03 11:47:30.500918+00:00
2950,062040,산일전기,KOSPI,True,2026-05-03 11:47:30.500918+00:00
2951,462870,시프트업,KOSPI,True,2026-05-03 11:47:30.500918+00:00
2952,481850,신한글로벌액티브리츠,KOSPI,True,2026-05-03 11:47:30.500918+00:00
2953,034230,파라다이스,KOSPI,True,2026-05-03 11:47:30.500918+00:00
2954,443060,HD현대마린솔루션,KOSPI,True,2026-05-03 11:47:30.500918+00:00
2955,475150,SK이터닉스,KOSPI,True,2026-05-03 11:47:30.500918+00:00
2956,278470,에이피알,KOSPI,True,2026-05-03 11:47:30.500918+00:00
2957,066970,엘앤에프,KOSPI,True,2026-05-03 11:47:30.500918+00:00
2958,022100,포스코DX,KOSPI,True,2026-05-03 11:47:30.500918+00:00
2959,017860,DS단석,KOSPI,True,2026-05-03 11:47:30.500918+00:00
2960,111380,동인기연,KOSPI,True,2026-05-03 11:47:30.500918+00:00
2961,450080,에코프로머티,KOSPI,True,2026-05-03 11:47:30.500918+00:00
2962,454910,두산로보틱스,KOSPI,True,2026-05-03 11:47:30.500918+00:00
2963,465770,STX그린로지스,KOSPI,True,2026-05-03 11:47:30.500918+00:00
2964,092790,넥스틸,KOSPI,True,2026-05-03 11:47:30.500918+00:00
2965,030190,NICE평가정보,KOSPI,True,2026-05-03 11:47:30.500918+00:00
2966,462520,조선내화,KOSPI,True,2026-05-03 11:47:30.500918+00:00
2967,090460,비에이치,KOSPI,True,2026-05-03 11:47:30.500918+00:00
2968,460850,동국씨엠,KOSPI,True,2026-05-03 11:47:30.500918+00:00
2969,460860,동국제강,KOSPI,True,2026-05-03 11:47:30.500918+00:00
2970,457190,이수스페셜티케미컬,KOSPI,True,2026-05-03 11:47:30.500918+00:00
2971,456040,OCI,KOSPI,True,2026-05-03 11:47:30.500918+00:00
2972,100090,SK오션플랜트,KOSPI,True,2026-05-03 11:47:30.500918+00:00
2973,448730,삼성FN리츠,KOSPI,True,2026-05-03 11:47:30.500918+00:00
2974,453340,현대그린푸드,KOSPI,True,2026-05-03 11:47:30.500918+00:00
2975,452260,한화갤러리아,KOSPI,True,2026-05-03 11:47:30.500918+00:00
2976,451800,한화리츠,KOSPI,True,2026-05-03 11:47:30.500918+00:00
2977,377740,바이오노트,KOSPI,True,2026-05-03 11:47:30.500918+00:00
2978,446070,유니드비티플러스,KOSPI,True,2026-05-03 11:47:30.500918+00:00
2979,108320,LX세미콘,KOSPI,True,2026-05-03 11:47:30.500918+00:00
2980,432320,KB스타리츠,KOSPI,True,2026-05-03 11:47:30.500918+00:00
2981,403550,쏘카,KOSPI,True,2026-05-03 11:47:30.500918+00:00
2982,126720,수산인더스트리,KOSPI,True,2026-05-03 11:47:30.500918+00:00
2983,357430,마스턴프리미어리츠,KOSPI,True,2026-05-03 11:47:30.500918+00:00
2984,417310,코람코더원리츠,KOSPI,True,2026-05-03 11:47:30.500918+00:00
2985,373220,LG에너지솔루션,KOSPI,True,2026-05-03 11:47:30.500918+00:00
2986,404990,신한서부티엔디리츠,KOSPI,True,2026-05-03 11:47:30.500918+00:00
2987,396690,미래에셋글로벌리츠,KOSPI,True,2026-05-03 11:47:30.500918+00:00
2988,402340,SK스퀘어,KOSPI,True,2026-05-03 11:47:30.500918+00:00
2989,400760,NH올원리츠,KOSPI,True,2026-05-03 11:47:30.500918+00:00
2990,377300,카카오페이,KOSPI,True,2026-05-03 11:47:30.500918+00:00
2991,381970,케이카,KOSPI,True,2026-05-03 11:47:30.500918+00:00
2992,329180,HD현대중공업,KOSPI,True,2026-05-03 11:47:30.500918+00:00
2993,395400,SK리츠,KOSPI,True,2026-05-03 11:47:30.500918+00:00
2994,271940,일진하이솔루스,KOSPI,True,2026-05-03 11:47:30.500918+00:00
2995,377190,디앤디플랫폼리츠,KOSPI,True,2026-05-03 11:47:30.500918+00:00
2996,139990,아주스틸,KOSPI,True,2026-05-03 11:47:30.500918+00:00
2997,089860,롯데렌탈,KOSPI,True,2026-05-03 11:47:30.500918+00:00
2998,372910,한컴라이프케어,KOSPI,True,2026-05-03 11:47:30.500918+00:00
2999,259960,크래프톤,KOSPI,True,2026-05-03 11:47:30.500918+00:00
3000,178920,PI첨단소재,KOSPI,True,2026-05-03 11:47:30.500918+00:00
3001,323410,카카오뱅크,KOSPI,True,2026-05-03 11:47:30.500918+00:00
3002,137310,에스디바이오센서,KOSPI,True,2026-05-03 11:47:30.500918+00:00
3003,097520,엠씨넥스,KOSPI,True,2026-05-03 11:47:30.500918+00:00
3004,383800,LX홀딩스,KOSPI,True,2026-05-03 11:47:30.500918+00:00
3005,383220,F&F,KOSPI,True,2026-05-03 11:47:30.500918+00:00
3006,361610,SK아이이테크놀로지,KOSPI,True,2026-05-03 11:47:30.500918+00:00
3007,302440,SK바이오사이언스,KOSPI,True,2026-05-03 11:47:30.500918+00:00
3008,378850,화승알앤에이,KOSPI,True,2026-05-03 11:47:30.500918+00:00
3009,950210,프레스티지바이오파마,KOSPI,True,2026-05-03 11:47:30.500918+00:00
3010,248070,솔루엠,KOSPI,True,2026-05-03 11:47:30.500918+00:00
3011,375500,DL이앤씨,KOSPI,True,2026-05-03 11:47:30.500918+00:00
3012,365550,ESR켄달스퀘어리츠,KOSPI,True,2026-05-03 11:47:30.500918+00:00
3013,009900,명신산업,KOSPI,True,2026-05-03 11:47:30.500918+00:00
3014,244920,에이플러스에셋,KOSPI,True,2026-05-03 11:47:30.500918+00:00
3015,339770,교촌에프앤비,KOSPI,True,2026-05-03 11:47:30.500918+00:00
3016,352820,하이브,KOSPI,True,2026-05-03 11:47:30.500918+00:00
3017,363280,티와이홀딩스,KOSPI,True,2026-05-03 11:47:30.500918+00:00
3018,357120,코람코라이프인프라리츠,KOSPI,True,2026-05-03 11:47:30.500918+00:00
3019,348950,제이알글로벌리츠,KOSPI,True,2026-05-03 11:47:30.500918+00:00
3020,357250,미래에셋맵스리츠,KOSPI,True,2026-05-03 11:47:30.500918+00:00
3021,350520,이지스레지던스리츠,KOSPI,True,2026-05-03 11:47:30.500918+00:00
3022,334890,이지스밸류플러스리츠,KOSPI,True,2026-05-03 11:47:30.500918+00:00
3023,326030,에스케이바이오팜,KOSPI,True,2026-05-03 11:47:30.500918+00:00
3024,353200,대덕전자,KOSPI,True,2026-05-03 11:47:30.500918+00:00
3025,344820,케이씨씨글라스,KOSPI,True,2026-05-03 11:47:30.500918+00:00
3026,338100,NH프라임리츠,KOSPI,True,2026-05-03 11:47:30.500918+00:00
3027,308170,씨티알모빌리티,KOSPI,True,2026-05-03 11:47:30.500918+00:00
3028,322000,HD현대에너지솔루션,KOSPI,True,2026-05-03 11:47:30.500918+00:00
3029,272210,한화시스템,KOSPI,True,2026-05-03 11:47:30.500918+00:00
3030,317400,자이에스앤디,KOSPI,True,2026-05-03 11:47:30.500918+00:00
3031,330590,롯데리츠,KOSPI,True,2026-05-03 11:47:30.500918+00:00
3032,013890,지누스,KOSPI,True,2026-05-03 11:47:30.500918+00:00
3033,336260,두산퓨얼셀,KOSPI,True,2026-05-03 11:47:30.500918+00:00
3034,336370,솔루스첨단소재,KOSPI,True,2026-05-03 11:47:30.500918+00:00
3035,036420,콘텐트리중앙,KOSPI,True,2026-05-03 11:47:30.500918+00:00
3036,003670,포스코퓨처엠,KOSPI,True,2026-05-03 11:47:30.500918+00:00
3037,307950,현대오토에버,KOSPI,True,2026-05-03 11:47:30.500918+00:00
3038,192650,드림텍,KOSPI,True,2026-05-03 11:47:30.500918+00:00
3039,192080,더블유게임즈,KOSPI,True,2026-05-03 11:47:30.500918+00:00
3040,316140,우리금융지주,KOSPI,True,2026-05-03 11:47:30.500918+00:00
3041,298690,에어부산,KOSPI,True,2026-05-03 11:47:30.500918+00:00
3042,267850,아시아나IDT,KOSPI,True,2026-05-03 11:47:30.500918+00:00
3043,306200,세아제강,KOSPI,True,2026-05-03 11:47:30.500918+00:00
3044,293480,하나제약,KOSPI,True,2026-05-03 11:47:30.500918+00:00
3045,010400,우진아이엔에스,KOSPI,True,2026-05-03 11:47:30.500918+00:00
3046,293940,신한알파리츠,KOSPI,True,2026-05-03 11:47:30.500918+00:00
3047,300720,한일시멘트,KOSPI,True,2026-05-03 11:47:30.500918+00:00
3048,091810,트리니티항공,KOSPI,True,2026-05-03 11:47:30.500918+00:00
3049,286940,롯데이노베이트,KOSPI,True,2026-05-03 11:47:30.500918+00:00
3050,298050,HS효성첨단소재,KOSPI,True,2026-05-03 11:47:30.500918+00:00
3051,298040,효성중공업,KOSPI,True,2026-05-03 11:47:30.500918+00:00
3052,298020,효성티앤씨,KOSPI,True,2026-05-03 11:47:30.500918+00:00
3053,298000,효성화학,KOSPI,True,2026-05-03 11:47:30.500918+00:00
3054,088260,이리츠코크렙,KOSPI,True,2026-05-03 11:47:30.500918+00:00
3055,294870,IPARK현대산업개발,KOSPI,True,2026-05-03 11:47:30.500918+00:00
3056,018250,애경산업,KOSPI,True,2026-05-03 11:47:30.500918+00:00
3057,068270,셀트리온,KOSPI,True,2026-05-03 11:47:30.500918+00:00
3058,284740,쿠쿠홈시스,KOSPI,True,2026-05-03 11:47:30.500918+00:00
3059,285130,SK케미칼,KOSPI,True,2026-05-03 11:47:30.500918+00:00
3060,282330,BGF리테일,KOSPI,True,2026-05-03 11:47:30.500918+00:00
3061,092780,DYP,KOSPI,True,2026-05-03 11:47:30.500918+00:00
3062,272450,진에어,KOSPI,True,2026-05-03 11:47:30.500918+00:00
3063,281820,케이씨텍,KOSPI,True,2026-05-03 11:47:30.500918+00:00
3064,272550,삼양패키징,KOSPI,True,2026-05-03 11:47:30.500918+00:00
3065,055490,테이팩스,KOSPI,True,2026-05-03 11:47:30.500918+00:00
3066,280360,롯데웰푸드,KOSPI,True,2026-05-03 11:47:30.500918+00:00
3067,271980,제일약품,KOSPI,True,2026-05-03 11:47:30.500918+00:00
3068,035720,카카오,KOSPI,True,2026-05-03 11:47:30.500918+00:00
3069,271560,오리온,KOSPI,True,2026-05-03 11:47:30.500918+00:00
3070,268280,미원에스씨,KOSPI,True,2026-05-03 11:47:30.500918+00:00
3071,267290,경동도시가스,KOSPI,True,2026-05-03 11:47:30.500918+00:00
3072,251270,넷마블,KOSPI,True,2026-05-03 11:47:30.500918+00:00
3073,267270,HD건설기계,KOSPI,True,2026-05-03 11:47:30.500918+00:00
3074,267250,HD현대,KOSPI,True,2026-05-03 11:47:30.500918+00:00
3075,267260,HD현대일렉트릭,KOSPI,True,2026-05-03 11:47:30.500918+00:00
3076,264900,크라운제과,KOSPI,True,2026-05-03 11:47:30.500918+00:00
3077,145720,덴티움,KOSPI,True,2026-05-03 11:47:30.500918+00:00
3078,111110,호전실업,KOSPI,True,2026-05-03 11:47:30.500918+00:00
3079,143210,핸즈코퍼레이션,KOSPI,True,2026-05-03 11:47:30.500918+00:00
3080,241560,두산밥캣,KOSPI,True,2026-05-03 11:47:30.500918+00:00
3081,207940,삼성바이오로직스,KOSPI,True,2026-05-03 11:47:30.500918+00:00
3082,234080,JW생명과학,KOSPI,True,2026-05-03 11:47:30.500918+00:00
3083,241590,화승엔터프라이즈,KOSPI,True,2026-05-03 11:47:30.500918+00:00
3084,229640,LS에코에너지,KOSPI,True,2026-05-03 11:47:30.500918+00:00
3085,204210,스타에스엠리츠,KOSPI,True,2026-05-03 11:47:30.500918+00:00
3086,249420,일동제약,KOSPI,True,2026-05-03 11:47:30.500918+00:00
3087,248170,샘표식품,KOSPI,True,2026-05-03 11:47:30.500918+00:00
3088,016740,두올,KOSPI,True,2026-05-03 11:47:30.500918+00:00
3089,026960,동서,KOSPI,True,2026-05-03 11:47:30.500918+00:00
3090,123890,한국자산신탁,KOSPI,True,2026-05-03 11:47:30.500918+00:00
3091,034830,한국토지신탁,KOSPI,True,2026-05-03 11:47:30.500918+00:00
3092,195870,해성디에스,KOSPI,True,2026-05-03 11:47:30.500918+00:00
3093,070960,모나용평,KOSPI,True,2026-05-03 11:47:30.500918+00:00
3094,101530,해태제과식품,KOSPI,True,2026-05-03 11:47:30.500918+00:00
3095,004440,삼일씨엔에스,KOSPI,True,2026-05-03 11:47:30.500918+00:00
3096,194370,제이에스코퍼레이션,KOSPI,True,2026-05-03 11:47:30.500918+00:00
3097,226320,잇츠한불,KOSPI,True,2026-05-03 11:47:30.500918+00:00
3098,075580,세진중공업,KOSPI,True,2026-05-03 11:47:30.500918+00:00
3099,214330,금호에이치티,KOSPI,True,2026-05-03 11:47:30.500918+00:00
3100,089590,제주항공,KOSPI,True,2026-05-03 11:47:30.500918+00:00
3101,227840,현대코퍼레이션홀딩스,KOSPI,True,2026-05-03 11:47:30.500918+00:00
3102,079550,LIG디펜스앤에어로스페이스,KOSPI,True,2026-05-03 11:47:30.500918+00:00
3103,039570,HDC랩스,KOSPI,True,2026-05-03 11:47:30.500918+00:00
3104,002690,동일제강,KOSPI,True,2026-05-03 11:47:30.500918+00:00
3105,095570,AJ네트웍스,KOSPI,True,2026-05-03 11:47:30.500918+00:00
3106,214320,이노션,KOSPI,True,2026-05-03 11:47:30.500918+00:00
3107,214420,토니모리,KOSPI,True,2026-05-03 11:47:30.500918+00:00
3108,085620,미래에셋생명,KOSPI,True,2026-05-03 11:47:30.500918+00:00
3109,214390,경보제약,KOSPI,True,2026-05-03 11:47:30.500918+00:00
3110,210980,SK디앤디,KOSPI,True,2026-05-03 11:47:30.500918+00:00
3111,145210,다이나믹디자인,KOSPI,True,2026-05-03 11:47:30.500918+00:00
3112,213500,한솔제지,KOSPI,True,2026-05-03 11:47:30.500918+00:00
3113,210540,디와이파워,KOSPI,True,2026-05-03 11:47:30.500918+00:00
3114,028260,삼성물산,KOSPI,True,2026-05-03 11:47:30.500918+00:00
3115,112610,씨에스윈드,KOSPI,True,2026-05-03 11:47:30.500918+00:00
3116,018260,삼성에스디에스,KOSPI,True,2026-05-03 11:47:30.500918+00:00
3117,204320,HL만도,KOSPI,True,2026-05-03 11:47:30.500918+00:00
3118,200880,서연이화,KOSPI,True,2026-05-03 11:47:30.500918+00:00
3119,192400,쿠쿠홀딩스,KOSPI,True,2026-05-03 11:47:30.500918+00:00
3120,133820,화인베스틸,KOSPI,True,2026-05-03 11:47:30.500918+00:00
3121,027410,BGF,KOSPI,True,2026-05-03 11:47:30.500918+00:00
3122,192820,코스맥스,KOSPI,True,2026-05-03 11:47:30.500918+00:00
3123,185750,종근당,KOSPI,True,2026-05-03 11:47:30.500918+00:00
3124,006880,신송홀딩스,KOSPI,True,2026-05-03 11:47:30.500918+00:00
3125,183190,아세아시멘트,KOSPI,True,2026-05-03 11:47:30.500918+00:00
3126,064350,현대로템,KOSPI,True,2026-05-03 11:47:30.500918+00:00
3127,180640,한진칼,KOSPI,True,2026-05-03 11:47:30.500918+00:00
3128,181710,NHN,KOSPI,True,2026-05-03 11:47:30.500918+00:00
3129,175330,JB금융지주,KOSPI,True,2026-05-03 11:47:30.500918+00:00
3130,155660,DSR,KOSPI,True,2026-05-03 11:47:30.500918+00:00
3131,170900,동아에스티,KOSPI,True,2026-05-03 11:47:30.500918+00:00
3132,013870,지엠비코리아,KOSPI,True,2026-05-03 11:47:30.500918+00:00
3133,037560,LG헬로비전,KOSPI,True,2026-05-03 11:47:30.500918+00:00
3134,163560,동일고무벨트,KOSPI,True,2026-05-03 11:47:30.500918+00:00
3135,161890,한국콜마,KOSPI,True,2026-05-03 11:47:30.500918+00:00
3136,161390,한국타이어앤테크놀로지,KOSPI,True,2026-05-03 11:47:30.500918+00:00
3137,161000,애경케미칼,KOSPI,True,2026-05-03 11:47:30.500918+00:00
3138,014710,사조씨푸드,KOSPI,True,2026-05-03 11:47:30.500918+00:00
3139,152550,한국ANKOR유전,KOSPI,True,2026-05-03 11:47:30.500918+00:00
3140,079980,휴비스,KOSPI,True,2026-05-03 11:47:30.500918+00:00
3141,145270,케이탑리츠,KOSPI,True,2026-05-03 11:47:30.500918+00:00
3142,007070,GS리테일,KOSPI,True,2026-05-03 11:47:30.500918+00:00
3143,129260,인터지스,KOSPI,True,2026-05-03 11:47:30.500918+00:00
3144,145990,삼양사,KOSPI,True,2026-05-03 11:47:30.500918+00:00
3145,039130,하나투어,KOSPI,True,2026-05-03 11:47:30.500918+00:00
3146,078520,에이블씨엔씨,KOSPI,True,2026-05-03 11:47:30.500918+00:00
3147,023000,삼원강재,KOSPI,True,2026-05-03 11:47:30.500918+00:00
3148,031430,신세계인터내셔날,KOSPI,True,2026-05-03 11:47:30.500918+00:00
3149,140910,에이리츠,KOSPI,True,2026-05-03 11:47:30.500918+00:00
3150,047810,한국항공우주,KOSPI,True,2026-05-03 11:47:30.500918+00:00
3151,071840,롯데하이마트,KOSPI,True,2026-05-03 11:47:30.500918+00:00
3152,069640,한세엠케이,KOSPI,True,2026-05-03 11:47:30.500918+00:00
3153,139480,이마트,KOSPI,True,2026-05-03 11:47:30.500918+00:00
3154,139130,iM금융지주,KOSPI,True,2026-05-03 11:47:30.500918+00:00
3155,053210,케이티스카이라이프,KOSPI,True,2026-05-03 11:47:30.500918+00:00
3156,138040,메리츠금융지주,KOSPI,True,2026-05-03 11:47:30.500918+00:00
3157,023350,한국종합기술,KOSPI,True,2026-05-03 11:47:30.500918+00:00
3158,138930,BNK금융지주,KOSPI,True,2026-05-03 11:47:30.500918+00:00
3159,020150,롯데에너지머티리얼즈,KOSPI,True,2026-05-03 11:47:30.500918+00:00
3160,011210,현대위아,KOSPI,True,2026-05-03 11:47:30.500918+00:00
3161,136490,선진,KOSPI,True,2026-05-03 11:47:30.500918+00:00
3162,134380,미원화학,KOSPI,True,2026-05-03 11:47:30.500918+00:00
3163,134790,시디즈,KOSPI,True,2026-05-03 11:47:30.500918+00:00
3164,082740,한화엔진,KOSPI,True,2026-05-03 11:47:30.500918+00:00
3165,117580,대성에너지,KOSPI,True,2026-05-03 11:47:30.500918+00:00
3166,126560,현대퓨처넷,KOSPI,True,2026-05-03 11:47:30.500918+00:00
3167,058860,KTis,KOSPI,True,2026-05-03 11:47:30.500918+00:00
3168,130660,한전산업,KOSPI,True,2026-05-03 11:47:30.500918+00:00
3169,900140,엘브이엠씨,KOSPI,True,2026-05-03 11:47:30.500918+00:00
3170,081660,미스토홀딩스,KOSPI,True,2026-05-03 11:47:30.500918+00:00
3171,058850,KTcs,KOSPI,True,2026-05-03 11:47:30.500918+00:00
3172,057050,현대홈쇼핑,KOSPI,True,2026-05-03 11:47:30.500918+00:00
3173,002150,도화엔지니어링,KOSPI,True,2026-05-03 11:47:30.500918+00:00
3174,128820,대성산업,KOSPI,True,2026-05-03 11:47:30.500918+00:00
3175,122900,아이마켓코리아,KOSPI,True,2026-05-03 11:47:30.500918+00:00
3176,128940,한미약품,KOSPI,True,2026-05-03 11:47:30.500918+00:00
3177,105840,우진,KOSPI,True,2026-05-03 11:47:30.500918+00:00
3178,033920,무학,KOSPI,True,2026-05-03 11:47:30.500918+00:00
3179,102460,이연제약,KOSPI,True,2026-05-03 11:47:30.500918+00:00
3180,123690,한국화장품,KOSPI,True,2026-05-03 11:47:30.500918+00:00
3181,123700,에스제이엠,KOSPI,True,2026-05-03 11:47:30.500918+00:00
3182,060980,HL홀딩스,KOSPI,True,2026-05-03 11:47:30.500918+00:00
3183,032830,삼성생명,KOSPI,True,2026-05-03 11:47:30.500918+00:00
3184,031440,신세계푸드,KOSPI,True,2026-05-03 11:47:30.500918+00:00
3185,088350,한화생명,KOSPI,True,2026-05-03 11:47:30.500918+00:00
3186,120030,조선선재,KOSPI,True,2026-05-03 11:47:30.500918+00:00
3187,120110,코오롱인더,KOSPI,True,2026-05-03 11:47:30.500918+00:00
3188,119650,KC코트렐,KOSPI,True,2026-05-03 11:47:30.500918+00:00
3189,071320,지역난방공사,KOSPI,True,2026-05-03 11:47:30.500918+00:00
3190,012160,영흥,KOSPI,True,2026-05-03 11:47:30.500918+00:00
3191,118000,메타케어,KOSPI,True,2026-05-03 11:47:30.500918+00:00
3192,052690,한전기술,KOSPI,True,2026-05-03 11:47:30.500918+00:00
3193,114090,GKL,KOSPI,True,2026-05-03 11:47:30.500918+00:00
3194,034730,SK,KOSPI,True,2026-05-03 11:47:30.500918+00:00
3195,032560,황금에스티,KOSPI,True,2026-05-03 11:47:30.500918+00:00
3196,000080,하이트진로,KOSPI,True,2026-05-03 11:47:30.500918+00:00
3197,082640,동양생명,KOSPI,True,2026-05-03 11:47:30.500918+00:00
3198,047400,유니온머티리얼,KOSPI,True,2026-05-03 11:47:30.500918+00:00
3199,093240,형지엘리트,KOSPI,True,2026-05-03 11:47:30.500918+00:00
3200,039490,키움증권,KOSPI,True,2026-05-03 11:47:30.500918+00:00
3201,111770,영원무역,KOSPI,True,2026-05-03 11:47:30.500918+00:00
3202,053690,한미글로벌,KOSPI,True,2026-05-03 11:47:30.500918+00:00
3203,028100,동아지질,KOSPI,True,2026-05-03 11:47:30.500918+00:00
3204,071970,HD현대마린엔진,KOSPI,True,2026-05-03 11:47:30.500918+00:00
3205,108670,LX하우시스,KOSPI,True,2026-05-03 11:47:30.500918+00:00
3206,105630,한세실업,KOSPI,True,2026-05-03 11:47:30.500918+00:00
3207,109070,주성코퍼레이션,KOSPI,True,2026-05-03 11:47:30.500918+00:00
3208,107590,미원홀딩스,KOSPI,True,2026-05-03 11:47:30.500918+00:00
3209,035420,NAVER,KOSPI,True,2026-05-03 11:47:30.500918+00:00
3210,026940,부국철강,KOSPI,True,2026-05-03 11:47:30.500918+00:00
3211,105560,KB금융,KOSPI,True,2026-05-03 11:47:30.500918+00:00
3212,104700,한국철강,KOSPI,True,2026-05-03 11:47:30.500918+00:00
3213,103590,일진전기,KOSPI,True,2026-05-03 11:47:30.500918+00:00
3214,103140,풍산,KOSPI,True,2026-05-03 11:47:30.500918+00:00
3215,011070,LG이노텍,KOSPI,True,2026-05-03 11:47:30.500918+00:00
3216,017180,명문제약,KOSPI,True,2026-05-03 11:47:30.500918+00:00
3217,100220,비상교육,KOSPI,True,2026-05-03 11:47:30.500918+00:00
3218,102260,동성케미컬,KOSPI,True,2026-05-03 11:47:30.500918+00:00
3219,032640,LG유플러스,KOSPI,True,2026-05-03 11:47:30.500918+00:00
3220,101140,인바이오젠,KOSPI,True,2026-05-03 11:47:30.500918+00:00
3221,020560,아시아나항공,KOSPI,True,2026-05-03 11:47:30.500918+00:00
3222,100840,SNT에너지,KOSPI,True,2026-05-03 11:47:30.500918+00:00
3223,100250,진양홀딩스,KOSPI,True,2026-05-03 11:47:30.500918+00:00
3224,085310,엔케이,KOSPI,True,2026-05-03 11:47:30.500918+00:00
3225,051600,한전KPS,KOSPI,True,2026-05-03 11:47:30.500918+00:00
3226,092440,기신정기,KOSPI,True,2026-05-03 11:47:30.500918+00:00
3227,044450,KSS해운,KOSPI,True,2026-05-03 11:47:30.500918+00:00
3228,094280,효성 ITX,KOSPI,True,2026-05-03 11:47:30.500918+00:00
3229,033270,유나이티드,KOSPI,True,2026-05-03 11:47:30.500918+00:00
3230,092200,디아이씨,KOSPI,True,2026-05-03 11:47:30.500918+00:00
3231,097950,CJ제일제당,KOSPI,True,2026-05-03 11:47:30.500918+00:00
3232,028670,팬오션,KOSPI,True,2026-05-03 11:47:30.500918+00:00
3233,097230,HJ중공업,KOSPI,True,2026-05-03 11:47:30.500918+00:00
3234,096760,JW홀딩스,KOSPI,True,2026-05-03 11:47:30.500918+00:00
3235,096770,SK이노베이션,KOSPI,True,2026-05-03 11:47:30.500918+00:00
3236,029780,삼성카드,KOSPI,True,2026-05-03 11:47:30.500918+00:00
3237,001780,알루코,KOSPI,True,2026-05-03 11:47:30.500918+00:00
3238,095720,웅진씽크빅,KOSPI,True,2026-05-03 11:47:30.500918+00:00
3239,094800,맵스리얼티,KOSPI,True,2026-05-03 11:47:30.500918+00:00
3240,090370,메타랩스,KOSPI,True,2026-05-03 11:47:30.500918+00:00
3241,093370,후성,KOSPI,True,2026-05-03 11:47:30.500918+00:00
3242,093050,LF,KOSPI,True,2026-05-03 11:47:30.500918+00:00
3243,044380,주연테크,KOSPI,True,2026-05-03 11:47:30.500918+00:00
3244,044820,코스맥스비티아이,KOSPI,True,2026-05-03 11:47:30.500918+00:00
3245,034590,인천도시가스,KOSPI,True,2026-05-03 11:47:30.500918+00:00
3246,009770,삼정펄프,KOSPI,True,2026-05-03 11:47:30.500918+00:00
3247,092220,KEC,KOSPI,True,2026-05-03 11:47:30.500918+00:00
3248,092230,KPX홀딩스,KOSPI,True,2026-05-03 11:47:30.500918+00:00
3249,089470,HDC현대EP,KOSPI,True,2026-05-03 11:47:30.500918+00:00
3250,090350,노루페인트,KOSPI,True,2026-05-03 11:47:30.500918+00:00
3251,090430,아모레퍼시픽,KOSPI,True,2026-05-03 11:47:30.500918+00:00
3252,032350,롯데관광개발,KOSPI,True,2026-05-03 11:47:30.500918+00:00
3253,090080,평화산업,KOSPI,True,2026-05-03 11:47:30.500918+00:00
3254,049800,우진플라임,KOSPI,True,2026-05-03 11:47:30.500918+00:00
3255,035510,신세계I&C,KOSPI,True,2026-05-03 11:47:30.500918+00:00
3256,088790,진도,KOSPI,True,2026-05-03 11:47:30.500918+00:00
3257,088980,맥쿼리인프라,KOSPI,True,2026-05-03 11:47:30.500918+00:00
3258,023530,롯데쇼핑,KOSPI,True,2026-05-03 11:47:30.500918+00:00
3259,086280,현대글로비스,KOSPI,True,2026-05-03 11:47:30.500918+00:00
3260,084870,티비에이치글로벌,KOSPI,True,2026-05-03 11:47:30.500918+00:00
3261,086790,하나금융지주,KOSPI,True,2026-05-03 11:47:30.500918+00:00
3262,001560,제일연마,KOSPI,True,2026-05-03 11:47:30.500918+00:00
3263,079430,현대리바트,KOSPI,True,2026-05-03 11:47:30.500918+00:00
3264,084010,대한제강,KOSPI,True,2026-05-03 11:47:30.500918+00:00
3265,075180,새론오토모티브,KOSPI,True,2026-05-03 11:47:30.500918+00:00
3266,083420,그린케미칼,KOSPI,True,2026-05-03 11:47:30.500918+00:00
3267,084690,대상홀딩스,KOSPI,True,2026-05-03 11:47:30.500918+00:00
3268,071950,코아스,KOSPI,True,2026-05-03 11:47:30.500918+00:00
3269,084680,이월드,KOSPI,True,2026-05-03 11:47:30.500918+00:00
3270,084670,동양고속,KOSPI,True,2026-05-03 11:47:30.500918+00:00
3271,042700,한미반도체,KOSPI,True,2026-05-03 11:47:30.500918+00:00
3272,004890,동일산업,KOSPI,True,2026-05-03 11:47:30.500918+00:00
3273,010960,삼호개발,KOSPI,True,2026-05-03 11:47:30.500918+00:00
3274,073240,금호타이어,KOSPI,True,2026-05-03 11:47:30.500918+00:00
3275,079160,CJ CGV,KOSPI,True,2026-05-03 11:47:30.500918+00:00
3276,081000,일진다이아,KOSPI,True,2026-05-03 11:47:30.500918+00:00
3277,014830,유니드,KOSPI,True,2026-05-03 11:47:30.500918+00:00
3278,041650,상신브레이크,KOSPI,True,2026-05-03 11:47:30.500918+00:00
3279,023810,인팩,KOSPI,True,2026-05-03 11:47:30.500918+00:00
3280,078930,GS,KOSPI,True,2026-05-03 11:47:30.500918+00:00
3281,077500,유니퀘스트,KOSPI,True,2026-05-03 11:47:30.500918+00:00
3282,058730,다스코,KOSPI,True,2026-05-03 11:47:30.500918+00:00
3283,034220,LG디스플레이,KOSPI,True,2026-05-03 11:47:30.500918+00:00
3284,078000,텔코웨어,KOSPI,True,2026-05-03 11:47:30.500918+00:00
3285,077970,STX엔진,KOSPI,True,2026-05-03 11:47:30.500918+00:00
3286,034310,NICE,KOSPI,True,2026-05-03 11:47:30.500918+00:00
3287,019680,대교,KOSPI,True,2026-05-03 11:47:30.500918+00:00
3288,024110,기업은행,KOSPI,True,2026-05-03 11:47:30.500918+00:00
3289,074610,이엔플러스,KOSPI,True,2026-05-03 11:47:30.500918+00:00
3290,025750,한솔홈데코,KOSPI,True,2026-05-03 11:47:30.500918+00:00
3291,007660,이수페타시스,KOSPI,True,2026-05-03 11:47:30.500918+00:00
3292,035250,강원랜드,KOSPI,True,2026-05-03 11:47:30.500918+00:00
3293,037270,YG PLUS,KOSPI,True,2026-05-03 11:47:30.500918+00:00
3294,072710,농심홀딩스,KOSPI,True,2026-05-03 11:47:30.500918+00:00
3295,071050,한국금융지주,KOSPI,True,2026-05-03 11:47:30.500918+00:00
3296,072130,유엔젤,KOSPI,True,2026-05-03 11:47:30.500918+00:00
3297,034120,SBS,KOSPI,True,2026-05-03 11:47:30.500918+00:00
3298,036570,NC,KOSPI,True,2026-05-03 11:47:30.500918+00:00
3299,071090,하이스틸,KOSPI,True,2026-05-03 11:47:30.500918+00:00
3300,069730,DSR제강,KOSPI,True,2026-05-03 11:47:30.500918+00:00
3301,006890,태경케미컬,KOSPI,True,2026-05-03 11:47:30.500918+00:00
3302,011500,한농화성,KOSPI,True,2026-05-03 11:47:30.500918+00:00
3303,069960,현대백화점,KOSPI,True,2026-05-03 11:47:30.500918+00:00
3304,069460,대호에이엘,KOSPI,True,2026-05-03 11:47:30.500918+00:00
3305,069620,대웅제약,KOSPI,True,2026-05-03 11:47:30.500918+00:00
3306,027740,마니커,KOSPI,True,2026-05-03 11:47:30.500918+00:00
3307,036530,SNT홀딩스,KOSPI,True,2026-05-03 11:47:30.500918+00:00
3308,069260,티케이지휴켐스,KOSPI,True,2026-05-03 11:47:30.500918+00:00
3309,033530,SJG세종,KOSPI,True,2026-05-03 11:47:30.500918+00:00
3310,058430,포스코스틸리온,KOSPI,True,2026-05-03 11:47:30.500918+00:00
3311,068290,삼성출판사,KOSPI,True,2026-05-03 11:47:30.500918+00:00
3312,067830,세이브존I&C,KOSPI,True,2026-05-03 11:47:30.500918+00:00
3313,030610,교보증권,KOSPI,True,2026-05-03 11:47:30.500918+00:00
3314,009240,한샘,KOSPI,True,2026-05-03 11:47:30.500918+00:00
3315,017370,우신시스템,KOSPI,True,2026-05-03 11:47:30.500918+00:00
3316,066570,LG전자,KOSPI,True,2026-05-03 11:47:30.500918+00:00
3317,024720,콜마홀딩스,KOSPI,True,2026-05-03 11:47:30.500918+00:00
3318,064960,SNT모티브,KOSPI,True,2026-05-03 11:47:30.500918+00:00
3319,037710,광주신세계,KOSPI,True,2026-05-03 11:47:30.500918+00:00
3320,020760,일진디스플,KOSPI,True,2026-05-03 11:47:30.500918+00:00
3321,063160,종근당바이오,KOSPI,True,2026-05-03 11:47:30.500918+00:00
3322,055550,신한지주,KOSPI,True,2026-05-03 11:47:30.500918+00:00
3323,021240,코웨이,KOSPI,True,2026-05-03 11:47:30.500918+00:00
3324,058650,세아홀딩스,KOSPI,True,2026-05-03 11:47:30.500918+00:00
3325,051900,LG생활건강,KOSPI,True,2026-05-03 11:47:30.500918+00:00
3326,051910,LG화학,KOSPI,True,2026-05-03 11:47:30.500918+00:00
3327,047040,대우건설,KOSPI,True,2026-05-03 11:47:30.500918+00:00
3328,047050,포스코인터내셔널,KOSPI,True,2026-05-03 11:47:30.500918+00:00
3329,042660,한화오션,KOSPI,True,2026-05-03 11:47:30.500918+00:00
3330,051630,진양화학,KOSPI,True,2026-05-03 11:47:30.500918+00:00
3331,034020,두산에너빌리티,KOSPI,True,2026-05-03 11:47:30.500918+00:00
3332,010040,한국내화,KOSPI,True,2026-05-03 11:47:30.500918+00:00
3333,016450,한세예스24홀딩스,KOSPI,True,2026-05-03 11:47:30.500918+00:00
3334,016710,대성홀딩스,KOSPI,True,2026-05-03 11:47:30.500918+00:00
3335,003220,대원제약,KOSPI,True,2026-05-03 11:47:30.500918+00:00
3336,036460,한국가스공사,KOSPI,True,2026-05-03 11:47:30.500918+00:00
3337,007120,미래아이앤지,KOSPI,True,2026-05-03 11:47:30.500918+00:00
3338,000850,화천기공,KOSPI,True,2026-05-03 11:47:30.500918+00:00
3339,036580,팜스코,KOSPI,True,2026-05-03 11:47:30.500918+00:00
3340,033780,케이티앤지,KOSPI,True,2026-05-03 11:47:30.500918+00:00
3341,009540,한국조선해양,KOSPI,True,2026-05-03 11:47:30.500918+00:00
3342,024090,디씨엠,KOSPI,True,2026-05-03 11:47:30.500918+00:00
3343,006840,AK홀딩스,KOSPI,True,2026-05-03 11:47:30.500918+00:00
3344,035000,HS애드,KOSPI,True,2026-05-03 11:47:30.500918+00:00
3345,006650,대한유화,KOSPI,True,2026-05-03 11:47:30.500918+00:00
3346,035150,백산,KOSPI,True,2026-05-03 11:47:30.500918+00:00
3347,033250,체시스,KOSPI,True,2026-05-03 11:47:30.500918+00:00
3348,033240,자화전자,KOSPI,True,2026-05-03 11:47:30.500918+00:00
3349,030200,케이티,KOSPI,True,2026-05-03 11:47:30.500918+00:00
3350,019490,엑시큐어하이트론,KOSPI,True,2026-05-03 11:47:30.500918+00:00
3351,030000,제일기획,KOSPI,True,2026-05-03 11:47:30.500918+00:00
3352,026890,스틱인베스트먼트,KOSPI,True,2026-05-03 11:47:30.500918+00:00
3353,029460,케이씨,KOSPI,True,2026-05-03 11:47:30.500918+00:00
3354,024890,대원화성,KOSPI,True,2026-05-03 11:47:30.500918+00:00
3355,017940,E1,KOSPI,True,2026-05-03 11:47:30.500918+00:00
3356,018670,SK가스,KOSPI,True,2026-05-03 11:47:30.500918+00:00
3357,023590,다우기술,KOSPI,True,2026-05-03 11:47:30.500918+00:00
3358,014440,영보화학,KOSPI,True,2026-05-03 11:47:30.500918+00:00
3359,011790,SKC,KOSPI,True,2026-05-03 11:47:30.500918+00:00
3360,025890,한국주강,KOSPI,True,2026-05-03 11:47:30.500918+00:00
3361,024900,디와이덕양,KOSPI,True,2026-05-03 11:47:30.500918+00:00
3362,023960,에쓰씨엔지니어링,KOSPI,True,2026-05-03 11:47:30.500918+00:00
3363,023800,인지컨트롤스,KOSPI,True,2026-05-03 11:47:30.500918+00:00
3364,012320,경동인베스트,KOSPI,True,2026-05-03 11:47:30.500918+00:00
3365,031820,아이티센씨티에스,KOSPI,True,2026-05-03 11:47:30.500918+00:00
3366,025530,에스제이엠홀딩스,KOSPI,True,2026-05-03 11:47:30.500918+00:00
3367,000660,SK하이닉스,KOSPI,True,2026-05-03 11:47:30.500918+00:00
3368,015360,INVENI,KOSPI,True,2026-05-03 11:47:30.500918+00:00
3369,023150,MH에탄올,KOSPI,True,2026-05-03 11:47:30.500918+00:00
3370,023450,동남합성,KOSPI,True,2026-05-03 11:47:30.500918+00:00
3371,028050,삼성E&A,KOSPI,True,2026-05-03 11:47:30.500918+00:00
3372,029530,신도리코,KOSPI,True,2026-05-03 11:47:30.500918+00:00
3373,005320,온타이드,KOSPI,True,2026-05-03 11:47:30.500918+00:00
3374,016800,퍼시스,KOSPI,True,2026-05-03 11:47:30.500918+00:00
3375,024070,WISCOM,KOSPI,True,2026-05-03 11:47:30.500918+00:00
3376,030720,동원수산,KOSPI,True,2026-05-03 11:47:30.500918+00:00
3377,025560,미래산업,KOSPI,True,2026-05-03 11:47:30.500918+00:00
3378,030210,다올투자증권,KOSPI,True,2026-05-03 11:47:30.500918+00:00
3379,012630,HDC,KOSPI,True,2026-05-03 11:47:30.500918+00:00
3380,017900,광전자,KOSPI,True,2026-05-03 11:47:30.500918+00:00
3381,025540,한국단자공업,KOSPI,True,2026-05-03 11:47:30.500918+00:00
3382,003160,디아이,KOSPI,True,2026-05-03 11:47:30.500918+00:00
3383,011930,신성이엔지,KOSPI,True,2026-05-03 11:47:30.500918+00:00
3384,019180,티에이치엔,KOSPI,True,2026-05-03 11:47:30.500918+00:00
3385,018880,한온시스템,KOSPI,True,2026-05-03 11:47:30.500918+00:00
3386,006740,블루산업개발,KOSPI,True,2026-05-03 11:47:30.500918+00:00
3387,021820,세원정공,KOSPI,True,2026-05-03 11:47:30.500918+00:00
3388,000910,유니온,KOSPI,True,2026-05-03 11:47:30.500918+00:00
3389,020120,키다리스튜디오,KOSPI,True,2026-05-03 11:47:30.500918+00:00
3390,027970,한국제지,KOSPI,True,2026-05-03 11:47:30.500918+00:00
3391,020000,한섬,KOSPI,True,2026-05-03 11:47:30.500918+00:00
3392,017800,현대엘리베이터,KOSPI,True,2026-05-03 11:47:30.500918+00:00
3393,016580,환인제약,KOSPI,True,2026-05-03 11:47:30.500918+00:00
3394,013580,계룡건설산업,KOSPI,True,2026-05-03 11:47:30.500918+00:00
3395,021050,서원,KOSPI,True,2026-05-03 11:47:30.500918+00:00
3396,012750,에스원,KOSPI,True,2026-05-03 11:47:30.500918+00:00
3397,015890,태경산업,KOSPI,True,2026-05-03 11:47:30.500918+00:00
3398,016590,신대양제지,KOSPI,True,2026-05-03 11:47:30.500918+00:00
3399,011690,와이투솔루션,KOSPI,True,2026-05-03 11:47:30.500918+00:00
3400,025860,남해화학,KOSPI,True,2026-05-03 11:47:30.500918+00:00
3401,018500,동원금속,KOSPI,True,2026-05-03 11:47:30.500918+00:00
3402,011300,우성머티리얼스,KOSPI,True,2026-05-03 11:47:30.500918+00:00
3403,011200,HMM,KOSPI,True,2026-05-03 11:47:30.500918+00:00
3404,012610,경인양행,KOSPI,True,2026-05-03 11:47:30.500918+00:00
3405,017810,풀무원,KOSPI,True,2026-05-03 11:47:30.500918+00:00
3406,017390,서울도시가스,KOSPI,True,2026-05-03 11:47:30.500918+00:00
3407,025820,이구산업,KOSPI,True,2026-05-03 11:47:30.500918+00:00
3408,011090,에넥스,KOSPI,True,2026-05-03 11:47:30.500918+00:00
3409,007460,에이프로젠,KOSPI,True,2026-05-03 11:47:30.500918+00:00
3410,025620,차AI헬스케어,KOSPI,True,2026-05-03 11:47:30.500918+00:00
3411,017960,한국카본,KOSPI,True,2026-05-03 11:47:30.500918+00:00
3412,025000,KPX케미칼,KOSPI,True,2026-05-03 11:47:30.500918+00:00
3413,007980,TP,KOSPI,True,2026-05-03 11:47:30.500918+00:00
3414,010580,에스엠벡셀,KOSPI,True,2026-05-03 11:47:30.500918+00:00
3415,009440,KC그린홀딩스,KOSPI,True,2026-05-03 11:47:30.500918+00:00
3416,008420,문배철강,KOSPI,True,2026-05-03 11:47:30.500918+00:00
3417,016880,웅진,KOSPI,True,2026-05-03 11:47:30.500918+00:00
3418,014790,HL D&I,KOSPI,True,2026-05-03 11:47:30.500918+00:00
3419,007310,오뚜기,KOSPI,True,2026-05-03 11:47:30.500918+00:00
3420,008500,일정실업,KOSPI,True,2026-05-03 11:47:30.500918+00:00
3421,010120,엘에스일렉트릭,KOSPI,True,2026-05-03 11:47:30.500918+00:00
3422,009190,대양금속,KOSPI,True,2026-05-03 11:47:30.500918+00:00
3423,000760,이화산업,KOSPI,True,2026-05-03 11:47:30.500918+00:00
3424,014820,동원시스템즈,KOSPI,True,2026-05-03 11:47:30.500918+00:00
3425,010140,삼성중공업,KOSPI,True,2026-05-03 11:47:30.500918+00:00
3426,009680,모토닉,KOSPI,True,2026-05-03 11:47:30.500918+00:00
3427,010690,화신,KOSPI,True,2026-05-03 11:47:30.500918+00:00
3428,000390,SP삼화,KOSPI,True,2026-05-03 11:47:30.500918+00:00
3429,009450,경동나비엔,KOSPI,True,2026-05-03 11:47:30.500918+00:00
3430,012030,DB,KOSPI,True,2026-05-03 11:47:30.500918+00:00
3431,005090,SGC에너지,KOSPI,True,2026-05-03 11:47:30.500918+00:00
3432,005750,대림바스,KOSPI,True,2026-05-03 11:47:30.500918+00:00
3433,005880,대한해운,KOSPI,True,2026-05-03 11:47:30.500918+00:00
3434,005870,휴니드테크놀러지스,KOSPI,True,2026-05-03 11:47:30.500918+00:00
3435,017550,수산세보틱스,KOSPI,True,2026-05-03 11:47:30.500918+00:00
3436,011170,롯데케미칼,KOSPI,True,2026-05-03 11:47:30.500918+00:00
3437,001430,세아베스틸지주,KOSPI,True,2026-05-03 11:47:30.500918+00:00
3438,008770,호텔신라,KOSPI,True,2026-05-03 11:47:30.500918+00:00
3439,014580,태경비케이,KOSPI,True,2026-05-03 11:47:30.500918+00:00
3440,013520,화승코퍼레이션,KOSPI,True,2026-05-03 11:47:30.500918+00:00
3441,004080,신흥,KOSPI,True,2026-05-03 11:47:30.500918+00:00
3442,006060,화승인더스트리,KOSPI,True,2026-05-03 11:47:30.500918+00:00
3443,014530,극동유화,KOSPI,True,2026-05-03 11:47:30.500918+00:00
3444,002140,고려산업,KOSPI,True,2026-05-03 11:47:30.500918+00:00
3445,016090,대현,KOSPI,True,2026-05-03 11:47:30.500918+00:00
3446,001620,케이비아이동국실업,KOSPI,True,2026-05-03 11:47:30.500918+00:00
3447,017040,광명전기,KOSPI,True,2026-05-03 11:47:30.500918+00:00
3448,011390,부산산업,KOSPI,True,2026-05-03 11:47:30.500918+00:00
3449,011810,STX,KOSPI,True,2026-05-03 11:47:30.500918+00:00
3450,010130,고려아연,KOSPI,True,2026-05-03 11:47:30.500918+00:00
3451,004720,팜젠사이언스,KOSPI,True,2026-05-03 11:47:30.500918+00:00
3452,009200,무림페이퍼,KOSPI,True,2026-05-03 11:47:30.500918+00:00
3453,001500,현대차증권,KOSPI,True,2026-05-03 11:47:30.500918+00:00
3454,008870,금비,KOSPI,True,2026-05-03 11:47:30.500918+00:00
3455,005820,원림,KOSPI,True,2026-05-03 11:47:30.500918+00:00
3456,008490,서흥,KOSPI,True,2026-05-03 11:47:30.500918+00:00
3457,014910,성문전자,KOSPI,True,2026-05-03 11:47:30.500918+00:00
3458,003580,HLB글로벌,KOSPI,True,2026-05-03 11:47:30.500918+00:00
3459,015860,일진홀딩스,KOSPI,True,2026-05-03 11:47:30.500918+00:00
3460,014160,대영포장,KOSPI,True,2026-05-03 11:47:30.500918+00:00
3461,012280,영화금속,KOSPI,True,2026-05-03 11:47:30.500918+00:00
3462,019170,신풍제약,KOSPI,True,2026-05-03 11:47:30.500918+00:00
3463,002210,동성제약,KOSPI,True,2026-05-03 11:47:30.500918+00:00
3464,012170,아센디오,KOSPI,True,2026-05-03 11:47:30.500918+00:00
3465,009420,한올바이오파마,KOSPI,True,2026-05-03 11:47:30.500918+00:00
3466,011330,유니켐,KOSPI,True,2026-05-03 11:47:30.500918+00:00
3467,012800,대창,KOSPI,True,2026-05-03 11:47:30.500918+00:00
3468,013360,일성건설,KOSPI,True,2026-05-03 11:47:30.500918+00:00
3469,013700,까뮤이앤씨,KOSPI,True,2026-05-03 11:47:30.500918+00:00
3470,002760,보락,KOSPI,True,2026-05-03 11:47:30.500918+00:00
3471,007610,선도전기,KOSPI,True,2026-05-03 11:47:30.500918+00:00
3472,004920,씨아이테크,KOSPI,True,2026-05-03 11:47:30.500918+00:00
3473,009290,광동제약,KOSPI,True,2026-05-03 11:47:30.500918+00:00
3474,011420,갤럭시아에스엠,KOSPI,True,2026-05-03 11:47:30.500918+00:00
3475,004270,남성,KOSPI,True,2026-05-03 11:47:30.500918+00:00
3476,001940,KISCO홀딩스,KOSPI,True,2026-05-03 11:47:30.500918+00:00
3477,009410,태영건설,KOSPI,True,2026-05-03 11:47:30.500918+00:00
3478,007280,한국특강,KOSPI,True,2026-05-03 11:47:30.500918+00:00
3479,009180,한솔로지스틱스,KOSPI,True,2026-05-03 11:47:30.500918+00:00
3480,002170,SYTS,KOSPI,True,2026-05-03 11:47:30.500918+00:00
3481,017670,SK텔레콤,KOSPI,True,2026-05-03 11:47:30.500918+00:00
3482,010640,진양폴리우레탄,KOSPI,True,2026-05-03 11:47:30.500918+00:00
3483,003650,미창석유공업,KOSPI,True,2026-05-03 11:47:30.500918+00:00
3484,004380,삼익THK,KOSPI,True,2026-05-03 11:47:30.500918+00:00
3485,002840,미원상사,KOSPI,True,2026-05-03 11:47:30.500918+00:00
3486,007860,서연,KOSPI,True,2026-05-03 11:47:30.500918+00:00
3487,013000,세우글로벌,KOSPI,True,2026-05-03 11:47:30.500918+00:00
3488,012330,현대모비스,KOSPI,True,2026-05-03 11:47:30.500918+00:00
3489,001390,KG케미칼,KOSPI,True,2026-05-03 11:47:30.500918+00:00
3490,009320,아진전자부품,KOSPI,True,2026-05-03 11:47:30.500918+00:00
3491,001450,현대해상,KOSPI,True,2026-05-03 11:47:30.500918+00:00
3492,005440,현대지에프홀딩스,KOSPI,True,2026-05-03 11:47:30.500918+00:00
3493,015760,한국전력공사,KOSPI,True,2026-05-03 11:47:30.500918+00:00
3494,007690,국도화학,KOSPI,True,2026-05-03 11:47:30.500918+00:00
3495,006280,녹십자,KOSPI,True,2026-05-03 11:47:30.500918+00:00
3496,009160,SIMPAC,KOSPI,True,2026-05-03 11:47:30.500918+00:00
3497,008600,윌비스,KOSPI,True,2026-05-03 11:47:30.500918+00:00
3498,015230,대창단조,KOSPI,True,2026-05-03 11:47:30.500918+00:00
3499,007160,사조산업,KOSPI,True,2026-05-03 11:47:30.500918+00:00
3500,014130,한익스프레스,KOSPI,True,2026-05-03 11:47:30.500918+00:00
3501,008040,사조동아원,KOSPI,True,2026-05-03 11:47:30.500918+00:00
3502,009140,경인전자,KOSPI,True,2026-05-03 11:47:30.500918+00:00
3503,009580,무림P&P,KOSPI,True,2026-05-03 11:47:30.500918+00:00
3504,014990,인디에프,KOSPI,True,2026-05-03 11:47:30.500918+00:00
3505,013570,디와이,KOSPI,True,2026-05-03 11:47:30.500918+00:00
3506,003610,방림,KOSPI,True,2026-05-03 11:47:30.500918+00:00
3507,015590,DKME,KOSPI,True,2026-05-03 11:47:30.500918+00:00
3508,014680,한솔케미칼,KOSPI,True,2026-05-03 11:47:30.500918+00:00
3509,010820,퍼스텍,KOSPI,True,2026-05-03 11:47:30.500918+00:00
3510,006040,동원산업,KOSPI,True,2026-05-03 11:47:30.500918+00:00
3511,008060,대덕,KOSPI,True,2026-05-03 11:47:30.500918+00:00
3512,003680,한성기업,KOSPI,True,2026-05-03 11:47:30.500918+00:00
3513,015020,이스타코,KOSPI,True,2026-05-03 11:47:30.500918+00:00
3514,011280,태림포장,KOSPI,True,2026-05-03 11:47:30.500918+00:00
3515,002310,아세아제지,KOSPI,True,2026-05-03 11:47:30.500918+00:00
3516,010660,화천기계,KOSPI,True,2026-05-03 11:47:30.500918+00:00
3517,011150,CJ씨푸드,KOSPI,True,2026-05-03 11:47:30.500918+00:00
3518,001770,SHD,KOSPI,True,2026-05-03 11:47:30.500918+00:00
3519,018470,조일알미늄,KOSPI,True,2026-05-03 11:47:30.500918+00:00
3520,005850,에스엘,KOSPI,True,2026-05-03 11:47:30.500918+00:00
3521,009970,영원무역홀딩스,KOSPI,True,2026-05-03 11:47:30.500918+00:00
3522,012510,더존비즈온,KOSPI,True,2026-05-03 11:47:30.500918+00:00
3523,003850,보령,KOSPI,True,2026-05-03 11:47:30.500918+00:00
3524,008250,이건산업,KOSPI,True,2026-05-03 11:47:30.500918+00:00
3525,012690,모나리자,KOSPI,True,2026-05-03 11:47:30.500918+00:00
3526,006370,대구백화점,KOSPI,True,2026-05-03 11:47:30.500918+00:00
3527,006980,우성,KOSPI,True,2026-05-03 11:47:30.500918+00:00
3528,002920,유성기업,KOSPI,True,2026-05-03 11:47:30.500918+00:00
3529,002220,한일철강,KOSPI,True,2026-05-03 11:47:30.500918+00:00
3530,002450,삼익악기,KOSPI,True,2026-05-03 11:47:30.500918+00:00
3531,002460,HS화성,KOSPI,True,2026-05-03 11:47:30.500918+00:00
3532,007340,DN오토모티브,KOSPI,True,2026-05-03 11:47:30.500918+00:00
3533,000890,보해양조,KOSPI,True,2026-05-03 11:47:30.500918+00:00
3534,001290,상상인증권,KOSPI,True,2026-05-03 11:47:30.500918+00:00
3535,003010,혜인,KOSPI,True,2026-05-03 11:47:30.500918+00:00
3536,014280,금강공업,KOSPI,True,2026-05-03 11:47:30.500918+00:00
3537,009810,플레이그램,KOSPI,True,2026-05-03 11:47:30.500918+00:00
3538,008730,율촌화학,KOSPI,True,2026-05-03 11:47:30.500918+00:00
3539,009270,신원,KOSPI,True,2026-05-03 11:47:30.500918+00:00
3540,004140,동방,KOSPI,True,2026-05-03 11:47:30.500918+00:00
3541,002960,한국쉘석유,KOSPI,True,2026-05-03 11:47:30.500918+00:00
3542,003000,부광약품,KOSPI,True,2026-05-03 11:47:30.500918+00:00
3543,005810,풍산홀딩스,KOSPI,True,2026-05-03 11:47:30.500918+00:00
3544,001270,부국증권,KOSPI,True,2026-05-03 11:47:30.500918+00:00
3545,012200,계양전기,KOSPI,True,2026-05-03 11:47:30.500918+00:00
3546,004710,한솔테크닉스,KOSPI,True,2026-05-03 11:47:30.500918+00:00
3547,016610,DB증권,KOSPI,True,2026-05-03 11:47:30.500918+00:00
3548,008930,한미사이언스,KOSPI,True,2026-05-03 11:47:30.500918+00:00
3549,005500,삼진제약,KOSPI,True,2026-05-03 11:47:30.500918+00:00
3550,005490,POSCO홀딩스,KOSPI,True,2026-05-03 11:47:30.500918+00:00
3551,002410,범양건영,KOSPI,True,2026-05-03 11:47:30.500918+00:00
3552,005690,파미셀,KOSPI,True,2026-05-03 11:47:30.500918+00:00
3553,001230,동국홀딩스,KOSPI,True,2026-05-03 11:47:30.500918+00:00
3554,006340,대원전선,KOSPI,True,2026-05-03 11:47:30.500918+00:00
3555,005950,이수화학,KOSPI,True,2026-05-03 11:47:30.500918+00:00
3556,016360,삼성증권,KOSPI,True,2026-05-03 11:47:30.500918+00:00
3557,002810,삼영무역,KOSPI,True,2026-05-03 11:47:30.500918+00:00
3558,001750,한양증권,KOSPI,True,2026-05-03 11:47:30.500918+00:00
3559,011780,금호석유화학,KOSPI,True,2026-05-03 11:47:30.500918+00:00
3560,003470,유안타증권,KOSPI,True,2026-05-03 11:47:30.500918+00:00
3561,002620,제일파마홀딩스,KOSPI,True,2026-05-03 11:47:30.500918+00:00
3562,015260,에이엔피,KOSPI,True,2026-05-03 11:47:30.500918+00:00
3563,009460,한창제지,KOSPI,True,2026-05-03 11:47:30.500918+00:00
3564,005720,넥센,KOSPI,True,2026-05-03 11:47:30.500918+00:00
3565,006660,삼성공조,KOSPI,True,2026-05-03 11:47:30.500918+00:00
3566,004490,세방전지,KOSPI,True,2026-05-03 11:47:30.500918+00:00
3567,011000,진원생명과학,KOSPI,True,2026-05-03 11:47:30.500918+00:00
3568,009310,참엔지니어링,KOSPI,True,2026-05-03 11:47:30.500918+00:00
3569,010100,한국무브넥스,KOSPI,True,2026-05-03 11:47:30.500918+00:00
3570,005070,코스모신소재,KOSPI,True,2026-05-03 11:47:30.500918+00:00
3571,004830,덕성,KOSPI,True,2026-05-03 11:47:30.500918+00:00
3572,001720,신영증권,KOSPI,True,2026-05-03 11:47:30.500918+00:00
3573,001200,유진증권,KOSPI,True,2026-05-03 11:47:30.500918+00:00
3574,003460,유화증권,KOSPI,True,2026-05-03 11:47:30.500918+00:00
3575,011700,한신기계공업,KOSPI,True,2026-05-03 11:47:30.500918+00:00
3576,005420,코스모화학,KOSPI,True,2026-05-03 11:47:30.500918+00:00
3577,000500,가온전선,KOSPI,True,2026-05-03 11:47:30.500918+00:00
3578,010950,S-Oil,KOSPI,True,2026-05-03 11:47:30.500918+00:00
3579,012450,한화에어로스페이스,KOSPI,True,2026-05-03 11:47:30.500918+00:00
3580,011230,삼화전자공업,KOSPI,True,2026-05-03 11:47:30.500918+00:00
3581,004020,현대제철,KOSPI,True,2026-05-03 11:47:30.500918+00:00
3582,004770,써니전자,KOSPI,True,2026-05-03 11:47:30.500918+00:00
3583,004560,현대비앤지스틸,KOSPI,True,2026-05-03 11:47:30.500918+00:00
3584,006090,사조오양,KOSPI,True,2026-05-03 11:47:30.500918+00:00
3585,003530,한화투자증권,KOSPI,True,2026-05-03 11:47:30.500918+00:00
3586,009470,삼화전기,KOSPI,True,2026-05-03 11:47:30.500918+00:00
3587,001510,SK증권,KOSPI,True,2026-05-03 11:47:30.500918+00:00
3588,010770,평화홀딩스,KOSPI,True,2026-05-03 11:47:30.500918+00:00
3589,007110,일신석재,KOSPI,True,2026-05-03 11:47:30.500918+00:00
3590,016380,KG스틸,KOSPI,True,2026-05-03 11:47:30.500918+00:00
3591,010780,아이에스동서,KOSPI,True,2026-05-03 11:47:30.500918+00:00
3592,002360,SH에너지화학,KOSPI,True,2026-05-03 11:47:30.500918+00:00
3593,003830,대한화섬,KOSPI,True,2026-05-03 11:47:30.500918+00:00
3594,007810,코리아써키트,KOSPI,True,2026-05-03 11:47:30.500918+00:00
3595,004170,신세계,KOSPI,True,2026-05-03 11:47:30.500918+00:00
3596,010060,OCI홀딩스,KOSPI,True,2026-05-03 11:47:30.500918+00:00
3597,000520,삼일제약,KOSPI,True,2026-05-03 11:47:30.500918+00:00
3598,006490,인스코비,KOSPI,True,2026-05-03 11:47:30.500918+00:00
3599,003120,일성아이에스,KOSPI,True,2026-05-03 11:47:30.500918+00:00
3600,000720,현대건설,KOSPI,True,2026-05-03 11:47:30.500918+00:00
3601,002710,TCC스틸,KOSPI,True,2026-05-03 11:47:30.500918+00:00
3602,003060,에이프로젠바이오로직스,KOSPI,True,2026-05-03 11:47:30.500918+00:00
3603,007700,F&F 홀딩스,KOSPI,True,2026-05-03 11:47:30.500918+00:00
3604,008700,아남전자,KOSPI,True,2026-05-03 11:47:30.500918+00:00
3605,006360,GS건설,KOSPI,True,2026-05-03 11:47:30.500918+00:00
3606,006110,삼아알미늄,KOSPI,True,2026-05-03 11:47:30.500918+00:00
3607,006200,한국전자홀딩스,KOSPI,True,2026-05-03 11:47:30.500918+00:00
3608,006400,삼성SDI,KOSPI,True,2026-05-03 11:47:30.500918+00:00
3609,009150,삼성전기,KOSPI,True,2026-05-03 11:47:30.500918+00:00
3610,005960,동부건설,KOSPI,True,2026-05-03 11:47:30.500918+00:00
3611,009070,케이씨티시,KOSPI,True,2026-05-03 11:47:30.500918+00:00
3612,003070,코오롱글로벌,KOSPI,True,2026-05-03 11:47:30.500918+00:00
3613,005180,빙그레,KOSPI,True,2026-05-03 11:47:30.500918+00:00
3614,005250,녹십자홀딩스,KOSPI,True,2026-05-03 11:47:30.500918+00:00
3615,000480,시알홀딩스,KOSPI,True,2026-05-03 11:47:30.500918+00:00
3616,004310,현대약품,KOSPI,True,2026-05-03 11:47:30.500918+00:00
3617,003920,남양유업,KOSPI,True,2026-05-03 11:47:30.500918+00:00
3618,008350,남선알미늄,KOSPI,True,2026-05-03 11:47:30.500918+00:00
3619,003350,한국화장품제조,KOSPI,True,2026-05-03 11:47:30.500918+00:00
3620,011760,현대코퍼레이션,KOSPI,True,2026-05-03 11:47:30.500918+00:00
3621,006260,LS,KOSPI,True,2026-05-03 11:47:30.500918+00:00
3622,001740,SK네트웍스,KOSPI,True,2026-05-03 11:47:30.500918+00:00
3623,002100,경농,KOSPI,True,2026-05-03 11:47:30.500918+00:00
3624,004870,티웨이홀딩스,KOSPI,True,2026-05-03 11:47:30.500918+00:00
3625,007590,동방아그로,KOSPI,True,2026-05-03 11:47:30.500918+00:00
3626,004430,송원산업,KOSPI,True,2026-05-03 11:47:30.500918+00:00
3627,002780,진흥기업,KOSPI,True,2026-05-03 11:47:30.500918+00:00
3628,004090,한국석유공업,KOSPI,True,2026-05-03 11:47:30.500918+00:00
3629,000650,천일고속,KOSPI,True,2026-05-03 11:47:30.500918+00:00
3630,000430,대원강업,KOSPI,True,2026-05-03 11:47:30.500918+00:00
3631,001080,만호제강,KOSPI,True,2026-05-03 11:47:30.500918+00:00
3632,004700,조광피혁,KOSPI,True,2026-05-03 11:47:30.500918+00:00
3633,004360,세방,KOSPI,True,2026-05-03 11:47:30.500918+00:00
3634,008970,KBI동양철관,KOSPI,True,2026-05-03 11:47:30.500918+00:00
3635,002880,디와이에이,KOSPI,True,2026-05-03 11:47:30.500918+00:00
3636,001260,남광토건,KOSPI,True,2026-05-03 11:47:30.500918+00:00
3637,005680,삼영전자공업,KOSPI,True,2026-05-03 11:47:30.500918+00:00
3638,005800,신영와코루,KOSPI,True,2026-05-03 11:47:30.500918+00:00
3639,002630,오리엔트바이오,KOSPI,True,2026-05-03 11:47:30.500918+00:00
3640,001550,조비,KOSPI,True,2026-05-03 11:47:30.500918+00:00
3641,005430,한국공항,KOSPI,True,2026-05-03 11:47:30.500918+00:00
3642,004910,조광페인트,KOSPI,True,2026-05-03 11:47:30.500918+00:00
3643,003080,SB성보,KOSPI,True,2026-05-03 11:47:30.500918+00:00
3644,004690,삼천리,KOSPI,True,2026-05-03 11:47:30.500918+00:00
3645,002600,조흥,KOSPI,True,2026-05-03 11:47:30.500918+00:00
3646,001570,금양,KOSPI,True,2026-05-03 11:47:30.500918+00:00
3647,003960,사조대림,KOSPI,True,2026-05-03 11:47:30.500918+00:00
3648,002070,비비안,KOSPI,True,2026-05-03 11:47:30.500918+00:00
3649,003570,SNT다이내믹스,KOSPI,True,2026-05-03 11:47:30.500918+00:00
3650,004960,한신공영,KOSPI,True,2026-05-03 11:47:30.500918+00:00
3651,004370,농심,KOSPI,True,2026-05-03 11:47:30.500918+00:00
3652,003720,삼영,KOSPI,True,2026-05-03 11:47:30.500918+00:00
3653,004980,성신양회,KOSPI,True,2026-05-03 11:47:30.500918+00:00
3654,004970,신라교역,KOSPI,True,2026-05-03 11:47:30.500918+00:00
3655,002870,신풍,KOSPI,True,2026-05-03 11:47:30.500918+00:00
3656,001630,종근당홀딩스,KOSPI,True,2026-05-03 11:47:30.500918+00:00
3657,005740,크라운해태홀딩스,KOSPI,True,2026-05-03 11:47:30.500918+00:00
3658,002390,한독,KOSPI,True,2026-05-03 11:47:30.500918+00:00
3659,001380,SG글로벌,KOSPI,True,2026-05-03 11:47:30.500918+00:00
3660,006120,SK디스커버리,KOSPI,True,2026-05-03 11:47:30.500918+00:00
3661,007540,샘표,KOSPI,True,2026-05-03 11:47:30.500918+00:00
3662,003280,흥아해운,KOSPI,True,2026-05-03 11:47:30.500918+00:00
3663,001250,GS글로벌,KOSPI,True,2026-05-03 11:47:30.500918+00:00
3664,002990,금호건설,KOSPI,True,2026-05-03 11:47:30.500918+00:00
3665,001470,삼부토건,KOSPI,True,2026-05-03 11:47:30.500918+00:00
3666,001820,삼화콘덴서공업,KOSPI,True,2026-05-03 11:47:30.500918+00:00
3667,001020,페이퍼코리아,KOSPI,True,2026-05-03 11:47:30.500918+00:00
3668,001520,동양,KOSPI,True,2026-05-03 11:47:30.500918+00:00
3669,000880,한화,KOSPI,True,2026-05-03 11:47:30.500918+00:00
3670,001060,JW중외제약,KOSPI,True,2026-05-03 11:47:30.500918+00:00
3671,000670,영풍,KOSPI,True,2026-05-03 11:47:30.500918+00:00
3672,001340,PKC,KOSPI,True,2026-05-03 11:47:30.500918+00:00
3673,000180,성창기업지주,KOSPI,True,2026-05-03 11:47:30.500918+00:00
3674,005110,한창,KOSPI,True,2026-05-03 11:47:30.500918+00:00
3675,004450,삼화왕관,KOSPI,True,2026-05-03 11:47:30.500918+00:00
3676,000040,KR모터스,KOSPI,True,2026-05-03 11:47:30.500918+00:00
3677,002240,고려제강,KOSPI,True,2026-05-03 11:47:30.500918+00:00
3678,004100,태양금속공업,KOSPI,True,2026-05-03 11:47:30.500918+00:00
3679,002820,SUN&L,KOSPI,True,2026-05-03 11:47:30.500918+00:00
3680,004840,DRB동일,KOSPI,True,2026-05-03 11:47:30.500918+00:00
3681,002350,넥센타이어,KOSPI,True,2026-05-03 11:47:30.500918+00:00
3682,004060,SG세계물산,KOSPI,True,2026-05-03 11:47:30.500918+00:00
3683,004000,롯데정밀화학,KOSPI,True,2026-05-03 11:47:30.500918+00:00
3684,000020,동화약품,KOSPI,True,2026-05-03 11:47:30.500918+00:00
3685,000210,DL,KOSPI,True,2026-05-03 11:47:30.500918+00:00
3686,001120,LX인터내셔널,KOSPI,True,2026-05-03 11:47:30.500918+00:00
3687,002720,국제약품,KOSPI,True,2026-05-03 11:47:30.500918+00:00
3688,003240,태광산업,KOSPI,True,2026-05-03 11:47:30.500918+00:00
3689,005030,부산주공,KOSPI,True,2026-05-03 11:47:30.500918+00:00
3690,000590,CS홀딩스,KOSPI,True,2026-05-03 11:47:30.500918+00:00
3691,000990,DB하이텍,KOSPI,True,2026-05-03 11:47:30.500918+00:00
3692,006570,대림통상,KOSPI,True,2026-05-03 11:47:30.500918+00:00
3693,000220,유유제약,KOSPI,True,2026-05-03 11:47:30.500918+00:00
3694,000860,강남제비스코,KOSPI,True,2026-05-03 11:47:30.500918+00:00
3695,003540,대신증권,KOSPI,True,2026-05-03 11:47:30.500918+00:00
3696,005940,NH투자증권,KOSPI,True,2026-05-03 11:47:30.500918+00:00
3697,006800,미래에셋증권,KOSPI,True,2026-05-03 11:47:30.500918+00:00
3698,002700,신일전자,KOSPI,True,2026-05-03 11:47:30.500918+00:00
3699,001360,삼성제약,KOSPI,True,2026-05-03 11:47:30.500918+00:00
3700,000810,삼성화재해상보험,KOSPI,True,2026-05-03 11:47:30.500918+00:00
3701,003230,삼양식품,KOSPI,True,2026-05-03 11:47:30.500918+00:00
3702,000370,한화손해보험,KOSPI,True,2026-05-03 11:47:30.500918+00:00
3703,008260,NI스틸,KOSPI,True,2026-05-03 11:47:30.500918+00:00
3704,000230,일동홀딩스,KOSPI,True,2026-05-03 11:47:30.500918+00:00
3705,000490,대동,KOSPI,True,2026-05-03 11:47:30.500918+00:00
3706,001800,오리온홀딩스,KOSPI,True,2026-05-03 11:47:30.500918+00:00
3707,004540,깨끗한나라,KOSPI,True,2026-05-03 11:47:30.500918+00:00
3708,001420,태원물산,KOSPI,True,2026-05-03 11:47:30.500918+00:00
3709,002020,코오롱,KOSPI,True,2026-05-03 11:47:30.500918+00:00
3710,005930,삼성전자,KOSPI,True,2026-05-03 11:47:30.500918+00:00
3711,000300,DH오토넥스,KOSPI,True,2026-05-03 11:47:30.500918+00:00
3712,001460,BYC,KOSPI,True,2026-05-03 11:47:30.500918+00:00
3713,003620,KG모빌리티,KOSPI,True,2026-05-03 11:47:30.500918+00:00
3714,005610,삼립,KOSPI,True,2026-05-03 11:47:30.500918+00:00
3715,000540,흥국화재,KOSPI,True,2026-05-03 11:47:30.500918+00:00
3716,007570,일양약품,KOSPI,True,2026-05-03 11:47:30.500918+00:00
3717,002320,한진,KOSPI,True,2026-05-03 11:47:30.500918+00:00
3718,002200,한국수출포장공업,KOSPI,True,2026-05-03 11:47:30.500918+00:00
3719,005380,현대차,KOSPI,True,2026-05-03 11:47:30.500918+00:00
3720,005360,모나미,KOSPI,True,2026-05-03 11:47:30.500918+00:00
3721,009830,한화솔루션,KOSPI,True,2026-05-03 11:47:30.500918+00:00
3722,002030,아세아,KOSPI,True,2026-05-03 11:47:30.500918+00:00
3723,006380,카프로,KOSPI,True,2026-05-03 11:47:30.500918+00:00
3724,004990,롯데지주,KOSPI,True,2026-05-03 11:47:30.500918+00:00
3725,001070,대한방직,KOSPI,True,2026-05-03 11:47:30.500918+00:00
3726,004410,서울식품공업,KOSPI,True,2026-05-03 11:47:30.500918+00:00
3727,000680,LS네트웍스,KOSPI,True,2026-05-03 11:47:30.500918+00:00
3728,001210,금호전기,KOSPI,True,2026-05-03 11:47:30.500918+00:00
3729,000140,하이트진로홀딩스,KOSPI,True,2026-05-03 11:47:30.500918+00:00
3730,000320,노루홀딩스,KOSPI,True,2026-05-03 11:47:30.500918+00:00
3731,000270,기아,KOSPI,True,2026-05-03 11:47:30.500918+00:00
3732,004800,효성,KOSPI,True,2026-05-03 11:47:30.500918+00:00
3733,001040,CJ,KOSPI,True,2026-05-03 11:47:30.500918+00:00
3734,000150,두산,KOSPI,True,2026-05-03 11:47:30.500918+00:00
3735,005010,휴스틸,KOSPI,True,2026-05-03 11:47:30.500918+00:00
3736,005830,DB손해보험,KOSPI,True,2026-05-03 11:47:30.500918+00:00
3737,002900,TYM,KOSPI,True,2026-05-03 11:47:30.500918+00:00
3738,003090,대웅,KOSPI,True,2026-05-03 11:47:30.500918+00:00
3739,003780,진양산업,KOSPI,True,2026-05-03 11:47:30.500918+00:00
3740,003520,영진약품,KOSPI,True,2026-05-03 11:47:30.500918+00:00
3741,002380,케이씨씨,KOSPI,True,2026-05-03 11:47:30.500918+00:00
3742,005300,롯데칠성음료,KOSPI,True,2026-05-03 11:47:30.500918+00:00
3743,003200,일신방직,KOSPI,True,2026-05-03 11:47:30.500918+00:00
3744,002790,아모레퍼시픽홀딩스,KOSPI,True,2026-05-03 11:47:30.500918+00:00
3745,006220,제주은행,KOSPI,True,2026-05-03 11:47:30.500918+00:00
3746,004150,한솔홀딩스,KOSPI,True,2026-05-03 11:47:30.500918+00:00
3747,007210,벽산,KOSPI,True,2026-05-03 11:47:30.500918+00:00
3748,000400,롯데손해보험,KOSPI,True,2026-05-03 11:47:30.500918+00:00
3749,001130,대한제분,KOSPI,True,2026-05-03 11:47:30.500918+00:00
3750,001680,대상,KOSPI,True,2026-05-03 11:47:30.500918+00:00
3751,003550,LG,KOSPI,True,2026-05-03 11:47:30.500918+00:00
3752,000640,동아쏘시오홀딩스,KOSPI,True,2026-05-03 11:47:30.500918+00:00
3753,003690,코리안리,KOSPI,True,2026-05-03 11:47:30.500918+00:00
3754,000970,한국주철관공업,KOSPI,True,2026-05-03 11:47:30.500918+00:00
3755,003300,한일홀딩스,KOSPI,True,2026-05-03 11:47:30.500918+00:00
3756,004250,엔피씨,KOSPI,True,2026-05-03 11:47:30.500918+00:00
3757,003030,세아제강지주,KOSPI,True,2026-05-03 11:47:30.500918+00:00
3758,001440,대한전선,KOSPI,True,2026-05-03 11:47:30.500918+00:00
3759,001790,대한제당,KOSPI,True,2026-05-03 11:47:30.500918+00:00
3760,000070,삼양홀딩스,KOSPI,True,2026-05-03 11:47:30.500918+00:00
3761,002420,세기상사,KOSPI,True,2026-05-03 11:47:30.500918+00:00
3762,000240,한국앤컴퍼니,KOSPI,True,2026-05-03 11:47:30.500918+00:00
3763,000950,전방,KOSPI,True,2026-05-03 11:47:30.500918+00:00
3764,003490,대한항공,KOSPI,True,2026-05-03 11:47:30.500918+00:00
3765,001530,디아이동일,KOSPI,True,2026-05-03 11:47:30.500918+00:00
3766,000100,유한양행,KOSPI,True,2026-05-03 11:47:30.500918+00:00
3767,000120,CJ대한통운,KOSPI,True,2026-05-03 11:47:30.500918+00:00
3768,000050,경방,KOSPI,True,2026-05-03 11:47:30.500918+00:00
3769,000700,유수홀딩스,KOSPI,True,2026-05-03 11:47:30.500918+00:00
3770,003480,한진중공업홀딩스,KOSPI,True,2026-05-03 11:47:30.500918+00:00
3771,0129K0,신한제18호스팩,KOSDAQ,True,2026-05-03 11:47:30.500918+00:00
3772,0011T0,채비,KOSDAQ,True,2026-05-03 11:47:30.500918+00:00
3773,0131D0,키움히어로제2호스팩,KOSDAQ,True,2026-05-03 11:47:30.500918+00:00
3774,0010F0,보원케미칼,KOSDAQ,True,2026-05-03 11:47:30.500918+00:00
3775,0132G0,교보20호스팩,KOSDAQ,True,2026-05-03 11:47:30.500918+00:00
3776,0007J0,인벤테라,KOSDAQ,True,2026-05-03 11:47:30.500918+00:00
3777,0130D0,신한제17호스팩,KOSDAQ,True,2026-05-03 11:47:30.500918+00:00
3778,394420,리센스메디컬,KOSDAQ,True,2026-05-03 11:47:30.500918+00:00
3779,0130H0,엔에이치스팩33호,KOSDAQ,True,2026-05-03 11:47:30.500918+00:00
3780,0088M0,메쥬,KOSDAQ,True,2026-05-03 11:47:30.500918+00:00
3781,408470,한패스,KOSDAQ,True,2026-05-03 11:47:30.500918+00:00
3782,493280,아이엠바이오로직스,KOSDAQ,True,2026-05-03 11:47:30.500918+00:00
3783,0082N0,카나프테라퓨틱스,KOSDAQ,True,2026-05-03 11:47:30.500918+00:00
3784,0011A0,액스비스,KOSDAQ,True,2026-05-03 11:47:30.500918+00:00
3785,458350,에스팀,KOSDAQ,True,2026-05-03 11:47:30.500918+00:00
3786,0001A0,덕양에너젠,KOSDAQ,True,2026-05-03 11:47:30.500918+00:00
3787,0115H0,삼성스팩13호,KOSDAQ,True,2026-05-03 11:47:30.500918+00:00
3788,0004V0,엔비알모션,KOSDAQ,True,2026-05-03 11:47:30.500918+00:00
3789,493330,지에프아이,KOSDAQ,True,2026-05-03 11:47:30.500918+00:00
3790,012210,삼미금속,KOSDAQ,True,2026-05-03 11:47:30.500918+00:00
3791,490470,세미파이브,KOSDAQ,True,2026-05-03 11:47:30.500918+00:00
3792,491000,리브스메드,KOSDAQ,True,2026-05-03 11:47:30.500918+00:00
3793,0097F0,미래에셋비전스팩10호,KOSDAQ,True,2026-05-03 11:47:30.500918+00:00
3794,0099W0,미래에셋비전스팩11호,KOSDAQ,True,2026-05-03 11:47:30.500918+00:00
3795,0013V0,삼진식품,KOSDAQ,True,2026-05-03 11:47:30.500918+00:00
3796,0101C0,하나36호스팩,KOSDAQ,True,2026-05-03 11:47:30.500918+00:00
3797,0099X0,IBKS제25호스팩,KOSDAQ,True,2026-05-03 11:47:30.500918+00:00
3798,476830,알지노믹스,KOSDAQ,True,2026-05-03 11:47:30.500918+00:00
3799,478340,나라스페이스테크놀로지,KOSDAQ,True,2026-05-03 11:47:30.500918+00:00
3800,0007C0,아크릴,KOSDAQ,True,2026-05-03 11:47:30.500918+00:00
3801,0088D0,메리츠제1호스팩,KOSDAQ,True,2026-05-03 11:47:30.500918+00:00
3802,0098T0,교보19호스팩,KOSDAQ,True,2026-05-03 11:47:30.500918+00:00
3803,464490,쿼드메디슨,KOSDAQ,True,2026-05-03 11:47:30.500918+00:00
3804,466690,키움히어로제1호스팩,KOSDAQ,True,2026-05-03 11:47:30.500918+00:00
3805,0105P0,유진스팩12호,KOSDAQ,True,2026-05-03 11:47:30.500918+00:00
3806,261520,이지스,KOSDAQ,True,2026-05-03 11:47:30.500918+00:00
3807,0015S0,페스카로,KOSDAQ,True,2026-05-03 11:47:30.500918+00:00
3808,950250,테라뷰,KOSDAQ,True,2026-05-03 11:47:30.500918+00:00
3809,0054V0,엔에이치스팩32호,KOSDAQ,True,2026-05-03 11:47:30.500918+00:00
3810,0009K0,에임드바이오,KOSDAQ,True,2026-05-03 11:47:30.500918+00:00
3811,0096D0,미래에셋비전스팩9호,KOSDAQ,True,2026-05-03 11:47:30.500918+00:00
3812,0096B0,삼성스팩12호,KOSDAQ,True,2026-05-03 11:47:30.500918+00:00
3813,0093G0,미래에셋비전스팩8호,KOSDAQ,True,2026-05-03 11:47:30.500918+00:00
3814,0015N0,아로마티카,KOSDAQ,True,2026-05-03 11:47:30.500918+00:00
3815,0091W0,신영스팩11호,KOSDAQ,True,2026-05-03 11:47:30.500918+00:00
3816,0068Y0,비엔케이제3호스팩,KOSDAQ,True,2026-05-03 11:47:30.500918+00:00
3817,488900,비츠로넥스텍,KOSDAQ,True,2026-05-03 11:47:30.500918+00:00
3818,388210,씨엠티엑스,KOSDAQ,True,2026-05-03 11:47:30.500918+00:00
3819,403850,더핑크퐁컴퍼니,KOSDAQ,True,2026-05-03 11:47:30.500918+00:00
3820,0015G0,그린광학,KOSDAQ,True,2026-05-03 11:47:30.500918+00:00
3821,459550,알트,KOSDAQ,True,2026-05-03 11:47:30.500918+00:00
3822,061090,세나테크놀로지,KOSDAQ,True,2026-05-03 11:47:30.500918+00:00
3823,494120,큐리오시스,KOSDAQ,True,2026-05-03 11:47:30.500918+00:00
3824,469610,이노테크,KOSDAQ,True,2026-05-03 11:47:30.500918+00:00
3825,486990,노타,KOSDAQ,True,2026-05-03 11:47:30.500918+00:00
3826,014950,삼익제약,KOSDAQ,True,2026-05-03 11:47:30.500918+00:00
3827,0072Z0,KB제33호스팩,KOSDAQ,True,2026-05-03 11:47:30.500918+00:00
3828,0071M0,삼성스팩11호,KOSDAQ,True,2026-05-03 11:47:30.500918+00:00
3829,488280,에스투더블유,KOSDAQ,True,2026-05-03 11:47:30.500918+00:00
3830,342870,오아,KOSDAQ,True,2026-05-03 11:47:30.500918+00:00
3831,318060,그래피,KOSDAQ,True,2026-05-03 11:47:30.500918+00:00
3832,397810,애드포러스,KOSDAQ,True,2026-05-03 11:47:30.500918+00:00
3833,0044K0,삼성스팩10호,KOSDAQ,True,2026-05-03 11:47:30.500918+00:00
3834,0010V0,제이피아이헬스케어,KOSDAQ,True,2026-05-03 11:47:30.500918+00:00
3835,125490,한라캐스트,KOSDAQ,True,2026-05-03 11:47:30.500918+00:00
3836,0008Z0,에스엔시스,KOSDAQ,True,2026-05-03 11:47:30.500918+00:00
3837,484590,삼양컴텍,KOSDAQ,True,2026-05-03 11:47:30.500918+00:00
3838,0041B0,교보18호스팩,KOSDAQ,True,2026-05-03 11:47:30.500918+00:00
3839,456160,지투지바이오,KOSDAQ,True,2026-05-03 11:47:30.500918+00:00
3840,309710,아이티켐,KOSDAQ,True,2026-05-03 11:47:30.500918+00:00
3841,0041L0,하나35호스팩,KOSDAQ,True,2026-05-03 11:47:30.500918+00:00
3842,468530,프로티나,KOSDAQ,True,2026-05-03 11:47:30.500918+00:00
3843,475230,엔알비,KOSDAQ,True,2026-05-03 11:47:30.500918+00:00
3844,380550,뉴로핏,KOSDAQ,True,2026-05-03 11:47:30.500918+00:00
3845,484120,도우인시스,KOSDAQ,True,2026-05-03 11:47:30.500918+00:00
3846,0004Y0,디비금융제14호스팩,KOSDAQ,True,2026-05-03 11:47:30.500918+00:00
3847,0041J0,엘에스스팩1호,KOSDAQ,True,2026-05-03 11:47:30.500918+00:00
3848,331740,아우토크립트,KOSDAQ,True,2026-05-03 11:47:30.500918+00:00
3849,462310,뉴키즈온,KOSDAQ,True,2026-05-03 11:47:30.500918+00:00
3850,234030,싸이닉솔루션,KOSDAQ,True,2026-05-03 11:47:30.500918+00:00
3851,0037T0,KB제32호스팩,KOSDAQ,True,2026-05-03 11:47:30.500918+00:00
3852,463020,뉴엔AI,KOSDAQ,True,2026-05-03 11:47:30.500918+00:00
3853,388610,지에프씨생명과학,KOSDAQ,True,2026-05-03 11:47:30.500918+00:00
3854,455180,케이지에이,KOSDAQ,True,2026-05-03 11:47:30.500918+00:00
3855,340450,지씨지놈,KOSDAQ,True,2026-05-03 11:47:30.500918+00:00
3856,474650,링크솔루션,KOSDAQ,True,2026-05-03 11:47:30.500918+00:00
3857,475430,키스트론,KOSDAQ,True,2026-05-03 11:47:30.500918+00:00
3858,496070,신한제16호스팩,KOSDAQ,True,2026-05-03 11:47:30.500918+00:00
3859,287840,인투셀,KOSDAQ,True,2026-05-03 11:47:30.500918+00:00
3860,489460,바이오비쥬,KOSDAQ,True,2026-05-03 11:47:30.500918+00:00
3861,424870,이뮨온시아,KOSDAQ,True,2026-05-03 11:47:30.500918+00:00
3862,188040,바이오포트,KOSDAQ,True,2026-05-03 11:47:30.500918+00:00
3863,125020,티씨머티리얼즈,KOSDAQ,True,2026-05-03 11:47:30.500918+00:00
3864,376900,로킷헬스케어,KOSDAQ,True,2026-05-03 11:47:30.500918+00:00
3865,476040,오가노이드사이언스,KOSDAQ,True,2026-05-03 11:47:30.500918+00:00
3866,136150,원일티엔아이,KOSDAQ,True,2026-05-03 11:47:30.500918+00:00
3867,459510,나우로보틱스,KOSDAQ,True,2026-05-03 11:47:30.500918+00:00
3868,364950,에이아이코리아,KOSDAQ,True,2026-05-03 11:47:30.500918+00:00
3869,081180,쎄크,KOSDAQ,True,2026-05-03 11:47:30.500918+00:00
3870,448900,한국피아이엠,KOSDAQ,True,2026-05-03 11:47:30.500918+00:00
3871,481070,에이유브랜즈,KOSDAQ,True,2026-05-03 11:47:30.500918+00:00
3872,101970,우양에이치씨,KOSDAQ,True,2026-05-03 11:47:30.500918+00:00
3873,462860,더즌,KOSDAQ,True,2026-05-03 11:47:30.500918+00:00
3874,444530,심플랫폼,KOSDAQ,True,2026-05-03 11:47:30.500918+00:00
3875,484810,티엑스알로보틱스,KOSDAQ,True,2026-05-03 11:47:30.500918+00:00
3876,098070,한텍,KOSDAQ,True,2026-05-03 11:47:30.500918+00:00
3877,498390,한화플러스제5호스팩,KOSDAQ,True,2026-05-03 11:47:30.500918+00:00
3878,460870,에스엠씨지,KOSDAQ,True,2026-05-03 11:47:30.500918+00:00
3879,226590,엠디바이스,KOSDAQ,True,2026-05-03 11:47:30.500918+00:00
3880,393970,대진첨단소재,KOSDAQ,True,2026-05-03 11:47:30.500918+00:00
3881,435570,에르코스,KOSDAQ,True,2026-05-03 11:47:30.500918+00:00
3882,489500,엘케이켐,KOSDAQ,True,2026-05-03 11:47:30.500918+00:00
3883,479960,위너스일렉,KOSDAQ,True,2026-05-03 11:47:30.500918+00:00
3884,463480,모티브링크,KOSDAQ,True,2026-05-03 11:47:30.500918+00:00
3885,303810,동국생명과학,KOSDAQ,True,2026-05-03 11:47:30.500918+00:00
3886,475830,오름테라퓨틱,KOSDAQ,True,2026-05-03 11:47:30.500918+00:00
3887,240550,동방메디컬,KOSDAQ,True,2026-05-03 11:47:30.500918+00:00
3888,212710,아이에스티이,KOSDAQ,True,2026-05-03 11:47:30.500918+00:00
3889,462980,아이지넷,KOSDAQ,True,2026-05-03 11:47:30.500918+00:00
3890,452450,피아이이,KOSDAQ,True,2026-05-03 11:47:30.500918+00:00
3891,482630,삼양엔씨켐,KOSDAQ,True,2026-05-03 11:47:30.500918+00:00
3892,373160,데이원컴퍼니,KOSDAQ,True,2026-05-03 11:47:30.500918+00:00
3893,450950,아스테라시스,KOSDAQ,True,2026-05-03 11:47:30.500918+00:00
3894,096250,와이즈넛,KOSDAQ,True,2026-05-03 11:47:30.500918+00:00
3895,475460,미트박스,KOSDAQ,True,2026-05-03 11:47:30.500918+00:00
3896,493790,유안타제17호스팩,KOSDAQ,True,2026-05-03 11:47:30.500918+00:00
3897,478560,블랙야크아이앤씨,KOSDAQ,True,2026-05-03 11:47:30.500918+00:00
3898,432980,엠에프씨,KOSDAQ,True,2026-05-03 11:47:30.500918+00:00
3899,387570,파인메딕스,KOSDAQ,True,2026-05-03 11:47:30.500918+00:00
3900,177900,쓰리에이로직스,KOSDAQ,True,2026-05-03 11:47:30.500918+00:00
3901,487360,신한제14호스팩,KOSDAQ,True,2026-05-03 11:47:30.500918+00:00
3902,176750,듀켐바이오,KOSDAQ,True,2026-05-03 11:47:30.500918+00:00
3903,487720,키움제10호스팩,KOSDAQ,True,2026-05-03 11:47:30.500918+00:00
3904,398120,에스지헬스케어,KOSDAQ,True,2026-05-03 11:47:30.500918+00:00
3905,476060,온코닉테라퓨틱스,KOSDAQ,True,2026-05-03 11:47:30.500918+00:00
3906,382150,온코크로스,KOSDAQ,True,2026-05-03 11:47:30.500918+00:00
3907,457600,벡트,KOSDAQ,True,2026-05-03 11:47:30.500918+00:00
3908,471820,셀로맥스사이언스,KOSDAQ,True,2026-05-03 11:47:30.500918+00:00
3909,492220,KB제31호스팩,KOSDAQ,True,2026-05-03 11:47:30.500918+00:00
3910,489480,키움제11호스팩,KOSDAQ,True,2026-05-03 11:47:30.500918+00:00
3911,489730,디비금융제13호스팩,KOSDAQ,True,2026-05-03 11:47:30.500918+00:00
3912,489210,교보17호스팩,KOSDAQ,True,2026-05-03 11:47:30.500918+00:00
3913,482690,대신밸런스제19호스팩,KOSDAQ,True,2026-05-03 11:47:30.500918+00:00
3914,459100,위츠,KOSDAQ,True,2026-05-03 11:47:30.500918+00:00
3915,389680,유디엠텍,KOSDAQ,True,2026-05-03 11:47:30.500918+00:00
3916,474610,RF시스템즈,KOSDAQ,True,2026-05-03 11:47:30.500918+00:00
3917,466410,사이냅소프트,KOSDAQ,True,2026-05-03 11:47:30.500918+00:00
3918,484130,하나34호스팩,KOSDAQ,True,2026-05-03 11:47:30.500918+00:00
3919,475660,에스켐,KOSDAQ,True,2026-05-03 11:47:30.500918+00:00
3920,413390,엠오티,KOSDAQ,True,2026-05-03 11:47:30.500918+00:00
3921,487830,신한제15호스팩,KOSDAQ,True,2026-05-03 11:47:30.500918+00:00
3922,394800,쓰리빌리언,KOSDAQ,True,2026-05-03 11:47:30.500918+00:00
3923,464580,닷밀,KOSDAQ,True,2026-05-03 11:47:30.500918+00:00
3924,473980,노머스,KOSDAQ,True,2026-05-03 11:47:30.500918+00:00
3925,163280,에어레인,KOSDAQ,True,2026-05-03 11:47:30.500918+00:00
3926,475960,토모큐브,KOSDAQ,True,2026-05-03 11:47:30.500918+00:00
3927,376270,HEM파마,KOSDAQ,True,2026-05-03 11:47:30.500918+00:00
3928,475580,에이럭스,KOSDAQ,True,2026-05-03 11:47:30.500918+00:00
3929,336680,탑런토탈솔루션,KOSDAQ,True,2026-05-03 11:47:30.500918+00:00
3930,458650,성우,KOSDAQ,True,2026-05-03 11:47:30.500918+00:00
3931,488060,유진스팩11호,KOSDAQ,True,2026-05-03 11:47:30.500918+00:00
3932,466100,클로봇,KOSDAQ,True,2026-05-03 11:47:30.500918+00:00
3933,044990,에이치엔에스하이텍,KOSDAQ,True,2026-05-03 11:47:30.500918+00:00
3934,289930,웨이비스,KOSDAQ,True,2026-05-03 11:47:30.500918+00:00
3935,475400,씨메스로보틱스,KOSDAQ,True,2026-05-03 11:47:30.500918+00:00
3936,457370,한켐,KOSDAQ,True,2026-05-03 11:47:30.500918+00:00
3937,474170,루미르,KOSDAQ,True,2026-05-03 11:47:30.500918+00:00
3938,209640,와이제이링크,KOSDAQ,True,2026-05-03 11:47:30.500918+00:00
3939,465480,인스피언,KOSDAQ,True,2026-05-03 11:47:30.500918+00:00
3940,308430,셀비온,KOSDAQ,True,2026-05-03 11:47:30.500918+00:00
3941,381620,제닉스로보틱스,KOSDAQ,True,2026-05-03 11:47:30.500918+00:00
3942,351870,차이커뮤니케이션,KOSDAQ,True,2026-05-03 11:47:30.500918+00:00
3943,486630,KB제30호스팩,KOSDAQ,True,2026-05-03 11:47:30.500918+00:00
3944,464500,아이언디바이스,KOSDAQ,True,2026-05-03 11:47:30.500918+00:00
3945,482680,미래에셋비전스팩7호,KOSDAQ,True,2026-05-03 11:47:30.500918+00:00
3946,469750,아이비젼웍스,KOSDAQ,True,2026-05-03 11:47:30.500918+00:00
3947,461300,아이스크림미디어,KOSDAQ,True,2026-05-03 11:47:30.500918+00:00
3948,456070,이엔셀,KOSDAQ,True,2026-05-03 11:47:30.500918+00:00
3949,476080,M83,KOSDAQ,True,2026-05-03 11:47:30.500918+00:00
3950,464280,티디에스팜,KOSDAQ,True,2026-05-03 11:47:30.500918+00:00
3951,389650,넥스트바이오메디컬,KOSDAQ,True,2026-05-03 11:47:30.500918+00:00
3952,431190,케이쓰리아이,KOSDAQ,True,2026-05-03 11:47:30.500918+00:00
3953,088340,유라클,KOSDAQ,True,2026-05-03 11:47:30.500918+00:00
3954,482520,교보16호스팩,KOSDAQ,True,2026-05-03 11:47:30.500918+00:00
3955,199480,뱅크웨어글로벌,KOSDAQ,True,2026-05-03 11:47:30.500918+00:00
3956,460470,아이빔테크놀로지,KOSDAQ,True,2026-05-03 11:47:30.500918+00:00
3957,460940,피앤에스로보틱스,KOSDAQ,True,2026-05-03 11:47:30.500918+00:00
3958,481890,엔에이치스팩31호,KOSDAQ,True,2026-05-03 11:47:30.500918+00:00
3959,473950,SK증권제13호스팩,KOSDAQ,True,2026-05-03 11:47:30.500918+00:00
3960,373110,엑셀세라퓨틱스,KOSDAQ,True,2026-05-03 11:47:30.500918+00:00
3961,478110,이베스트스팩6호,KOSDAQ,True,2026-05-03 11:47:30.500918+00:00
3962,450330,하스,KOSDAQ,True,2026-05-03 11:47:30.500918+00:00
3963,462350,이노스페이스,KOSDAQ,True,2026-05-03 11:47:30.500918+00:00
3964,295310,에이치브이엠,KOSDAQ,True,2026-05-03 11:47:30.500918+00:00
3965,160190,하이젠알앤엠,KOSDAQ,True,2026-05-03 11:47:30.500918+00:00
3966,479880,한국제15호스팩,KOSDAQ,True,2026-05-03 11:47:30.500918+00:00
3967,464080,에스오에스랩,KOSDAQ,True,2026-05-03 11:47:30.500918+00:00
3968,478440,미래에셋비전스팩6호,KOSDAQ,True,2026-05-03 11:47:30.500918+00:00
3969,477340,에이치엠씨제7호스팩,KOSDAQ,True,2026-05-03 11:47:30.500918+00:00
3970,107640,한중엔시에스,KOSDAQ,True,2026-05-03 11:47:30.500918+00:00
3971,478390,KB제29호스팩,KOSDAQ,True,2026-05-03 11:47:30.500918+00:00
3972,477470,미래에셋비전스팩5호,KOSDAQ,True,2026-05-03 11:47:30.500918+00:00
3973,458870,씨어스,KOSDAQ,True,2026-05-03 11:47:30.500918+00:00
3974,477760,디비금융스팩12호,KOSDAQ,True,2026-05-03 11:47:30.500918+00:00
3975,462510,라메디텍,KOSDAQ,True,2026-05-03 11:47:30.500918+00:00
3976,453450,그리드위즈,KOSDAQ,True,2026-05-03 11:47:30.500918+00:00
3977,323350,다원넥스뷰,KOSDAQ,True,2026-05-03 11:47:30.500918+00:00
3978,477380,미래에셋비전스팩4호,KOSDAQ,True,2026-05-03 11:47:30.500918+00:00
3979,145170,노브랜드,KOSDAQ,True,2026-05-03 11:47:30.500918+00:00
3980,456010,아이씨티케이,KOSDAQ,True,2026-05-03 11:47:30.500918+00:00
3981,473000,SK증권제12호스팩,KOSDAQ,True,2026-05-03 11:47:30.500918+00:00
3982,126730,코칩,KOSDAQ,True,2026-05-03 11:47:30.500918+00:00
3983,452200,민테크,KOSDAQ,True,2026-05-03 11:47:30.500918+00:00
3984,140430,카티스,KOSDAQ,True,2026-05-03 11:47:30.500918+00:00
3985,347850,디앤디파마텍,KOSDAQ,True,2026-05-03 11:47:30.500918+00:00
3986,474490,유안타제16호스팩,KOSDAQ,True,2026-05-03 11:47:30.500918+00:00
3987,412540,제일엠앤에스,KOSDAQ,True,2026-05-03 11:47:30.500918+00:00
3988,451250,삐아,KOSDAQ,True,2026-05-03 11:47:30.500918+00:00
3989,475250,하나33호스팩,KOSDAQ,True,2026-05-03 11:47:30.500918+00:00
3990,474930,신한제13호스팩,KOSDAQ,True,2026-05-03 11:47:30.500918+00:00
3991,474660,신한제12호스팩,KOSDAQ,True,2026-05-03 11:47:30.500918+00:00
3992,461030,아이엠비디엑스,KOSDAQ,True,2026-05-03 11:47:30.500918+00:00
3993,475240,하나32호스팩,KOSDAQ,True,2026-05-03 11:47:30.500918+00:00
3994,455900,엔젤로보틱스,KOSDAQ,True,2026-05-03 11:47:30.500918+00:00
3995,420570,제이투케이바이오,KOSDAQ,True,2026-05-03 11:47:30.500918+00:00
3996,437730,삼현,KOSDAQ,True,2026-05-03 11:47:30.500918+00:00
3997,036220,오상헬스케어,KOSDAQ,True,2026-05-03 11:47:30.500918+00:00
3998,199430,케이엔알시스템,KOSDAQ,True,2026-05-03 11:47:30.500918+00:00
3999,469900,하나31호스팩,KOSDAQ,True,2026-05-03 11:47:30.500918+00:00
4000,472230,SK증권제11호스팩,KOSDAQ,True,2026-05-03 11:47:30.500918+00:00
4001,473050,유안타제15호스팩,KOSDAQ,True,2026-05-03 11:47:30.500918+00:00
4002,468760,유진스팩10호,KOSDAQ,True,2026-05-03 11:47:30.500918+00:00
4003,418620,E8,KOSDAQ,True,2026-05-03 11:47:30.500918+00:00
4004,360350,코셈,KOSDAQ,True,2026-05-03 11:47:30.500918+00:00
4005,068100,케이웨더,KOSDAQ,True,2026-05-03 11:47:30.500918+00:00
4006,452430,사피엔반도체,KOSDAQ,True,2026-05-03 11:47:30.500918+00:00
4007,443670,에스피소프트,KOSDAQ,True,2026-05-03 11:47:30.500918+00:00
4008,415380,스튜디오삼익,KOSDAQ,True,2026-05-03 11:47:30.500918+00:00
4009,472220,신영스팩10호,KOSDAQ,True,2026-05-03 11:47:30.500918+00:00
4010,472850,폰드그룹,KOSDAQ,True,2026-05-03 11:47:30.500918+00:00
4011,469480,IBKS제24호스팩,KOSDAQ,True,2026-05-03 11:47:30.500918+00:00
4012,199550,레이저옵텍,KOSDAQ,True,2026-05-03 11:47:30.500918+00:00
4013,452400,이닉스,KOSDAQ,True,2026-05-03 11:47:30.500918+00:00
4014,105760,포스뱅크,KOSDAQ,True,2026-05-03 11:47:30.500918+00:00
4015,460930,현대힘스,KOSDAQ,True,2026-05-03 11:47:30.500918+00:00
4016,440290,HB인베스트먼트,KOSDAQ,True,2026-05-03 11:47:30.500918+00:00
4017,362990,드림인사이트,KOSDAQ,True,2026-05-03 11:47:30.500918+00:00
4018,471050,대신밸런스제17호스팩,KOSDAQ,True,2026-05-03 11:47:30.500918+00:00
4019,457550,우진엔텍,KOSDAQ,True,2026-05-03 11:47:30.500918+00:00
4020,452190,한빛레이저,KOSDAQ,True,2026-05-03 11:47:30.500918+00:00
4021,467930,IBKS제23호스팩,KOSDAQ,True,2026-05-03 11:47:30.500918+00:00
4022,469880,하나30호스팩,KOSDAQ,True,2026-05-03 11:47:30.500918+00:00
4023,109670,씨싸이트,KOSDAQ,True,2026-05-03 11:47:30.500918+00:00
4024,439580,블루엠텍,KOSDAQ,True,2026-05-03 11:47:30.500918+00:00
4025,417200,LS머트리얼즈,KOSDAQ,True,2026-05-03 11:47:30.500918+00:00
4026,432470,케이엔에스,KOSDAQ,True,2026-05-03 11:47:30.500918+00:00
4027,465320,교보15호스팩,KOSDAQ,True,2026-05-03 11:47:30.500918+00:00
4028,338840,와이바이오로직스,KOSDAQ,True,2026-05-03 11:47:30.500918+00:00
4029,355690,에이텀,KOSDAQ,True,2026-05-03 11:47:30.500918+00:00
4030,466910,엔에이치스팩30호,KOSDAQ,True,2026-05-03 11:47:30.500918+00:00
4031,453860,에이에스텍,KOSDAQ,True,2026-05-03 11:47:30.500918+00:00
4032,402490,그린리소스,KOSDAQ,True,2026-05-03 11:47:30.500918+00:00
4033,452160,제이엔비,KOSDAQ,True,2026-05-03 11:47:30.500918+00:00
4034,452280,한선엔지니어링,KOSDAQ,True,2026-05-03 11:47:30.500918+00:00
4035,448280,에코아이,KOSDAQ,True,2026-05-03 11:47:30.500918+00:00
4036,352090,스톰테크,KOSDAQ,True,2026-05-03 11:47:30.500918+00:00
4037,452300,캡스톤파트너스,KOSDAQ,True,2026-05-03 11:47:30.500918+00:00
4038,365330,에스와이스틸텍,KOSDAQ,True,2026-05-03 11:47:30.500918+00:00
4039,445090,에이직랜드,KOSDAQ,True,2026-05-03 11:47:30.500918+00:00
4040,464440,한국제13호스팩,KOSDAQ,True,2026-05-03 11:47:30.500918+00:00
4041,446540,메가터치,KOSDAQ,True,2026-05-03 11:47:30.500918+00:00
4042,413640,비아이매트릭스,KOSDAQ,True,2026-05-03 11:47:30.500918+00:00
4043,451760,컨텍,KOSDAQ,True,2026-05-03 11:47:30.500918+00:00
4044,372320,큐로셀,KOSDAQ,True,2026-05-03 11:47:30.500918+00:00
4045,088280,쏘닉스,KOSDAQ,True,2026-05-03 11:47:30.500918+00:00
4046,464680,KB제27호스팩,KOSDAQ,True,2026-05-03 11:47:30.500918+00:00
4047,188260,세니젠,KOSDAQ,True,2026-05-03 11:47:30.500918+00:00
4048,290560,파라택시스이더리움,KOSDAQ,True,2026-05-03 11:47:30.500918+00:00
4049,240600,유진테크놀로지,KOSDAQ,True,2026-05-03 11:47:30.500918+00:00
4050,221800,지구홀딩스,KOSDAQ,True,2026-05-03 11:47:30.500918+00:00
4051,432720,퀄리타스반도체,KOSDAQ,True,2026-05-03 11:47:30.500918+00:00
4052,396470,워트,KOSDAQ,True,2026-05-03 11:47:30.500918+00:00
4053,246250,에스엘에스바이오,KOSDAQ,True,2026-05-03 11:47:30.500918+00:00
4054,416180,신성에스티,KOSDAQ,True,2026-05-03 11:47:30.500918+00:00
4055,445180,퓨릿,KOSDAQ,True,2026-05-03 11:47:30.500918+00:00
4056,462020,에이치엠씨제6호스팩,KOSDAQ,True,2026-05-03 11:47:30.500918+00:00
4057,451220,아이엠티,KOSDAQ,True,2026-05-03 11:47:30.500918+00:00
4058,443250,레뷰코퍼레이션,KOSDAQ,True,2026-05-03 11:47:30.500918+00:00
4059,452980,신한제11호스팩,KOSDAQ,True,2026-05-03 11:47:30.500918+00:00
4060,430690,한싹,KOSDAQ,True,2026-05-03 11:47:30.500918+00:00
4061,418470,KT밀리의서재,KOSDAQ,True,2026-05-03 11:47:30.500918+00:00
4062,450520,인스웨이브,KOSDAQ,True,2026-05-03 11:47:30.500918+00:00
4063,403490,우듬지팜,KOSDAQ,True,2026-05-03 11:47:30.500918+00:00
4064,384470,코어라인소프트,KOSDAQ,True,2026-05-03 11:47:30.500918+00:00
4065,146060,율촌,KOSDAQ,True,2026-05-03 11:47:30.500918+00:00
4066,355390,크라우드웍스,KOSDAQ,True,2026-05-03 11:47:30.500918+00:00
4067,418250,시큐레터,KOSDAQ,True,2026-05-03 11:47:30.500918+00:00
4068,424960,스마트레이더시스템,KOSDAQ,True,2026-05-03 11:47:30.500918+00:00
4069,210120,캔버스엔,KOSDAQ,True,2026-05-03 11:47:30.500918+00:00
4070,448710,코츠테크놀로지,KOSDAQ,True,2026-05-03 11:47:30.500918+00:00
4071,445680,큐리옥스바이오시스템즈,KOSDAQ,True,2026-05-03 11:47:30.500918+00:00
4072,440110,파두,KOSDAQ,True,2026-05-03 11:47:30.500918+00:00
4073,373170,엠아이큐브솔루션,KOSDAQ,True,2026-05-03 11:47:30.500918+00:00
4074,429270,시지트로닉스,KOSDAQ,True,2026-05-03 11:47:30.500918+00:00
4075,172670,에이엘티,KOSDAQ,True,2026-05-03 11:47:30.500918+00:00
4076,388870,파로스아이바이오,KOSDAQ,True,2026-05-03 11:47:30.500918+00:00
4077,438700,버넥트,KOSDAQ,True,2026-05-03 11:47:30.500918+00:00
4078,406820,뷰티스킨,KOSDAQ,True,2026-05-03 11:47:30.500918+00:00
4079,432430,와이랩,KOSDAQ,True,2026-05-03 11:47:30.500918+00:00
4080,321370,센서뷰,KOSDAQ,True,2026-05-03 11:47:30.500918+00:00
4081,378340,필에너지,KOSDAQ,True,2026-05-03 11:47:30.500918+00:00
4082,274400,이노시뮬레이션,KOSDAQ,True,2026-05-03 11:47:30.500918+00:00
4083,354320,알멕,KOSDAQ,True,2026-05-03 11:47:30.500918+00:00
4084,440320,오픈놀,KOSDAQ,True,2026-05-03 11:47:30.500918+00:00
4085,232830,아이티센피엔에스,KOSDAQ,True,2026-05-03 11:47:30.500918+00:00
4086,451700,엔에이치스팩29호,KOSDAQ,True,2026-05-03 11:47:30.500918+00:00
4087,303360,프로티아,KOSDAQ,True,2026-05-03 11:47:30.500918+00:00
4088,348080,큐라티스,KOSDAQ,True,2026-05-03 11:47:30.500918+00:00
4089,439090,마녀공장,KOSDAQ,True,2026-05-03 11:47:30.500918+00:00
4090,405920,나라셀라,KOSDAQ,True,2026-05-03 11:47:30.500918+00:00
4091,285800,진영,KOSDAQ,True,2026-05-03 11:47:30.500918+00:00
4092,420770,기가비스,KOSDAQ,True,2026-05-03 11:47:30.500918+00:00
4093,271830,팸텍,KOSDAQ,True,2026-05-03 11:47:30.500918+00:00
4094,434480,모니터랩,KOSDAQ,True,2026-05-03 11:47:30.500918+00:00
4095,340810,시선AI,KOSDAQ,True,2026-05-03 11:47:30.500918+00:00
4096,446840,지슨,KOSDAQ,True,2026-05-03 11:47:30.500918+00:00
4097,417790,트루엔,KOSDAQ,True,2026-05-03 11:47:30.500918+00:00
4098,304360,에스바이오메딕스,KOSDAQ,True,2026-05-03 11:47:30.500918+00:00
4099,298830,슈어소프트테크,KOSDAQ,True,2026-05-03 11:47:30.500918+00:00
4100,393210,토마토시스템,KOSDAQ,True,2026-05-03 11:47:30.500918+00:00
4101,424980,마이크로투나노,KOSDAQ,True,2026-05-03 11:47:30.500918+00:00
4102,318160,셀바이오휴먼텍,KOSDAQ,True,2026-05-03 11:47:30.500918+00:00
4103,358570,지아이이노베이션,KOSDAQ,True,2026-05-03 11:47:30.500918+00:00
4104,309960,LB인베스트먼트,KOSDAQ,True,2026-05-03 11:47:30.500918+00:00
4105,356680,엑스게이트,KOSDAQ,True,2026-05-03 11:47:30.500918+00:00
4106,282720,금양그린파워,KOSDAQ,True,2026-05-03 11:47:30.500918+00:00
4107,418420,라온텍,KOSDAQ,True,2026-05-03 11:47:30.500918+00:00
4108,389020,자람테크놀로지,KOSDAQ,True,2026-05-03 11:47:30.500918+00:00
4109,417010,나노팀,KOSDAQ,True,2026-05-03 11:47:30.500918+00:00
4110,199730,바이오인프라,KOSDAQ,True,2026-05-03 11:47:30.500918+00:00
4111,344860,이노진,KOSDAQ,True,2026-05-03 11:47:30.500918+00:00
4112,127980,화인써키트,KOSDAQ,True,2026-05-03 11:47:30.500918+00:00
4113,418550,제이오,KOSDAQ,True,2026-05-03 11:47:30.500918+00:00
4114,411080,샌즈랩,KOSDAQ,True,2026-05-03 11:47:30.500918+00:00
4115,407400,꿈비,KOSDAQ,True,2026-05-03 11:47:30.500918+00:00
4116,408900,스튜디오미르,KOSDAQ,True,2026-05-03 11:47:30.500918+00:00
4117,419050,삼기에너지솔루션즈,KOSDAQ,True,2026-05-03 11:47:30.500918+00:00
4118,417860,오브젠,KOSDAQ,True,2026-05-03 11:47:30.500918+00:00
4119,254490,미래반도체,KOSDAQ,True,2026-05-03 11:47:30.500918+00:00
4120,425040,티이엠씨,KOSDAQ,True,2026-05-03 11:47:30.500918+00:00
4121,198940,한주라이트메탈,KOSDAQ,True,2026-05-03 11:47:30.500918+00:00
4122,380540,옵티코어,KOSDAQ,True,2026-05-03 11:47:30.500918+00:00
4123,162300,신스틸,KOSDAQ,True,2026-05-03 11:47:30.500918+00:00
4124,417180,핑거스토리,KOSDAQ,True,2026-05-03 11:47:30.500918+00:00
4125,419530,SAMG엔터,KOSDAQ,True,2026-05-03 11:47:30.500918+00:00
4126,168360,펨트론,KOSDAQ,True,2026-05-03 11:47:30.500918+00:00
4127,389470,인벤티지랩,KOSDAQ,True,2026-05-03 11:47:30.500918+00:00
4128,419080,엔젯,KOSDAQ,True,2026-05-03 11:47:30.500918+00:00
4129,084440,유비온,KOSDAQ,True,2026-05-03 11:47:30.500918+00:00
4130,204610,티쓰리,KOSDAQ,True,2026-05-03 11:47:30.500918+00:00
4131,425420,티에프이,KOSDAQ,True,2026-05-03 11:47:30.500918+00:00
4132,372170,윤성에프앤씨,KOSDAQ,True,2026-05-03 11:47:30.500918+00:00
4133,383930,디티앤씨알오,KOSDAQ,True,2026-05-03 11:47:30.500918+00:00
4134,348340,뉴로메카,KOSDAQ,True,2026-05-03 11:47:30.500918+00:00
4135,417500,제이아이테크,KOSDAQ,True,2026-05-03 11:47:30.500918+00:00
4136,405100,큐알티,KOSDAQ,True,2026-05-03 11:47:30.500918+00:00
4137,417840,저스템,KOSDAQ,True,2026-05-03 11:47:30.500918+00:00
4138,419120,산돌,KOSDAQ,True,2026-05-03 11:47:30.500918+00:00
4139,405000,플라즈맵,KOSDAQ,True,2026-05-03 11:47:30.500918+00:00
4140,291810,핀텔,KOSDAQ,True,2026-05-03 11:47:30.500918+00:00
4141,378800,샤페론,KOSDAQ,True,2026-05-03 11:47:30.500918+00:00
4142,419540,비스토스,KOSDAQ,True,2026-05-03 11:47:30.500918+00:00
4143,360070,탑머티리얼,KOSDAQ,True,2026-05-03 11:47:30.500918+00:00
4144,389500,에스비비테크,KOSDAQ,True,2026-05-03 11:47:30.500918+00:00
4145,368970,오에스피,KOSDAQ,True,2026-05-03 11:47:30.500918+00:00
4146,417970,모델솔루션,KOSDAQ,True,2026-05-03 11:47:30.500918+00:00
4147,296640,이노에이엑스,KOSDAQ,True,2026-05-03 11:47:30.500918+00:00
4148,441270,파인엠텍,KOSDAQ,True,2026-05-03 11:47:30.500918+00:00
4149,067370,선바이오,KOSDAQ,True,2026-05-03 11:47:30.500918+00:00
4150,393890,더블유씨피,KOSDAQ,True,2026-05-03 11:47:30.500918+00:00
4151,314140,알피바이오,KOSDAQ,True,2026-05-03 11:47:30.500918+00:00
4152,394280,오픈엣지테크놀로지,KOSDAQ,True,2026-05-03 11:47:30.500918+00:00
4153,129920,대성하이텍,KOSDAQ,True,2026-05-03 11:47:30.500918+00:00
4154,148930,에이치와이티씨,KOSDAQ,True,2026-05-03 11:47:30.500918+00:00
4155,107600,새빗켐,KOSDAQ,True,2026-05-03 11:47:30.500918+00:00
4156,368600,아이씨에이치,KOSDAQ,True,2026-05-03 11:47:30.500918+00:00
4157,365340,성일하이텍,KOSDAQ,True,2026-05-03 11:47:30.500918+00:00
4158,397030,에이프릴바이오,KOSDAQ,True,2026-05-03 11:47:30.500918+00:00
4159,424760,벨로크,KOSDAQ,True,2026-05-03 11:47:30.500918+00:00
4160,328130,루닛,KOSDAQ,True,2026-05-03 11:47:30.500918+00:00
4161,403870,HPSP,KOSDAQ,True,2026-05-03 11:47:30.500918+00:00
4162,112290,와이씨켐,KOSDAQ,True,2026-05-03 11:47:30.500918+00:00
4163,402030,코난테크놀로지,KOSDAQ,True,2026-05-03 11:47:30.500918+00:00
4164,396270,넥스트칩,KOSDAQ,True,2026-05-03 11:47:30.500918+00:00
4165,412350,레이저쎌,KOSDAQ,True,2026-05-03 11:47:30.500918+00:00
4166,310210,보로노이,KOSDAQ,True,2026-05-03 11:47:30.500918+00:00
4167,377460,큐에이드,KOSDAQ,True,2026-05-03 11:47:30.500918+00:00
4168,148780,비큐AI,KOSDAQ,True,2026-05-03 11:47:30.500918+00:00
4169,382900,범한퓨얼셀,KOSDAQ,True,2026-05-03 11:47:30.500918+00:00
4170,362320,청담글로벌,KOSDAQ,True,2026-05-03 11:47:30.500918+00:00
4171,399720,가온칩스,KOSDAQ,True,2026-05-03 11:47:30.500918+00:00
4172,389260,대명에너지,KOSDAQ,True,2026-05-03 11:47:30.500918+00:00
4173,389140,포바이포,KOSDAQ,True,2026-05-03 11:47:30.500918+00:00
4174,388050,지투파워,KOSDAQ,True,2026-05-03 11:47:30.500918+00:00
4175,413630,씨피시스템,KOSDAQ,True,2026-05-03 11:47:30.500918+00:00
4176,396300,세아메카닉스,KOSDAQ,True,2026-05-03 11:47:30.500918+00:00
4177,366030,공구우먼,KOSDAQ,True,2026-05-03 11:47:30.500918+00:00
4178,388720,유일로보틱스,KOSDAQ,True,2026-05-03 11:47:30.500918+00:00
4179,288980,모아데이타,KOSDAQ,True,2026-05-03 11:47:30.500918+00:00
4180,408920,메쎄이상,KOSDAQ,True,2026-05-03 11:47:30.500918+00:00
4181,376930,노을,KOSDAQ,True,2026-05-03 11:47:30.500918+00:00
4182,146320,비씨엔씨,KOSDAQ,True,2026-05-03 11:47:30.500918+00:00
4183,371950,풍원정밀,KOSDAQ,True,2026-05-03 11:47:30.500918+00:00
4184,330730,스톤브릿지벤처스,KOSDAQ,True,2026-05-03 11:47:30.500918+00:00
4185,365900,브이씨,KOSDAQ,True,2026-05-03 11:47:30.500918+00:00
4186,370090,퓨런티어,KOSDAQ,True,2026-05-03 11:47:30.500918+00:00
4187,251120,바이오에프디엔씨,KOSDAQ,True,2026-05-03 11:47:30.500918+00:00
4188,211050,인카금융서비스,KOSDAQ,True,2026-05-03 11:47:30.500918+00:00
4189,137080,나래나노텍,KOSDAQ,True,2026-05-03 11:47:30.500918+00:00
4190,136410,아셈스,KOSDAQ,True,2026-05-03 11:47:30.500918+00:00
4191,276040,스코넥,KOSDAQ,True,2026-05-03 11:47:30.500918+00:00
4192,377330,이지트로닉스,KOSDAQ,True,2026-05-03 11:47:30.500918+00:00
4193,179530,애드바이오텍,KOSDAQ,True,2026-05-03 11:47:30.500918+00:00
4194,102370,케이옥션,KOSDAQ,True,2026-05-03 11:47:30.500918+00:00
4195,353590,오토앤,KOSDAQ,True,2026-05-03 11:47:30.500918+00:00
4196,200350,아티스트스튜디오,KOSDAQ,True,2026-05-03 11:47:30.500918+00:00
4197,199800,툴젠,KOSDAQ,True,2026-05-03 11:47:30.500918+00:00
4198,377480,마음AI,KOSDAQ,True,2026-05-03 11:47:30.500918+00:00
4199,361570,알비더블유,KOSDAQ,True,2026-05-03 11:47:30.500918+00:00
4200,222160,NPX,KOSDAQ,True,2026-05-03 11:47:30.500918+00:00
4201,290090,트윔,KOSDAQ,True,2026-05-03 11:47:30.500918+00:00
4202,372800,아이티아이즈,KOSDAQ,True,2026-05-03 11:47:30.500918+00:00
4203,311320,지오엘리먼트,KOSDAQ,True,2026-05-03 11:47:30.500918+00:00
4204,357880,SKAI,KOSDAQ,True,2026-05-03 11:47:30.500918+00:00
4205,376300,디어유,KOSDAQ,True,2026-05-03 11:47:30.500918+00:00
4206,389030,지니너스,KOSDAQ,True,2026-05-03 11:47:30.500918+00:00
4207,376180,피코그램,KOSDAQ,True,2026-05-03 11:47:30.500918+00:00
4208,348370,엔켐,KOSDAQ,True,2026-05-03 11:47:30.500918+00:00
4209,377450,리파인,KOSDAQ,True,2026-05-03 11:47:30.500918+00:00
4210,382800,지앤비에스 에코,KOSDAQ,True,2026-05-03 11:47:30.500918+00:00
4211,114840,아이패밀리에스씨,KOSDAQ,True,2026-05-03 11:47:30.500918+00:00
4212,261780,차백신연구소,KOSDAQ,True,2026-05-03 11:47:30.500918+00:00
4213,382480,지아이텍,KOSDAQ,True,2026-05-03 11:47:30.500918+00:00
4214,391710,코닉오토메이션,KOSDAQ,True,2026-05-03 11:47:30.500918+00:00
4215,376290,씨유테크,KOSDAQ,True,2026-05-03 11:47:30.500918+00:00
4216,159010,아스플로,KOSDAQ,True,2026-05-03 11:47:30.500918+00:00
4217,382840,원준,KOSDAQ,True,2026-05-03 11:47:30.500918+00:00
4218,257720,실리콘투,KOSDAQ,True,2026-05-03 11:47:30.500918+00:00
4219,260970,에스앤디,KOSDAQ,True,2026-05-03 11:47:30.500918+00:00
4220,377220,프롬바이오,KOSDAQ,True,2026-05-03 11:47:30.500918+00:00
4221,099430,바이오플러스,KOSDAQ,True,2026-05-03 11:47:30.500918+00:00
4222,273640,와이엠텍,KOSDAQ,True,2026-05-03 11:47:30.500918+00:00
4223,203400,에이비온,KOSDAQ,True,2026-05-03 11:47:30.500918+00:00
4224,388790,라이콤,KOSDAQ,True,2026-05-03 11:47:30.500918+00:00
4225,308080,바이젠셀,KOSDAQ,True,2026-05-03 11:47:30.500918+00:00
4226,099390,브레인즈컴퍼니,KOSDAQ,True,2026-05-03 11:47:30.500918+00:00
4227,315640,딥노이드,KOSDAQ,True,2026-05-03 11:47:30.500918+00:00
4228,058970,엠로,KOSDAQ,True,2026-05-03 11:47:30.500918+00:00
4229,367000,플래티어,KOSDAQ,True,2026-05-03 11:47:30.500918+00:00
4230,376980,원티드랩,KOSDAQ,True,2026-05-03 11:47:30.500918+00:00
4231,195940,HK이노엔,KOSDAQ,True,2026-05-03 11:47:30.500918+00:00
4232,270660,에브리봇,KOSDAQ,True,2026-05-03 11:47:30.500918+00:00
4233,377030,비트맥스,KOSDAQ,True,2026-05-03 11:47:30.500918+00:00
4234,365270,큐라클,KOSDAQ,True,2026-05-03 11:47:30.500918+00:00
4235,352910,오비고,KOSDAQ,True,2026-05-03 11:47:30.500918+00:00
4236,357580,아모센스,KOSDAQ,True,2026-05-03 11:47:30.500918+00:00
4237,303530,이노뎁,KOSDAQ,True,2026-05-03 11:47:30.500918+00:00
4238,232680,라온로보틱스,KOSDAQ,True,2026-05-03 11:47:30.500918+00:00
4239,187660,페니트리움바이오,KOSDAQ,True,2026-05-03 11:47:30.500918+00:00
4240,383310,에코프로에이치엔,KOSDAQ,True,2026-05-03 11:47:30.500918+00:00
4241,363250,진시스템,KOSDAQ,True,2026-05-03 11:47:30.500918+00:00
4242,276730,한울앤제주,KOSDAQ,True,2026-05-03 11:47:30.500918+00:00
4243,361670,삼영에스앤씨,KOSDAQ,True,2026-05-03 11:47:30.500918+00:00
4244,252990,샘씨엔에스,KOSDAQ,True,2026-05-03 11:47:30.500918+00:00
4245,352480,씨앤씨인터내셔널,KOSDAQ,True,2026-05-03 11:47:30.500918+00:00
4246,357230,에이치피오,KOSDAQ,True,2026-05-03 11:47:30.500918+00:00
4247,294570,쿠콘,KOSDAQ,True,2026-05-03 11:47:30.500918+00:00
4248,351330,이삭엔지니어링,KOSDAQ,True,2026-05-03 11:47:30.500918+00:00
4249,059270,해성에어로보틱스,KOSDAQ,True,2026-05-03 11:47:30.500918+00:00
4250,333620,엔시스,KOSDAQ,True,2026-05-03 11:47:30.500918+00:00
4251,289220,자이언트스텝,KOSDAQ,True,2026-05-03 11:47:30.500918+00:00
4252,361390,제노코,KOSDAQ,True,2026-05-03 11:47:30.500918+00:00
4253,347700,스피어,KOSDAQ,True,2026-05-03 11:47:30.500918+00:00
4254,314930,바이오다인,KOSDAQ,True,2026-05-03 11:47:30.500918+00:00
4255,950220,네오이뮨텍,KOSDAQ,True,2026-05-03 11:47:30.500918+00:00
4256,356890,싸이버원,KOSDAQ,True,2026-05-03 11:47:30.500918+00:00
4257,334970,프레스티지바이오로직스,KOSDAQ,True,2026-05-03 11:47:30.500918+00:00
4258,247660,나노씨엠에스,KOSDAQ,True,2026-05-03 11:47:30.500918+00:00
4259,338220,뷰노,KOSDAQ,True,2026-05-03 11:47:30.500918+00:00
4260,373200,엑스플러스,KOSDAQ,True,2026-05-03 11:47:30.500918+00:00
4261,340930,유일에너테크,KOSDAQ,True,2026-05-03 11:47:30.500918+00:00
4262,189330,씨이랩,KOSDAQ,True,2026-05-03 11:47:30.500918+00:00
4263,322310,오로스테크놀로지,KOSDAQ,True,2026-05-03 11:47:30.500918+00:00
4264,239890,피엔에이치테크,KOSDAQ,True,2026-05-03 11:47:30.500918+00:00
4265,363260,모비데이즈,KOSDAQ,True,2026-05-03 11:47:30.500918+00:00
4266,262840,아이퀘스트,KOSDAQ,True,2026-05-03 11:47:30.500918+00:00
4267,277810,레인보우로보틱스,KOSDAQ,True,2026-05-03 11:47:30.500918+00:00
4268,321820,아티스트컴퍼니,KOSDAQ,True,2026-05-03 11:47:30.500918+00:00
4269,163730,핑거,KOSDAQ,True,2026-05-03 11:47:30.500918+00:00
4270,348030,모비릭스,KOSDAQ,True,2026-05-03 11:47:30.500918+00:00
4271,352700,씨앤투스,KOSDAQ,True,2026-05-03 11:47:30.500918+00:00
4272,086710,선진뷰티사이언스,KOSDAQ,True,2026-05-03 11:47:30.500918+00:00
4273,236810,엔비티,KOSDAQ,True,2026-05-03 11:47:30.500918+00:00
4274,368770,파이버프로,KOSDAQ,True,2026-05-03 11:47:30.500918+00:00
4275,369370,블리츠웨이엔터테인먼트,KOSDAQ,True,2026-05-03 11:47:30.500918+00:00
4276,357550,석경에이티,KOSDAQ,True,2026-05-03 11:47:30.500918+00:00
4277,314130,지놈앤컴퍼니,KOSDAQ,True,2026-05-03 11:47:30.500918+00:00
4278,335810,프리시젼바이오,KOSDAQ,True,2026-05-03 11:47:30.500918+00:00
4279,347860,알체라,KOSDAQ,True,2026-05-03 11:47:30.500918+00:00
4280,365590,하이딥,KOSDAQ,True,2026-05-03 11:47:30.500918+00:00
4281,064850,에프앤가이드,KOSDAQ,True,2026-05-03 11:47:30.500918+00:00
4282,356860,티엘비,KOSDAQ,True,2026-05-03 11:47:30.500918+00:00
4283,352940,인바이오,KOSDAQ,True,2026-05-03 11:47:30.500918+00:00
4284,354200,엔젠바이오,KOSDAQ,True,2026-05-03 11:47:30.500918+00:00
4285,317690,퀀타매트릭스,KOSDAQ,True,2026-05-03 11:47:30.500918+00:00
4286,352770,셀레스트라,KOSDAQ,True,2026-05-03 11:47:30.500918+00:00
4287,318020,포인트모바일,KOSDAQ,True,2026-05-03 11:47:30.500918+00:00
4288,129890,앱코,KOSDAQ,True,2026-05-03 11:47:30.500918+00:00
4289,265740,엔에프씨,KOSDAQ,True,2026-05-03 11:47:30.500918+00:00
4290,199820,제일일렉트릭,KOSDAQ,True,2026-05-03 11:47:30.500918+00:00
4291,299030,하나기술,KOSDAQ,True,2026-05-03 11:47:30.500918+00:00
4292,340570,티앤엘,KOSDAQ,True,2026-05-03 11:47:30.500918+00:00
4293,348150,고바이오랩,KOSDAQ,True,2026-05-03 11:47:30.500918+00:00
4294,330860,네패스아크,KOSDAQ,True,2026-05-03 11:47:30.500918+00:00
4295,290690,소룩스,KOSDAQ,True,2026-05-03 11:47:30.500918+00:00
4296,348350,위드텍,KOSDAQ,True,2026-05-03 11:47:30.500918+00:00
4297,347000,센코,KOSDAQ,True,2026-05-03 11:47:30.500918+00:00
4298,301300,바이브컴퍼니,KOSDAQ,True,2026-05-03 11:47:30.500918+00:00
4299,214610,롤링스톤,KOSDAQ,True,2026-05-03 11:47:30.500918+00:00
4300,304840,피플바이오,KOSDAQ,True,2026-05-03 11:47:30.500918+00:00
4301,348210,넥스틴,KOSDAQ,True,2026-05-03 11:47:30.500918+00:00
4302,053080,케이엔솔,KOSDAQ,True,2026-05-03 11:47:30.500918+00:00
4303,126340,비나텍,KOSDAQ,True,2026-05-03 11:47:30.500918+00:00
4304,359090,씨엔알리서치,KOSDAQ,True,2026-05-03 11:47:30.500918+00:00
4305,323990,박셀바이오,KOSDAQ,True,2026-05-03 11:47:30.500918+00:00
4306,318410,비비씨,KOSDAQ,True,2026-05-03 11:47:30.500918+00:00
4307,355150,코스텍시스,KOSDAQ,True,2026-05-03 11:47:30.500918+00:00
4308,347770,핌스,KOSDAQ,True,2026-05-03 11:47:30.500918+00:00
4309,291650,압타머사이언스,KOSDAQ,True,2026-05-03 11:47:30.500918+00:00
4310,294090,이오플로우,KOSDAQ,True,2026-05-03 11:47:30.500918+00:00
4311,293490,카카오게임즈,KOSDAQ,True,2026-05-03 11:47:30.500918+00:00
4312,347740,피엔케이피부임상연구센타,KOSDAQ,True,2026-05-03 11:47:30.500918+00:00
4313,332370,아이디피,KOSDAQ,True,2026-05-03 11:47:30.500918+00:00
4314,331920,셀레믹스,KOSDAQ,True,2026-05-03 11:47:30.500918+00:00
4315,950190,고스트스튜디오,KOSDAQ,True,2026-05-03 11:47:30.500918+00:00
4316,337930,젝시믹스,KOSDAQ,True,2026-05-03 11:47:30.500918+00:00
4317,060850,영림원소프트랩,KOSDAQ,True,2026-05-03 11:47:30.500918+00:00
4318,032300,한국파마,KOSDAQ,True,2026-05-03 11:47:30.500918+00:00
4319,357780,솔브레인,KOSDAQ,True,2026-05-03 11:47:30.500918+00:00
4320,332570,PS일렉트로닉스,KOSDAQ,True,2026-05-03 11:47:30.500918+00:00
4321,101360,에코앤드림,KOSDAQ,True,2026-05-03 11:47:30.500918+00:00
4322,347890,엠엑스온,KOSDAQ,True,2026-05-03 11:47:30.500918+00:00
4323,298540,더네이쳐홀딩스,KOSDAQ,True,2026-05-03 11:47:30.500918+00:00
4324,225220,제놀루션,KOSDAQ,True,2026-05-03 11:47:30.500918+00:00
4325,304100,솔트룩스,KOSDAQ,True,2026-05-03 11:47:30.500918+00:00
4326,277880,티에스아이,KOSDAQ,True,2026-05-03 11:47:30.500918+00:00
4327,262260,에이프로,KOSDAQ,True,2026-05-03 11:47:30.500918+00:00
4328,950200,소마젠,KOSDAQ,True,2026-05-03 11:47:30.500918+00:00
4329,290520,신도기연,KOSDAQ,True,2026-05-03 11:47:30.500918+00:00
4330,330350,위더스제약,KOSDAQ,True,2026-05-03 11:47:30.500918+00:00
4331,169330,엠브레인,KOSDAQ,True,2026-05-03 11:47:30.500918+00:00
4332,229000,젠큐릭스,KOSDAQ,True,2026-05-03 11:47:30.500918+00:00
4333,297890,HB솔루션,KOSDAQ,True,2026-05-03 11:47:30.500918+00:00
4334,351320,넥사다이내믹스,KOSDAQ,True,2026-05-03 11:47:30.500918+00:00
4335,298060,풍전약품,KOSDAQ,True,2026-05-03 11:47:30.500918+00:00
4336,353190,휴럼,KOSDAQ,True,2026-05-03 11:47:30.500918+00:00
4337,353810,이지바이오,KOSDAQ,True,2026-05-03 11:47:30.500918+00:00
4338,223250,드림씨아이에스,KOSDAQ,True,2026-05-03 11:47:30.500918+00:00
4339,198080,캐프,KOSDAQ,True,2026-05-03 11:47:30.500918+00:00
4340,237820,플레이디,KOSDAQ,True,2026-05-03 11:47:30.500918+00:00
4341,092190,서울바이오시스,KOSDAQ,True,2026-05-03 11:47:30.500918+00:00
4342,204270,제이앤티씨,KOSDAQ,True,2026-05-03 11:47:30.500918+00:00
4343,274090,켄코아에어로스페이스,KOSDAQ,True,2026-05-03 11:47:30.500918+00:00
4344,294140,레몬,KOSDAQ,True,2026-05-03 11:47:30.500918+00:00
4345,294630,서남,KOSDAQ,True,2026-05-03 11:47:30.500918+00:00
4346,065370,위세아이텍,KOSDAQ,True,2026-05-03 11:47:30.500918+00:00
4347,340440,세림B&G,KOSDAQ,True,2026-05-03 11:47:30.500918+00:00
4348,311690,CJ 바이오사이언스,KOSDAQ,True,2026-05-03 11:47:30.500918+00:00
4349,062970,한국첨단소재,KOSDAQ,True,2026-05-03 11:47:30.500918+00:00
4350,327260,RF머트리얼즈,KOSDAQ,True,2026-05-03 11:47:30.500918+00:00
4351,339950,아이비김영,KOSDAQ,True,2026-05-03 11:47:30.500918+00:00
4352,288330,파라택시스코리아,KOSDAQ,True,2026-05-03 11:47:30.500918+00:00
4353,340360,다보링크,KOSDAQ,True,2026-05-03 11:47:30.500918+00:00
4354,235980,메드팩토,KOSDAQ,True,2026-05-03 11:47:30.500918+00:00
4355,336570,원텍,KOSDAQ,True,2026-05-03 11:47:30.500918+00:00
4356,226330,신테카바이오,KOSDAQ,True,2026-05-03 11:47:30.500918+00:00
4357,322510,제이엘케이,KOSDAQ,True,2026-05-03 11:47:30.500918+00:00
4358,124560,태웅로직스,KOSDAQ,True,2026-05-03 11:47:30.500918+00:00
4359,335870,윙스풋,KOSDAQ,True,2026-05-03 11:47:30.500918+00:00
4360,302550,리메드,KOSDAQ,True,2026-05-03 11:47:30.500918+00:00
4361,336060,웨이버스,KOSDAQ,True,2026-05-03 11:47:30.500918+00:00
4362,278650,HLB바이오스텝,KOSDAQ,True,2026-05-03 11:47:30.500918+00:00
4363,321550,티움바이오,KOSDAQ,True,2026-05-03 11:47:30.500918+00:00
4364,297090,씨에스베어링,KOSDAQ,True,2026-05-03 11:47:30.500918+00:00
4365,103840,우양,KOSDAQ,True,2026-05-03 11:47:30.500918+00:00
4366,190650,코리아에셋투자증권,KOSDAQ,True,2026-05-03 11:47:30.500918+00:00
4367,306040,에스제이그룹,KOSDAQ,True,2026-05-03 11:47:30.500918+00:00
4368,216080,제테마,KOSDAQ,True,2026-05-03 11:47:30.500918+00:00
4369,214260,라파스,KOSDAQ,True,2026-05-03 11:47:30.500918+00:00
4370,084850,아이티엠반도체,KOSDAQ,True,2026-05-03 11:47:30.500918+00:00
4371,333430,일승,KOSDAQ,True,2026-05-03 11:47:30.500918+00:00
4372,279600,미디어젠,KOSDAQ,True,2026-05-03 11:47:30.500918+00:00
4373,322180,LS티라유텍,KOSDAQ,True,2026-05-03 11:47:30.500918+00:00
4374,333050,이노테나,KOSDAQ,True,2026-05-03 11:47:30.500918+00:00
4375,331520,밸로프,KOSDAQ,True,2026-05-03 11:47:30.500918+00:00
4376,317530,에피소드컴퍼니,KOSDAQ,True,2026-05-03 11:47:30.500918+00:00
4377,272110,케이엔제이,KOSDAQ,True,2026-05-03 11:47:30.500918+00:00
4378,317870,엔바이오니아,KOSDAQ,True,2026-05-03 11:47:30.500918+00:00
4379,318010,팜스빌,KOSDAQ,True,2026-05-03 11:47:30.500918+00:00
4380,300120,라온피플,KOSDAQ,True,2026-05-03 11:47:30.500918+00:00
4381,158430,아톤,KOSDAQ,True,2026-05-03 11:47:30.500918+00:00
4382,234690,녹십자웰빙,KOSDAQ,True,2026-05-03 11:47:30.500918+00:00
4383,332290,누보,KOSDAQ,True,2026-05-03 11:47:30.500918+00:00
4384,331380,포커스에이아이,KOSDAQ,True,2026-05-03 11:47:30.500918+00:00
4385,244460,올리패스,KOSDAQ,True,2026-05-03 11:47:30.500918+00:00
4386,317120,라닉스,KOSDAQ,True,2026-05-03 11:47:30.500918+00:00
4387,320000,한울반도체,KOSDAQ,True,2026-05-03 11:47:30.500918+00:00
4388,256150,한독크린텍,KOSDAQ,True,2026-05-03 11:47:30.500918+00:00
4389,311390,네오크레마,KOSDAQ,True,2026-05-03 11:47:30.500918+00:00
4390,195500,마니커에프앤지,KOSDAQ,True,2026-05-03 11:47:30.500918+00:00
4391,328380,솔트웨어,KOSDAQ,True,2026-05-03 11:47:30.500918+00:00
4392,286750,나노실리칸첨단소재,KOSDAQ,True,2026-05-03 11:47:30.500918+00:00
4393,317830,에스피시스템스,KOSDAQ,True,2026-05-03 11:47:30.500918+00:00
4394,228670,레이,KOSDAQ,True,2026-05-03 11:47:30.500918+00:00
4395,186230,그린플러스,KOSDAQ,True,2026-05-03 11:47:30.500918+00:00
4396,282880,코윈테크,KOSDAQ,True,2026-05-03 11:47:30.500918+00:00
4397,317330,덕산테코피아,KOSDAQ,True,2026-05-03 11:47:30.500918+00:00
4398,318000,KBG,KOSDAQ,True,2026-05-03 11:47:30.500918+00:00
4399,317770,엑스페릭스,KOSDAQ,True,2026-05-03 11:47:30.500918+00:00
4400,148150,세경하이테크,KOSDAQ,True,2026-05-03 11:47:30.500918+00:00
4401,313760,캐리,KOSDAQ,True,2026-05-03 11:47:30.500918+00:00
4402,317850,대모,KOSDAQ,True,2026-05-03 11:47:30.500918+00:00
4403,241840,에이스토리,KOSDAQ,True,2026-05-03 11:47:30.500918+00:00
4404,300080,플리토,KOSDAQ,True,2026-05-03 11:47:30.500918+00:00
4405,234340,헥토파이낸셜,KOSDAQ,True,2026-05-03 11:47:30.500918+00:00
4406,289010,아이스크림에듀,KOSDAQ,True,2026-05-03 11:47:30.500918+00:00
4407,251970,펌텍코리아,KOSDAQ,True,2026-05-03 11:47:30.500918+00:00
4408,312610,에이에프더블류,KOSDAQ,True,2026-05-03 11:47:30.500918+00:00
4409,323280,태성,KOSDAQ,True,2026-05-03 11:47:30.500918+00:00
4410,293780,압타바이오,KOSDAQ,True,2026-05-03 11:47:30.500918+00:00
4411,308100,형지글로벌,KOSDAQ,True,2026-05-03 11:47:30.500918+00:00
4412,305090,마이크로디지탈,KOSDAQ,True,2026-05-03 11:47:30.500918+00:00
4413,322780,코퍼스코리아,KOSDAQ,True,2026-05-03 11:47:30.500918+00:00
4414,321260,프로이천,KOSDAQ,True,2026-05-03 11:47:30.500918+00:00
4415,253840,수젠텍,KOSDAQ,True,2026-05-03 11:47:30.500918+00:00
4416,307930,컴퍼니케이,KOSDAQ,True,2026-05-03 11:47:30.500918+00:00
4417,319660,피에스케이,KOSDAQ,True,2026-05-03 11:47:30.500918+00:00
4418,319400,현대무벡스,KOSDAQ,True,2026-05-03 11:47:30.500918+00:00
4419,317240,TS트릴리온,KOSDAQ,True,2026-05-03 11:47:30.500918+00:00
4420,125210,아모그린텍,KOSDAQ,True,2026-05-03 11:47:30.500918+00:00
4421,228760,지노믹트리,KOSDAQ,True,2026-05-03 11:47:30.500918+00:00
4422,099750,이지케어텍,KOSDAQ,True,2026-05-03 11:47:30.500918+00:00
4423,100790,미래에셋벤처투자,KOSDAQ,True,2026-05-03 11:47:30.500918+00:00
4424,247540,에코프로비엠,KOSDAQ,True,2026-05-03 11:47:30.500918+00:00
4425,299660,셀리드,KOSDAQ,True,2026-05-03 11:47:30.500918+00:00
4426,278280,천보,KOSDAQ,True,2026-05-03 11:47:30.500918+00:00
4427,246960,SCL사이언스,KOSDAQ,True,2026-05-03 11:47:30.500918+00:00
4428,104620,노랑풍선,KOSDAQ,True,2026-05-03 11:47:30.500918+00:00
4429,053580,웹케시,KOSDAQ,True,2026-05-03 11:47:30.500918+00:00
4430,238200,비피도,KOSDAQ,True,2026-05-03 11:47:30.500918+00:00
4431,263050,유틸렉스,KOSDAQ,True,2026-05-03 11:47:30.500918+00:00
4432,290550,디케이티,KOSDAQ,True,2026-05-03 11:47:30.500918+00:00
4433,307180,아이엘,KOSDAQ,True,2026-05-03 11:47:30.500918+00:00
4434,310200,애니플러스,KOSDAQ,True,2026-05-03 11:47:30.500918+00:00
4435,310870,디와이씨,KOSDAQ,True,2026-05-03 11:47:30.500918+00:00
4436,299900,위지윅스튜디오,KOSDAQ,True,2026-05-03 11:47:30.500918+00:00
4437,309930,조이웍스앤코,KOSDAQ,True,2026-05-03 11:47:30.500918+00:00
4438,307750,국전,KOSDAQ,True,2026-05-03 11:47:30.500918+00:00
4439,298380,에이비엘바이오,KOSDAQ,True,2026-05-03 11:47:30.500918+00:00
4440,100590,머큐리,KOSDAQ,True,2026-05-03 11:47:30.500918+00:00
4441,110020,전진바이오팜,KOSDAQ,True,2026-05-03 11:47:30.500918+00:00
4442,270870,뉴트리,KOSDAQ,True,2026-05-03 11:47:30.500918+00:00
4443,307870,비투엔,KOSDAQ,True,2026-05-03 11:47:30.500918+00:00
4444,302430,이노메트리,KOSDAQ,True,2026-05-03 11:47:30.500918+00:00
4445,290120,DH오토리드,KOSDAQ,True,2026-05-03 11:47:30.500918+00:00
4446,128540,에코캡,KOSDAQ,True,2026-05-03 11:47:30.500918+00:00
4447,307280,원바이오젠,KOSDAQ,True,2026-05-03 11:47:30.500918+00:00
4448,900340,윙입푸드,KOSDAQ,True,2026-05-03 11:47:30.500918+00:00
4449,111710,남화산업,KOSDAQ,True,2026-05-03 11:47:30.500918+00:00
4450,179290,엠아이텍,KOSDAQ,True,2026-05-03 11:47:30.500918+00:00
4451,117730,티로보틱스,KOSDAQ,True,2026-05-03 11:47:30.500918+00:00
4452,290660,다이나믹솔루션,KOSDAQ,True,2026-05-03 11:47:30.500918+00:00
4453,246710,티앤알바이오팹,KOSDAQ,True,2026-05-03 11:47:30.500918+00:00
4454,263690,디알젬,KOSDAQ,True,2026-05-03 11:47:30.500918+00:00
4455,217330,싸이토젠,KOSDAQ,True,2026-05-03 11:47:30.500918+00:00
4456,027360,아주IB투자,KOSDAQ,True,2026-05-03 11:47:30.500918+00:00
4457,263020,디케이앤디,KOSDAQ,True,2026-05-03 11:47:30.500918+00:00
4458,227100,프로브잇,KOSDAQ,True,2026-05-03 11:47:30.500918+00:00
4459,194700,노바렉스,KOSDAQ,True,2026-05-03 11:47:30.500918+00:00
4460,290670,대보마그네틱,KOSDAQ,True,2026-05-03 11:47:30.500918+00:00
4461,285490,노바텍,KOSDAQ,True,2026-05-03 11:47:30.500918+00:00
4462,290650,엘앤씨바이오,KOSDAQ,True,2026-05-03 11:47:30.500918+00:00
4463,306620,지아이에스,KOSDAQ,True,2026-05-03 11:47:30.500918+00:00
4464,108490,로보티즈,KOSDAQ,True,2026-05-03 11:47:30.500918+00:00
4465,153710,옵티팜,KOSDAQ,True,2026-05-03 11:47:30.500918+00:00
4466,288620,에스프리즘,KOSDAQ,True,2026-05-03 11:47:30.500918+00:00
4467,293580,나우IB,KOSDAQ,True,2026-05-03 11:47:30.500918+00:00
4468,290720,푸드나무,KOSDAQ,True,2026-05-03 11:47:30.500918+00:00
4469,110790,크리스에프앤씨,KOSDAQ,True,2026-05-03 11:47:30.500918+00:00
4470,299170,더블유에스아이,KOSDAQ,True,2026-05-03 11:47:30.500918+00:00
4471,219750,한국비티비,KOSDAQ,True,2026-05-03 11:47:30.500918+00:00
4472,291230,엔피,KOSDAQ,True,2026-05-03 11:47:30.500918+00:00
4473,257370,피엔티엠에스,KOSDAQ,True,2026-05-03 11:47:30.500918+00:00
4474,197140,디지캡,KOSDAQ,True,2026-05-03 11:47:30.500918+00:00
4475,303030,지니틱스,KOSDAQ,True,2026-05-03 11:47:30.500918+00:00
4476,290740,액트로,KOSDAQ,True,2026-05-03 11:47:30.500918+00:00
4477,173130,오파스넷,KOSDAQ,True,2026-05-03 11:47:30.500918+00:00
4478,089970,브이엠,KOSDAQ,True,2026-05-03 11:47:30.500918+00:00
4479,086820,바이오솔루션,KOSDAQ,True,2026-05-03 11:47:30.500918+00:00
4480,110990,디아이티,KOSDAQ,True,2026-05-03 11:47:30.500918+00:00
4481,275630,에스에스알,KOSDAQ,True,2026-05-03 11:47:30.500918+00:00
4482,290270,휴네시온,KOSDAQ,True,2026-05-03 11:47:30.500918+00:00
4483,080720,한국유니온제약,KOSDAQ,True,2026-05-03 11:47:30.500918+00:00
4484,204020,그리티,KOSDAQ,True,2026-05-03 11:47:30.500918+00:00
4485,297570,알로이스,KOSDAQ,True,2026-05-03 11:47:30.500918+00:00
4486,226950,올릭스,KOSDAQ,True,2026-05-03 11:47:30.500918+00:00
4487,175250,아이큐어,KOSDAQ,True,2026-05-03 11:47:30.500918+00:00
4488,289080,SV인베스트먼트,KOSDAQ,True,2026-05-03 11:47:30.500918+00:00
4489,245620,EDGC,KOSDAQ,True,2026-05-03 11:47:30.500918+00:00
4490,284620,카이노스메드,KOSDAQ,True,2026-05-03 11:47:30.500918+00:00
4491,037030,파워넷,KOSDAQ,True,2026-05-03 11:47:30.500918+00:00
4492,016790,현대사료,KOSDAQ,True,2026-05-03 11:47:30.500918+00:00
4493,258830,세종메디칼,KOSDAQ,True,2026-05-03 11:47:30.500918+00:00
4494,122310,제노레이,KOSDAQ,True,2026-05-03 11:47:30.500918+00:00
4495,950170,JTC,KOSDAQ,True,2026-05-03 11:47:30.500918+00:00
4496,253590,네오셈,KOSDAQ,True,2026-05-03 11:47:30.500918+00:00
4497,263700,케어랩스,KOSDAQ,True,2026-05-03 11:47:30.500918+00:00
4498,277070,린드먼아시아,KOSDAQ,True,2026-05-03 11:47:30.500918+00:00
4499,226400,오스테오닉,KOSDAQ,True,2026-05-03 11:47:30.500918+00:00
4500,183490,엔지켐생명과학,KOSDAQ,True,2026-05-03 11:47:30.500918+00:00
4501,006620,동구바이오제약,KOSDAQ,True,2026-05-03 11:47:30.500918+00:00
4502,154030,아시아종묘,KOSDAQ,True,2026-05-03 11:47:30.500918+00:00
4503,260660,알리코제약,KOSDAQ,True,2026-05-03 11:47:30.500918+00:00
4504,042000,카페24,KOSDAQ,True,2026-05-03 11:47:30.500918+00:00
4505,219420,링크제니시스,KOSDAQ,True,2026-05-03 11:47:30.500918+00:00
4506,267790,배럴,KOSDAQ,True,2026-05-03 11:47:30.500918+00:00
4507,255220,SG,KOSDAQ,True,2026-05-03 11:47:30.500918+00:00
4508,264660,씨앤지하이테크,KOSDAQ,True,2026-05-03 11:47:30.500918+00:00
4509,269620,시스웍,KOSDAQ,True,2026-05-03 11:47:30.500918+00:00
4510,187870,디바이스,KOSDAQ,True,2026-05-03 11:47:30.500918+00:00
4511,281740,레이크머티리얼즈,KOSDAQ,True,2026-05-03 11:47:30.500918+00:00
4512,260930,씨티케이,KOSDAQ,True,2026-05-03 11:47:30.500918+00:00
4513,241770,메카로,KOSDAQ,True,2026-05-03 11:47:30.500918+00:00
4514,234300,에스트래픽,KOSDAQ,True,2026-05-03 11:47:30.500918+00:00
4515,066360,체리부로,KOSDAQ,True,2026-05-03 11:47:30.500918+00:00
4516,007680,대원,KOSDAQ,True,2026-05-03 11:47:30.500918+00:00
4517,253450,스튜디오드래곤,KOSDAQ,True,2026-05-03 11:47:30.500918+00:00
4518,950160,코오롱티슈진,KOSDAQ,True,2026-05-03 11:47:30.500918+00:00
4519,265560,영화테크,KOSDAQ,True,2026-05-03 11:47:30.500918+00:00
4520,234100,폴라리스세원,KOSDAQ,True,2026-05-03 11:47:30.500918+00:00
4521,263810,상신전자,KOSDAQ,True,2026-05-03 11:47:30.500918+00:00
4522,255440,야스,KOSDAQ,True,2026-05-03 11:47:30.500918+00:00
4523,277410,인산가,KOSDAQ,True,2026-05-03 11:47:30.500918+00:00
4524,263920,휴엠앤씨,KOSDAQ,True,2026-05-03 11:47:30.500918+00:00
4525,243840,신흥에스이씨,KOSDAQ,True,2026-05-03 11:47:30.500918+00:00
4526,179900,유티아이,KOSDAQ,True,2026-05-03 11:47:30.500918+00:00
4527,171090,선익시스템,KOSDAQ,True,2026-05-03 11:47:30.500918+00:00
4528,259630,엠플러스,KOSDAQ,True,2026-05-03 11:47:30.500918+00:00
4529,174900,앱클론,KOSDAQ,True,2026-05-03 11:47:30.500918+00:00
4530,263750,펄어비스,KOSDAQ,True,2026-05-03 11:47:30.500918+00:00
4531,256940,킵스파마,KOSDAQ,True,2026-05-03 11:47:30.500918+00:00
4532,263600,덕우전자,KOSDAQ,True,2026-05-03 11:47:30.500918+00:00
4533,270520,앱튼,KOSDAQ,True,2026-05-03 11:47:30.500918+00:00
4534,258610,케일럼,KOSDAQ,True,2026-05-03 11:47:30.500918+00:00
4535,140670,알에스오토메이션,KOSDAQ,True,2026-05-03 11:47:30.500918+00:00
4536,900310,컬러레이,KOSDAQ,True,2026-05-03 11:47:30.500918+00:00
4537,273060,와이즈버즈,KOSDAQ,True,2026-05-03 11:47:30.500918+00:00
4538,118990,모트렉스,KOSDAQ,True,2026-05-03 11:47:30.500918+00:00
4539,263800,데이타솔루션,KOSDAQ,True,2026-05-03 11:47:30.500918+00:00
4540,263860,지니언스,KOSDAQ,True,2026-05-03 11:47:30.500918+00:00
4541,263720,디앤씨미디어,KOSDAQ,True,2026-05-03 11:47:30.500918+00:00
4542,238490,힘스,KOSDAQ,True,2026-05-03 11:47:30.500918+00:00
4543,251630,브이원텍,KOSDAQ,True,2026-05-03 11:47:30.500918+00:00
4544,227610,아우딘퓨쳐스,KOSDAQ,True,2026-05-03 11:47:30.500918+00:00
4545,272290,이녹스첨단소재,KOSDAQ,True,2026-05-03 11:47:30.500918+00:00
4546,003380,하림지주,KOSDAQ,True,2026-05-03 11:47:30.500918+00:00
4547,261200,덴티스,KOSDAQ,True,2026-05-03 11:47:30.500918+00:00
4548,267320,나인테크,KOSDAQ,True,2026-05-03 11:47:30.500918+00:00
4549,250000,보라티알,KOSDAQ,True,2026-05-03 11:47:30.500918+00:00
4550,267980,매일유업,KOSDAQ,True,2026-05-03 11:47:30.500918+00:00
4551,225190,LK삼양,KOSDAQ,True,2026-05-03 11:47:30.500918+00:00
4552,264850,이랜시스,KOSDAQ,True,2026-05-03 11:47:30.500918+00:00
4553,161580,필옵틱스,KOSDAQ,True,2026-05-03 11:47:30.500918+00:00
4554,256630,포인트엔지니어링,KOSDAQ,True,2026-05-03 11:47:30.500918+00:00
4555,166090,하나머티리얼즈,KOSDAQ,True,2026-05-03 11:47:30.500918+00:00
4556,258790,소프트캠프,KOSDAQ,True,2026-05-03 11:47:30.500918+00:00
4557,251370,와이엠티,KOSDAQ,True,2026-05-03 11:47:30.500918+00:00
4558,265520,AP시스템,KOSDAQ,True,2026-05-03 11:47:30.500918+00:00
4559,263770,유에스티,KOSDAQ,True,2026-05-03 11:47:30.500918+00:00
4560,063760,이엘피,KOSDAQ,True,2026-05-03 11:47:30.500918+00:00
4561,264450,유비쿼스,KOSDAQ,True,2026-05-03 11:47:30.500918+00:00
4562,178320,서진시스템,KOSDAQ,True,2026-05-03 11:47:30.500918+00:00
4563,183300,코미코,KOSDAQ,True,2026-05-03 11:47:30.500918+00:00
4564,246720,아스타,KOSDAQ,True,2026-05-03 11:47:30.500918+00:00
4565,217480,에스디생명공학,KOSDAQ,True,2026-05-03 11:47:30.500918+00:00
4566,002800,신신제약,KOSDAQ,True,2026-05-03 11:47:30.500918+00:00
4567,083500,에프엔에스테크,KOSDAQ,True,2026-05-03 11:47:30.500918+00:00
4568,087260,모바일어플라이언스,KOSDAQ,True,2026-05-03 11:47:30.500918+00:00
4569,241820,피씨엘,KOSDAQ,True,2026-05-03 11:47:30.500918+00:00
4570,140070,서플러스글로벌,KOSDAQ,True,2026-05-03 11:47:30.500918+00:00
4571,206650,유바이오로직스,KOSDAQ,True,2026-05-03 11:47:30.500918+00:00
4572,256840,한국비엔씨,KOSDAQ,True,2026-05-03 11:47:30.500918+00:00
4573,241520,DSC인베스트먼트,KOSDAQ,True,2026-05-03 11:47:30.500918+00:00
4574,246690,TS인베스트먼트,KOSDAQ,True,2026-05-03 11:47:30.500918+00:00
4575,147760,피엠티,KOSDAQ,True,2026-05-03 11:47:30.500918+00:00
4576,196300,HLB펩,KOSDAQ,True,2026-05-03 11:47:30.500918+00:00
4577,203450,유니온바이오메트릭스,KOSDAQ,True,2026-05-03 11:47:30.500918+00:00
4578,215600,신라젠,KOSDAQ,True,2026-05-03 11:47:30.500918+00:00
4579,254120,자비스,KOSDAQ,True,2026-05-03 11:47:30.500918+00:00
4580,241790,티이엠씨씨엔에스,KOSDAQ,True,2026-05-03 11:47:30.500918+00:00
4581,220100,퓨쳐켐,KOSDAQ,True,2026-05-03 11:47:30.500918+00:00
4582,144960,뉴파워프라즈마,KOSDAQ,True,2026-05-03 11:47:30.500918+00:00
4583,156100,엘앤케이바이오,KOSDAQ,True,2026-05-03 11:47:30.500918+00:00
4584,220180,핸디소프트,KOSDAQ,True,2026-05-03 11:47:30.500918+00:00
4585,237880,클리오,KOSDAQ,True,2026-05-03 11:47:30.500918+00:00
4586,900300,오가닉티코스메틱,KOSDAQ,True,2026-05-03 11:47:30.500918+00:00
4587,238120,얼라인드,KOSDAQ,True,2026-05-03 11:47:30.500918+00:00
4588,252500,세화피앤씨,KOSDAQ,True,2026-05-03 11:47:30.500918+00:00
4589,216050,인크로스,KOSDAQ,True,2026-05-03 11:47:30.500918+00:00
4590,239610,에이치엘사이언스,KOSDAQ,True,2026-05-03 11:47:30.500918+00:00
4591,241710,코스메카코리아,KOSDAQ,True,2026-05-03 11:47:30.500918+00:00
4592,900290,GRT,KOSDAQ,True,2026-05-03 11:47:30.500918+00:00
4593,189300,인텔리안테크,KOSDAQ,True,2026-05-03 11:47:30.500918+00:00
4594,072990,에이치시티,KOSDAQ,True,2026-05-03 11:47:30.500918+00:00
4595,950140,잉글우드랩,KOSDAQ,True,2026-05-03 11:47:30.500918+00:00
4596,238090,앤디포스,KOSDAQ,True,2026-05-03 11:47:30.500918+00:00
4597,050960,수산아이앤티,KOSDAQ,True,2026-05-03 11:47:30.500918+00:00
4598,201490,미투온,KOSDAQ,True,2026-05-03 11:47:30.500918+00:00
4599,250930,예선테크,KOSDAQ,True,2026-05-03 11:47:30.500918+00:00
4600,241690,유니테크노,KOSDAQ,True,2026-05-03 11:47:30.500918+00:00
4601,250060,모비스,KOSDAQ,True,2026-05-03 11:47:30.500918+00:00
4602,242040,나무기술,KOSDAQ,True,2026-05-03 11:47:30.500918+00:00
4603,234920,자이글,KOSDAQ,True,2026-05-03 11:47:30.500918+00:00
4604,900270,헝셩그룹,KOSDAQ,True,2026-05-03 11:47:30.500918+00:00
4605,230360,에코마케팅,KOSDAQ,True,2026-05-03 11:47:30.500918+00:00
4606,208860,다산디엠씨,KOSDAQ,True,2026-05-03 11:47:30.500918+00:00
4607,073560,우리손에프앤지,KOSDAQ,True,2026-05-03 11:47:30.500918+00:00
4608,123010,알엔티엑스,KOSDAQ,True,2026-05-03 11:47:30.500918+00:00
4609,142760,모아라이프플러스,KOSDAQ,True,2026-05-03 11:47:30.500918+00:00
4610,237750,피앤씨테크,KOSDAQ,True,2026-05-03 11:47:30.500918+00:00
4611,900260,로스웰,KOSDAQ,True,2026-05-03 11:47:30.500918+00:00
4612,237690,에스티팜,KOSDAQ,True,2026-05-03 11:47:30.500918+00:00
4613,144510,지씨셀,KOSDAQ,True,2026-05-03 11:47:30.500918+00:00
4614,148250,알엔투테크놀로지,KOSDAQ,True,2026-05-03 11:47:30.500918+00:00
4615,239340,이스트에이드,KOSDAQ,True,2026-05-03 11:47:30.500918+00:00
4616,243070,휴온스,KOSDAQ,True,2026-05-03 11:47:30.500918+00:00
4617,240810,원익IPS,KOSDAQ,True,2026-05-03 11:47:30.500918+00:00
4618,228850,레이언스,KOSDAQ,True,2026-05-03 11:47:30.500918+00:00
4619,228340,동양파일,KOSDAQ,True,2026-05-03 11:47:30.500918+00:00
4620,222110,팬젠,KOSDAQ,True,2026-05-03 11:47:30.500918+00:00
4621,211270,AP위성,KOSDAQ,True,2026-05-03 11:47:30.500918+00:00
4622,230980,비유테크놀러지,KOSDAQ,True,2026-05-03 11:47:30.500918+00:00
4623,115180,큐리언트,KOSDAQ,True,2026-05-03 11:47:30.500918+00:00
4624,065660,안트로젠,KOSDAQ,True,2026-05-03 11:47:30.500918+00:00
4625,236200,슈프리마,KOSDAQ,True,2026-05-03 11:47:30.500918+00:00
4626,142210,유니트론텍,KOSDAQ,True,2026-05-03 11:47:30.500918+00:00
4627,900250,크리스탈신소재,KOSDAQ,True,2026-05-03 11:47:30.500918+00:00
4628,224060,더코디,KOSDAQ,True,2026-05-03 11:47:30.500918+00:00
4629,109610,에스와이,KOSDAQ,True,2026-05-03 11:47:30.500918+00:00
4630,223310,사토시홀딩스,KOSDAQ,True,2026-05-03 11:47:30.500918+00:00
4631,232140,와이씨,KOSDAQ,True,2026-05-03 11:47:30.500918+00:00
4632,191410,육일씨엔에쓰,KOSDAQ,True,2026-05-03 11:47:30.500918+00:00
4633,145020,휴젤,KOSDAQ,True,2026-05-03 11:47:30.500918+00:00
4634,222980,한국맥널티,KOSDAQ,True,2026-05-03 11:47:30.500918+00:00
4635,206560,덱스터,KOSDAQ,True,2026-05-03 11:47:30.500918+00:00
4636,013310,아진산업,KOSDAQ,True,2026-05-03 11:47:30.500918+00:00
4637,047920,HLB제약,KOSDAQ,True,2026-05-03 11:47:30.500918+00:00
4638,217730,강스템바이오텍,KOSDAQ,True,2026-05-03 11:47:30.500918+00:00
4639,133750,메가엠디,KOSDAQ,True,2026-05-03 11:47:30.500918+00:00
4640,225530,HC보광산업,KOSDAQ,True,2026-05-03 11:47:30.500918+00:00
4641,140860,파크시스템스,KOSDAQ,True,2026-05-03 11:47:30.500918+00:00
4642,230240,에치에프알,KOSDAQ,True,2026-05-03 11:47:30.500918+00:00
4643,122640,예스티,KOSDAQ,True,2026-05-03 11:47:30.500918+00:00
4644,222040,코스맥스엔비티,KOSDAQ,True,2026-05-03 11:47:30.500918+00:00
4645,058110,멕아이씨에스,KOSDAQ,True,2026-05-03 11:47:30.500918+00:00
4646,217820,원익피앤이,KOSDAQ,True,2026-05-03 11:47:30.500918+00:00
4647,221840,하이즈항공,KOSDAQ,True,2026-05-03 11:47:30.500918+00:00
4648,180400,DXVX,KOSDAQ,True,2026-05-03 11:47:30.500918+00:00
4649,221980,케이디켐,KOSDAQ,True,2026-05-03 11:47:30.500918+00:00
4650,212560,네오오토,KOSDAQ,True,2026-05-03 11:47:30.500918+00:00
4651,227950,엔투텍,KOSDAQ,True,2026-05-03 11:47:30.500918+00:00
4652,214370,케어젠,KOSDAQ,True,2026-05-03 11:47:30.500918+00:00
4653,185490,아이진,KOSDAQ,True,2026-05-03 11:47:30.500918+00:00
4654,190510,나무가,KOSDAQ,True,2026-05-03 11:47:30.500918+00:00
4655,056090,시지메드텍,KOSDAQ,True,2026-05-03 11:47:30.500918+00:00
4656,226340,본느,KOSDAQ,True,2026-05-03 11:47:30.500918+00:00
4657,182400,엔케이젠바이오텍코리아,KOSDAQ,True,2026-05-03 11:47:30.500918+00:00
4658,092870,엑시콘,KOSDAQ,True,2026-05-03 11:47:30.500918+00:00
4659,225430,케이엠제약,KOSDAQ,True,2026-05-03 11:47:30.500918+00:00
4660,225590,패션플랫폼,KOSDAQ,True,2026-05-03 11:47:30.500918+00:00
4661,225570,넥슨게임즈,KOSDAQ,True,2026-05-03 11:47:30.500918+00:00
4662,217190,제너셈,KOSDAQ,True,2026-05-03 11:47:30.500918+00:00
4663,219130,타이거일렉,KOSDAQ,True,2026-05-03 11:47:30.500918+00:00
4664,175140,휴먼테크놀로지,KOSDAQ,True,2026-05-03 11:47:30.500918+00:00
4665,222080,씨아이에스,KOSDAQ,True,2026-05-03 11:47:30.500918+00:00
4666,224110,에이텍모빌리티,KOSDAQ,True,2026-05-03 11:47:30.500918+00:00
4667,196700,웹스,KOSDAQ,True,2026-05-03 11:47:30.500918+00:00
4668,131760,파인텍,KOSDAQ,True,2026-05-03 11:47:30.500918+00:00
4669,222800,심텍,KOSDAQ,True,2026-05-03 11:47:30.500918+00:00
4670,189980,흥국에프엔비,KOSDAQ,True,2026-05-03 11:47:30.500918+00:00
4671,222420,쎄노텍,KOSDAQ,True,2026-05-03 11:47:30.500918+00:00
4672,094360,칩스앤미디어,KOSDAQ,True,2026-05-03 11:47:30.500918+00:00
4673,127710,아시아경제,KOSDAQ,True,2026-05-03 11:47:30.500918+00:00
4674,214430,아이쓰리시스템,KOSDAQ,True,2026-05-03 11:47:30.500918+00:00
4675,067730,로지시스,KOSDAQ,True,2026-05-03 11:47:30.500918+00:00
4676,220260,켐트로스,KOSDAQ,True,2026-05-03 11:47:30.500918+00:00
4677,214450,파마리서치,KOSDAQ,True,2026-05-03 11:47:30.500918+00:00
4678,219550,디와이디,KOSDAQ,True,2026-05-03 11:47:30.500918+00:00
4679,087010,펩트론,KOSDAQ,True,2026-05-03 11:47:30.500918+00:00
4680,218410,RFHIC,KOSDAQ,True,2026-05-03 11:47:30.500918+00:00
4681,094170,동운아나텍,KOSDAQ,True,2026-05-03 11:47:30.500918+00:00
4682,178780,일월지엠엘,KOSDAQ,True,2026-05-03 11:47:30.500918+00:00
4683,214180,헥토이노베이션,KOSDAQ,True,2026-05-03 11:47:30.500918+00:00
4684,166480,코아스템켐온,KOSDAQ,True,2026-05-03 11:47:30.500918+00:00
4685,177350,베셀,KOSDAQ,True,2026-05-03 11:47:30.500918+00:00
4686,217270,넵튠,KOSDAQ,True,2026-05-03 11:47:30.500918+00:00
4687,218150,미래생명자원,KOSDAQ,True,2026-05-03 11:47:30.500918+00:00
4688,160980,싸이맥스,KOSDAQ,True,2026-05-03 11:47:30.500918+00:00
4689,217500,러셀,KOSDAQ,True,2026-05-03 11:47:30.500918+00:00
4690,087600,픽셀플러스,KOSDAQ,True,2026-05-03 11:47:30.500918+00:00
4691,217620,선샤인푸드,KOSDAQ,True,2026-05-03 11:47:30.500918+00:00
4692,187420,HLB제넥스,KOSDAQ,True,2026-05-03 11:47:30.500918+00:00
4693,215380,우정바이오,KOSDAQ,True,2026-05-03 11:47:30.500918+00:00
4694,215480,토박스코리아,KOSDAQ,True,2026-05-03 11:47:30.500918+00:00
4695,215790,이노인스트루먼트,KOSDAQ,True,2026-05-03 11:47:30.500918+00:00
4696,215360,우리산업,KOSDAQ,True,2026-05-03 11:47:30.500918+00:00
4697,215200,메가스터디교육,KOSDAQ,True,2026-05-03 11:47:30.500918+00:00
4698,215090,솔디펜스,KOSDAQ,True,2026-05-03 11:47:30.500918+00:00
4699,215100,로보로보,KOSDAQ,True,2026-05-03 11:47:30.500918+00:00
4700,214680,디알텍,KOSDAQ,True,2026-05-03 11:47:30.500918+00:00
4701,195990,에이비프로바이오,KOSDAQ,True,2026-05-03 11:47:30.500918+00:00
4702,215000,골프존,KOSDAQ,True,2026-05-03 11:47:30.500918+00:00
4703,214150,클래시스,KOSDAQ,True,2026-05-03 11:47:30.500918+00:00
4704,214270,FSN,KOSDAQ,True,2026-05-03 11:47:30.500918+00:00
4705,189690,포시에스,KOSDAQ,True,2026-05-03 11:47:30.500918+00:00
4706,213420,덕산네오룩스,KOSDAQ,True,2026-05-03 11:47:30.500918+00:00
4707,060480,국일신동,KOSDAQ,True,2026-05-03 11:47:30.500918+00:00
4708,193250,링크드,KOSDAQ,True,2026-05-03 11:47:30.500918+00:00
4709,206640,바디텍메드,KOSDAQ,True,2026-05-03 11:47:30.500918+00:00
4710,208640,썸에이지,KOSDAQ,True,2026-05-03 11:47:30.500918+00:00
4711,200470,에이팩트,KOSDAQ,True,2026-05-03 11:47:30.500918+00:00
4712,200670,휴메딕스,KOSDAQ,True,2026-05-03 11:47:30.500918+00:00
4713,189860,서전기전,KOSDAQ,True,2026-05-03 11:47:30.500918+00:00
4714,067390,아스트,KOSDAQ,True,2026-05-03 11:47:30.500918+00:00
4715,080580,오킨스전자,KOSDAQ,True,2026-05-03 11:47:30.500918+00:00
4716,208350,지란지교시큐리티,KOSDAQ,True,2026-05-03 11:47:30.500918+00:00
4717,208710,포톤,KOSDAQ,True,2026-05-03 11:47:30.500918+00:00
4718,160550,NEW,KOSDAQ,True,2026-05-03 11:47:30.500918+00:00
4719,124500,아이티센글로벌,KOSDAQ,True,2026-05-03 11:47:30.500918+00:00
4720,142280,녹십자엠에스,KOSDAQ,True,2026-05-03 11:47:30.500918+00:00
4721,187220,디티앤씨,KOSDAQ,True,2026-05-03 11:47:30.500918+00:00
4722,208370,셀바스헬스케어,KOSDAQ,True,2026-05-03 11:47:30.500918+00:00
4723,208140,정다운,KOSDAQ,True,2026-05-03 11:47:30.500918+00:00
4724,149980,하이로닉,KOSDAQ,True,2026-05-03 11:47:30.500918+00:00
4725,084650,랩지노믹스,KOSDAQ,True,2026-05-03 11:47:30.500918+00:00
4726,200710,에이디테크놀로지,KOSDAQ,True,2026-05-03 11:47:30.500918+00:00
4727,200780,비씨월드제약,KOSDAQ,True,2026-05-03 11:47:30.500918+00:00
4728,207760,미스터블루,KOSDAQ,True,2026-05-03 11:47:30.500918+00:00
4729,196170,알테오젠,KOSDAQ,True,2026-05-03 11:47:30.500918+00:00
4730,206400,베노티앤알,KOSDAQ,True,2026-05-03 11:47:30.500918+00:00
4731,140520,대창스틸,KOSDAQ,True,2026-05-03 11:47:30.500918+00:00
4732,173940,에프엔씨엔터,KOSDAQ,True,2026-05-03 11:47:30.500918+00:00
4733,205470,휴마시스,KOSDAQ,True,2026-05-03 11:47:30.500918+00:00
4734,200230,텔콘RF제약,KOSDAQ,True,2026-05-03 11:47:30.500918+00:00
4735,204840,지엘팜텍,KOSDAQ,True,2026-05-03 11:47:30.500918+00:00
4736,204620,글로벌텍스프리,KOSDAQ,True,2026-05-03 11:47:30.500918+00:00
4737,196490,디에이테크놀로지,KOSDAQ,True,2026-05-03 11:47:30.500918+00:00
4738,205500,넥써쓰,KOSDAQ,True,2026-05-03 11:47:30.500918+00:00
4739,205100,엑셈,KOSDAQ,True,2026-05-03 11:47:30.500918+00:00
4740,191420,테고사이언스,KOSDAQ,True,2026-05-03 11:47:30.500918+00:00
4741,192440,슈피겐코리아,KOSDAQ,True,2026-05-03 11:47:30.500918+00:00
4742,143540,영우디에스피,KOSDAQ,True,2026-05-03 11:47:30.500918+00:00
4743,203650,드림시큐리티,KOSDAQ,True,2026-05-03 11:47:30.500918+00:00
4744,041920,메디아나,KOSDAQ,True,2026-05-03 11:47:30.500918+00:00
4745,194480,데브시스터즈,KOSDAQ,True,2026-05-03 11:47:30.500918+00:00
4746,203690,아크솔루션스,KOSDAQ,True,2026-05-03 11:47:30.500918+00:00
4747,192410,오늘이엔엠,KOSDAQ,True,2026-05-03 11:47:30.500918+00:00
4748,198440,강동씨앤엘,KOSDAQ,True,2026-05-03 11:47:30.500918+00:00
4749,187270,신화콘텍,KOSDAQ,True,2026-05-03 11:47:30.500918+00:00
4750,177830,파버나인,KOSDAQ,True,2026-05-03 11:47:30.500918+00:00
4751,090410,덕신이피씨,KOSDAQ,True,2026-05-03 11:47:30.500918+00:00
4752,004650,창해에탄올,KOSDAQ,True,2026-05-03 11:47:30.500918+00:00
4753,192390,윈하이텍,KOSDAQ,True,2026-05-03 11:47:30.500918+00:00
4754,059120,아진엑스텍,KOSDAQ,True,2026-05-03 11:47:30.500918+00:00
4755,200130,콜마비앤에이치,KOSDAQ,True,2026-05-03 11:47:30.500918+00:00
4756,105550,엣지파운드리,KOSDAQ,True,2026-05-03 11:47:30.500918+00:00
4757,196450,코아시아씨엠,KOSDAQ,True,2026-05-03 11:47:30.500918+00:00
4758,071850,캐스텍코리아,KOSDAQ,True,2026-05-03 11:47:30.500918+00:00
4759,187790,나노,KOSDAQ,True,2026-05-03 11:47:30.500918+00:00
4760,192250,케이사인,KOSDAQ,True,2026-05-03 11:47:30.500918+00:00
4761,138080,오이솔루션,KOSDAQ,True,2026-05-03 11:47:30.500918+00:00
4762,053300,한국정보인증,KOSDAQ,True,2026-05-03 11:47:30.500918+00:00
4763,154040,다산솔루에타,KOSDAQ,True,2026-05-03 11:47:30.500918+00:00
4764,090850,현대이지웰,KOSDAQ,True,2026-05-03 11:47:30.500918+00:00
4765,184230,SGA솔루션즈,KOSDAQ,True,2026-05-03 11:47:30.500918+00:00
4766,049080,기가레인,KOSDAQ,True,2026-05-03 11:47:30.500918+00:00
4767,085810,알티캐스트,KOSDAQ,True,2026-05-03 11:47:30.500918+00:00
4768,170030,현대공업,KOSDAQ,True,2026-05-03 11:47:30.500918+00:00
4769,067570,엔브이에이치코리아,KOSDAQ,True,2026-05-03 11:47:30.500918+00:00
4770,134580,탑코미디어,KOSDAQ,True,2026-05-03 11:47:30.500918+00:00
4771,182360,큐브엔터,KOSDAQ,True,2026-05-03 11:47:30.500918+00:00
4772,171120,라이온켐텍,KOSDAQ,True,2026-05-03 11:47:30.500918+00:00
4773,171010,램테크놀러지,KOSDAQ,True,2026-05-03 11:47:30.500918+00:00
4774,138360,앤로보틱스,KOSDAQ,True,2026-05-03 11:47:30.500918+00:00
4775,076610,해성옵틱스,KOSDAQ,True,2026-05-03 11:47:30.500918+00:00
4776,168330,내츄럴엔도텍,KOSDAQ,True,2026-05-03 11:47:30.500918+00:00
4777,131970,두산테스나,KOSDAQ,True,2026-05-03 11:47:30.500918+00:00
4778,150900,파수에이아이,KOSDAQ,True,2026-05-03 11:47:30.500918+00:00
4779,170920,엘티씨,KOSDAQ,True,2026-05-03 11:47:30.500918+00:00
4780,119850,지엔씨에너지,KOSDAQ,True,2026-05-03 11:47:30.500918+00:00
4781,092040,아미코젠,KOSDAQ,True,2026-05-03 11:47:30.500918+00:00
4782,130500,GH신소재,KOSDAQ,True,2026-05-03 11:47:30.500918+00:00
4783,170790,파이오링크,KOSDAQ,True,2026-05-03 11:47:30.500918+00:00
4784,151860,KG에코솔루션,KOSDAQ,True,2026-05-03 11:47:30.500918+00:00
4785,089600,KT나스미디어,KOSDAQ,True,2026-05-03 11:47:30.500918+00:00
4786,950130,엑세스바이오,KOSDAQ,True,2026-05-03 11:47:30.500918+00:00
4787,141080,리가켐바이오,KOSDAQ,True,2026-05-03 11:47:30.500918+00:00
4788,097800,윈팩,KOSDAQ,True,2026-05-03 11:47:30.500918+00:00
4789,104540,코렌텍,KOSDAQ,True,2026-05-03 11:47:30.500918+00:00
4790,159580,제로투세븐,KOSDAQ,True,2026-05-03 11:47:30.500918+00:00
4791,114810,한솔아이원스,KOSDAQ,True,2026-05-03 11:47:30.500918+00:00
4792,153490,우리이앤엘하루틴,KOSDAQ,True,2026-05-03 11:47:30.500918+00:00
4793,099190,아이센스,KOSDAQ,True,2026-05-03 11:47:30.500918+00:00
4794,159910,에코글로우,KOSDAQ,True,2026-05-03 11:47:30.500918+00:00
4795,046970,우리로,KOSDAQ,True,2026-05-03 11:47:30.500918+00:00
4796,113810,디젠스,KOSDAQ,True,2026-05-03 11:47:30.500918+00:00
4797,155650,와이엠씨,KOSDAQ,True,2026-05-03 11:47:30.500918+00:00
4798,149950,아바텍,KOSDAQ,True,2026-05-03 11:47:30.500918+00:00
4799,121850,코이즈,KOSDAQ,True,2026-05-03 11:47:30.500918+00:00
4800,153460,네이블,KOSDAQ,True,2026-05-03 11:47:30.500918+00:00
4801,106520,노블엠앤비,KOSDAQ,True,2026-05-03 11:47:30.500918+00:00
4802,137400,피엔티,KOSDAQ,True,2026-05-03 11:47:30.500918+00:00
4803,141000,비아트론,KOSDAQ,True,2026-05-03 11:47:30.500918+00:00
4804,072950,빛샘전자,KOSDAQ,True,2026-05-03 11:47:30.500918+00:00
4805,143240,사람인,KOSDAQ,True,2026-05-03 11:47:30.500918+00:00
4806,147830,제룡산업,KOSDAQ,True,2026-05-03 11:47:30.500918+00:00
4807,091590,남화토건,KOSDAQ,True,2026-05-03 11:47:30.500918+00:00
4808,140410,메지온,KOSDAQ,True,2026-05-03 11:47:30.500918+00:00
4809,104830,원익머트리얼즈,KOSDAQ,True,2026-05-03 11:47:30.500918+00:00
4810,127120,제이에스링크,KOSDAQ,True,2026-05-03 11:47:30.500918+00:00
4811,130580,나이스디앤비,KOSDAQ,True,2026-05-03 11:47:30.500918+00:00
4812,131090,시큐브,KOSDAQ,True,2026-05-03 11:47:30.500918+00:00
4813,100660,서암기계공업,KOSDAQ,True,2026-05-03 11:47:30.500918+00:00
4814,115480,씨유메디칼,KOSDAQ,True,2026-05-03 11:47:30.500918+00:00
4815,139670,키네마스터,KOSDAQ,True,2026-05-03 11:47:30.500918+00:00
4816,121800,비덴트,KOSDAQ,True,2026-05-03 11:47:30.500918+00:00
4817,138070,신진에스엠,KOSDAQ,True,2026-05-03 11:47:30.500918+00:00
4818,123570,이엠넷,KOSDAQ,True,2026-05-03 11:47:30.500918+00:00
4819,122870,와이지엔터테인먼트,KOSDAQ,True,2026-05-03 11:47:30.500918+00:00
4820,089030,테크윙,KOSDAQ,True,2026-05-03 11:47:30.500918+00:00
4821,101240,씨큐브,KOSDAQ,True,2026-05-03 11:47:30.500918+00:00
4822,007820,엠엑스로보틱스,KOSDAQ,True,2026-05-03 11:47:30.500918+00:00
4823,115530,씨엔플러스,KOSDAQ,True,2026-05-03 11:47:30.500918+00:00
4824,090360,로보스타,KOSDAQ,True,2026-05-03 11:47:30.500918+00:00
4825,131220,대한과학,KOSDAQ,True,2026-05-03 11:47:30.500918+00:00
4826,143160,아이디스,KOSDAQ,True,2026-05-03 11:47:30.500918+00:00
4827,137950,제이씨케미칼,KOSDAQ,True,2026-05-03 11:47:30.500918+00:00
4828,040910,아이씨디,KOSDAQ,True,2026-05-03 11:47:30.500918+00:00
4829,123330,제닉,KOSDAQ,True,2026-05-03 11:47:30.500918+00:00
4830,139050,BF랩스,KOSDAQ,True,2026-05-03 11:47:30.500918+00:00
4831,089980,상아프론테크,KOSDAQ,True,2026-05-03 11:47:30.500918+00:00
4832,138610,나이벡,KOSDAQ,True,2026-05-03 11:47:30.500918+00:00
4833,109080,옵티시스,KOSDAQ,True,2026-05-03 11:47:30.500918+00:00
4834,108380,대양전기공업,KOSDAQ,True,2026-05-03 11:47:30.500918+00:00
4835,019770,서연탑메탈,KOSDAQ,True,2026-05-03 11:47:30.500918+00:00
4836,137940,넥스트아이,KOSDAQ,True,2026-05-03 11:47:30.500918+00:00
4837,131100,티엔엔터테인먼트,KOSDAQ,True,2026-05-03 11:47:30.500918+00:00
4838,122450,KX,KOSDAQ,True,2026-05-03 11:47:30.500918+00:00
4839,121440,골프존홀딩스,KOSDAQ,True,2026-05-03 11:47:30.500918+00:00
4840,136540,윈스테크넷,KOSDAQ,True,2026-05-03 11:47:30.500918+00:00
4841,136480,하림,KOSDAQ,True,2026-05-03 11:47:30.500918+00:00
4842,134060,이퓨쳐,KOSDAQ,True,2026-05-03 11:47:30.500918+00:00
4843,104480,티케이케미칼,KOSDAQ,True,2026-05-03 11:47:30.500918+00:00
4844,008470,부스타,KOSDAQ,True,2026-05-03 11:47:30.500918+00:00
4845,121600,나노신소재,KOSDAQ,True,2026-05-03 11:47:30.500918+00:00
4846,093320,케이아이엔엑스,KOSDAQ,True,2026-05-03 11:47:30.500918+00:00
4847,130740,티피씨글로벌,KOSDAQ,True,2026-05-03 11:47:30.500918+00:00
4848,061970,LB세미콘,KOSDAQ,True,2026-05-03 11:47:30.500918+00:00
4849,131180,딜리,KOSDAQ,True,2026-05-03 11:47:30.500918+00:00
4850,126880,제이엔케이글로벌,KOSDAQ,True,2026-05-03 11:47:30.500918+00:00
4851,033560,블루콤,KOSDAQ,True,2026-05-03 11:47:30.500918+00:00
4852,048530,인트론바이오,KOSDAQ,True,2026-05-03 11:47:30.500918+00:00
4853,131370,알서포트,KOSDAQ,True,2026-05-03 11:47:30.500918+00:00
4854,064290,인텍플러스,KOSDAQ,True,2026-05-03 11:47:30.500918+00:00
4855,131290,티에스이,KOSDAQ,True,2026-05-03 11:47:30.500918+00:00
4856,131400,이브이첨단소재,KOSDAQ,True,2026-05-03 11:47:30.500918+00:00
4857,120240,대정화금,KOSDAQ,True,2026-05-03 11:47:30.500918+00:00
4858,128660,피제이메탈,KOSDAQ,True,2026-05-03 11:47:30.500918+00:00
4859,131030,옵투스제약,KOSDAQ,True,2026-05-03 11:47:30.500918+00:00
4860,096690,에이루트,KOSDAQ,True,2026-05-03 11:47:30.500918+00:00
4861,033830,티비씨,KOSDAQ,True,2026-05-03 11:47:30.500918+00:00
4862,033170,시그네틱스,KOSDAQ,True,2026-05-03 11:47:30.500918+00:00
4863,041460,한국전자인증,KOSDAQ,True,2026-05-03 11:47:30.500918+00:00
4864,126600,BGF에코머티리얼즈,KOSDAQ,True,2026-05-03 11:47:30.500918+00:00
4865,105740,디케이락,KOSDAQ,True,2026-05-03 11:47:30.500918+00:00
4866,123420,위메이드플레이,KOSDAQ,True,2026-05-03 11:47:30.500918+00:00
4867,123860,아나패스,KOSDAQ,True,2026-05-03 11:47:30.500918+00:00
4868,058400,KNN,KOSDAQ,True,2026-05-03 11:47:30.500918+00:00
4869,069140,누리플랜,KOSDAQ,True,2026-05-03 11:47:30.500918+00:00
4870,119830,아이텍,KOSDAQ,True,2026-05-03 11:47:30.500918+00:00
4871,101930,인화정공,KOSDAQ,True,2026-05-03 11:47:30.500918+00:00
4872,068940,셀피글로벌,KOSDAQ,True,2026-05-03 11:47:30.500918+00:00
4873,123840,뉴온,KOSDAQ,True,2026-05-03 11:47:30.500918+00:00
4874,117670,알파칩스,KOSDAQ,True,2026-05-03 11:47:30.500918+00:00
4875,119500,포메탈,KOSDAQ,True,2026-05-03 11:47:30.500918+00:00
4876,068240,다원시스,KOSDAQ,True,2026-05-03 11:47:30.500918+00:00
4877,096530,씨젠,KOSDAQ,True,2026-05-03 11:47:30.500918+00:00
4878,122990,와이솔,KOSDAQ,True,2026-05-03 11:47:30.500918+00:00
4879,126700,하이비젼시스템,KOSDAQ,True,2026-05-03 11:47:30.500918+00:00
4880,126640,화신정공,KOSDAQ,True,2026-05-03 11:47:30.500918+00:00
4881,123410,코리아에프티,KOSDAQ,True,2026-05-03 11:47:30.500918+00:00
4882,123040,엠에스오토텍,KOSDAQ,True,2026-05-03 11:47:30.500918+00:00
4883,067920,이글루,KOSDAQ,True,2026-05-03 11:47:30.500918+00:00
4884,119610,인터로조,KOSDAQ,True,2026-05-03 11:47:30.500918+00:00
4885,106190,하이텍팜,KOSDAQ,True,2026-05-03 11:47:30.500918+00:00
4886,121890,에스디시스템,KOSDAQ,True,2026-05-03 11:47:30.500918+00:00
4887,123750,알톤,KOSDAQ,True,2026-05-03 11:47:30.500918+00:00
4888,089850,유비벨록스,KOSDAQ,True,2026-05-03 11:47:30.500918+00:00
4889,046120,오르비텍,KOSDAQ,True,2026-05-03 11:47:30.500918+00:00
4890,070300,엑스큐어,KOSDAQ,True,2026-05-03 11:47:30.500918+00:00
4891,079970,투비소프트,KOSDAQ,True,2026-05-03 11:47:30.500918+00:00
4892,071200,인피니트헬스케어,KOSDAQ,True,2026-05-03 11:47:30.500918+00:00
4893,122690,서진오토모티브,KOSDAQ,True,2026-05-03 11:47:30.500918+00:00
4894,100030,인지소프트,KOSDAQ,True,2026-05-03 11:47:30.500918+00:00
4895,900110,이스트아시아홀딩스,KOSDAQ,True,2026-05-03 11:47:30.500918+00:00
4896,900100,애머릿지,KOSDAQ,True,2026-05-03 11:47:30.500918+00:00
4897,115500,케이씨에스,KOSDAQ,True,2026-05-03 11:47:30.500918+00:00
4898,900120,씨엑스아이,KOSDAQ,True,2026-05-03 11:47:30.500918+00:00
4899,115450,HLB테라퓨틱스,KOSDAQ,True,2026-05-03 11:47:30.500918+00:00
4900,122350,삼기,KOSDAQ,True,2026-05-03 11:47:30.500918+00:00
4901,115610,이미지스,KOSDAQ,True,2026-05-03 11:47:30.500918+00:00
4902,115310,인포바인,KOSDAQ,True,2026-05-03 11:47:30.500918+00:00
4903,106080,케이이엠텍,KOSDAQ,True,2026-05-03 11:47:30.500918+00:00
4904,101330,모베이스,KOSDAQ,True,2026-05-03 11:47:30.500918+00:00
4905,115570,스타플렉스,KOSDAQ,True,2026-05-03 11:47:30.500918+00:00
4906,115440,우리넷,KOSDAQ,True,2026-05-03 11:47:30.500918+00:00
4907,050860,아세아텍,KOSDAQ,True,2026-05-03 11:47:30.500918+00:00
4908,114630,폴라리스우노,KOSDAQ,True,2026-05-03 11:47:30.500918+00:00
4909,080530,코디,KOSDAQ,True,2026-05-03 11:47:30.500918+00:00
4910,900070,글로벌에스엠,KOSDAQ,True,2026-05-03 11:47:30.500918+00:00
4911,099520,DGI,KOSDAQ,True,2026-05-03 11:47:30.500918+00:00
4912,114450,그린생명과학,KOSDAQ,True,2026-05-03 11:47:30.500918+00:00
4913,104460,디와이피엔에프,KOSDAQ,True,2026-05-03 11:47:30.500918+00:00
4914,112040,위메이드,KOSDAQ,True,2026-05-03 11:47:30.500918+00:00
4915,108860,셀바스AI,KOSDAQ,True,2026-05-03 11:47:30.500918+00:00
4916,088290,이원컴포텍,KOSDAQ,True,2026-05-03 11:47:30.500918+00:00
4917,114190,강원에너지,KOSDAQ,True,2026-05-03 11:47:30.500918+00:00
4918,115160,휴맥스,KOSDAQ,True,2026-05-03 11:47:30.500918+00:00
4919,109960,앱토크롬,KOSDAQ,True,2026-05-03 11:47:30.500918+00:00
4920,099410,동방선기,KOSDAQ,True,2026-05-03 11:47:30.500918+00:00
4921,101000,KS인더스트리,KOSDAQ,True,2026-05-03 11:47:30.500918+00:00
4922,109820,진매트릭스,KOSDAQ,True,2026-05-03 11:47:30.500918+00:00
4923,082920,비츠로셀,KOSDAQ,True,2026-05-03 11:47:30.500918+00:00
4924,042520,한스바이오메드,KOSDAQ,True,2026-05-03 11:47:30.500918+00:00
4925,104200,NHN벅스,KOSDAQ,True,2026-05-03 11:47:30.500918+00:00
4926,052860,아이앤씨,KOSDAQ,True,2026-05-03 11:47:30.500918+00:00
4927,105330,케이엔더블유,KOSDAQ,True,2026-05-03 11:47:30.500918+00:00
4928,109740,디에스케이,KOSDAQ,True,2026-05-03 11:47:30.500918+00:00
4929,095700,제넥신,KOSDAQ,True,2026-05-03 11:47:30.500918+00:00
4930,108230,톱텍,KOSDAQ,True,2026-05-03 11:47:30.500918+00:00
4931,100130,동국S&C,KOSDAQ,True,2026-05-03 11:47:30.500918+00:00
4932,103230,에스앤더블류,KOSDAQ,True,2026-05-03 11:47:30.500918+00:00
4933,063080,컴투스홀딩스,KOSDAQ,True,2026-05-03 11:47:30.500918+00:00
4934,109860,동일금속,KOSDAQ,True,2026-05-03 11:47:30.500918+00:00
4935,102120,어보브반도체,KOSDAQ,True,2026-05-03 11:47:30.500918+00:00
4936,101730,위메이드맥스,KOSDAQ,True,2026-05-03 11:47:30.500918+00:00
4937,102710,이엔에프테크놀로지,KOSDAQ,True,2026-05-03 11:47:30.500918+00:00
4938,099440,스맥,KOSDAQ,True,2026-05-03 11:47:30.500918+00:00
4939,099220,SDN,KOSDAQ,True,2026-05-03 11:47:30.500918+00:00
4940,101680,한국정밀기계,KOSDAQ,True,2026-05-03 11:47:30.500918+00:00
4941,010240,흥국,KOSDAQ,True,2026-05-03 11:47:30.500918+00:00
4942,101170,우림피티에스,KOSDAQ,True,2026-05-03 11:47:30.500918+00:00
4943,081150,티플랙스,KOSDAQ,True,2026-05-03 11:47:30.500918+00:00
4944,098660,에스티오,KOSDAQ,True,2026-05-03 11:47:30.500918+00:00
4945,071670,에이테크솔루션,KOSDAQ,True,2026-05-03 11:47:30.500918+00:00
4946,101490,에스앤에스텍,KOSDAQ,True,2026-05-03 11:47:30.500918+00:00
4947,100120,뷰웍스,KOSDAQ,True,2026-05-03 11:47:30.500918+00:00
4948,102940,코오롱생명과학,KOSDAQ,True,2026-05-03 11:47:30.500918+00:00
4949,101400,엔시트론,KOSDAQ,True,2026-05-03 11:47:30.500918+00:00
4950,106240,파인테크닉스,KOSDAQ,True,2026-05-03 11:47:30.500918+00:00
4951,086890,이수앱지스,KOSDAQ,True,2026-05-03 11:47:30.500918+00:00
4952,104040,디에스엠,KOSDAQ,True,2026-05-03 11:47:30.500918+00:00
4953,078070,유비쿼스홀딩스,KOSDAQ,True,2026-05-03 11:47:30.500918+00:00
4954,086900,메디톡스,KOSDAQ,True,2026-05-03 11:47:30.500918+00:00
4955,058630,엠게임,KOSDAQ,True,2026-05-03 11:47:30.500918+00:00
4956,059100,아이컴포넌트,KOSDAQ,True,2026-05-03 11:47:30.500918+00:00
4957,067630,HLB생명과학,KOSDAQ,True,2026-05-03 11:47:30.500918+00:00
4958,092130,이크레더블,KOSDAQ,True,2026-05-03 11:47:30.500918+00:00
4959,100700,세운메디칼,KOSDAQ,True,2026-05-03 11:47:30.500918+00:00
4960,098120,마이크로컨텍솔,KOSDAQ,True,2026-05-03 11:47:30.500918+00:00
4961,083470,이엠앤아이,KOSDAQ,True,2026-05-03 11:47:30.500918+00:00
4962,101390,아이엠,KOSDAQ,True,2026-05-03 11:47:30.500918+00:00
4963,076080,웰크론한텍,KOSDAQ,True,2026-05-03 11:47:30.500918+00:00
4964,101670,하이드로리튬,KOSDAQ,True,2026-05-03 11:47:30.500918+00:00
4965,094840,슈프리마에이치큐,KOSDAQ,True,2026-05-03 11:47:30.500918+00:00
4966,063170,서울옥션,KOSDAQ,True,2026-05-03 11:47:30.500918+00:00
4967,047560,이스트소프트,KOSDAQ,True,2026-05-03 11:47:30.500918+00:00
4968,096240,크레버스,KOSDAQ,True,2026-05-03 11:47:30.500918+00:00
4969,101160,월덱스,KOSDAQ,True,2026-05-03 11:47:30.500918+00:00
4970,099320,쎄트렉아이,KOSDAQ,True,2026-05-03 11:47:30.500918+00:00
4971,064480,브리지텍,KOSDAQ,True,2026-05-03 11:47:30.500918+00:00
4972,098460,고영,KOSDAQ,True,2026-05-03 11:47:30.500918+00:00
4973,067000,조이시티,KOSDAQ,True,2026-05-03 11:47:30.500918+00:00
4974,018620,우진비앤지,KOSDAQ,True,2026-05-03 11:47:30.500918+00:00
4975,095610,테스,KOSDAQ,True,2026-05-03 11:47:30.500918+00:00
4976,053280,예스24,KOSDAQ,True,2026-05-03 11:47:30.500918+00:00
4977,096870,엘디티,KOSDAQ,True,2026-05-03 11:47:30.500918+00:00
4978,059210,메타바이오메드,KOSDAQ,True,2026-05-03 11:47:30.500918+00:00
4979,097870,효성오앤비,KOSDAQ,True,2026-05-03 11:47:30.500918+00:00
4980,091440,한울소재과학,KOSDAQ,True,2026-05-03 11:47:30.500918+00:00
4981,097780,에코볼트,KOSDAQ,True,2026-05-03 11:47:30.500918+00:00
4982,096630,에스코넥,KOSDAQ,True,2026-05-03 11:47:30.500918+00:00
4983,068330,일신바이오,KOSDAQ,True,2026-05-03 11:47:30.500918+00:00
4984,093920,서원인텍,KOSDAQ,True,2026-05-03 11:47:30.500918+00:00
4985,067010,이씨에스,KOSDAQ,True,2026-05-03 11:47:30.500918+00:00
4986,096350,대창솔루션,KOSDAQ,True,2026-05-03 11:47:30.500918+00:00
4987,069920,엑시온그룹,KOSDAQ,True,2026-05-03 11:47:30.500918+00:00
4988,096610,알에프세미,KOSDAQ,True,2026-05-03 11:47:30.500918+00:00
4989,092070,디엔에프,KOSDAQ,True,2026-05-03 11:47:30.500918+00:00
4990,094820,일진파워,KOSDAQ,True,2026-05-03 11:47:30.500918+00:00
4991,086670,비엠티,KOSDAQ,True,2026-05-03 11:47:30.500918+00:00
4992,095190,신화프리텍,KOSDAQ,True,2026-05-03 11:47:30.500918+00:00
4993,092300,현우산업,KOSDAQ,True,2026-05-03 11:47:30.500918+00:00
4994,093640,케이알엠,KOSDAQ,True,2026-05-03 11:47:30.500918+00:00
4995,095910,에스에너지,KOSDAQ,True,2026-05-03 11:47:30.500918+00:00
4996,081580,성우전자,KOSDAQ,True,2026-05-03 11:47:30.500918+00:00
4997,073110,엘엠에스,KOSDAQ,True,2026-05-03 11:47:30.500918+00:00
4998,094970,제이엠티,KOSDAQ,True,2026-05-03 11:47:30.500918+00:00
4999,080520,오디텍,KOSDAQ,True,2026-05-03 11:47:30.500918+00:00
5000,095340,ISC,KOSDAQ,True,2026-05-03 11:47:30.500918+00:00
5001,085910,네오티스,KOSDAQ,True,2026-05-03 11:47:30.500918+00:00
5002,095500,미래나노텍,KOSDAQ,True,2026-05-03 11:47:30.500918+00:00
5003,027580,상보,KOSDAQ,True,2026-05-03 11:47:30.500918+00:00
5004,086040,바이오톡스텍,KOSDAQ,True,2026-05-03 11:47:30.500918+00:00
5005,057540,옴니시스템,KOSDAQ,True,2026-05-03 11:47:30.500918+00:00
5006,094940,푸른기술,KOSDAQ,True,2026-05-03 11:47:30.500918+00:00
5007,095270,웨이브일렉트로,KOSDAQ,True,2026-05-03 11:47:30.500918+00:00
5008,093190,빅솔론,KOSDAQ,True,2026-05-03 11:47:30.500918+00:00
5009,091340,S&K폴리텍,KOSDAQ,True,2026-05-03 11:47:30.500918+00:00
5010,072770,멤레이비티,KOSDAQ,True,2026-05-03 11:47:30.500918+00:00
5011,094480,갤럭시아머니트리,KOSDAQ,True,2026-05-03 11:47:30.500918+00:00
5012,086520,에코프로,KOSDAQ,True,2026-05-03 11:47:30.500918+00:00
5013,065150,대산F&B,KOSDAQ,True,2026-05-03 11:47:30.500918+00:00
5014,078340,컴투스,KOSDAQ,True,2026-05-03 11:47:30.500918+00:00
5015,095660,네오위즈,KOSDAQ,True,2026-05-03 11:47:30.500918+00:00
5016,092600,앤씨앤,KOSDAQ,True,2026-05-03 11:47:30.500918+00:00
5017,069410,엔텔스,KOSDAQ,True,2026-05-03 11:47:30.500918+00:00
5018,093380,풍강,KOSDAQ,True,2026-05-03 11:47:30.500918+00:00
5019,086450,동국제약,KOSDAQ,True,2026-05-03 11:47:30.500918+00:00
5020,064820,케이프,KOSDAQ,True,2026-05-03 11:47:30.500918+00:00
5021,091580,상신이디피,KOSDAQ,True,2026-05-03 11:47:30.500918+00:00
5022,092460,한라IMS,KOSDAQ,True,2026-05-03 11:47:30.500918+00:00
5023,073540,에프알텍,KOSDAQ,True,2026-05-03 11:47:30.500918+00:00
5024,091120,이엠텍,KOSDAQ,True,2026-05-03 11:47:30.500918+00:00
5025,094850,참좋은여행,KOSDAQ,True,2026-05-03 11:47:30.500918+00:00
5026,094860,네오리진,KOSDAQ,True,2026-05-03 11:47:30.500918+00:00
5027,078020,LS증권,KOSDAQ,True,2026-05-03 11:47:30.500918+00:00
5028,093520,매커스,KOSDAQ,True,2026-05-03 11:47:30.500918+00:00
5029,091970,나노캠텍,KOSDAQ,True,2026-05-03 11:47:30.500918+00:00
5030,092730,네오팜,KOSDAQ,True,2026-05-03 11:47:30.500918+00:00
5031,039200,오스코텍,KOSDAQ,True,2026-05-03 11:47:30.500918+00:00
5032,089010,켐트로닉스,KOSDAQ,True,2026-05-03 11:47:30.500918+00:00
5033,090470,제이스로보틱스,KOSDAQ,True,2026-05-03 11:47:30.500918+00:00
5034,088130,동아엘텍,KOSDAQ,True,2026-05-03 11:47:30.500918+00:00
5035,084110,휴온스글로벌,KOSDAQ,True,2026-05-03 11:47:30.500918+00:00
5036,089150,케이씨티,KOSDAQ,True,2026-05-03 11:47:30.500918+00:00
5037,091700,파트론,KOSDAQ,True,2026-05-03 11:47:30.500918+00:00
5038,086390,유니테스트,KOSDAQ,True,2026-05-03 11:47:30.500918+00:00
5039,090710,휴림로봇,KOSDAQ,True,2026-05-03 11:47:30.500918+00:00
5040,060540,에스에이티,KOSDAQ,True,2026-05-03 11:47:30.500918+00:00
5041,066310,큐에스아이,KOSDAQ,True,2026-05-03 11:47:30.500918+00:00
5042,067280,멀티캠퍼스,KOSDAQ,True,2026-05-03 11:47:30.500918+00:00
5043,089890,코세스,KOSDAQ,True,2026-05-03 11:47:30.500918+00:00
5044,080470,성창오토텍,KOSDAQ,True,2026-05-03 11:47:30.500918+00:00
5045,089140,넥스턴앤롤코리아,KOSDAQ,True,2026-05-03 11:47:30.500918+00:00
5046,089790,제이티,KOSDAQ,True,2026-05-03 11:47:30.500918+00:00
5047,090150,아이윈,KOSDAQ,True,2026-05-03 11:47:30.500918+00:00
5048,088390,이녹스,KOSDAQ,True,2026-05-03 11:47:30.500918+00:00
5049,089230,THE E&M,KOSDAQ,True,2026-05-03 11:47:30.500918+00:00
5050,043150,바텍,KOSDAQ,True,2026-05-03 11:47:30.500918+00:00
5051,086960,MDS테크,KOSDAQ,True,2026-05-03 11:47:30.500918+00:00
5052,038060,루멘스,KOSDAQ,True,2026-05-03 11:47:30.500918+00:00
5053,083660,CSA 코스믹,KOSDAQ,True,2026-05-03 11:47:30.500918+00:00
5054,063570,NICE인프라,KOSDAQ,True,2026-05-03 11:47:30.500918+00:00
5055,086980,쇼박스,KOSDAQ,True,2026-05-03 11:47:30.500918+00:00
5056,068050,팬엔터테인먼트,KOSDAQ,True,2026-05-03 11:47:30.500918+00:00
5057,039290,인포뱅크,KOSDAQ,True,2026-05-03 11:47:30.500918+00:00
5058,078860,스테이지원엔터,KOSDAQ,True,2026-05-03 11:47:30.500918+00:00
5059,088910,동우팜투테이블,KOSDAQ,True,2026-05-03 11:47:30.500918+00:00
5060,054950,제이브이엠,KOSDAQ,True,2026-05-03 11:47:30.500918+00:00
5061,084730,팅크웨어,KOSDAQ,True,2026-05-03 11:47:30.500918+00:00
5062,086060,진바이오텍,KOSDAQ,True,2026-05-03 11:47:30.500918+00:00
5063,022220,티케이지애강,KOSDAQ,True,2026-05-03 11:47:30.500918+00:00
5064,088800,에이스테크,KOSDAQ,True,2026-05-03 11:47:30.500918+00:00
5065,068760,셀트리온제약,KOSDAQ,True,2026-05-03 11:47:30.500918+00:00
5066,083450,GST,KOSDAQ,True,2026-05-03 11:47:30.500918+00:00
5067,019990,에너토크,KOSDAQ,True,2026-05-03 11:47:30.500918+00:00
5068,079370,제우스,KOSDAQ,True,2026-05-03 11:47:30.500918+00:00
5069,085670,뉴프렉스,KOSDAQ,True,2026-05-03 11:47:30.500918+00:00
5070,084370,유진테크,KOSDAQ,True,2026-05-03 11:47:30.500918+00:00
5071,083790,CG인바이츠,KOSDAQ,True,2026-05-03 11:47:30.500918+00:00
5072,064550,바이오니아,KOSDAQ,True,2026-05-03 11:47:30.500918+00:00
5073,084990,헬릭스미스,KOSDAQ,True,2026-05-03 11:47:30.500918+00:00
5074,083640,인콘,KOSDAQ,True,2026-05-03 11:47:30.500918+00:00
5075,085660,차바이오텍,KOSDAQ,True,2026-05-03 11:47:30.500918+00:00
5076,078140,대봉엘에스,KOSDAQ,True,2026-05-03 11:47:30.500918+00:00
5077,067900,와이엔텍,KOSDAQ,True,2026-05-03 11:47:30.500918+00:00
5078,083550,케이엠,KOSDAQ,True,2026-05-03 11:47:30.500918+00:00
5079,084180,수성웹툰,KOSDAQ,True,2026-05-03 11:47:30.500918+00:00
5080,080420,모다이노칩,KOSDAQ,True,2026-05-03 11:47:30.500918+00:00
5081,083650,비에이치아이,KOSDAQ,True,2026-05-03 11:47:30.500918+00:00
5082,079190,케스피온,KOSDAQ,True,2026-05-03 11:47:30.500918+00:00
5083,082800,비보존 제약,KOSDAQ,True,2026-05-03 11:47:30.500918+00:00
5084,043910,자연과환경,KOSDAQ,True,2026-05-03 11:47:30.500918+00:00
5085,079000,와토스코리아,KOSDAQ,True,2026-05-03 11:47:30.500918+00:00
5086,041020,폴라리스오피스,KOSDAQ,True,2026-05-03 11:47:30.500918+00:00
5087,078590,휴림에이텍,KOSDAQ,True,2026-05-03 11:47:30.500918+00:00
5088,038070,서린바이오,KOSDAQ,True,2026-05-03 11:47:30.500918+00:00
5089,079940,가비아,KOSDAQ,True,2026-05-03 11:47:30.500918+00:00
5090,077360,덕산하이메탈,KOSDAQ,True,2026-05-03 11:47:30.500918+00:00
5091,083930,아바코,KOSDAQ,True,2026-05-03 11:47:30.500918+00:00
5092,067310,하나마이크론,KOSDAQ,True,2026-05-03 11:47:30.500918+00:00
5093,083310,엘오티베큠,KOSDAQ,True,2026-05-03 11:47:30.500918+00:00
5094,082660,코스나인,KOSDAQ,True,2026-05-03 11:47:30.500918+00:00
5095,080010,이상네트웍스,KOSDAQ,True,2026-05-03 11:47:30.500918+00:00
5096,078160,메디포스트,KOSDAQ,True,2026-05-03 11:47:30.500918+00:00
5097,082850,우리바이오,KOSDAQ,True,2026-05-03 11:47:30.500918+00:00
5098,080160,모두투어,KOSDAQ,True,2026-05-03 11:47:30.500918+00:00
5099,078890,가온그룹,KOSDAQ,True,2026-05-03 11:47:30.500918+00:00
5100,050890,쏠리드,KOSDAQ,True,2026-05-03 11:47:30.500918+00:00
5101,082210,옵트론텍,KOSDAQ,True,2026-05-03 11:47:30.500918+00:00
5102,082270,젬백스,KOSDAQ,True,2026-05-03 11:47:30.500918+00:00
5103,075130,플랜티넷,KOSDAQ,True,2026-05-03 11:47:30.500918+00:00
5104,073490,LIG아큐버,KOSDAQ,True,2026-05-03 11:47:30.500918+00:00
5105,079950,인베니아,KOSDAQ,True,2026-05-03 11:47:30.500918+00:00
5106,079960,동양이엔피,KOSDAQ,True,2026-05-03 11:47:30.500918+00:00
5107,080220,제주반도체,KOSDAQ,True,2026-05-03 11:47:30.500918+00:00
5108,079170,한창산업,KOSDAQ,True,2026-05-03 11:47:30.500918+00:00
5109,079810,APS이노베이션,KOSDAQ,True,2026-05-03 11:47:30.500918+00:00
5110,052220,iMBC,KOSDAQ,True,2026-05-03 11:47:30.500918+00:00
5111,079650,서산,KOSDAQ,True,2026-05-03 11:47:30.500918+00:00
5112,052900,KX하이텍,KOSDAQ,True,2026-05-03 11:47:30.500918+00:00
5113,066910,손오공,KOSDAQ,True,2026-05-03 11:47:30.500918+00:00
5114,049950,미래컴퍼니,KOSDAQ,True,2026-05-03 11:47:30.500918+00:00
5115,052460,아이크래프트,KOSDAQ,True,2026-05-03 11:47:30.500918+00:00
5116,072870,메가스터디,KOSDAQ,True,2026-05-03 11:47:30.500918+00:00
5117,073010,케이에스피,KOSDAQ,True,2026-05-03 11:47:30.500918+00:00
5118,046440,KG파이낸셜,KOSDAQ,True,2026-05-03 11:47:30.500918+00:00
5119,078600,대주전자재료,KOSDAQ,True,2026-05-03 11:47:30.500918+00:00
5120,054450,텔레칩스,KOSDAQ,True,2026-05-03 11:47:30.500918+00:00
5121,078150,HB테크놀러지,KOSDAQ,True,2026-05-03 11:47:30.500918+00:00
5122,067990,도이치모터스,KOSDAQ,True,2026-05-03 11:47:30.500918+00:00
5123,051360,토비스,KOSDAQ,True,2026-05-03 11:47:30.500918+00:00
5124,078130,국일제지,KOSDAQ,True,2026-05-03 11:47:30.500918+00:00
5125,068790,DMS,KOSDAQ,True,2026-05-03 11:47:30.500918+00:00
5126,048870,시너지이노베이션,KOSDAQ,True,2026-05-03 11:47:30.500918+00:00
5127,065350,신성델타테크,KOSDAQ,True,2026-05-03 11:47:30.500918+00:00
5128,039340,한국경제TV,KOSDAQ,True,2026-05-03 11:47:30.500918+00:00
5129,064260,다날,KOSDAQ,True,2026-05-03 11:47:30.500918+00:00
5130,011080,형지I&C,KOSDAQ,True,2026-05-03 11:47:30.500918+00:00
5131,050090,비케이홀딩스,KOSDAQ,True,2026-05-03 11:47:30.500918+00:00
5132,057030,YBM넷,KOSDAQ,True,2026-05-03 11:47:30.500918+00:00
5133,065770,CS,KOSDAQ,True,2026-05-03 11:47:30.500918+00:00
5134,074430,아미노로직스,KOSDAQ,True,2026-05-03 11:47:30.500918+00:00
5135,066700,테라젠이텍스,KOSDAQ,True,2026-05-03 11:47:30.500918+00:00
5136,066900,디에이피,KOSDAQ,True,2026-05-03 11:47:30.500918+00:00
5137,078350,한양디지텍,KOSDAQ,True,2026-05-03 11:47:30.500918+00:00
5138,075970,동국알앤에스,KOSDAQ,True,2026-05-03 11:47:30.500918+00:00
5139,069540,빛과전자,KOSDAQ,True,2026-05-03 11:47:30.500918+00:00
5140,073190,듀오백,KOSDAQ,True,2026-05-03 11:47:30.500918+00:00
5141,054090,삼진엘앤디,KOSDAQ,True,2026-05-03 11:47:30.500918+00:00
5142,041910,폴라리스AI파마,KOSDAQ,True,2026-05-03 11:47:30.500918+00:00
5143,067770,세진티에스,KOSDAQ,True,2026-05-03 11:47:30.500918+00:00
5144,070590,인티큐브,KOSDAQ,True,2026-05-03 11:47:30.500918+00:00
5145,073570,리튬포어스,KOSDAQ,True,2026-05-03 11:47:30.500918+00:00
5146,073640,테라사이언스,KOSDAQ,True,2026-05-03 11:47:30.500918+00:00
5147,065680,우주일렉트로,KOSDAQ,True,2026-05-03 11:47:30.500918+00:00
5148,067160,SOOP,KOSDAQ,True,2026-05-03 11:47:30.500918+00:00
5149,060570,드림어스컴퍼니,KOSDAQ,True,2026-05-03 11:47:30.500918+00:00
5150,066410,버킷스튜디오,KOSDAQ,True,2026-05-03 11:47:30.500918+00:00
5151,074600,원익QnC,KOSDAQ,True,2026-05-03 11:47:30.500918+00:00
5152,071280,로체시스템즈,KOSDAQ,True,2026-05-03 11:47:30.500918+00:00
5153,069510,에스텍,KOSDAQ,True,2026-05-03 11:47:30.500918+00:00
5154,067170,오텍,KOSDAQ,True,2026-05-03 11:47:30.500918+00:00
5155,054780,키이스트,KOSDAQ,True,2026-05-03 11:47:30.500918+00:00
5156,041440,현대에버다임,KOSDAQ,True,2026-05-03 11:47:30.500918+00:00
5157,072020,중앙백신,KOSDAQ,True,2026-05-03 11:47:30.500918+00:00
5158,065510,휴비츠,KOSDAQ,True,2026-05-03 11:47:30.500918+00:00
5159,072470,우리산업홀딩스,KOSDAQ,True,2026-05-03 11:47:30.500918+00:00
5160,068930,디지털대성,KOSDAQ,True,2026-05-03 11:47:30.500918+00:00
5161,069330,유아이디,KOSDAQ,True,2026-05-03 11:47:30.500918+00:00
5162,064760,티씨케이,KOSDAQ,True,2026-05-03 11:47:30.500918+00:00
5163,052710,아모텍,KOSDAQ,True,2026-05-03 11:47:30.500918+00:00
5164,065950,웰크론,KOSDAQ,True,2026-05-03 11:47:30.500918+00:00
5165,047310,파워로직스,KOSDAQ,True,2026-05-03 11:47:30.500918+00:00
5166,041520,이엘씨,KOSDAQ,True,2026-05-03 11:47:30.500918+00:00
5167,064240,홈캐스트,KOSDAQ,True,2026-05-03 11:47:30.500918+00:00
5168,066790,씨씨에스,KOSDAQ,True,2026-05-03 11:47:30.500918+00:00
5169,069080,웹젠,KOSDAQ,True,2026-05-03 11:47:30.500918+00:00
5170,067080,대화제약,KOSDAQ,True,2026-05-03 11:47:30.500918+00:00
5171,066590,스모트로닉,KOSDAQ,True,2026-05-03 11:47:30.500918+00:00
5172,067290,JW신약,KOSDAQ,True,2026-05-03 11:47:30.500918+00:00
5173,066130,하츠,KOSDAQ,True,2026-05-03 11:47:30.500918+00:00
5174,065450,빅텍,KOSDAQ,True,2026-05-03 11:47:30.500918+00:00
5175,065130,탑엔지니어링,KOSDAQ,True,2026-05-03 11:47:30.500918+00:00
5176,065440,이루온,KOSDAQ,True,2026-05-03 11:47:30.500918+00:00
5177,049630,재영솔루텍,KOSDAQ,True,2026-05-03 11:47:30.500918+00:00
5178,021650,한국큐빅,KOSDAQ,True,2026-05-03 11:47:30.500918+00:00
5179,051370,인터플렉스,KOSDAQ,True,2026-05-03 11:47:30.500918+00:00
5180,065570,삼영이엔씨,KOSDAQ,True,2026-05-03 11:47:30.500918+00:00
5181,065650,하이퍼코퍼레이션,KOSDAQ,True,2026-05-03 11:47:30.500918+00:00
5182,066980,한성크린텍,KOSDAQ,True,2026-05-03 11:47:30.500918+00:00
5183,016100,리더스코스메틱,KOSDAQ,True,2026-05-03 11:47:30.500918+00:00
5184,042040,케이피엠테크,KOSDAQ,True,2026-05-03 11:47:30.500918+00:00
5185,066670,디티씨,KOSDAQ,True,2026-05-03 11:47:30.500918+00:00
5186,066430,아이로보틱스,KOSDAQ,True,2026-05-03 11:47:30.500918+00:00
5187,047820,초록뱀미디어,KOSDAQ,True,2026-05-03 11:47:30.500918+00:00
5188,064090,인크레더블버즈,KOSDAQ,True,2026-05-03 11:47:30.500918+00:00
5189,049960,쎌바이오텍,KOSDAQ,True,2026-05-03 11:47:30.500918+00:00
5190,053290,NE능률,KOSDAQ,True,2026-05-03 11:47:30.500918+00:00
5191,064520,테크엘,KOSDAQ,True,2026-05-03 11:47:30.500918+00:00
5192,035600,KG이니시스,KOSDAQ,True,2026-05-03 11:47:30.500918+00:00
5193,065170,비엘팜텍,KOSDAQ,True,2026-05-03 11:47:30.500918+00:00
5194,041590,플래스크,KOSDAQ,True,2026-05-03 11:47:30.500918+00:00
5195,042600,새로닉스,KOSDAQ,True,2026-05-03 11:47:30.500918+00:00
5196,065500,오리엔트정공,KOSDAQ,True,2026-05-03 11:47:30.500918+00:00
5197,060900,에이전트AI,KOSDAQ,True,2026-05-03 11:47:30.500918+00:00
5198,066620,국보디자인,KOSDAQ,True,2026-05-03 11:47:30.500918+00:00
5199,052770,아이톡시,KOSDAQ,True,2026-05-03 11:47:30.500918+00:00
5200,065420,에스아이리소스,KOSDAQ,True,2026-05-03 11:47:30.500918+00:00
5201,064800,포니링크,KOSDAQ,True,2026-05-03 11:47:30.500918+00:00
5202,039980,폴라리스AI,KOSDAQ,True,2026-05-03 11:47:30.500918+00:00
5203,048410,현대바이오,KOSDAQ,True,2026-05-03 11:47:30.500918+00:00
5204,058610,에스피지,KOSDAQ,True,2026-05-03 11:47:30.500918+00:00
5205,045340,토탈소프트,KOSDAQ,True,2026-05-03 11:47:30.500918+00:00
5206,065710,서호전기,KOSDAQ,True,2026-05-03 11:47:30.500918+00:00
5207,065690,파커스,KOSDAQ,True,2026-05-03 11:47:30.500918+00:00
5208,060560,HC홈센타,KOSDAQ,True,2026-05-03 11:47:30.500918+00:00
5209,043710,코스리거글로벌,KOSDAQ,True,2026-05-03 11:47:30.500918+00:00
5210,036010,아비코전자,KOSDAQ,True,2026-05-03 11:47:30.500918+00:00
5211,060280,큐렉소,KOSDAQ,True,2026-05-03 11:47:30.500918+00:00
5212,060230,제이케이시냅스,KOSDAQ,True,2026-05-03 11:47:30.500918+00:00
5213,046940,우원개발,KOSDAQ,True,2026-05-03 11:47:30.500918+00:00
5214,057680,티사이언티픽,KOSDAQ,True,2026-05-03 11:47:30.500918+00:00
5215,060150,인선이엔티,KOSDAQ,True,2026-05-03 11:47:30.500918+00:00
5216,065530,와이어블,KOSDAQ,True,2026-05-03 11:47:30.500918+00:00
5217,063440,SM Life Design,KOSDAQ,True,2026-05-03 11:47:30.500918+00:00
5218,051160,지어소프트,KOSDAQ,True,2026-05-03 11:47:30.500918+00:00
5219,065060,지엔코,KOSDAQ,True,2026-05-03 11:47:30.500918+00:00
5220,049180,셀루메드,KOSDAQ,True,2026-05-03 11:47:30.500918+00:00
5221,060720,KH바텍,KOSDAQ,True,2026-05-03 11:47:30.500918+00:00
5222,061040,알에프텍,KOSDAQ,True,2026-05-03 11:47:30.500918+00:00
5223,050760,에스폴리텍,KOSDAQ,True,2026-05-03 11:47:30.500918+00:00
5224,054210,이랜텍,KOSDAQ,True,2026-05-03 11:47:30.500918+00:00
5225,050120,ES큐브,KOSDAQ,True,2026-05-03 11:47:30.500918+00:00
5226,054410,케이피티유,KOSDAQ,True,2026-05-03 11:47:30.500918+00:00
5227,060310,3S,KOSDAQ,True,2026-05-03 11:47:30.500918+00:00
5228,061250,화일약품,KOSDAQ,True,2026-05-03 11:47:30.500918+00:00
5229,053980,오상자이엘,KOSDAQ,True,2026-05-03 11:47:30.500918+00:00
5230,054050,농우바이오,KOSDAQ,True,2026-05-03 11:47:30.500918+00:00
5231,039420,케이엘넷,KOSDAQ,True,2026-05-03 11:47:30.500918+00:00
5232,039440,에스티아이,KOSDAQ,True,2026-05-03 11:47:30.500918+00:00
5233,049550,잉크테크,KOSDAQ,True,2026-05-03 11:47:30.500918+00:00
5234,054670,대한뉴팜,KOSDAQ,True,2026-05-03 11:47:30.500918+00:00
5235,060590,씨티씨바이오,KOSDAQ,True,2026-05-03 11:47:30.500918+00:00
5236,049070,인탑스,KOSDAQ,True,2026-05-03 11:47:30.500918+00:00
5237,060370,LS마린솔루션,KOSDAQ,True,2026-05-03 11:47:30.500918+00:00
5238,051380,피씨디렉트,KOSDAQ,True,2026-05-03 11:47:30.500918+00:00
5239,053270,구영테크,KOSDAQ,True,2026-05-03 11:47:30.500918+00:00
5240,034950,한국기업평가,KOSDAQ,True,2026-05-03 11:47:30.500918+00:00
5241,060260,뉴보텍,KOSDAQ,True,2026-05-03 11:47:30.500918+00:00
5242,060380,동양에스텍,KOSDAQ,True,2026-05-03 11:47:30.500918+00:00
5243,046310,백금T&A,KOSDAQ,True,2026-05-03 11:47:30.500918+00:00
5244,049720,고려신용정보,KOSDAQ,True,2026-05-03 11:47:30.500918+00:00
5245,046890,서울반도체,KOSDAQ,True,2026-05-03 11:47:30.500918+00:00
5246,013990,아가방컴퍼니,KOSDAQ,True,2026-05-03 11:47:30.500918+00:00
5247,058450,한주에이알티,KOSDAQ,True,2026-05-03 11:47:30.500918+00:00
5248,059090,미코,KOSDAQ,True,2026-05-03 11:47:30.500918+00:00
5249,054930,유신,KOSDAQ,True,2026-05-03 11:47:30.500918+00:00
5250,035200,프럼파스트,KOSDAQ,True,2026-05-03 11:47:30.500918+00:00
5251,054040,한국컴퓨터,KOSDAQ,True,2026-05-03 11:47:30.500918+00:00
5252,048470,대동스틸,KOSDAQ,True,2026-05-03 11:47:30.500918+00:00
5253,042500,링네트,KOSDAQ,True,2026-05-03 11:47:30.500918+00:00
5254,040350,크레오에스지,KOSDAQ,True,2026-05-03 11:47:30.500918+00:00
5255,054300,팬스타엔터프라이즈,KOSDAQ,True,2026-05-03 11:47:30.500918+00:00
5256,047080,한빛소프트,KOSDAQ,True,2026-05-03 11:47:30.500918+00:00
5257,060250,NHN KCP,KOSDAQ,True,2026-05-03 11:47:30.500918+00:00
5258,056730,CNT85,KOSDAQ,True,2026-05-03 11:47:30.500918+00:00
5259,053260,금강철강,KOSDAQ,True,2026-05-03 11:47:30.500918+00:00
5260,060240,스타코링크,KOSDAQ,True,2026-05-03 11:47:30.500918+00:00
5261,041930,SY동아,KOSDAQ,True,2026-05-03 11:47:30.500918+00:00
5262,054220,비츠로시스,KOSDAQ,True,2026-05-03 11:47:30.500918+00:00
5263,014940,오리엔탈정공,KOSDAQ,True,2026-05-03 11:47:30.500918+00:00
5264,043590,웰킵스하이텍,KOSDAQ,True,2026-05-03 11:47:30.500918+00:00
5265,058470,리노공업,KOSDAQ,True,2026-05-03 11:47:30.500918+00:00
5266,045300,성우테크론,KOSDAQ,True,2026-05-03 11:47:30.500918+00:00
5267,056190,에스에프에이,KOSDAQ,True,2026-05-03 11:47:30.500918+00:00
5268,056700,신화인터텍,KOSDAQ,True,2026-05-03 11:47:30.500918+00:00
5269,054940,엑사이엔씨,KOSDAQ,True,2026-05-03 11:47:30.500918+00:00
5270,043370,피에이치에이,KOSDAQ,True,2026-05-03 11:47:30.500918+00:00
5271,054620,APS,KOSDAQ,True,2026-05-03 11:47:30.500918+00:00
5272,056360,코위버,KOSDAQ,True,2026-05-03 11:47:30.500918+00:00
5273,043260,성호전자,KOSDAQ,True,2026-05-03 11:47:30.500918+00:00
5274,051390,YW,KOSDAQ,True,2026-05-03 11:47:30.500918+00:00
5275,054540,삼영엠텍,KOSDAQ,True,2026-05-03 11:47:30.500918+00:00
5276,053350,이니텍,KOSDAQ,True,2026-05-03 11:47:30.500918+00:00
5277,056080,유진로봇,KOSDAQ,True,2026-05-03 11:47:30.500918+00:00
5278,044490,태웅,KOSDAQ,True,2026-05-03 11:47:30.500918+00:00
5279,053950,경남제약,KOSDAQ,True,2026-05-03 11:47:30.500918+00:00
5280,053700,삼보모터스,KOSDAQ,True,2026-05-03 11:47:30.500918+00:00
5281,054920,한컴위드,KOSDAQ,True,2026-05-03 11:47:30.500918+00:00
5282,041960,코미팜,KOSDAQ,True,2026-05-03 11:47:30.500918+00:00
5283,053160,프리엠스,KOSDAQ,True,2026-05-03 11:47:30.500918+00:00
5284,052400,코나아이,KOSDAQ,True,2026-05-03 11:47:30.500918+00:00
5285,054180,메디콕스,KOSDAQ,True,2026-05-03 11:47:30.500918+00:00
5286,043090,더테크놀로지,KOSDAQ,True,2026-05-03 11:47:30.500918+00:00
5287,049470,비트플래닛,KOSDAQ,True,2026-05-03 11:47:30.500918+00:00
5288,053050,지에스이,KOSDAQ,True,2026-05-03 11:47:30.500918+00:00
5289,054800,아이디스홀딩스,KOSDAQ,True,2026-05-03 11:47:30.500918+00:00
5290,047770,코데즈컴바인,KOSDAQ,True,2026-05-03 11:47:30.500918+00:00
5291,053800,안랩,KOSDAQ,True,2026-05-03 11:47:30.500918+00:00
5292,040300,YTN,KOSDAQ,True,2026-05-03 11:47:30.500918+00:00
5293,058820,CMG제약,KOSDAQ,True,2026-05-03 11:47:30.500918+00:00
5294,035900,JYP Ent.,KOSDAQ,True,2026-05-03 11:47:30.500918+00:00
5295,021320,KCC건설,KOSDAQ,True,2026-05-03 11:47:30.500918+00:00
5296,053060,세동,KOSDAQ,True,2026-05-03 11:47:30.500918+00:00
5297,053610,프로텍,KOSDAQ,True,2026-05-03 11:47:30.500918+00:00
5298,052790,액토즈소프트,KOSDAQ,True,2026-05-03 11:47:30.500918+00:00
5299,053450,세코닉스,KOSDAQ,True,2026-05-03 11:47:30.500918+00:00
5300,053030,바이넥스,KOSDAQ,True,2026-05-03 11:47:30.500918+00:00
5301,052420,오성첨단소재,KOSDAQ,True,2026-05-03 11:47:30.500918+00:00
5302,053620,태양,KOSDAQ,True,2026-05-03 11:47:30.500918+00:00
5303,052300,오션인더블유,KOSDAQ,True,2026-05-03 11:47:30.500918+00:00
5304,049520,유아이엘,KOSDAQ,True,2026-05-03 11:47:30.500918+00:00
5305,048910,대원미디어,KOSDAQ,True,2026-05-03 11:47:30.500918+00:00
5306,051980,중앙첨단소재,KOSDAQ,True,2026-05-03 11:47:30.500918+00:00
5307,051500,CJ프레시웨이,KOSDAQ,True,2026-05-03 11:47:30.500918+00:00
5308,049120,파인디앤씨,KOSDAQ,True,2026-05-03 11:47:30.500918+00:00
5309,043360,디지아이,KOSDAQ,True,2026-05-03 11:47:30.500918+00:00
5310,052330,코텍,KOSDAQ,True,2026-05-03 11:47:30.500918+00:00
5311,052600,한네트,KOSDAQ,True,2026-05-03 11:47:30.500918+00:00
5312,052020,에스티큐브,KOSDAQ,True,2026-05-03 11:47:30.500918+00:00
5313,043220,티에스넥스젠,KOSDAQ,True,2026-05-03 11:47:30.500918+00:00
5314,051780,큐로홀딩스,KOSDAQ,True,2026-05-03 11:47:30.500918+00:00
5315,033790,피노,KOSDAQ,True,2026-05-03 11:47:30.500918+00:00
5316,051490,나라엠앤디,KOSDAQ,True,2026-05-03 11:47:30.500918+00:00
5317,038870,에코심플렉스,KOSDAQ,True,2026-05-03 11:47:30.500918+00:00
5318,045660,에이텍,KOSDAQ,True,2026-05-03 11:47:30.500918+00:00
5319,045390,대아티아이,KOSDAQ,True,2026-05-03 11:47:30.500918+00:00
5320,050110,캠시스,KOSDAQ,True,2026-05-03 11:47:30.500918+00:00
5321,052260,현대바이오랜드,KOSDAQ,True,2026-05-03 11:47:30.500918+00:00
5322,036540,SFA반도체,KOSDAQ,True,2026-05-03 11:47:30.500918+00:00
5323,038500,삼표시멘트,KOSDAQ,True,2026-05-03 11:47:30.500918+00:00
5324,024850,HLB이노베이션,KOSDAQ,True,2026-05-03 11:47:30.500918+00:00
5325,048550,SM C&C,KOSDAQ,True,2026-05-03 11:47:30.500918+00:00
5326,049830,승일,KOSDAQ,True,2026-05-03 11:47:30.500918+00:00
5327,048770,TPC로보틱스,KOSDAQ,True,2026-05-03 11:47:30.500918+00:00
5328,049430,코메론,KOSDAQ,True,2026-05-03 11:47:30.500918+00:00
5329,044480,빌리언스,KOSDAQ,True,2026-05-03 11:47:30.500918+00:00
5330,046390,삼화네트웍스,KOSDAQ,True,2026-05-03 11:47:30.500918+00:00
5331,014620,성광벤드,KOSDAQ,True,2026-05-03 11:47:30.500918+00:00
5332,048430,유라테크,KOSDAQ,True,2026-05-03 11:47:30.500918+00:00
5333,017480,삼현철강,KOSDAQ,True,2026-05-03 11:47:30.500918+00:00
5334,049480,오픈베이스,KOSDAQ,True,2026-05-03 11:47:30.500918+00:00
5335,042510,라온시큐어,KOSDAQ,True,2026-05-03 11:47:30.500918+00:00
5336,036670,삼양케이씨아이,KOSDAQ,True,2026-05-03 11:47:30.500918+00:00
5337,039830,오로라,KOSDAQ,True,2026-05-03 11:47:30.500918+00:00
5338,036190,금화피에스시,KOSDAQ,True,2026-05-03 11:47:30.500918+00:00
5339,046070,코다코,KOSDAQ,True,2026-05-03 11:47:30.500918+00:00
5340,041830,인바디,KOSDAQ,True,2026-05-03 11:47:30.500918+00:00
5341,014570,고려제약,KOSDAQ,True,2026-05-03 11:47:30.500918+00:00
5342,045520,크린앤사이언스,KOSDAQ,True,2026-05-03 11:47:30.500918+00:00
5343,044180,KD,KOSDAQ,True,2026-05-03 11:47:30.500918+00:00
5344,044960,이글벳,KOSDAQ,True,2026-05-03 11:47:30.500918+00:00
5345,032080,아즈텍WB,KOSDAQ,True,2026-05-03 11:47:30.500918+00:00
5346,010470,오리콤,KOSDAQ,True,2026-05-03 11:47:30.500918+00:00
5347,044340,위닉스,KOSDAQ,True,2026-05-03 11:47:30.500918+00:00
5348,042940,상지건설,KOSDAQ,True,2026-05-03 11:47:30.500918+00:00
5349,048830,엔피케이,KOSDAQ,True,2026-05-03 11:47:30.500918+00:00
5350,000250,삼천당제약,KOSDAQ,True,2026-05-03 11:47:30.500918+00:00
5351,044780,에이치케이,KOSDAQ,True,2026-05-03 11:47:30.500918+00:00
5352,045510,정원엔시스,KOSDAQ,True,2026-05-03 11:47:30.500918+00:00
5353,045100,한양이엔지,KOSDAQ,True,2026-05-03 11:47:30.500918+00:00
5354,040160,누리플렉스,KOSDAQ,True,2026-05-03 11:47:30.500918+00:00
5355,043340,에쎈테크,KOSDAQ,True,2026-05-03 11:47:30.500918+00:00
5356,043650,국순당,KOSDAQ,True,2026-05-03 11:47:30.500918+00:00
5357,037950,엘컴텍,KOSDAQ,True,2026-05-03 11:47:30.500918+00:00
5358,039030,이오테크닉스,KOSDAQ,True,2026-05-03 11:47:30.500918+00:00
5359,038540,상상인,KOSDAQ,True,2026-05-03 11:47:30.500918+00:00
5360,018680,서울제약,KOSDAQ,True,2026-05-03 11:47:30.500918+00:00
5361,046210,HLB파나진,KOSDAQ,True,2026-05-03 11:47:30.500918+00:00
5362,039860,나노엔텍,KOSDAQ,True,2026-05-03 11:47:30.500918+00:00
5363,045060,오공,KOSDAQ,True,2026-05-03 11:47:30.500918+00:00
5364,043100,알파AI,KOSDAQ,True,2026-05-03 11:47:30.500918+00:00
5365,042370,비츠로테크,KOSDAQ,True,2026-05-03 11:47:30.500918+00:00
5366,045970,코아시아,KOSDAQ,True,2026-05-03 11:47:30.500918+00:00
5367,040420,정상제이엘에스,KOSDAQ,True,2026-05-03 11:47:30.500918+00:00
5368,007370,진양제약,KOSDAQ,True,2026-05-03 11:47:30.500918+00:00
5369,043610,KT지니뮤직,KOSDAQ,True,2026-05-03 11:47:30.500918+00:00
5370,036890,진성티이씨,KOSDAQ,True,2026-05-03 11:47:30.500918+00:00
5371,039010,현대에이치티,KOSDAQ,True,2026-05-03 11:47:30.500918+00:00
5372,009300,삼아제약,KOSDAQ,True,2026-05-03 11:47:30.500918+00:00
5373,043200,파루,KOSDAQ,True,2026-05-03 11:47:30.500918+00:00
5374,042110,에스씨디,KOSDAQ,True,2026-05-03 11:47:30.500918+00:00
5375,039740,한국정보공학,KOSDAQ,True,2026-05-03 11:47:30.500918+00:00
5376,039840,디오,KOSDAQ,True,2026-05-03 11:47:30.500918+00:00
5377,042420,네오위즈홀딩스,KOSDAQ,True,2026-05-03 11:47:30.500918+00:00
5378,039560,다산네트웍스,KOSDAQ,True,2026-05-03 11:47:30.500918+00:00
5379,038460,바이오스마트,KOSDAQ,True,2026-05-03 11:47:30.500918+00:00
5380,032820,우리기술,KOSDAQ,True,2026-05-03 11:47:30.500918+00:00
5381,001540,안국약품,KOSDAQ,True,2026-05-03 11:47:30.500918+00:00
5382,039310,세중,KOSDAQ,True,2026-05-03 11:47:30.500918+00:00
5383,041190,우리기술투자,KOSDAQ,True,2026-05-03 11:47:30.500918+00:00
5384,038530,케이바이오랩스,KOSDAQ,True,2026-05-03 11:47:30.500918+00:00
5385,036640,HRS,KOSDAQ,True,2026-05-03 11:47:30.500918+00:00
5386,031330,에스에이엠티,KOSDAQ,True,2026-05-03 11:47:30.500918+00:00
5387,038620,위즈코프,KOSDAQ,True,2026-05-03 11:47:30.500918+00:00
5388,039020,이건홀딩스,KOSDAQ,True,2026-05-03 11:47:30.500918+00:00
5389,038950,파인디지털,KOSDAQ,True,2026-05-03 11:47:30.500918+00:00
5390,036800,나이스정보통신,KOSDAQ,True,2026-05-03 11:47:30.500918+00:00
5391,040610,SG&G,KOSDAQ,True,2026-05-03 11:47:30.500918+00:00
5392,038880,아이에이,KOSDAQ,True,2026-05-03 11:47:30.500918+00:00
5393,038680,에스넷,KOSDAQ,True,2026-05-03 11:47:30.500918+00:00
5394,041510,에스엠,KOSDAQ,True,2026-05-03 11:47:30.500918+00:00
5395,010280,아이티센엔텍,KOSDAQ,True,2026-05-03 11:47:30.500918+00:00
5396,037760,쎄니트,KOSDAQ,True,2026-05-03 11:47:30.500918+00:00
5397,036480,대성미생물,KOSDAQ,True,2026-05-03 11:47:30.500918+00:00
5398,038110,에코플라스틱,KOSDAQ,True,2026-05-03 11:47:30.500918+00:00
5399,032500,케이엠더블유,KOSDAQ,True,2026-05-03 11:47:30.500918+00:00
5400,039610,화성밸브,KOSDAQ,True,2026-05-03 11:47:30.500918+00:00
5401,039240,경남스틸,KOSDAQ,True,2026-05-03 11:47:30.500918+00:00
5402,038290,마크로젠,KOSDAQ,True,2026-05-03 11:47:30.500918+00:00
5403,037440,희림,KOSDAQ,True,2026-05-03 11:47:30.500918+00:00
5404,038390,레드캡투어,KOSDAQ,True,2026-05-03 11:47:30.500918+00:00
5405,036830,솔브레인홀딩스,KOSDAQ,True,2026-05-03 11:47:30.500918+00:00
5406,036810,에프에스티,KOSDAQ,True,2026-05-03 11:47:30.500918+00:00
5407,036690,코맥스,KOSDAQ,True,2026-05-03 11:47:30.500918+00:00
5408,037370,EG,KOSDAQ,True,2026-05-03 11:47:30.500918+00:00
5409,036620,감성코퍼레이션,KOSDAQ,True,2026-05-03 11:47:30.500918+00:00
5410,037350,성도이엔지,KOSDAQ,True,2026-05-03 11:47:30.500918+00:00
5411,038010,제일테크노스,KOSDAQ,True,2026-05-03 11:47:30.500918+00:00
5412,001810,무림SP,KOSDAQ,True,2026-05-03 11:47:30.500918+00:00
5413,036630,세종텔레콤,KOSDAQ,True,2026-05-03 11:47:30.500918+00:00
5414,036710,심텍홀딩스,KOSDAQ,True,2026-05-03 11:47:30.500918+00:00
5415,037070,파세코,KOSDAQ,True,2026-05-03 11:47:30.500918+00:00
5416,036560,KZ정밀,KOSDAQ,True,2026-05-03 11:47:30.500918+00:00
5417,016250,SGC E&C,KOSDAQ,True,2026-05-03 11:47:30.500918+00:00
5418,035890,서희건설,KOSDAQ,True,2026-05-03 11:47:30.500918+00:00
5419,036930,주성엔지니어링,KOSDAQ,True,2026-05-03 11:47:30.500918+00:00
5420,036030,케이티알파,KOSDAQ,True,2026-05-03 11:47:30.500918+00:00
5421,032190,다우데이타,KOSDAQ,True,2026-05-03 11:47:30.500918+00:00
5422,005290,동진쎄미켐,KOSDAQ,True,2026-05-03 11:47:30.500918+00:00
5423,003100,선광,KOSDAQ,True,2026-05-03 11:47:30.500918+00:00
5424,036170,에이치엠넥스,KOSDAQ,True,2026-05-03 11:47:30.500918+00:00
5425,026040,제이에스티나,KOSDAQ,True,2026-05-03 11:47:30.500918+00:00
5426,037230,한국팩키지,KOSDAQ,True,2026-05-03 11:47:30.500918+00:00
5427,037460,삼지전자,KOSDAQ,True,2026-05-03 11:47:30.500918+00:00
5428,037400,우리엔터프라이즈,KOSDAQ,True,2026-05-03 11:47:30.500918+00:00
5429,033640,네패스,KOSDAQ,True,2026-05-03 11:47:30.500918+00:00
5430,037330,인지디스플레,KOSDAQ,True,2026-05-03 11:47:30.500918+00:00
5431,036090,위지트,KOSDAQ,True,2026-05-03 11:47:30.500918+00:00
5432,036200,유니셈,KOSDAQ,True,2026-05-03 11:47:30.500918+00:00
5433,024800,유성티엔에스,KOSDAQ,True,2026-05-03 11:47:30.500918+00:00
5434,027050,코리아나,KOSDAQ,True,2026-05-03 11:47:30.500918+00:00
5435,035290,골드앤에스,KOSDAQ,True,2026-05-03 11:47:30.500918+00:00
5436,036120,서울평가정보,KOSDAQ,True,2026-05-03 11:47:30.500918+00:00
5437,027040,서울전자통신,KOSDAQ,True,2026-05-03 11:47:30.500918+00:00
5438,027830,대성창투,KOSDAQ,True,2026-05-03 11:47:30.500918+00:00
5439,036000,예림당,KOSDAQ,True,2026-05-03 11:47:30.500918+00:00
5440,035760,CJ ENM,KOSDAQ,True,2026-05-03 11:47:30.500918+00:00
5441,035810,이지홀딩스,KOSDAQ,True,2026-05-03 11:47:30.500918+00:00
5442,035460,기산텔레콤,KOSDAQ,True,2026-05-03 11:47:30.500918+00:00
5443,035620,바른손이앤에이,KOSDAQ,True,2026-05-03 11:47:30.500918+00:00
5444,035610,솔본,KOSDAQ,True,2026-05-03 11:47:30.500918+00:00
5445,020710,시공테크,KOSDAQ,True,2026-05-03 11:47:30.500918+00:00
5446,012790,신일제약,KOSDAQ,True,2026-05-03 11:47:30.500918+00:00
5447,034940,조아제약,KOSDAQ,True,2026-05-03 11:47:30.500918+00:00
5448,033230,인성정보,KOSDAQ,True,2026-05-03 11:47:30.500918+00:00
5449,035080,그래디언트,KOSDAQ,True,2026-05-03 11:47:30.500918+00:00
5450,005160,동국산업,KOSDAQ,True,2026-05-03 11:47:30.500918+00:00
5451,005990,매일홀딩스,KOSDAQ,True,2026-05-03 11:47:30.500918+00:00
5452,034810,해성산업,KOSDAQ,True,2026-05-03 11:47:30.500918+00:00
5453,025770,한국정보통신,KOSDAQ,True,2026-05-03 11:47:30.500918+00:00
5454,033540,파라텍,KOSDAQ,True,2026-05-03 11:47:30.500918+00:00
5455,033500,동성화인텍,KOSDAQ,True,2026-05-03 11:47:30.500918+00:00
5456,030350,드래곤플라이,KOSDAQ,True,2026-05-03 11:47:30.500918+00:00
5457,033160,엠케이전자,KOSDAQ,True,2026-05-03 11:47:30.500918+00:00
5458,033310,엠투엔,KOSDAQ,True,2026-05-03 11:47:30.500918+00:00
5459,033320,제이씨현시스템,KOSDAQ,True,2026-05-03 11:47:30.500918+00:00
5460,009520,포스코엠텍,KOSDAQ,True,2026-05-03 11:47:30.500918+00:00
5461,013810,스페코,KOSDAQ,True,2026-05-03 11:47:30.500918+00:00
5462,033340,좋은사람들,KOSDAQ,True,2026-05-03 11:47:30.500918+00:00
5463,033290,로젠,KOSDAQ,True,2026-05-03 11:47:30.500918+00:00
5464,033200,모아텍,KOSDAQ,True,2026-05-03 11:47:30.500918+00:00
5465,015710,코콤,KOSDAQ,True,2026-05-03 11:47:30.500918+00:00
5466,033100,제룡전기,KOSDAQ,True,2026-05-03 11:47:30.500918+00:00
5467,033050,제이엠아이,KOSDAQ,True,2026-05-03 11:47:30.500918+00:00
5468,033130,디지틀조선,KOSDAQ,True,2026-05-03 11:47:30.500918+00:00
5469,032980,바이온,KOSDAQ,True,2026-05-03 11:47:30.500918+00:00
5470,019210,와이지-원,KOSDAQ,True,2026-05-03 11:47:30.500918+00:00
5471,026150,특수건설,KOSDAQ,True,2026-05-03 11:47:30.500918+00:00
5472,031310,아이즈비전,KOSDAQ,True,2026-05-03 11:47:30.500918+00:00
5473,032960,동일기연,KOSDAQ,True,2026-05-03 11:47:30.500918+00:00
5474,032680,소프트센,KOSDAQ,True,2026-05-03 11:47:30.500918+00:00
5475,032940,원익,KOSDAQ,True,2026-05-03 11:47:30.500918+00:00
5476,008290,원풍물산,KOSDAQ,True,2026-05-03 11:47:30.500918+00:00
5477,032750,삼진,KOSDAQ,True,2026-05-03 11:47:30.500918+00:00
5478,032860,더라미,KOSDAQ,True,2026-05-03 11:47:30.500918+00:00
5479,032850,비트컴퓨터,KOSDAQ,True,2026-05-03 11:47:30.500918+00:00
5480,032790,엠젠솔루션,KOSDAQ,True,2026-05-03 11:47:30.500918+00:00
5481,032800,판타지오,KOSDAQ,True,2026-05-03 11:47:30.500918+00:00
5482,032620,GC메디아이,KOSDAQ,True,2026-05-03 11:47:30.500918+00:00
5483,032580,피델릭스,KOSDAQ,True,2026-05-03 11:47:30.500918+00:00
5484,032540,TJ미디어,KOSDAQ,True,2026-05-03 11:47:30.500918+00:00
5485,028080,휴맥스홀딩스,KOSDAQ,True,2026-05-03 11:47:30.500918+00:00
5486,032280,삼일,KOSDAQ,True,2026-05-03 11:47:30.500918+00:00
5487,012340,뉴인텍,KOSDAQ,True,2026-05-03 11:47:30.500918+00:00
5488,031510,오스템,KOSDAQ,True,2026-05-03 11:47:30.500918+00:00
5489,031860,디에이치엑스컴퍼니,KOSDAQ,True,2026-05-03 11:47:30.500918+00:00
5490,031980,피에스케이홀딩스,KOSDAQ,True,2026-05-03 11:47:30.500918+00:00
5491,011560,세보엠이씨,KOSDAQ,True,2026-05-03 11:47:30.500918+00:00
5492,024740,한일단조,KOSDAQ,True,2026-05-03 11:47:30.500918+00:00
5493,030960,양지사,KOSDAQ,True,2026-05-03 11:47:30.500918+00:00
5494,030530,원익홀딩스,KOSDAQ,True,2026-05-03 11:47:30.500918+00:00
5495,030520,한글과컴퓨터,KOSDAQ,True,2026-05-03 11:47:30.500918+00:00
5496,021880,메이슨캐피탈,KOSDAQ,True,2026-05-03 11:47:30.500918+00:00
5497,029480,광무,KOSDAQ,True,2026-05-03 11:47:30.500918+00:00
5498,021040,대호특수강,KOSDAQ,True,2026-05-03 11:47:30.500918+00:00
5499,028300,HLB,KOSDAQ,True,2026-05-03 11:47:30.500918+00:00
5500,027710,팜스토리,KOSDAQ,True,2026-05-03 11:47:30.500918+00:00
5501,023600,삼보판지,KOSDAQ,True,2026-05-03 11:47:30.500918+00:00
5502,018310,삼목에스폼,KOSDAQ,True,2026-05-03 11:47:30.500918+00:00
5503,003800,에이스침대,KOSDAQ,True,2026-05-03 11:47:30.500918+00:00
5504,014190,원익큐브,KOSDAQ,True,2026-05-03 11:47:30.500918+00:00
5505,012700,리드코프,KOSDAQ,True,2026-05-03 11:47:30.500918+00:00
5506,018000,유니슨,KOSDAQ,True,2026-05-03 11:47:30.500918+00:00
5507,025980,아난티,KOSDAQ,True,2026-05-03 11:47:30.500918+00:00
5508,026910,광진실업,KOSDAQ,True,2026-05-03 11:47:30.500918+00:00
5509,017250,인터엠,KOSDAQ,True,2026-05-03 11:47:30.500918+00:00
5510,015750,성우하이텍,KOSDAQ,True,2026-05-03 11:47:30.500918+00:00
5511,020180,대신정보통신,KOSDAQ,True,2026-05-03 11:47:30.500918+00:00
5512,006730,서부T&D,KOSDAQ,True,2026-05-03 11:47:30.500918+00:00
5513,025950,동신건설,KOSDAQ,True,2026-05-03 11:47:30.500918+00:00
5514,025900,동화기업,KOSDAQ,True,2026-05-03 11:47:30.500918+00:00
5515,025870,신라에스지,KOSDAQ,True,2026-05-03 11:47:30.500918+00:00
5516,025880,케이씨피드,KOSDAQ,True,2026-05-03 11:47:30.500918+00:00
5517,002680,한탑,KOSDAQ,True,2026-05-03 11:47:30.500918+00:00
5518,025550,한국선재,KOSDAQ,True,2026-05-03 11:47:30.500918+00:00
5519,025440,DH오토웨어,KOSDAQ,True,2026-05-03 11:47:30.500918+00:00
5520,025320,시노펙스,KOSDAQ,True,2026-05-03 11:47:30.500918+00:00
5521,024940,PN풍년,KOSDAQ,True,2026-05-03 11:47:30.500918+00:00
5522,024950,삼천리자전거,KOSDAQ,True,2026-05-03 11:47:30.500918+00:00
5523,014100,메디앙스,KOSDAQ,True,2026-05-03 11:47:30.500918+00:00
5524,024840,KBI메탈,KOSDAQ,True,2026-05-03 11:47:30.500918+00:00
5525,024910,경창산업,KOSDAQ,True,2026-05-03 11:47:30.500918+00:00
5526,004780,대륙제관,KOSDAQ,True,2026-05-03 11:47:30.500918+00:00
5527,013120,동원개발,KOSDAQ,True,2026-05-03 11:47:30.500918+00:00
5528,024830,세원물산,KOSDAQ,True,2026-05-03 11:47:30.500918+00:00
5529,024880,케이피에프,KOSDAQ,True,2026-05-03 11:47:30.500918+00:00
5530,024120,KB오토시스,KOSDAQ,True,2026-05-03 11:47:30.500918+00:00
5531,017000,신원종합개발,KOSDAQ,True,2026-05-03 11:47:30.500918+00:00
5532,024060,흥구석유,KOSDAQ,True,2026-05-03 11:47:30.500918+00:00
5533,023910,대한약품,KOSDAQ,True,2026-05-03 11:47:30.500918+00:00
5534,001840,이화공영,KOSDAQ,True,2026-05-03 11:47:30.500918+00:00
5535,023900,풍국주정,KOSDAQ,True,2026-05-03 11:47:30.500918+00:00
5536,017650,대림제지,KOSDAQ,True,2026-05-03 11:47:30.500918+00:00
5537,010170,대한광통신,KOSDAQ,True,2026-05-03 11:47:30.500918+00:00
5538,023790,동일스틸럭스,KOSDAQ,True,2026-05-03 11:47:30.500918+00:00
5539,023770,플레이위드,KOSDAQ,True,2026-05-03 11:47:30.500918+00:00
5540,023760,한국캐피탈,KOSDAQ,True,2026-05-03 11:47:30.500918+00:00
5541,005860,한일사료,KOSDAQ,True,2026-05-03 11:47:30.500918+00:00
5542,012860,모베이스전자,KOSDAQ,True,2026-05-03 11:47:30.500918+00:00
5543,006050,국영지앤엠,KOSDAQ,True,2026-05-03 11:47:30.500918+00:00
5544,023410,유진기업,KOSDAQ,True,2026-05-03 11:47:30.500918+00:00
5545,023440,제이스코홀딩스,KOSDAQ,True,2026-05-03 11:47:30.500918+00:00
5546,006910,보성파워텍,KOSDAQ,True,2026-05-03 11:47:30.500918+00:00
5547,018290,브이티,KOSDAQ,True,2026-05-03 11:47:30.500918+00:00
5548,023160,태광,KOSDAQ,True,2026-05-03 11:47:30.500918+00:00
5549,007530,와이엠,KOSDAQ,True,2026-05-03 11:47:30.500918+00:00
5550,001000,신라섬유,KOSDAQ,True,2026-05-03 11:47:30.500918+00:00
5551,012620,원일특강,KOSDAQ,True,2026-05-03 11:47:30.500918+00:00
5552,011370,서한,KOSDAQ,True,2026-05-03 11:47:30.500918+00:00
5553,018700,바른손,KOSDAQ,True,2026-05-03 11:47:30.500918+00:00
5554,014470,부방,KOSDAQ,True,2026-05-03 11:47:30.500918+00:00
5555,007720,소노스퀘어,KOSDAQ,True,2026-05-03 11:47:30.500918+00:00
5556,013720,THE CUBE&,KOSDAQ,True,2026-05-03 11:47:30.500918+00:00
5557,011320,유니크,KOSDAQ,True,2026-05-03 11:47:30.500918+00:00
5558,018120,진로발효,KOSDAQ,True,2026-05-03 11:47:30.500918+00:00
5559,009620,삼보산업,KOSDAQ,True,2026-05-03 11:47:30.500918+00:00
5560,005670,푸드웰,KOSDAQ,True,2026-05-03 11:47:30.500918+00:00
5561,007330,푸른저축은행,KOSDAQ,True,2026-05-03 11:47:30.500918+00:00
5562,006140,피제이전자,KOSDAQ,True,2026-05-03 11:47:30.500918+00:00
5563,019010,베뉴지,KOSDAQ,True,2026-05-03 11:47:30.500918+00:00
5564,009780,엠에스씨,KOSDAQ,True,2026-05-03 11:47:30.500918+00:00
5565,020400,대동금속,KOSDAQ,True,2026-05-03 11:47:30.500918+00:00
5566,005710,대원산업,KOSDAQ,True,2026-05-03 11:47:30.500918+00:00
5567,016600,큐캐피탈,KOSDAQ,True,2026-05-03 11:47:30.500918+00:00
5568,004590,한국가구,KOSDAQ,True,2026-05-03 11:47:30.500918+00:00
5569,016670,디모아,KOSDAQ,True,2026-05-03 11:47:30.500918+00:00
5570,000440,중앙에너비스,KOSDAQ,True,2026-05-03 11:47:30.500918+00:00
5571,014970,삼륭물산,KOSDAQ,True,2026-05-03 11:47:30.500918+00:00
5572,011040,경동제약,KOSDAQ,True,2026-05-03 11:47:30.500918+00:00
5573,008370,원풍,KOSDAQ,True,2026-05-03 11:47:30.500918+00:00
5574,007390,네이처셀,KOSDAQ,True,2026-05-03 11:47:30.500918+00:00
5575,002290,삼일기업공사,KOSDAQ,True,2026-05-03 11:47:30.500918+00:00
5576,019540,일지테크,KOSDAQ,True,2026-05-03 11:47:30.500918+00:00
5577,007770,한일화학,KOSDAQ,True,2026-05-03 11:47:30.500918+00:00
5578,017890,한국알콜,KOSDAQ,True,2026-05-03 11:47:30.500918+00:00
5579,003310,대주산업,KOSDAQ,True,2026-05-03 11:47:30.500918+00:00
5580,019660,글로본,KOSDAQ,True,2026-05-03 11:47:30.500918+00:00
5581,017510,세명전기,KOSDAQ,True,2026-05-03 11:47:30.500918+00:00
5582,021080,에이티넘인베스트,KOSDAQ,True,2026-05-03 11:47:30.500918+00:00
5583,008830,대동기어,KOSDAQ,True,2026-05-03 11:47:30.500918+00:00
5584,002230,피에스텍,KOSDAQ,True,2026-05-03 11:47:30.500918+00:00
5585,009730,이렘,KOSDAQ,True,2026-05-03 11:47:30.500918+00:00
5586,016920,카스,KOSDAQ,True,2026-05-03 11:47:30.500918+00:00
5587,013030,하이록코리아,KOSDAQ,True,2026-05-03 11:47:30.500918+00:00
5588,019550,SBI인베스트먼트,KOSDAQ,True,2026-05-03 11:47:30.500918+00:00
5589,019570,플루토스,KOSDAQ,True,2026-05-03 11:47:30.500918+00:00
5590,006920,모헨즈,KOSDAQ,True,2026-05-03 11:47:30.500918+00:00
5591,AAPL,Apple,US,True,2026-05-03 11:47:30.500918+00:00
5592,MSFT,Microsoft,US,True,2026-05-03 11:47:30.500918+00:00
5593,GOOGL,Alphabet,US,True,2026-05-03 11:47:30.500918+00:00
5594,AMZN,Amazon,US,True,2026-05-03 11:47:30.500918+00:00
5595,NVDA,NVIDIA,US,True,2026-05-03 11:47:30.500918+00:00
5596,TSLA,Tesla,US,True,2026-05-03 11:47:30.500918+00:00
5597,META,Meta,US,True,2026-05-03 11:47:30.500918+00:00
5598,BRK.B,Berkshire Hathaway,US,True,2026-05-03 11:47:30.500918+00:00
5599,NFLX,Netflix,US,True,2026-05-03 11:47:30.500918+00:00
5600,CRM,"Salesforce, Inc.",US,True,2026-05-03 11:47:30.500918+00:00
5601,ORCL,Oracle Corp,US,True,2026-05-03 11:47:30.500918+00:00
5602,ADBE,Adobe Inc.,US,True,2026-05-03 11:47:30.500918+00:00
5603,UBER,"Uber Technologies, Inc",US,True,2026-05-03 11:47:30.500918+00:00
5604,PLTR,Palantir,US,True,2026-05-03 11:47:30.500918+00:00
5605,COIN,Coinbase,US,True,2026-05-03 11:47:30.500918+00:00
5606,SOFI,SoFi,US,True,2026-05-03 11:47:30.500918+00:00
5607,MU,Micron,US,True,2026-05-03 11:47:30.500918+00:00
5608,INTC,Intel,US,True,2026-05-03 11:47:30.500918+00:00
5609,AMD,AMD,US,True,2026-05-03 11:47:30.500918+00:00
5610,TSM,TSMC,US,True,2026-05-03 11:47:30.500918+00:00
5611,AVGO,Broadcom,US,True,2026-05-03 11:47:30.500918+00:00
5612,QCOM,Qualcomm Inc/De,US,True,2026-05-03 11:47:30.500918+00:00
5613,ARM,ARM Holdings,US,True,2026-05-03 11:47:30.500918+00:00
5614,ASML,ASML,US,True,2026-05-03 11:47:30.500918+00:00
5615,MRVL,"Marvell Technology, Inc.",US,True,2026-05-03 11:47:30.500918+00:00
5616,LRCX,Lam Research Corp,US,True,2026-05-03 11:47:30.500918+00:00
5617,AMAT,Applied Materials Inc /De,US,True,2026-05-03 11:47:30.500918+00:00
5618,WDC,Western Digital,US,True,2026-05-03 11:47:30.500918+00:00
5619,STX,Seagate Technology Holdings Plc,US,True,2026-05-03 11:47:30.500918+00:00
5620,ON,On Semiconductor Corp,US,True,2026-05-03 11:47:30.500918+00:00
5621,RIVN,"Rivian Automotive, Inc. / De",US,True,2026-05-03 11:47:30.500918+00:00
5622,NIO,Nio Inc.,US,True,2026-05-03 11:47:30.500918+00:00
5623,LI,Li Auto Inc.,US,True,2026-05-03 11:47:30.500918+00:00
5624,LLY,Eli Lilly & Co,US,True,2026-05-03 11:47:30.500918+00:00
5625,NVO,Novo Nordisk A S,US,True,2026-05-03 11:47:30.500918+00:00
5626,PFE,Pfizer Inc,US,True,2026-05-03 11:47:30.500918+00:00
5627,MRNA,"Moderna, Inc.",US,True,2026-05-03 11:47:30.500918+00:00
5628,JPM,Jpmorgan Chase & Co,US,True,2026-05-03 11:47:30.500918+00:00
5629,V,Visa Inc.,US,True,2026-05-03 11:47:30.500918+00:00
5630,MA,Mastercard Inc,US,True,2026-05-03 11:47:30.500918+00:00
5631,GS,Goldman Sachs Group Inc,US,True,2026-05-03 11:47:30.500918+00:00
5632,COST,Costco Wholesale Corp /New,US,True,2026-05-03 11:47:30.500918+00:00
5633,WMT,Walmart Inc.,US,True,2026-05-03 11:47:30.500918+00:00
5634,NKE,"Nike, Inc.",US,True,2026-05-03 11:47:30.500918+00:00
5635,DIS,Walt Disney Co,US,True,2026-05-03 11:47:30.500918+00:00
5636,LMT,Lockheed Martin Corp,US,True,2026-05-03 11:47:30.500918+00:00
5637,RTX,Rtx Corp,US,True,2026-05-03 11:47:30.500918+00:00
5638,NOC,Northrop Grumman Corp /De/,US,True,2026-05-03 11:47:30.500918+00:00
5639,BA,Boeing Co,US,True,2026-05-03 11:47:30.500918+00:00
5640,XOM,Exxon Mobil Corp,US,True,2026-05-03 11:47:30.500918+00:00
5641,CVX,Chevron Corp,US,True,2026-05-03 11:47:30.500918+00:00
5642,SPY,SPY,US,True,2026-05-03 11:47:30.500918+00:00
5643,QQQ,QQQ,US,True,2026-05-03 11:47:30.500918+00:00
5644,TQQQ,TQQQ,US,True,2026-05-03 11:47:30.500918+00:00
5645,SQQQ,ProShares Short QQQ,US,True,2026-05-03 11:47:30.500918+00:00
5646,SOXL,SOXL,US,True,2026-05-03 11:47:30.500918+00:00
5647,SOXS,Direxion Semis Bear 3X,US,True,2026-05-03 11:47:30.500918+00:00
5648,SCHD,SCHD,US,True,2026-05-03 11:47:30.500918+00:00
5649,VOO,Vanguard S&P 500,US,True,2026-05-03 11:47:30.500918+00:00
5650,ARKK,ARK Innovation ETF,US,True,2026-05-03 11:47:30.500918+00:00
5651,JEPI,JPMorgan Equity Premium Income,US,True,2026-05-03 11:47:30.500918+00:00
5652,JEPQ,JPMorgan Nasdaq Equity Premium,US,True,2026-05-03 11:47:30.500918+00:00
5656,005935,삼성전자우,KRX,True,2026-05-03 11:47:39.528093+00:00
5713,SECTOR_DEFENSE,방산주,THEME,True,2026-05-03 11:47:39.528093+00:00
5714,SECTOR_SHIPBUILD,조선주,THEME,True,2026-05-03 11:47:39.528093+00:00
5715,SECTOR_BIO,바이오,THEME,True,2026-05-03 11:47:39.528093+00:00
5716,SECTOR_BANK,은행주,THEME,True,2026-05-03 11:47:39.528093+00:00
5717,SECTOR_SEMI,반도체,THEME,True,2026-05-03 11:47:39.528093+00:00
5718,CRYPTO_BTC,비트코인,CRYPTO,True,2026-05-03 11:47:39.528093+00:00
5719,SNDK,SanDisk,NASDAQ,True,2026-05-03 12:10:33.017491+00:00
8388,BRK-B,Berkshire Hathaway Inc,US,True,2026-05-03 12:13:06.040319+00:00
8395,JNJ,Johnson & Johnson,US,True,2026-05-03 12:13:06.040319+00:00
8401,CYATY,"Contemporary Amperex Technology Co., Limited/Adr",US,True,2026-05-03 12:13:06.040319+00:00
8403,BAC,Bank Of America Corp /De/,US,True,2026-05-03 12:13:06.040319+00:00
8404,CAT,Caterpillar Inc,US,True,2026-05-03 12:13:06.040319+00:00
8406,ABBV,Abbvie Inc.,US,True,2026-05-03 12:13:06.040319+00:00
8407,CSCO,"Cisco Systems, Inc.",US,True,2026-05-03 12:13:06.040319+00:00
8409,HD,"Home Depot, Inc.",US,True,2026-05-03 12:13:06.040319+00:00
8411,PG,Procter & Gamble Co,US,True,2026-05-03 12:13:06.040319+00:00
8413,BABA,Alibaba Group Holding Ltd,US,True,2026-05-03 12:13:06.040319+00:00
8414,KO,Coca Cola Co,US,True,2026-05-03 12:13:06.040319+00:00
8415,HSBC,Hsbc Holdings Plc,US,True,2026-05-03 12:13:06.040319+00:00
8416,UNH,Unitedhealth Group Inc,US,True,2026-05-03 12:13:06.040319+00:00
8418,AZN,Astrazeneca Plc,US,True,2026-05-03 12:13:06.040319+00:00
8419,GE,General Electric Co,US,True,2026-05-03 12:13:06.040319+00:00
8420,MS,Morgan Stanley,US,True,2026-05-03 12:13:06.040319+00:00
8421,NVS,Novartis Ag,US,True,2026-05-03 12:13:06.040319+00:00
8422,MRK,"Merck & Co., Inc.",US,True,2026-05-03 12:13:06.040319+00:00
8424,GEV,Ge Vernova Inc.,US,True,2026-05-03 12:13:06.040319+00:00
8425,TM,Toyota Motor Corp/,US,True,2026-05-03 12:13:06.040319+00:00
8428,WFC,Wells Fargo & Company/Mn,US,True,2026-05-03 12:13:06.040319+00:00
8429,SHEL,Shell Plc,US,True,2026-05-03 12:13:06.040319+00:00
8430,RY,Royal Bank Of Canada,US,True,2026-05-03 12:13:06.040319+00:00
8431,IBM,International Business Machines Corp,US,True,2026-05-03 12:13:06.040319+00:00
8432,PM,Philip Morris International Inc.,US,True,2026-05-03 12:13:06.040319+00:00
8433,KLAC,Kla Corp,US,True,2026-05-03 12:13:06.040319+00:00
8434,C,Citigroup Inc,US,True,2026-05-03 12:13:06.040319+00:00
8435,LIN,Linde Plc,US,True,2026-05-03 12:13:06.040319+00:00
8436,AXP,American Express Co,US,True,2026-05-03 12:13:06.040319+00:00
8437,RTNTF,Rio Tinto Ltd,US,True,2026-05-03 12:13:06.040319+00:00
8438,TMUS,"T-Mobile Us, Inc.",US,True,2026-05-03 12:13:06.040319+00:00
8439,ANET,"Arista Networks, Inc.",US,True,2026-05-03 12:13:06.040319+00:00
8440,MCD,Mcdonalds Corp,US,True,2026-05-03 12:13:06.040319+00:00
8441,TXN,Texas Instruments Inc,US,True,2026-05-03 12:13:06.040319+00:00
8442,PEP,Pepsico Inc,US,True,2026-05-03 12:13:06.040319+00:00
8443,SAP,Sap Se,US,True,2026-05-03 12:13:06.040319+00:00
8444,MUFG,Mitsubishi Ufj Financial Group Inc,US,True,2026-05-03 12:13:06.040319+00:00
8445,BHP,Bhp Group Ltd,US,True,2026-05-03 12:13:06.040319+00:00
8446,VZ,Verizon Communications Inc,US,True,2026-05-03 12:13:06.040319+00:00
8447,TMO,Thermo Fisher Scientific Inc.,US,True,2026-05-03 12:13:06.040319+00:00
8448,NEE,Nextera Energy Inc,US,True,2026-05-03 12:13:06.040319+00:00
8449,TTE,Totalenergies Se,US,True,2026-05-03 12:13:06.040319+00:00
8450,APH,Amphenol Corp /De/,US,True,2026-05-03 12:13:06.040319+00:00
8451,AMGN,Amgen Inc,US,True,2026-05-03 12:13:06.040319+00:00
8454,ADI,Analog Devices Inc,US,True,2026-05-03 12:13:06.040319+00:00
8455,T,At&T Inc.,US,True,2026-05-03 12:13:06.040319+00:00
8456,SAN,"Banco Santander, S.A.",US,True,2026-05-03 12:13:06.040319+00:00
8457,TJX,Tjx Companies Inc /De/,US,True,2026-05-03 12:13:06.040319+00:00
8458,TD,Toronto Dominion Bank,US,True,2026-05-03 12:13:06.040319+00:00
8462,SHOP,Shopify Inc.,US,True,2026-05-03 12:13:06.040319+00:00
8463,DTEGY,Deutsche Telekom Ag,US,True,2026-05-03 12:13:06.040319+00:00
8464,GILD,"Gilead Sciences, Inc.",US,True,2026-05-03 12:13:06.040319+00:00
8465,BLK,"Blackrock, Inc.",US,True,2026-05-03 12:13:06.040319+00:00
8466,ABT,Abbott Laboratories,US,True,2026-05-03 12:13:06.040319+00:00
8467,SCHW,Schwab Charles Corp,US,True,2026-05-03 12:13:06.040319+00:00
8468,ISRG,Intuitive Surgical Inc,US,True,2026-05-03 12:13:06.040319+00:00
8469,APP,Applovin Corp,US,True,2026-05-03 12:13:06.040319+00:00
8470,ETN,Eaton Corp Plc,US,True,2026-05-03 12:13:06.040319+00:00
8472,RIO,Rio Tinto Plc,US,True,2026-05-03 12:13:06.040319+00:00
8473,DE,Deere & Co,US,True,2026-05-03 12:13:06.040319+00:00
8474,BX,Blackstone Inc.,US,True,2026-05-03 12:13:06.040319+00:00
8476,SCCO,Southern Copper Corp/,US,True,2026-05-03 12:13:06.040319+00:00
8477,BKNG,Booking Holdings Inc.,US,True,2026-05-03 12:13:06.040319+00:00
8478,UNP,Union Pacific Corp,US,True,2026-05-03 12:13:06.040319+00:00
8479,COP,Conocophillips,US,True,2026-05-03 12:13:06.040319+00:00
8480,WELL,Welltower Inc.,US,True,2026-05-03 12:13:06.040319+00:00
8481,HTHIY,Hitachi Ltd,US,True,2026-05-03 12:13:06.040319+00:00
8483,PANW,Palo Alto Networks Inc,US,True,2026-05-03 12:13:06.040319+00:00
8484,GLW,Corning Inc /Ny,US,True,2026-05-03 12:13:06.040319+00:00
8485,BUD,Anheuser-Busch Inbev Sa/Nv,US,True,2026-05-03 12:13:06.040319+00:00
8486,HON,Honeywell International Inc,US,True,2026-05-03 12:13:06.040319+00:00
8487,DELL,Dell Technologies Inc.,US,True,2026-05-03 12:13:06.040319+00:00
8488,LOW,Lowes Companies Inc,US,True,2026-05-03 12:13:06.040319+00:00
8489,PDD,Pdd Holdings Inc.,US,True,2026-05-03 12:13:06.040319+00:00
8490,DHR,Danaher Corp /De/,US,True,2026-05-03 12:13:06.040319+00:00
8491,UBS,Ubs Group Ag,US,True,2026-05-03 12:13:06.040319+00:00
8492,PBR,Petrobras - Petroleo Brasileiro Sa,US,True,2026-05-03 12:13:06.040319+00:00
8493,HDB,Hdfc Bank Ltd,US,True,2026-05-03 12:13:06.040319+00:00
8494,IBKR,"Interactive Brokers Group, Inc.",US,True,2026-05-03 12:13:06.040319+00:00
8496,SPGI,S&P Global Inc.,US,True,2026-05-03 12:13:06.040319+00:00
8498,PLD,"Prologis, Inc.",US,True,2026-05-03 12:13:06.040319+00:00
8501,SMFG,"Sumitomo Mitsui Financial Group, Inc.",US,True,2026-05-03 12:13:06.040319+00:00
8502,CB,Chubb Ltd,US,True,2026-05-03 12:13:06.040319+00:00
8503,BBVA,"Banco Bilbao Vizcaya Argentaria, S.A.",US,True,2026-05-03 12:13:06.040319+00:00
8504,COF,Capital One Financial Corp,US,True,2026-05-03 12:13:06.040319+00:00
8506,SYK,Stryker Corp,US,True,2026-05-03 12:13:06.040319+00:00
8507,UL,Unilever Plc,US,True,2026-05-03 12:13:06.040319+00:00
8508,ATEYY,Advantest Corp,US,True,2026-05-03 12:13:06.040319+00:00
8509,PH,Parker-Hannifin Corp,US,True,2026-05-03 12:13:06.040319+00:00
8510,SONY,Sony Group Corp,US,True,2026-05-03 12:13:06.040319+00:00
8511,BMY,Bristol Myers Squibb Co,US,True,2026-05-03 12:13:06.040319+00:00
8512,PGR,Progressive Corp/Oh/,US,True,2026-05-03 12:13:06.040319+00:00
8513,BP,Bp Plc,US,True,2026-05-03 12:13:06.040319+00:00
8514,VRT,Vertiv Holdings Co,US,True,2026-05-03 12:13:06.040319+00:00
8515,ACN,Accenture Plc,US,True,2026-05-03 12:13:06.040319+00:00
8516,NEM,Newmont Corp /De/,US,True,2026-05-03 12:13:06.040319+00:00
8517,BTI,British American Tobacco P.L.C.,US,True,2026-05-03 12:13:06.040319+00:00
8518,CRWD,"Crowdstrike Holdings, Inc.",US,True,2026-05-03 12:13:06.040319+00:00
8519,ENB,Enbridge Inc,US,True,2026-05-03 12:13:06.040319+00:00
8520,SNY,Sanofi,US,True,2026-05-03 12:13:06.040319+00:00
8521,INTU,Intuit Inc.,US,True,2026-05-03 12:13:06.040319+00:00
8522,GSK,Gsk Plc,US,True,2026-05-03 12:13:06.040319+00:00
8523,GLD,Spdr Gold Trust,US,True,2026-05-03 12:13:06.040319+00:00
8524,KXIAY,Kioxia Holdings Corporation/Adr,US,True,2026-05-03 12:13:06.040319+00:00
8525,SBUX,Starbucks Corp,US,True,2026-05-03 12:13:06.040319+00:00
8526,VRTX,Vertex Pharmaceuticals Inc / Ma,US,True,2026-05-03 12:13:06.040319+00:00
8527,MO,"Altria Group, Inc.",US,True,2026-05-03 12:13:06.040319+00:00
8528,EQIX,Equinix Inc,US,True,2026-05-03 12:13:06.040319+00:00
8529,SPOT,Spotify Technology S.A.,US,True,2026-05-03 12:13:06.040319+00:00
8530,BMO,Bank Of Montreal /Can/,US,True,2026-05-03 12:13:06.040319+00:00
8531,TT,Trane Technologies Plc,US,True,2026-05-03 12:13:06.040319+00:00
8532,CMCSA,Comcast Corp,US,True,2026-05-03 12:13:06.040319+00:00
8533,HCA,"Hca Healthcare, Inc.",US,True,2026-05-03 12:13:06.040319+00:00
8534,MDT,Medtronic Plc,US,True,2026-05-03 12:13:06.040319+00:00
8535,BN,Brookfield Corp /On/,US,True,2026-05-03 12:13:06.040319+00:00
8536,NOW,"Servicenow, Inc.",US,True,2026-05-03 12:13:06.040319+00:00
8537,MCK,Mckesson Corp,US,True,2026-05-03 12:13:06.040319+00:00
8538,SO,Southern Co,US,True,2026-05-03 12:13:06.040319+00:00
8539,IBN,Icici Bank Ltd,US,True,2026-05-03 12:13:06.040319+00:00
8540,CME,Cme Group Inc.,US,True,2026-05-03 12:13:06.040319+00:00
8541,AEM,Agnico Eagle Mines Ltd,US,True,2026-05-03 12:13:06.040319+00:00
8542,CEG,Constellation Energy Corp,US,True,2026-05-03 12:13:06.040319+00:00
8544,MFG,Mizuho Financial Group Inc,US,True,2026-05-03 12:13:06.040319+00:00
8545,ITUB,Itau Unibanco Holding S.A.,US,True,2026-05-03 12:13:06.040319+00:00
8546,CM,Canadian Imperial Bank Of Commerce /Can/,US,True,2026-05-03 12:13:06.040319+00:00
8547,MAR,Marriott International Inc /Md/,US,True,2026-05-03 12:13:06.040319+00:00
8548,HWM,Howmet Aerospace Inc.,US,True,2026-05-03 12:13:06.040319+00:00
8549,CVS,Cvs Health Corp,US,True,2026-05-03 12:13:06.040319+00:00
8550,DUK,Duke Energy Corp,US,True,2026-05-03 12:13:06.040319+00:00
8551,FCX,Freeport-Mcmoran Inc,US,True,2026-05-03 12:13:06.040319+00:00
8552,KKR,Kkr & Co. Inc.,US,True,2026-05-03 12:13:06.040319+00:00
8553,BK,Bank Of New York Mellon Corp,US,True,2026-05-03 12:13:06.040319+00:00
8554,FDX,Fedex Corp,US,True,2026-05-03 12:13:06.040319+00:00
8555,MELI,Mercadolibre Inc,US,True,2026-05-03 12:13:06.040319+00:00
8556,BNS,Bank Of Nova Scotia,US,True,2026-05-03 12:13:06.040319+00:00
8557,EQNR,Equinor Asa,US,True,2026-05-03 12:13:06.040319+00:00
8558,CNQ,Canadian Natural Resources Ltd,US,True,2026-05-03 12:13:06.040319+00:00
8559,PNC,"Pnc Financial Services Group, Inc.",US,True,2026-05-03 12:13:06.040319+00:00
8560,PWR,"Quanta Services, Inc.",US,True,2026-05-03 12:13:06.040319+00:00
8561,UPS,United Parcel Service Inc,US,True,2026-05-03 12:13:06.040319+00:00
8562,WM,Waste Management Inc,US,True,2026-05-03 12:13:06.040319+00:00
8563,ICE,"Intercontinental Exchange, Inc.",US,True,2026-05-03 12:13:06.040319+00:00
8564,CDNS,Cadence Design Systems Inc,US,True,2026-05-03 12:13:06.040319+00:00
8565,SNPS,Synopsys Inc,US,True,2026-05-03 12:13:06.040319+00:00
8566,CVNA,Carvana Co.,US,True,2026-05-03 12:13:06.040319+00:00
8567,USB,Us Bancorp \De\,US,True,2026-05-03 12:13:06.040319+00:00
8568,BSX,Boston Scientific Corp,US,True,2026-05-03 12:13:06.040319+00:00
8569,CMI,Cummins Inc,US,True,2026-05-03 12:13:06.040319+00:00
8570,GD,General Dynamics Corp,US,True,2026-05-03 12:13:06.040319+00:00
8571,MGCLY,"Midea Group Co., Ltd./Adr",US,True,2026-05-03 12:13:06.040319+00:00
8573,MRSH,"Marsh & Mclennan Companies, Inc.",US,True,2026-05-03 12:13:06.040319+00:00
8574,WMB,"Williams Companies, Inc.",US,True,2026-05-03 12:13:06.040319+00:00
8575,BAESY,Bae Systems Plc /Fi/,US,True,2026-05-03 12:13:06.040319+00:00
8576,JCI,Johnson Controls International Plc,US,True,2026-05-03 12:13:06.040319+00:00
8577,ABNB,"Airbnb, Inc.",US,True,2026-05-03 12:13:06.040319+00:00
8578,IAU,Ishares Gold Trust,US,True,2026-05-03 12:13:06.040319+00:00
8579,NGG,National Grid Plc,US,True,2026-05-03 12:13:06.040319+00:00
8580,SHW,Sherwin Williams Co,US,True,2026-05-03 12:13:06.040319+00:00
8581,ING,Ing Groep Nv,US,True,2026-05-03 12:13:06.040319+00:00
8582,ADP,Automatic Data Processing Inc,US,True,2026-05-03 12:13:06.040319+00:00
8583,MCO,Moodys Corp /De/,US,True,2026-05-03 12:13:06.040319+00:00
8584,EMR,Emerson Electric Co,US,True,2026-05-03 12:13:06.040319+00:00
8585,AMT,American Tower Corp /Ma/,US,True,2026-05-03 12:13:06.040319+00:00
8586,CSX,Csx Corp,US,True,2026-05-03 12:13:06.040319+00:00
8587,EPD,Enterprise Products Partners L.P.,US,True,2026-05-03 12:13:06.040319+00:00
8588,BCS,Barclays Plc,US,True,2026-05-03 12:13:06.040319+00:00
8589,LYG,Lloyds Banking Group Plc,US,True,2026-05-03 12:13:06.040319+00:00
8590,DASH,"Doordash, Inc.",US,True,2026-05-03 12:13:06.040319+00:00
8591,SLB,Slb Limited/Nv,US,True,2026-05-03 12:13:06.040319+00:00
8592,REGN,"Regeneron Pharmaceuticals, Inc.",US,True,2026-05-03 12:13:06.040319+00:00
8593,BAM,Brookfield Asset Management Ltd.,US,True,2026-05-03 12:13:06.040319+00:00
8594,ORLY,O Reilly Automotive Inc,US,True,2026-05-03 12:13:06.040319+00:00
8595,CRH,Crh Public Ltd Co,US,True,2026-05-03 12:13:06.040319+00:00
8596,E,Eni Spa,US,True,2026-05-03 12:13:06.040319+00:00
8597,MMM,3M Co,US,True,2026-05-03 12:13:06.040319+00:00
8598,ITW,Illinois Tool Works Inc,US,True,2026-05-03 12:13:06.040319+00:00
8599,HLT,Hilton Worldwide Holdings Inc.,US,True,2026-05-03 12:13:06.040319+00:00
8600,SPG,Simon Property Group Inc.,US,True,2026-05-03 12:13:06.040319+00:00
8601,HOOD,"Robinhood Markets, Inc.",US,True,2026-05-03 12:13:06.040319+00:00
8602,AMX,America Movil Sab De Cv/,US,True,2026-05-03 12:13:06.040319+00:00
8603,ECL,Ecolab Inc.,US,True,2026-05-03 12:13:06.040319+00:00
8604,VALE,Vale S.A.,US,True,2026-05-03 12:13:06.040319+00:00
8605,MPWR,Monolithic Power Systems Inc,US,True,2026-05-03 12:13:06.040319+00:00
8606,SU,Suncor Energy Inc,US,True,2026-05-03 12:13:06.040319+00:00
8607,MSI,"Motorola Solutions, Inc.",US,True,2026-05-03 12:13:06.040319+00:00
8608,CP,Canadian Pacific Kansas City Ltd/Cn,US,True,2026-05-03 12:13:06.040319+00:00
8609,CI,Cigna Group,US,True,2026-05-03 12:13:06.040319+00:00
8610,APO,"Apollo Global Management, Inc.",US,True,2026-05-03 12:13:06.040319+00:00
8611,GM,General Motors Co,US,True,2026-05-03 12:13:06.040319+00:00
8612,MNST,Monster Beverage Corp,US,True,2026-05-03 12:13:06.040319+00:00
8613,RCL,Royal Caribbean Cruises Ltd,US,True,2026-05-03 12:13:06.040319+00:00
8614,NTES,"Netease, Inc.",US,True,2026-05-03 12:13:06.040319+00:00
8615,NU,Nu Holdings Ltd.,US,True,2026-05-03 12:13:06.040319+00:00
8616,NET,"Cloudflare, Inc.",US,True,2026-05-03 12:13:06.040319+00:00
8617,IFNNY,Infineon Technologies Ag,US,True,2026-05-03 12:13:06.040319+00:00
8618,ROST,"Ross Stores, Inc.",US,True,2026-05-03 12:13:06.040319+00:00
8619,ELV,"Elevance Health, Inc.",US,True,2026-05-03 12:13:06.040319+00:00
8620,MDLZ,"Mondelez International, Inc.",US,True,2026-05-03 12:13:06.040319+00:00
8621,AON,Aon Plc,US,True,2026-05-03 12:13:06.040319+00:00
8622,AEP,American Electric Power Co Inc,US,True,2026-05-03 12:13:06.040319+00:00
8623,CIEN,Ciena Corp,US,True,2026-05-03 12:13:06.040319+00:00
8624,DLR,"Digital Realty Trust, Inc.",US,True,2026-05-03 12:13:06.040319+00:00
8625,TEL,Te Connectivity Plc,US,True,2026-05-03 12:13:06.040319+00:00
8626,EOG,Eog Resources Inc,US,True,2026-05-03 12:13:06.040319+00:00
8627,CTAS,Cintas Corp,US,True,2026-05-03 12:13:06.040319+00:00
8628,KMI,"Kinder Morgan, Inc.",US,True,2026-05-03 12:13:06.040319+00:00
8629,VLO,Valero Energy Corp/Tx,US,True,2026-05-03 12:13:06.040319+00:00
8631,WBD,"Warner Bros. Discovery, Inc.",US,True,2026-05-03 12:13:06.040319+00:00
8632,B,Barrick Mining Corp,US,True,2026-05-03 12:13:06.040319+00:00
8633,TDG,Transdigm Group Inc,US,True,2026-05-03 12:13:06.040319+00:00
8634,NSC,Norfolk Southern Corp,US,True,2026-05-03 12:13:06.040319+00:00
8635,CNI,Canadian National Railway Co,US,True,2026-05-03 12:13:06.040319+00:00
8636,PCAR,Paccar Inc,US,True,2026-05-03 12:13:06.040319+00:00
8637,RELX,Relx Plc,US,True,2026-05-03 12:13:06.040319+00:00
8638,APD,"Air Products & Chemicals, Inc.",US,True,2026-05-03 12:13:06.040319+00:00
8639,CL,Colgate Palmolive Co,US,True,2026-05-03 12:13:06.040319+00:00
8640,ET,Energy Transfer Lp,US,True,2026-05-03 12:13:06.040319+00:00
8641,MPC,Marathon Petroleum Corp,US,True,2026-05-03 12:13:06.040319+00:00
8642,ASX,"Ase Technology Holding Co., Ltd.",US,True,2026-05-03 12:13:06.040319+00:00
8643,WPM,Wheaton Precious Metals Corp.,US,True,2026-05-03 12:13:06.040319+00:00
8644,LSEGY,London Stock Exchange Group Plc,US,True,2026-05-03 12:13:06.040319+00:00
8645,COHR,Coherent Corp.,US,True,2026-05-03 12:13:06.040319+00:00
8646,NWG,Natwest Group Plc,US,True,2026-05-03 12:13:06.040319+00:00
8647,TRV,"Travelers Companies, Inc.",US,True,2026-05-03 12:13:06.040319+00:00
8648,MFC,Manulife Financial Corp,US,True,2026-05-03 12:13:06.040319+00:00
8649,PSX,Phillips 66,US,True,2026-05-03 12:13:06.040319+00:00
8650,RACE,Ferrari N.V.,US,True,2026-05-03 12:13:06.040319+00:00
8651,TFC,Truist Financial Corp,US,True,2026-05-03 12:13:06.040319+00:00
8652,LHX,"L3Harris Technologies, Inc. /De/",US,True,2026-05-03 12:13:06.040319+00:00
8653,RSG,"Republic Services, Inc.",US,True,2026-05-03 12:13:06.040319+00:00
8654,FTNT,"Fortinet, Inc.",US,True,2026-05-03 12:13:06.040319+00:00
8655,DB,Deutsche Bank Aktiengesellschaft,US,True,2026-05-03 12:13:06.040319+00:00
8656,BE,Bloom Energy Corp,US,True,2026-05-03 12:13:06.040319+00:00
8657,TRP,Tc Energy Corp,US,True,2026-05-03 12:13:06.040319+00:00
8658,UI,Ubiquiti Inc.,US,True,2026-05-03 12:13:06.040319+00:00
8659,CRWV,"Coreweave, Inc.",US,True,2026-05-03 12:13:06.040319+00:00
8660,IMO,Imperial Oil Ltd,US,True,2026-05-03 12:13:06.040319+00:00
8661,AFL,Aflac Inc,US,True,2026-05-03 12:13:06.040319+00:00
8662,SRE,Sempra,US,True,2026-05-03 12:13:06.040319+00:00
8663,COR,"Cencora, Inc.",US,True,2026-05-03 12:13:06.040319+00:00
8664,TGT,Target Corp,US,True,2026-05-03 12:13:06.040319+00:00
8665,AZO,Autozone Inc,US,True,2026-05-03 12:13:06.040319+00:00
8666,LITE,Lumentum Holdings Inc.,US,True,2026-05-03 12:13:06.040319+00:00
8667,BKR,Baker Hughes Co,US,True,2026-05-03 12:13:06.040319+00:00
8668,O,Realty Income Corp,US,True,2026-05-03 12:13:06.040319+00:00
8669,BMWKY,Bayerische Motoren Werke Ag/Adr,US,True,2026-05-03 12:13:06.040319+00:00
8670,TER,"Teradyne, Inc",US,True,2026-05-03 12:13:06.040319+00:00
8671,FIX,Comfort Systems Usa Inc,US,True,2026-05-03 12:13:06.040319+00:00
8672,KEYS,"Keysight Technologies, Inc.",US,True,2026-05-03 12:13:06.040319+00:00
8673,NOK,Nokia Corp,US,True,2026-05-03 12:13:06.040319+00:00
8674,AJG,Arthur J. Gallagher & Co.,US,True,2026-05-03 12:13:06.040319+00:00
8675,EONGY,E.On Se,US,True,2026-05-03 12:13:06.040319+00:00
8676,MSTR,Strategy Inc,US,True,2026-05-03 12:13:06.040319+00:00
8677,BDX,Becton Dickinson & Co,US,True,2026-05-03 12:13:06.040319+00:00
8678,INFY,Infosys Ltd,US,True,2026-05-03 12:13:06.040319+00:00
8679,NXPI,Nxp Semiconductors N.V.,US,True,2026-05-03 12:13:06.040319+00:00
8680,MPLX,Mplx Lp,US,True,2026-05-03 12:13:06.040319+00:00
8681,ALL,Allstate Corp,US,True,2026-05-03 12:13:06.040319+00:00
8682,OXY,Occidental Petroleum Corp /De/,US,True,2026-05-03 12:13:06.040319+00:00
8683,GWW,"W.W. Grainger, Inc.",US,True,2026-05-03 12:13:06.040319+00:00
8684,LNG,"Cheniere Energy, Inc.",US,True,2026-05-03 12:13:06.040319+00:00
8685,PSA,Public Storage,US,True,2026-05-03 12:13:06.040319+00:00
8686,CTVA,"Corteva, Inc.",US,True,2026-05-03 12:13:06.040319+00:00
8687,TAK,Takeda Pharmaceutical Co Ltd,US,True,2026-05-03 12:13:06.040319+00:00
8688,D,"Dominion Energy, Inc",US,True,2026-05-03 12:13:06.040319+00:00
8689,AME,Ametek Inc/,US,True,2026-05-03 12:13:06.040319+00:00
8690,FANG,"Diamondback Energy, Inc.",US,True,2026-05-03 12:13:06.040319+00:00
8691,OKE,Oneok Inc /New/,US,True,2026-05-03 12:13:06.040319+00:00
8693,FERG,Ferguson Enterprises Inc. /De/,US,True,2026-05-03 12:13:06.040319+00:00
8694,FAST,Fastenal Co,US,True,2026-05-03 12:13:06.040319+00:00
8695,VST,Vistra Corp.,US,True,2026-05-03 12:13:06.040319+00:00
8696,SNOW,Snowflake Inc.,US,True,2026-05-03 12:13:06.040319+00:00
8697,ADSK,"Autodesk, Inc.",US,True,2026-05-03 12:13:06.040319+00:00
8698,CARR,Carrier Global Corp,US,True,2026-05-03 12:13:06.040319+00:00
8699,F,Ford Motor Co,US,True,2026-05-03 12:13:06.040319+00:00
8700,GRMN,Garmin Ltd,US,True,2026-05-03 12:13:06.040319+00:00
8701,MET,Metlife Inc,US,True,2026-05-03 12:13:06.040319+00:00
8702,EA,Electronic Arts Inc.,US,True,2026-05-03 12:13:06.040319+00:00
8703,AU,Anglogold Ashanti Plc,US,True,2026-05-03 12:13:06.040319+00:00
8704,ETR,Entergy Corp /De/,US,True,2026-05-03 12:13:06.040319+00:00
8705,CCJ,Cameco Corp,US,True,2026-05-03 12:13:06.040319+00:00
8706,URI,"United Rentals, Inc.",US,True,2026-05-03 12:13:06.040319+00:00
8707,FER,Ferrovial Se,US,True,2026-05-03 12:13:06.040319+00:00
8708,ARGX,Argenx Se,US,True,2026-05-03 12:13:06.040319+00:00
8709,RKLB,Rocket Lab Corp,US,True,2026-05-03 12:13:06.040319+00:00
8710,NDAQ,"Nasdaq, Inc.",US,True,2026-05-03 12:13:06.040319+00:00
8711,TRGP,Targa Resources Corp.,US,True,2026-05-03 12:13:06.040319+00:00
8712,ZTS,Zoetis Inc.,US,True,2026-05-03 12:13:06.040319+00:00
8713,XEL,Xcel Energy Inc,US,True,2026-05-03 12:13:06.040319+00:00
8714,ABEV,Ambev S.A.,US,True,2026-05-03 12:13:06.040319+00:00
8715,CAH,Cardinal Health Inc,US,True,2026-05-03 12:13:06.040319+00:00
8716,CVE,Cenovus Energy Inc.,US,True,2026-05-03 12:13:06.040319+00:00
8717,FNV,Franco Nevada Corp,US,True,2026-05-03 12:13:06.040319+00:00
8718,CMG,Chipotle Mexican Grill Inc,US,True,2026-05-03 12:13:06.040319+00:00
8719,EBAY,Ebay Inc,US,True,2026-05-03 12:13:06.040319+00:00
8720,NUE,Nucor Corp,US,True,2026-05-03 12:13:06.040319+00:00
8721,EXC,Exelon Corp,US,True,2026-05-03 12:13:06.040319+00:00
8722,DHI,Horton D R Inc /De/,US,True,2026-05-03 12:13:06.040319+00:00
8723,GWLIF,Great-West Lifeco Inc.,US,True,2026-05-03 12:13:06.040319+00:00
8724,CSLLY,Csl Ltd,US,True,2026-05-03 12:13:06.040319+00:00
8725,ODFL,"Old Dominion Freight Line, Inc.",US,True,2026-05-03 12:13:06.040319+00:00
8726,PYPL,"Paypal Holdings, Inc.",US,True,2026-05-03 12:13:06.040319+00:00
8727,MT,Arcelormittal,US,True,2026-05-03 12:13:06.040319+00:00
8728,BSBR,Banco Santander (Brasil) S.A.,US,True,2026-05-03 12:13:06.040319+00:00
8729,CLS,Celestica Inc,US,True,2026-05-03 12:13:06.040319+00:00
8730,EW,Edwards Lifesciences Corp,US,True,2026-05-03 12:13:06.040319+00:00
8731,FITB,Fifth Third Bancorp,US,True,2026-05-03 12:13:06.040319+00:00
8732,DAL,"Delta Air Lines, Inc.",US,True,2026-05-03 12:13:06.040319+00:00
8733,ROK,"Rockwell Automation, Inc",US,True,2026-05-03 12:13:06.040319+00:00
8734,DDOG,"Datadog, Inc.",US,True,2026-05-03 12:13:06.040319+00:00
8735,GALDY,Galderma Group Ag/Adr,US,True,2026-05-03 12:13:06.040319+00:00
8736,DEO,Diageo Plc,US,True,2026-05-03 12:13:06.040319+00:00
8737,IDXX,Idexx Laboratories Inc /De,US,True,2026-05-03 12:13:06.040319+00:00
8738,JD,"Jd.Com, Inc.",US,True,2026-05-03 12:13:06.040319+00:00
8739,RKT,"Rocket Companies, Inc.",US,True,2026-05-03 12:13:06.040319+00:00
8740,YUM,Yum Brands Inc,US,True,2026-05-03 12:13:06.040319+00:00
8741,CBRE,"Cbre Group, Inc.",US,True,2026-05-03 12:13:06.040319+00:00
8742,WAB,Westinghouse Air Brake Technologies Corp,US,True,2026-05-03 12:13:06.040319+00:00
8743,MSCI,Msci Inc.,US,True,2026-05-03 12:13:06.040319+00:00
8744,SCMWY,Swisscom Ag,US,True,2026-05-03 12:13:06.040319+00:00
8745,RBLX,Roblox Corp,US,True,2026-05-03 12:13:06.040319+00:00
8746,MCHP,Microchip Technology Inc,US,True,2026-05-03 12:13:06.040319+00:00
8747,XYZ,"Block, Inc.",US,True,2026-05-03 12:13:06.040319+00:00
8748,KR,Kroger Co,US,True,2026-05-03 12:13:06.040319+00:00
8749,BBD,Bank Bradesco,US,True,2026-05-03 12:13:06.040319+00:00
8750,TYHOY,Toyota Tsusho Corporation/Adr,US,True,2026-05-03 12:13:06.040319+00:00
8751,TRI,Thomson Reuters Corp /Can/,US,True,2026-05-03 12:13:06.040319+00:00
8752,AMP,Ameriprise Financial Inc,US,True,2026-05-03 12:13:06.040319+00:00
8753,STT,State Street Corp,US,True,2026-05-03 12:13:06.040319+00:00
8754,CCEP,Coca-Cola Europacific Partners Plc,US,True,2026-05-03 12:13:06.040319+00:00
8755,HLN,Haleon Plc,US,True,2026-05-03 12:13:06.040319+00:00
8756,BIDU,"Baidu, Inc.",US,True,2026-05-03 12:13:06.040319+00:00
8757,AIG,"American International Group, Inc.",US,True,2026-05-03 12:13:06.040319+00:00
8758,ALNY,"Alnylam Pharmaceuticals, Inc.",US,True,2026-05-03 12:13:06.040319+00:00
8759,GFI,Gold Fields Ltd,US,True,2026-05-03 12:13:06.040319+00:00
8760,GBTC,Grayscale Bitcoin Trust Etf,US,True,2026-05-03 12:13:06.040319+00:00
8761,WCN,"Waste Connections, Inc.",US,True,2026-05-03 12:13:06.040319+00:00
8762,TTWO,Take Two Interactive Software Inc,US,True,2026-05-03 12:13:06.040319+00:00
8763,ESLT,Elbit Systems Ltd,US,True,2026-05-03 12:13:06.040319+00:00
8764,FMX,Mexican Economic Development Inc,US,True,2026-05-03 12:13:06.040319+00:00
8765,DIA,Spdr Dow Jones Industrial Average Etf Trust,US,True,2026-05-03 12:13:06.040319+00:00
8766,ED,Consolidated Edison Inc,US,True,2026-05-03 12:13:06.040319+00:00
8767,NBIS,Nebius Group N.V.,US,True,2026-05-03 12:13:06.040319+00:00
8768,ARES,Ares Management Corp,US,True,2026-05-03 12:13:06.040319+00:00
8769,STM,Stmicroelectronics N.V.,US,True,2026-05-03 12:13:06.040319+00:00
8770,PEG,Public Service Enterprise Group Inc,US,True,2026-05-03 12:13:06.040319+00:00
8771,VTR,"Ventas, Inc.",US,True,2026-05-03 12:13:06.040319+00:00
8772,SLF,Sun Life Financial Inc,US,True,2026-05-03 12:13:06.040319+00:00
8773,ALC,Alcon Inc,US,True,2026-05-03 12:13:06.040319+00:00
8774,LVS,Las Vegas Sands Corp,US,True,2026-05-03 12:13:06.040319+00:00
8775,FRFHF,Fairfax Financial Holdings Ltd/ Can,US,True,2026-05-03 12:13:06.040319+00:00
8776,MDLN,Medline Inc.,US,True,2026-05-03 12:13:06.040319+00:00
8777,KGC,Kinross Gold Corp,US,True,2026-05-03 12:13:06.040319+00:00
8778,ERIC,Ericsson Lm Telephone Co,US,True,2026-05-03 12:13:06.040319+00:00
8779,HEI,Heico Corp,US,True,2026-05-03 12:13:06.040319+00:00
8780,HIG,"Hartford Insurance Group, Inc.",US,True,2026-05-03 12:13:06.040319+00:00
8781,HSY,Hershey Co,US,True,2026-05-03 12:13:06.040319+00:00
8782,PUK,Prudential Plc,US,True,2026-05-03 12:13:06.040319+00:00
8783,HPE,Hewlett Packard Enterprise Co,US,True,2026-05-03 12:13:06.040319+00:00
8784,KB,Kb Financial Group Inc.,US,True,2026-05-03 12:13:06.040319+00:00
8785,VMC,Vulcan Materials Co,US,True,2026-05-03 12:13:06.040319+00:00
8786,CCL,Carnival Corp,US,True,2026-05-03 12:13:06.040319+00:00
8787,SYM,Symbotic Inc.,US,True,2026-05-03 12:13:06.040319+00:00
8788,CUK,Carnival Plc,US,True,2026-05-03 12:13:06.040319+00:00
8789,EME,"Emcor Group, Inc.",US,True,2026-05-03 12:13:06.040319+00:00
8790,PCG,Pg&E Corp,US,True,2026-05-03 12:13:06.040319+00:00
8791,ROP,Roper Technologies Inc,US,True,2026-05-03 12:13:06.040319+00:00
8792,TEVA,Teva Pharmaceutical Industries Ltd,US,True,2026-05-03 12:13:06.040319+00:00
8793,CPNG,"Coupang, Inc.",US,True,2026-05-03 12:13:06.040319+00:00
8794,CCI,Crown Castle Inc.,US,True,2026-05-03 12:13:06.040319+00:00
8795,MLM,Martin Marietta Materials Inc,US,True,2026-05-03 12:13:06.040319+00:00
8796,WEC,"Wec Energy Group, Inc.",US,True,2026-05-03 12:13:06.040319+00:00
8797,MDY,Spdr S&P Midcap 400 Etf Trust,US,True,2026-05-03 12:13:06.040319+00:00
8798,VIK,Viking Holdings Ltd,US,True,2026-05-03 12:13:06.040319+00:00
8799,LYV,"Live Nation Entertainment, Inc.",US,True,2026-05-03 12:13:06.040319+00:00
8800,KDP,Keurig Dr Pepper Inc.,US,True,2026-05-03 12:13:06.040319+00:00
8801,QSR,Restaurant Brands International Inc.,US,True,2026-05-03 12:13:06.040319+00:00
8802,ONC,Beone Medicines Ltd.,US,True,2026-05-03 12:13:06.040319+00:00
8803,SYY,Sysco Corp,US,True,2026-05-03 12:13:06.040319+00:00
8804,SATS,Echostar Corp,US,True,2026-05-03 12:13:06.040319+00:00
8805,VOD,Vodafone Group Public Ltd Co,US,True,2026-05-03 12:13:06.040319+00:00
8806,TCOM,Trip.Com Group Ltd,US,True,2026-05-03 12:13:06.040319+00:00
8807,EQT,Eqt Corp,US,True,2026-05-03 12:13:06.040319+00:00
8808,ACGL,Arch Capital Group Ltd.,US,True,2026-05-03 12:13:06.040319+00:00
8809,JBL,Jabil Inc,US,True,2026-05-03 12:13:06.040319+00:00
8810,NTR,Nutrien Ltd.,US,True,2026-05-03 12:13:06.040319+00:00
8811,IRM,Iron Mountain Inc,US,True,2026-05-03 12:13:06.040319+00:00
8812,HBAN,Huntington Bancshares Inc /Md/,US,True,2026-05-03 12:13:06.040319+00:00
8813,KBGGY,Kongsberg Gruppen Asa/Adr,US,True,2026-05-03 12:13:06.040319+00:00
8815,WDAY,"Workday, Inc.",US,True,2026-05-03 12:13:06.040319+00:00
8816,FISV,Fiserv Inc,US,True,2026-05-03 12:13:06.040319+00:00
8817,CRDO,Credo Technology Group Holding Ltd,US,True,2026-05-03 12:13:06.040319+00:00
8818,PTCAY,Pt Chandra Asri Petrochemical Tbk/Adr,US,True,2026-05-03 12:13:06.040319+00:00
8819,IX,Orix Corp,US,True,2026-05-03 12:13:06.040319+00:00
8820,PAYX,Paychex Inc,US,True,2026-05-03 12:13:06.040319+00:00
8821,PRU,Prudential Financial Inc,US,True,2026-05-03 12:13:06.040319+00:00
8822,EXPE,"Expedia Group, Inc.",US,True,2026-05-03 12:13:06.040319+00:00
8823,ADM,Archer-Daniels-Midland Co,US,True,2026-05-03 12:13:06.040319+00:00
8824,IR,Ingersoll Rand Inc.,US,True,2026-05-03 12:13:06.040319+00:00
8825,CHT,Chunghwa Telecom Co Ltd,US,True,2026-05-03 12:13:06.040319+00:00
8826,GELHY,Geely Automobile Holdings Limited/Adr,US,True,2026-05-03 12:13:06.040319+00:00
8827,KVUE,Kenvue Inc.,US,True,2026-05-03 12:13:06.040319+00:00
8828,SHG,Shinhan Financial Group Co Ltd,US,True,2026-05-03 12:13:06.040319+00:00
8829,GEHC,Ge Healthcare Technologies Inc.,US,True,2026-05-03 12:13:06.040319+00:00
8830,WAT,Waters Corp /De/,US,True,2026-05-03 12:13:06.040319+00:00
8831,HMC,Honda Motor Co Ltd,US,True,2026-05-03 12:13:06.040319+00:00
8832,CPRT,Copart Inc,US,True,2026-05-03 12:13:06.040319+00:00
8833,ALAB,"Astera Labs, Inc.",US,True,2026-05-03 12:13:06.040319+00:00
8834,AXON,"Axon Enterprise, Inc.",US,True,2026-05-03 12:13:06.040319+00:00
8835,GFS,Globalfoundries Inc.,US,True,2026-05-03 12:13:06.040319+00:00
8836,MTB,M&T Bank Corp,US,True,2026-05-03 12:13:06.040319+00:00
8837,NTRS,Northern Trust Corp,US,True,2026-05-03 12:13:06.040319+00:00
8838,RMD,Resmed Inc,US,True,2026-05-03 12:13:06.040319+00:00
8839,KMB,Kimberly Clark Corp,US,True,2026-05-03 12:13:06.040319+00:00
8840,HAL,Halliburton Co,US,True,2026-05-03 12:13:06.040319+00:00
8841,DLMAY,Dollarama Inc./Adr,US,True,2026-05-03 12:13:06.040319+00:00
8842,STLD,Steel Dynamics Inc,US,True,2026-05-03 12:13:06.040319+00:00
8843,NRG,"Nrg Energy, Inc.",US,True,2026-05-03 12:13:06.040319+00:00
8844,EXR,Extra Space Storage Inc.,US,True,2026-05-03 12:13:06.040319+00:00
8845,AMRZ,Amrize Ltd,US,True,2026-05-03 12:13:06.040319+00:00
8846,UAL,"United Airlines Holdings, Inc.",US,True,2026-05-03 12:13:06.040319+00:00
8847,RVMD,"Revolution Medicines, Inc.",US,True,2026-05-03 12:13:06.040319+00:00
8848,FLEX,Flex Ltd.,US,True,2026-05-03 12:13:06.040319+00:00
8849,CBOE,"Cboe Global Markets, Inc.",US,True,2026-05-03 12:13:06.040319+00:00
8850,UMC,United Microelectronics Corp,US,True,2026-05-03 12:13:06.040319+00:00
8851,RYAAY,Ryanair Holdings Plc,US,True,2026-05-03 12:13:06.040319+00:00
8852,TPR,"Tapestry, Inc.",US,True,2026-05-03 12:13:06.040319+00:00
8853,TS,Tenaris Sa,US,True,2026-05-03 12:13:06.040319+00:00
8854,OTIS,Otis Worldwide Corp,US,True,2026-05-03 12:13:06.040319+00:00
8855,CHTR,"Charter Communications, Inc. /Mo/",US,True,2026-05-03 12:13:06.040319+00:00
8856,ASTS,"Ast Spacemobile, Inc.",US,True,2026-05-03 12:13:06.040319+00:00
8857,RJF,Raymond James Financial Inc,US,True,2026-05-03 12:13:06.040319+00:00
8858,AEE,Ameren Corp,US,True,2026-05-03 12:13:06.040319+00:00
8859,INSM,Insmed Inc,US,True,2026-05-03 12:13:06.040319+00:00
8860,VICI,Vici Properties Inc.,US,True,2026-05-03 12:13:06.040319+00:00
8861,EC,Ecopetrol S.A.,US,True,2026-05-03 12:13:06.040319+00:00
8862,ATO,Atmos Energy Corp,US,True,2026-05-03 12:13:06.040319+00:00
8863,CQP,"Cheniere Energy Partners, L.P.",US,True,2026-05-03 12:13:06.040319+00:00
8864,TPL,Texas Pacific Land Corp,US,True,2026-05-03 12:13:06.040319+00:00
8865,VG,"Venture Global, Inc.",US,True,2026-05-03 12:13:06.040319+00:00
8866,RDDT,"Reddit, Inc.",US,True,2026-05-03 12:13:06.040319+00:00
8867,DTE,Dte Energy Co,US,True,2026-05-03 12:13:06.040319+00:00
8868,IQV,Iqvia Holdings Inc.,US,True,2026-05-03 12:13:06.040319+00:00
8869,TDY,Teledyne Technologies Inc,US,True,2026-05-03 12:13:06.040319+00:00
8870,DOV,Dover Corp,US,True,2026-05-03 12:13:06.040319+00:00
8871,RPRX,Royalty Pharma Plc,US,True,2026-05-03 12:13:06.040319+00:00
8872,MTZ,Mastec Inc,US,True,2026-05-03 12:13:06.040319+00:00
8873,HUBB,Hubbell Inc,US,True,2026-05-03 12:13:06.040319+00:00
8874,CTSH,Cognizant Technology Solutions Corp,US,True,2026-05-03 12:13:06.040319+00:00
8875,XYL,Xylem Inc.,US,True,2026-05-03 12:13:06.040319+00:00
8876,SUNB,"Sunbelt Rentals Holdings, Inc.",US,True,2026-05-03 12:13:06.040319+00:00
8877,NTRA,"Natera, Inc.",US,True,2026-05-03 12:13:06.040319+00:00
8878,AXIA,Axia Energia S.A.,US,True,2026-05-03 12:13:06.040319+00:00
8879,FTI,Technipfmc Plc,US,True,2026-05-03 12:13:06.040319+00:00
8880,CASY,Caseys General Stores Inc,US,True,2026-05-03 12:13:06.040319+00:00
8881,PPL,Ppl Corp,US,True,2026-05-03 12:13:06.040319+00:00
8882,FSNUY,Fresenius Se & Co. Kgaa,US,True,2026-05-03 12:13:06.040319+00:00
8883,CHLSY,Chocoladefabriken Lindt & Spruengli Ag/Adr,US,True,2026-05-03 12:13:06.040319+00:00
8884,FTS,Fortis Inc.,US,True,2026-05-03 12:13:06.040319+00:00
8885,BNTX,Biontech Se,US,True,2026-05-03 12:13:06.040319+00:00
8886,DVN,Devon Energy Corp/De,US,True,2026-05-03 12:13:06.040319+00:00
8887,Q,"Qnity Electronics, Inc.",US,True,2026-05-03 12:13:06.040319+00:00
8888,WTW,Willis Towers Watson Plc,US,True,2026-05-03 12:13:06.040319+00:00
8889,FE,Firstenergy Corp,US,True,2026-05-03 12:13:06.040319+00:00
8890,SYF,Synchrony Financial,US,True,2026-05-03 12:13:06.040319+00:00
8891,CFG,Citizens Financial Group Inc/Ri,US,True,2026-05-03 12:13:06.040319+00:00
8892,TECK,Teck Resources Ltd,US,True,2026-05-03 12:13:06.040319+00:00
8893,CNP,Centerpoint Energy Inc,US,True,2026-05-03 12:13:06.040319+00:00
8894,VEEV,Veeva Systems Inc,US,True,2026-05-03 12:13:06.040319+00:00
8895,DOW,Dow Inc.,US,True,2026-05-03 12:13:06.040319+00:00
8896,EL,Estee Lauder Companies Inc,US,True,2026-05-03 12:13:06.040319+00:00
8897,FOXA,Fox Corp,US,True,2026-05-03 12:13:06.040319+00:00
8898,DG,Dollar General Corp,US,True,2026-05-03 12:13:06.040319+00:00
8899,STZ,"Constellation Brands, Inc.",US,True,2026-05-03 12:13:06.040319+00:00
8900,PHG,Koninklijke Philips Nv,US,True,2026-05-03 12:13:06.040319+00:00
8901,BIIB,Biogen Inc.,US,True,2026-05-03 12:13:06.040319+00:00
8902,ZM,"Zoom Communications, Inc.",US,True,2026-05-03 12:13:06.040319+00:00
8903,MTD,Mettler Toledo International Inc/,US,True,2026-05-03 12:13:06.040319+00:00
8904,EIX,Edison International,US,True,2026-05-03 12:13:06.040319+00:00
8905,XPO,"Xpo, Inc.",US,True,2026-05-03 12:13:06.040319+00:00
8906,RSHGY,Resona Holdings Inc,US,True,2026-05-03 12:13:06.040319+00:00
8907,CW,Curtiss Wright Corp,US,True,2026-05-03 12:13:06.040319+00:00
8908,BAP,Credicorp Ltd,US,True,2026-05-03 12:13:06.040319+00:00
8909,ROL,Rollins Inc,US,True,2026-05-03 12:13:06.040319+00:00
8910,HUM,Humana Inc,US,True,2026-05-03 12:13:06.040319+00:00
8911,LPLA,Lpl Financial Holdings Inc.,US,True,2026-05-03 12:13:06.040319+00:00
8912,KHC,Kraft Heinz Co,US,True,2026-05-03 12:13:06.040319+00:00
8913,CINF,Cincinnati Financial Corp,US,True,2026-05-03 12:13:06.040319+00:00
8914,VIV,Telefonica Brasil S.A.,US,True,2026-05-03 12:13:06.040319+00:00
8915,TSEM,Tower Semiconductor Ltd,US,True,2026-05-03 12:13:06.040319+00:00
8916,AWK,"American Water Works Company, Inc.",US,True,2026-05-03 12:13:06.040319+00:00
8917,CRCL,"Circle Internet Group, Inc.",US,True,2026-05-03 12:13:06.040319+00:00
8918,SBS,Companhia De Saneamento Basico Do Estado De Sao Paulo-Sabesp,US,True,2026-05-03 12:13:06.040319+00:00
8919,ULTA,"Ulta Beauty, Inc.",US,True,2026-05-03 12:13:06.040319+00:00
8920,CAR,"Avis Budget Group, Inc.",US,True,2026-05-03 12:13:06.040319+00:00
8921,UTHR,United Therapeutics Corp,US,True,2026-05-03 12:13:06.040319+00:00
8922,ES,Eversource Energy,US,True,2026-05-03 12:13:06.040319+00:00
8923,VRSK,"Verisk Analytics, Inc.",US,True,2026-05-03 12:13:06.040319+00:00
8924,TW,Tradeweb Markets Inc.,US,True,2026-05-03 12:13:06.040319+00:00
8925,FN,Fabrinet,US,True,2026-05-03 12:13:06.040319+00:00
8926,SQM,Chemical & Mining Co Of Chile Inc,US,True,2026-05-03 12:13:06.040319+00:00
8927,STLA,Stellantis N.V.,US,True,2026-05-03 12:13:06.040319+00:00
8928,WRB,Berkley W R Corp,US,True,2026-05-03 12:13:06.040319+00:00
8929,PPG,Ppg Industries Inc,US,True,2026-05-03 12:13:06.040319+00:00
8930,VRSN,Verisign Inc/Ca,US,True,2026-05-03 12:13:06.040319+00:00
8931,MKL,Markel Group Inc.,US,True,2026-05-03 12:13:06.040319+00:00
8932,PHM,Pultegroup Inc/Mi/,US,True,2026-05-03 12:13:06.040319+00:00
8933,PBA,Pembina Pipeline Corp,US,True,2026-05-03 12:13:06.040319+00:00
8934,FIS,"Fidelity National Information Services, Inc.",US,True,2026-05-03 12:13:06.040319+00:00
8935,FICO,Fair Isaac Corp,US,True,2026-05-03 12:13:06.040319+00:00
8936,BG,Bunge Global Sa,US,True,2026-05-03 12:13:06.040319+00:00
8937,FCNCA,First Citizens Bancshares Inc /De/,US,True,2026-05-03 12:13:06.040319+00:00
8938,FTAI,Ftai Aviation Ltd.,US,True,2026-05-03 12:13:06.040319+00:00
8939,OMC,Omnicom Group Inc.,US,True,2026-05-03 12:13:06.040319+00:00
8940,RF,Regions Financial Corp,US,True,2026-05-03 12:13:06.040319+00:00
8941,CTRA,Coterra Energy Inc.,US,True,2026-05-03 12:13:06.040319+00:00
8942,AVB,Avalonbay Communities Inc,US,True,2026-05-03 12:13:06.040319+00:00
8943,DXCM,Dexcom Inc,US,True,2026-05-03 12:13:06.040319+00:00
8944,EQR,Equity Residential,US,True,2026-05-03 12:13:06.040319+00:00
8945,WSM,Williams Sonoma Inc,US,True,2026-05-03 12:13:06.040319+00:00
8946,KEY,Keycorp /New/,US,True,2026-05-03 12:13:06.040319+00:00
8948,NMR,Nomura Holdings Inc,US,True,2026-05-03 12:13:06.040319+00:00
8949,AER,Aercap Holdings N.V.,US,True,2026-05-03 12:13:06.040319+00:00
8950,JBHT,Hunt J B Transport Services Inc,US,True,2026-05-03 12:13:06.040319+00:00
8951,BRO,"Brown & Brown, Inc.",US,True,2026-05-03 12:13:06.040319+00:00
8952,TELNY,Telenor Asa,US,True,2026-05-03 12:13:06.040319+00:00
8953,PAAS,Pan American Silver Corp,US,True,2026-05-03 12:13:06.040319+00:00
8954,RL,Ralph Lauren Corp,US,True,2026-05-03 12:13:06.040319+00:00
8955,SLV,Ishares Silver Trust,US,True,2026-05-03 12:13:06.040319+00:00
8956,LEN,Lennar Corp /New/,US,True,2026-05-03 12:13:06.040319+00:00
8957,ALB,Albemarle Corp,US,True,2026-05-03 12:13:06.040319+00:00
8958,CMS,Cms Energy Corp,US,True,2026-05-03 12:13:06.040319+00:00
8959,EFX,Equifax Inc,US,True,2026-05-03 12:13:06.040319+00:00
8960,LYB,Lyondellbasell Industries N.V.,US,True,2026-05-03 12:13:06.040319+00:00
8961,L,Loews Corp,US,True,2026-05-03 12:13:06.040319+00:00
8962,WWD,"Woodward, Inc.",US,True,2026-05-03 12:13:06.040319+00:00
8963,FUTU,Futu Holdings Ltd,US,True,2026-05-03 12:13:06.040319+00:00
8964,WIT,Wipro Ltd,US,True,2026-05-03 12:13:06.040319+00:00
8965,TSN,"Tyson Foods, Inc.",US,True,2026-05-03 12:13:06.040319+00:00
8966,DGX,Quest Diagnostics Inc,US,True,2026-05-03 12:13:06.040319+00:00
8967,DRI,Darden Restaurants Inc,US,True,2026-05-03 12:13:06.040319+00:00
8968,EXE,Expand Energy Corp,US,True,2026-05-03 12:13:06.040319+00:00
8969,SBAC,Sba Communications Corp,US,True,2026-05-03 12:13:06.040319+00:00
8970,LH,Labcorp Holdings Inc.,US,True,2026-05-03 12:13:06.040319+00:00
8971,NI,Nisource Inc.,US,True,2026-05-03 12:13:06.040319+00:00
8972,CPAY,"Corpay, Inc.",US,True,2026-05-03 12:13:06.040319+00:00
8973,ZS,"Zscaler, Inc.",US,True,2026-05-03 12:13:06.040319+00:00
8974,ENTG,Entegris Inc,US,True,2026-05-03 12:13:06.040319+00:00
8975,BCE,Bce Inc,US,True,2026-05-03 12:13:06.040319+00:00
8976,VLTO,Veralto Corp,US,True,2026-05-03 12:13:06.040319+00:00
8977,NVT,Nvent Electric Plc,US,True,2026-05-03 12:13:06.040319+00:00
8978,NTAP,"Netapp, Inc.",US,True,2026-05-03 12:13:06.040319+00:00
8979,CHD,Church & Dwight Co Inc /De/,US,True,2026-05-03 12:13:06.040319+00:00
8980,FWONA,Liberty Media Corp,US,True,2026-05-03 12:13:06.040319+00:00
8981,TWLO,Twilio Inc,US,True,2026-05-03 12:13:06.040319+00:00
8982,KOF,Coca Cola Femsa Sab De Cv,US,True,2026-05-03 12:13:06.040319+00:00
8983,CRS,Carpenter Technology Corp,US,True,2026-05-03 12:13:06.040319+00:00
8984,CHRW,"C. H. Robinson Worldwide, Inc.",US,True,2026-05-03 12:13:06.040319+00:00
8985,ATI,Ati Inc,US,True,2026-05-03 12:13:06.040319+00:00
8986,TROW,Price T Rowe Group Inc,US,True,2026-05-03 12:13:06.040319+00:00
8987,SW,Smurfit Westrock Plc,US,True,2026-05-03 12:13:06.040319+00:00
8988,IHG,Intercontinental Hotels Group Plc /New/,US,True,2026-05-03 12:13:06.040319+00:00
8989,STE,Steris Plc,US,True,2026-05-03 12:13:06.040319+00:00
8990,AFRM,"Affirm Holdings, Inc.",US,True,2026-05-03 12:13:06.040319+00:00
8992,BURL,"Burlington Stores, Inc.",US,True,2026-05-03 12:13:06.040319+00:00
8993,RGLD,Royal Gold Inc,US,True,2026-05-03 12:13:06.040319+00:00
8994,MTSI,"Macom Technology Solutions Holdings, Inc.",US,True,2026-05-03 12:13:06.040319+00:00
8995,EDPFY,Edp Energias De Portugal Sa,US,True,2026-05-03 12:13:06.040319+00:00
8997,MDB,"Mongodb, Inc.",US,True,2026-05-03 12:13:06.040319+00:00
8998,BEP,Brookfield Renewable Partners L.P.,US,True,2026-05-03 12:13:06.040319+00:00
8999,ROIV,Roivant Sciences Ltd.,US,True,2026-05-03 12:13:06.040319+00:00
9000,AS,"Amer Sports, Inc.",US,True,2026-05-03 12:13:06.040319+00:00
9001,PKX,Posco Holdings Inc.,US,True,2026-05-03 12:13:06.040319+00:00
9002,TSCO,Tractor Supply Co /De/,US,True,2026-05-03 12:13:06.040319+00:00
9003,APG,Api Group Corp,US,True,2026-05-03 12:13:06.040319+00:00
9004,PFG,Principal Financial Group Inc,US,True,2026-05-03 12:13:06.040319+00:00
9005,DLTR,"Dollar Tree, Inc.",US,True,2026-05-03 12:13:06.040319+00:00
9006,DKS,"Dick'S Sporting Goods, Inc.",US,True,2026-05-03 12:13:06.040319+00:00
9007,SMMT,Summit Therapeutics Inc.,US,True,2026-05-03 12:13:06.040319+00:00
9008,USFD,Us Foods Holding Corp.,US,True,2026-05-03 12:13:06.040319+00:00
9009,ILMN,"Illumina, Inc.",US,True,2026-05-03 12:13:06.040319+00:00
9010,EXPD,Expeditors International Of Washington Inc,US,True,2026-05-03 12:13:06.040319+00:00
9011,HKHHY,Heineken Holding N V,US,True,2026-05-03 12:13:06.040319+00:00
9012,LUV,Southwest Airlines Co,US,True,2026-05-03 12:13:06.040319+00:00
9013,FSLR,"First Solar, Inc.",US,True,2026-05-03 12:13:06.040319+00:00
9014,GPN,Global Payments Inc,US,True,2026-05-03 12:13:06.040319+00:00
9015,ASBHY,"Asahi Group Holdings, Ltd./Adr",US,True,2026-05-03 12:13:06.040319+00:00
9016,SNA,Snap-On Inc,US,True,2026-05-03 12:13:06.040319+00:00
9017,BWXT,"Bwx Technologies, Inc.",US,True,2026-05-03 12:13:06.040319+00:00
9018,BCH,Bank Of Chile,US,True,2026-05-03 12:13:06.040319+00:00
9019,WST,West Pharmaceutical Services Inc,US,True,2026-05-03 12:13:06.040319+00:00
9020,LNTCY,"Lens Technology Co., Ltd./Adr",US,True,2026-05-03 12:13:06.040319+00:00
9021,ITT,Itt Inc.,US,True,2026-05-03 12:13:06.040319+00:00
9022,SOAGY,Sartorius Ag/Adr,US,True,2026-05-03 12:13:06.040319+00:00
9023,ZTO,Zto Express (Cayman) Inc.,US,True,2026-05-03 12:13:06.040319+00:00
9024,LULU,Lululemon Athletica Inc.,US,True,2026-05-03 12:13:06.040319+00:00
9025,FTV,Fortive Corp,US,True,2026-05-03 12:13:06.040319+00:00
9026,NVR,Nvr Inc,US,True,2026-05-03 12:13:06.040319+00:00
9027,HPQ,Hp Inc,US,True,2026-05-03 12:13:06.040319+00:00
9028,LDOS,"Leidos Holdings, Inc.",US,True,2026-05-03 12:13:06.040319+00:00
9029,KEP,Korea Electric Power Corp,US,True,2026-05-03 12:13:06.040319+00:00
9030,RBA,Rb Global Inc.,US,True,2026-05-03 12:13:06.040319+00:00
9031,CNC,Centene Corp,US,True,2026-05-03 12:13:06.040319+00:00
9032,TU,Telus Corp,US,True,2026-05-03 12:13:06.040319+00:00
9033,INCY,Incyte Corp,US,True,2026-05-03 12:13:06.040319+00:00
9034,DD,"Dupont De Nemours, Inc.",US,True,2026-05-03 12:13:06.040319+00:00
9035,CDE,"Coeur Mining, Inc.",US,True,2026-05-03 12:13:06.040319+00:00
9036,FLUT,Flutter Entertainment Plc,US,True,2026-05-03 12:13:06.040319+00:00
9037,CIB,Grupo Cibest S.A.,US,True,2026-05-03 12:13:06.040319+00:00
9038,AMCR,Amcor Plc,US,True,2026-05-03 12:13:06.040319+00:00
9039,JBS,Jbs N.V.,US,True,2026-05-03 12:13:06.040319+00:00
9041,BR,"Broadridge Financial Solutions, Inc.",US,True,2026-05-03 12:13:06.040319+00:00
9042,CG,Carlyle Group Inc.,US,True,2026-05-03 12:13:06.040319+00:00
9043,AGI,Alamos Gold Inc,US,True,2026-05-03 12:13:06.040319+00:00
9044,TEAM,Atlassian Corp,US,True,2026-05-03 12:13:06.040319+00:00
9045,PKG,Packaging Corp Of America,US,True,2026-05-03 12:13:06.040319+00:00
9046,IP,International Paper Co /New/,US,True,2026-05-03 12:13:06.040319+00:00
9047,GIS,General Mills Inc,US,True,2026-05-03 12:13:06.040319+00:00
9048,RBC,Rbc Bearings Inc,US,True,2026-05-03 12:13:06.040319+00:00
9049,YPF,Ypf Sociedad Anonima,US,True,2026-05-03 12:13:06.040319+00:00
9050,CF,"Cf Industries Holdings, Inc.",US,True,2026-05-03 12:13:06.040319+00:00
9051,ULS,Ul Solutions Inc.,US,True,2026-05-03 12:13:06.040319+00:00
9052,IFF,International Flavors & Fragrances Inc,US,True,2026-05-03 12:13:06.040319+00:00
9053,EVRG,"Evergy, Inc.",US,True,2026-05-03 12:13:06.040319+00:00
9054,MKSI,Mks Inc,US,True,2026-05-03 12:13:06.040319+00:00
9055,DIDIY,Didi Global Inc.,US,True,2026-05-03 12:13:06.040319+00:00
9056,LNT,Alliant Energy Corp,US,True,2026-05-03 12:13:06.040319+00:00
9057,WTKWY,Wolters Kluwer N V /Fi,US,True,2026-05-03 12:13:06.040319+00:00
9058,IOT,Samsara Inc.,US,True,2026-05-03 12:13:06.040319+00:00
9059,CDW,Cdw Corp,US,True,2026-05-03 12:13:06.040319+00:00
9060,PUGBY,Puig Brands S.A./Adr,US,True,2026-05-03 12:13:06.040319+00:00
9061,ZBH,"Zimmer Biomet Holdings, Inc.",US,True,2026-05-03 12:13:06.040319+00:00
9062,TRMOY,Tourmaline Oil Corp/Adr,US,True,2026-05-03 12:13:06.040319+00:00
9063,BEKE,Ke Holdings Inc.,US,True,2026-05-03 12:13:06.040319+00:00
9064,WY,Weyerhaeuser Co,US,True,2026-05-03 12:13:06.040319+00:00
9065,FFIV,"F5, Inc.",US,True,2026-05-03 12:13:06.040319+00:00
9066,WSO,Watsco Inc,US,True,2026-05-03 12:13:06.040319+00:00
9067,RCI,Rogers Communications Inc,US,True,2026-05-03 12:13:06.040319+00:00
9068,VNOM,"Viper Energy, Inc.",US,True,2026-05-03 12:13:06.040319+00:00
9069,AA,Alcoa Corp,US,True,2026-05-03 12:13:06.040319+00:00
9070,RS,"Reliance, Inc.",US,True,2026-05-03 12:13:06.040319+00:00
9071,ESS,"Essex Property Trust, Inc.",US,True,2026-05-03 12:13:06.040319+00:00
9072,PR,Permian Resources Corp,US,True,2026-05-03 12:13:06.040319+00:00
9073,WF,Woori Financial Group Inc.,US,True,2026-05-03 12:13:06.040319+00:00
9074,TPG,Tpg Inc.,US,True,2026-05-03 12:13:06.040319+00:00
9075,BJGPY,"Beijing Geekplus Technology Co., Ltd./Adr",US,True,2026-05-03 12:13:06.040319+00:00
9076,AMKR,"Amkor Technology, Inc.",US,True,2026-05-03 12:13:06.040319+00:00
9077,SNX,Td Synnex Corp,US,True,2026-05-03 12:13:06.040319+00:00
9078,SSNC,Ss&C Technologies Holdings Inc,US,True,2026-05-03 12:13:06.040319+00:00
9079,TLK,Perusahaan Perseroan Persero Pt Telekomunikasi Indonesia Tbk,US,True,2026-05-03 12:13:06.040319+00:00
9080,RTO,Rentokil Initial Plc /Fi,US,True,2026-05-03 12:13:06.040319+00:00
9081,SGI,Somnigroup International Inc.,US,True,2026-05-03 12:13:06.040319+00:00
9082,MGA,Magna International Inc,US,True,2026-05-03 12:13:06.040319+00:00
9083,LII,Lennox International Inc,US,True,2026-05-03 12:13:06.040319+00:00
9084,VTRS,Viatris Inc,US,True,2026-05-03 12:13:06.040319+00:00
9085,CX,Cemex Sab De Cv,US,True,2026-05-03 12:13:06.040319+00:00
9086,SMCI,"Super Micro Computer, Inc.",US,True,2026-05-03 12:13:06.040319+00:00
9087,YUMC,"Yum China Holdings, Inc.",US,True,2026-05-03 12:13:06.040319+00:00
9088,IONQ,"Ionq, Inc.",US,True,2026-05-03 12:13:06.040319+00:00
9089,PHYS,Sprott Physical Gold Trust,US,True,2026-05-03 12:13:06.040319+00:00
9090,MAIR,Madison Air Solutions Corp,US,True,2026-05-03 12:13:06.040319+00:00
9091,TOST,"Toast, Inc.",US,True,2026-05-03 12:13:06.040319+00:00
9092,KSPI,Joint Stock Co Kaspi.Kz,US,True,2026-05-03 12:13:06.040319+00:00
9093,BALL,Ball Corp,US,True,2026-05-03 12:13:06.040319+00:00
9094,ROKU,"Roku, Inc",US,True,2026-05-03 12:13:06.040319+00:00
9095,BIP,Brookfield Infrastructure Partners L.P.,US,True,2026-05-03 12:13:06.040319+00:00
9096,NVMI,Nova Ltd.,US,True,2026-05-03 12:13:06.040319+00:00
9097,PTC,Ptc Inc.,US,True,2026-05-03 12:13:06.040319+00:00
9098,GRAB,Grab Holdings Ltd,US,True,2026-05-03 12:13:06.040319+00:00
9099,SN,"Sharkninja, Inc.",US,True,2026-05-03 12:13:06.040319+00:00
9100,HTHT,H World Group Ltd,US,True,2026-05-03 12:13:06.040319+00:00
9101,EWBC,East West Bancorp Inc,US,True,2026-05-03 12:13:06.040319+00:00
9102,GMAB,Genmab A/S,US,True,2026-05-03 12:13:06.040319+00:00
9103,WES,"Western Midstream Partners, Lp",US,True,2026-05-03 12:13:06.040319+00:00
9104,SUI,Sun Communities Inc,US,True,2026-05-03 12:13:06.040319+00:00
9105,GIB,Cgi Inc,US,True,2026-05-03 12:13:06.040319+00:00
9106,CSGP,"Costar Group, Inc.",US,True,2026-05-03 12:13:06.040319+00:00
9107,XPEV,Xpeng Inc.,US,True,2026-05-03 12:13:06.040319+00:00
9108,INVH,Invitation Homes Inc.,US,True,2026-05-03 12:13:06.040319+00:00
9109,QXO,"Qxo, Inc.",US,True,2026-05-03 12:13:06.040319+00:00
9110,NXT,Nextpower Inc.,US,True,2026-05-03 12:13:06.040319+00:00
9111,THC,Tenet Healthcare Corp,US,True,2026-05-03 12:13:06.040319+00:00
9112,CLH,Clean Harbors Inc,US,True,2026-05-03 12:13:06.040319+00:00
9113,NLY,Annaly Capital Management Inc,US,True,2026-05-03 12:13:06.040319+00:00
9114,JLL,Jones Lang Lasalle Inc,US,True,2026-05-03 12:13:06.040319+00:00
9115,WPC,W. P. Carey Inc.,US,True,2026-05-03 12:13:06.040319+00:00
9116,TRMB,Trimble Inc.,US,True,2026-05-03 12:13:06.040319+00:00
9117,BSAC,Banco Santander Chile,US,True,2026-05-03 12:13:06.040319+00:00
9119,DECK,Deckers Outdoor Corp,US,True,2026-05-03 12:13:06.040319+00:00
9120,LSCC,Lattice Semiconductor Corp,US,True,2026-05-03 12:13:06.040319+00:00
9121,GPC,Genuine Parts Co,US,True,2026-05-03 12:13:06.040319+00:00
9122,KIM,Kimco Realty Corp,US,True,2026-05-03 12:13:06.040319+00:00
9123,WCC,Wesco International Inc,US,True,2026-05-03 12:13:06.040319+00:00
9124,EMA,Emera Inc,US,True,2026-05-03 12:13:06.040319+00:00
9125,TXT,Textron Inc,US,True,2026-05-03 12:13:06.040319+00:00
9126,NDSN,Nordson Corp,US,True,2026-05-03 12:13:06.040319+00:00
9127,OVV,Ovintiv Inc.,US,True,2026-05-03 12:13:06.040319+00:00
9128,ARNNY,Asr Nederland N.V./Adr,US,True,2026-05-03 12:13:06.040319+00:00
9129,PSLV,Sprott Physical Silver Trust,US,True,2026-05-03 12:13:06.040319+00:00
9130,NPXYY,Nippon Sanso Holdings Corporation/Adr,US,True,2026-05-03 12:13:06.040319+00:00
9131,LTM,Latam Airlines Group S.A.,US,True,2026-05-03 12:13:06.040319+00:00
9132,OWL,Blue Owl Capital Inc.,US,True,2026-05-03 12:13:06.040319+00:00
9133,ARXS,"Arxis, Inc.",US,True,2026-05-03 12:13:06.040319+00:00
9134,WMG,Warner Music Group Corp.,US,True,2026-05-03 12:13:06.040319+00:00
9135,J,Jacobs Solutions Inc.,US,True,2026-05-03 12:13:06.040319+00:00
9136,APTV,Aptiv Plc,US,True,2026-05-03 12:13:06.040319+00:00
9137,USO,"United States Oil Fund, Lp",US,True,2026-05-03 12:13:06.040319+00:00
9138,NWSA,News Corp,US,True,2026-05-03 12:13:06.040319+00:00
9139,IEX,Idex Corp /De/,US,True,2026-05-03 12:13:06.040319+00:00
9140,TME,Tencent Music Entertainment Group,US,True,2026-05-03 12:13:06.040319+00:00
9141,MAA,Mid America Apartment Communities Inc.,US,True,2026-05-03 12:13:06.040319+00:00
9142,TLN,Talen Energy Corp,US,True,2026-05-03 12:13:06.040319+00:00
9143,IREN,Iren Ltd,US,True,2026-05-03 12:13:06.040319+00:00
9144,REG,Regency Centers Corp,US,True,2026-05-03 12:13:06.040319+00:00
9145,MLI,Mueller Industries Inc,US,True,2026-05-03 12:13:06.040319+00:00
9146,TRU,Transunion,US,True,2026-05-03 12:13:06.040319+00:00
9147,HII,"Huntington Ingalls Industries, Inc.",US,True,2026-05-03 12:13:06.040319+00:00
9148,PAA,Plains All American Pipeline Lp,US,True,2026-05-03 12:13:06.040319+00:00
9149,SKM,Sk Telecom Co Ltd,US,True,2026-05-03 12:13:06.040319+00:00
9150,BBIO,"Bridgebio Pharma, Inc.",US,True,2026-05-03 12:13:06.040319+00:00
9151,WLK,Westlake Corp,US,True,2026-05-03 12:13:06.040319+00:00
9152,ASND,Ascendis Pharma A/S,US,True,2026-05-03 12:13:06.040319+00:00
9153,HST,"Host Hotels & Resorts, Inc.",US,True,2026-05-03 12:13:06.040319+00:00
9154,MEDP,"Medpace Holdings, Inc.",US,True,2026-05-03 12:13:06.040319+00:00
9155,PNR,Pentair Plc,US,True,2026-05-03 12:13:06.040319+00:00
9156,TYL,Tyler Technologies Inc,US,True,2026-05-03 12:13:06.040319+00:00
9157,PNFP,"Pinnacle Financial Partners, Inc.",US,True,2026-05-03 12:13:06.040319+00:00
9158,CSL,Carlisle Companies Inc,US,True,2026-05-03 12:13:06.040319+00:00
9159,CHKP,Check Point Software Technologies Ltd,US,True,2026-05-03 12:13:06.040319+00:00
9160,AEIS,Advanced Energy Industries Inc,US,True,2026-05-03 12:13:06.040319+00:00
9161,STRL,"Sterling Infrastructure, Inc.",US,True,2026-05-03 12:13:06.040319+00:00
9162,GGG,Graco Inc,US,True,2026-05-03 12:13:06.040319+00:00
9163,LOGI,Logitech International S.A.,US,True,2026-05-03 12:13:06.040319+00:00
9164,AKAM,Akamai Technologies Inc,US,True,2026-05-03 12:13:06.040319+00:00
9165,TKO,"Tko Group Holdings, Inc.",US,True,2026-05-03 12:13:06.040319+00:00
9166,ONTO,Onto Innovation Inc.,US,True,2026-05-03 12:13:06.040319+00:00
9167,YARIY,Yara International Asa,US,True,2026-05-03 12:13:06.040319+00:00
9168,LECO,Lincoln Electric Holdings Inc,US,True,2026-05-03 12:13:06.040319+00:00
9169,PFGC,Performance Food Group Co,US,True,2026-05-03 12:13:06.040319+00:00
9170,BEN,Franklin Resources Inc,US,True,2026-05-03 12:13:06.040319+00:00
9171,GFL,Gfl Environmental Inc.,US,True,2026-05-03 12:13:06.040319+00:00
9172,EG,"Everest Group, Ltd.",US,True,2026-05-03 12:13:06.040319+00:00
9173,RMBS,Rambus Inc,US,True,2026-05-03 12:13:06.040319+00:00
9174,TOL,"Toll Brothers, Inc.",US,True,2026-05-03 12:13:06.040319+00:00
9175,RGC,Regencell Bioscience Holdings Ltd,US,True,2026-05-03 12:13:06.040319+00:00
9176,ALLY,Ally Financial Inc.,US,True,2026-05-03 12:13:06.040319+00:00
9177,SNN,Smith & Nephew Plc,US,True,2026-05-03 12:13:06.040319+00:00
9178,EVR,Evercore Inc.,US,True,2026-05-03 12:13:06.040319+00:00
9179,TIGO,Millicom International Cellular Sa,US,True,2026-05-03 12:13:06.040319+00:00
9180,CRRFY,Carrefour Sa,US,True,2026-05-03 12:13:06.040319+00:00
9181,MKC,Mccormick & Co Inc,US,True,2026-05-03 12:13:06.040319+00:00
9182,ALGN,Align Technology Inc,US,True,2026-05-03 12:13:06.040319+00:00
9183,RRX,Regal Rexnord Corp,US,True,2026-05-03 12:13:06.040319+00:00
9184,OHI,Omega Healthcare Investors Inc,US,True,2026-05-03 12:13:06.040319+00:00
9185,BBY,Best Buy Co Inc,US,True,2026-05-03 12:13:06.040319+00:00
9186,SITM,Sitime Corp,US,True,2026-05-03 12:13:06.040319+00:00
9187,BAWAY,Bawag Group Ag/Adr,US,True,2026-05-03 12:13:06.040319+00:00
9188,RGA,Reinsurance Group Of America Inc,US,True,2026-05-03 12:13:06.040319+00:00
9189,OKTA,"Okta, Inc.",US,True,2026-05-03 12:13:06.040319+00:00
9190,FNF,"Fidelity National Financial, Inc.",US,True,2026-05-03 12:13:06.040319+00:00
9191,RPM,Rpm International Inc/De/,US,True,2026-05-03 12:13:06.040319+00:00
9192,ARCC,Ares Capital Corp,US,True,2026-05-03 12:13:06.040319+00:00
9193,LAMR,Lamar Advertising Co/New,US,True,2026-05-03 12:13:06.040319+00:00
9194,MAS,Masco Corp /De/,US,True,2026-05-03 12:13:06.040319+00:00
9195,RNR,Renaissancere Holdings Ltd,US,True,2026-05-03 12:13:06.040319+00:00
9196,LPGCY,Laopu Gold Co. Ltd./Adr,US,True,2026-05-03 12:13:06.040319+00:00
9197,PODD,Insulet Corp,US,True,2026-05-03 12:13:06.040319+00:00
9198,BF-A,Brown Forman Corp,US,True,2026-05-03 12:13:06.040319+00:00
9199,CNH,Cnh Industrial N.V.,US,True,2026-05-03 12:13:06.040319+00:00
9200,DTM,"Dt Midstream, Inc.",US,True,2026-05-03 12:13:06.040319+00:00
9201,GLPI,"Gaming & Leisure Properties, Inc.",US,True,2026-05-03 12:13:06.040319+00:00
9202,APA,Apa Corp,US,True,2026-05-03 12:13:06.040319+00:00
9203,ERIE,Erie Indemnity Co,US,True,2026-05-03 12:13:06.040319+00:00
9204,BLD,Topbuild Corp,US,True,2026-05-03 12:13:06.040319+00:00
9205,PAYP,Paypay Corp,US,True,2026-05-03 12:13:06.040319+00:00
9206,NYT,New York Times Co,US,True,2026-05-03 12:13:06.040319+00:00
9207,PINS,"Pinterest, Inc.",US,True,2026-05-03 12:13:06.040319+00:00
9208,UDR,"Udr, Inc.",US,True,2026-05-03 12:13:06.040319+00:00
9209,PL,Planet Labs Pbc,US,True,2026-05-03 12:13:06.040319+00:00
9210,DSEEY,Daiwa Securities Group Inc.,US,True,2026-05-03 12:13:06.040319+00:00
9211,COO,"Cooper Companies, Inc.",US,True,2026-05-03 12:13:06.040319+00:00
9212,SCRNY,"Screen Holdings Co., Ltd./Adr",US,True,2026-05-03 12:13:06.040319+00:00
9213,NBIX,Neurocrine Biosciences Inc,US,True,2026-05-03 12:13:06.040319+00:00
9214,FIVE,"Five Below, Inc",US,True,2026-05-03 12:13:06.040319+00:00
9215,AVY,Avery Dennison Corp,US,True,2026-05-03 12:13:06.040319+00:00
9216,MOD,Modine Manufacturing Co,US,True,2026-05-03 12:13:06.040319+00:00
9217,PAC,Pacific Airport Group,US,True,2026-05-03 12:13:06.040319+00:00
9218,CNA,Cna Financial Corp,US,True,2026-05-03 12:13:06.040319+00:00
9219,ELS,Equity Lifestyle Properties Inc,US,True,2026-05-03 12:13:06.040319+00:00
9220,TTMI,Ttm Technologies Inc,US,True,2026-05-03 12:13:06.040319+00:00
9221,PSKY,Paramount Skydance Corp,US,True,2026-05-03 12:13:06.040319+00:00
9222,UNM,Unum Group,US,True,2026-05-03 12:13:06.040319+00:00
9223,HAS,"Hasbro, Inc.",US,True,2026-05-03 12:13:06.040319+00:00
9224,KTOS,"Kratos Defense & Security Solutions, Inc.",US,True,2026-05-03 12:13:06.040319+00:00
9225,PEN,Penumbra Inc,US,True,2026-05-03 12:13:06.040319+00:00
9226,JHX,James Hardie Industries Plc,US,True,2026-05-03 12:13:06.040319+00:00
9227,FMS,Fresenius Medical Care Ag,US,True,2026-05-03 12:13:06.040319+00:00
9228,BNT,Brookfield Wealth Solutions Ltd.,US,True,2026-05-03 12:13:06.040319+00:00
9229,SOLS,Solstice Advanced Materials Inc.,US,True,2026-05-03 12:13:06.040319+00:00
9230,SF,Stifel Financial Corp,US,True,2026-05-03 12:13:06.040319+00:00
9231,AMH,American Homes 4 Rent,US,True,2026-05-03 12:13:06.040319+00:00
9232,GMED,Globus Medical Inc,US,True,2026-05-03 12:13:06.040319+00:00
9233,TIMB,Tim S.A.,US,True,2026-05-03 12:13:06.040319+00:00
9234,CRBG,"Corebridge Financial, Inc.",US,True,2026-05-03 12:13:06.040319+00:00
9235,BJ,"Bj'S Wholesale Club Holdings, Inc.",US,True,2026-05-03 12:13:06.040319+00:00
9236,LGN,Legence Corp.,US,True,2026-05-03 12:13:06.040319+00:00
9237,GNRC,Generac Holdings Inc.,US,True,2026-05-03 12:13:06.040319+00:00
9238,DPZ,Dominos Pizza Inc,US,True,2026-05-03 12:13:06.040319+00:00
9239,IONS,Ionis Pharmaceuticals Inc,US,True,2026-05-03 12:13:06.040319+00:00
9240,ALLE,Allegion Plc,US,True,2026-05-03 12:13:06.040319+00:00
9241,COKE,"Coca-Cola Consolidated, Inc.",US,True,2026-05-03 12:13:06.040319+00:00
9242,GEN,Gen Digital Inc.,US,True,2026-05-03 12:13:06.040319+00:00
9243,JAZZ,Jazz Pharmaceuticals Plc,US,True,2026-05-03 12:13:06.040319+00:00
9244,UUGRY,United Utilities Group Plc,US,True,2026-05-03 12:13:06.040319+00:00
9245,PNW,Pinnacle West Capital Corp,US,True,2026-05-03 12:13:06.040319+00:00
9246,TMTNY,Toromont Industries Ltd./Adr,US,True,2026-05-03 12:13:06.040319+00:00
9247,AGNC,Agnc Investment Corp.,US,True,2026-05-03 12:13:06.040319+00:00
9248,SUN,Sunoco Lp,US,True,2026-05-03 12:13:06.040319+00:00
9249,ONON,On Holding Ag,US,True,2026-05-03 12:13:06.040319+00:00
9250,AEG,Aegon Ltd.,US,True,2026-05-03 12:13:06.040319+00:00
9251,DY,Dycom Industries Inc,US,True,2026-05-03 12:13:06.040319+00:00
9252,HUBS,Hubspot Inc,US,True,2026-05-03 12:13:06.040319+00:00
9253,CLX,Clorox Co /De/,US,True,2026-05-03 12:13:06.040319+00:00
9254,HL,Hecla Mining Co/De/,US,True,2026-05-03 12:13:06.040319+00:00
9255,MDGL,"Madrigal Pharmaceuticals, Inc.",US,True,2026-05-03 12:13:06.040319+00:00
9256,OBICY,"Obic Co., Ltd./Adr",US,True,2026-05-03 12:13:06.040319+00:00
9257,GWRE,"Guidewire Software, Inc.",US,True,2026-05-03 12:13:06.040319+00:00
9258,GDDY,Godaddy Inc.,US,True,2026-05-03 12:13:06.040319+00:00
9259,SOLV,Solventum Corp,US,True,2026-05-03 12:13:06.040319+00:00
9260,WMS,"Advanced Drainage Systems, Inc.",US,True,2026-05-03 12:13:06.040319+00:00
9261,EXEL,"Exelixis, Inc.",US,True,2026-05-03 12:13:06.040319+00:00
9262,ARMK,Aramark,US,True,2026-05-03 12:13:06.040319+00:00
9263,GL,Globe Life Inc.,US,True,2026-05-03 12:13:06.040319+00:00
9264,GH,"Guardant Health, Inc.",US,True,2026-05-03 12:13:06.040319+00:00
9265,SWK,"Stanley Black & Decker, Inc.",US,True,2026-05-03 12:13:06.040319+00:00
9266,SAIA,Saia Inc,US,True,2026-05-03 12:13:06.040319+00:00
9267,BMNR,"Bitmine Immersion Technologies, Inc.",US,True,2026-05-03 12:13:06.040319+00:00
9268,AAOI,"Applied Optoelectronics, Inc.",US,True,2026-05-03 12:13:06.040319+00:00
9269,SUZ,Suzano S.A.,US,True,2026-05-03 12:13:06.040319+00:00
9270,CCK,"Crown Holdings, Inc.",US,True,2026-05-03 12:13:06.040319+00:00
9271,CONE,"Compass Sub North, Inc.",US,True,2026-05-03 12:13:06.040319+00:00
9272,HRL,Hormel Foods Corp /De/,US,True,2026-05-03 12:13:06.040319+00:00
9273,EMBJ,Embraer S.A.,US,True,2026-05-03 12:13:06.040319+00:00
9274,MP,Mp Materials Corp. / De,US,True,2026-05-03 12:13:06.040319+00:00
9275,SCI,Service Corp International,US,True,2026-05-03 12:13:06.040319+00:00
9276,WBS,Webster Financial Corp,US,True,2026-05-03 12:13:06.040319+00:00
9277,ZBRA,Zebra Technologies Corp,US,True,2026-05-03 12:13:06.040319+00:00
9278,CHWY,"Chewy, Inc.",US,True,2026-05-03 12:13:06.040319+00:00
9279,CKHGF,Capitec Bank Holdings Ltd / Adr,US,True,2026-05-03 12:13:06.040319+00:00
9280,EQH,"Equitable Holdings, Inc.",US,True,2026-05-03 12:13:06.040319+00:00
9281,DRS,"Leonardo Drs, Inc.",US,True,2026-05-03 12:13:06.040319+00:00
9282,AR,Antero Resources Corp,US,True,2026-05-03 12:13:06.040319+00:00
9283,DOC,"Healthpeak Properties, Inc.",US,True,2026-05-03 12:13:06.040319+00:00
9284,CACI,Caci International Inc /De/,US,True,2026-05-03 12:13:06.040319+00:00
9285,VARRY,Var Energi Asa/Adr,US,True,2026-05-03 12:13:06.040319+00:00
9286,SFD,Smithfield Foods Inc,US,True,2026-05-03 12:13:06.040319+00:00
9287,AIZ,"Assurant, Inc.",US,True,2026-05-03 12:13:06.040319+00:00
9288,DKNG,Draftkings Inc.,US,True,2026-05-03 12:13:06.040319+00:00
9289,ENLT,Enlight Renewable Energy Ltd.,US,True,2026-05-03 12:13:06.040319+00:00
9290,BWA,Borgwarner Inc,US,True,2026-05-03 12:13:06.040319+00:00
9291,ELAN,Elanco Animal Health Inc,US,True,2026-05-03 12:13:06.040319+00:00
9292,PMDIY,Pro Medicus Ltd./Adr,US,True,2026-05-03 12:13:06.040319+00:00
9293,JKHY,Jack Henry & Associates Inc,US,True,2026-05-03 12:13:06.040319+00:00
9294,IESC,"Ies Holdings, Inc.",US,True,2026-05-03 12:13:06.040319+00:00
9295,HLI,"Houlihan Lokey, Inc.",US,True,2026-05-03 12:13:06.040319+00:00
9296,WYNN,Wynn Resorts Ltd,US,True,2026-05-03 12:13:06.040319+00:00
9297,GIL,Gildan Activewear Inc.,US,True,2026-05-03 12:13:06.040319+00:00
9298,ENSG,"Ensign Group, Inc",US,True,2026-05-03 12:13:06.040319+00:00
9299,IT,Gartner Inc,US,True,2026-05-03 12:13:06.040319+00:00
9300,CAVA,"Cava Group, Inc.",US,True,2026-05-03 12:13:06.040319+00:00
9301,TFII,Tfi International Inc.,US,True,2026-05-03 12:13:06.040319+00:00
9302,VICR,Vicor Corp,US,True,2026-05-03 12:13:06.040319+00:00
9303,EQX,Equinox Gold Corp.,US,True,2026-05-03 12:13:06.040319+00:00
9304,VFS,Vinfast Auto Ltd.,US,True,2026-05-03 12:13:06.040319+00:00
9305,ZG,"Zillow Group, Inc.",US,True,2026-05-03 12:13:06.040319+00:00
9306,RBRK,"Rubrik, Inc.",US,True,2026-05-03 12:13:06.040319+00:00
9307,WTRG,"Essential Utilities, Inc.",US,True,2026-05-03 12:13:06.040319+00:00
9308,NTNX,"Nutanix, Inc.",US,True,2026-05-03 12:13:06.040319+00:00
9309,IVZ,Invesco Ltd.,US,True,2026-05-03 12:13:06.040319+00:00
9310,U,Unity Software Inc.,US,True,2026-05-03 12:13:06.040319+00:00
9311,FORM,Formfactor Inc,US,True,2026-05-03 12:13:06.040319+00:00
9312,TTD,"Trade Desk, Inc.",US,True,2026-05-03 12:13:06.040319+00:00
9313,AIT,Applied Industrial Technologies Inc,US,True,2026-05-03 12:13:06.040319+00:00
9314,ACM,Aecom,US,True,2026-05-03 12:13:06.040319+00:00
9315,GME,Gamestop Corp.,US,True,2026-05-03 12:13:06.040319+00:00
9316,ALSN,Allison Transmission Holdings Inc,US,True,2026-05-03 12:13:06.040319+00:00
9317,UHS,Universal Health Services Inc,US,True,2026-05-03 12:13:06.040319+00:00
9318,AFG,American Financial Group Inc,US,True,2026-05-03 12:13:06.040319+00:00
9319,HMY,Harmony Gold Mining Co Ltd,US,True,2026-05-03 12:13:06.040319+00:00
9320,KRMN,Karman Holdings Inc.,US,True,2026-05-03 12:13:06.040319+00:00
9321,OKLO,Oklo Inc.,US,True,2026-05-03 12:13:06.040319+00:00
9322,SPXC,"Spx Technologies, Inc.",US,True,2026-05-03 12:13:06.040319+00:00
9323,EGP,Eastgroup Properties Inc,US,True,2026-05-03 12:13:06.040319+00:00
9324,FPS,"Forgent Power Solutions, Inc.",US,True,2026-05-03 12:13:06.040319+00:00
9325,BPYPP,Brookfield Property Partners L.P.,US,True,2026-05-03 12:13:06.040319+00:00
9326,DT,"Dynatrace, Inc.",US,True,2026-05-03 12:13:06.040319+00:00
9327,DINO,Hf Sinclair Corp,US,True,2026-05-03 12:13:06.040319+00:00
9328,CPT,Camden Property Trust,US,True,2026-05-03 12:13:06.040319+00:00
9329,DLAKY,Deutsche Lufthansa A G /Fi,US,True,2026-05-03 12:13:06.040319+00:00
9330,CR,Crane Co,US,True,2026-05-03 12:13:06.040319+00:00
9331,MGM,Mgm Resorts International,US,True,2026-05-03 12:13:06.040319+00:00
9332,AVAV,Aerovironment Inc,US,True,2026-05-03 12:13:06.040319+00:00
9333,RDY,Dr Reddys Laboratories Ltd,US,True,2026-05-03 12:13:06.040319+00:00
9334,BSY,Bentley Systems Inc,US,True,2026-05-03 12:13:06.040319+00:00
9335,TXRH,"Texas Roadhouse, Inc.",US,True,2026-05-03 12:13:06.040319+00:00
9336,PAG,"Penske Automotive Group, Inc.",US,True,2026-05-03 12:13:06.040319+00:00
9337,RVTY,"Revvity, Inc.",US,True,2026-05-03 12:13:06.040319+00:00
9338,KNX,Knight-Swift Transportation Holdings Inc.,US,True,2026-05-03 12:13:06.040319+00:00
9339,ORI,Old Republic International Corp,US,True,2026-05-03 12:13:06.040319+00:00
9340,BMRN,Biomarin Pharmaceutical Inc,US,True,2026-05-03 12:13:06.040319+00:00
9341,XP,Xp Inc.,US,True,2026-05-03 12:13:06.040319+00:00
9342,FLS,Flowserve Corp,US,True,2026-05-03 12:13:06.040319+00:00
9343,KT,Kt Corp,US,True,2026-05-03 12:13:06.040319+00:00
9344,W,Wayfair Inc.,US,True,2026-05-03 12:13:06.040319+00:00
9345,LYTHF,Lytus Technologies Holdings Ptv. Ltd.,US,True,2026-05-03 12:13:06.040319+00:00
9346,BZLFY,Bunzl Plc,US,True,2026-05-03 12:13:06.040319+00:00
9347,BXP,"Bxp, Inc.",US,True,2026-05-03 12:13:06.040319+00:00
9348,EHC,Encompass Health Corp,US,True,2026-05-03 12:13:06.040319+00:00
9349,GSAT,"Globalstar, Inc.",US,True,2026-05-03 12:13:06.040319+00:00
9350,AES,Aes Corp,US,True,2026-05-03 12:13:06.040319+00:00
9351,CART,Maplebear Inc.,US,True,2026-05-03 12:13:06.040319+00:00
9352,STN,Stantec Inc,US,True,2026-05-03 12:13:06.040319+00:00
9353,VIRT,"Virtu Financial, Inc.",US,True,2026-05-03 12:13:06.040319+00:00
9354,DCI,Donaldson Co Inc,US,True,2026-05-03 12:13:06.040319+00:00
9355,SJM,J M Smucker Co,US,True,2026-05-03 12:13:06.040319+00:00
9356,UHAL,U-Haul Holding Co /Nv/,US,True,2026-05-03 12:13:06.040319+00:00
9357,SEIC,Sei Investments Co,US,True,2026-05-03 12:13:06.040319+00:00
9358,WTFC,Wintrust Financial Corp,US,True,2026-05-03 12:13:06.040319+00:00
9359,RYAN,"Ryan Specialty Holdings, Inc.",US,True,2026-05-03 12:13:06.040319+00:00
9360,AUR,"Aurora Innovation, Inc.",US,True,2026-05-03 12:13:06.040319+00:00
9361,DVA,Davita Inc.,US,True,2026-05-03 12:13:06.040319+00:00
9362,OC,Owens Corning,US,True,2026-05-03 12:13:06.040319+00:00
9363,LFUS,Littelfuse Inc /De,US,True,2026-05-03 12:13:06.040319+00:00
9364,GTLS,Chart Industries Inc,US,True,2026-05-03 12:13:06.040319+00:00
9365,BLDR,"Builders Firstsource, Inc.",US,True,2026-05-03 12:13:06.040319+00:00
9366,IAG,Iamgold Corp,US,True,2026-05-03 12:13:06.040319+00:00
9367,SSB,Southstate Bank Corp,US,True,2026-05-03 12:13:06.040319+00:00
9368,GAP,Gap Inc,US,True,2026-05-03 12:13:06.040319+00:00
9369,WTS,Watts Water Technologies Inc,US,True,2026-05-03 12:13:06.040319+00:00
9370,ARWR,"Arrowhead Pharmaceuticals, Inc.",US,True,2026-05-03 12:13:06.040319+00:00
9371,AG,First Majestic Silver Corp,US,True,2026-05-03 12:13:06.040319+00:00
9372,TEM,"Tempus Ai, Inc.",US,True,2026-05-03 12:13:06.040319+00:00
9373,ELPC,Energy Co Of Parana,US,True,2026-05-03 12:13:06.040319+00:00
9374,DOCN,"Digitalocean Holdings, Inc.",US,True,2026-05-03 12:13:06.040319+00:00
9375,JEF,Jefferies Financial Group Inc.,US,True,2026-05-03 12:13:06.040319+00:00
9376,AM,Antero Midstream Corp,US,True,2026-05-03 12:13:06.040319+00:00
9377,RRC,Range Resources Corp,US,True,2026-05-03 12:13:06.040319+00:00
9378,MOG-A,Moog Inc.,US,True,2026-05-03 12:13:06.040319+00:00
9379,FIG,"Figma, Inc.",US,True,2026-05-03 12:13:06.040319+00:00
9380,BAH,Booz Allen Hamilton Holding Corp,US,True,2026-05-03 12:13:06.040319+00:00
9381,ASR,Southeast Airport Group,US,True,2026-05-03 12:13:06.040319+00:00
9382,BILI,Bilibili Inc.,US,True,2026-05-03 12:13:06.040319+00:00
9383,GLXY,Galaxy Digital Inc.,US,True,2026-05-03 12:13:06.040319+00:00
9384,DDS,"Dillard'S, Inc.",US,True,2026-05-03 12:13:06.040319+00:00
9385,CNM,"Core & Main, Inc.",US,True,2026-05-03 12:13:06.040319+00:00
9386,SHMXY,Shimadzu Corporation/Adr,US,True,2026-05-03 12:13:06.040319+00:00
9387,WULF,Terawulf Inc.,US,True,2026-05-03 12:13:06.040319+00:00
9388,BPOP,"Popular, Inc.",US,True,2026-05-03 12:13:06.040319+00:00
9389,FRT,Federal Realty Investment Trust,US,True,2026-05-03 12:13:06.040319+00:00
9390,IDCC,"Interdigital, Inc.",US,True,2026-05-03 12:13:06.040319+00:00
9391,SPIIY,Spie Sa/Adr,US,True,2026-05-03 12:13:06.040319+00:00
9392,SMTC,Semtech Corp,US,True,2026-05-03 12:13:06.040319+00:00
9393,OGE,Oge Energy Corp.,US,True,2026-05-03 12:13:06.040319+00:00
9394,BAX,Baxter International Inc,US,True,2026-05-03 12:13:06.040319+00:00
9395,DAR,Darling Ingredients Inc.,US,True,2026-05-03 12:13:06.040319+00:00
9396,SNAP,Snap Inc,US,True,2026-05-03 12:13:06.040319+00:00
9397,FRHC,Freedom Holding Corp.,US,True,2026-05-03 12:13:06.040319+00:00
9398,SANM,Sanmina Corp,US,True,2026-05-03 12:13:06.040319+00:00
9399,MUSA,Murphy Usa Inc.,US,True,2026-05-03 12:13:06.040319+00:00
9400,PRAX,"Praxis Precision Medicines, Inc.",US,True,2026-05-03 12:13:06.040319+00:00
9401,HBM,Hudbay Minerals Inc.,US,True,2026-05-03 12:13:06.040319+00:00
9402,ADC,Agree Realty Corp,US,True,2026-05-03 12:13:06.040319+00:00
9403,AHR,"American Healthcare Reit, Inc.",US,True,2026-05-03 12:13:06.040319+00:00
9404,BRX,Brixmor Property Group Inc.,US,True,2026-05-03 12:13:06.040319+00:00
9405,OSK,Oshkosh Corp,US,True,2026-05-03 12:13:06.040319+00:00
9406,EDU,New Oriental Education & Technology Group Inc.,US,True,2026-05-03 12:13:06.040319+00:00
9407,UMBF,Umb Financial Corp,US,True,2026-05-03 12:13:06.040319+00:00
9408,MASI,Masimo Corp,US,True,2026-05-03 12:13:06.040319+00:00
9409,CEF,Sprott Physical Gold & Silver Trust,US,True,2026-05-03 12:13:06.040319+00:00
9410,TECH,Bio-Techne Corp,US,True,2026-05-03 12:13:06.040319+00:00
9411,AXSM,"Axsome Therapeutics, Inc.",US,True,2026-05-03 12:13:06.040319+00:00
9412,ESI,Element Solutions Inc,US,True,2026-05-03 12:13:06.040319+00:00
9413,LKNCY,Luckin Coffee Inc.,US,True,2026-05-03 12:13:06.040319+00:00
9414,ONB,Old National Bancorp /In/,US,True,2026-05-03 12:13:06.040319+00:00
9415,DOCU,"Docusign, Inc.",US,True,2026-05-03 12:13:06.040319+00:00
9416,YMM,Full Truck Alliance Co. Ltd.,US,True,2026-05-03 12:13:06.040319+00:00
9417,SBSW,Sibanye Stillwater Ltd,US,True,2026-05-03 12:13:06.040319+00:00
9418,TTC,Toro Co,US,True,2026-05-03 12:13:06.040319+00:00
9419,FCFS,"Firstcash Holdings, Inc.",US,True,2026-05-03 12:13:06.040319+00:00
9420,ZION,"Zions Bancorporation, National Association /Ut/",US,True,2026-05-03 12:13:06.040319+00:00
9421,LINE,"Lineage, Inc.",US,True,2026-05-03 12:13:06.040319+00:00
9422,R,Ryder System Inc,US,True,2026-05-03 12:13:06.040319+00:00
9423,ARW,"Arrow Electronics, Inc.",US,True,2026-05-03 12:13:06.040319+00:00
9424,ABVX,Abivax S.A.,US,True,2026-05-03 12:13:06.040319+00:00
9425,AYI,Acuity Inc. (De),US,True,2026-05-03 12:13:06.040319+00:00
9426,FNMA,Federal National Mortgage Association Fannie Mae,US,True,2026-05-03 12:13:06.040319+00:00
9427,HSIC,Henry Schein Inc,US,True,2026-05-03 12:13:06.040319+00:00
9428,CRL,"Charles River Laboratories International, Inc.",US,True,2026-05-03 12:13:06.040319+00:00
9429,CFR,"Cullen/Frost Bankers, Inc.",US,True,2026-05-03 12:13:06.040319+00:00
9430,SWKS,"Skyworks Solutions, Inc.",US,True,2026-05-03 12:13:06.040319+00:00
9431,GWKSY,Games Workshop Group Plc/Adr,US,True,2026-05-03 12:13:06.040319+00:00
9432,CHYM,"Chime Financial, Inc.",US,True,2026-05-03 12:13:06.040319+00:00
9433,LUMN,"Lumen Technologies, Inc.",US,True,2026-05-03 12:13:06.040319+00:00
9434,AOS,Smith A O Corp,US,True,2026-05-03 12:13:06.040319+00:00
9435,LEVI,Levi Strauss & Co,US,True,2026-05-03 12:13:06.040319+00:00
9436,VMI,Valmont Industries Inc,US,True,2026-05-03 12:13:06.040319+00:00
9437,CGNX,Cognex Corp,US,True,2026-05-03 12:13:06.040319+00:00
9438,ICLR,Icon Plc,US,True,2026-05-03 12:13:06.040319+00:00
9439,APLD,Applied Digital Corp.,US,True,2026-05-03 12:13:06.040319+00:00
9440,PRIM,Primoris Services Corp,US,True,2026-05-03 12:13:06.040319+00:00
9441,FDS,Factset Research Systems Inc,US,True,2026-05-03 12:13:06.040319+00:00
9442,PSO,Pearson Plc,US,True,2026-05-03 12:13:06.040319+00:00
9443,NCLTY,"Nitori Holdings Co., Ltd.",US,True,2026-05-03 12:13:06.040319+00:00
9444,BTSG,"Brightspring Health Services, Inc.",US,True,2026-05-03 12:13:06.040319+00:00
9445,PRI,"Primerica, Inc.",US,True,2026-05-03 12:13:06.040319+00:00
9446,BROS,Dutch Bros Inc.,US,True,2026-05-03 12:13:06.040319+00:00
9447,SIRI,Sirius Xm Holdings Inc.,US,True,2026-05-03 12:13:06.040319+00:00
9448,NCLH,Norwegian Cruise Line Holdings Ltd.,US,True,2026-05-03 12:13:06.040319+00:00
9449,ALV,Autoliv Inc,US,True,2026-05-03 12:13:06.040319+00:00
9450,JOBY,"Joby Aviation, Inc.",US,True,2026-05-03 12:13:06.040319+00:00
9451,PCVX,"Vaxcyte, Inc.",US,True,2026-05-03 12:13:06.040319+00:00
9452,POWL,Powell Industries Inc,US,True,2026-05-03 12:13:06.040319+00:00
9453,ACI,"Albertsons Companies, Inc.",US,True,2026-05-03 12:13:06.040319+00:00
9454,CAMT,Camtek Ltd,US,True,2026-05-03 12:13:06.040319+00:00
9455,PCOR,"Procore Technologies, Inc.",US,True,2026-05-03 12:13:06.040319+00:00
9456,SOTGY,Sunny Optical Technology (Group) Co Limited/Adr,US,True,2026-05-03 12:13:06.040319+00:00
9457,REXR,"Rexford Industrial Realty, Inc.",US,True,2026-05-03 12:13:06.040319+00:00
9458,GDS,Gds Holdings Ltd,US,True,2026-05-03 12:13:06.040319+00:00
9459,CRUS,"Cirrus Logic, Inc.",US,True,2026-05-03 12:13:06.040319+00:00
9460,AGCO,Agco Corp /De,US,True,2026-05-03 12:13:06.040319+00:00
9461,FR,First Industrial Realty Trust Inc,US,True,2026-05-03 12:13:06.040319+00:00
9462,COLB,"Columbia Banking System, Inc.",US,True,2026-05-03 12:13:06.040319+00:00
9463,CIG,Energy Co Of Minas Gerais,US,True,2026-05-03 12:13:06.040319+00:00
9464,POOL,Pool Corp,US,True,2026-05-03 12:13:06.040319+00:00
9465,CTRE,"Caretrust Reit, Inc.",US,True,2026-05-03 12:13:06.040319+00:00
9466,WAL,Western Alliance Bancorporation,US,True,2026-05-03 12:13:06.040319+00:00
9467,LLYVA,"Liberty Live Holdings, Inc.",US,True,2026-05-03 12:13:06.040319+00:00
9468,AGX,Argan Inc,US,True,2026-05-03 12:13:06.040319+00:00
9469,VSAT,Viasat Inc,US,True,2026-05-03 12:13:06.040319+00:00
9470,HUT,Hut 8 Corp.,US,True,2026-05-03 12:13:06.040319+00:00
9471,IBP,"Installed Building Products, Inc.",US,True,2026-05-03 12:13:06.040319+00:00
9472,GGB,Gerdau S.A.,US,True,2026-05-03 12:13:06.040319+00:00
9473,NNN,"Nnn Reit, Inc.",US,True,2026-05-03 12:13:06.040319+00:00
9474,NUVL,"Nuvalent, Inc.",US,True,2026-05-03 12:13:06.040319+00:00
9475,VFC,V F Corp,US,True,2026-05-03 12:13:06.040319+00:00
9476,CELH,"Celsius Holdings, Inc.",US,True,2026-05-03 12:13:06.040319+00:00
9477,TX,Ternium S.A.,US,True,2026-05-03 12:13:06.040319+00:00
9478,EGO,Eldorado Gold Corp /Fi,US,True,2026-05-03 12:13:06.040319+00:00
9479,MINBY,Minebea Mitsumi Inc.,US,True,2026-05-03 12:13:06.040319+00:00
9480,IBRX,"Immunitybio, Inc.",US,True,2026-05-03 12:13:06.040319+00:00
9481,SARO,"Standardaero, Inc.",US,True,2026-05-03 12:13:06.040319+00:00
9482,KNSL,"Kinsale Capital Group, Inc.",US,True,2026-05-03 12:13:06.040319+00:00
9483,EMN,Eastman Chemical Co,US,True,2026-05-03 12:13:06.040319+00:00
9484,ARE,"Alexandria Real Estate Equities, Inc.",US,True,2026-05-03 12:13:06.040319+00:00
9485,TTEK,Tetra Tech Inc,US,True,2026-05-03 12:13:06.040319+00:00
9486,QGEN,Qiagen N.V.,US,True,2026-05-03 12:13:06.040319+00:00
9487,BIO,"Bio-Rad Laboratories, Inc.",US,True,2026-05-03 12:13:06.040319+00:00
9488,MICC,Magnum Ice Cream Co N.V.,US,True,2026-05-03 12:13:06.040319+00:00
9489,SNROY,"Sanrio Company, Ltd./Adr",US,True,2026-05-03 12:13:06.040319+00:00
9490,CAE,Cae Inc,US,True,2026-05-03 12:13:06.040319+00:00
9491,TAP,Molson Coors Beverage Co,US,True,2026-05-03 12:13:06.040319+00:00
9492,NFG,National Fuel Gas Co,US,True,2026-05-03 12:13:06.040319+00:00
9493,SNEX,Stonex Group Inc.,US,True,2026-05-03 12:13:06.040319+00:00
9494,ATR,"Aptargroup, Inc.",US,True,2026-05-03 12:13:06.040319+00:00
9495,CYTK,Cytokinetics Inc,US,True,2026-05-03 12:13:06.040319+00:00
9496,AUGO,Aura Minerals Inc.,US,True,2026-05-03 12:13:06.040319+00:00
9497,BOKF,Bok Financial Corp,US,True,2026-05-03 12:13:06.040319+00:00
9498,ESE,Esco Technologies Inc,US,True,2026-05-03 12:13:06.040319+00:00
9499,SSL,Sasol Ltd,US,True,2026-05-03 12:13:06.040319+00:00
9500,LBRDA,Liberty Broadband Corp,US,True,2026-05-03 12:13:06.040319+00:00
9501,HALO,"Halozyme Therapeutics, Inc.",US,True,2026-05-03 12:13:06.040319+00:00
9502,GGAL,Grupo Financiero Galicia Sa,US,True,2026-05-03 12:13:06.040319+00:00
9503,MANH,Manhattan Associates Inc,US,True,2026-05-03 12:13:06.040319+00:00
9504,NXE,Nexgen Energy Ltd.,US,True,2026-05-03 12:13:06.040319+00:00
9505,MSGS,Madison Square Garden Sports Corp.,US,True,2026-05-03 12:13:06.040319+00:00
9506,BVN,Buenaventura Mining Co Inc,US,True,2026-05-03 12:13:06.040319+00:00
9507,ZWS,Zurn Elkay Water Solutions Corp,US,True,2026-05-03 12:13:06.040319+00:00
9508,KRYS,"Krystal Biotech, Inc.",US,True,2026-05-03 12:13:06.040319+00:00
9509,AMG,"Affiliated Managers Group, Inc.",US,True,2026-05-03 12:13:06.040319+00:00
9510,IDA,Idacorp Inc,US,True,2026-05-03 12:13:06.040319+00:00
9511,LKQ,Lkq Corp,US,True,2026-05-03 12:13:06.040319+00:00
9512,JHG,Janus Henderson Group Plc,US,True,2026-05-03 12:13:06.040319+00:00
9513,FRO,Frontline Plc,US,True,2026-05-03 12:13:06.040319+00:00
9514,PPC,Pilgrims Pride Corp,US,True,2026-05-03 12:13:06.040319+00:00
9515,JXN,Jackson Financial Inc.,US,True,2026-05-03 12:13:06.040319+00:00
9516,MOH,"Molina Healthcare, Inc.",US,True,2026-05-03 12:13:06.040319+00:00
9517,YOU,"Clear Secure, Inc.",US,True,2026-05-03 12:13:06.040319+00:00
9518,AAON,"Aaon, Inc.",US,True,2026-05-03 12:13:06.040319+00:00
9519,UGI,Ugi Corp /Pa/,US,True,2026-05-03 12:13:06.040319+00:00
9520,XNDU,Xanadu Quantum Technologies Ltd,US,True,2026-05-03 12:13:06.040319+00:00
9521,HESM,Hess Midstream Lp,US,True,2026-05-03 12:13:06.040319+00:00
9522,CWEN,"Clearway Energy, Inc.",US,True,2026-05-03 12:13:06.040319+00:00
9523,KEX,Kirby Corp,US,True,2026-05-03 12:13:06.040319+00:00
9524,QRVO,"Qorvo, Inc.",US,True,2026-05-03 12:13:06.040319+00:00
9525,MOS,Mosaic Co,US,True,2026-05-03 12:13:06.040319+00:00
9526,AAL,American Airlines Group Inc.,US,True,2026-05-03 12:13:06.040319+00:00
9527,ALGM,"Allegro Microsystems, Inc.",US,True,2026-05-03 12:13:06.040319+00:00
9528,BIRK,Birkenstock Holding Plc,US,True,2026-05-03 12:13:06.040319+00:00
9529,STAG,"Stag Industrial, Inc.",US,True,2026-05-03 12:13:06.040319+00:00
9530,AWI,Armstrong World Industries Inc,US,True,2026-05-03 12:13:06.040319+00:00
9531,PDI,Pimco Dynamic Income Fund,US,True,2026-05-03 12:13:06.040319+00:00
9532,TKR,Timken Co,US,True,2026-05-03 12:13:06.040319+00:00
9533,AXS,Axis Capital Holdings Ltd,US,True,2026-05-03 12:13:06.040319+00:00
9534,FIGR,"Figure Technology Solutions, Inc.",US,True,2026-05-03 12:13:06.040319+00:00
9535,NE,Noble Corp Plc,US,True,2026-05-03 12:13:06.040319+00:00
9536,OGC,Oceanagold Corp,US,True,2026-05-03 12:13:06.040319+00:00
9537,SSD,"Simpson Manufacturing Co., Inc.",US,True,2026-05-03 12:13:06.040319+00:00
9538,QBTS,D-Wave Quantum Inc.,US,True,2026-05-03 12:13:06.040319+00:00
9539,CMC,Commercial Metals Co,US,True,2026-05-03 12:13:06.040319+00:00
9540,RGEN,Repligen Corp,US,True,2026-05-03 12:13:06.040319+00:00
9541,CHRD,Chord Energy Corp,US,True,2026-05-03 12:13:06.040319+00:00
9542,CBSH,Commerce Bancshares Inc /Mo/,US,True,2026-05-03 12:13:06.040319+00:00
9543,VLY,Valley National Bancorp,US,True,2026-05-03 12:13:06.040319+00:00
9544,OR,Or Royalties Inc.,US,True,2026-05-03 12:13:06.040319+00:00
9545,MORN,"Morningstar, Inc.",US,True,2026-05-03 12:13:06.040319+00:00
9546,CE,Celanese Corp,US,True,2026-05-03 12:13:06.040319+00:00
9547,ENS,Enersys,US,True,2026-05-03 12:13:06.040319+00:00
9548,MTDR,Matador Resources Co,US,True,2026-05-03 12:13:06.040319+00:00
9549,CIFR,Cipher Digital Inc.,US,True,2026-05-03 12:13:06.040319+00:00
9550,TAL,Tal Education Group,US,True,2026-05-03 12:13:06.040319+00:00
9551,VIPS,Vipshop Holdings Ltd,US,True,2026-05-03 12:13:06.040319+00:00
9552,INGM,Ingram Micro Holding Corp,US,True,2026-05-03 12:13:06.040319+00:00
9553,PRMB,Primo Brands Corp,US,True,2026-05-03 12:13:06.040319+00:00
9554,VIST,"Vista Energy, S.A.B. De C.V.",US,True,2026-05-03 12:13:06.040319+00:00
9555,HQY,"Healthequity, Inc.",US,True,2026-05-03 12:13:06.040319+00:00
9556,CWAN,"Clearwater Analytics Holdings, Inc.",US,True,2026-05-03 12:13:06.040319+00:00
9557,KYMR,"Kymera Therapeutics, Inc.",US,True,2026-05-03 12:13:06.040319+00:00
9558,DOX,Amdocs Ltd,US,True,2026-05-03 12:13:06.040319+00:00
9559,EPAM,"Epam Systems, Inc.",US,True,2026-05-03 12:13:06.040319+00:00
9560,WFRD,Weatherford International Plc,US,True,2026-05-03 12:13:06.040319+00:00
9561,GKOS,Glaukos Corp,US,True,2026-05-03 12:13:06.040319+00:00
9562,INGR,Ingredion Inc,US,True,2026-05-03 12:13:06.040319+00:00
9563,SFM,"Sprouts Farmers Market, Inc.",US,True,2026-05-03 12:13:06.040319+00:00
9564,AN,"Autonation, Inc.",US,True,2026-05-03 12:13:06.040319+00:00
9565,GATX,Gatx Corp,US,True,2026-05-03 12:13:06.040319+00:00
9566,UEC,Uranium Energy Corp,US,True,2026-05-03 12:13:06.040319+00:00
9567,PAYC,"Paycom Software, Inc.",US,True,2026-05-03 12:13:06.040319+00:00
9568,SLAB,Silicon Laboratories Inc.,US,True,2026-05-03 12:13:06.040319+00:00
9569,NOV,Nov Inc.,US,True,2026-05-03 12:13:06.040319+00:00
9570,TFPM,Triple Flag Precious Metals Corp.,US,True,2026-05-03 12:13:06.040319+00:00
9571,PB,Prosperity Bancshares Inc,US,True,2026-05-03 12:13:06.040319+00:00
9572,TRNO,Terreno Realty Corp,US,True,2026-05-03 12:13:06.040319+00:00
9573,BBUC,Brookfield Business Corp,US,True,2026-05-03 12:13:06.040319+00:00
9574,BEPC,Brookfield Renewable Corp,US,True,2026-05-03 12:13:06.040319+00:00
9575,CAG,Conagra Brands Inc.,US,True,2026-05-03 12:13:06.040319+00:00
9576,LNC,Lincoln National Corp,US,True,2026-05-03 12:13:06.040319+00:00
9577,ROAD,"Construction Partners, Inc.",US,True,2026-05-03 12:13:06.040319+00:00
9578,ERAS,"Erasca, Inc.",US,True,2026-05-03 12:13:06.040319+00:00
9579,EPRT,"Essential Properties Realty Trust, Inc.",US,True,2026-05-03 12:13:06.040319+00:00
9580,VOYA,"Voya Financial, Inc.",US,True,2026-05-03 12:13:06.040319+00:00
9581,STWD,"Starwood Property Trust, Inc.",US,True,2026-05-03 12:13:06.040319+00:00
9582,OMF,"Onemain Holdings, Inc.",US,True,2026-05-03 12:13:06.040319+00:00
9583,TEX,Terex Corp,US,True,2026-05-03 12:13:06.040319+00:00
9584,STEP,Stepstone Group Inc.,US,True,2026-05-03 12:13:06.040319+00:00
9585,FSS,Federal Signal Corp /De/,US,True,2026-05-03 12:13:06.040319+00:00
9586,FLR,Fluor Corp,US,True,2026-05-03 12:13:06.040319+00:00
9587,JBTM,Jbt Marel Corp,US,True,2026-05-03 12:13:06.040319+00:00
9588,MWH,"Solv Energy, Inc.",US,True,2026-05-03 12:13:06.040319+00:00
9589,CMS-PB,Consumers Energy Co,US,True,2026-05-03 12:13:06.040319+00:00
9590,SAIL,"Sailpoint, Inc.",US,True,2026-05-03 12:13:06.040319+00:00
9591,FAF,First American Financial Corp,US,True,2026-05-03 12:13:06.040319+00:00
9592,QMMM,Qmmm Holdings Ltd,US,True,2026-05-03 12:13:06.040319+00:00
9593,HIMS,"Hims & Hers Health, Inc.",US,True,2026-05-03 12:13:06.040319+00:00
9594,APGE,"Apogee Therapeutics, Inc.",US,True,2026-05-03 12:13:06.040319+00:00
9595,PTGX,"Protagonist Therapeutics, Inc",US,True,2026-05-03 12:13:06.040319+00:00
9596,FSV,Firstservice Corp,US,True,2026-05-03 12:13:06.040319+00:00
9597,FLY,Firefly Aerospace Inc.,US,True,2026-05-03 12:13:06.040319+00:00
9598,AMTM,"Amentum Holdings, Inc.",US,True,2026-05-03 12:13:06.040319+00:00
9599,SM,Sm Energy Co,US,True,2026-05-03 12:13:06.040319+00:00
9600,MIDD,Middleby Corp,US,True,2026-05-03 12:13:06.040319+00:00
9601,ACLX,"Arcellx, Inc.",US,True,2026-05-03 12:13:06.040319+00:00
9602,GXO,"Gxo Logistics, Inc.",US,True,2026-05-03 12:13:06.040319+00:00
9603,ICL,Icl Group Ltd.,US,True,2026-05-03 12:13:06.040319+00:00
9604,URBN,Urban Outfitters Inc,US,True,2026-05-03 12:13:06.040319+00:00
9605,RIG,Transocean Ltd.,US,True,2026-05-03 12:13:06.040319+00:00
9606,EE,"Excelerate Energy, Inc.",US,True,2026-05-03 12:13:06.040319+00:00
9607,MHK,Mohawk Industries Inc,US,True,2026-05-03 12:13:06.040319+00:00
9608,PEGA,Pegasystems Inc,US,True,2026-05-03 12:13:06.040319+00:00
9609,MSA,Msa Safety Inc,US,True,2026-05-03 12:13:06.040319+00:00
9610,ORA,"Ormat Technologies, Inc.",US,True,2026-05-03 12:13:06.040319+00:00
9611,MBLY,Mobileye Global Inc.,US,True,2026-05-03 12:13:06.040319+00:00
9612,GTES,Gates Industrial Corp Plc,US,True,2026-05-03 12:13:06.040319+00:00
9613,HXL,Hexcel Corp /De/,US,True,2026-05-03 12:13:06.040319+00:00
9614,WH,"Wyndham Hotels & Resorts, Inc.",US,True,2026-05-03 12:13:06.040319+00:00
9615,BYD,Boyd Gaming Corp,US,True,2026-05-03 12:13:06.040319+00:00
9616,RIOT,"Riot Platforms, Inc.",US,True,2026-05-03 12:13:06.040319+00:00
9617,BLTE,"Belite Bio, Inc",US,True,2026-05-03 12:13:06.040319+00:00
9618,EXP,Eagle Materials Inc,US,True,2026-05-03 12:13:06.040319+00:00
9619,ECG,"Everus Construction Group, Inc.",US,True,2026-05-03 12:13:06.040319+00:00
9620,EAT,"Brinker International, Inc",US,True,2026-05-03 12:13:06.040319+00:00
9621,CORZ,"Core Scientific, Inc./Tx",US,True,2026-05-03 12:13:06.040319+00:00
9622,SOBO,South Bow Corp,US,True,2026-05-03 12:13:06.040319+00:00
9623,LAD,Lithia Motors Inc,US,True,2026-05-03 12:13:06.040319+00:00
9624,DSGX,Descartes Systems Group Inc,US,True,2026-05-03 12:13:06.040319+00:00
9625,LEA,Lear Corp,US,True,2026-05-03 12:13:06.040319+00:00
9626,PIPR,Piper Sandler Companies,US,True,2026-05-03 12:13:06.040319+00:00
9627,JAN,"Janus Living, Inc.",US,True,2026-05-03 12:13:06.040319+00:00
9628,UELMO,Union Electric Co,US,True,2026-05-03 12:13:06.040319+00:00
9629,NICE,Nice Ltd.,US,True,2026-05-03 12:13:06.040319+00:00
9630,HR,Healthcare Realty Trust Inc,US,True,2026-05-03 12:13:06.040319+00:00
9631,RHP,"Ryman Hospitality Properties, Inc.",US,True,2026-05-03 12:13:06.040319+00:00
9632,RYN,Rayonier Inc,US,True,2026-05-03 12:13:06.040319+00:00
9633,ESAB,Esab Corp,US,True,2026-05-03 12:13:06.040319+00:00
9634,TXNM,Txnm Energy Inc,US,True,2026-05-03 12:13:06.040319+00:00
9635,SWX,"Southwest Gas Holdings, Inc.",US,True,2026-05-03 12:13:06.040319+00:00
9636,PLXS,Plexus Corp,US,True,2026-05-03 12:13:06.040319+00:00
9637,SITE,"Siteone Landscape Supply, Inc.",US,True,2026-05-03 12:13:06.040319+00:00
9638,GBCI,"Glacier Bancorp, Inc.",US,True,2026-05-03 12:13:06.040319+00:00
9639,UGP,Ultrapar Holdings Inc,US,True,2026-05-03 12:13:06.040319+00:00
9640,THG,"Hanover Insurance Group, Inc.",US,True,2026-05-03 12:13:06.040319+00:00
9641,NSA,National Storage Affiliates Trust,US,True,2026-05-03 12:13:06.040319+00:00
9642,BTG,B2Gold Corp,US,True,2026-05-03 12:13:06.040319+00:00
9643,BZ,Kanzhun Ltd,US,True,2026-05-03 12:13:06.040319+00:00
9644,CHDN,Churchill Downs Inc,US,True,2026-05-03 12:13:06.040319+00:00
9645,FNB,Fnb Corp/Pa/,US,True,2026-05-03 12:13:06.040319+00:00
9646,SGHC,Super Group (Sghc) Ltd,US,True,2026-05-03 12:13:06.040319+00:00
9647,G,Genpact Ltd,US,True,2026-05-03 12:13:06.040319+00:00
9648,BLSH,Bullish,US,True,2026-05-03 12:13:06.040319+00:00
9649,ETSY,Etsy Inc,US,True,2026-05-03 12:13:06.040319+00:00
9650,PJT,Pjt Partners Inc.,US,True,2026-05-03 12:13:06.040319+00:00
9651,VAL,Valaris Ltd,US,True,2026-05-03 12:13:06.040319+00:00
9652,NXST,"Nexstar Media Group, Inc.",US,True,2026-05-03 12:13:06.040319+00:00
9653,CPB,Campbell'S Co,US,True,2026-05-03 12:13:06.040319+00:00
9654,EQPT,Equipmentshare.Com Inc,US,True,2026-05-03 12:13:06.040319+00:00
9655,LW,"Lamb Weston Holdings, Inc.",US,True,2026-05-03 12:13:06.040319+00:00
9656,AXTA,Axalta Coating Systems Ltd.,US,True,2026-05-03 12:13:06.040319+00:00
9657,DLB,"Dolby Laboratories, Inc.",US,True,2026-05-03 12:13:06.040319+00:00
9658,KVYO,"Klaviyo, Inc.",US,True,2026-05-03 12:13:06.040319+00:00
9659,ALM,Almonty Industries Inc.,US,True,2026-05-03 12:13:06.040319+00:00
9660,LTH,"Life Time Group Holdings, Inc.",US,True,2026-05-03 12:13:06.040319+00:00
9661,AROC,"Archrock, Inc.",US,True,2026-05-03 12:13:06.040319+00:00
9662,PNDRY,Pandora A/S / Adr,US,True,2026-05-03 12:13:06.040319+00:00
9663,AVT,Avnet Inc,US,True,2026-05-03 12:13:06.040319+00:00
9664,SYRE,"Spyre Therapeutics, Inc.",US,True,2026-05-03 12:13:06.040319+00:00
9665,CBC,"Central Bancompany, Inc.",US,True,2026-05-03 12:13:06.040319+00:00
9666,ACT,"Enact Holdings, Inc.",US,True,2026-05-03 12:13:06.040319+00:00
9667,SSRM,Ssr Mining Inc.,US,True,2026-05-03 12:13:06.040319+00:00
9668,MKTX,Marketaxess Holdings Inc,US,True,2026-05-03 12:13:06.040319+00:00
9669,CNTA,Centessa Pharmaceuticals Plc,US,True,2026-05-03 12:13:06.040319+00:00
9670,BRKR,Bruker Corp,US,True,2026-05-03 12:13:06.040319+00:00
9671,TTAN,"Servicetitan, Inc.",US,True,2026-05-03 12:13:06.040319+00:00
9672,TERN,"Terns Pharmaceuticals, Inc.",US,True,2026-05-03 12:13:06.040319+00:00
9673,SEI,"Solaris Energy Infrastructure, Inc.",US,True,2026-05-03 12:13:06.040319+00:00
9674,ENIC,Enel Chile S.A.,US,True,2026-05-03 12:13:06.040319+00:00
9675,REZI,"Resideo Technologies, Inc.",US,True,2026-05-03 12:13:06.040319+00:00
9676,WEX,Wex Inc.,US,True,2026-05-03 12:13:06.040319+00:00
9677,UBSI,United Bankshares Inc/Wv,US,True,2026-05-03 12:13:06.040319+00:00
9678,CELC,Celcuity Inc.,US,True,2026-05-03 12:13:06.040319+00:00
9679,LSTR,Landstar System Inc,US,True,2026-05-03 12:13:06.040319+00:00
9680,CENX,Century Aluminum Co,US,True,2026-05-03 12:13:06.040319+00:00
9681,CGON,"Cg Oncology, Inc.",US,True,2026-05-03 12:13:06.040319+00:00
9682,MTG,Mgic Investment Corp,US,True,2026-05-03 12:13:06.040319+00:00
9683,RGTI,"Rigetti Computing, Inc.",US,True,2026-05-03 12:13:06.040319+00:00
9684,NEU,Newmarket Corp,US,True,2026-05-03 12:13:06.040319+00:00
9685,VNO,Vornado Realty Trust,US,True,2026-05-03 12:13:06.040319+00:00
9686,SFGYY,Sony Financial Group Inc./Adr,US,True,2026-05-03 12:13:06.040319+00:00
9687,UWMC,Uwm Holdings Corp,US,True,2026-05-03 12:13:06.040319+00:00
9688,NPO,Enpro Inc.,US,True,2026-05-03 12:13:06.040319+00:00
9689,FLG,"Flagstar Bank, National Association",US,True,2026-05-03 12:13:06.040319+00:00
9690,ESNT,Essent Group Ltd.,US,True,2026-05-03 12:13:06.040319+00:00
9691,ST,Sensata Technologies Holding Plc,US,True,2026-05-03 12:13:06.040319+00:00
9692,TMHC,Taylor Morrison Home Corp,US,True,2026-05-03 12:13:06.040319+00:00
9693,COGT,"Cogent Biosciences, Inc.",US,True,2026-05-03 12:13:06.040319+00:00
9694,OTEX,Open Text Corp,US,True,2026-05-03 12:13:06.040319+00:00
9695,HLNE,Hamilton Lane Inc,US,True,2026-05-03 12:13:06.040319+00:00
9696,TKMTY,"Tokyo Metro Co., Ltd./Adr",US,True,2026-05-03 12:13:06.040319+00:00
9697,CAI,"Caris Life Sciences, Inc.",US,True,2026-05-03 12:13:06.040319+00:00
9698,CIGI,Colliers International Group Inc.,US,True,2026-05-03 12:13:06.040319+00:00
9699,LYFT,"Lyft, Inc.",US,True,2026-05-03 12:13:06.040319+00:00
9700,DBX,"Dropbox, Inc.",US,True,2026-05-03 12:13:06.040319+00:00
9701,ADT,Adt Inc.,US,True,2026-05-03 12:13:06.040319+00:00
9702,POR,Portland General Electric Co /Or/,US,True,2026-05-03 12:13:06.040319+00:00
9703,PTCT,"Ptc Therapeutics, Inc.",US,True,2026-05-03 12:13:06.040319+00:00
9704,COMP,"Compass, Inc.",US,True,2026-05-03 12:13:06.040319+00:00
9705,MAC,Macerich Co,US,True,2026-05-03 12:13:06.040319+00:00
9706,PSN,Parsons Corp,US,True,2026-05-03 12:13:06.040319+00:00
9707,LOAR,Loar Holdings Inc.,US,True,2026-05-03 12:13:06.040319+00:00
9708,RYTM,"Rhythm Pharmaceuticals, Inc.",US,True,2026-05-03 12:13:06.040319+00:00
9709,AVTR,"Avantor, Inc.",US,True,2026-05-03 12:13:06.040319+00:00
9710,TGTX,"Tg Therapeutics, Inc.",US,True,2026-05-03 12:13:06.040319+00:00
9711,GOLF,Acushnet Holdings Corp.,US,True,2026-05-03 12:13:06.040319+00:00
9712,FCN,"Fti Consulting, Inc",US,True,2026-05-03 12:13:06.040319+00:00
9713,RUSHA,Rush Enterprises Inc \Tx\,US,True,2026-05-03 12:13:06.040319+00:00
9714,PATH,"Uipath, Inc.",US,True,2026-05-03 12:13:06.040319+00:00
9715,PLNT,"Planet Fitness, Inc.",US,True,2026-05-03 12:13:06.040319+00:00
9716,CACC,Credit Acceptance Corp,US,True,2026-05-03 12:13:06.040319+00:00
9717,IMVT,"Immunovant, Inc.",US,True,2026-05-03 12:13:06.040319+00:00
9718,ABCB,Ameris Bancorp,US,True,2026-05-03 12:13:06.040319+00:00
9719,OBDC,Blue Owl Capital Corp,US,True,2026-05-03 12:13:06.040319+00:00
9720,RRR,"Red Rock Resorts, Inc.",US,True,2026-05-03 12:13:06.040319+00:00
9721,VSNT,"Versant Media Group, Inc.",US,True,2026-05-03 12:13:06.040319+00:00
9722,BLCO,Bausch & Lomb Corp,US,True,2026-05-03 12:13:06.040319+00:00
9723,FND,"Floor & Decor Holdings, Inc.",US,True,2026-05-03 12:13:06.040319+00:00
9724,GRFS,Grifols Sa,US,True,2026-05-03 12:13:06.040319+00:00
9725,BCPC,Balchem Corp,US,True,2026-05-03 12:13:06.040319+00:00
9726,APPF,Appfolio Inc,US,True,2026-05-03 12:13:06.040319+00:00
9727,RITM,Rithm Capital Corp.,US,True,2026-05-03 12:13:06.040319+00:00
9728,CRC,California Resources Corp,US,True,2026-05-03 12:13:06.040319+00:00
9729,PACS,"Pacs Group, Inc.",US,True,2026-05-03 12:13:06.040319+00:00
9730,CZR,"Caesars Entertainment, Inc.",US,True,2026-05-03 12:13:06.040319+00:00
9731,WTM,White Mountains Insurance Group Ltd,US,True,2026-05-03 12:13:06.040319+00:00
9732,PCTY,Paylocity Holding Corp,US,True,2026-05-03 12:13:06.040319+00:00
9733,MIRM,"Mirum Pharmaceuticals, Inc.",US,True,2026-05-03 12:13:06.040319+00:00
9734,AVAL,Grupo Aval Acciones Y Valores S.A.,US,True,2026-05-03 12:13:06.040319+00:00
9735,BXSL,Blackstone Secured Lending Fund,US,True,2026-05-03 12:13:06.040319+00:00
9736,SON,Sonoco Products Co,US,True,2026-05-03 12:13:06.040319+00:00
9737,ACA,"Arcosa, Inc.",US,True,2026-05-03 12:13:06.040319+00:00
9738,BKH,Black Hills Corp /Sd/,US,True,2026-05-03 12:13:06.040319+00:00
9739,HWC,Hancock Whitney Corp,US,True,2026-05-03 12:13:06.040319+00:00
9740,FROG,Jfrog Ltd,US,True,2026-05-03 12:13:06.040319+00:00
9741,ALKS,Alkermes Plc.,US,True,2026-05-03 12:13:06.040319+00:00
9742,TKC,Turkcell Iletisim Hizmetleri A S,US,True,2026-05-03 12:13:06.040319+00:00
9743,POST,"Post Holdings, Inc.",US,True,2026-05-03 12:13:06.040319+00:00
9744,CROX,"Crocs, Inc.",US,True,2026-05-03 12:13:06.040319+00:00
9745,CHH,Choice Hotels International Inc /De,US,True,2026-05-03 12:13:06.040319+00:00
9746,OMAB,Central North Airport Group,US,True,2026-05-03 12:13:06.040319+00:00
9747,KGS,"Kodiak Gas Services, Inc.",US,True,2026-05-03 12:13:06.040319+00:00
9748,NJR,New Jersey Resources Corp,US,True,2026-05-03 12:13:06.040319+00:00
9749,SEB,Seaboard Corp /De/,US,True,2026-05-03 12:13:06.040319+00:00
9750,KMX,Carmax Inc,US,True,2026-05-03 12:13:06.040319+00:00
9751,KRG,Kite Realty Group Trust,US,True,2026-05-03 12:13:06.040319+00:00
9752,SRRK,Scholar Rock Holding Corp,US,True,2026-05-03 12:13:06.040319+00:00
9753,TFX,Teleflex Inc,US,True,2026-05-03 12:13:06.040319+00:00
9754,KLAR,Klarna Group Plc,US,True,2026-05-03 12:13:06.040319+00:00
9755,MGY,Magnolia Oil & Gas Corp,US,True,2026-05-03 12:13:06.040319+00:00
9756,AX,"Axos Financial, Inc.",US,True,2026-05-03 12:13:06.040319+00:00
9757,UFPI,Ufp Industries Inc,US,True,2026-05-03 12:13:06.040319+00:00
9758,OGS,"One Gas, Inc.",US,True,2026-05-03 12:13:06.040319+00:00
9759,GLBE,Global-E Online Ltd.,US,True,2026-05-03 12:13:06.040319+00:00
9760,MUR,Murphy Oil Corp,US,True,2026-05-03 12:13:06.040319+00:00
9761,BC,Brunswick Corp,US,True,2026-05-03 12:13:06.040319+00:00
9762,VSEC,Vse Corp,US,True,2026-05-03 12:13:06.040319+00:00
9763,OZK,Bank Ozk,US,True,2026-05-03 12:13:06.040319+00:00
9764,HOMB,Home Bancshares Inc,US,True,2026-05-03 12:13:06.040319+00:00
9765,MSM,Msc Industrial Direct Co Inc,US,True,2026-05-03 12:13:06.040319+00:00
9766,RSI,"Rush Street Interactive, Inc.",US,True,2026-05-03 12:13:06.040319+00:00
9767,GVA,Granite Construction Inc,US,True,2026-05-03 12:13:06.040319+00:00
9768,OLLI,"Ollie'S Bargain Outlet Holdings, Inc.",US,True,2026-05-03 12:13:06.040319+00:00
9769,MBRFY,Marfrig Global Foods S.A.,US,True,2026-05-03 12:13:06.040319+00:00
9770,AUB,Atlantic Union Bankshares Corp,US,True,2026-05-03 12:13:06.040319+00:00
9771,CNX,Cnx Resources Corp,US,True,2026-05-03 12:13:06.040319+00:00
9772,PECO,"Phillips Edison & Company, Inc.",US,True,2026-05-03 12:13:06.040319+00:00
9773,BGC,"Bgc Group, Inc.",US,True,2026-05-03 12:13:06.040319+00:00
9774,XENE,Xenon Pharmaceuticals Inc.,US,True,2026-05-03 12:13:06.040319+00:00
9775,M,"Macy'S, Inc.",US,True,2026-05-03 12:13:06.040319+00:00
9776,GLNG,Golar Lng Ltd,US,True,2026-05-03 12:13:06.040319+00:00
9777,OTF,Blue Owl Technology Finance Corp.,US,True,2026-05-03 12:13:06.040319+00:00
9778,RLI,Rli Corp,US,True,2026-05-03 12:13:06.040319+00:00
9779,CRSP,Crispr Therapeutics Ag,US,True,2026-05-03 12:13:06.040319+00:00
9780,OUT,Outfront Media Inc.,US,True,2026-05-03 12:13:06.040319+00:00
9781,SLFPY,Standard Life Plc,US,True,2026-05-03 12:13:06.040319+00:00
9782,MATX,"Matson, Inc.",US,True,2026-05-03 12:13:06.040319+00:00
9783,PAGP,Plains Gp Holdings Lp,US,True,2026-05-03 12:13:06.040319+00:00
9784,LB,Landbridge Co Llc,US,True,2026-05-03 12:13:06.040319+00:00
9785,LNTH,"Lantheus Holdings, Inc.",US,True,2026-05-03 12:13:06.040319+00:00
9786,SNDR,"Schneider National, Inc.",US,True,2026-05-03 12:13:06.040319+00:00
9787,ATAT,Atour Lifestyle Holdings Ltd,US,True,2026-05-03 12:13:06.040319+00:00
9788,IFS,Intercorp Financial Services Inc.,US,True,2026-05-03 12:13:06.040319+00:00
9789,MCY,Mercury General Corp,US,True,2026-05-03 12:13:06.040319+00:00
9790,SR,Spire Inc,US,True,2026-05-03 12:13:06.040319+00:00
9791,YSS,York Space Systems Inc.,US,True,2026-05-03 12:13:06.040319+00:00
9792,IPGP,Ipg Photonics Corp,US,True,2026-05-03 12:13:06.040319+00:00
9793,ASB,Associated Banc-Corp,US,True,2026-05-03 12:13:06.040319+00:00
9794,ONDS,Ondas Inc.,US,True,2026-05-03 12:13:06.040319+00:00
9795,APLS,"Apellis Pharmaceuticals, Inc.",US,True,2026-05-03 12:13:06.040319+00:00
9796,RAL,Ralliant Corp,US,True,2026-05-03 12:13:06.040319+00:00
9797,ALH,Alliance Laundry Holdings Inc.,US,True,2026-05-03 12:13:06.040319+00:00
9798,OPEN,Opendoor Technologies Inc.,US,True,2026-05-03 12:13:06.040319+00:00
9799,CLF,Cleveland-Cliffs Inc.,US,True,2026-05-03 12:13:06.040319+00:00
9800,KC,Kingsoft Cloud Holdings Ltd,US,True,2026-05-03 12:13:06.040319+00:00
9801,WING,Wingstop Inc.,US,True,2026-05-03 12:13:06.040319+00:00
9802,VNT,Vontier Corp,US,True,2026-05-03 12:13:06.040319+00:00
9803,WFG,"West Fraser Timber Co., Ltd",US,True,2026-05-03 12:13:06.040319+00:00
9804,MYRG,Myr Group Inc.,US,True,2026-05-03 12:13:06.040319+00:00
9805,HASI,"Ha Sustainable Infrastructure Capital, Inc.",US,True,2026-05-03 12:13:06.040319+00:00
9806,BMA,Macro Bank Inc.,US,True,2026-05-03 12:13:06.040319+00:00
9807,TEO,Telecom Argentina Sa,US,True,2026-05-03 12:13:06.040319+00:00
9808,BDC,Belden Inc.,US,True,2026-05-03 12:13:06.040319+00:00
9809,TDS,Telephone & Data Systems Inc /De/,US,True,2026-05-03 12:13:06.040319+00:00
9810,CHE,Chemed Corp,US,True,2026-05-03 12:13:06.040319+00:00
9811,IEP,Icahn Enterprises L.P.,US,True,2026-05-03 12:13:06.040319+00:00
9812,MRP,"Millrose Properties, Inc.",US,True,2026-05-03 12:13:06.040319+00:00
9813,ESTC,Elastic N.V.,US,True,2026-05-03 12:13:06.040319+00:00
9814,UUUU,Energy Fuels Inc,US,True,2026-05-03 12:13:06.040319+00:00
9815,MC,Moelis & Co,US,True,2026-05-03 12:13:06.040319+00:00
9816,SBRA,"Sabra Health Care Reit, Inc.",US,True,2026-05-03 12:13:06.040319+00:00
9817,BOOT,"Boot Barn Holdings, Inc.",US,True,2026-05-03 12:13:06.040319+00:00
9818,EXLS,"Exlservice Holdings, Inc.",US,True,2026-05-03 12:13:06.040319+00:00
9819,LPL,"Lg Display Co., Ltd.",US,True,2026-05-03 12:13:06.040319+00:00
9820,LMND,"Lemonade, Inc.",US,True,2026-05-03 12:13:06.040319+00:00
9821,OSIS,Osi Systems Inc,US,True,2026-05-03 12:13:06.040319+00:00
9822,CSW,"Csw Industrials, Inc.",US,True,2026-05-03 12:13:06.040319+00:00
9823,MRCY,Mercury Systems Inc,US,True,2026-05-03 12:13:06.040319+00:00
9824,KNF,Knife River Corp,US,True,2026-05-03 12:13:06.040319+00:00
9825,BTDPY,Barratt Developments Plc/Adr,US,True,2026-05-03 12:13:06.040319+00:00
9826,BIPC,Brookfield Infrastructure Corp,US,True,2026-05-03 12:13:06.040319+00:00
9827,SRAD,Sportradar Group Ag,US,True,2026-05-03 12:13:06.040319+00:00
9828,CPA,"Copa Holdings, S.A.",US,True,2026-05-03 12:13:06.040319+00:00
9829,USAR,"Usa Rare Earth, Inc.",US,True,2026-05-03 12:13:06.040319+00:00
9830,ATMU,Atmus Filtration Technologies Inc.,US,True,2026-05-03 12:13:06.040319+00:00
9831,GHC,Graham Holdings Co,US,True,2026-05-03 12:13:06.040319+00:00
9832,FOUR,"Shift4 Payments, Inc.",US,True,2026-05-03 12:13:06.040319+00:00
9833,WAY,Waystar Holding Corp.,US,True,2026-05-03 12:13:06.040319+00:00
9834,CWST,Casella Waste Systems Inc,US,True,2026-05-03 12:13:06.040319+00:00
9835,NNI,Nelnet Inc,US,True,2026-05-03 12:13:06.040319+00:00
9836,ORLA,Orla Mining Ltd.,US,True,2026-05-03 12:13:06.040319+00:00
9837,LPX,Louisiana-Pacific Corp,US,True,2026-05-03 12:13:06.040319+00:00
9838,MIR,"Mirion Technologies, Inc.",US,True,2026-05-03 12:13:06.040319+00:00
9839,S,"Sentinelone, Inc.",US,True,2026-05-03 12:13:06.040319+00:00
9840,DNTH,"Dianthus Therapeutics, Inc. /De/",US,True,2026-05-03 12:13:06.040319+00:00
9841,PSMT,Pricesmart Inc,US,True,2026-05-03 12:13:06.040319+00:00
9842,XXI,"Twenty One Capital, Inc.",US,True,2026-05-03 12:13:06.040319+00:00
9843,GNTX,Gentex Corp,US,True,2026-05-03 12:13:06.040319+00:00
9844,SIM,"Grupo Simec, S.A.B. De C.V.",US,True,2026-05-03 12:13:06.040319+00:00
9845,MAIN,Main Street Capital Corp,US,True,2026-05-03 12:13:06.040319+00:00
9846,SIGI,Selective Insurance Group Inc,US,True,2026-05-03 12:13:06.040319+00:00
9847,LOPE,"Grand Canyon Education, Inc.",US,True,2026-05-03 12:13:06.040319+00:00
9848,CRK,Comstock Resources Inc,US,True,2026-05-03 12:13:06.040319+00:00
9849,FBIN,"Fortune Brands Innovations, Inc.",US,True,2026-05-03 12:13:06.040319+00:00
9850,CORT,Corcept Therapeutics Inc,US,True,2026-05-03 12:13:06.040319+00:00
9851,SIMO,Silicon Motion Technology Corp,US,True,2026-05-03 12:13:06.040319+00:00
9852,PONY,Pony Ai Inc.,US,True,2026-05-03 12:13:06.040319+00:00
9853,EMAT,Evolution Metals & Technologies Corp.,US,True,2026-05-03 12:13:06.040319+00:00
9854,BFAM,Bright Horizons Family Solutions Inc.,US,True,2026-05-03 12:13:06.040319+00:00
9855,RDN,Radian Group Inc,US,True,2026-05-03 12:13:06.040319+00:00
9856,DUOL,"Duolingo, Inc.",US,True,2026-05-03 12:13:06.040319+00:00
9857,OSCR,"Oscar Health, Inc.",US,True,2026-05-03 12:13:06.040319+00:00
9858,TGS,Gas Transporter Of The South Inc,US,True,2026-05-03 12:13:06.040319+00:00
9859,AQN,Algonquin Power & Utilities Corp.,US,True,2026-05-03 12:13:06.040319+00:00
9860,PRM,"Perimeter Solutions, Inc.",US,True,2026-05-03 12:13:06.040319+00:00
9861,HCC,"Warrior Met Coal, Inc.",US,True,2026-05-03 12:13:06.040319+00:00
9862,PBF,Pbf Energy Inc.,US,True,2026-05-03 12:13:06.040319+00:00
9863,VCTR,"Victory Capital Holdings, Inc.",US,True,2026-05-03 12:13:06.040319+00:00
9864,HAPVY,Hapvida Participacoes E Investimentos S.A./Adr,US,True,2026-05-03 12:13:06.040319+00:00
9865,ALK,"Alaska Air Group, Inc.",US,True,2026-05-03 12:13:06.040319+00:00
9866,TNL,Travel & Leisure Co.,US,True,2026-05-03 12:13:06.040319+00:00
9867,LAUR,"Laureate Education, Inc.",US,True,2026-05-03 12:13:06.040319+00:00
9868,MTN,Vail Resorts Inc,US,True,2026-05-03 12:13:06.040319+00:00
9869,MNSO,Miniso Group Holding Ltd,US,True,2026-05-03 12:13:06.040319+00:00
9870,PFSI,"Pennymac Financial Services, Inc.",US,True,2026-05-03 12:13:06.040319+00:00
9871,NOVT,Novanta Inc,US,True,2026-05-03 12:13:06.040319+00:00
9872,UNF,Unifirst Corp,US,True,2026-05-03 12:13:06.040319+00:00
9873,GPGI,"Gpgi, Inc.",US,True,2026-05-03 12:13:06.040319+00:00
9874,LEGN,Legend Biotech Corp,US,True,2026-05-03 12:13:06.040319+00:00
9875,MDA,Mda Space Ltd.,US,True,2026-05-03 12:13:06.040319+00:00
9876,KBR,"Kbr, Inc.",US,True,2026-05-03 12:13:06.040319+00:00
9877,AIR,Aar Corp,US,True,2026-05-03 12:13:06.040319+00:00
9878,MTH,Meritage Homes Corp,US,True,2026-05-03 12:13:06.040319+00:00
9879,LAZ,"Lazard, Inc.",US,True,2026-05-03 12:13:06.040319+00:00
9880,FFIN,First Financial Bankshares Inc,US,True,2026-05-03 12:13:06.040319+00:00
9881,TBBB,Bbb Foods Inc,US,True,2026-05-03 12:13:06.040319+00:00
9882,TCBI,Texas Capital Bancshares Inc/Tx,US,True,2026-05-03 12:13:06.040319+00:00
9883,LBRT,Liberty Energy Inc.,US,True,2026-05-03 12:13:06.040319+00:00
9884,EBC,"Eastern Bankshares, Inc.",US,True,2026-05-03 12:13:06.040319+00:00
9885,PHI,Pldt Inc.,US,True,2026-05-03 12:13:06.040319+00:00
9886,SKY,"Champion Homes, Inc.",US,True,2026-05-03 12:13:06.040319+00:00
9887,MMYT,Makemytrip Ltd,US,True,2026-05-03 12:13:06.040319+00:00
9888,SHC,Sotera Health Co,US,True,2026-05-03 12:13:06.040319+00:00
9889,BCO,Brinks Co,US,True,2026-05-03 12:13:06.040319+00:00
9890,PAM,Pampa Energy Inc.,US,True,2026-05-03 12:13:06.040319+00:00
9891,DOCS,"Doximity, Inc.",US,True,2026-05-03 12:13:06.040319+00:00
9892,FOLD,"Amicus Therapeutics, Inc.",US,True,2026-05-03 12:13:06.040319+00:00
9893,IRDM,Iridium Communications Inc.,US,True,2026-05-03 12:13:06.040319+00:00
9894,SPHR,Sphere Entertainment Co.,US,True,2026-05-03 12:13:06.040319+00:00
9895,PVH,Pvh Corp. /De/,US,True,2026-05-03 12:13:06.040319+00:00
9896,CNR,"Core Natural Resources, Inc.",US,True,2026-05-03 12:13:06.040319+00:00
9897,LGND,Ligand Pharmaceuticals Inc,US,True,2026-05-03 12:13:06.040319+00:00
9898,SLM,Slm Corp,US,True,2026-05-03 12:13:06.040319+00:00
9899,MEOH,Methanex Corp,US,True,2026-05-03 12:13:06.040319+00:00
9900,FMCC,Federal Home Loan Mortgage Corp,US,True,2026-05-03 12:13:06.040319+00:00
9901,MAT,Mattel Inc /De/,US,True,2026-05-03 12:13:06.040319+00:00
9902,WIX,Wix.Com Ltd.,US,True,2026-05-03 12:13:06.040319+00:00
9903,TPC,Tutor Perini Corp,US,True,2026-05-03 12:13:06.040319+00:00
9904,ACIW,"Aci Worldwide, Inc.",US,True,2026-05-03 12:13:06.040319+00:00
9905,FELE,Franklin Electric Co Inc,US,True,2026-05-03 12:13:06.040319+00:00
9906,RDNT,"Radnet, Inc.",US,True,2026-05-03 12:13:06.040319+00:00
9907,DIOD,Diodes Inc /Del/,US,True,2026-05-03 12:13:06.040319+00:00
9908,NVST,Envista Holdings Corp,US,True,2026-05-03 12:13:06.040319+00:00
9909,ACHR,Archer Aviation Inc.,US,True,2026-05-03 12:13:06.040319+00:00
9910,LUNR,"Intuitive Machines, Inc.",US,True,2026-05-03 12:13:06.040319+00:00
9911,IBOC,International Bancshares Corp,US,True,2026-05-03 12:13:06.040319+00:00
9912,ENPH,"Enphase Energy, Inc.",US,True,2026-05-03 12:13:06.040319+00:00
9913,REYN,Reynolds Consumer Products Inc.,US,True,2026-05-03 12:13:06.040319+00:00
9914,VSCO,Victoria'S Secret & Co.,US,True,2026-05-03 12:13:06.040319+00:00
9915,ALHC,"Alignment Healthcare, Inc.",US,True,2026-05-03 12:13:06.040319+00:00
9916,OPCH,"Option Care Health, Inc.",US,True,2026-05-03 12:13:06.040319+00:00
9917,KLIC,Kulicke & Soffa Industries Inc,US,True,2026-05-03 12:13:06.040319+00:00
9918,NWSGY,Ctf Services Ltd,US,True,2026-05-03 12:13:06.040319+00:00
9919,MDU,Mdu Resources Group Inc,US,True,2026-05-03 12:13:06.040319+00:00
9920,KTB,"Kontoor Brands, Inc.",US,True,2026-05-03 12:13:06.040319+00:00
9921,DOO,Brp Inc.,US,True,2026-05-03 12:13:06.040319+00:00
9922,ANF,Abercrombie & Fitch Co /De/,US,True,2026-05-03 12:13:06.040319+00:00
9923,TREX,Trex Co Inc,US,True,2026-05-03 12:13:06.040319+00:00
9924,RELY,"Remitly Global, Inc.",US,True,2026-05-03 12:13:06.040319+00:00
9925,ZETA,Zeta Global Holdings Corp.,US,True,2026-05-03 12:13:06.040319+00:00
9926,NGXXF,Ngex Minerals Ltd.,US,True,2026-05-03 12:13:06.040319+00:00
9927,FTDR,"Frontdoor, Inc.",US,True,2026-05-03 12:13:06.040319+00:00
9928,SHAK,Shake Shack Inc.,US,True,2026-05-03 12:13:06.040319+00:00
9929,SAIC,Science Applications International Corp,US,True,2026-05-03 12:13:06.040319+00:00
9930,NWE,"Northwestern Energy Group, Inc.",US,True,2026-05-03 12:13:06.040319+00:00
9931,MWA,"Mueller Water Products, Inc.",US,True,2026-05-03 12:13:06.040319+00:00
9932,EPR,Epr Properties,US,True,2026-05-03 12:13:06.040319+00:00
9933,SFBS,"Servisfirst Bancshares, Inc.",US,True,2026-05-03 12:13:06.040319+00:00
9934,ERELY,Eregli Demir Ve Celik Fabrikalari Tas/Adr,US,True,2026-05-03 12:13:06.040319+00:00
9935,SLGN,Silgan Holdings Inc,US,True,2026-05-03 12:13:06.040319+00:00
9936,LRN,"Stride, Inc.",US,True,2026-05-03 12:13:06.040319+00:00
9937,VVV,Valvoline Inc,US,True,2026-05-03 12:13:06.040319+00:00
9938,FHI,"Federated Hermes, Inc.",US,True,2026-05-03 12:13:06.040319+00:00
9939,PLUG,Plug Power Inc,US,True,2026-05-03 12:13:06.040319+00:00
9940,HAFN,Hafnia Ltd,US,True,2026-05-03 12:13:06.040319+00:00
9941,QS,Quantumscape Corp,US,True,2026-05-03 12:13:06.040319+00:00
9942,CVSA,Covista Inc.,US,True,2026-05-03 12:13:06.040319+00:00
9943,MARA,"Mara Holdings, Inc.",US,True,2026-05-03 12:13:06.040319+00:00
9944,THO,Thor Industries Inc,US,True,2026-05-03 12:13:06.040319+00:00
9945,VISN,"Vistance Networks, Inc.",US,True,2026-05-03 12:13:06.040319+00:00
9946,KEN,Kenon Holdings Ltd.,US,True,2026-05-03 12:13:06.040319+00:00
9947,ADOOY,Adaro Energy Pt/Adr/,US,True,2026-05-03 12:13:06.040319+00:00
9948,SKT,Tanger Inc.,US,True,2026-05-03 12:13:06.040319+00:00
9949,FULT,Fulton Financial Corp,US,True,2026-05-03 12:13:06.040319+00:00
9950,AD,"Array Digital Infrastructure, Inc.",US,True,2026-05-03 12:13:06.040319+00:00
9951,GFF,Griffon Corp,US,True,2026-05-03 12:13:06.040319+00:00
9952,STVN,Stevanato Group S.P.A.,US,True,2026-05-03 12:13:06.040319+00:00
9953,BBWI,"Bath & Body Works, Inc.",US,True,2026-05-03 12:13:06.040319+00:00
9954,ITRI,"Itron, Inc.",US,True,2026-05-03 12:13:06.040319+00:00
9955,SXT,Sensient Technologies Corp,US,True,2026-05-03 12:13:06.040319+00:00
9956,TDW,Tidewater Inc,US,True,2026-05-03 12:13:06.040319+00:00
9957,TFSL,Tfs Financial Corp,US,True,2026-05-03 12:13:06.040319+00:00
9958,AXTI,Axt Inc,US,True,2026-05-03 12:13:06.040319+00:00
9959,LBTYA,Liberty Global Ltd.,US,True,2026-05-03 12:13:06.040319+00:00
9960,DAN,Dana Inc,US,True,2026-05-03 12:13:06.040319+00:00
9961,CVCO,"Cavco Industries, Inc.",US,True,2026-05-03 12:13:06.040319+00:00
9962,NMRK,"Newmark Group, Inc.",US,True,2026-05-03 12:13:06.040319+00:00
9963,CUZ,Cousins Properties Inc,US,True,2026-05-03 12:13:06.040319+00:00
9964,AMRX,"Amneal Pharmaceuticals, Inc.",US,True,2026-05-03 12:13:06.040319+00:00
9965,CVLT,Commvault Systems Inc,US,True,2026-05-03 12:13:06.040319+00:00
9966,IFHLY,Inficon Holding Ag/Adr,US,True,2026-05-03 12:13:06.040319+00:00
9967,AZZ,Azz Inc,US,True,2026-05-03 12:13:06.040319+00:00
9968,NG,Novagold Resources Inc,US,True,2026-05-03 12:13:06.040319+00:00
9969,CAAP,Corporacion America Airports S.A.,US,True,2026-05-03 12:13:06.040319+00:00
9970,CNO,"Cno Financial Group, Inc.",US,True,2026-05-03 12:13:06.040319+00:00
9971,GPI,Group 1 Automotive Inc,US,True,2026-05-03 12:13:06.040319+00:00
9972,HRB,H&R Block Inc,US,True,2026-05-03 12:13:06.040319+00:00
9973,MIAX,"Miami International Holdings, Inc.",US,True,2026-05-03 12:13:06.040319+00:00
9974,ENVA,"Enova International, Inc.",US,True,2026-05-03 12:13:06.040319+00:00
9975,AKO-A,Andina Bottling Co Inc,US,True,2026-05-03 12:13:06.040319+00:00
9976,CSTM,Constellium Se,US,True,2026-05-03 12:13:06.040319+00:00
9977,BLLN,"Billiontoone, Inc.",US,True,2026-05-03 12:13:06.040319+00:00
9978,ACLS,Axcelis Technologies Inc,US,True,2026-05-03 12:13:06.040319+00:00
9979,CRNX,"Crinetics Pharmaceuticals, Inc.",US,True,2026-05-03 12:13:06.040319+00:00
9980,MMSI,Merit Medical Systems Inc,US,True,2026-05-03 12:13:06.040319+00:00
9981,CSAN,Cosan S.A.,US,True,2026-05-03 12:13:06.040319+00:00
9982,NTSK,Netskope Inc,US,True,2026-05-03 12:13:06.040319+00:00
9983,NHI,National Health Investors Inc,US,True,2026-05-03 12:13:06.040319+00:00
9984,FSLY,"Fastly, Inc.",US,True,2026-05-03 12:13:06.040319+00:00
9985,INDV,"Indivior Pharmaceuticals, Inc.",US,True,2026-05-03 12:13:06.040319+00:00
9986,LASR,"Nlight, Inc.",US,True,2026-05-03 12:13:06.040319+00:00
9987,BNL,"Broadstone Net Lease, Inc.",US,True,2026-05-03 12:13:06.040319+00:00
9988,CRGY,Crescent Energy Co,US,True,2026-05-03 12:13:06.040319+00:00
9989,AAUC,Allied Gold Corp,US,True,2026-05-03 12:13:06.040319+00:00
9990,MAUTF,Montage Gold Corp.,US,True,2026-05-03 12:13:06.040319+00:00
9991,PTEN,Patterson Uti Energy Inc,US,True,2026-05-03 12:13:06.040319+00:00
9992,TNGX,"Tango Therapeutics, Inc.",US,True,2026-05-03 12:13:06.040319+00:00
9993,ABG,Asbury Automotive Group Inc,US,True,2026-05-03 12:13:06.040319+00:00
9994,ELF,"E.L.F. Beauty, Inc.",US,True,2026-05-03 12:13:06.040319+00:00
9995,TPH,"Tri Pointe Homes, Inc.",US,True,2026-05-03 12:13:06.040319+00:00
9996,BRC,Brady Corp,US,True,2026-05-03 12:13:06.040319+00:00
9997,BILL,"Bill Holdings, Inc.",US,True,2026-05-03 12:13:06.040319+00:00
9998,DNP,Dnp Select Income Fund Inc,US,True,2026-05-03 12:13:06.040319+00:00
9999,UCB,United Community Banks Inc,US,True,2026-05-03 12:13:06.040319+00:00
10000,CBT,Cabot Corp,US,True,2026-05-03 12:13:06.040319+00:00
10001,SKE,Skeena Resources Ltd,US,True,2026-05-03 12:13:06.040319+00:00
10002,BETA,"Beta Technologies, Inc.",US,True,2026-05-03 12:13:06.040319+00:00
10003,HGV,Hilton Grand Vacations Inc.,US,True,2026-05-03 12:13:06.040319+00:00
10004,JOE,St Joe Co,US,True,2026-05-03 12:13:06.040319+00:00
10005,WSC,Willscot Holdings Corp,US,True,2026-05-03 12:13:06.040319+00:00
10006,ARIS,Aris Mining Corp,US,True,2026-05-03 12:13:06.040319+00:00
10007,HHH,Howard Hughes Holdings Inc.,US,True,2026-05-03 12:13:06.040319+00:00
10008,BFH,"Bread Financial Holdings, Inc.",US,True,2026-05-03 12:13:06.040319+00:00
10009,DLO,Dlocal Ltd,US,True,2026-05-03 12:13:06.040319+00:00
10010,GEF,"Greif, Inc",US,True,2026-05-03 12:13:06.040319+00:00
10011,VKTX,"Viking Therapeutics, Inc.",US,True,2026-05-03 12:13:06.040319+00:00
10012,IRTC,"Irhythm Holdings, Inc.",US,True,2026-05-03 12:13:06.040319+00:00
10013,SIG,Signet Jewelers Ltd,US,True,2026-05-03 12:13:06.040319+00:00
10014,WPP,Wpp Plc,US,True,2026-05-03 12:13:06.040319+00:00
10015,NEXHY,"Nippon Express Holdings, Inc./Adr",US,True,2026-05-03 12:13:06.040319+00:00
10016,NAVN,"Navan, Inc.",US,True,2026-05-03 12:13:06.040319+00:00
10017,ASO,"Academy Sports & Outdoors, Inc.",US,True,2026-05-03 12:13:06.040319+00:00
10018,IRT,"Independence Realty Trust, Inc.",US,True,2026-05-03 12:13:06.040319+00:00
10019,STNE,Stoneco Ltd.,US,True,2026-05-03 12:13:06.040319+00:00
10020,NP,Neptune Insurance Holdings Inc.,US,True,2026-05-03 12:13:06.040319+00:00
10021,TWST,Twist Bioscience Corp,US,True,2026-05-03 12:13:06.040319+00:00
10022,USAC,"Usa Compression Partners, Lp",US,True,2026-05-03 12:13:06.040319+00:00
10023,BANF,Bancfirst Corp /Ok/,US,True,2026-05-03 12:13:06.040319+00:00
10024,ANDG,Andersen Group Inc.,US,True,2026-05-03 12:13:06.040319+00:00
10025,SKYW,Skywest Inc,US,True,2026-05-03 12:13:06.040319+00:00
10026,KRC,Kilroy Realty Corp,US,True,2026-05-03 12:13:06.040319+00:00
10027,KAI,Kadant Inc,US,True,2026-05-03 12:13:06.040319+00:00
10028,PPTA,Perpetua Resources Corp.,US,True,2026-05-03 12:13:06.040319+00:00
10029,SMR,Nuscale Power Corp,US,True,2026-05-03 12:13:06.040319+00:00
10030,GTX,Garrett Motion Inc.,US,True,2026-05-03 12:13:06.040319+00:00
10031,INDB,Independent Bank Corp,US,True,2026-05-03 12:13:06.040319+00:00
10032,OII,Oceaneering International Inc,US,True,2026-05-03 12:13:06.040319+00:00
10033,GTLB,Gitlab Inc.,US,True,2026-05-03 12:13:06.040319+00:00
10034,LEU,Centrus Energy Corp,US,True,2026-05-03 12:13:06.040319+00:00
10035,FBP,First Bancorp /Pr/,US,True,2026-05-03 12:13:06.040319+00:00
10036,TMDX,"Transmedics Group, Inc.",US,True,2026-05-03 12:13:06.040319+00:00
10037,STNG,Scorpio Tankers Inc.,US,True,2026-05-03 12:13:06.040319+00:00
10038,INSW,"International Seaways, Inc.",US,True,2026-05-03 12:13:06.040319+00:00
10039,CMBT,Cmb.Tech Nv,US,True,2026-05-03 12:13:06.040319+00:00
10040,POWI,Power Integrations Inc,US,True,2026-05-03 12:13:06.040319+00:00
10041,SMG,Scotts Miracle-Gro Co,US,True,2026-05-03 12:13:06.040319+00:00
10042,BULL,Webull Corp,US,True,2026-05-03 12:13:06.040319+00:00
10043,UTG,Reaves Utility Income Fund,US,True,2026-05-03 12:13:06.040319+00:00
10044,NAMS,Newamsterdam Pharma Co N.V.,US,True,2026-05-03 12:13:06.040319+00:00
10045,RNST,Renasant Corp,US,True,2026-05-03 12:13:06.040319+00:00
10046,AGO,Assured Guaranty Ltd,US,True,2026-05-03 12:13:06.040319+00:00
10047,USLM,United States Lime & Minerals Inc,US,True,2026-05-03 12:13:06.040319+00:00
10048,MTRN,Materion Corp,US,True,2026-05-03 12:13:06.040319+00:00
10049,CDP,Copt Defense Properties,US,True,2026-05-03 12:13:06.040319+00:00
10050,ACAD,Acadia Pharmaceuticals Inc,US,True,2026-05-03 12:13:06.040319+00:00
10051,MMED,"Minimed Group, Inc.",US,True,2026-05-03 12:13:06.040319+00:00
10052,MMS,"Maximus, Inc.",US,True,2026-05-03 12:13:06.040319+00:00
10053,WHD,"Cactus, Inc.",US,True,2026-05-03 12:13:06.040319+00:00
10054,HPP,"Hudson Pacific Properties, Inc.",US,True,2026-05-03 12:13:06.040319+00:00
10055,HGTY,"Hagerty, Inc.",US,True,2026-05-03 12:13:06.040319+00:00
10056,LIF,"Life360, Inc.",US,True,2026-05-03 12:13:06.040319+00:00
10057,FG,"F&G Annuities & Life, Inc.",US,True,2026-05-03 12:13:06.040319+00:00
10058,CGAU,Centerra Gold Inc.,US,True,2026-05-03 12:13:06.040319+00:00
10059,WSFS,Wsfs Financial Corp,US,True,2026-05-03 12:13:06.040319+00:00
10060,WHR,Whirlpool Corp /De/,US,True,2026-05-03 12:13:06.040319+00:00
10061,VSH,Vishay Intertechnology Inc,US,True,2026-05-03 12:13:06.040319+00:00
10062,OTTR,Otter Tail Corp,US,True,2026-05-03 12:13:06.040319+00:00
10063,CALM,Cal-Maine Foods Inc,US,True,2026-05-03 12:13:06.040319+00:00
10064,DAVE,Dave Inc./De,US,True,2026-05-03 12:13:06.040319+00:00
10065,HP,"Helmerich & Payne, Inc.",US,True,2026-05-03 12:13:06.040319+00:00
10066,CARG,"Cargurus, Inc.",US,True,2026-05-03 12:13:06.040319+00:00
10067,TAC,Transalta Corp,US,True,2026-05-03 12:13:06.040319+00:00
10068,COLD,Americold Realty Trust,US,True,2026-05-03 12:13:06.040319+00:00
10069,PAY,"Paymentus Holdings, Inc.",US,True,2026-05-03 12:13:06.040319+00:00
10070,INTR,"Inter & Co, Inc.",US,True,2026-05-03 12:13:06.040319+00:00
10071,HRI,Herc Holdings Inc,US,True,2026-05-03 12:13:06.040319+00:00
10072,HYMC,Hycroft Mining Holding Corp,US,True,2026-05-03 12:13:06.040319+00:00
10073,AB,Alliancebernstein Holding L.P.,US,True,2026-05-03 12:13:06.040319+00:00
10074,CATY,Cathay General Bancorp,US,True,2026-05-03 12:13:06.040319+00:00
10075,VEON,Veon Ltd.,US,True,2026-05-03 12:13:06.040319+00:00
10076,TVTX,"Travere Therapeutics, Inc.",US,True,2026-05-03 12:13:06.040319+00:00
10077,PI,Impinj Inc,US,True,2026-05-03 12:13:06.040319+00:00
10078,CC,Chemours Co,US,True,2026-05-03 12:13:06.040319+00:00
10079,BHF,"Brighthouse Financial, Inc.",US,True,2026-05-03 12:13:06.040319+00:00
10080,MRX,Marex Group Plc,US,True,2026-05-03 12:13:06.040319+00:00
10081,RNG,"Ringcentral, Inc.",US,True,2026-05-03 12:13:06.040319+00:00
10082,NVTS,Navitas Semiconductor Corp,US,True,2026-05-03 12:13:06.040319+00:00
10083,CNS,"Cohen & Steers, Inc.",US,True,2026-05-03 12:13:06.040319+00:00
10084,TCGL,Techcreate Group Ltd.,US,True,2026-05-03 12:13:06.040319+00:00
10085,AAP,Advance Auto Parts Inc,US,True,2026-05-03 12:13:06.040319+00:00
10086,LIVN,Livanova Plc,US,True,2026-05-03 12:13:06.040319+00:00
10087,UCTT,"Ultra Clean Holdings, Inc.",US,True,2026-05-03 12:13:06.040319+00:00
10088,PLMR,"Palomar Holdings, Inc.",US,True,2026-05-03 12:13:06.040319+00:00
10089,HNGE,"Hinge Health, Inc.",US,True,2026-05-03 12:13:06.040319+00:00
10090,BMI,Badger Meter Inc,US,True,2026-05-03 12:13:06.040319+00:00
10091,MNDY,Monday.Com Ltd.,US,True,2026-05-03 12:13:06.040319+00:00
10092,MZTI,Marzetti Co,US,True,2026-05-03 12:13:06.040319+00:00
10093,HPHTY,Hamamatsu Photonics K.K./Adr,US,True,2026-05-03 12:13:06.040319+00:00
10094,KFY,Korn Ferry,US,True,2026-05-03 12:13:06.040319+00:00
10095,KBH,Kb Home,US,True,2026-05-03 12:13:06.040319+00:00
10096,GBDC,"Golub Capital Bdc, Inc.",US,True,2026-05-03 12:13:06.040319+00:00
10097,AVNT,Avient Corp,US,True,2026-05-03 12:13:06.040319+00:00
10098,BOX,Box Inc,US,True,2026-05-03 12:13:06.040319+00:00
10099,PII,Polaris Inc.,US,True,2026-05-03 12:13:06.040319+00:00
10100,EWTX,"Edgewise Therapeutics, Inc.",US,True,2026-05-03 12:13:06.040319+00:00
10101,TLX,Telix Pharmaceuticals Ltd,US,True,2026-05-03 12:13:06.040319+00:00
10102,ORKA,"Oruka Therapeutics, Inc.",US,True,2026-05-03 12:13:06.040319+00:00
10103,FIBK,First Interstate Bancsystem Inc,US,True,2026-05-03 12:13:06.040319+00:00
10104,NEA,Nuveen Amt-Free Quality Municipal Income Fund,US,True,2026-05-03 12:13:06.040319+00:00
10105,COLM,Columbia Sportswear Co,US,True,2026-05-03 12:13:06.040319+00:00
10106,FUL,Fuller H B Co,US,True,2026-05-03 12:13:06.040319+00:00
10107,PATK,Patrick Industries Inc,US,True,2026-05-03 12:13:06.040319+00:00
10108,IAC,Iac Inc.,US,True,2026-05-03 12:13:06.040319+00:00
10109,DNN,Denison Mines Corp.,US,True,2026-05-03 12:13:06.040319+00:00
10110,BKU,"Bankunited, Inc.",US,True,2026-05-03 12:13:06.040319+00:00
10111,HWKN,Hawkins Inc,US,True,2026-05-03 12:13:06.040319+00:00
10112,WSBC,Wesbanco Inc,US,True,2026-05-03 12:13:06.040319+00:00
10113,BATRA,"Atlanta Braves Holdings, Inc.",US,True,2026-05-03 12:13:06.040319+00:00
10114,GPOR,Gulfport Energy Corp,US,True,2026-05-03 12:13:06.040319+00:00
10115,NIQ,Niq Global Intelligence Plc,US,True,2026-05-03 12:13:06.040319+00:00
10116,GNW,Genworth Financial Inc,US,True,2026-05-03 12:13:06.040319+00:00
10117,EXPO,Exponent Inc,US,True,2026-05-03 12:13:06.040319+00:00
10118,HYPMY,Hypermarcas S.A.,US,True,2026-05-03 12:13:06.040319+00:00
10119,MCHB,Mechanics Bancorp,US,True,2026-05-03 12:13:06.040319+00:00
10120,CWK,Cushman & Wakefield Ltd.,US,True,2026-05-03 12:13:06.040319+00:00
10121,BBAR,Banco Bbva Argentina S.A.,US,True,2026-05-03 12:13:06.040319+00:00
10122,SYNA,Synaptics Inc,US,True,2026-05-03 12:13:06.040319+00:00
10123,ARX,Accelerant Holdings,US,True,2026-05-03 12:13:06.040319+00:00
10124,CNK,"Cinemark Holdings, Inc.",US,True,2026-05-03 12:13:06.040319+00:00
10125,BXMT,"Blackstone Mortgage Trust, Inc.",US,True,2026-05-03 12:13:06.040319+00:00
10126,SII,Sprott Inc.,US,True,2026-05-03 12:13:06.040319+00:00
10127,HSAI,Hesai Group,US,True,2026-05-03 12:13:06.040319+00:00
10128,BGSI,Boyd Group Services Inc.,US,True,2026-05-03 12:13:06.040319+00:00
10129,SXI,Standex International Corp/De/,US,True,2026-05-03 12:13:06.040319+00:00
10130,SOUN,"Soundhound Ai, Inc.",US,True,2026-05-03 12:13:06.040319+00:00
10131,ACMR,"Acm Research, Inc.",US,True,2026-05-03 12:13:06.040319+00:00
10132,LION,Lionsgate Studios Corp.,US,True,2026-05-03 12:13:06.040319+00:00
10133,NATL,Ncr Atleos Corp,US,True,2026-05-03 12:13:06.040319+00:00
10134,HAYW,"Hayward Holdings, Inc.",US,True,2026-05-03 12:13:06.040319+00:00
10135,PS,Pershing Square Inc.,US,True,2026-05-03 12:13:06.040319+00:00
10136,KD,"Kyndryl Holdings, Inc.",US,True,2026-05-03 12:13:06.040319+00:00
10137,BTE,Baytex Energy Corp.,US,True,2026-05-03 12:13:06.040319+00:00
10138,DORM,"Dorman Products, Inc.",US,True,2026-05-03 12:13:06.040319+00:00
10139,AVA,Avista Corp,US,True,2026-05-03 12:13:06.040319+00:00
10140,CTRI,"Centuri Holdings, Inc.",US,True,2026-05-03 12:13:06.040319+00:00
10141,PTXKY,Pt Xlsmart Telecom Sejahtera Tbk/Adr,US,True,2026-05-03 12:13:06.040319+00:00
10142,MHO,"M/I Homes, Inc.",US,True,2026-05-03 12:13:06.040319+00:00
10143,OPLN,"Openlane, Inc.",US,True,2026-05-03 12:13:06.040319+00:00
10144,GPCR,Structure Therapeutics Inc.,US,True,2026-05-03 12:13:06.040319+00:00
10145,SA,Seabridge Gold Inc,US,True,2026-05-03 12:13:06.040319+00:00
10146,NIC,Nicolet Bankshares Inc,US,True,2026-05-03 12:13:06.040319+00:00
10147,CBU,"Community Financial System, Inc.",US,True,2026-05-03 12:13:06.040319+00:00
10148,CLBT,Cellebrite Di Ltd.,US,True,2026-05-03 12:13:06.040319+00:00
10149,FHB,"First Hawaiian, Inc.",US,True,2026-05-03 12:13:06.040319+00:00
10150,ADEA,Adeia Inc.,US,True,2026-05-03 12:13:06.040319+00:00
10151,BB,Blackberry Ltd,US,True,2026-05-03 12:13:06.040319+00:00
10152,BTU,Peabody Energy Corp,US,True,2026-05-03 12:13:06.040319+00:00
10153,CALX,"Calix, Inc",US,True,2026-05-03 12:13:06.040319+00:00
10154,HG,"Hamilton Insurance Group, Ltd.",US,True,2026-05-03 12:13:06.040319+00:00
10155,QTWO,"Q2 Holdings, Inc.",US,True,2026-05-03 12:13:06.040319+00:00
10156,CCC,Ccc Intelligent Solutions Holdings Inc.,US,True,2026-05-03 12:13:06.040319+00:00
10157,ZGN,Ermenegildo Zegna N.V.,US,True,2026-05-03 12:13:06.040319+00:00
10158,DBC,Invesco Db Commodity Index Tracking Fund,US,True,2026-05-03 12:13:06.040319+00:00
10159,GBTG,"Global Business Travel Group, Inc.",US,True,2026-05-03 12:13:06.040319+00:00
10160,KNSA,"Kiniksa Pharmaceuticals International, Plc",US,True,2026-05-03 12:13:06.040319+00:00
10161,EEFT,"Euronet Worldwide, Inc.",US,True,2026-05-03 12:13:06.040319+00:00
10162,INFQ,"Infleqtion, Inc.",US,True,2026-05-03 12:13:06.040319+00:00
10163,KNTK,Kinetik Holdings Inc.,US,True,2026-05-03 12:13:06.040319+00:00
10164,RXO,"Rxo, Inc.",US,True,2026-05-03 12:13:06.040319+00:00
10165,MAAS,Maase Inc.,US,True,2026-05-03 12:13:06.040319+00:00
10166,AEO,American Eagle Outfitters Inc,US,True,2026-05-03 12:13:06.040319+00:00
10167,SUNC,Sunococorp Llc,US,True,2026-05-03 12:13:06.040319+00:00
10168,ICUI,Icu Medical Inc/De,US,True,2026-05-03 12:13:06.040319+00:00
10169,BELFA,Bel Fuse Inc /Nj,US,True,2026-05-03 12:13:06.040319+00:00
10170,WK,Workiva Inc,US,True,2026-05-03 12:13:06.040319+00:00
10171,LQDA,Liquidia Corp,US,True,2026-05-03 12:13:06.040319+00:00
10172,DNLI,Denali Therapeutics Inc.,US,True,2026-05-03 12:13:06.040319+00:00
10173,MPT,Medical Properties Trust Inc,US,True,2026-05-03 12:13:06.040319+00:00
10174,FRMI,Fermi Inc.,US,True,2026-05-03 12:13:06.040319+00:00
10175,ARLP,Alliance Resource Partners Lp,US,True,2026-05-03 12:13:06.040319+00:00
10176,FRPT,"Freshpet, Inc.",US,True,2026-05-03 12:13:06.040319+00:00
10177,UPST,"Upstart Holdings, Inc.",US,True,2026-05-03 12:13:06.040319+00:00
10178,ATS,Ats Corp /Ats,US,True,2026-05-03 12:13:06.040319+00:00
10179,DYN,"Dyne Therapeutics, Inc.",US,True,2026-05-03 12:13:06.040319+00:00
10180,ZIM,Zim Integrated Shipping Services Ltd.,US,True,2026-05-03 12:13:06.040319+00:00
10181,SBCF,Seacoast Banking Corp Of Florida,US,True,2026-05-03 12:13:06.040319+00:00
10182,ALMS,Alumis Inc.,US,True,2026-05-03 12:13:06.040319+00:00
10183,CPRX,"Catalyst Pharmaceuticals, Inc.",US,True,2026-05-03 12:13:06.040319+00:00
10184,TR,Tootsie Roll Industries Inc,US,True,2026-05-03 12:13:06.040319+00:00
10185,BEAM,Beam Therapeutics Inc.,US,True,2026-05-03 12:13:06.040319+00:00
10186,CVI,Cvr Energy Inc,US,True,2026-05-03 12:13:06.040319+00:00
10187,ETOR,Etoro Group Ltd.,US,True,2026-05-03 12:13:06.040319+00:00
10188,BKD,Brookdale Senior Living Inc.,US,True,2026-05-03 12:13:06.040319+00:00
10189,YETI,"Yeti Holdings, Inc.",US,True,2026-05-03 12:13:06.040319+00:00
10190,SLG,Sl Green Realty Corp,US,True,2026-05-03 12:13:06.040319+00:00
10191,PRK,Park National Corp /Oh/,US,True,2026-05-03 12:13:06.040319+00:00
10192,PAGS,Pagseguro Digital Ltd.,US,True,2026-05-03 12:13:06.040319+00:00
10193,TRMD,Torm Plc,US,True,2026-05-03 12:13:06.040319+00:00
10194,FSK,Fs Kkr Capital Corp,US,True,2026-05-03 12:13:06.040319+00:00
10195,QLYS,"Qualys, Inc.",US,True,2026-05-03 12:13:06.040319+00:00
10196,OLN,Olin Corp,US,True,2026-05-03 12:13:06.040319+00:00
10197,GRBK,"Green Brick Partners, Inc.",US,True,2026-05-03 12:13:06.040319+00:00
10198,JOYY,Joyy Inc.,US,True,2026-05-03 12:13:06.040319+00:00
10199,FIZZ,National Beverage Corp,US,True,2026-05-03 12:13:06.040319+00:00
10200,CAKE,Cheesecake Factory Inc,US,True,2026-05-03 12:13:06.040319+00:00
10201,WRBY,Warby Parker Inc.,US,True,2026-05-03 12:13:06.040319+00:00
10202,BOH,Bank Of Hawaii Corp,US,True,2026-05-03 12:13:06.040319+00:00
10203,SFNC,Simmons First National Corp,US,True,2026-05-03 12:13:06.040319+00:00
10204,FSM,Fortuna Mining Corp.,US,True,2026-05-03 12:13:06.040319+00:00
10205,RCUS,"Arcus Biosciences, Inc.",US,True,2026-05-03 12:13:06.040319+00:00
10206,CSQ,Calamos Strategic Total Return Fund,US,True,2026-05-03 12:13:06.040319+00:00
10207,NN,Nextnav Inc.,US,True,2026-05-03 12:13:06.040319+00:00
10208,FFBC,First Financial Bancorp /Oh/,US,True,2026-05-03 12:13:06.040319+00:00
10209,APLE,"Apple Hospitality Reit, Inc.",US,True,2026-05-03 12:13:06.040319+00:00
10210,AWR,American States Water Co,US,True,2026-05-03 12:13:06.040319+00:00
10211,IPAR,Interparfums Inc,US,True,2026-05-03 12:13:06.040319+00:00
10212,DBRG,"Digitalbridge Group, Inc.",US,True,2026-05-03 12:13:06.040319+00:00
10213,PARR,"Par Pacific Holdings, Inc.",US,True,2026-05-03 12:13:06.040319+00:00
10214,NMIH,"Nmi Holdings, Inc.",US,True,2026-05-03 12:13:06.040319+00:00
10215,UE,Urban Edge Properties,US,True,2026-05-03 12:13:06.040319+00:00
10216,MXL,"Maxlinear, Inc",US,True,2026-05-03 12:13:06.040319+00:00
10217,TTAM,Titan America Sa,US,True,2026-05-03 12:13:06.040319+00:00
10218,RLAY,"Relay Therapeutics, Inc.",US,True,2026-05-03 12:13:06.040319+00:00
10219,BKV,Bkv Corp,US,True,2026-05-03 12:13:06.040319+00:00
10220,VTMX,"Vesta Real Estate Corporation, S.A.B. De C.V.",US,True,2026-05-03 12:13:06.040319+00:00
10221,LXP,Lxp Industrial Trust,US,True,2026-05-03 12:13:06.040319+00:00
10222,KLRA,"Kailera Therapeutics, Inc.",US,True,2026-05-03 12:13:06.040319+00:00
10223,WU,Western Union Co,US,True,2026-05-03 12:13:06.040319+00:00
10224,CPK,Chesapeake Utilities Corp,US,True,2026-05-03 12:13:06.040319+00:00
10225,TMC,Tmc The Metals Co Inc.,US,True,2026-05-03 12:13:06.040319+00:00
10226,DBD,"Diebold Nixdorf, Inc",US,True,2026-05-03 12:13:06.040319+00:00
10227,BSM,"Black Stone Minerals, L.P.",US,True,2026-05-03 12:13:06.040319+00:00
10228,PRVA,"Privia Health Group, Inc.",US,True,2026-05-03 12:13:06.040319+00:00
10229,KMT,Kennametal Inc,US,True,2026-05-03 12:13:06.040319+00:00
10230,RHI,Robert Half Inc.,US,True,2026-05-03 12:13:06.040319+00:00
10231,ADX,"Adams Diversified Equity Fund, Inc.",US,True,2026-05-03 12:13:06.040319+00:00
10232,AEHR,Aehr Test Systems,US,True,2026-05-03 12:13:06.040319+00:00
10233,BCC,Boise Cascade Co,US,True,2026-05-03 12:13:06.040319+00:00
10234,WDFC,Wd 40 Co,US,True,2026-05-03 12:13:06.040319+00:00
10235,ITGR,Integer Holdings Corp,US,True,2026-05-03 12:13:06.040319+00:00
10236,CLSK,"Cleanspark, Inc.",US,True,2026-05-03 12:13:06.040319+00:00
10237,LCII,Lci Industries,US,True,2026-05-03 12:13:06.040319+00:00
10238,BTDR,Bitdeer Technologies Group,US,True,2026-05-03 12:13:06.040319+00:00
10239,JPC,Nuveen Preferred & Income Opportunities Fund,US,True,2026-05-03 12:13:06.040319+00:00
10240,SDRL,Seadrill Ltd,US,True,2026-05-03 12:13:06.040319+00:00
10241,TXG,"10X Genomics, Inc.",US,True,2026-05-03 12:13:06.040319+00:00
10242,PFS,Provident Financial Services Inc,US,True,2026-05-03 12:13:06.040319+00:00
10243,PLAB,Photronics Inc,US,True,2026-05-03 12:13:06.040319+00:00
10244,UTF,Cohen & Steers Infrastructure Fund Inc,US,True,2026-05-03 12:13:06.040319+00:00
10245,AMPX,"Amprius Technologies, Inc.",US,True,2026-05-03 12:13:06.040319+00:00
10246,MSGE,Madison Square Garden Entertainment Corp.,US,True,2026-05-03 12:13:06.040319+00:00
10247,ARQT,"Arcutis Biotherapeutics, Inc.",US,True,2026-05-03 12:13:06.040319+00:00
10248,DHT,"Dht Holdings, Inc.",US,True,2026-05-03 12:13:06.040319+00:00
10249,CRVL,Corvel Corp,US,True,2026-05-03 12:13:06.040319+00:00
10250,MGEE,Mge Energy Inc,US,True,2026-05-03 12:13:06.040319+00:00
10251,VECO,Veeco Instruments Inc,US,True,2026-05-03 12:13:06.040319+00:00
10252,VRNS,Varonis Systems Inc,US,True,2026-05-03 12:13:06.040319+00:00
10253,GPK,Graphic Packaging Holding Co,US,True,2026-05-03 12:13:06.040319+00:00
10254,HTGC,"Hercules Capital, Inc.",US,True,2026-05-03 12:13:06.040319+00:00
10255,SHOO,"Steven Madden, Ltd.",US,True,2026-05-03 12:13:06.040319+00:00
10256,VERA,"Vera Therapeutics, Inc.",US,True,2026-05-03 12:13:06.040319+00:00
10257,HOG,"Harley-Davidson, Inc.",US,True,2026-05-03 12:13:06.040319+00:00
10258,BKE,Buckle Inc,US,True,2026-05-03 12:13:06.040319+00:00
10259,UAA,"Under Armour, Inc.",US,True,2026-05-03 12:13:06.040319+00:00
10260,BANC,"Banc Of California, Inc.",US,True,2026-05-03 12:13:06.040319+00:00
10261,CON,"Concentra Group Holdings Parent, Inc.",US,True,2026-05-03 12:13:06.040319+00:00
10262,UNFI,United Natural Foods Inc,US,True,2026-05-03 12:13:06.040319+00:00
10263,CURB,Curbline Properties Corp.,US,True,2026-05-03 12:13:06.040319+00:00
10264,KOD,Kodiak Sciences Inc.,US,True,2026-05-03 12:13:06.040319+00:00
10265,DX,Dynex Capital Inc,US,True,2026-05-03 12:13:06.040319+00:00
10266,SUPN,"Supernus Pharmaceuticals, Inc.",US,True,2026-05-03 12:13:06.040319+00:00
10267,CLMT,"Calumet, Inc. /De",US,True,2026-05-03 12:13:06.040319+00:00
10268,HAE,Haemonetics Corp,US,True,2026-05-03 12:13:06.040319+00:00
10269,EXG,Eaton Vance Tax-Managed Global Diversified Equity Income Fund,US,True,2026-05-03 12:13:06.040319+00:00
10270,EFXT,Enerflex Ltd.,US,True,2026-05-03 12:13:06.040319+00:00
10271,NKTR,Nektar Therapeutics,US,True,2026-05-03 12:13:06.040319+00:00
10272,ERO,Ero Copper Corp.,US,True,2026-05-03 12:13:06.040319+00:00
10273,SEZL,Sezzle Inc.,US,True,2026-05-03 12:13:06.040319+00:00
10274,MH,"Mcgraw Hill, Inc.",US,True,2026-05-03 12:13:06.040319+00:00
10275,UNIT,Uniti Group Inc.,US,True,2026-05-03 12:13:06.040319+00:00
10276,IDYA,"Ideaya Biosciences, Inc.",US,True,2026-05-03 12:13:06.040319+00:00
10277,CALY,Callaway Golf Co,US,True,2026-05-03 12:13:06.040319+00:00
10278,RUN,Sunrun Inc.,US,True,2026-05-03 12:13:06.040319+00:00
10279,FBK,Fb Financial Corp,US,True,2026-05-03 12:13:06.040319+00:00
10280,SBLK,Star Bulk Carriers Corp.,US,True,2026-05-03 12:13:06.040319+00:00
10281,IHS,Ihs Holding Ltd,US,True,2026-05-03 12:13:06.040319+00:00
10282,FCPT,"Four Corners Property Trust, Inc.",US,True,2026-05-03 12:13:06.040319+00:00
10283,EXK,Endeavour Silver Corp,US,True,2026-05-03 12:13:06.040319+00:00
10284,PBH,Prestige Consumer Healthcare Inc.,US,True,2026-05-03 12:13:06.040319+00:00
10285,KYIV,Kyivstar Group Ltd.,US,True,2026-05-03 12:13:06.040319+00:00
10286,VC,Visteon Corp,US,True,2026-05-03 12:13:06.040319+00:00
10287,CWT,California Water Service Group,US,True,2026-05-03 12:13:06.040319+00:00
10288,BWLP,Bw Lpg Ltd,US,True,2026-05-03 12:13:06.040319+00:00
10289,ZLAB,Zai Lab Ltd,US,True,2026-05-03 12:13:06.040319+00:00
10290,CVBF,Cvb Financial Corp,US,True,2026-05-03 12:13:06.040319+00:00
10291,SPNT,Siriuspoint Ltd,US,True,2026-05-03 12:13:06.040319+00:00
10292,NAD,Nuveen Quality Municipal Income Fund,US,True,2026-05-03 12:13:06.040319+00:00
10293,PHIN,Phinia Inc.,US,True,2026-05-03 12:13:06.040319+00:00
10294,TARS,"Tarsus Pharmaceuticals, Inc.",US,True,2026-05-03 12:13:06.040319+00:00
10295,ELVN,"Enliven Therapeutics, Inc.",US,True,2026-05-03 12:13:06.040319+00:00
10296,MANE,"Veradermics, Inc",US,True,2026-05-03 12:13:06.040319+00:00
10297,HTFL,"Heartflow, Inc.",US,True,2026-05-03 12:13:06.040319+00:00
10298,SLNO,Soleno Therapeutics Inc,US,True,2026-05-03 12:13:06.040319+00:00
10299,ATRO,Astronics Corp,US,True,2026-05-03 12:13:06.040319+00:00
10300,DJT,Trump Media & Technology Group Corp.,US,True,2026-05-03 12:13:06.040319+00:00
10301,WRD,Weride Inc.,US,True,2026-05-03 12:13:06.040319+00:00
10302,SHTPY,Schott Pharma Ag & Co. Kgaa/Adr,US,True,2026-05-03 12:13:06.040319+00:00
10303,WOR,"Worthington Enterprises, Inc.",US,True,2026-05-03 12:13:06.040319+00:00
10304,NOG,"Northern Oil & Gas, Inc.",US,True,2026-05-03 12:13:06.040319+00:00
10305,COCO,"Vita Coco Company, Inc.",US,True,2026-05-03 12:13:06.040319+00:00
10306,NVG,Nuveen Amt-Free Municipal Credit Income Fund,US,True,2026-05-03 12:13:06.040319+00:00
10307,IMNM,Immunome Inc.,US,True,2026-05-03 12:13:06.040319+00:00
10308,PTRN,Pattern Group Inc.,US,True,2026-05-03 12:13:06.040319+00:00
10309,BRZE,"Braze, Inc.",US,True,2026-05-03 12:13:06.040319+00:00
10310,CLDX,"Celldex Therapeutics, Inc.",US,True,2026-05-03 12:13:06.040319+00:00
10311,KN,Knowles Corp,US,True,2026-05-03 12:13:06.040319+00:00
10312,MGRC,Mcgrath Rentcorp,US,True,2026-05-03 12:13:06.040319+00:00
10313,HNI,Hni Corp,US,True,2026-05-03 12:13:06.040319+00:00
10314,APAM,Artisan Partners Asset Management Inc.,US,True,2026-05-03 12:13:06.040319+00:00
10315,HUBG,"Hub Group, Inc.",US,True,2026-05-03 12:13:06.040319+00:00
10316,HIW,"Highwoods Properties, Inc.",US,True,2026-05-03 12:13:06.040319+00:00
10317,VAC,Marriott Vacations Worldwide Corp,US,True,2026-05-03 12:13:06.040319+00:00
10318,ARCB,Arcbest Corp /De/,US,True,2026-05-03 12:13:06.040319+00:00
10319,CHEF,"Chefs' Warehouse, Inc.",US,True,2026-05-03 12:13:06.040319+00:00
10320,HE,Hawaiian Electric Industries Inc,US,True,2026-05-03 12:13:06.040319+00:00
10321,VCYT,"Veracyte, Inc.",US,True,2026-05-03 12:13:06.040319+00:00
10322,RLX,Rlx Technology Inc.,US,True,2026-05-03 12:13:06.040319+00:00
10323,WAFD,Wafd Inc,US,True,2026-05-03 12:13:06.040319+00:00
10324,AMR,"Alpha Metallurgical Resources, Inc.",US,True,2026-05-03 12:13:06.040319+00:00
10325,FIGS,"Figs, Inc.",US,True,2026-05-03 12:13:06.040319+00:00
10326,CXT,"Crane Nxt, Co.",US,True,2026-05-03 12:13:06.040319+00:00
10327,BBT,Beacon Financial Corp,US,True,2026-05-03 12:13:06.040319+00:00
10328,DKL,"Delek Logistics Partners, Lp",US,True,2026-05-03 12:13:06.040319+00:00
10329,IRON,"Disc Medicine, Inc.",US,True,2026-05-03 12:13:06.040319+00:00
10330,SVM,Silvercorp Metals Inc,US,True,2026-05-03 12:13:06.040319+00:00
10331,TRMK,Trustmark Corp,US,True,2026-05-03 12:13:06.040319+00:00
10332,CUBI,"Customers Bancorp, Inc.",US,True,2026-05-03 12:13:06.040319+00:00
10333,NGVT,Ingevity Corp,US,True,2026-05-03 12:13:06.040319+00:00
10334,ASH,Ashland Inc.,US,True,2026-05-03 12:13:06.040319+00:00
10335,SMA,"Smartstop Self Storage Reit, Inc.",US,True,2026-05-03 12:13:06.040319+00:00
10336,RH,Rh,US,True,2026-05-03 12:13:06.040319+00:00
10337,AMBA,Ambarella Inc,US,True,2026-05-03 12:13:06.040319+00:00
10338,LCID,"Lucid Group, Inc.",US,True,2026-05-03 12:13:06.040319+00:00
10339,TDC,Teradata Corp /De/,US,True,2026-05-03 12:13:06.040319+00:00
10340,LFST,"Lifestance Health Group, Inc.",US,True,2026-05-03 12:13:06.040319+00:00
10341,TGB,Taseko Mines Ltd,US,True,2026-05-03 12:13:06.040319+00:00
10342,TSAT,Telesat Corp,US,True,2026-05-03 12:13:06.040319+00:00
10343,DRD,Drdgold Ltd,US,True,2026-05-03 12:13:06.040319+00:00
10344,STUB,"Stubhub Holdings, Inc.",US,True,2026-05-03 12:13:06.040319+00:00
10345,GDV,Gabelli Dividend & Income Trust,US,True,2026-05-03 12:13:06.040319+00:00
10346,BWIN,"Baldwin Insurance Group, Inc.",US,True,2026-05-03 12:13:06.040319+00:00
10347,ANDE,"Andersons, Inc.",US,True,2026-05-03 12:13:06.040319+00:00
10348,PTY,Pimco Corporate & Income Opportunity Fund,US,True,2026-05-03 12:13:06.040319+00:00
10349,FRME,First Merchants Corp,US,True,2026-05-03 12:13:06.040319+00:00
10350,HCM,Hutchmed (China) Ltd,US,True,2026-05-03 12:13:06.040319+00:00
10351,LMAT,Lemaitre Vascular Inc,US,True,2026-05-03 12:13:06.040319+00:00
10352,SAM,Boston Beer Co Inc,US,True,2026-05-03 12:13:06.040319+00:00
10353,ADMA,"Adma Biologics, Inc.",US,True,2026-05-03 12:13:06.040319+00:00
10354,GEO,Geo Group Inc,US,True,2026-05-03 12:13:06.040319+00:00
10355,TNK,Teekay Tankers Ltd.,US,True,2026-05-03 12:13:06.040319+00:00
10356,TBBK,"Bancorp, Inc.",US,True,2026-05-03 12:13:06.040319+00:00
10357,ACHC,"Acadia Healthcare Company, Inc.",US,True,2026-05-03 12:13:06.040319+00:00
10358,CPRI,Capri Holdings Ltd,US,True,2026-05-03 12:13:06.040319+00:00
10359,IVT,Inventrust Properties Corp.,US,True,2026-05-03 12:13:06.040319+00:00
10360,DXPE,Dxp Enterprises Inc,US,True,2026-05-03 12:13:06.040319+00:00
10361,FRSH,Freshworks Inc.,US,True,2026-05-03 12:13:06.040319+00:00
10362,EXTR,Extreme Networks Inc,US,True,2026-05-03 12:13:06.040319+00:00
10363,NHC,National Healthcare Corp,US,True,2026-05-03 12:13:06.040319+00:00
10364,PLBL,Polibeli Group Ltd,US,True,2026-05-03 12:13:06.040319+00:00
10365,CDLR,Cadeler A/S,US,True,2026-05-03 12:13:06.040319+00:00
10366,KALU,Kaiser Aluminum Corp,US,True,2026-05-03 12:13:06.040319+00:00
10367,VGNT,Versigent Plc,US,True,2026-05-03 12:13:06.040319+00:00
10368,HTO,H2O America,US,True,2026-05-03 12:13:06.040319+00:00
10369,WT,"Wisdomtree, Inc.",US,True,2026-05-03 12:13:06.040319+00:00
10370,TALO,Talos Energy Inc.,US,True,2026-05-03 12:13:06.040319+00:00
10371,EBOSY,Ebos Group Limited/Adr,US,True,2026-05-03 12:13:06.040319+00:00
10372,VNET,"Vnet Group, Inc.",US,True,2026-05-03 12:13:06.040319+00:00
10373,KWR,Quaker Chemical Corp,US,True,2026-05-03 12:13:06.040319+00:00
10374,GRND,Grindr Inc.,US,True,2026-05-03 12:13:06.040319+00:00
10375,TRN,Trinity Industries Inc,US,True,2026-05-03 12:13:06.040319+00:00
10376,XRAY,Dentsply Sirona Inc.,US,True,2026-05-03 12:13:06.040319+00:00
10377,AAPG,Ascentage Pharma Group International,US,True,2026-05-03 12:13:06.040319+00:00
10378,FBNC,First Bancorp /Nc/,US,True,2026-05-03 12:13:06.040319+00:00
10379,SEDG,"Solaredge Technologies, Inc.",US,True,2026-05-03 12:13:06.040319+00:00
10380,NZF,Nuveen Municipal Credit Income Fund,US,True,2026-05-03 12:13:06.040319+00:00
10381,XMTR,"Xometry, Inc.",US,True,2026-05-03 12:13:06.040319+00:00
10382,BRSL,Brightstar Lottery Plc,US,True,2026-05-03 12:13:06.040319+00:00
10383,GOF,Guggenheim Strategic Opportunities Fund,US,True,2026-05-03 12:13:06.040319+00:00
10384,OSW,Onespaworld Holdings Ltd,US,True,2026-05-03 12:13:06.040319+00:00
10385,NTCT,Netscout Systems Inc,US,True,2026-05-03 12:13:06.040319+00:00
10386,NESR,National Energy Services Reunited Corp.,US,True,2026-05-03 12:13:06.040319+00:00
10387,BMRRY,B&M European Value Retail S.A./Adr,US,True,2026-05-03 12:13:06.040319+00:00
10388,AYR,Aircastle Ltd,US,True,2026-05-03 12:13:06.040319+00:00
10389,MLCO,Melco Resorts & Entertainment Ltd,US,True,2026-05-03 12:13:06.040319+00:00
10390,TENB,"Tenable Holdings, Inc.",US,True,2026-05-03 12:13:06.040319+00:00
10391,NYAX,Nayax Ltd.,US,True,2026-05-03 12:13:06.040319+00:00
10392,HUN,Huntsman Corp,US,True,2026-05-03 12:13:06.040319+00:00
10393,EOSE,"Eos Energy Enterprises, Inc.",US,True,2026-05-03 12:13:06.040319+00:00
10394,CURLF,"Curaleaf Holdings, Inc.",US,True,2026-05-03 12:13:06.040319+00:00
10395,CENT,Central Garden & Pet Co,US,True,2026-05-03 12:13:06.040319+00:00
10396,MDCOY,Pt Medco Energi Internasional Tbk/Adr,US,True,2026-05-03 12:13:06.040319+00:00
10397,NSIT,Insight Enterprises Inc,US,True,2026-05-03 12:13:06.040319+00:00
10398,FLOC,Flowco Holdings Inc.,US,True,2026-05-03 12:13:06.040319+00:00
10399,DFTX,"Definium Therapeutics, Inc.",US,True,2026-05-03 12:13:06.040319+00:00
10400,BHE,Benchmark Electronics Inc,US,True,2026-05-03 12:13:06.040319+00:00
10401,MLYS,"Mineralys Therapeutics, Inc.",US,True,2026-05-03 12:13:06.040319+00:00
10402,SGML,Sigma Lithium Corp,US,True,2026-05-03 12:13:06.040319+00:00
10403,RARE,Ultragenyx Pharmaceutical Inc.,US,True,2026-05-03 12:13:06.040319+00:00
10404,ABM,Abm Industries Inc /De/,US,True,2026-05-03 12:13:06.040319+00:00
10405,SLDE,"Slide Insurance Holdings, Inc.",US,True,2026-05-03 12:13:06.040319+00:00
10406,CEPU,Central Puerto S.A.,US,True,2026-05-03 12:13:06.040319+00:00
10407,NBTB,Nbt Bancorp Inc,US,True,2026-05-03 12:13:06.040319+00:00
10408,SAH,Sonic Automotive Inc,US,True,2026-05-03 12:13:06.040319+00:00
10409,AMBP,Ardagh Metal Packaging S.A.,US,True,2026-05-03 12:13:06.040319+00:00
10410,FLNC,"Fluence Energy, Inc.",US,True,2026-05-03 12:13:06.040319+00:00
10411,AAMI,Acadian Asset Management Inc.,US,True,2026-05-03 12:13:06.040319+00:00
10412,ATKR,Atkore Inc.,US,True,2026-05-03 12:13:06.040319+00:00
10413,AERO,"Grupo Aeromexico, S.A.B. De C.V.",US,True,2026-05-03 12:13:06.040319+00:00
10414,DK,"Delek Us Holdings, Inc.",US,True,2026-05-03 12:13:06.040319+00:00
10415,VRRM,Verra Mobility Corp,US,True,2026-05-03 12:13:06.040319+00:00
10416,GRDN,"Guardian Pharmacy Services, Inc.",US,True,2026-05-03 12:13:06.040319+00:00
10417,AEGXF,Aecon Group Inc.,US,True,2026-05-03 12:13:06.040319+00:00
10418,ETY,Eaton Vance Tax-Managed Diversified Equity Income Fund,US,True,2026-05-03 12:13:06.040319+00:00
10419,FA,First Advantage Corp,US,True,2026-05-03 12:13:06.040319+00:00
10420,HTH,Hilltop Holdings Inc.,US,True,2026-05-03 12:13:06.040319+00:00
10421,NTST,Netstreit Corp.,US,True,2026-05-03 12:13:06.040319+00:00
10422,OGN,Organon & Co.,US,True,2026-05-03 12:13:06.040319+00:00
10423,MCW,"Mister Car Wash, Inc.",US,True,2026-05-03 12:13:06.040319+00:00
10424,NTB,Bank Of N.T. Butterfield & Son Ltd,US,True,2026-05-03 12:13:06.040319+00:00
10425,HLIO,"Helios Technologies, Inc.",US,True,2026-05-03 12:13:06.040319+00:00
10426,CSGS,Csg Systems International Inc,US,True,2026-05-03 12:13:06.040319+00:00
10427,PLUS,Eplus Inc,US,True,2026-05-03 12:13:06.040319+00:00
10428,ALRM,"Alarm.Com Holdings, Inc.",US,True,2026-05-03 12:13:06.040319+00:00
10429,DXC,Dxc Technology Co,US,True,2026-05-03 12:13:06.040319+00:00
10430,AEBZY,Anadolu Efes Biracilik Ve Malt Sanayi A S/Adr,US,True,2026-05-03 12:13:06.040319+00:00
10431,MBIN,Merchants Bancorp,US,True,2026-05-03 12:13:06.040319+00:00
10432,BUSE,First Busey Corp /Nv/,US,True,2026-05-03 12:13:06.040319+00:00
10433,IE,Ivanhoe Electric Inc.,US,True,2026-05-03 12:13:06.040319+00:00
10434,HTZ,"Hertz Global Holdings, Inc",US,True,2026-05-03 12:13:06.040319+00:00
10435,PK,Park Hotels & Resorts Inc.,US,True,2026-05-03 12:13:06.040319+00:00
10436,ICHR,"Ichor Holdings, Ltd.",US,True,2026-05-03 12:13:06.040319+00:00
10437,PRDO,Perdoceo Education Corp,US,True,2026-05-03 12:13:06.040319+00:00
10438,KYN,"Kayne Anderson Energy Infrastructure Fund, Inc.",US,True,2026-05-03 12:13:06.040319+00:00
10439,RVT,"Royce Small-Cap Trust, Inc.",US,True,2026-05-03 12:13:06.040319+00:00
10440,DNOW,Dnow Inc.,US,True,2026-05-03 12:13:06.040319+00:00
10441,DAWN,"Day One Biopharmaceuticals, Inc.",US,True,2026-05-03 12:13:06.040319+00:00
10442,GLOB,Globant S.A.,US,True,2026-05-03 12:13:06.040319+00:00
10443,ATHM,Autohome Inc.,US,True,2026-05-03 12:13:06.040319+00:00
10444,MTX,Minerals Technologies Inc,US,True,2026-05-03 12:13:06.040319+00:00
10445,CLM,"Cornerstone Strategic Investment Fund, Inc.",US,True,2026-05-03 12:13:06.040319+00:00
10446,ROG,Rogers Corp,US,True,2026-05-03 12:13:06.040319+00:00
10447,CECO,Ceco Environmental Corp,US,True,2026-05-03 12:13:06.040319+00:00
10448,NWN,Northwest Natural Holding Co,US,True,2026-05-03 12:13:06.040319+00:00
10449,PAHC,Phibro Animal Health Corp,US,True,2026-05-03 12:13:06.040319+00:00
10450,PBI,Pitney Bowes Inc /De/,US,True,2026-05-03 12:13:06.040319+00:00
10451,ADPT,Adaptive Biotechnologies Corp,US,True,2026-05-03 12:13:06.040319+00:00
10452,CASH,"Pathward Financial, Inc.",US,True,2026-05-03 12:13:06.040319+00:00
10453,TYRA,"Tyra Biosciences, Inc.",US,True,2026-05-03 12:13:06.040319+00:00
10454,OSSUY,Embla Medical Hf/Adr,US,True,2026-05-03 12:13:06.040319+00:00
10455,WLY,"John Wiley & Sons, Inc.",US,True,2026-05-03 12:13:06.040319+00:00
10456,BW,"Babcock & Wilcox Enterprises, Inc.",US,True,2026-05-03 12:13:06.040319+00:00
10457,BANR,Banner Corp,US,True,2026-05-03 12:13:06.040319+00:00
10458,DEI,Douglas Emmett Inc,US,True,2026-05-03 12:13:06.040319+00:00
10459,SRPT,"Sarepta Therapeutics, Inc.",US,True,2026-05-03 12:13:06.040319+00:00
10460,MNR,Mach Natural Resources Lp,US,True,2026-05-03 12:13:06.040319+00:00
10461,CCU,United Breweries Co Inc,US,True,2026-05-03 12:13:06.040319+00:00
10462,AVPT,"Avepoint, Inc.",US,True,2026-05-03 12:13:06.040319+00:00
10463,BCRX,Biocryst Pharmaceuticals Inc,US,True,2026-05-03 12:13:06.040319+00:00
10464,TSCFY,Tisco Financial Group Public Co Limited/Adr,US,True,2026-05-03 12:13:06.040319+00:00
10465,EVCM,Evercommerce Inc.,US,True,2026-05-03 12:13:06.040319+00:00
10466,BLBD,Blue Bird Corp,US,True,2026-05-03 12:13:06.040319+00:00
10467,ANAB,"Anaptysbio, Inc",US,True,2026-05-03 12:13:06.040319+00:00
10468,SPSC,Sps Commerce Inc,US,True,2026-05-03 12:13:06.040319+00:00
10469,DRVN,Driven Brands Holdings Inc.,US,True,2026-05-03 12:13:06.040319+00:00
10470,ARR,"Armour Residential Reit, Inc.",US,True,2026-05-03 12:13:06.040319+00:00
10471,BHC,Bausch Health Companies Inc.,US,True,2026-05-03 12:13:06.040319+00:00
10472,WTTR,"Select Water Solutions, Inc.",US,True,2026-05-03 12:13:06.040319+00:00
10473,WB,Weibo Corp,US,True,2026-05-03 12:13:06.040319+00:00
10474,PTON,"Peloton Interactive, Inc.",US,True,2026-05-03 12:13:06.040319+00:00
10475,HURN,Huron Consulting Group Inc.,US,True,2026-05-03 12:13:06.040319+00:00
10476,DRH,Diamondrock Hospitality Co,US,True,2026-05-03 12:13:06.040319+00:00
10477,DCO,Ducommun Inc /De/,US,True,2026-05-03 12:13:06.040319+00:00
10478,EFSC,Enterprise Financial Services Corp,US,True,2026-05-03 12:13:06.040319+00:00
10479,COHU,Cohu Inc,US,True,2026-05-03 12:13:06.040319+00:00
10480,QUBT,Quantum Computing Inc.,US,True,2026-05-03 12:13:06.040319+00:00
10481,PAX,Patria Investments Ltd,US,True,2026-05-03 12:13:06.040319+00:00
10482,STOK,"Stoke Therapeutics, Inc.",US,True,2026-05-03 12:13:06.040319+00:00
10483,AUPH,Aurinia Pharmaceuticals Inc.,US,True,2026-05-03 12:13:06.040319+00:00
10484,ZYME,Zymeworks Inc.,US,True,2026-05-03 12:13:06.040319+00:00
10485,VVX,"V2X, Inc.",US,True,2026-05-03 12:13:06.040319+00:00
10486,GEL,Genesis Energy Lp,US,True,2026-05-03 12:13:06.040319+00:00
10487,DGII,Digi International Inc,US,True,2026-05-03 12:13:06.040319+00:00
10488,TGLS,Tecnoglass Inc.,US,True,2026-05-03 12:13:06.040319+00:00
10489,GRAL,"Grail, Inc.",US,True,2026-05-03 12:13:06.040319+00:00
10490,MESO,Mesoblast Ltd,US,True,2026-05-03 12:13:06.040319+00:00
10491,NCNO,"Ncino, Inc.",US,True,2026-05-03 12:13:06.040319+00:00
10492,DAC,Danaos Corp,US,True,2026-05-03 12:13:06.040319+00:00
10493,GUYGF,G2 Goldfields Inc.,US,True,2026-05-03 12:13:06.040319+00:00
10494,BLX,"Foreign Trade Bank Of Latin America, Inc.",US,True,2026-05-03 12:13:06.040319+00:00
10495,SYBT,"Stock Yards Bancorp, Inc.",US,True,2026-05-03 12:13:06.040319+00:00
10496,SOC,Sable Offshore Corp.,US,True,2026-05-03 12:13:06.040319+00:00
10497,COTY,Coty Inc.,US,True,2026-05-03 12:13:06.040319+00:00
10498,PENN,"Penn Entertainment, Inc.",US,True,2026-05-03 12:13:06.040319+00:00
10499,SXGCF,Southern Cross Gold Consolidated Ltd.,US,True,2026-05-03 12:13:06.040319+00:00
10500,SKWD,"Skyward Specialty Insurance Group, Inc.",US,True,2026-05-03 12:13:06.040319+00:00
10501,SNDX,Syndax Pharmaceuticals Inc,US,True,2026-05-03 12:13:06.040319+00:00
10502,ALG,Alamo Group Inc,US,True,2026-05-03 12:13:06.040319+00:00
10503,STC,Stewart Information Services Corp,US,True,2026-05-03 12:13:06.040319+00:00
10504,RDW,Redwire Corp,US,True,2026-05-03 12:13:06.040319+00:00
10505,NEOG,Neogen Corp,US,True,2026-05-03 12:13:06.040319+00:00
10506,GT,Goodyear Tire & Rubber Co /Oh/,US,True,2026-05-03 12:13:06.040319+00:00
10507,TRVI,"Trevi Therapeutics, Inc.",US,True,2026-05-03 12:13:06.040319+00:00
10508,CAPR,"Capricor Therapeutics, Inc.",US,True,2026-05-03 12:13:06.040319+00:00
10509,GNL,"Global Net Lease, Inc.",US,True,2026-05-03 12:13:06.040319+00:00
10510,GTY,Getty Realty Corp /Md/,US,True,2026-05-03 12:13:06.040319+00:00
10511,SEM,Select Medical Holdings Corp,US,True,2026-05-03 12:13:06.040319+00:00
10512,UTI,Universal Technical Institute Inc,US,True,2026-05-03 12:13:06.040319+00:00
10513,CXW,"Corecivic, Inc.",US,True,2026-05-03 12:13:06.040319+00:00
10514,CMPR,Cimpress Plc,US,True,2026-05-03 12:13:06.040319+00:00
10515,JBLU,Jetblue Airways Corp,US,True,2026-05-03 12:13:06.040319+00:00
10516,HIMX,"Himax Technologies, Inc.",US,True,2026-05-03 12:13:06.040319+00:00
10517,OCUL,"Ocular Therapeutix, Inc",US,True,2026-05-03 12:13:06.040319+00:00
10518,FXCNY,Fih Mobile Ltd,US,True,2026-05-03 12:13:06.040319+00:00
10519,ECO,Okeanis Eco Tankers Corp.,US,True,2026-05-03 12:13:06.040319+00:00
10520,WERN,Werner Enterprises Inc,US,True,2026-05-03 12:13:06.040319+00:00
10521,NEXA,Nexa Resources S.A.,US,True,2026-05-03 12:13:06.040319+00:00
10522,LC,Lendingclub Corp,US,True,2026-05-03 12:13:06.040319+00:00
10523,VERX,"Vertex, Inc.",US,True,2026-05-03 12:13:06.040319+00:00
10524,ARCO,Arcos Dorados Holdings Inc.,US,True,2026-05-03 12:13:06.040319+00:00
10525,EYE,"National Vision Holdings, Inc.",US,True,2026-05-03 12:13:06.040319+00:00
10526,WGS,Genedx Holdings Corp.,US,True,2026-05-03 12:13:06.040319+00:00
10527,AMSC,American Superconductor Corp /De/,US,True,2026-05-03 12:13:06.040319+00:00
10528,AVVSY,Avio S.P.A./Adr,US,True,2026-05-03 12:13:06.040319+00:00
10529,NEXT,Nextdecade Corp,US,True,2026-05-03 12:13:06.040319+00:00
10530,ATEN,"A10 Networks, Inc.",US,True,2026-05-03 12:13:06.040319+00:00
10531,GSG,Ishares S&P Gsci Commodity-Indexed Trust,US,True,2026-05-03 12:13:06.040319+00:00
10532,FMC,Fmc Corp,US,True,2026-05-03 12:13:06.040319+00:00
10533,NMM,Navios Maritime Partners L.P.,US,True,2026-05-03 12:13:06.040319+00:00
10534,HCI,"Hci Group, Inc.",US,True,2026-05-03 12:13:06.040319+00:00
10535,PWP,Perella Weinberg Partners,US,True,2026-05-03 12:13:06.040319+00:00
10536,FORTY,Formula Systems (1985) Ltd,US,True,2026-05-03 12:13:06.040319+00:00
10537,CHA,Chagee Holdings Ltd.,US,True,2026-05-03 12:13:06.040319+00:00
10538,CMRE,Costamare Inc.,US,True,2026-05-03 12:13:06.040319+00:00
10539,RUPRF,Rupert Resources Ltd,US,True,2026-05-03 12:13:06.040319+00:00
10540,BRBR,"Bellring Brands, Inc.",US,True,2026-05-03 12:13:06.040319+00:00
10541,FDP,Fresh Del Monte Produce Inc,US,True,2026-05-03 12:13:06.040319+00:00
10542,MQ,"Marqeta, Inc.",US,True,2026-05-03 12:13:06.040319+00:00
10543,USAS,Americas Gold & Silver Corp,US,True,2026-05-03 12:13:06.040319+00:00
10544,LWLG,"Lightwave Logic, Inc.",US,True,2026-05-03 12:13:06.040319+00:00
10545,AMLX,"Amylyx Pharmaceuticals, Inc.",US,True,2026-05-03 12:13:06.040319+00:00
10546,AGRO,Adecoagro S.A.,US,True,2026-05-03 12:13:06.040319+00:00
10547,GLPG,Galapagos Nv,US,True,2026-05-03 12:13:06.040319+00:00
10548,VRE,"Veris Residential, Inc.",US,True,2026-05-03 12:13:06.040319+00:00
10549,KMPR,Kemper Corp,US,True,2026-05-03 12:13:06.040319+00:00
10550,OFG,Ofg Bancorp,US,True,2026-05-03 12:13:06.040319+00:00
10551,NWBI,"Northwest Bancshares, Inc.",US,True,2026-05-03 12:13:06.040319+00:00
10552,TIC,"Tic Solutions, Inc.",US,True,2026-05-03 12:13:06.040319+00:00
10553,IMAX,Imax Corp,US,True,2026-05-03 12:13:06.040319+00:00
10554,PRKS,United Parks & Resorts Inc.,US,True,2026-05-03 12:13:06.040319+00:00
10555,RVLV,"Revolve Group, Inc.",US,True,2026-05-03 12:13:06.040319+00:00
10556,SPB,"Spectrum Brands Holdings, Inc.",US,True,2026-05-03 12:13:06.040319+00:00
10557,FUN,Six Flags Entertainment Corporation/New,US,True,2026-05-03 12:13:06.040319+00:00
10558,TNET,"Trinet Group, Inc.",US,True,2026-05-03 12:13:06.040319+00:00
10559,LTC,Ltc Properties Inc,US,True,2026-05-03 12:13:06.040319+00:00
10560,STEL,"Stellar Bancorp, Inc.",US,True,2026-05-03 12:13:06.040319+00:00
10561,PDO,Pimco Dynamic Income Opportunities Fund,US,True,2026-05-03 12:13:06.040319+00:00
10562,PHVS,Pharvaris N.V.,US,True,2026-05-03 12:13:06.040319+00:00
10563,EVT,Eaton Vance Tax-Advantaged Dividend Income Fund,US,True,2026-05-03 12:13:06.040319+00:00
10564,AGYS,Agilysys Inc,US,True,2026-05-03 12:13:06.040319+00:00
10565,NUV,Nuveen Municipal Value Fund Inc,US,True,2026-05-03 12:13:06.040319+00:00
10566,MD,"Pediatrix Medical Group, Inc.",US,True,2026-05-03 12:13:06.040319+00:00
10567,STRA,"Strategic Education, Inc.",US,True,2026-05-03 12:13:06.040319+00:00
10568,NBHC,National Bank Holdings Corp,US,True,2026-05-03 12:13:06.040319+00:00
10569,EVTC,"Evertec, Inc.",US,True,2026-05-03 12:13:06.040319+00:00
10570,FCF,First Commonwealth Financial Corp /Pa/,US,True,2026-05-03 12:13:06.040319+00:00
10571,GTM,Zoominfo Technologies Inc.,US,True,2026-05-03 12:13:06.040319+00:00
10572,CTOS,"Custom Truck One Source, Inc.",US,True,2026-05-03 12:13:06.040319+00:00
10573,RNW,Renew Energy Global Plc,US,True,2026-05-03 12:13:06.040319+00:00
10574,MGNI,"Magnite, Inc.",US,True,2026-05-03 12:13:06.040319+00:00
10575,EZPW,Ezcorp Inc,US,True,2026-05-03 12:13:06.040319+00:00
10576,SGRY,"Surgery Partners, Inc.",US,True,2026-05-03 12:13:06.040319+00:00
10577,EYUBY,Electricity Generating Public Co Limited/Adr,US,True,2026-05-03 12:13:06.040319+00:00
10578,ALKT,"Alkami Technology, Inc.",US,True,2026-05-03 12:13:06.040319+00:00
10579,ESTA,Establishment Labs Holdings Inc.,US,True,2026-05-03 12:13:06.040319+00:00
10580,SION,"Sionna Therapeutics, Inc.",US,True,2026-05-03 12:13:06.040319+00:00
10581,RXRX,"Recursion Pharmaceuticals, Inc.",US,True,2026-05-03 12:13:06.040319+00:00
10582,BL,"Blackline, Inc.",US,True,2026-05-03 12:13:06.040319+00:00
10583,IOSP,Innospec Inc.,US,True,2026-05-03 12:13:06.040319+00:00
10584,CLBK,"Columbia Financial, Inc.",US,True,2026-05-03 12:13:06.040319+00:00
10585,CNL,Collective Mining Ltd.,US,True,2026-05-03 12:13:06.040319+00:00
10586,MGRT,Mega Fortune Co Ltd,US,True,2026-05-03 12:13:06.040319+00:00
10587,PVLA,"Palvella Therapeutics, Inc.",US,True,2026-05-03 12:13:06.040319+00:00
10588,XPRO,Expro Group Holdings N.V.,US,True,2026-05-03 12:13:06.040319+00:00
10589,EPAC,Enerpac Tool Group Corp,US,True,2026-05-03 12:13:06.040319+00:00
10590,HRMY,"Harmony Biosciences Holdings, Inc.",US,True,2026-05-03 12:13:06.040319+00:00
10591,RAMP,"Liveramp Holdings, Inc.",US,True,2026-05-03 12:13:06.040319+00:00
10592,AGM,Federal Agricultural Mortgage Corp,US,True,2026-05-03 12:13:06.040319+00:00
10593,AXGN,"Axogen, Inc.",US,True,2026-05-03 12:13:06.040319+00:00
10594,INTA,"Intapp, Inc.",US,True,2026-05-03 12:13:06.040319+00:00
10595,CCS,"Century Communities, Inc.",US,True,2026-05-03 12:13:06.040319+00:00
10596,PUMP,Propetro Holding Corp.,US,True,2026-05-03 12:13:06.040319+00:00
10597,BLKB,Blackbaud Inc,US,True,2026-05-03 12:13:06.040319+00:00
10598,VET,Vermilion Energy Inc.,US,True,2026-05-03 12:13:06.040319+00:00
10599,PAYO,Payoneer Global Inc.,US,True,2026-05-03 12:13:06.040319+00:00
10600,FLO,Flowers Foods Inc,US,True,2026-05-03 12:13:06.040319+00:00
10601,VOYG,"Voyager Technologies, Inc./De",US,True,2026-05-03 12:13:06.040319+00:00
10602,NAC,Nuveen California Quality Municipal Income Fund,US,True,2026-05-03 12:13:06.040319+00:00
10603,HMN,Horace Mann Educators Corp /De/,US,True,2026-05-03 12:13:06.040319+00:00
10604,SHO,"Sunstone Hotel Investors, Inc.",US,True,2026-05-03 12:13:06.040319+00:00
10605,QFIN,"Qfin Holdings, Inc.",US,True,2026-05-03 12:13:06.040319+00:00
10606,PAEXY,Parex Resources Inc./Adr,US,True,2026-05-03 12:13:06.040319+00:00
10607,ECPG,Encore Capital Group Inc,US,True,2026-05-03 12:13:06.040319+00:00
10608,INVX,"Innovex International, Inc.",US,True,2026-05-03 12:13:06.040319+00:00
10609,ANIP,Ani Pharmaceuticals Inc,US,True,2026-05-03 12:13:06.040319+00:00
10610,TY,Tri-Continental Corp,US,True,2026-05-03 12:13:06.040319+00:00
10611,KOZAY,Turk Altin Isletmeleri A.S./Adr,US,True,2026-05-03 12:13:06.040319+00:00
10612,AESI,Atlas Energy Solutions Inc.,US,True,2026-05-03 12:13:06.040319+00:00
10613,WS,"Worthington Steel, Inc.",US,True,2026-05-03 12:13:06.040319+00:00
10614,CNXC,Concentrix Corp,US,True,2026-05-03 12:13:06.040319+00:00
10615,SEMR,"Semrush Holdings, Inc.",US,True,2026-05-03 12:13:06.040319+00:00
10616,NTLA,"Intellia Therapeutics, Inc.",US,True,2026-05-03 12:13:06.040319+00:00
10617,ASTH,"Astrana Health, Inc.",US,True,2026-05-03 12:13:06.040319+00:00
10618,SONO,Sonos Inc,US,True,2026-05-03 12:13:06.040319+00:00
10619,TSLX,"Sixth Street Specialty Lending, Inc.",US,True,2026-05-03 12:13:06.040319+00:00
10620,NWL,Newell Brands Inc.,US,True,2026-05-03 12:13:06.040319+00:00
10621,BBAI,"Bigbear.Ai Holdings, Inc.",US,True,2026-05-03 12:13:06.040319+00:00
10622,CHCO,City Holding Co,US,True,2026-05-03 12:13:06.040319+00:00
10623,BVC,Bitventures Ltd,US,True,2026-05-03 12:13:06.040319+00:00
10624,ZD,"Ziff Davis, Inc.",US,True,2026-05-03 12:13:06.040319+00:00
10625,TSHA,"Taysha Gene Therapies, Inc.",US,True,2026-05-03 12:13:06.040319+00:00
10626,FSUN,Firstsun Capital Bancorp,US,True,2026-05-03 12:13:06.040319+00:00
10627,FIHL,Fidelis Insurance Holdings Ltd,US,True,2026-05-03 12:13:06.040319+00:00
10628,SRCE,1St Source Corp,US,True,2026-05-03 12:13:06.040319+00:00
10629,KSS,Kohls Corp,US,True,2026-05-03 12:13:06.040319+00:00
10630,STGW,Stagwell Inc,US,True,2026-05-03 12:13:06.040319+00:00
10631,LNXSY,Lanxess Ag,US,True,2026-05-03 12:13:06.040319+00:00
10632,NUVB,Nuvation Bio Inc.,US,True,2026-05-03 12:13:06.040319+00:00
10633,KDK,"Kodiak Ai, Inc.",US,True,2026-05-03 12:13:06.040319+00:00
10634,LU,Lufax Holding Ltd,US,True,2026-05-03 12:13:06.040319+00:00
10635,HLMN,Hillman Solutions Corp.,US,True,2026-05-03 12:13:06.040319+00:00
10636,RAPP,"Rapport Therapeutics, Inc.",US,True,2026-05-03 12:13:06.040319+00:00
10637,AVEX,Aevex Corp.,US,True,2026-05-03 12:13:06.040319+00:00
10638,ATAI,Ataibeckley Inc.,US,True,2026-05-03 12:13:06.040319+00:00
10639,MCRI,Monarch Casino & Resort Inc,US,True,2026-05-03 12:13:06.040319+00:00
10640,INVA,"Innoviva, Inc.",US,True,2026-05-03 12:13:06.040319+00:00
10641,GRC,Gorman Rupp Co,US,True,2026-05-03 12:13:06.040319+00:00
10642,GAB,Gabelli Equity Trust Inc,US,True,2026-05-03 12:13:06.040319+00:00
10643,RQI,Cohen & Steers Quality Income Realty Fund Inc,US,True,2026-05-03 12:13:06.040319+00:00
10644,GCT,Gigacloud Technology Inc,US,True,2026-05-03 12:13:06.040319+00:00
10645,CLVT,Clarivate Plc,US,True,2026-05-03 12:13:06.040319+00:00
10646,AORT,"Artivion, Inc.",US,True,2026-05-03 12:13:06.040319+00:00
10647,BSTZ,Blackrock Science & Technology Term Trust,US,True,2026-05-03 12:13:06.040319+00:00
10648,VIR,"Vir Biotechnology, Inc.",US,True,2026-05-03 12:13:06.040319+00:00
10649,PSIX,"Power Solutions International, Inc.",US,True,2026-05-03 12:13:06.040319+00:00
10650,USA,Liberty All Star Equity Fund,US,True,2026-05-03 12:13:06.040319+00:00
10651,PDFS,Pdf Solutions Inc,US,True,2026-05-03 12:13:06.040319+00:00
10652,STEW,"Srh Total Return Fund, Inc.",US,True,2026-05-03 12:13:06.040319+00:00
10653,NGL,Ngl Energy Partners Lp,US,True,2026-05-03 12:13:06.040319+00:00
10654,WMK,Weis Markets Inc,US,True,2026-05-03 12:13:06.040319+00:00
10655,OUST,"Ouster, Inc.",US,True,2026-05-03 12:13:06.040319+00:00
10656,ASGN,Everforth Inc,US,True,2026-05-03 12:13:06.040319+00:00
10657,ADNT,Adient Plc,US,True,2026-05-03 12:13:06.040319+00:00
10658,DHC,Diversified Healthcare Trust,US,True,2026-05-03 12:13:06.040319+00:00
10659,SID,National Steel Co,US,True,2026-05-03 12:13:06.040319+00:00
10660,YELP,Yelp Inc,US,True,2026-05-03 12:13:06.040319+00:00
10661,DV,"Doubleverify Holdings, Inc.",US,True,2026-05-03 12:13:06.040319+00:00
10662,TV,"Grupo Televisa, S.A.B.",US,True,2026-05-03 12:13:06.040319+00:00
10663,VCEL,Vericel Corp,US,True,2026-05-03 12:13:06.040319+00:00
10664,ADUS,Addus Homecare Corp,US,True,2026-05-03 12:13:06.040319+00:00
10665,CBZ,"Cbiz, Inc.",US,True,2026-05-03 12:13:06.040319+00:00
10666,HLF,Herbalife Ltd.,US,True,2026-05-03 12:13:06.040319+00:00
10667,SLSR,Solaris Resources Inc.,US,True,2026-05-03 12:13:06.040319+00:00
10668,WD,"Walker & Dunlop, Inc.",US,True,2026-05-03 12:13:06.040319+00:00
10669,ABR,Arbor Realty Trust Inc,US,True,2026-05-03 12:13:06.040319+00:00
10670,THR,"Thermon Group Holdings, Inc.",US,True,2026-05-03 12:13:06.040319+00:00
10671,NRIX,"Nurix Therapeutics, Inc.",US,True,2026-05-03 12:13:06.040319+00:00
10672,GTBIF,Green Thumb Industries Inc.,US,True,2026-05-03 12:13:06.040319+00:00
10673,LILA,Liberty Latin America Ltd.,US,True,2026-05-03 12:13:06.040319+00:00
10674,BORR,Borr Drilling Ltd,US,True,2026-05-03 12:13:06.040319+00:00
10675,PICS,Pics N.V.,US,True,2026-05-03 12:13:06.040319+00:00
10676,KEEL,Keel Infrastructure Corp.,US,True,2026-05-03 12:13:06.040319+00:00
10677,AHG,Akso Health Group,US,True,2026-05-03 12:13:06.040319+00:00
10678,ESRT,"Empire State Realty Trust, Inc.",US,True,2026-05-03 12:13:06.040319+00:00
10679,LOB,"Live Oak Bancshares, Inc.",US,True,2026-05-03 12:13:06.040319+00:00
10680,SLVM,Sylvamo Corp,US,True,2026-05-03 12:13:06.040319+00:00
10681,SILA,"Sila Realty Trust, Inc.",US,True,2026-05-03 12:13:06.040319+00:00
10682,FLNG,Flex Lng Ltd.,US,True,2026-05-03 12:13:06.040319+00:00
10683,ETV,Eaton Vance Tax-Managed Buy-Write Opportunities Fund,US,True,2026-05-03 12:13:06.040319+00:00
10684,FLYW,Flywire Corp,US,True,2026-05-03 12:13:06.040319+00:00
10685,GLUE,"Monte Rosa Therapeutics, Inc.",US,True,2026-05-03 12:13:06.040319+00:00
10686,OMCL,"Omnicell, Inc.",US,True,2026-05-03 12:13:06.040319+00:00
10687,IMKTA,Ingles Markets Inc,US,True,2026-05-03 12:13:06.040319+00:00
10688,WLTH,Wealthfront Corp,US,True,2026-05-03 12:13:06.040319+00:00
10689,AILIH,Ameren Illinois Co,US,True,2026-05-03 12:13:06.040319+00:00
10690,PSNY,Polestar Automotive Holding Uk Plc,US,True,2026-05-03 12:13:06.040319+00:00
10691,AHCO,Adapthealth Corp.,US,True,2026-05-03 12:13:06.040319+00:00
10692,LAC,Lithium Americas Corp.,US,True,2026-05-03 12:13:06.040319+00:00
10693,CYD,China Yuchai International Ltd,US,True,2026-05-03 12:13:06.040319+00:00
10694,WBTN,Webtoon Entertainment Inc.,US,True,2026-05-03 12:13:06.040319+00:00
10695,TILE,Interface Inc,US,True,2026-05-03 12:13:06.040319+00:00
10696,ETG,Eaton Vance Tax-Advantaged Global Dividend Income Fund,US,True,2026-05-03 12:13:06.040319+00:00
10697,GSHD,"Goosehead Insurance, Inc.",US,True,2026-05-03 12:13:06.040319+00:00
10698,SKYT,"Skywater Technology, Inc",US,True,2026-05-03 12:13:06.040319+00:00
10699,PLSE,"Pulse Biosciences, Inc.",US,True,2026-05-03 12:13:06.040319+00:00
10700,SNDA,"Sonida Senior Living, Inc.",US,True,2026-05-03 12:13:06.040319+00:00
10701,NSSC,"Napco Security Technologies, Inc",US,True,2026-05-03 12:13:06.040319+00:00
10702,COPR,Idaho Copper Corp,US,True,2026-05-03 12:13:06.040319+00:00
10703,GABC,"German American Bancorp, Inc.",US,True,2026-05-03 12:13:06.040319+00:00
10704,RES,Rpc Inc,US,True,2026-05-03 12:13:06.040319+00:00
10705,CNXN,Pc Connection Inc,US,True,2026-05-03 12:13:06.040319+00:00
10706,OI,"O-I Glass, Inc. /De/",US,True,2026-05-03 12:13:06.040319+00:00
10707,DMRA,"Damora Therapeutics, Inc.",US,True,2026-05-03 12:13:06.040319+00:00
10708,GENB,"Generate Biomedicines, Inc.",US,True,2026-05-03 12:13:06.040319+00:00
10709,PRGO,Perrigo Co Plc,US,True,2026-05-03 12:13:06.040319+00:00
10710,EFC,Ellington Financial Inc.,US,True,2026-05-03 12:13:06.040319+00:00
10711,BDJ,Blackrock Enhanced Equity Dividend Trust,US,True,2026-05-03 12:13:06.040319+00:00
10712,AAT,"American Assets Trust, Inc.",US,True,2026-05-03 12:13:06.040319+00:00
10713,IMOS,Chipmos Technologies Inc,US,True,2026-05-03 12:13:06.040319+00:00
10714,AIN,Albany International Corp /De/,US,True,2026-05-03 12:13:06.040319+00:00
10715,NVRI,Enviri Corp,US,True,2026-05-03 12:13:06.040319+00:00
10716,TFIN,"Triumph Financial, Inc.",US,True,2026-05-03 12:13:06.040319+00:00
10717,TH,Target Hospitality Corp.,US,True,2026-05-03 12:13:06.040319+00:00
10718,ARLO,"Arlo Technologies, Inc.",US,True,2026-05-03 12:13:06.040319+00:00
10719,STBA,S&T Bancorp Inc,US,True,2026-05-03 12:13:06.040319+00:00
10720,LEG,Leggett & Platt Inc,US,True,2026-05-03 12:13:06.040319+00:00
10721,DCOM,"Dime Community Bancshares, Inc. /Ny/",US,True,2026-05-03 12:13:06.040319+00:00
10722,XHR,"Xenia Hotels & Resorts, Inc.",US,True,2026-05-03 12:13:06.040319+00:00
10723,TCBK,Trico Bancshares /,US,True,2026-05-03 12:13:06.040319+00:00
10724,OCS,Oculis Holding Ag,US,True,2026-05-03 12:13:06.040319+00:00
10725,HOPE,Hope Bancorp Inc,US,True,2026-05-03 12:13:06.040319+00:00
10726,PEB,Pebblebrook Hotel Trust,US,True,2026-05-03 12:13:06.040319+00:00
10727,BOBS,"Bob'S Discount Furniture, Inc.",US,True,2026-05-03 12:13:06.040319+00:00
10728,CTS,Cts Corp,US,True,2026-05-03 12:13:06.040319+00:00
10729,ATEC,"Alphatec Holdings, Inc.",US,True,2026-05-03 12:13:06.040319+00:00
10730,MBX,"Mbx Biosciences, Inc.",US,True,2026-05-03 12:13:06.040319+00:00
10731,OPRA,Opera Ltd,US,True,2026-05-03 12:13:06.040319+00:00
10732,PLPC,Preformed Line Products Co,US,True,2026-05-03 12:13:06.040319+00:00
10733,ALGT,Allegiant Travel Co,US,True,2026-05-03 12:13:06.040319+00:00
10734,BFC,Bank First Corp,US,True,2026-05-03 12:13:06.040319+00:00
10735,LKFN,Lakeland Financial Corp,US,True,2026-05-03 12:13:06.040319+00:00
10736,KOS,Kosmos Energy Ltd.,US,True,2026-05-03 12:13:06.040319+00:00
10737,POET,Poet Technologies Inc.,US,True,2026-05-03 12:13:06.040319+00:00
10738,KRP,"Kimbell Royalty Partners, Lp",US,True,2026-05-03 12:13:06.040319+00:00
10739,APPN,Appian Corp,US,True,2026-05-03 12:13:06.040319+00:00
10740,CET,Central Securities Corp,US,True,2026-05-03 12:13:06.040319+00:00
10741,ALMR,"Alamar Biosciences, Inc.",US,True,2026-05-03 12:13:06.040319+00:00
10742,BCAT,Blackrock Capital Allocation Term Trust,US,True,2026-05-03 12:13:06.040319+00:00
10743,JJSF,J&J Snack Foods Corp,US,True,2026-05-03 12:13:06.040319+00:00
10744,GLP,Global Partners Lp,US,True,2026-05-03 12:13:06.040319+00:00
10745,GAM,General American Investors Co Inc,US,True,2026-05-03 12:13:06.040319+00:00
10746,AGIO,"Agios Pharmaceuticals, Inc.",US,True,2026-05-03 12:13:06.040319+00:00
10747,NRP,Natural Resource Partners Lp,US,True,2026-05-03 12:13:06.040319+00:00
10748,UFPT,Ufp Technologies Inc,US,True,2026-05-03 12:13:06.040319+00:00
10749,ARI,"Apollo Commercial Real Estate Finance, Inc.",US,True,2026-05-03 12:13:06.040319+00:00
10750,BHVN,Biohaven Ltd.,US,True,2026-05-03 12:13:06.040319+00:00
10751,ESBA,"Empire State Realty Op, L.P.",US,True,2026-05-03 12:13:06.040319+00:00
10752,TROX,Tronox Holdings Plc,US,True,2026-05-03 12:13:06.040319+00:00
10753,KARO,Karooooo Ltd.,US,True,2026-05-03 12:13:06.040319+00:00
10754,ECVT,Ecovyst Inc.,US,True,2026-05-03 12:13:06.040319+00:00
10755,IOVA,"Iovance Biotherapeutics, Inc.",US,True,2026-05-03 12:13:06.040319+00:00
10756,RCAT,"Red Cat Holdings, Inc.",US,True,2026-05-03 12:13:06.040319+00:00
10757,HBNB,Hotel101 Global Holdings Corp.,US,True,2026-05-03 12:13:06.040319+00:00
10758,LPG,Dorian Lpg Ltd.,US,True,2026-05-03 12:13:06.040319+00:00
10759,PRLB,Proto Labs Inc,US,True,2026-05-03 12:13:06.040319+00:00
10760,WWW,Wolverine World Wide Inc /De/,US,True,2026-05-03 12:13:06.040319+00:00
10761,QCRH,Qcr Holdings Inc,US,True,2026-05-03 12:13:06.040319+00:00
10762,DFIN,"Donnelley Financial Solutions, Inc.",US,True,2026-05-03 12:13:06.040319+00:00
10763,BY,"Byline Bancorp, Inc.",US,True,2026-05-03 12:13:06.040319+00:00
10764,KW,"Kennedy-Wilson Holdings, Inc.",US,True,2026-05-03 12:13:06.040319+00:00
10765,XZO,"Exzeo Group, Inc.",US,True,2026-05-03 12:13:06.040319+00:00
10766,INOD,Innodata Inc,US,True,2026-05-03 12:13:06.040319+00:00
10767,BCAX,Bicara Therapeutics Inc.,US,True,2026-05-03 12:13:06.040319+00:00
10768,ASAN,"Asana, Inc.",US,True,2026-05-03 12:13:06.040319+00:00
10769,LZB,La-Z-Boy Inc,US,True,2026-05-03 12:13:06.040319+00:00
10770,IMCR,Immunocore Holdings Plc,US,True,2026-05-03 12:13:06.040319+00:00
10771,IMTX,Immatics N.V.,US,True,2026-05-03 12:13:06.040319+00:00
10772,INSP,"Inspire Medical Systems, Inc.",US,True,2026-05-03 12:13:06.040319+00:00
10773,NBTX,Nanobiotix S.A.,US,True,2026-05-03 12:13:06.040319+00:00
10774,GBX,Greenbrier Companies Inc,US,True,2026-05-03 12:13:06.040319+00:00
10775,SBH,"Sally Beauty Holdings, Inc.",US,True,2026-05-03 12:13:06.040319+00:00
10776,VIA,"Via Transportation, Inc.",US,True,2026-05-03 12:13:06.040319+00:00
10777,IIPR,Innovative Industrial Properties Inc,US,True,2026-05-03 12:13:06.040319+00:00
10778,TUYA,Tuya Inc.,US,True,2026-05-03 12:13:06.040319+00:00
10779,APC,Arko Petroleum Corp.,US,True,2026-05-03 12:13:06.040319+00:00
10780,REX,Rex American Resources Corp,US,True,2026-05-03 12:13:06.040319+00:00
10781,MAN,Manpowergroup Inc.,US,True,2026-05-03 12:13:06.040319+00:00
10782,BRAI,Braiin Ltd,US,True,2026-05-03 12:13:06.040319+00:00
10783,PGNY,"Progyny, Inc.",US,True,2026-05-03 12:13:06.040319+00:00
10784,VRDN,"Viridian Therapeutics, Inc.\De",US,True,2026-05-03 12:13:06.040319+00:00
10785,MNSKY,Moneysupermarket.Com Group Plc/Adr,US,True,2026-05-03 12:13:06.040319+00:00
10786,HROW,"Harrow, Inc.",US,True,2026-05-03 12:13:06.040319+00:00
10787,PENG,"Penguin Solutions, Inc.",US,True,2026-05-03 12:13:06.040319+00:00
10788,GLIBA,"Gci Liberty, Inc.",US,True,2026-05-03 12:13:06.040319+00:00
10789,BTT,Blackrock Municipal 2030 Target Term Trust,US,True,2026-05-03 12:13:06.040319+00:00
10790,ARDX,"Ardelyx, Inc.",US,True,2026-05-03 12:13:06.040319+00:00
10791,SBET,"Sharplink, Inc.",US,True,2026-05-03 12:13:06.040319+00:00
10792,WINA,Winmark Corp,US,True,2026-05-03 12:13:06.040319+00:00
10793,OLMA,"Olema Pharmaceuticals, Inc.",US,True,2026-05-03 12:13:06.040319+00:00
10794,BAK,Braskem Sa,US,True,2026-05-03 12:13:06.040319+00:00
10795,UPWK,"Upwork, Inc",US,True,2026-05-03 12:13:06.040319+00:00
10796,UAMY,United States Antimony Corp,US,True,2026-05-03 12:13:06.040319+00:00
10797,ECAT,Blackrock Esg Capital Allocation Term Trust,US,True,2026-05-03 12:13:06.040319+00:00
10798,RBCAA,Republic Bancorp Inc /Ky/,US,True,2026-05-03 12:13:06.040319+00:00
10799,BKSY,Blacksky Technology Inc.,US,True,2026-05-03 12:13:06.040319+00:00
10800,CRI,Carters Inc,US,True,2026-05-03 12:13:06.040319+00:00
10801,CRVS,"Corvus Pharmaceuticals, Inc.",US,True,2026-05-03 12:13:06.040319+00:00
10802,LAR,Lithium Argentina Ag,US,True,2026-05-03 12:13:06.040319+00:00
10803,SFL,Sfl Corp Ltd.,US,True,2026-05-03 12:13:06.040319+00:00
10804,CSWC,Capital Southwest Corp,US,True,2026-05-03 12:13:06.040319+00:00
10805,QQQX,Nuveen Nasdaq 100 Dynamic Overwrite Fund,US,True,2026-05-03 12:13:06.040319+00:00
10806,BST,Blackrock Science & Technology Trust,US,True,2026-05-03 12:13:06.040319+00:00
10807,DFH,"Dream Finders Homes, Inc.",US,True,2026-05-03 12:13:06.040319+00:00
10808,AFYA,Afya Ltd,US,True,2026-05-03 12:13:06.040319+00:00
10809,TE,T1 Energy Inc.,US,True,2026-05-03 12:13:06.040319+00:00
10810,TNC,Tennant Co,US,True,2026-05-03 12:13:06.040319+00:00
10811,ENVX,Enovix Corp,US,True,2026-05-03 12:13:06.040319+00:00
10812,MUX,Mcewen Inc.,US,True,2026-05-03 12:13:06.040319+00:00
10813,AMRC,"Ameresco, Inc.",US,True,2026-05-03 12:13:06.040319+00:00
10814,DOLE,Dole Plc,US,True,2026-05-03 12:13:06.040319+00:00
10815,CNOB,"Connectone Bancorp, Inc.",US,True,2026-05-03 12:13:06.040319+00:00
10816,HYT,"Blackrock Corporate High Yield Fund, Inc.",US,True,2026-05-03 12:13:06.040319+00:00
10817,PGEN,"Precigen, Inc.",US,True,2026-05-03 12:13:06.040319+00:00
10818,ADTN,"Adtran Holdings, Inc.",US,True,2026-05-03 12:13:06.040319+00:00
10819,TRS,Trimas Corp,US,True,2026-05-03 12:13:06.040319+00:00
10820,OBK,"Origin Bancorp, Inc.",US,True,2026-05-03 12:13:06.040319+00:00
10821,AVAH,"Aveanna Healthcare Holdings, Inc.",US,True,2026-05-03 12:13:06.040319+00:00
10822,DCH,Dauch Corp,US,True,2026-05-03 12:13:06.040319+00:00
10823,PRCT,Procept Biorobotics Corp,US,True,2026-05-03 12:13:06.040319+00:00
10824,NVCR,Novocure Ltd,US,True,2026-05-03 12:13:06.040319+00:00
10825,ARDT,"Ardent Health, Inc.",US,True,2026-05-03 12:13:06.040319+00:00
10826,RUM,Rumble Inc.,US,True,2026-05-03 12:13:06.040319+00:00
10827,BFLY,"Butterfly Network, Inc.",US,True,2026-05-03 12:13:06.040319+00:00
10828,ATRC,"Atricure, Inc.",US,True,2026-05-03 12:13:06.040319+00:00
10829,ORC,"Orchid Island Capital, Inc.",US,True,2026-05-03 12:13:06.040319+00:00
10830,NVAX,Novavax Inc,US,True,2026-05-03 12:13:06.040319+00:00
10831,WVE,Wave Life Sciences Ltd.,US,True,2026-05-03 12:13:06.040319+00:00
10832,HLX,Helix Energy Solutions Group Inc,US,True,2026-05-03 12:13:06.040319+00:00
10833,REAL,"Therealreal, Inc.",US,True,2026-05-03 12:13:06.040319+00:00
10834,LOMA,Loma Negra Compania Industrial Argentina Sociedad Anonima,US,True,2026-05-03 12:13:06.040319+00:00
10835,DLX,Deluxe Corp,US,True,2026-05-03 12:13:06.040319+00:00
10836,TNDM,Tandem Diabetes Care Inc,US,True,2026-05-03 12:13:06.040319+00:00
10837,OLPX,"Olaplex Holdings, Inc.",US,True,2026-05-03 12:13:06.040319+00:00
10838,VTOL,Bristow Group Inc.,US,True,2026-05-03 12:13:06.040319+00:00
10839,AVBP,"Arrivent Biopharma, Inc.",US,True,2026-05-03 12:13:06.040319+00:00
10840,ENOV,Enovis Corp,US,True,2026-05-03 12:13:06.040319+00:00
10841,CBL,Cbl & Associates Properties Inc,US,True,2026-05-03 12:13:06.040319+00:00
10842,TPB,"Turning Point Brands, Inc.",US,True,2026-05-03 12:13:06.040319+00:00
10843,NXRT,"Nexpoint Residential Trust, Inc.",US,True,2026-05-03 12:13:06.040319+00:00
10844,FOR,Forestar Group Inc.,US,True,2026-05-03 12:13:06.040319+00:00
10845,DMLP,"Dorchester Minerals, L.P.",US,True,2026-05-03 12:13:06.040319+00:00
10846,HCSG,Healthcare Services Group Inc,US,True,2026-05-03 12:13:06.040319+00:00
10847,SVV,"Savers Value Village, Inc.",US,True,2026-05-03 12:13:06.040319+00:00
10848,WEN,Wendy'S Co,US,True,2026-05-03 12:13:06.040319+00:00
10849,KMTS,"Kestra Medical Technologies, Ltd.",US,True,2026-05-03 12:13:06.040319+00:00
10850,ENR,"Energizer Holdings, Inc.",US,True,2026-05-03 12:13:06.040319+00:00
10851,IAUX,I-80 Gold Corp.,US,True,2026-05-03 12:13:06.040319+00:00
10852,MRVI,"Maravai Lifesciences Holdings, Inc.",US,True,2026-05-03 12:13:06.040319+00:00
10853,DQ,Daqo New Energy Corp.,US,True,2026-05-03 12:13:06.040319+00:00
10854,GILT,Gilat Satellite Networks Ltd,US,True,2026-05-03 12:13:06.040319+00:00
10855,PLTK,Playtika Holding Corp.,US,True,2026-05-03 12:13:06.040319+00:00
10856,ABXXF,Abaxx Technologies Inc.,US,True,2026-05-03 12:13:06.040319+00:00
10857,LSPD,Lightspeed Commerce Inc.,US,True,2026-05-03 12:13:06.040319+00:00
10858,GIII,G Iii Apparel Group Ltd /De/,US,True,2026-05-03 12:13:06.040319+00:00
10859,UAN,"Cvr Partners, Lp",US,True,2026-05-03 12:13:06.040319+00:00
10860,TCNNF,Trulieve Cannabis Corp.,US,True,2026-05-03 12:13:06.040319+00:00
10861,GSL,"Global Ship Lease, Inc.",US,True,2026-05-03 12:13:06.040319+00:00
10862,VSTS,Vestis Corp,US,True,2026-05-03 12:13:06.040319+00:00
10863,UMH,"Umh Properties, Inc.",US,True,2026-05-03 12:13:06.040319+00:00
10864,EBCRY,Embracer Group Ab/Adr,US,True,2026-05-03 12:13:06.040319+00:00
10865,AI,"C3.Ai, Inc.",US,True,2026-05-03 12:13:06.040319+00:00
10866,NVGS,Navigator Holdings Ltd.,US,True,2026-05-03 12:13:06.040319+00:00
10867,PSEC,Prospect Capital Corp,US,True,2026-05-03 12:13:06.040319+00:00
10868,AZULQ,Azul Sa,US,True,2026-05-03 12:13:06.040319+00:00
10869,ELVR,Elevra Lithium Ltd,US,True,2026-05-03 12:13:06.040319+00:00
10870,TRIN,Trinity Capital Inc.,US,True,2026-05-03 12:13:06.040319+00:00
10871,VMET,Versamet Royalties Corp,US,True,2026-05-03 12:13:06.040319+00:00
10872,WKC,World Kinect Corp,US,True,2026-05-03 12:13:06.040319+00:00
10873,ABTC,American Bitcoin Corp.,US,True,2026-05-03 12:13:06.040319+00:00
10874,ASTE,Astec Industries Inc,US,True,2026-05-03 12:13:06.040319+00:00
10875,TRIP,"Tripadvisor, Inc.",US,True,2026-05-03 12:13:06.040319+00:00
10876,RYZ,Ryerson Holding Corp,US,True,2026-05-03 12:13:06.040319+00:00
10877,WLFC,Willis Lease Finance Corp,US,True,2026-05-03 12:13:06.040319+00:00
10878,EDN,Edenor,US,True,2026-05-03 12:13:06.040319+00:00
10879,CRML,Critical Metals Corp.,US,True,2026-05-03 12:13:06.040319+00:00
10880,IDT,Idt Corp,US,True,2026-05-03 12:13:06.040319+00:00
10881,LADR,Ladder Capital Corp,US,True,2026-05-03 12:13:06.040319+00:00
10882,MSDL,Morgan Stanley Direct Lending Fund,US,True,2026-05-03 12:13:06.040319+00:00
10883,CXM,"Sprinklr, Inc.",US,True,2026-05-03 12:13:06.040319+00:00
10884,NFJ,"Virtus Dividend, Interest & Premium Strategy Fund",US,True,2026-05-03 12:13:06.040319+00:00
10885,GIC,Global Industrial Co,US,True,2026-05-03 12:13:06.040319+00:00
10886,WABC,Westamerica Bancorporation,US,True,2026-05-03 12:13:06.040319+00:00
10887,UVV,Universal Corp /Va/,US,True,2026-05-03 12:13:06.040319+00:00
10888,AMAL,Amalgamated Financial Corp.,US,True,2026-05-03 12:13:06.040319+00:00
10889,ALX,Alexanders Inc,US,True,2026-05-03 12:13:06.040319+00:00
10890,GOLD,"Gold.Com, Inc.",US,True,2026-05-03 12:13:06.040319+00:00
10891,RKGRY,Renk Group Ag/Adr,US,True,2026-05-03 12:13:06.040319+00:00
10892,PRG,"Prog Holdings, Inc.",US,True,2026-05-03 12:13:06.040319+00:00
10893,GHRS,Gh Research Plc,US,True,2026-05-03 12:13:06.040319+00:00
10894,LINC,Lincoln Educational Services Corp,US,True,2026-05-03 12:13:06.040319+00:00
10895,KODK,Eastman Kodak Co,US,True,2026-05-03 12:13:06.040319+00:00
10896,MAZE,"Maze Therapeutics, Inc.",US,True,2026-05-03 12:13:06.040319+00:00
10897,ZBIO,"Zenas Biopharma, Inc.",US,True,2026-05-03 12:13:06.040319+00:00
10898,IQ,"Iqiyi, Inc.",US,True,2026-05-03 12:13:06.040319+00:00
10899,PRA,Proassurance Corp,US,True,2026-05-03 12:13:06.040319+00:00
10900,CCEC,Capital Clean Energy Carriers Corp.,US,True,2026-05-03 12:13:06.040319+00:00
10901,XPEL,"Xpel, Inc.",US,True,2026-05-03 12:13:06.040319+00:00
10902,DAO,"Youdao, Inc.",US,True,2026-05-03 12:13:06.040319+00:00
10903,WBI,Waterbridge Infrastructure Llc,US,True,2026-05-03 12:13:06.040319+00:00
10904,DSL,Doubleline Income Solutions Fund,US,True,2026-05-03 12:13:06.040319+00:00
10905,BTGO,"Bitgo Holdings, Inc.",US,True,2026-05-03 12:13:06.040319+00:00
10906,PRGS,Progress Software Corp /Ma,US,True,2026-05-03 12:13:06.040319+00:00
10907,ICFI,"Icf International, Inc.",US,True,2026-05-03 12:13:06.040319+00:00
10908,HSLV,Highlander Silver Corp.,US,True,2026-05-03 12:13:06.040319+00:00
10909,IRS,Irsa Investments & Representations Inc,US,True,2026-05-03 12:13:06.040319+00:00
10910,FIVN,"Five9, Inc.",US,True,2026-05-03 12:13:06.040319+00:00
10911,SPH,Suburban Propane Partners Lp,US,True,2026-05-03 12:13:06.040319+00:00
10912,CDRE,"Cadre Holdings, Inc.",US,True,2026-05-03 12:13:06.040319+00:00
10913,ASA,Asa Gold & Precious Metals Ltd,US,True,2026-05-03 12:13:06.040319+00:00
10914,CLOV,"Clover Health Investments, Corp. /De",US,True,2026-05-03 12:13:06.040319+00:00
10915,MPLT,"Maplight Therapeutics, Inc.",US,True,2026-05-03 12:13:06.040319+00:00
10916,CMPS,Compass Pathways Plc,US,True,2026-05-03 12:13:06.040319+00:00
10917,CCB,Coastal Financial Corp,US,True,2026-05-03 12:13:06.040319+00:00
10918,DSGR,"Distribution Solutions Group, Inc.",US,True,2026-05-03 12:13:06.040319+00:00
10919,NNE,Nano Nuclear Energy Inc.,US,True,2026-05-03 12:13:06.040319+00:00
10920,PZZA,Papa Johns International Inc,US,True,2026-05-03 12:13:06.040319+00:00
10921,MLTX,Moonlake Immunotherapeutics,US,True,2026-05-03 12:13:06.040319+00:00
10922,STAA,Staar Surgical Co,US,True,2026-05-03 12:13:06.040319+00:00
10923,NAT,Nordic American Tankers Ltd,US,True,2026-05-03 12:13:06.040319+00:00
10924,PEBO,Peoples Bancorp Inc,US,True,2026-05-03 12:13:06.040319+00:00
10925,TIGR,Up Fintech Holding Ltd,US,True,2026-05-03 12:13:06.040319+00:00
10926,DEA,"Easterly Government Properties, Inc.",US,True,2026-05-03 12:13:06.040319+00:00
10927,RLJ,Rlj Lodging Trust,US,True,2026-05-03 12:13:06.040319+00:00
10928,LUCK,Lucky Strike Entertainment Corp,US,True,2026-05-03 12:13:06.040319+00:00
10929,INBX,"Inhibrx Biosciences, Inc.",US,True,2026-05-03 12:13:06.040319+00:00
10930,NMZ,Nuveen Municipal High Income Opportunity Fund,US,True,2026-05-03 12:13:06.040319+00:00
10931,LUXE,Luxexperience B.V.,US,True,2026-05-03 12:13:06.040319+00:00
10932,OPY,Oppenheimer Holdings Inc,US,True,2026-05-03 12:13:06.040319+00:00
10933,URGN,Urogen Pharma Ltd.,US,True,2026-05-03 12:13:06.040319+00:00
10934,LIND,"Lindblad Expeditions Holdings, Inc.",US,True,2026-05-03 12:13:06.040319+00:00
10935,NSP,"Insperity, Inc.",US,True,2026-05-03 12:13:06.040319+00:00
10936,NBR,Nabors Industries Ltd,US,True,2026-05-03 12:13:06.040319+00:00
10937,AZTA,"Azenta, Inc.",US,True,2026-05-03 12:13:06.040319+00:00
10938,HLIT,Harmonic Inc.,US,True,2026-05-03 12:13:06.040319+00:00
10939,TRUP,"Trupanion, Inc.",US,True,2026-05-03 12:13:06.040319+00:00
10940,TTI,Tetra Technologies Inc,US,True,2026-05-03 12:13:06.040319+00:00
10941,PHAR,Pharming Group N.V.,US,True,2026-05-03 12:13:06.040319+00:00
10942,PCT,"Purecycle Technologies, Inc.",US,True,2026-05-03 12:13:06.040319+00:00
10943,NPKI,Npk International Inc.,US,True,2026-05-03 12:13:06.040319+00:00
10944,MRTN,Marten Transport Ltd,US,True,2026-05-03 12:13:06.040319+00:00
10945,JFR,Nuveen Floating Rate Income Fund,US,True,2026-05-03 12:13:06.040319+00:00
10946,ABCL,Abcellera Biologics Inc.,US,True,2026-05-03 12:13:06.040319+00:00
10947,TMP,Tompkins Financial Corp,US,True,2026-05-03 12:13:06.040319+00:00
10948,GENI,Genius Sports Ltd,US,True,2026-05-03 12:13:06.040319+00:00
10949,ALNT,Allient Inc,US,True,2026-05-03 12:13:06.040319+00:00
10950,WOLF,"Wolfspeed, Inc.",US,True,2026-05-03 12:13:06.040319+00:00
10951,NNNN,Anbio Biotechnology,US,True,2026-05-03 12:13:06.040319+00:00
10952,RHLD,"Resolute Holdings Management, Inc.",US,True,2026-05-03 12:13:06.040319+00:00
10953,MLKN,"Millerknoll, Inc.",US,True,2026-05-03 12:13:06.040319+00:00
10954,ORIC,"Oric Pharmaceuticals, Inc.",US,True,2026-05-03 12:13:06.040319+00:00
10955,EVLV,"Evolv Technologies Holdings, Inc.",US,True,2026-05-03 12:13:06.040319+00:00
10956,CCO,"Clear Channel Outdoor Holdings, Inc.",US,True,2026-05-03 12:13:06.040319+00:00
10957,SFDMY,Shanghai Fudan Microelectronics Co Limited/Adr/,US,True,2026-05-03 12:13:06.040319+00:00
10958,ASM,Avino Silver & Gold Mines Ltd,US,True,2026-05-03 12:13:06.040319+00:00
10959,CNMD,Conmed Corp,US,True,2026-05-03 12:13:06.040319+00:00
10960,CTBI,Community Trust Bancorp Inc /Ky/,US,True,2026-05-03 12:13:06.040319+00:00
10961,DBVT,Dbv Technologies S.A.,US,True,2026-05-03 12:13:06.040319+00:00
10962,PGY,Pagaya Technologies Ltd.,US,True,2026-05-03 12:13:06.040319+00:00
10963,SBGI,"Sinclair, Inc.",US,True,2026-05-03 12:13:06.040319+00:00
10964,EYPT,"Eyepoint, Inc.",US,True,2026-05-03 12:13:06.040319+00:00
10965,CCOI,"Cogent Communications Holdings, Inc.",US,True,2026-05-03 12:13:06.040319+00:00
10966,GOOS,Canada Goose Holdings Inc.,US,True,2026-05-03 12:13:06.040319+00:00
10967,ELE,Elemental Royalty Corp,US,True,2026-05-03 12:13:06.040319+00:00
10968,ACDC,Profrac Holding Corp.,US,True,2026-05-03 12:13:06.040319+00:00
10969,BFS,"Saul Centers, Inc.",US,True,2026-05-03 12:13:06.040319+00:00
10970,EOS,Eaton Vance Enhanced Equity Income Fund Ii,US,True,2026-05-03 12:13:06.040319+00:00
10971,SVMB,"Jingbo Technology, Inc.",US,True,2026-05-03 12:13:06.040319+00:00
10972,VZLA,Vizsla Silver Corp.,US,True,2026-05-03 12:13:06.040319+00:00
10973,AGBK,Agi Inc,US,True,2026-05-03 12:13:06.040319+00:00
10974,CSR,Centerspace,US,True,2026-05-03 12:13:06.040319+00:00
10975,RDWR,Radware Ltd,US,True,2026-05-03 12:13:06.040319+00:00
10976,SCL,Stepan Co,US,True,2026-05-03 12:13:06.040319+00:00
10977,LZ,"Legalzoom.Com, Inc.",US,True,2026-05-03 12:13:06.040319+00:00
10978,BV,"Brightview Holdings, Inc.",US,True,2026-05-03 12:13:06.040319+00:00
10979,MBC,"Masterbrand, Inc.",US,True,2026-05-03 12:13:06.040319+00:00
10980,ARRY,"Array Technologies, Inc.",US,True,2026-05-03 12:13:06.040319+00:00
10981,SEPN,"Septerna, Inc.",US,True,2026-05-03 12:13:06.040319+00:00
10982,TEN,Tsakos Energy Navigation Ltd,US,True,2026-05-03 12:13:06.040319+00:00
10983,FINV,Finvolution Group,US,True,2026-05-03 12:13:06.040319+00:00
10984,PRSU,"Pursuit Attractions & Hospitality, Inc.",US,True,2026-05-03 12:13:06.040319+00:00
10985,EVO,Evotec Se,US,True,2026-05-03 12:13:06.040319+00:00
10986,LTGHY,Life Healthcare Group Holdings Limited/Adr,US,True,2026-05-03 12:13:06.040319+00:00
10987,AOSL,Alpha & Omega Semiconductor Ltd,US,True,2026-05-03 12:13:06.040319+00:00
10988,TWO,Two Harbors Investment Corp.,US,True,2026-05-03 12:13:06.040319+00:00
10989,SHLS,"Shoals Technologies Group, Inc.",US,True,2026-05-03 12:13:06.040319+00:00
10990,CRF,Cornerstone Total Return Fund Inc,US,True,2026-05-03 12:13:06.040319+00:00
10991,SMNR,"Semnur Pharmaceuticals, Inc.",US,True,2026-05-03 12:13:06.040319+00:00
10992,AVNS,"Avanos Medical, Inc.",US,True,2026-05-03 12:13:06.040319+00:00
10993,UPBD,"Upbound Group, Inc.",US,True,2026-05-03 12:13:06.040319+00:00
10994,ROCK,"Gibraltar Industries, Inc.",US,True,2026-05-03 12:13:06.040319+00:00
10995,SMPL,Simply Good Foods Co,US,True,2026-05-03 12:13:06.040319+00:00
10996,USPH,U S Physical Therapy Inc /Nv,US,True,2026-05-03 12:13:06.040319+00:00
10997,PFBC,Preferred Bank,US,True,2026-05-03 12:13:06.040319+00:00
10998,IGIC,International General Insurance Holdings Ltd.,US,True,2026-05-03 12:13:06.040319+00:00
10999,WLDN,"Willdan Group, Inc.",US,True,2026-05-03 12:13:06.040319+00:00
11000,FMBH,"First Mid Bancshares, Inc.",US,True,2026-05-03 12:13:06.040319+00:00
11001,IRMD,Iradimed Corp,US,True,2026-05-03 12:13:06.040319+00:00
11002,JBIO,"Jade Biosciences, Inc.",US,True,2026-05-03 12:13:06.040319+00:00
11003,MOVE,"Corvex, Inc.",US,True,2026-05-03 12:13:06.040319+00:00
11004,TRON,Tron Inc.,US,True,2026-05-03 12:13:06.040319+00:00
11005,GPRE,Green Plains Inc.,US,True,2026-05-03 12:13:06.040319+00:00
11006,JCAP,"Jefferson Capital, Inc. / De",US,True,2026-05-03 12:13:06.040319+00:00
11007,ARHS,"Arhaus, Inc.",US,True,2026-05-03 12:13:06.040319+00:00
11008,FPF,First Trust Intermediate Duration Preferred & Income Fund,US,True,2026-05-03 12:13:06.040319+00:00
11009,HQH,Abrdn Healthcare Investors,US,True,2026-05-03 12:13:06.040319+00:00
11010,OSBC,Old Second Bancorp Inc,US,True,2026-05-03 12:13:06.040319+00:00
11011,AKTS,"Aktis Oncology, Inc.",US,True,2026-05-03 12:13:06.040319+00:00
11012,NBXG,Neuberger Next Generation Connectivity Fund Inc.,US,True,2026-05-03 12:13:06.040319+00:00
11013,IVA,Inventiva S.A.,US,True,2026-05-03 12:13:06.040319+00:00
11014,PDS,Precision Drilling Corp,US,True,2026-05-03 12:13:06.040319+00:00
11015,ITRN,Ituran Location & Control Ltd.,US,True,2026-05-03 12:13:06.040319+00:00
11016,LNN,Lindsay Corp,US,True,2026-05-03 12:13:06.040319+00:00
11017,OCSL,Oaktree Specialty Lending Corp,US,True,2026-05-03 12:13:06.040319+00:00
11018,SAFE,Safehold Inc.,US,True,2026-05-03 12:13:06.040319+00:00
11019,SAFT,Safety Insurance Group Inc,US,True,2026-05-03 12:13:06.040319+00:00
11020,HFWA,Heritage Financial Corp /Wa/,US,True,2026-05-03 12:13:06.040319+00:00
11021,MCB,Metropolitan Bank Holding Corp.,US,True,2026-05-03 12:13:06.040319+00:00
11022,CIM,Chimera Investment Corp,US,True,2026-05-03 12:13:06.040319+00:00
11023,APEI,American Public Education Inc,US,True,2026-05-03 12:13:06.040319+00:00
11024,LMB,"Limbach Holdings, Inc.",US,True,2026-05-03 12:13:06.040319+00:00
11025,EVV,Eaton Vance Ltd Duration Income Fund,US,True,2026-05-03 12:13:06.040319+00:00
11026,DEC,Diversified Energy Co,US,True,2026-05-03 12:13:06.040319+00:00
11027,ALVO,Alvotech,US,True,2026-05-03 12:13:06.040319+00:00
11028,TBLA,Taboola.Com Ltd.,US,True,2026-05-03 12:13:06.040319+00:00
11029,YALA,Yalla Group Ltd,US,True,2026-05-03 12:13:06.040319+00:00
11030,NAK,Northern Dynasty Minerals Ltd,US,True,2026-05-03 12:13:06.040319+00:00
11031,GSBD,"Goldman Sachs Bdc, Inc.",US,True,2026-05-03 12:13:06.040319+00:00
11032,FUEMF,Fuerte Metals Corp,US,True,2026-05-03 12:13:06.040319+00:00
11033,QURE,Uniqure N.V.,US,True,2026-05-03 12:13:06.040319+00:00
11034,SBR,Sabine Royalty Trust,US,True,2026-05-03 12:13:06.040319+00:00
11035,TK,Teekay Corp Ltd,US,True,2026-05-03 12:13:06.040319+00:00
11036,MALG,Microalliance Group Inc.,US,True,2026-05-03 12:13:06.040319+00:00
11037,OCFC,Oceanfirst Financial Corp,US,True,2026-05-03 12:13:06.040319+00:00
11038,IPX,Iperionx Ltd,US,True,2026-05-03 12:13:06.040319+00:00
11039,BLFS,Biolife Solutions Inc,US,True,2026-05-03 12:13:06.040319+00:00
11040,TDOC,"Teladoc Health, Inc.",US,True,2026-05-03 12:13:06.040319+00:00
11041,SVRA,Savara Inc,US,True,2026-05-03 12:13:06.040319+00:00
11042,TDAY,"Usa Today Co., Inc.",US,True,2026-05-03 12:13:06.040319+00:00
11043,COLL,"Collegium Pharmaceutical, Inc",US,True,2026-05-03 12:13:06.040319+00:00
11044,EPC,Edgewell Personal Care Co,US,True,2026-05-03 12:13:06.040319+00:00
11045,MFIC,Midcap Financial Investment Corp,US,True,2026-05-03 12:13:06.040319+00:00
11046,PTA,Cohen & Steers Tax-Advantaged Preferred Securities & Income Fund,US,True,2026-05-03 12:13:06.040319+00:00
11047,MMI,"Marcus & Millichap, Inc.",US,True,2026-05-03 12:13:06.040319+00:00
11048,COUR,"Coursera, Inc.",US,True,2026-05-03 12:13:06.040319+00:00
11049,CMP,Compass Minerals International Inc,US,True,2026-05-03 12:13:06.040319+00:00
11050,AIP,"Arteris, Inc.",US,True,2026-05-03 12:13:06.040319+00:00
11051,AOD,Abrdn Total Dynamic Dividend Fund,US,True,2026-05-03 12:13:06.040319+00:00
11052,ASST,"Strive, Inc.",US,True,2026-05-03 12:13:06.040319+00:00
11053,CDNA,"Caredx, Inc.",US,True,2026-05-03 12:13:06.040319+00:00
11054,PCRX,"Pacira Biosciences, Inc.",US,True,2026-05-03 12:13:06.040319+00:00
11055,SIFY,Sify Technologies Ltd,US,True,2026-05-03 12:13:06.040319+00:00
11056,JKS,"Jinkosolar Holding Co., Ltd.",US,True,2026-05-03 12:13:06.040319+00:00
11057,ODV,Osisko Development Corp.,US,True,2026-05-03 12:13:06.040319+00:00
11058,CPPKF,Faraday Copper Corp.,US,True,2026-05-03 12:13:06.040319+00:00
11059,CRON,Cronos Group Inc.,US,True,2026-05-03 12:13:06.040319+00:00
11060,RZLV,Rezolve Ai Plc,US,True,2026-05-03 12:13:06.040319+00:00
11061,LXU,"Lsb Industries, Inc.",US,True,2026-05-03 12:13:06.040319+00:00
11062,PLOW,"Douglas Dynamics, Inc",US,True,2026-05-03 12:13:06.040319+00:00
11063,RERE,Atrenew Inc.,US,True,2026-05-03 12:13:06.040319+00:00
11064,ODC,Oil-Dri Corp Of America,US,True,2026-05-03 12:13:06.040319+00:00
11065,LQDT,Liquidity Services Inc,US,True,2026-05-03 12:13:06.040319+00:00
11066,LGIH,"Lgi Homes, Inc.",US,True,2026-05-03 12:13:06.040319+00:00
11067,EXPI,"Exp World Holdings, Inc.",US,True,2026-05-03 12:13:06.040319+00:00
11068,UVSP,Univest Financial Corp,US,True,2026-05-03 12:13:06.040319+00:00
11069,FSCO,Fs Credit Opportunities Corp.,US,True,2026-05-03 12:13:06.040319+00:00
11070,AEVA,"Aeva Technologies, Inc.",US,True,2026-05-03 12:13:06.040319+00:00
11071,RIOFF,Rio2 Ltd,US,True,2026-05-03 12:13:06.040319+00:00
11072,NEO,Neogenomics Inc,US,True,2026-05-03 12:13:06.040319+00:00
11073,KRNGY,Karoon Gas Australia Ltd /Adr/,US,True,2026-05-03 12:13:06.040319+00:00
11074,PMT,Pennymac Mortgage Investment Trust,US,True,2026-05-03 12:13:06.040319+00:00
11075,PXED,"Phoenix Education Partners, Inc.",US,True,2026-05-03 12:13:06.040319+00:00
11076,SATL,Satellogic Inc.,US,True,2026-05-03 12:13:06.040319+00:00
11077,HEPS,D-Market Electronic Services & Trading,US,True,2026-05-03 12:13:06.040319+00:00
11078,INNV,Innovage Holding Corp.,US,True,2026-05-03 12:13:06.040319+00:00
11079,TYG,Tortoise Energy Infrastructure Corp,US,True,2026-05-03 12:13:06.040319+00:00
11080,CTMX,"Cytomx Therapeutics, Inc.",US,True,2026-05-03 12:13:06.040319+00:00
11081,LIFE,Ethos Technologies Inc.,US,True,2026-05-03 12:13:06.040319+00:00
11082,MFA,"Mfa Financial, Inc.",US,True,2026-05-03 12:13:06.040319+00:00
11083,CRAI,"Cra International, Inc.",US,True,2026-05-03 12:13:06.040319+00:00
11084,MRLN,"Merlin, Inc.",US,True,2026-05-03 12:13:06.040319+00:00
11085,PHAT,"Phathom Pharmaceuticals, Inc.",US,True,2026-05-03 12:13:06.040319+00:00
11086,EVEX,"Eve Holding, Inc.",US,True,2026-05-03 12:13:06.040319+00:00
11087,PBT,Permian Basin Royalty Trust,US,True,2026-05-03 12:13:06.040319+00:00
11088,MUC,"Blackrock Muniholdings California Quality Fund, Inc.",US,True,2026-05-03 12:13:06.040319+00:00
11089,BH-A,Biglari Holdings Inc.,US,True,2026-05-03 12:13:06.040319+00:00
11090,XERS,"Xeris Biopharma Holdings, Inc.",US,True,2026-05-03 12:13:06.040319+00:00
11091,HBT,"Hbt Financial, Inc.",US,True,2026-05-03 12:13:06.040319+00:00
11092,GHM,Graham Corp,US,True,2026-05-03 12:13:06.040319+00:00
11093,EVMN,"Evommune, Inc.",US,True,2026-05-03 12:13:06.040319+00:00
11094,UFCS,United Fire Group Inc,US,True,2026-05-03 12:13:06.040319+00:00
11095,PDM,"Piedmont Realty Trust, Inc.",US,True,2026-05-03 12:13:06.040319+00:00
11096,BBN,Blackrock Taxable Municipal Bond Trust,US,True,2026-05-03 12:13:06.040319+00:00
11097,METC,"Ramaco Resources, Inc.",US,True,2026-05-03 12:13:06.040319+00:00
11098,PNTG,"Pennant Group, Inc.",US,True,2026-05-03 12:13:06.040319+00:00
11099,MOMO,Hello Group Inc.,US,True,2026-05-03 12:13:06.040319+00:00
11100,ETW,Eaton Vance Tax-Managed Global Buy-Write Opportunities Fund,US,True,2026-05-03 12:13:06.040319+00:00
11101,KALV,"Kalvista Pharmaceuticals, Inc.",US,True,2026-05-03 12:13:06.040319+00:00
11102,AMTB,Amerant Bancorp Inc.,US,True,2026-05-03 12:13:06.040319+00:00
11103,RNP,Cohen & Steers Reit & Preferred & Income Fund Inc,US,True,2026-05-03 12:13:06.040319+00:00
11104,GNK,Genco Shipping & Trading Ltd,US,True,2026-05-03 12:13:06.040319+00:00
11105,CFFN,"Capitol Federal Financial, Inc.",US,True,2026-05-03 12:13:06.040319+00:00
11106,BUR,Burford Capital Ltd,US,True,2026-05-03 12:13:06.040319+00:00
11107,CRTO,Criteo S.A.,US,True,2026-05-03 12:13:06.040319+00:00
11108,NABL,"N-Able, Inc.",US,True,2026-05-03 12:13:06.040319+00:00
11109,SANA,"Sana Biotechnology, Inc.",US,True,2026-05-03 12:13:06.040319+00:00
11110,EMO,Clearbridge Energy Midstream Opportunity Fund Inc.,US,True,2026-05-03 12:13:06.040319+00:00
11111,CERT,"Certara, Inc.",US,True,2026-05-03 12:13:06.040319+00:00
11112,WSR,Whitestone Reit,US,True,2026-05-03 12:13:06.040319+00:00
11113,ANNX,"Annexon, Inc.",US,True,2026-05-03 12:13:06.040319+00:00
11114,NBBK,"Nb Bancorp, Inc.",US,True,2026-05-03 12:13:06.040319+00:00
11115,SVC,Service Properties Trust,US,True,2026-05-03 12:13:06.040319+00:00
11116,MSEX,Middlesex Water Co,US,True,2026-05-03 12:13:06.040319+00:00
11117,AMC,"Amc Entertainment Holdings, Inc.",US,True,2026-05-03 12:13:06.040319+00:00
11118,CRCT,"Cricut, Inc.",US,True,2026-05-03 12:13:06.040319+00:00
11119,VYX,Ncr Voyix Corp,US,True,2026-05-03 12:13:06.040319+00:00
11120,XRN,Chiron Real Estate Inc.,US,True,2026-05-03 12:13:06.040319+00:00
11121,NPK,National Presto Industries Inc,US,True,2026-05-03 12:13:06.040319+00:00
11122,CHY,Calamos Convertible & High Income Fund,US,True,2026-05-03 12:13:06.040319+00:00
11123,SBSI,Southside Bancshares Inc,US,True,2026-05-03 12:13:06.040319+00:00
11124,OXLC,Oxford Lane Capital Corp.,US,True,2026-05-03 12:13:06.040319+00:00
11125,ULCC,"Frontier Group Holdings, Inc.",US,True,2026-05-03 12:13:06.040319+00:00
11126,EAI,"Entergy Arkansas, Llc",US,True,2026-05-03 12:13:06.040319+00:00
11127,BHRB,Burke & Herbert Financial Services Corp.,US,True,2026-05-03 12:13:06.040319+00:00
11128,BTZ,Blackrock Credit Allocation Income Trust,US,True,2026-05-03 12:13:06.040319+00:00
11129,TBN,Tamboran Resources Corp,US,True,2026-05-03 12:13:06.040319+00:00
11130,SCHL,Scholastic Corp,US,True,2026-05-03 12:13:06.040319+00:00
11131,NEWP,New Pacific Metals Corp,US,True,2026-05-03 12:13:06.040319+00:00
11132,ACEL,"Accel Entertainment, Inc.",US,True,2026-05-03 12:13:06.040319+00:00
11133,FTRE,Fortrea Holdings Inc.,US,True,2026-05-03 12:13:06.040319+00:00
11134,ESQ,"Esquire Financial Holdings, Inc.",US,True,2026-05-03 12:13:06.040319+00:00
11135,GERN,Geron Corp,US,True,2026-05-03 12:13:06.040319+00:00
11136,AMPH,"Amphastar Pharmaceuticals, Inc.",US,True,2026-05-03 12:13:06.040319+00:00
11137,CII,"Blackrock Enhanced Large Cap Core Fund, Inc.",US,True,2026-05-03 12:13:06.040319+00:00
11138,JBGS,Jbg Smith Properties,US,True,2026-05-03 12:13:06.040319+00:00
11139,KBDC,"Kayne Anderson Bdc, Inc.",US,True,2026-05-03 12:13:06.040319+00:00
11140,RJET,Republic Airways Holdings Inc.,US,True,2026-05-03 12:13:06.040319+00:00
11141,UVE,"Universal Insurance Holdings, Inc.",US,True,2026-05-03 12:13:06.040319+00:00
11142,OMER,Omeros Corp,US,True,2026-05-03 12:13:06.040319+00:00
11143,CHI,Calamos Convertible Opportunities & Income Fund,US,True,2026-05-03 12:13:06.040319+00:00
11144,SDGR,"Schrodinger, Inc.",US,True,2026-05-03 12:13:06.040319+00:00
11145,WGO,Winnebago Industries Inc,US,True,2026-05-03 12:13:06.040319+00:00
11146,SNCY,"Sun Country Airlines Holdings, Inc.",US,True,2026-05-03 12:13:06.040319+00:00
11147,CMPX,"Compass Therapeutics, Inc.",US,True,2026-05-03 12:13:06.040319+00:00
11148,JBSS,Sanfilippo John B & Son Inc,US,True,2026-05-03 12:13:06.040319+00:00
11149,MGTX,Meiragtx Holdings Plc,US,True,2026-05-03 12:13:06.040319+00:00
11150,EQBK,Equity Bancshares Inc,US,True,2026-05-03 12:13:06.040319+00:00
11151,JANX,"Janux Therapeutics, Inc.",US,True,2026-05-03 12:13:06.040319+00:00
11152,NMAX,Newsmax Inc.,US,True,2026-05-03 12:13:06.040319+00:00
11153,NX,Quanex Building Products Corp,US,True,2026-05-03 12:13:06.040319+00:00
11154,JMIA,Jumia Technologies Ag,US,True,2026-05-03 12:13:06.040319+00:00
11155,AMPL,"Amplitude, Inc.",US,True,2026-05-03 12:13:06.040319+00:00
11156,OPK,"Opko Health, Inc.",US,True,2026-05-03 12:13:06.040319+00:00
11157,AVO,"Mission Produce, Inc.",US,True,2026-05-03 12:13:06.040319+00:00
11158,SHEN,Shenandoah Telecommunications Co/Va/,US,True,2026-05-03 12:13:06.040319+00:00
11159,BRELY,Brazilian Rare Earths Limited/Adr,US,True,2026-05-03 12:13:06.040319+00:00
11160,XIFR,"Xplr Infrastructure, Lp",US,True,2026-05-03 12:13:06.040319+00:00
11161,BLDP,Ballard Power Systems Inc.,US,True,2026-05-03 12:13:06.040319+00:00
11162,DAKT,Daktronics Inc /Sd/,US,True,2026-05-03 12:13:06.040319+00:00
11163,UTL,Unitil Corp,US,True,2026-05-03 12:13:06.040319+00:00
11164,CPAC,Cementos Pacasmayo Saa,US,True,2026-05-03 12:13:06.040319+00:00
11165,SUPV,Grupo Supervielle S.A.,US,True,2026-05-03 12:13:06.040319+00:00
11166,BFST,"Business First Bancshares, Inc.",US,True,2026-05-03 12:13:06.040319+00:00
11167,XNCR,Xencor Inc,US,True,2026-05-03 12:13:06.040319+00:00
11168,VRTS,"Virtus Investment Partners, Inc.",US,True,2026-05-03 12:13:06.040319+00:00
11169,BCX,Blackrock Resources & Commodities Strategy Trust,US,True,2026-05-03 12:13:06.040319+00:00
11170,BBDC,"Barings Bdc, Inc.",US,True,2026-05-03 12:13:06.040319+00:00
11171,SSII,"Ss Innovations International, Inc.",US,True,2026-05-03 12:13:06.040319+00:00
11172,INMD,Inmode Ltd.,US,True,2026-05-03 12:13:06.040319+00:00
11173,PDX,Pimco Dynamic Income Strategy Fund,US,True,2026-05-03 12:13:06.040319+00:00
11174,ABX,"Abacus Global Management, Inc.",US,True,2026-05-03 12:13:06.040319+00:00
11175,LOT,Lotus Technology Inc.,US,True,2026-05-03 12:13:06.040319+00:00
11176,CPF,Central Pacific Financial Corp,US,True,2026-05-03 12:13:06.040319+00:00
11177,HTLD,Heartland Express Inc,US,True,2026-05-03 12:13:06.040319+00:00
11178,RMIX,"Suncrete, Inc.",US,True,2026-05-03 12:13:06.040319+00:00
11179,LBRX,Lb Pharmaceuticals Inc,US,True,2026-05-03 12:13:06.040319+00:00
11180,NRK,Nuveen New York Amt-Free Quality Municipal Income Fund,US,True,2026-05-03 12:13:06.040319+00:00
11181,LDI,"Loandepot, Inc.",US,True,2026-05-03 12:13:06.040319+00:00
11182,MCBS,"Metrocity Bankshares, Inc.",US,True,2026-05-03 12:13:06.040319+00:00
11183,AEBI,Aebi Schmidt Holding Ag,US,True,2026-05-03 12:13:06.040319+00:00
11184,HBNC,Horizon Bancorp Inc /In/,US,True,2026-05-03 12:13:06.040319+00:00
11185,SLS,"Sellas Life Sciences Group, Inc.",US,True,2026-05-03 12:13:06.040319+00:00
11186,SLI,Standard Lithium Ltd.,US,True,2026-05-03 12:13:06.040319+00:00
11187,BMEZ,Blackrock Health Sciences Term Trust,US,True,2026-05-03 12:13:06.040319+00:00
11188,VLRS,"Controladora Vuela Compania De Aviacion, S.A.B. De C.V.",US,True,2026-05-03 12:13:06.040319+00:00
11189,AWF,Alliancebernstein Global High Income Fund Inc,US,True,2026-05-03 12:13:06.040319+00:00
11190,ANRO,"Alto Neuroscience, Inc.",US,True,2026-05-03 12:13:06.040319+00:00
11191,LMRI,"Lumexa Imaging Holdings, Inc.",US,True,2026-05-03 12:13:06.040319+00:00
11192,SENEB,Seneca Foods Corp,US,True,2026-05-03 12:13:06.040319+00:00
11193,ACVA,Acv Auctions Inc.,US,True,2026-05-03 12:13:06.040319+00:00
11194,ODD,Oddity Tech Ltd,US,True,2026-05-03 12:13:06.040319+00:00
11195,MBWM,Mercantile Bank Corp,US,True,2026-05-03 12:13:06.040319+00:00
11196,CODI,Compass Diversified Holdings,US,True,2026-05-03 12:13:06.040319+00:00
11197,HMH,Hmh Holding Inc,US,True,2026-05-03 12:13:06.040319+00:00
11198,CCNE,Cnb Financial Corp/Pa,US,True,2026-05-03 12:13:06.040319+00:00
11199,SCSC,"Scansource, Inc.",US,True,2026-05-03 12:13:06.040319+00:00
11200,PCN,Pimco Corporate & Income Strategy Fund,US,True,2026-05-03 12:13:06.040319+00:00
11201,THRM,Gentherm Inc,US,True,2026-05-03 12:13:06.040319+00:00
11202,NEGG,"Newegg Commerce, Inc.",US,True,2026-05-03 12:13:06.040319+00:00
11203,HTD,John Hancock Tax-Advantaged Dividend Income Fund,US,True,2026-05-03 12:13:06.040319+00:00
11204,NB,Niocorp Developments Ltd,US,True,2026-05-03 12:13:06.040319+00:00
11205,ABUS,Arbutus Biopharma Corp,US,True,2026-05-03 12:13:06.040319+00:00
11206,BTX,Blackrock Technology & Private Equity Term Trust,US,True,2026-05-03 12:13:06.040319+00:00
11207,TALK,"Talkspace, Inc.",US,True,2026-05-03 12:13:06.040319+00:00
11208,BIOA,"Bioage Labs, Inc.",US,True,2026-05-03 12:13:06.040319+00:00
11209,PFLT,Pennantpark Floating Rate Capital Ltd.,US,True,2026-05-03 12:13:06.040319+00:00
11210,BCSF,"Bain Capital Specialty Finance, Inc.",US,True,2026-05-03 12:13:06.040319+00:00
11211,HDL,Super Hi International Holding Ltd.,US,True,2026-05-03 12:13:06.040319+00:00
11212,FSBC,Five Star Bancorp,US,True,2026-05-03 12:13:06.040319+00:00
11213,CGEM,"Cullinan Therapeutics, Inc.",US,True,2026-05-03 12:13:06.040319+00:00
11214,IBTA,"Ibotta, Inc.",US,True,2026-05-03 12:13:06.040319+00:00
11215,GSM,Ferroglobe Plc,US,True,2026-05-03 12:13:06.040319+00:00
11216,TBPH,"Theravance Biopharma, Inc.",US,True,2026-05-03 12:13:06.040319+00:00
11217,DRUG,Bright Minds Biosciences Inc.,US,True,2026-05-03 12:13:06.040319+00:00
11218,PRCH,"Porch Group, Inc.",US,True,2026-05-03 12:13:06.040319+00:00
11219,NAVI,Navient Corp,US,True,2026-05-03 12:13:06.040319+00:00
11220,SLRC,Slr Investment Corp.,US,True,2026-05-03 12:13:06.040319+00:00
11221,CGBD,"Carlyle Secured Lending, Inc.",US,True,2026-05-03 12:13:06.040319+00:00
11222,RPC,"Ridgepost Capital, Inc.",US,True,2026-05-03 12:13:06.040319+00:00
11223,FMCB,Farmers & Merchants Bancorp,US,True,2026-05-03 12:13:06.040319+00:00
11224,ANL,Adlai Nortye Ltd.,US,True,2026-05-03 12:13:06.040319+00:00
11225,WOOF,"Petco Health & Wellness Company, Inc.",US,True,2026-05-03 12:13:06.040319+00:00
11226,MATW,Matthews International Corp,US,True,2026-05-03 12:13:06.040319+00:00
11227,MPB,Mid Penn Bancorp Inc,US,True,2026-05-03 12:13:06.040319+00:00
11228,PHK,Pimco High Income Fund,US,True,2026-05-03 12:13:06.040319+00:00
11229,SMP,"Standard Motor Products, Inc.",US,True,2026-05-03 12:13:06.040319+00:00
11230,OMDA,"Omada Health, Inc.",US,True,2026-05-03 12:13:06.040319+00:00
11231,KURA,"Kura Oncology, Inc.",US,True,2026-05-03 12:13:06.040319+00:00
11232,GGN,"Gamco Global Gold, Natural Resources & Income Trust",US,True,2026-05-03 12:13:06.040319+00:00
11233,CSIQ,Canadian Solar Inc.,US,True,2026-05-03 12:13:06.040319+00:00
11234,ROOT,"Root, Inc.",US,True,2026-05-03 12:13:06.040319+00:00
11235,CAZGF,Catapult Group International Ltd,US,True,2026-05-03 12:13:06.040319+00:00
11236,EGBN,Eagle Bancorp Inc,US,True,2026-05-03 12:13:06.040319+00:00
11237,MNKD,Mannkind Corp,US,True,2026-05-03 12:13:06.040319+00:00
11238,CAC,Camden National Corp,US,True,2026-05-03 12:13:06.040319+00:00
11239,HRTG,"Heritage Insurance Holdings, Inc.",US,True,2026-05-03 12:13:06.040319+00:00
11240,NMFC,New Mountain Finance Corp,US,True,2026-05-03 12:13:06.040319+00:00
11241,AIO,Virtus Artificial Intelligence & Technology Opportunities Fund,US,True,2026-05-03 12:13:06.040319+00:00
11242,ATEX,Anterix Inc.,US,True,2026-05-03 12:13:06.040319+00:00
11243,NOAH,Noah Holdings Ltd,US,True,2026-05-03 12:13:06.040319+00:00
11244,HAFC,Hanmi Financial Corp,US,True,2026-05-03 12:13:06.040319+00:00
11245,MQY,"Blackrock Muniyield Quality Fund, Inc.",US,True,2026-05-03 12:13:06.040319+00:00
11246,FCBC,First Community Bankshares Inc /Va/,US,True,2026-05-03 12:13:06.040319+00:00
11247,TRST,Trustco Bank Corp N Y,US,True,2026-05-03 12:13:06.040319+00:00
11248,IART,Integra Lifesciences Holdings Corp,US,True,2026-05-03 12:13:06.040319+00:00
11249,QDEL,Quidelortho Corp,US,True,2026-05-03 12:13:06.040319+00:00
11250,DSGN,"Design Therapeutics, Inc.",US,True,2026-05-03 12:13:06.040319+00:00
11251,PRAA,Pra Group Inc,US,True,2026-05-03 12:13:06.040319+00:00
11252,LPTH,Lightpath Technologies Inc,US,True,2026-05-03 12:13:06.040319+00:00
11253,EIG,"Employers Holdings, Inc.",US,True,2026-05-03 12:13:06.040319+00:00
11254,SGP,"Spyglass Pharma, Inc.",US,True,2026-05-03 12:13:06.040319+00:00
11255,SKYH,Sky Harbour Group Corp,US,True,2026-05-03 12:13:06.040319+00:00
11256,STK,"Columbia Seligman Premium Technology Growth Fund, Inc.",US,True,2026-05-03 12:13:06.040319+00:00
11257,CRESY,Cresud Inc,US,True,2026-05-03 12:13:06.040319+00:00
11258,EOI,Eaton Vance Enhanced Equity Income Fund,US,True,2026-05-03 12:13:06.040319+00:00
11259,FMNB,Farmers National Banc Corp /Oh/,US,True,2026-05-03 12:13:06.040319+00:00
11260,YB,Yuanbao Inc.,US,True,2026-05-03 12:13:06.040319+00:00
11261,GROY,Gold Royalty Corp.,US,True,2026-05-03 12:13:06.040319+00:00
11262,CAPL,Crossamerica Partners Lp,US,True,2026-05-03 12:13:06.040319+00:00
11263,AMN,Amn Healthcare Services Inc,US,True,2026-05-03 12:13:06.040319+00:00
11264,TLRY,"Tilray Brands, Inc.",US,True,2026-05-03 12:13:06.040319+00:00
11265,SLDB,Solid Biosciences Inc.,US,True,2026-05-03 12:13:06.040319+00:00
11266,BJRI,Bjs Restaurants Inc,US,True,2026-05-03 12:13:06.040319+00:00
11267,ALLO,"Allogene Therapeutics, Inc.",US,True,2026-05-03 12:13:06.040319+00:00
11268,MYE,Myers Industries Inc,US,True,2026-05-03 12:13:06.040319+00:00
11269,SG,"Sweetgreen, Inc.",US,True,2026-05-03 12:13:06.040319+00:00
11270,SLDP,"Solid Power, Inc.",US,True,2026-05-03 12:13:06.040319+00:00
11271,CTLP,"Cantaloupe, Inc.",US,True,2026-05-03 12:13:06.040319+00:00
11272,CCBG,Capital City Bank Group Inc,US,True,2026-05-03 12:13:06.040319+00:00
11273,GDRX,"Goodrx Holdings, Inc.",US,True,2026-05-03 12:13:06.040319+00:00
11274,OBE,Obsidian Energy Ltd.,US,True,2026-05-03 12:13:06.040319+00:00
11275,CBLL,"Ceribell, Inc.",US,True,2026-05-03 12:13:06.040319+00:00
11276,TMCR,Metals Royalty Co Inc.,US,True,2026-05-03 12:13:06.040319+00:00
11277,WLKP,Westlake Chemical Partners Lp,US,True,2026-05-03 12:13:06.040319+00:00
11278,MEGI,Nyli Cbre Global Infrastructure Megatrends Term Fund,US,True,2026-05-03 12:13:06.040319+00:00
11279,CVLG,"Covenant Logistics Group, Inc.",US,True,2026-05-03 12:13:06.040319+00:00
11280,BOW,Bowhead Specialty Holdings Inc.,US,True,2026-05-03 12:13:06.040319+00:00
11281,SCZM,Santacruz Silver Mining Ltd.,US,True,2026-05-03 12:13:06.040319+00:00
11282,THFF,First Financial Corp /In/,US,True,2026-05-03 12:13:06.040319+00:00
11283,FWRG,"First Watch Restaurant Group, Inc.",US,True,2026-05-03 12:13:06.040319+00:00
11284,NWPX,"Nwpx Infrastructure, Inc.",US,True,2026-05-03 12:13:06.040319+00:00
11285,PKST,Peakstone Realty Trust,US,True,2026-05-03 12:13:06.040319+00:00
11286,SPRY,"Ars Pharmaceuticals, Inc.",US,True,2026-05-03 12:13:06.040319+00:00
11287,EH,Ehang Holdings Ltd,US,True,2026-05-03 12:13:06.040319+00:00
11288,CLB,Core Laboratories Inc. /De/,US,True,2026-05-03 12:13:06.040319+00:00
11289,BBSI,Barrett Business Services Inc,US,True,2026-05-03 12:13:06.040319+00:00
11290,GO,Grocery Outlet Holding Corp.,US,True,2026-05-03 12:13:06.040319+00:00
11291,LXRX,"Lexicon Pharmaceuticals, Inc.",US,True,2026-05-03 12:13:06.040319+00:00
11292,FFC,Flaherty & Crumrine Preferred & Income Securities Fund Inc,US,True,2026-05-03 12:13:06.040319+00:00
11293,SABR,Sabre Corp,US,True,2026-05-03 12:13:06.040319+00:00
11294,MTUS,Metallus Inc.,US,True,2026-05-03 12:13:06.040319+00:00
11295,DC,Dakota Gold Corp.,US,True,2026-05-03 12:13:06.040319+00:00
11296,BETR,Better Home & Finance Holding Co,US,True,2026-05-03 12:13:06.040319+00:00
11297,STKL,Sunopta Inc.,US,True,2026-05-03 12:13:06.040319+00:00
11298,OILSF,Saturn Oil & Gas Inc.,US,True,2026-05-03 12:13:06.040319+00:00
11299,APOG,"Apogee Enterprises, Inc.",US,True,2026-05-03 12:13:06.040319+00:00
11300,CSV,Carriage Services Inc,US,True,2026-05-03 12:13:06.040319+00:00
11301,BRSP,"Brightspire Capital, Inc.",US,True,2026-05-03 12:13:06.040319+00:00
11302,ASGI,Abrdn Global Infrastructure Income Fund,US,True,2026-05-03 12:13:06.040319+00:00
11303,JBI,"Janus International Group, Inc.",US,True,2026-05-03 12:13:06.040319+00:00
11304,HPK,"Highpeak Energy, Inc.",US,True,2026-05-03 12:13:06.040319+00:00
11305,HBIA,Hills Bancorporation,US,True,2026-05-03 12:13:06.040319+00:00
11306,NIKA,"Nika Pharmaceuticals, Inc",US,True,2026-05-03 12:13:06.040319+00:00
11307,NFGC,New Found Gold Corp.,US,True,2026-05-03 12:13:06.040319+00:00
11308,TRNS,Transcat Inc,US,True,2026-05-03 12:13:06.040319+00:00
11309,KRO,Kronos Worldwide Inc,US,True,2026-05-03 12:13:06.040319+00:00
11310,TMQ,Trilogy Metals Inc.,US,True,2026-05-03 12:13:06.040319+00:00
11311,LYTS,Lsi Industries Inc,US,True,2026-05-03 12:13:06.040319+00:00
11312,VEL,"Velocity Financial, Inc.",US,True,2026-05-03 12:13:06.040319+00:00
11313,VTS,"Vitesse Energy, Inc.",US,True,2026-05-03 12:13:06.040319+00:00
11314,BAND,Bandwidth Inc.,US,True,2026-05-03 12:13:06.040319+00:00
11315,GYRE,"Gyre Therapeutics, Inc.",US,True,2026-05-03 12:13:06.040319+00:00
11316,FPH,"Five Point Holdings, Llc",US,True,2026-05-03 12:13:06.040319+00:00
11317,REPX,"Riley Exploration Permian, Inc.",US,True,2026-05-03 12:13:06.040319+00:00
11318,THQ,Abrdn Healthcare Opportunities Fund,US,True,2026-05-03 12:13:06.040319+00:00
11319,HTB,"Hometrust Bancshares, Inc.",US,True,2026-05-03 12:13:06.040319+00:00
11320,VTEX,Vtex,US,True,2026-05-03 12:13:06.040319+00:00
11321,NTGR,"Netgear, Inc.",US,True,2026-05-03 12:13:06.040319+00:00
11322,IMSR,Terrestrial Energy Inc. /De/,US,True,2026-05-03 12:13:06.040319+00:00
11323,NUTX,Nutex Health Inc.,US,True,2026-05-03 12:13:06.040319+00:00
11324,BBOT,"Bridgebio Oncology Therapeutics, Inc.",US,True,2026-05-03 12:13:06.040319+00:00
11325,DBA,Invesco Db Agriculture Fund,US,True,2026-05-03 12:13:06.040319+00:00
11326,RLMD,"Relmada Therapeutics, Inc.",US,True,2026-05-03 12:13:06.040319+00:00
11327,AMBQ,"Ambiq Micro, Inc.",US,True,2026-05-03 12:13:06.040319+00:00
11328,CBIO,"Crescent Biopharma, Inc.",US,True,2026-05-03 12:13:06.040319+00:00
11329,SSYS,Stratasys Ltd.,US,True,2026-05-03 12:13:06.040319+00:00
11330,HNRG,Hallador Energy Co,US,True,2026-05-03 12:13:06.040319+00:00
11331,GDEN,"Golden Entertainment, Inc.",US,True,2026-05-03 12:13:06.040319+00:00
11332,QNST,"Quinstreet, Inc",US,True,2026-05-03 12:13:06.040319+00:00
11333,CSTL,Castle Biosciences Inc,US,True,2026-05-03 12:13:06.040319+00:00
11334,WRLD,World Acceptance Corp,US,True,2026-05-03 12:13:06.040319+00:00
11335,MEG,"Montrose Environmental Group, Inc.",US,True,2026-05-03 12:13:06.040319+00:00
11336,NXP,Nuveen Select Tax Free Income Portfolio,US,True,2026-05-03 12:13:06.040319+00:00
11337,MNTN,"Mntn, Inc.",US,True,2026-05-03 12:13:06.040319+00:00
11338,VOR,Vor Biopharma Inc.,US,True,2026-05-03 12:13:06.040319+00:00
11339,ORRF,Orrstown Financial Services Inc,US,True,2026-05-03 12:13:06.040319+00:00
11340,GFR,Greenfire Resources Ltd.,US,True,2026-05-03 12:13:06.040319+00:00
11341,PSTL,"Postal Realty Trust, Inc.",US,True,2026-05-03 12:13:06.040319+00:00
11342,VINP,Vinci Compass Investments Ltd.,US,True,2026-05-03 12:13:06.040319+00:00
11343,HIPO,Hippo Holdings Inc.,US,True,2026-05-03 12:13:06.040319+00:00
11344,UDMY,"Udemy, Inc.",US,True,2026-05-03 12:13:06.040319+00:00
11345,FOXF,Fox Factory Holding Corp,US,True,2026-05-03 12:13:06.040319+00:00
11346,GMTL,Guardian Metal Resources Plc,US,True,2026-05-03 12:13:06.040319+00:00
11347,SERV,Serve Robotics Inc. /De/,US,True,2026-05-03 12:13:06.040319+00:00
11348,IVR,Invesco Mortgage Capital Inc.,US,True,2026-05-03 12:13:06.040319+00:00
11349,KOP,Koppers Holdings Inc.,US,True,2026-05-03 12:13:06.040319+00:00
11350,CGNT,Cognyte Software Ltd.,US,True,2026-05-03 12:13:06.040319+00:00
11351,UMAC,"Unusual Machines, Inc.",US,True,2026-05-03 12:13:06.040319+00:00
11352,SMBC,"Southern Missouri Bancorp, Inc.",US,True,2026-05-03 12:13:06.040319+00:00
11353,OPFI,Oppfi Inc.,US,True,2026-05-03 12:13:06.040319+00:00
11354,ARKO,Arko Corp.,US,True,2026-05-03 12:13:06.040319+00:00
11355,NRDS,"Nerdwallet, Inc.",US,True,2026-05-03 12:13:06.040319+00:00
11356,GSBC,"Great Southern Bancorp, Inc.",US,True,2026-05-03 12:13:06.040319+00:00
11357,CDNL,Cardinal Infrastructure Group Inc.,US,True,2026-05-03 12:13:06.040319+00:00
11358,FWRD,Forward Air Corp,US,True,2026-05-03 12:13:06.040319+00:00
11359,MYI,"Blackrock Muniyield Quality Fund Iii, Inc.",US,True,2026-05-03 12:13:06.040319+00:00
11360,KRUS,"Kura Sushi Usa, Inc.",US,True,2026-05-03 12:13:06.040319+00:00
11361,DJCO,Daily Journal Corp,US,True,2026-05-03 12:13:06.040319+00:00
11362,KRNT,Kornit Digital Ltd.,US,True,2026-05-03 12:13:06.040319+00:00
11363,GLASF,Glass House Brands Inc.,US,True,2026-05-03 12:13:06.040319+00:00
11364,BIT,Blackrock Multi-Sector Income Trust,US,True,2026-05-03 12:13:06.040319+00:00
11365,WDI,Western Asset Diversified Income Fund (Wdi),US,True,2026-05-03 12:13:06.040319+00:00
11366,VPG,"Vishay Precision Group, Inc.",US,True,2026-05-03 12:13:06.040319+00:00
11367,RWT,Redwood Trust Inc,US,True,2026-05-03 12:13:06.040319+00:00
11368,SPIR,"Spire Global, Inc.",US,True,2026-05-03 12:13:06.040319+00:00
11369,ADSE,Ads-Tec Energy Public Ltd Co,US,True,2026-05-03 12:13:06.040319+00:00
11370,HOV,Hovnanian Enterprises Inc,US,True,2026-05-03 12:13:06.040319+00:00
11371,PEO,"Adams Natural Resources Fund, Inc.",US,True,2026-05-03 12:13:06.040319+00:00
11372,RA,Brookfield Real Assets Income Fund Inc.,US,True,2026-05-03 12:13:06.040319+00:00
11373,IGR,Cbre Global Real Estate Income Fund,US,True,2026-05-03 12:13:06.040319+00:00
11374,ISOU,Isoenergy Ltd.,US,True,2026-05-03 12:13:06.040319+00:00
11375,INDI,"Indie Semiconductor, Inc.",US,True,2026-05-03 12:13:06.040319+00:00
11376,JQC,Nuveen Credit Strategies Income Fund,US,True,2026-05-03 12:13:06.040319+00:00
11377,SPFI,"South Plains Financial, Inc.",US,True,2026-05-03 12:13:06.040319+00:00
11378,GTN,"Gray Media, Inc",US,True,2026-05-03 12:13:06.040319+00:00
11379,NCDL,Nuveen Churchill Direct Lending Corp.,US,True,2026-05-03 12:13:06.040319+00:00
11380,ADAM,"Adamas Trust, Inc.",US,True,2026-05-03 12:13:06.040319+00:00
11381,THSGF,Thesis Gold Inc.,US,True,2026-05-03 12:13:06.040319+00:00
11382,NIE,Virtus Equity & Convertible Income Fund,US,True,2026-05-03 12:13:06.040319+00:00
11383,FDUS,Fidus Investment Corp,US,True,2026-05-03 12:13:06.040319+00:00
11384,RMT,"Royce Micro-Cap Trust, Inc.",US,True,2026-05-03 12:13:06.040319+00:00
11385,EHAB,"Enhabit, Inc.",US,True,2026-05-03 12:13:06.040319+00:00
11386,TBLD,Thornburg Income Builder Opportunities Trust,US,True,2026-05-03 12:13:06.040319+00:00
11387,FBRT,"Franklin Bsp Realty Trust, Inc.",US,True,2026-05-03 12:13:06.040319+00:00
11388,PKE,Park Aerospace Corp,US,True,2026-05-03 12:13:06.040319+00:00
11389,PURR,Hyperliquid Strategies Inc,US,True,2026-05-03 12:13:06.040319+00:00
11390,SMBK,Smartfinancial Inc.,US,True,2026-05-03 12:13:06.040319+00:00
11391,SPPP,Sprott Physical Platinum & Palladium Trust,US,True,2026-05-03 12:13:06.040319+00:00
11392,SWIM,"Latham Group, Inc.",US,True,2026-05-03 12:13:06.040319+00:00
11393,CRSR,"Corsair Gaming, Inc.",US,True,2026-05-03 12:13:06.040319+00:00
11394,DRTS,Alpha Tau Medical Ltd.,US,True,2026-05-03 12:13:06.040319+00:00
11395,OXM,Oxford Industries Inc,US,True,2026-05-03 12:13:06.040319+00:00
11396,RBTK,Zhen Ding Resources Inc.,US,True,2026-05-03 12:13:06.040319+00:00
11397,NRGV,"Energy Vault Holdings, Inc.",US,True,2026-05-03 12:13:06.040319+00:00
11398,PAXS,Pimco Access Income Fund,US,True,2026-05-03 12:13:06.040319+00:00
11399,MITK,Mitek Systems Inc,US,True,2026-05-03 12:13:06.040319+00:00
11400,PGC,Peapack Gladstone Financial Corp,US,True,2026-05-03 12:13:06.040319+00:00
11401,IIIV,"I3 Verticals, Inc.",US,True,2026-05-03 12:13:06.040319+00:00
11402,IBCP,Independent Bank Corp /Mi/,US,True,2026-05-03 12:13:06.040319+00:00
11403,PRME,"Prime Medicine, Inc.",US,True,2026-05-03 12:13:06.040319+00:00
11404,DLY,Doubleline Yield Opportunities Fund,US,True,2026-05-03 12:13:06.040319+00:00
11405,PFN,Pimco Income Strategy Fund Ii,US,True,2026-05-03 12:13:06.040319+00:00
11406,NMG,Nouveau Monde Graphite Inc.,US,True,2026-05-03 12:13:06.040319+00:00
11407,DNUT,"Krispy Kreme, Inc.",US,True,2026-05-03 12:13:06.040319+00:00
11408,HY,"Hyster-Yale, Inc.",US,True,2026-05-03 12:13:06.040319+00:00
11409,STRW,"Strawberry Fields Reit, Inc.",US,True,2026-05-03 12:13:06.040319+00:00
11410,CEVA,Ceva Inc,US,True,2026-05-03 12:13:06.040319+00:00
11411,BWMX,"Betterware De Mexico, S.A.P.I. De C.V",US,True,2026-05-03 12:13:06.040319+00:00
11412,GDOT,Green Dot Corp,US,True,2026-05-03 12:13:06.040319+00:00
11413,HUYA,Huya Inc.,US,True,2026-05-03 12:13:06.040319+00:00
11414,RSKD,Riskified Ltd.,US,True,2026-05-03 12:13:06.040319+00:00
11415,ARVN,"Arvinas, Inc.",US,True,2026-05-03 12:13:06.040319+00:00
11416,CTGO,Contango Silver & Gold Inc.,US,True,2026-05-03 12:13:06.040319+00:00
11417,GRPN,"Groupon, Inc.",US,True,2026-05-03 12:13:06.040319+00:00
11418,IDR,"Idaho Strategic Resources, Inc.",US,True,2026-05-03 12:13:06.040319+00:00
11419,DSP,Viant Technology Inc.,US,True,2026-05-03 12:13:06.040319+00:00
11420,TCBX,"Third Coast Bancshares, Inc.",US,True,2026-05-03 12:13:06.040319+00:00
11421,MAKO,Mako Mining Corp.,US,True,2026-05-03 12:13:06.040319+00:00
11422,BMBL,Bumble Inc.,US,True,2026-05-03 12:13:06.040319+00:00
11423,FBYD,"Falcon'S Beyond Global, Inc.",US,True,2026-05-03 12:13:06.040319+00:00
11424,CBRL,"Cracker Barrel Old Country Store, Inc",US,True,2026-05-03 12:13:06.040319+00:00
11425,URG,Ur-Energy Inc,US,True,2026-05-03 12:13:06.040319+00:00
11426,ACP,Abrdn Income Credit Strategies Fund,US,True,2026-05-03 12:13:06.040319+00:00
11427,CCD,Calamos Dynamic Convertible & Income Fund,US,True,2026-05-03 12:13:06.040319+00:00
11428,FISI,Financial Institutions Inc,US,True,2026-05-03 12:13:06.040319+00:00
11429,KE,"Kimball Electronics, Inc.",US,True,2026-05-03 12:13:06.040319+00:00
11430,RGR,Sturm Ruger & Co Inc,US,True,2026-05-03 12:13:06.040319+00:00
11431,GRNT,"Granite Ridge Resources, Inc.",US,True,2026-05-03 12:13:06.040319+00:00
11432,BHK,Blackrock Core Bond Trust,US,True,2026-05-03 12:13:06.040319+00:00
11433,THM,International Tower Hill Mines Ltd,US,True,2026-05-03 12:13:06.040319+00:00
11434,UTZ,"Utz Brands, Inc.",US,True,2026-05-03 12:13:06.040319+00:00
11435,TREE,"Lendingtree, Inc.",US,True,2026-05-03 12:13:06.040319+00:00
11436,RVI,Robinhood Ventures Fund I,US,True,2026-05-03 12:13:06.040319+00:00
11437,SB,"Safe Bulkers, Inc.",US,True,2026-05-03 12:13:06.040319+00:00
11438,EVGO,Evgo Inc.,US,True,2026-05-03 12:13:06.040319+00:00
11439,CNNE,"Cannae Holdings, Inc.",US,True,2026-05-03 12:13:06.040319+00:00
11440,AXG,"Solowin Holdings, Ltd.",US,True,2026-05-03 12:13:06.040319+00:00
11441,IRWD,Ironwood Pharmaceuticals Inc,US,True,2026-05-03 12:13:06.040319+00:00
11442,VIVK,"Vivakor, Inc.",US,True,2026-05-03 12:13:06.040319+00:00
11443,SWBI,"Smith & Wesson Brands, Inc.",US,True,2026-05-03 12:13:06.040319+00:00
11444,BUI,"Blackrock Utilities, Infrastructure & Power Opportunities Trust",US,True,2026-05-03 12:13:06.040319+00:00
11445,TASK,"Taskus, Inc.",US,True,2026-05-03 12:13:06.040319+00:00
11446,LAES,Sealsq Corp,US,True,2026-05-03 12:13:06.040319+00:00
11447,HZO,Marinemax Inc,US,True,2026-05-03 12:13:06.040319+00:00
11448,BZH,Beazer Homes Usa Inc,US,True,2026-05-03 12:13:06.040319+00:00
11449,TXO,"Txo Partners, L.P.",US,True,2026-05-03 12:13:06.040319+00:00
11450,GCMG,Gcm Grosvenor Inc.,US,True,2026-05-03 12:13:06.040319+00:00
11451,RSVR,"Reservoir Media, Inc.",US,True,2026-05-03 12:13:06.040319+00:00
11452,TRTX,"Tpg Re Finance Trust, Inc.",US,True,2026-05-03 12:13:06.040319+00:00
11453,PSNL,"Personalis, Inc.",US,True,2026-05-03 12:13:06.040319+00:00
11454,CWBC,Community West Bancshares,US,True,2026-05-03 12:13:06.040319+00:00
11455,ALPIB,Alpine Banks Of Colorado,US,True,2026-05-03 12:13:06.040319+00:00
11456,FET,"Forum Energy Technologies, Inc.",US,True,2026-05-03 12:13:06.040319+00:00
11457,BOE,Blackrock Enhanced Global Dividend Trust,US,True,2026-05-03 12:13:06.040319+00:00
11458,TIPT,Tiptree Inc.,US,True,2026-05-03 12:13:06.040319+00:00
11459,BVS,Bioventus Inc.,US,True,2026-05-03 12:13:06.040319+00:00
11460,DGICA,Donegal Group Inc,US,True,2026-05-03 12:13:06.040319+00:00
11461,FIP,Ftai Infrastructure Inc.,US,True,2026-05-03 12:13:06.040319+00:00
11462,GAU,Galiano Gold Inc.,US,True,2026-05-03 12:13:06.040319+00:00
11463,ALRS,Alerus Financial Corp,US,True,2026-05-03 12:13:06.040319+00:00
11464,ALSAF,Alpha Star Acquisition Corp,US,True,2026-05-03 12:13:06.040319+00:00
11465,HSHP,Himalaya Shipping Ltd.,US,True,2026-05-03 12:13:06.040319+00:00
11466,MOV,Movado Group Inc,US,True,2026-05-03 12:13:06.040319+00:00
11467,CARS,Cars.Com Inc.,US,True,2026-05-03 12:13:06.040319+00:00
11468,FBRX,"Forte Biosciences, Inc.",US,True,2026-05-03 12:13:06.040319+00:00
11469,PDT,John Hancock Premium Dividend Fund,US,True,2026-05-03 12:13:06.040319+00:00
11470,SVA,Sinovac Biotech Ltd,US,True,2026-05-03 12:13:06.040319+00:00
11471,ETON,"Eton Pharmaceuticals, Inc.",US,True,2026-05-03 12:13:06.040319+00:00
11472,MUJ,"Blackrock Muniholdings New Jersey Quality Fund, Inc.",US,True,2026-05-03 12:13:06.040319+00:00
11473,SSTK,"Shutterstock, Inc.",US,True,2026-05-03 12:13:06.040319+00:00
11474,AMWD,American Woodmark Corp,US,True,2026-05-03 12:13:06.040319+00:00
11475,DXYZ,Destiny Tech100 Inc.,US,True,2026-05-03 12:13:06.040319+00:00
11476,ASPI,Asp Isotopes Inc.,US,True,2026-05-03 12:13:06.040319+00:00
11477,CLYM,"Climb Bio, Inc.",US,True,2026-05-03 12:13:06.040319+00:00
11478,NPB,Northpointe Bancshares Inc,US,True,2026-05-03 12:13:06.040319+00:00
11479,CTO,"Cto Realty Growth, Inc.",US,True,2026-05-03 12:13:06.040319+00:00
11480,NKX,Nuveen California Amt-Free Quality Municipal Income Fund,US,True,2026-05-03 12:13:06.040319+00:00
11481,DMII,Drugs Made In America Acquisition Ii Corp.,US,True,2026-05-03 12:13:06.040319+00:00
11482,SHBI,Shore Bancshares Inc,US,True,2026-05-03 12:13:06.040319+00:00
11483,EIKN,"Eikon Therapeutics, Inc.",US,True,2026-05-03 12:13:06.040319+00:00
11484,OFRM,"Once Upon A Farm, Pbc",US,True,2026-05-03 12:13:06.040319+00:00
11485,SHAZ,Sharonai Holdings Inc.,US,True,2026-05-03 12:13:06.040319+00:00
11486,NGVC,"Natural Grocers By Vitamin Cottage, Inc.",US,True,2026-05-03 12:13:06.040319+00:00
11487,BMM,Blue Moon Metals Inc.,US,True,2026-05-03 12:13:06.040319+00:00
11488,IHRT,"Iheartmedia, Inc.",US,True,2026-05-03 12:13:06.040319+00:00
11489,PROK,Prokidney Corp.,US,True,2026-05-03 12:13:06.040319+00:00
11490,MTA,Metalla Royalty & Streaming Ltd.,US,True,2026-05-03 12:13:06.040319+00:00
11491,ASC,Ardmore Shipping Corp,US,True,2026-05-03 12:13:06.040319+00:00
11492,MTC,"Mmtec, Inc.",US,True,2026-05-03 12:13:06.040319+00:00
11493,AMRQF,Amaroq Ltd.,US,True,2026-05-03 12:13:06.040319+00:00
11494,VLGEA,Village Super Market Inc,US,True,2026-05-03 12:13:06.040319+00:00
11495,AMSF,Amerisafe Inc,US,True,2026-05-03 12:13:06.040319+00:00
11496,HIVE,Hive Digital Technologies Ltd.,US,True,2026-05-03 12:13:06.040319+00:00
11497,EMD,Western Asset Emerging Markets Debt Fund Inc.,US,True,2026-05-03 12:13:06.040319+00:00
11498,HSTM,Healthstream Inc,US,True,2026-05-03 12:13:06.040319+00:00
11499,ULH,"Universal Logistics Holdings, Inc.",US,True,2026-05-03 12:13:06.040319+00:00
11500,GLRE,"Greenlight Capital Re, Ltd.",US,True,2026-05-03 12:13:06.040319+00:00
11501,GOGO,Gogo Inc.,US,True,2026-05-03 12:13:06.040319+00:00
11502,AHRT,"Ah Realty Trust, Inc.",US,True,2026-05-03 12:13:06.040319+00:00
11503,CASS,Cass Information Systems Inc,US,True,2026-05-03 12:13:06.040319+00:00
11504,FAX,"Abrdn Asia-Pacific Income Fund, Inc.",US,True,2026-05-03 12:13:06.040319+00:00
11505,MVST,"Microvast Holdings, Inc.",US,True,2026-05-03 12:13:06.040319+00:00
11506,OIS,"Oil States International, Inc",US,True,2026-05-03 12:13:06.040319+00:00
11507,RYAM,Rayonier Advanced Materials Inc.,US,True,2026-05-03 12:13:06.040319+00:00
11508,NDMO,Nuveen Dynamic Municipal Opportunities Fund,US,True,2026-05-03 12:13:06.040319+00:00
11509,DSU,"Blackrock Debt Strategies Fund, Inc.",US,True,2026-05-03 12:13:06.040319+00:00
11510,EGY,Vaalco Energy Inc /De/,US,True,2026-05-03 12:13:06.040319+00:00
11511,MHD,"Blackrock Muniholdings Fund, Inc.",US,True,2026-05-03 12:13:06.040319+00:00
11512,WRN,Western Copper & Gold Corp,US,True,2026-05-03 12:13:06.040319+00:00
11513,RRBI,Red River Bancshares Inc,US,True,2026-05-03 12:13:06.040319+00:00
11514,WDH,Waterdrop Inc.,US,True,2026-05-03 12:13:06.040319+00:00
11515,CINT,Ci&T Inc,US,True,2026-05-03 12:13:06.040319+00:00
11516,GLOO,"Gloo Holdings, Inc.",US,True,2026-05-03 12:13:06.040319+00:00
11517,ZVRA,"Zevra Therapeutics, Inc.",US,True,2026-05-03 12:13:06.040319+00:00
11518,GOOD,Gladstone Commercial Corp,US,True,2026-05-03 12:13:06.040319+00:00
11519,WYFI,"Whitefiber, Inc.",US,True,2026-05-03 12:13:06.040319+00:00
11520,BWAY,Brainsway Ltd.,US,True,2026-05-03 12:13:06.040319+00:00
11521,UXIN,Uxin Ltd,US,True,2026-05-03 12:13:06.040319+00:00
11522,SIBN,"Si-Bone, Inc.",US,True,2026-05-03 12:13:06.040319+00:00
11523,KFRC,Kforce Inc,US,True,2026-05-03 12:13:06.040319+00:00
11524,ITRG,Integra Resources Corp.,US,True,2026-05-03 12:13:06.040319+00:00
11525,LDP,"Cohen & Steers Ltd Duration Preferred & Income Fund, Inc.",US,True,2026-05-03 12:13:06.040319+00:00
11526,EVER,"Everquote, Inc.",US,True,2026-05-03 12:13:06.040319+00:00
11527,HQ,Horizon Quantum Holdings Ltd.,US,True,2026-05-03 12:13:06.040319+00:00
11528,NXDR,"Nextdoor Holdings, Inc.",US,True,2026-05-03 12:13:06.040319+00:00
11529,QDMI,Qdm International Inc.,US,True,2026-05-03 12:13:06.040319+00:00
11530,QNC,Quantum Emotion Corp,US,True,2026-05-03 12:13:06.040319+00:00
11531,ALOY,Realloys Inc.,US,True,2026-05-03 12:13:06.040319+00:00
11532,ASIX,Advansix Inc.,US,True,2026-05-03 12:13:06.040319+00:00
11533,MRRDF,Meridian Mining Uk Societas,US,True,2026-05-03 12:13:06.040319+00:00
11534,VREOF,Vireo Growth Inc.,US,True,2026-05-03 12:13:06.040319+00:00
11535,PD,"Pagerduty, Inc.",US,True,2026-05-03 12:13:06.040319+00:00
11536,AIV,Apartment Investment & Management Co,US,True,2026-05-03 12:13:06.040319+00:00
11537,MSIF,"Msc Income Fund, Inc.",US,True,2026-05-03 12:13:06.040319+00:00
11538,LGDTF,Liberty Gold Corp. /Can,US,True,2026-05-03 12:13:06.040319+00:00
11539,AROW,Arrow Financial Corp,US,True,2026-05-03 12:13:06.040319+00:00
11540,ABSI,Absci Corp,US,True,2026-05-03 12:13:06.040319+00:00
11541,RIGL,Rigel Pharmaceuticals Inc,US,True,2026-05-03 12:13:06.040319+00:00
11542,NMCO,Nuveen Municipal Credit Opportunities Fund,US,True,2026-05-03 12:13:06.040319+00:00
11543,CTKB,"Cytek Biosciences, Inc.",US,True,2026-05-03 12:13:06.040319+00:00
11544,NLST,Netlist Inc,US,True,2026-05-03 12:13:06.040319+00:00
11545,BCAL,California Bancorp Ca,US,True,2026-05-03 12:13:06.040319+00:00
11546,BCSS,Bain Capital Gss Investment Corp.,US,True,2026-05-03 12:13:06.040319+00:00
11547,EVAC,Eqv Ventures Acquisition Corp. Ii,US,True,2026-05-03 12:13:06.040319+00:00
11548,PHCI,Panamera Holdings Corp,US,True,2026-05-03 12:13:06.040319+00:00
11549,GPRK,Geopark Ltd,US,True,2026-05-03 12:13:06.040319+00:00
11550,VITL,"Vital Farms, Inc.",US,True,2026-05-03 12:13:06.040319+00:00
11551,KYTX,"Kyverna Therapeutics, Inc.",US,True,2026-05-03 12:13:06.040319+00:00
11552,STTK,"Shattuck Labs, Inc.",US,True,2026-05-03 12:13:06.040319+00:00
11553,CEPF,"Cantor Equity Partners Iv, Inc.",US,True,2026-05-03 12:13:06.040319+00:00
11554,DBO,Invesco Db Oil Fund,US,True,2026-05-03 12:13:06.040319+00:00
11555,CRMD,Cormedix Inc.,US,True,2026-05-03 12:13:06.040319+00:00
11556,DDL,Dingdong (Cayman) Ltd,US,True,2026-05-03 12:13:06.040319+00:00
11557,OCGN,"Ocugen, Inc.",US,True,2026-05-03 12:13:06.040319+00:00
11558,ETD,Ethan Allen Interiors Inc,US,True,2026-05-03 12:13:06.040319+00:00
11559,PAR,Par Technology Corp,US,True,2026-05-03 12:13:06.040319+00:00
11560,RDVT,"Red Violet, Inc.",US,True,2026-05-03 12:13:06.040319+00:00
11561,ACIC,American Coastal Insurance Corp,US,True,2026-05-03 12:13:06.040319+00:00
11562,IIM,Invesco Value Municipal Income Trust,US,True,2026-05-03 12:13:06.040319+00:00
11563,BALY,Bally'S Corp,US,True,2026-05-03 12:13:06.040319+00:00
11564,GSKRF,First Nordic Metals Corp.,US,True,2026-05-03 12:13:06.040319+00:00
11565,PRTA,Prothena Corp Public Ltd Co,US,True,2026-05-03 12:13:06.040319+00:00
11566,UHT,Universal Health Realty Income Trust,US,True,2026-05-03 12:13:06.040319+00:00
11567,CCXI,Churchill Capital Corp Xi,US,True,2026-05-03 12:13:06.040319+00:00
11568,VBNK,Versabank,US,True,2026-05-03 12:13:06.040319+00:00
11569,MMU,Western Asset Managed Municipals Fund Inc.,US,True,2026-05-03 12:13:06.040319+00:00
11570,KRT,Karat Packaging Inc.,US,True,2026-05-03 12:13:06.040319+00:00
11571,WASH,Washington Trust Bancorp Inc,US,True,2026-05-03 12:13:06.040319+00:00
11572,ENGN,Engene Therapeutics Inc.,US,True,2026-05-03 12:13:06.040319+00:00
11573,PFIS,Peoples Financial Services Corp.,US,True,2026-05-03 12:13:06.040319+00:00
11574,BHB,Bar Harbor Bankshares,US,True,2026-05-03 12:13:06.040319+00:00
11575,STRO,"Sutro Biopharma, Inc.",US,True,2026-05-03 12:13:06.040319+00:00
11576,MCS,Marcus Corp,US,True,2026-05-03 12:13:06.040319+00:00
11577,NFBK,"Northfield Bancorp, Inc.",US,True,2026-05-03 12:13:06.040319+00:00
11578,PHR,"Phreesia, Inc.",US,True,2026-05-03 12:13:06.040319+00:00
11579,MG,"Mistras Group, Inc.",US,True,2026-05-03 12:13:06.040319+00:00
11580,ALTI,"Alti Global, Inc.",US,True,2026-05-03 12:13:06.040319+00:00
11581,RR,Richtech Robotics Inc.,US,True,2026-05-03 12:13:06.040319+00:00
11582,OWLS,Obook Holdings Inc.,US,True,2026-05-03 12:13:06.040319+00:00
11583,PIII,P3 Health Partners Inc.,US,True,2026-05-03 12:13:06.040319+00:00
11584,TCMD,Tactile Systems Technology Inc,US,True,2026-05-03 12:13:06.040319+00:00
11585,ETJ,Eaton Vance Risk-Managed Diversified Equity Income Fund,US,True,2026-05-03 12:13:06.040319+00:00
11586,MFI,Mf International Ltd,US,True,2026-05-03 12:13:06.040319+00:00
11587,MAMA,"Mama'S Creations, Inc.",US,True,2026-05-03 12:13:06.040319+00:00
11588,MLAB,Mesa Laboratories Inc /Co/,US,True,2026-05-03 12:13:06.040319+00:00
11589,SWRD,"Stewards, Inc.",US,True,2026-05-03 12:13:06.040319+00:00
11590,REAX,Real Brokerage Inc,US,True,2026-05-03 12:13:06.040319+00:00
11591,NML,Neuberger Energy Infrastructure & Income Fund Inc.,US,True,2026-05-03 12:13:06.040319+00:00
11592,LYEL,"Lyell Immunopharma, Inc.",US,True,2026-05-03 12:13:06.040319+00:00
11593,CPS,Cooper-Standard Holdings Inc.,US,True,2026-05-03 12:13:06.040319+00:00
11594,SXC,"Suncoke Energy, Inc.",US,True,2026-05-03 12:13:06.040319+00:00
11595,MAX,"Mediaalpha, Inc.",US,True,2026-05-03 12:13:06.040319+00:00
11596,VGM,Invesco Trust For Investment Grade Municipals,US,True,2026-05-03 12:13:06.040319+00:00
11597,FTK,Flotek Industries Inc/Cn/,US,True,2026-05-03 12:13:06.040319+00:00
11598,AVR,Anteris Technologies Global Corp.,US,True,2026-05-03 12:13:06.040319+00:00
11599,BLMN,"Bloomin' Brands, Inc.",US,True,2026-05-03 12:13:06.040319+00:00
11600,NPCE,Neuropace Inc,US,True,2026-05-03 12:13:06.040319+00:00
11601,ERII,"Energy Recovery, Inc.",US,True,2026-05-03 12:13:06.040319+00:00
11602,TDUP,Thredup Inc.,US,True,2026-05-03 12:13:06.040319+00:00
11603,JOUT,Johnson Outdoors Inc,US,True,2026-05-03 12:13:06.040319+00:00
11604,AVK,Advent Convertible & Income Fund,US,True,2026-05-03 12:13:06.040319+00:00
11605,AEXA,American Exceptionalism Acquisition Corp. A,US,True,2026-05-03 12:13:06.040319+00:00
11606,HQL,Abrdn Life Sciences Investors,US,True,2026-05-03 12:13:06.040319+00:00
11607,HKD,Amtd Digital Inc.,US,True,2026-05-03 12:13:06.040319+00:00
11608,BBNX,"Beta Bionics, Inc.",US,True,2026-05-03 12:13:06.040319+00:00
11609,GUT,Gabelli Utility Trust,US,True,2026-05-03 12:13:06.040319+00:00
11610,CARE,"Carter Bankshares, Inc.",US,True,2026-05-03 12:13:06.040319+00:00
11611,SFIX,"Stitch Fix, Inc.",US,True,2026-05-03 12:13:06.040319+00:00
11612,SD,Sandridge Energy Inc,US,True,2026-05-03 12:13:06.040319+00:00
11613,AGMB,Agomab Therapeutics Nv,US,True,2026-05-03 12:13:06.040319+00:00
11614,EMBC,Embecta Corp.,US,True,2026-05-03 12:13:06.040319+00:00
11615,GDLC,Grayscale Coindesk Crypto 5 Etf,US,True,2026-05-03 12:13:06.040319+00:00
11616,GEMI,"Gemini Space Station, Inc.",US,True,2026-05-03 12:13:06.040319+00:00
11617,FFIC,Flushing Financial Corp,US,True,2026-05-03 12:13:06.040319+00:00
11618,VKQ,Invesco Municipal Trust,US,True,2026-05-03 12:13:06.040319+00:00
11619,FEIM,Frequency Electronics Inc,US,True,2026-05-03 12:13:06.040319+00:00
11620,NRIM,Northrim Bancorp Inc,US,True,2026-05-03 12:13:06.040319+00:00
11621,RBBN,Ribbon Communications Inc.,US,True,2026-05-03 12:13:06.040319+00:00
11622,MLR,Miller Industries Inc /Tn/,US,True,2026-05-03 12:13:06.040319+00:00
11623,CRD-A,Crawford & Co,US,True,2026-05-03 12:13:06.040319+00:00
11624,ARMP,"Armata Pharmaceuticals, Inc.",US,True,2026-05-03 12:13:06.040319+00:00
11625,WEST,Westrock Coffee Co,US,True,2026-05-03 12:13:06.040319+00:00
11626,CYRX,"Cryoport, Inc.",US,True,2026-05-03 12:13:06.040319+00:00
11627,SFST,Southern First Bancshares Inc,US,True,2026-05-03 12:13:06.040319+00:00
11628,CCSI,"Consensus Cloud Solutions, Inc.",US,True,2026-05-03 12:13:06.040319+00:00
11629,BWMN,Bowman Consulting Group Ltd.,US,True,2026-05-03 12:13:06.040319+00:00
11630,MATV,"Mativ Holdings, Inc.",US,True,2026-05-03 12:13:06.040319+00:00
11631,VALN,Valneva Se,US,True,2026-05-03 12:13:06.040319+00:00
11632,ECC,Eagle Point Credit Co Inc.,US,True,2026-05-03 12:13:06.040319+00:00
11633,VSTM,"Verastem, Inc.",US,True,2026-05-03 12:13:06.040319+00:00
11634,SWMR,"Swarmer, Inc",US,True,2026-05-03 12:13:06.040319+00:00
11635,CWCO,Consolidated Water Co. Ltd.,US,True,2026-05-03 12:13:06.040319+00:00
11636,CATX,"Perspective Therapeutics, Inc.",US,True,2026-05-03 12:13:06.040319+00:00
11637,UNTY,Unity Bancorp Inc /Nj/,US,True,2026-05-03 12:13:06.040319+00:00
11638,AQST,"Aquestive Therapeutics, Inc.",US,True,2026-05-03 12:13:06.040319+00:00
11639,DPG,Duff & Phelps Utility & Infrastructure Fund Inc.,US,True,2026-05-03 12:13:06.040319+00:00
11640,OVID,Ovid Therapeutics Inc.,US,True,2026-05-03 12:13:06.040319+00:00
11641,CLNE,Clean Energy Fuels Corp.,US,True,2026-05-03 12:13:06.040319+00:00
11642,WIW,Western Asset Inflation-Linked Opportunities & Income Fund,US,True,2026-05-03 12:13:06.040319+00:00
11643,UROY,Uranium Royalty Corp.,US,True,2026-05-03 12:13:06.040319+00:00
11644,IQI,Invesco Quality Municipal Income Trust,US,True,2026-05-03 12:13:06.040319+00:00
11645,PACB,"Pacific Biosciences Of California, Inc.",US,True,2026-05-03 12:13:06.040319+00:00
11646,MNRO,"Monro, Inc.",US,True,2026-05-03 12:13:06.040319+00:00
11647,FGOVF,Freegold Ventures Ltd,US,True,2026-05-03 12:13:06.040319+00:00
11648,TRC,Tejon Ranch Co,US,True,2026-05-03 12:13:06.040319+00:00
11649,ACNB,Acnb Corp,US,True,2026-05-03 12:13:06.040319+00:00
11650,SCVL,Shoe Carnival Inc,US,True,2026-05-03 12:13:06.040319+00:00
11651,IFN,"Aberdeen India Fund, Inc.",US,True,2026-05-03 12:13:06.040319+00:00
11652,ADCT,Adc Therapeutics Sa,US,True,2026-05-03 12:13:06.040319+00:00
11653,TECX,"Tectonic Therapeutic, Inc.",US,True,2026-05-03 12:13:06.040319+00:00
11654,INN,"Summit Hotel Properties, Inc.",US,True,2026-05-03 12:13:06.040319+00:00
11655,BWB,Bridgewater Bancshares Inc,US,True,2026-05-03 12:13:06.040319+00:00
11656,BGY,Blackrock Enhanced International Dividend Trust,US,True,2026-05-03 12:13:06.040319+00:00
11657,CBNK,Capital Bancorp Inc,US,True,2026-05-03 12:13:06.040319+00:00
11658,CGC,Canopy Growth Corp,US,True,2026-05-03 12:13:06.040319+00:00
11659,GUG,Guggenheim Active Allocation Fund,US,True,2026-05-03 12:13:06.040319+00:00
11660,TWI,Titan International Inc,US,True,2026-05-03 12:13:06.040319+00:00
11661,FPI,Farmland Partners Inc.,US,True,2026-05-03 12:13:06.040319+00:00
11662,IMMX,"Immix Biopharma, Inc.",US,True,2026-05-03 12:13:06.040319+00:00
11663,CHW,Calamos Global Dynamic Income Fund,US,True,2026-05-03 12:13:06.040319+00:00
11664,CADL,"Candel Therapeutics, Inc.",US,True,2026-05-03 12:13:06.040319+00:00
11665,NXJ,Nuveen New Jersey Quality Municipal Income Fund,US,True,2026-05-03 12:13:06.040319+00:00
11666,DNA,"Ginkgo Bioworks Holdings, Inc.",US,True,2026-05-03 12:13:06.040319+00:00
11667,VCV,Invesco California Value Municipal Income Trust,US,True,2026-05-03 12:13:06.040319+00:00
11668,MSC,Studio City International Holdings Ltd,US,True,2026-05-03 12:13:06.040319+00:00
11669,BBW,Build-A-Bear Workshop Inc,US,True,2026-05-03 12:13:06.040319+00:00
11670,EIM,Eaton Vance Municipal Bond Fund,US,True,2026-05-03 12:13:06.040319+00:00
11671,KOPN,Kopin Corp,US,True,2026-05-03 12:13:06.040319+00:00
11672,LEGH,Legacy Housing Corp,US,True,2026-05-03 12:13:06.040319+00:00
11673,BME,Blackrock Health Sciences Trust,US,True,2026-05-03 12:13:06.040319+00:00
11674,BGB,Blackstone Strategic Credit 2027 Term Fund,US,True,2026-05-03 12:13:06.040319+00:00
11675,TWN,Taiwan Fund Inc,US,True,2026-05-03 12:13:06.040319+00:00
11676,EBF,"Ennis, Inc.",US,True,2026-05-03 12:13:06.040319+00:00
11677,THW,Abrdn World Healthcare Fund,US,True,2026-05-03 12:13:06.040319+00:00
11678,CYDY,Cytodyn Inc.,US,True,2026-05-03 12:13:06.040319+00:00
11679,MCTA,Charming Medical Ltd,US,True,2026-05-03 12:13:06.040319+00:00
11680,UPB,"Upstream Bio, Inc.",US,True,2026-05-03 12:13:06.040319+00:00
11681,ACRS,"Aclaris Therapeutics, Inc.",US,True,2026-05-03 12:13:06.040319+00:00
11682,GDYN,"Grid Dynamics Holdings, Inc.",US,True,2026-05-03 12:13:06.040319+00:00
11683,PML,Pimco Municipal Income Fund Ii,US,True,2026-05-03 12:13:06.040319+00:00
11684,VREX,Varex Imaging Corp,US,True,2026-05-03 12:13:06.040319+00:00
11685,TOYO,"Toyo Co., Ltd",US,True,2026-05-03 12:13:06.040319+00:00
11686,BTBT,"Bit Digital, Inc",US,True,2026-05-03 12:13:06.040319+00:00
11687,FCEL,Fuelcell Energy Inc,US,True,2026-05-03 12:13:06.040319+00:00
11688,OLP,One Liberty Properties Inc,US,True,2026-05-03 12:13:06.040319+00:00
11689,NWAX,New America Acquisition I Corp.,US,True,2026-05-03 12:13:06.040319+00:00
11690,ZURA,Zura Bio Ltd,US,True,2026-05-03 12:13:06.040319+00:00
11691,MBUU,"Malibu Boats, Inc.",US,True,2026-05-03 12:13:06.040319+00:00
11692,FULC,"Fulcrum Therapeutics, Inc.",US,True,2026-05-03 12:13:06.040319+00:00
11693,BLW,Blackrock Ltd Duration Income Trust,US,True,2026-05-03 12:13:06.040319+00:00
11694,FTHY,First Trust High Yield Opportunities 2027 Term Fund,US,True,2026-05-03 12:13:06.040319+00:00
11695,TRDA,"Entrada Therapeutics, Inc.",US,True,2026-05-03 12:13:06.040319+00:00
11696,FMAC,Future Money Acquisition Corp,US,True,2026-05-03 12:13:06.040319+00:00
11697,CCAP,"Crescent Capital Bdc, Inc.",US,True,2026-05-03 12:13:06.040319+00:00
11698,FDMT,"4D Molecular Therapeutics, Inc.",US,True,2026-05-03 12:13:06.040319+00:00
11699,KRNY,Kearny Financial Corp.,US,True,2026-05-03 12:13:06.040319+00:00
11700,FLGT,"Fulgent Genetics, Inc.",US,True,2026-05-03 12:13:06.040319+00:00
11701,IPI,"Intrepid Potash, Inc.",US,True,2026-05-03 12:13:06.040319+00:00
11702,MSBI,"Midland States Bancorp, Inc.",US,True,2026-05-03 12:13:06.040319+00:00
11703,ZKH,Zkh Group Ltd,US,True,2026-05-03 12:13:06.040319+00:00
11704,ESPR,"Esperion Therapeutics, Inc.",US,True,2026-05-03 12:13:06.040319+00:00
11705,PHDWY,"Pt Ace Hardware Indonesia, Tbk./Adr",US,True,2026-05-03 12:13:06.040319+00:00
11706,HBCP,"Home Bancorp, Inc.",US,True,2026-05-03 12:13:06.040319+00:00
11707,CIVB,"Civista Bancshares, Inc.",US,True,2026-05-03 12:13:06.040319+00:00
11708,LZM,Lifezone Metals Ltd,US,True,2026-05-03 12:13:06.040319+00:00
11709,GHY,"Pgim Global High Yield Fund, Inc.",US,True,2026-05-03 12:13:06.040319+00:00
11710,CTNM,"Contineum Therapeutics, Inc.",US,True,2026-05-03 12:13:06.040319+00:00
11711,CVGW,Calavo Growers Inc,US,True,2026-05-03 12:13:06.040319+00:00
11712,CHCT,Community Healthcare Trust Inc,US,True,2026-05-03 12:13:06.040319+00:00
11713,ASTL,Algoma Steel Group Inc.,US,True,2026-05-03 12:13:06.040319+00:00
11714,YEXT,"Yext, Inc.",US,True,2026-05-03 12:13:06.040319+00:00
11715,BYND,"Beyond Meat, Inc.",US,True,2026-05-03 12:13:06.040319+00:00
11716,OFIX,Orthofix Medical Inc.,US,True,2026-05-03 12:13:06.040319+00:00
11717,FFMGF,First Mining Gold Corp.,US,True,2026-05-03 12:13:06.040319+00:00
11718,INV,"Innventure, Inc.",US,True,2026-05-03 12:13:06.040319+00:00
11719,WTI,W&T Offshore Inc,US,True,2026-05-03 12:13:06.040319+00:00
11720,IIIN,Insteel Industries Inc,US,True,2026-05-03 12:13:06.040319+00:00
11721,ORN,Orion Group Holdings Inc,US,True,2026-05-03 12:13:06.040319+00:00
11722,AIOT,"Powerfleet, Inc.",US,True,2026-05-03 12:13:06.040319+00:00
11723,IMXI,"International Money Express, Inc.",US,True,2026-05-03 12:13:06.040319+00:00
11724,VVR,Invesco Senior Income Trust,US,True,2026-05-03 12:13:06.040319+00:00
11725,FBIZ,"First Business Financial Services, Inc.",US,True,2026-05-03 12:13:06.040319+00:00
11726,ETO,Eaton Vance Tax-Advantaged Global Dividend Opportunities Fund,US,True,2026-05-03 12:13:06.040319+00:00
11727,MEVO,M Evo Global Acquisition Corp Ii,US,True,2026-05-03 12:13:06.040319+00:00
11728,YORW,York Water Co,US,True,2026-05-03 12:13:06.040319+00:00
11729,PANL,Pangaea Logistics Solutions Ltd.,US,True,2026-05-03 12:13:06.040319+00:00
11730,UURAF,Ucore Rare Metals Inc.,US,True,2026-05-03 12:13:06.040319+00:00
11731,GOTU,Gaotu Techedu Inc.,US,True,2026-05-03 12:13:06.040319+00:00
11732,MDXG,"Mimedx Group, Inc.",US,True,2026-05-03 12:13:06.040319+00:00
11733,ESEA,Euroseas Ltd.,US,True,2026-05-03 12:13:06.040319+00:00
11734,HKHC,Horizon Kinetics Holding Corp,US,True,2026-05-03 12:13:06.040319+00:00
11735,LRMR,"Larimar Therapeutics, Inc.",US,True,2026-05-03 12:13:06.040319+00:00
11736,AURA,"Aura Biosciences, Inc.",US,True,2026-05-03 12:13:06.040319+00:00
11737,FTW,Presidio Production Co,US,True,2026-05-03 12:13:06.040319+00:00
11738,ACTG,Acacia Research Corp,US,True,2026-05-03 12:13:06.040319+00:00
11739,BSRR,Sierra Bancorp,US,True,2026-05-03 12:13:06.040319+00:00
11740,DHIL,Diamond Hill Investment Group Inc,US,True,2026-05-03 12:13:06.040319+00:00
11741,GIW,Gigcapital8 Corp.,US,True,2026-05-03 12:13:06.040319+00:00
11742,SOHU,Sohu.Com Ltd,US,True,2026-05-03 12:13:06.040319+00:00
11743,XOMA,Xoma Royalty Corp,US,True,2026-05-03 12:13:06.040319+00:00
11744,CMCL,Caledonia Mining Corp Plc,US,True,2026-05-03 12:13:06.040319+00:00
11745,KRSP,Rice Acquisition Corp 3,US,True,2026-05-03 12:13:06.040319+00:00
11746,OBT,"Orange County Bancorp, Inc. /De/",US,True,2026-05-03 12:13:06.040319+00:00
11747,MYGN,Myriad Genetics Inc,US,True,2026-05-03 12:13:06.040319+00:00
11748,DCBO,Docebo Inc.,US,True,2026-05-03 12:13:06.040319+00:00
11749,RGNX,Regenxbio Inc.,US,True,2026-05-03 12:13:06.040319+00:00
11750,NGS,Natural Gas Services Group Inc,US,True,2026-05-03 12:13:06.040319+00:00
11751,KMDA,Kamada Ltd,US,True,2026-05-03 12:13:06.040319+00:00
11752,PALI,"Palisade Bio, Inc.",US,True,2026-05-03 12:13:06.040319+00:00
11753,TITN,Titan Machinery Inc.,US,True,2026-05-03 12:13:06.040319+00:00
11754,ELVA,Electrovaya Inc.,US,True,2026-05-03 12:13:06.040319+00:00
11755,ANSC,Agriculture & Natural Solutions Acquisition Corp,US,True,2026-05-03 12:13:06.040319+00:00
11756,CAL,Caleres Inc,US,True,2026-05-03 12:13:06.040319+00:00
11757,ANGX,"Angel Studios, Inc.",US,True,2026-05-03 12:13:06.040319+00:00
11758,HPS,John Hancock Preferred Income Fund Iii,US,True,2026-05-03 12:13:06.040319+00:00
11759,HELE,Helen Of Troy Ltd,US,True,2026-05-03 12:13:06.040319+00:00
11760,CRAN,Crane Harbor Acquisition Corp. Ii,US,True,2026-05-03 12:13:06.040319+00:00
11761,BTQ,Btq Technologies Corp.,US,True,2026-05-03 12:13:06.040319+00:00
11762,IGD,Voya Global Equity Dividend & Premium Opportunity Fund,US,True,2026-05-03 12:13:06.040319+00:00
11763,GTEN,"Gores Holdings X, Inc. / Ci",US,True,2026-05-03 12:13:06.040319+00:00
11764,LXEO,"Lexeo Therapeutics, Inc.",US,True,2026-05-03 12:13:06.040319+00:00
11765,ZDCAF,"Zedcor, Inc.",US,True,2026-05-03 12:13:06.040319+00:00
11766,PSFE,Paysafe Ltd,US,True,2026-05-03 12:13:06.040319+00:00
11767,TATT,Tat Technologies Ltd,US,True,2026-05-03 12:13:06.040319+00:00
11768,NBB,Nuveen Taxable Municipal Income Fund,US,True,2026-05-03 12:13:06.040319+00:00
11769,NATR,Natures Sunshine Products Inc,US,True,2026-05-03 12:13:06.040319+00:00
11770,ZNOG,Zion Oil & Gas Inc,US,True,2026-05-03 12:13:06.040319+00:00
11771,ELA,Envela Corp,US,True,2026-05-03 12:13:06.040319+00:00
11772,APXT,Apex Treasury Corp,US,True,2026-05-03 12:13:06.040319+00:00
11773,NPFD,Nuveen Variable Rate Preferred & Income Fund,US,True,2026-05-03 12:13:06.040319+00:00
11774,HTT,High Templar Tech Ltd,US,True,2026-05-03 12:13:06.040319+00:00
11775,SEAH,"Seahawk Recycling Holdings, Inc.",US,True,2026-05-03 12:13:06.040319+00:00
11776,ECX,Ecarx Holdings Inc.,US,True,2026-05-03 12:13:06.040319+00:00
11777,EACO,Eaco Corp,US,True,2026-05-03 12:13:06.040319+00:00
11778,GRVY,"Gravity Co., Ltd.",US,True,2026-05-03 12:13:06.040319+00:00
11779,CWH,"Camping World Holdings, Inc.",US,True,2026-05-03 12:13:06.040319+00:00
11780,KIO,Kkr Income Opportunities Fund,US,True,2026-05-03 12:13:06.040319+00:00
11781,BNTC,Benitec Biopharma Inc.,US,True,2026-05-03 12:13:06.040319+00:00
11782,ITIC,Investors Title Co,US,True,2026-05-03 12:13:06.040319+00:00
11783,NMAI,Nuveen Multi-Asset Income Fund,US,True,2026-05-03 12:13:06.040319+00:00
11784,COFS,Choiceone Financial Services Inc,US,True,2026-05-03 12:13:06.040319+00:00
11785,SSP,E.W. Scripps Co,US,True,2026-05-03 12:13:06.040319+00:00
11786,PTLO,Portillo'S Inc.,US,True,2026-05-03 12:13:06.040319+00:00
11787,IVVD,"Invivyd, Inc.",US,True,2026-05-03 12:13:06.040319+00:00
11788,MTW,Manitowoc Co Inc,US,True,2026-05-03 12:13:06.040319+00:00
11789,CMCO,Columbus Mckinnon Corp,US,True,2026-05-03 12:13:06.040319+00:00
11790,PUBM,"Pubmatic, Inc.",US,True,2026-05-03 12:13:06.040319+00:00
11791,CLFD,"Clearfield, Inc.",US,True,2026-05-03 12:13:06.040319+00:00
11792,NQP,Nuveen Pennsylvania Quality Municipal Income Fund,US,True,2026-05-03 12:13:06.040319+00:00
11793,ETB,Eaton Vance Tax-Managed Buy-Write Income Fund,US,True,2026-05-03 12:13:06.040319+00:00
11794,REEMF,Rare Element Resources Ltd,US,True,2026-05-03 12:13:06.040319+00:00
11795,NKLR,Terra Innovatum Global N.V.,US,True,2026-05-03 12:13:06.040319+00:00
11796,ISD,"Pgim High Yield Bond Fund, Inc.",US,True,2026-05-03 12:13:06.040319+00:00
11797,PLAY,"Dave & Buster'S Entertainment, Inc.",US,True,2026-05-03 12:13:06.040319+00:00
11798,AVIR,"Atea Pharmaceuticals, Inc.",US,True,2026-05-03 12:13:06.040319+00:00
11799,ALT,"Altimmune, Inc.",US,True,2026-05-03 12:13:06.040319+00:00
11800,CD,Chaince Digital Holdings Inc.,US,True,2026-05-03 12:13:06.040319+00:00
11801,PERI,Perion Network Ltd.,US,True,2026-05-03 12:13:06.040319+00:00
11802,KBON,Karbon Capital Partners Corp.,US,True,2026-05-03 12:13:06.040319+00:00
11803,DVLT,Datavault Ai Inc.,US,True,2026-05-03 12:13:06.040319+00:00
11804,GEVO,"Gevo, Inc.",US,True,2026-05-03 12:13:06.040319+00:00
11805,BXC,Bluelinx Holdings Inc.,US,True,2026-05-03 12:13:06.040319+00:00
11806,OSPN,Onespan Inc.,US,True,2026-05-03 12:13:06.040319+00:00
11807,ANGO,Angiodynamics Inc,US,True,2026-05-03 12:13:06.040319+00:00
11808,APPS,"Digital Turbine, Inc.",US,True,2026-05-03 12:13:06.040319+00:00
11809,PRTC,Puretech Health Plc,US,True,2026-05-03 12:13:06.040319+00:00
11810,FFA,First Trust Enhanced Equity Income Fund,US,True,2026-05-03 12:13:06.040319+00:00
11811,DDI,"Doubledown Interactive Co., Ltd.",US,True,2026-05-03 12:13:06.040319+00:00
11812,BBBY,"Bed Bath & Beyond, Inc.",US,True,2026-05-03 12:13:06.040319+00:00
11813,ABAT,American Battery Technology Co,US,True,2026-05-03 12:13:06.040319+00:00
11814,IEAG,Infinite Eagle Acquisition Corp.,US,True,2026-05-03 12:13:06.040319+00:00
11815,CBAN,Colony Bankcorp Inc,US,True,2026-05-03 12:13:06.040319+00:00
11816,OOMA,Ooma Inc,US,True,2026-05-03 12:13:06.040319+00:00
11817,MBVI,M3-Brigade Acquisition Vi Corp.,US,True,2026-05-03 12:13:06.040319+00:00
11818,CYH,Community Health Systems Inc,US,True,2026-05-03 12:13:06.040319+00:00
11819,DFP,Flaherty & Crumrine Dynamic Preferred & Income Fund Inc,US,True,2026-05-03 12:13:06.040319+00:00
11820,TLNC,Talon Capital Corp.,US,True,2026-05-03 12:13:06.040319+00:00
11821,ATNI,"Atn International, Inc.",US,True,2026-05-03 12:13:06.040319+00:00
11822,IACO,Idea Acquisition Corp.,US,True,2026-05-03 12:13:06.040319+00:00
11823,OPAL,Opal Fuels Inc.,US,True,2026-05-03 12:13:06.040319+00:00
11824,EPRX,Eupraxia Pharmaceuticals Inc.,US,True,2026-05-03 12:13:06.040319+00:00
11825,PRTH,"Priority Technology Holdings, Inc.",US,True,2026-05-03 12:13:06.040319+00:00
11826,KREF,Kkr Real Estate Finance Trust Inc.,US,True,2026-05-03 12:13:06.040319+00:00
11827,GBFH,Gbank Financial Holdings Inc.,US,True,2026-05-03 12:13:06.040319+00:00
11828,CLDT,Chatham Lodging Trust,US,True,2026-05-03 12:13:06.040319+00:00
11829,MESH,Meshflow Acquisition Corp,US,True,2026-05-03 12:13:06.040319+00:00
11830,VRNO,Verano Holdings Corp.,US,True,2026-05-03 12:13:06.040319+00:00
11831,HPI,John Hancock Preferred Income Fund,US,True,2026-05-03 12:13:06.040319+00:00
11832,KRAQ,Krakacquisition Corp,US,True,2026-05-03 12:13:06.040319+00:00
11833,MGMNF,Magna Mining Inc.,US,True,2026-05-03 12:13:06.040319+00:00
11834,DBCA,D. Boral Acquisition I Corp.,US,True,2026-05-03 12:13:06.040319+00:00
11835,MEC,"Mayville Engineering Company, Inc.",US,True,2026-05-03 12:13:06.040319+00:00
11836,WEAV,"Weave Communications, Inc.",US,True,2026-05-03 12:13:06.040319+00:00
11837,FINS,Angel Oak Financial Strategies Income Term Trust,US,True,2026-05-03 12:13:06.040319+00:00
11838,BGS,"B&G Foods, Inc.",US,True,2026-05-03 12:13:06.040319+00:00
11839,ASMB,"Assembly Biosciences, Inc.",US,True,2026-05-03 12:13:06.040319+00:00
11840,ZUMZ,Zumiez Inc,US,True,2026-05-03 12:13:06.040319+00:00
11841,ADV,Advantage Solutions Inc.,US,True,2026-05-03 12:13:06.040319+00:00
11842,NMRA,"Neumora Therapeutics, Inc.",US,True,2026-05-03 12:13:06.040319+00:00
11843,GLAD,Gladstone Capital Corp,US,True,2026-05-03 12:13:06.040319+00:00
11844,TRX,Trx Gold Corp,US,True,2026-05-03 12:13:06.040319+00:00
11845,BCAR,D. Boral Arc Acquisition I Corp.,US,True,2026-05-03 12:13:06.040319+00:00
11846,MGPI,Mgp Ingredients Inc,US,True,2026-05-03 12:13:06.040319+00:00
11847,EVN,Eaton Vance Municipal Income Trust,US,True,2026-05-03 12:13:06.040319+00:00
11848,SES,Ses Ai Corp,US,True,2026-05-03 12:13:06.040319+00:00
11849,LAND,Gladstone Land Corp,US,True,2026-05-03 12:13:06.040319+00:00
11850,SAAQ,Space Asset Acquisition Corp.,US,True,2026-05-03 12:13:06.040319+00:00
11851,ILPT,Industrial Logistics Properties Trust,US,True,2026-05-03 12:13:06.040319+00:00
11852,RPD,"Rapid7, Inc.",US,True,2026-05-03 12:13:06.040319+00:00
11853,TSSI,"Tss, Inc.",US,True,2026-05-03 12:13:06.040319+00:00
11854,BMRC,Bank Of Marin Bancorp,US,True,2026-05-03 12:13:06.040319+00:00
11855,SRTA,"Strata Critical Medical, Inc.",US,True,2026-05-03 12:13:06.040319+00:00
11856,OTLY,Oatly Group Ab,US,True,2026-05-03 12:13:06.040319+00:00
11857,PTOR,Praetorian Acquisition Corp.,US,True,2026-05-03 12:13:06.040319+00:00
11858,CZNC,Citizens & Northern Corp,US,True,2026-05-03 12:13:06.040319+00:00
11859,PINWF,Pinewood Technologies Group Plc,US,True,2026-05-03 12:13:06.040319+00:00
11860,RNGR,"Ranger Energy Services, Inc.",US,True,2026-05-03 12:13:06.040319+00:00
11861,CLMB,"Climb Global Solutions, Inc.",US,True,2026-05-03 12:13:06.040319+00:00
11862,BSVN,Bank7 Corp.,US,True,2026-05-03 12:13:06.040319+00:00
11863,NATH,"Nathans Famous, Inc.",US,True,2026-05-03 12:13:06.040319+00:00
11864,EBS,Emergent Biosolutions Inc.,US,True,2026-05-03 12:13:06.040319+00:00
11865,SGU,"Star Group, L.P.",US,True,2026-05-03 12:13:06.040319+00:00
11866,NGNE,Neurogene Inc.,US,True,2026-05-03 12:13:06.040319+00:00
11867,NEXN,Nexxen International Ltd.,US,True,2026-05-03 12:13:06.040319+00:00
11868,IPSC,"Century Therapeutics, Inc.",US,True,2026-05-03 12:13:06.040319+00:00
11869,LOCO,"El Pollo Loco Holdings, Inc.",US,True,2026-05-03 12:13:06.040319+00:00
11870,OEC,Orion S.A.,US,True,2026-05-03 12:13:06.040319+00:00
11871,RBB,Rbb Bancorp,US,True,2026-05-03 12:13:06.040319+00:00
11872,FGPR,Ferrellgas Partners L P,US,True,2026-05-03 12:13:06.040319+00:00
11873,FRPH,"Frp Holdings, Inc.",US,True,2026-05-03 12:13:06.040319+00:00
11874,AUTL,Autolus Therapeutics Plc,US,True,2026-05-03 12:13:06.040319+00:00
11875,CLLS,Cellectis S.A.,US,True,2026-05-03 12:13:06.040319+00:00
11876,XNET,Xunlei Ltd,US,True,2026-05-03 12:13:06.040319+00:00
11877,BLND,"Blend Labs, Inc.",US,True,2026-05-03 12:13:06.040319+00:00
11878,LSAK,Lesaka Technologies Inc,US,True,2026-05-03 12:13:06.040319+00:00
11879,CTRN,Citi Trends Inc,US,True,2026-05-03 12:13:06.040319+00:00
11880,KFII,K&F Growth Acquisition Corp. Ii,US,True,2026-05-03 12:13:06.040319+00:00
11881,KIDS,Orthopediatrics Corp,US,True,2026-05-03 12:13:06.040319+00:00
11882,LTBR,Lightbridge Corp,US,True,2026-05-03 12:13:06.040319+00:00
11883,BRBI,Brbi Br Partners S.A.,US,True,2026-05-03 12:13:06.040319+00:00
11884,MUA,"Blackrock Muniassets Fund, Inc.",US,True,2026-05-03 12:13:06.040319+00:00
11885,XRPN,Armada Acquisition Corp. Ii,US,True,2026-05-03 12:13:06.040319+00:00
11886,NUAI,"New Era Energy & Digital, Inc.",US,True,2026-05-03 12:13:06.040319+00:00
11887,LCTX,"Lineage Cell Therapeutics, Inc.",US,True,2026-05-03 12:13:06.040319+00:00
11888,WILC,G Willi Food International Ltd,US,True,2026-05-03 12:13:06.040319+00:00
11889,LEO,"Bny Mellon Strategic Municipals, Inc.",US,True,2026-05-03 12:13:06.040319+00:00
11890,BGR,Blackrock Energy & Resources Trust,US,True,2026-05-03 12:13:06.040319+00:00
11891,BWFG,"Bankwell Financial Group, Inc.",US,True,2026-05-03 12:13:06.040319+00:00
11892,CDRO,"Codere Online Luxembourg, S.A.",US,True,2026-05-03 12:13:06.040319+00:00
11893,CDZI,Cadiz Inc,US,True,2026-05-03 12:13:06.040319+00:00
11894,DBI,Designer Brands Inc.,US,True,2026-05-03 12:13:06.040319+00:00
11895,LND,Brasilagro - Brazilian Agricultural Real Estate Co,US,True,2026-05-03 12:13:06.040319+00:00
11896,GBAB,Guggenheim Taxable Municipal Bond & Investment Grade Debt Trust,US,True,2026-05-03 12:13:06.040319+00:00
11897,CLBR,Colombier Acquisition Corp. Iii,US,True,2026-05-03 12:13:06.040319+00:00
11898,GBLI,"Global Indemnity Group, Llc",US,True,2026-05-03 12:13:06.040319+00:00
11899,LWAY,"Lifeway Foods, Inc.",US,True,2026-05-03 12:13:06.040319+00:00
11900,VELO,"Velo3D, Inc.",US,True,2026-05-03 12:13:06.040319+00:00
11901,VHI,Valhi Inc /De/,US,True,2026-05-03 12:13:06.040319+00:00
11902,VNDA,Vanda Pharmaceuticals Inc.,US,True,2026-05-03 12:13:06.040319+00:00
11903,WTBA,West Bancorporation Inc,US,True,2026-05-03 12:13:06.040319+00:00
11904,ELTP,Elite Pharmaceuticals Inc /Nv/,US,True,2026-05-03 12:13:06.040319+00:00
11905,HLLY,Holley Inc.,US,True,2026-05-03 12:13:06.040319+00:00
11906,SMC,Summit Midstream Corp,US,True,2026-05-03 12:13:06.040319+00:00
11907,PDLB,"Ponce Financial Group, Inc.",US,True,2026-05-03 12:13:06.040319+00:00
11908,RCKT,"Rocket Pharmaceuticals, Inc.",US,True,2026-05-03 12:13:06.040319+00:00
11909,AGL,"Agilon Health, Inc.",US,True,2026-05-03 12:13:06.040319+00:00
11910,CBK,"Commercial Bancgroup, Inc.",US,True,2026-05-03 12:13:06.040319+00:00
11911,NVEC,Nve Corp /New/,US,True,2026-05-03 12:13:06.040319+00:00
11912,CRAQ,Cal Redwood Acquisition Corp.,US,True,2026-05-03 12:13:06.040319+00:00
11913,SDHY,Pgim Short Duration High Yield Opportunities Fund,US,True,2026-05-03 12:13:06.040319+00:00
11914,GETY,"Getty Images Holdings, Inc.",US,True,2026-05-03 12:13:06.040319+00:00
11915,CAN,Canaan Inc.,US,True,2026-05-03 12:13:06.040319+00:00
11916,PFL,Pimco Income Strategy Fund,US,True,2026-05-03 12:13:06.040319+00:00
11917,NPAC,New Providence Acquisition Corp. Iii/Cayman,US,True,2026-05-03 12:13:06.040319+00:00
11918,PPHC,"Public Policy Holding Company, Inc.",US,True,2026-05-03 12:13:06.040319+00:00
11919,GCO,Genesco Inc,US,True,2026-05-03 12:13:06.040319+00:00
11920,CMDB,Costamare Bulkers Holdings Ltd,US,True,2026-05-03 12:13:06.040319+00:00
11921,QUAD,"Quad/Graphics, Inc.",US,True,2026-05-03 12:13:06.040319+00:00
11922,VKI,Invesco Advantage Municipal Income Trust Ii,US,True,2026-05-03 12:13:06.040319+00:00
11923,CCIX,Churchill Capital Corp Ix/Cayman,US,True,2026-05-03 12:13:06.040319+00:00
11924,INRE,"Inland Real Estate Income Trust, Inc.",US,True,2026-05-03 12:13:06.040319+00:00
11925,KLC,"Kindercare Learning Companies, Inc.",US,True,2026-05-03 12:13:06.040319+00:00
11926,RTAC,Renatus Tactical Acquisition Corp I,US,True,2026-05-03 12:13:06.040319+00:00
11927,GCBC,Greene County Bancorp Inc,US,True,2026-05-03 12:13:06.040319+00:00
11928,BBCQ,Bleichroeder Acquisition Corp. Ii,US,True,2026-05-03 12:13:06.040319+00:00
11929,CRNC,Cerence Inc.,US,True,2026-05-03 12:13:06.040319+00:00
11930,RLGT,"Radiant Logistics, Inc",US,True,2026-05-03 12:13:06.040319+00:00
11931,LOGC,Contextlogic Holdings Inc.,US,True,2026-05-03 12:13:06.040319+00:00
11932,EAD,Allspring Income Opportunities Fund,US,True,2026-05-03 12:13:06.040319+00:00
11933,NOA,North American Construction Group Ltd.,US,True,2026-05-03 12:13:06.040319+00:00
11934,SNDL,Sndl Inc.,US,True,2026-05-03 12:13:06.040319+00:00
11935,FRA,"Blackrock Floating Rate Income Strategies Fund, Inc.",US,True,2026-05-03 12:13:06.040319+00:00
11936,MBAV,M3-Brigade Acquisition V Corp.,US,True,2026-05-03 12:13:06.040319+00:00
11937,FVR,"Frontview Reit, Inc.",US,True,2026-05-03 12:13:06.040319+00:00
11938,AUNA,Auna S.A.,US,True,2026-05-03 12:13:06.040319+00:00
11939,NRC,Nrc Health,US,True,2026-05-03 12:13:06.040319+00:00
11940,ISTR,Investar Holding Corp,US,True,2026-05-03 12:13:06.040319+00:00
11941,FWDI,"Forward Industries, Inc.",US,True,2026-05-03 12:13:06.040319+00:00
11942,GPAT,Gp-Act Iii Acquisition Corp.,US,True,2026-05-03 12:13:06.040319+00:00
11943,ZKP,Lafayette Digital Acquisition Corp. I,US,True,2026-05-03 12:13:06.040319+00:00
11944,PCAP,Procap Acquisition Corp,US,True,2026-05-03 12:13:06.040319+00:00
11945,ALF,Centurion Acquisition Corp.,US,True,2026-05-03 12:13:06.040319+00:00
11946,CION,Cion Investment Corp,US,True,2026-05-03 12:13:06.040319+00:00
11947,LX,Lexinfintech Holdings Ltd.,US,True,2026-05-03 12:13:06.040319+00:00
11948,MCFT,"Mastercraft Boat Holdings, Inc.",US,True,2026-05-03 12:13:06.040319+00:00
11949,TACO,Berto Acquisition Corp.,US,True,2026-05-03 12:13:06.040319+00:00
11950,GRRR,Gorilla Technology Group Inc.,US,True,2026-05-03 12:13:06.040319+00:00
11951,BOC,Boston Omaha Corp,US,True,2026-05-03 12:13:06.040319+00:00
11952,FUBO,Fubotv Inc.,US,True,2026-05-03 12:13:06.040319+00:00
11953,MTAL,Metals Acquisition Corp. Ii,US,True,2026-05-03 12:13:06.040319+00:00
11954,RDAG,Republic Digital Acquisition Co,US,True,2026-05-03 12:13:06.040319+00:00
11955,ENTA,Enanta Pharmaceuticals Inc,US,True,2026-05-03 12:13:06.040319+00:00
11956,SOR,Source Capital /De/,US,True,2026-05-03 12:13:06.040319+00:00
11957,WENN,Wen Acquisition Corp,US,True,2026-05-03 12:13:06.040319+00:00
11958,EU,Encore Energy Corp.,US,True,2026-05-03 12:13:06.040319+00:00
11959,AVBC,"Avidia Bancorp, Inc.",US,True,2026-05-03 12:13:06.040319+00:00
11960,LE,"Lands' End, Inc.",US,True,2026-05-03 12:13:06.040319+00:00
11961,ALTO,"Alto Ingredients, Inc.",US,True,2026-05-03 12:13:06.040319+00:00
11962,HNST,"Honest Company, Inc.",US,True,2026-05-03 12:13:06.040319+00:00
11963,VOXR,Vox Royalty Corp.,US,True,2026-05-03 12:13:06.040319+00:00
11964,ONIT,Onity Group Inc.,US,True,2026-05-03 12:13:06.040319+00:00
11965,FOF,"Cohen & Steers Closed-End Opportunity Fund, Inc.",US,True,2026-05-03 12:13:06.040319+00:00
11966,IRD,"Opus Genetics, Inc.",US,True,2026-05-03 12:13:06.040319+00:00
11967,RHNO,Rhino Bitcoin Inc.,US,True,2026-05-03 12:13:06.040319+00:00
11968,BBCP,"Concrete Pumping Holdings, Inc.",US,True,2026-05-03 12:13:06.040319+00:00
11969,NAGE,"Niagen Bioscience, Inc.",US,True,2026-05-03 12:13:06.040319+00:00
11970,BRVMF,Bravo Mining Corp.,US,True,2026-05-03 12:13:06.040319+00:00
11971,MYN,"Blackrock Muniyield New York Quality Fund, Inc.",US,True,2026-05-03 12:13:06.040319+00:00
11972,XFOR,"X4 Pharmaceuticals, Inc",US,True,2026-05-03 12:13:06.040319+00:00
11973,IBEX,Ibex Ltd,US,True,2026-05-03 12:13:06.040319+00:00
11974,BNED,"Barnes & Noble Education, Inc.",US,True,2026-05-03 12:13:06.040319+00:00
11975,FVRR,Fiverr International Ltd.,US,True,2026-05-03 12:13:06.040319+00:00
11976,ADUR,Aduro Clean Technologies Inc.,US,True,2026-05-03 12:13:06.040319+00:00
11977,MAGN,Magnera Corp,US,True,2026-05-03 12:13:06.040319+00:00
11978,PKOH,Park Ohio Holdings Corp,US,True,2026-05-03 12:13:06.040319+00:00
11979,HVT,Haverty Furniture Companies Inc,US,True,2026-05-03 12:13:06.040319+00:00
11980,NNDM,Nano Dimension Ltd.,US,True,2026-05-03 12:13:06.040319+00:00
11981,AKBA,"Akebia Therapeutics, Inc.",US,True,2026-05-03 12:13:06.040319+00:00
11982,AMCX,Amc Global Media Inc.,US,True,2026-05-03 12:13:06.040319+00:00
11983,LVWR,"Livewire Group, Inc.",US,True,2026-05-03 12:13:06.040319+00:00
11984,SBC,Sbc Medical Group Holdings Inc,US,True,2026-05-03 12:13:06.040319+00:00
11985,LAB,Standard Biotools Inc.,US,True,2026-05-03 12:13:06.040319+00:00
11986,AII,"American Integrity Insurance Group, Inc.",US,True,2026-05-03 12:13:06.040319+00:00
11987,PHOE,Phoenix Asia Holdings Ltd,US,True,2026-05-03 12:13:06.040319+00:00
11988,TTGT,"Techtarget, Inc.",US,True,2026-05-03 12:13:06.040319+00:00
11989,AWP,Abrdn Global Premier Properties Fund,US,True,2026-05-03 12:13:06.040319+00:00
11990,HACQ,Hcm Iv Acquisition Corp.,US,True,2026-05-03 12:13:06.040319+00:00
11991,SAR,Saratoga Investment Corp.,US,True,2026-05-03 12:13:06.040319+00:00
11992,ALOV,"Aldabra 4 Liquidity Opportunity Vehicle, Inc.",US,True,2026-05-03 12:13:06.040319+00:00
11993,DCTH,"Delcath Systems, Inc.",US,True,2026-05-03 12:13:06.040319+00:00
11994,CERS,Cerus Corp,US,True,2026-05-03 12:13:06.040319+00:00
11995,PBYI,"Puma Biotechnology, Inc.",US,True,2026-05-03 12:13:06.040319+00:00
11996,NCV,Virtus Convertible & Income Fund,US,True,2026-05-03 12:13:06.040319+00:00
11997,FMAO,Farmers & Merchants Bancorp Inc,US,True,2026-05-03 12:13:06.040319+00:00
11998,DIN,"Dine Brands Global, Inc.",US,True,2026-05-03 12:13:06.040319+00:00
11999,MSB,Mesabi Trust,US,True,2026-05-03 12:13:06.040319+00:00
12000,NUS,"Nu Skin Enterprises, Inc.",US,True,2026-05-03 12:13:06.040319+00:00
12001,SOPH,Sophia Genetics Sa,US,True,2026-05-03 12:13:06.040319+00:00
12002,AENT,Alliance Entertainment Holding Corp,US,True,2026-05-03 12:13:06.040319+00:00
12003,FCRS,Futurecrest Acquisition Corp.,US,True,2026-05-03 12:13:06.040319+00:00
12004,SRZN,"Surrozen, Inc./De",US,True,2026-05-03 12:13:06.040319+00:00
12005,ISSC,Innovative Solutions & Support Inc,US,True,2026-05-03 12:13:06.040319+00:00
12006,SLN,Silence Therapeutics Plc,US,True,2026-05-03 12:13:06.040319+00:00
12007,NEWT,"Newtekone, Inc.",US,True,2026-05-03 12:13:06.040319+00:00
12008,TAKOF,Volatus Aerospace Inc.,US,True,2026-05-03 12:13:06.040319+00:00
12009,FUFU,Bitfufu Inc.,US,True,2026-05-03 12:13:06.040319+00:00
12010,CMTG,"Claros Mortgage Trust, Inc.",US,True,2026-05-03 12:13:06.040319+00:00
12011,YDES,Yd Bio Ltd,US,True,2026-05-03 12:13:06.040319+00:00
12012,TYGO,"Tigo Energy, Inc.",US,True,2026-05-03 12:13:06.040319+00:00
12013,AGCC,Agencia Comercial Spirits Ltd.,US,True,2026-05-03 12:13:06.040319+00:00
12014,BGIN,Bgin Blockchain Ltd,US,True,2026-05-03 12:13:06.040319+00:00
12015,HIX,Western Asset High Income Fund Ii Inc.,US,True,2026-05-03 12:13:06.040319+00:00
12016,FVAV,Fortress Value Acquisition Corp. V,US,True,2026-05-03 12:13:06.040319+00:00
12017,WNC,Wabash National Corp,US,True,2026-05-03 12:13:06.040319+00:00
12018,CAEP,"Cantor Equity Partners Iii, Inc.",US,True,2026-05-03 12:13:06.040319+00:00
12019,PLBC,Plumas Bancorp,US,True,2026-05-03 12:13:06.040319+00:00
12020,JRI,Nuveen Real Asset Income & Growth Fund,US,True,2026-05-03 12:13:06.040319+00:00
12021,OIM,Oneim Acquisition Corp.,US,True,2026-05-03 12:13:06.040319+00:00
12022,MCI,Barings Corporate Investors,US,True,2026-05-03 12:13:06.040319+00:00
12023,CTEV,Claritev Corp,US,True,2026-05-03 12:13:06.040319+00:00
12024,SDHI,Siddhi Acquisition Corp (Cayman Islands),US,True,2026-05-03 12:13:06.040319+00:00
12025,GIX,Gigcapital9 Corp.,US,True,2026-05-03 12:13:06.040319+00:00
12026,ALUB,Alussa Energy Acquisition Corp. Ii,US,True,2026-05-03 12:13:06.040319+00:00
12027,RM,Regional Management Corp.,US,True,2026-05-03 12:13:06.040319+00:00
12028,KTF,Dws Municipal Income Trust,US,True,2026-05-03 12:13:06.040319+00:00
12029,SUPX,Superx Ai Technology Ltd,US,True,2026-05-03 12:13:06.040319+00:00
12030,AEF,"Abrdn Emerging Markets Ex-China Fund, Inc.",US,True,2026-05-03 12:13:06.040319+00:00
12031,IMRX,Immuneering Corp,US,True,2026-05-03 12:13:06.040319+00:00
12032,SPT,"Sprout Social, Inc.",US,True,2026-05-03 12:13:06.040319+00:00
12033,PACK,Ranpak Holdings Corp.,US,True,2026-05-03 12:13:06.040319+00:00
12034,JGH,Nuveen Global High Income Fund,US,True,2026-05-03 12:13:06.040319+00:00
12035,VMD,"Viemed Healthcare, Inc.",US,True,2026-05-03 12:13:06.040319+00:00
12036,USNA,Usana Health Sciences Inc,US,True,2026-05-03 12:13:06.040319+00:00
12037,TCPC,Blackrock Tcp Capital Corp.,US,True,2026-05-03 12:13:06.040319+00:00
12038,GIG,Gigcapital7 Corp.,US,True,2026-05-03 12:13:06.040319+00:00
12039,NC,Nacco Industries Inc,US,True,2026-05-03 12:13:06.040319+00:00
12040,OTGA,Otg Acquisition Corp. I,US,True,2026-05-03 12:13:06.040319+00:00
12041,CSHR,Coinshares Plc,US,True,2026-05-03 12:13:06.040319+00:00
12042,XPOF,"Xponential Fitness, Inc.",US,True,2026-05-03 12:13:06.040319+00:00
12043,CCII,Cohen Circle Acquisition Corp. Ii,US,True,2026-05-03 12:13:06.040319+00:00
12044,TACH,Titan Acquisition Corp.,US,True,2026-05-03 12:13:06.040319+00:00
12045,DMAA,Drugs Made In America Acquisition Corp.,US,True,2026-05-03 12:13:06.040319+00:00
12046,IPCX,Inflection Point Acquisition Corp. Iii,US,True,2026-05-03 12:13:06.040319+00:00
12047,CGCT,Cartesian Growth Corp Iii,US,True,2026-05-03 12:13:06.040319+00:00
12048,PKBK,"Parke Bancorp, Inc.",US,True,2026-05-03 12:13:06.040319+00:00
12049,BKTI,Bk Technologies Corp,US,True,2026-05-03 12:13:06.040319+00:00
12050,HCKT,"Hackett Group, Inc.",US,True,2026-05-03 12:13:06.040319+00:00
12051,KNOP,Knot Offshore Partners Lp,US,True,2026-05-03 12:13:06.040319+00:00
12052,KCHV,Kochav Defense Acquisition Corp.,US,True,2026-05-03 12:13:06.040319+00:00
12053,GNE,Genie Energy Ltd.,US,True,2026-05-03 12:13:06.040319+00:00
12054,DBP,Invesco Db Precious Metals Fund,US,True,2026-05-03 12:13:06.040319+00:00
12055,ALLT,Allot Ltd.,US,True,2026-05-03 12:13:06.040319+00:00
12056,USCB,"Uscb Financial Holdings, Inc.",US,True,2026-05-03 12:13:06.040319+00:00
12057,MNPR,Monopar Therapeutics,US,True,2026-05-03 12:13:06.040319+00:00
12058,HIO,Western Asset High Income Opportunity Fund Inc.,US,True,2026-05-03 12:13:06.040319+00:00
12059,CRLBF,Cresco Labs Inc.,US,True,2026-05-03 12:13:06.040319+00:00
12060,NAN,Nuveen New York Quality Municipal Income Fund,US,True,2026-05-03 12:13:06.040319+00:00
12061,NAUT,"Nautilus Biotechnology, Inc.",US,True,2026-05-03 12:13:06.040319+00:00
12062,OPTX,"Syntec Optics Holdings, Inc.",US,True,2026-05-03 12:13:06.040319+00:00
12063,PNRG,Primeenergy Resources Corp,US,True,2026-05-03 12:13:06.040319+00:00
12064,EVH,"Evolent Health, Inc.",US,True,2026-05-03 12:13:06.040319+00:00
12065,ORBS,Eightco Holdings Inc.,US,True,2026-05-03 12:13:06.040319+00:00
12066,RXT,"Rackspace Technology, Inc.",US,True,2026-05-03 12:13:06.040319+00:00
12067,SOUL,Soulpower Acquisition Corp.,US,True,2026-05-03 12:13:06.040319+00:00
12068,PAII,Pyrophyte Acquisition Corp. Ii,US,True,2026-05-03 12:13:06.040319+00:00
12069,HCIC,Hennessy Capital Investment Corp. Viii,US,True,2026-05-03 12:13:06.040319+00:00
12070,CABA,"Cabaletta Bio, Inc.",US,True,2026-05-03 12:13:06.040319+00:00
12071,ARCI,Archimedes Tech Spac Partners Iii Co.,US,True,2026-05-03 12:13:06.040319+00:00
12072,BDCI,Btc Development Corp.,US,True,2026-05-03 12:13:06.040319+00:00
12073,SCD,Lmp Capital & Income Fund Inc.,US,True,2026-05-03 12:13:06.040319+00:00
12074,VACH,Voyager Acquisition Corp./Cayman Islands,US,True,2026-05-03 12:13:06.040319+00:00
12075,OYSE,Oyster Enterprises Ii Acquisition Corp,US,True,2026-05-03 12:13:06.040319+00:00
12076,FRST,Primis Financial Corp.,US,True,2026-05-03 12:13:06.040319+00:00
12077,PAYS,"Paysign, Inc.",US,True,2026-05-03 12:13:06.040319+00:00
12078,BKT,"Blackrock Income Trust, Inc.",US,True,2026-05-03 12:13:06.040319+00:00
12079,BLZR,Trailblazer Acquisition Corp.,US,True,2026-05-03 12:13:06.040319+00:00
12080,XWIN,Xmax Inc.,US,True,2026-05-03 12:13:06.040319+00:00
12081,DMAC,Diamedica Therapeutics Inc.,US,True,2026-05-03 12:13:06.040319+00:00
12082,AXIN,Axiom Intelligence Acquisition Corp 1,US,True,2026-05-03 12:13:06.040319+00:00
12083,KROS,"Keros Therapeutics, Inc.",US,True,2026-05-03 12:13:06.040319+00:00
12084,PBFS,"Pioneer Bancorp, Inc./Md",US,True,2026-05-03 12:13:06.040319+00:00
12085,SORN,Soren Acquisition Corp.,US,True,2026-05-03 12:13:06.040319+00:00
12086,SHMD,Schmid Group N.V.,US,True,2026-05-03 12:13:06.040319+00:00
12087,SBXE,Silverbox Corp V,US,True,2026-05-03 12:13:06.040319+00:00
12088,BKRRF,Blackrock Silver Corp.,US,True,2026-05-03 12:13:06.040319+00:00
12089,DDD,3D Systems Corp,US,True,2026-05-03 12:13:06.040319+00:00
12090,ACAA,Averin Capital Acquisition Corp.,US,True,2026-05-03 12:13:06.040319+00:00
12091,HPF,John Hancock Preferred Income Fund Ii,US,True,2026-05-03 12:13:06.040319+00:00
12092,TBRG,"Trubridge, Inc.",US,True,2026-05-03 12:13:06.040319+00:00
12093,PINE,"Alpine Income Property Trust, Inc.",US,True,2026-05-03 12:13:06.040319+00:00
12094,MIY,"Blackrock Muniyield Michigan Quality Fund, Inc.",US,True,2026-05-03 12:13:06.040319+00:00
12095,HCMA,Hcm Iii Acquisition Corp.,US,True,2026-05-03 12:13:06.040319+00:00
12096,KELYA,Kelly Services Inc,US,True,2026-05-03 12:13:06.040319+00:00
12097,TROO,"Troops, Inc. /Cayman Islands/",US,True,2026-05-03 12:13:06.040319+00:00
12098,ALIT,"Alight, Inc. / Delaware",US,True,2026-05-03 12:13:06.040319+00:00
12099,SCGX,Saxon Capital Group Inc,US,True,2026-05-03 12:13:06.040319+00:00
12100,AZ,A2Z Cust2Mate Solutions Corp.,US,True,2026-05-03 12:13:06.040319+00:00
12101,PSBD,Palmer Square Capital Bdc Inc.,US,True,2026-05-03 12:13:06.040319+00:00
12102,OFLX,"Omega Flex, Inc.",US,True,2026-05-03 12:13:06.040319+00:00
12103,RMNI,"Rimini Street, Inc.",US,True,2026-05-03 12:13:06.040319+00:00
12104,HFRO,Highland Opportunities & Income Fund,US,True,2026-05-03 12:13:06.040319+00:00
12105,CEPT,"Cantor Equity Partners Ii, Inc.",US,True,2026-05-03 12:13:06.040319+00:00
12106,PPT,Putnam Premier Income Trust,US,True,2026-05-03 12:13:06.040319+00:00
12107,PCB,Pcb Bancorp,US,True,2026-05-03 12:13:06.040319+00:00
12108,LXFR,Luxfer Holdings Plc,US,True,2026-05-03 12:13:06.040319+00:00
12109,MTRX,Matrix Service Co,US,True,2026-05-03 12:13:06.040319+00:00
12110,DSAC,Daedalus Special Acquisition Corp.,US,True,2026-05-03 12:13:06.040319+00:00
12111,ROMA,Roma Green Finance Ltd,US,True,2026-05-03 12:13:06.040319+00:00
12112,TLS,Telos Corp,US,True,2026-05-03 12:13:06.040319+00:00
12113,NECB,"Northeast Community Bancorp, Inc./Md/",US,True,2026-05-03 12:13:06.040319+00:00
12114,HYLN,Hyliion Holdings Corp.,US,True,2026-05-03 12:13:06.040319+00:00
12115,TOI,"Oncology Institute, Inc.",US,True,2026-05-03 12:13:06.040319+00:00
12116,MTLS,Materialise Nv,US,True,2026-05-03 12:13:06.040319+00:00
12117,API,"Agora, Inc.",US,True,2026-05-03 12:13:06.040319+00:00
12118,RPAY,Repay Holdings Corp,US,True,2026-05-03 12:13:06.040319+00:00
12119,MVBF,Mvb Financial Corp,US,True,2026-05-03 12:13:06.040319+00:00
12120,KFS,Kingsway Financial Services Inc,US,True,2026-05-03 12:13:06.040319+00:00
12121,GASS,Stealthgas Inc.,US,True,2026-05-03 12:13:06.040319+00:00
12122,ELLO,Ellomay Capital Ltd.,US,True,2026-05-03 12:13:06.040319+00:00
12123,VALU,Value Line Inc,US,True,2026-05-03 12:13:06.040319+00:00
12124,CUB,Lionheart Holdings,US,True,2026-05-03 12:13:06.040319+00:00
12125,CZFS,Citizens Financial Services Inc,US,True,2026-05-03 12:13:06.040319+00:00
12126,WSBF,"Waterstone Financial, Inc.",US,True,2026-05-03 12:13:06.040319+00:00
12127,SSSS,Suro Capital Corp.,US,True,2026-05-03 12:13:06.040319+00:00
12128,BLUW,Blue Water Acquisition Corp. Iii,US,True,2026-05-03 12:13:06.040319+00:00
12129,CVEO,Civeo Corp,US,True,2026-05-03 12:13:06.040319+00:00
12130,ARTNA,Artesian Resources Corp,US,True,2026-05-03 12:13:06.040319+00:00
12131,BEAG,Bold Eagle Acquisition Corp.,US,True,2026-05-03 12:13:06.040319+00:00
12132,NWFL,Norwood Financial Corp,US,True,2026-05-03 12:13:06.040319+00:00
12133,AVBH,"Avidbank Holdings, Inc.",US,True,2026-05-03 12:13:06.040319+00:00
12134,NCMI,"National Cinemedia, Inc.",US,True,2026-05-03 12:13:06.040319+00:00
12135,SIMA,Sim Acquisition Corp. I,US,True,2026-05-03 12:13:06.040319+00:00
12136,MLAC,Mountain Lake Acquisition Corp.,US,True,2026-05-03 12:13:06.040319+00:00
12137,AVTX,"Avalo Therapeutics, Inc.",US,True,2026-05-03 12:13:06.040319+00:00
12138,WEYS,Weyco Group Inc,US,True,2026-05-03 12:13:06.040319+00:00
12139,LNKB,"Linkbancorp, Inc.",US,True,2026-05-03 12:13:06.040319+00:00
12140,ISBA,Isabella Bank Corp,US,True,2026-05-03 12:13:06.040319+00:00
12141,AVXL,Anavex Life Sciences Corp.,US,True,2026-05-03 12:13:06.040319+00:00
12142,GAMG,"Global Asset Management Group, Inc.",US,True,2026-05-03 12:13:06.040319+00:00
12143,BGT,Blackrock Floating Rate Income Trust,US,True,2026-05-03 12:13:06.040319+00:00
12144,RCKY,"Rocky Brands, Inc.",US,True,2026-05-03 12:13:06.040319+00:00
12145,BRBS,"Blue Ridge Bankshares, Inc.",US,True,2026-05-03 12:13:06.040319+00:00
12146,CEPV,"Cantor Equity Partners V, Inc.",US,True,2026-05-03 12:13:06.040319+00:00
12147,STRT,Strattec Security Corp,US,True,2026-05-03 12:13:06.040319+00:00
12148,CCRN,Cross Country Healthcare Inc,US,True,2026-05-03 12:13:06.040319+00:00
12149,ASG,Liberty All Star Growth Fund Inc.,US,True,2026-05-03 12:13:06.040319+00:00
12150,FNLC,"First Bancorp, Inc /Me/",US,True,2026-05-03 12:13:06.040319+00:00
12151,FERA,Fifth Era Acquisition Corp I,US,True,2026-05-03 12:13:06.040319+00:00
12152,EDIT,"Editas Medicine, Inc.",US,True,2026-05-03 12:13:06.040319+00:00
12153,ALCO,"Alico, Inc.",US,True,2026-05-03 12:13:06.040319+00:00
12154,ANGI,Angi Inc.,US,True,2026-05-03 12:13:06.040319+00:00
12155,DRDB,Roman Dbdr Acquisition Corp. Ii,US,True,2026-05-03 12:13:06.040319+00:00
12156,PACH,Pioneer Acquisition I Corp,US,True,2026-05-03 12:13:06.040319+00:00
12157,OBA,Oxley Bridge Acquisition Ltd,US,True,2026-05-03 12:13:06.040319+00:00
12158,CLPT,"Clearpoint Neuro, Inc.",US,True,2026-05-03 12:13:06.040319+00:00
12159,SZZL,Sizzle Acquisition Corp. Ii,US,True,2026-05-03 12:13:06.040319+00:00
12160,EOLS,"Evolus, Inc.",US,True,2026-05-03 12:13:06.040319+00:00
12161,EVC,Entravision Communications Corp,US,True,2026-05-03 12:13:06.040319+00:00
12162,EVOX,Evolution Global Acquisition Corp,US,True,2026-05-03 12:13:06.040319+00:00
12163,ASLE,Aersale Corp,US,True,2026-05-03 12:13:06.040319+00:00
12164,CHMG,Chemung Financial Corp,US,True,2026-05-03 12:13:06.040319+00:00
12165,GSVRF,Guanajuato Silver Co Ltd,US,True,2026-05-03 12:13:06.040319+00:00
12166,EWCZ,"European Wax Center, Inc.",US,True,2026-05-03 12:13:06.040319+00:00
12167,RIV,"Rivernorth Opportunities Fund, Inc.",US,True,2026-05-03 12:13:06.040319+00:00
12168,KOYN,"Cslm Digital Asset Acquisition Corp Iii, Ltd",US,True,2026-05-03 12:13:06.040319+00:00
12169,VACI,Viking Acquisition Corp I,US,True,2026-05-03 12:13:06.040319+00:00
12170,SIGA,Siga Technologies Inc,US,True,2026-05-03 12:13:06.040319+00:00
12171,AGD,Abrdn Global Dynamic Dividend Fund,US,True,2026-05-03 12:13:06.040319+00:00
12172,IONR,Ioneer Ltd,US,True,2026-05-03 12:13:06.040319+00:00
12173,GLSI,"Greenwich Lifesciences, Inc.",US,True,2026-05-03 12:13:06.040319+00:00
12174,SVAC,Spring Valley Acquisition Corp. Iii,US,True,2026-05-03 12:13:06.040319+00:00
12175,PMTR,Perimeter Acquisition Corp. I,US,True,2026-05-03 12:13:06.040319+00:00
12176,NREF,"Nexpoint Real Estate Finance, Inc.",US,True,2026-05-03 12:13:06.040319+00:00
12177,ZTR,Virtus Total Return Fund Inc.,US,True,2026-05-03 12:13:06.040319+00:00
12178,TSBK,Timberland Bancorp Inc,US,True,2026-05-03 12:13:06.040319+00:00
12179,FOSL,"Fossil Group, Inc.",US,True,2026-05-03 12:13:06.040319+00:00
12180,WRLGF,West Red Lake Gold Mines Ltd.,US,True,2026-05-03 12:13:06.040319+00:00
12181,ZH,Zhihu Inc.,US,True,2026-05-03 12:13:06.040319+00:00
12182,RFMZ,"Rivernorth Flexible Municipal Income Fund Ii, Inc.",US,True,2026-05-03 12:13:06.040319+00:00
12183,PLTS,Platinum Analytics Cayman Ltd,US,True,2026-05-03 12:13:06.040319+00:00
12184,ALDF,Aldel Financial Ii Inc.,US,True,2026-05-03 12:13:06.040319+00:00
12185,UNTC,Unit Corp,US,True,2026-05-03 12:13:06.040319+00:00
12186,RC,Ready Capital Corp,US,True,2026-05-03 12:13:06.040319+00:00
12187,ELDN,"Eledon Pharmaceuticals, Inc.",US,True,2026-05-03 12:13:06.040319+00:00
12188,AFB,Alliancebernstein National Municipal Income Fund,US,True,2026-05-03 12:13:06.040319+00:00
12189,POLE,Andretti Acquisition Corp. Ii,US,True,2026-05-03 12:13:06.040319+00:00
12190,STRZ,Starz Entertainment Corp /Cn/,US,True,2026-05-03 12:13:06.040319+00:00
12191,NGEN,Nervgen Pharma Corp.,US,True,2026-05-03 12:13:06.040319+00:00
12192,GDEV,Gdev Inc.,US,True,2026-05-03 12:13:06.040319+00:00
12193,ATII,Archimedes Tech Spac Partners Ii Co.,US,True,2026-05-03 12:13:06.040319+00:00
12194,RNGT,Range Capital Acquisition Corp Ii,US,True,2026-05-03 12:13:06.040319+00:00
12195,RZLT,"Rezolute, Inc.",US,True,2026-05-03 12:13:06.040319+00:00
12196,SAC,Safeguard Acquisition Corp.,US,True,2026-05-03 12:13:06.040319+00:00
12197,BCML,Baycom Corp,US,True,2026-05-03 12:13:06.040319+00:00
12198,NUCL,Eagle Nuclear Energy Corp.,US,True,2026-05-03 12:13:06.040319+00:00
12199,JOF,Japan Smaller Capitalization Fund Inc,US,True,2026-05-03 12:13:06.040319+00:00
12200,FSTR,Foster L B Co,US,True,2026-05-03 12:13:06.040319+00:00
12201,MXF,Mexico Fund Inc,US,True,2026-05-03 12:13:06.040319+00:00
12202,JACS,Jackson Acquisition Co Ii,US,True,2026-05-03 12:13:06.040319+00:00
12203,GGAZF,Goldgroup Mining Inc.,US,True,2026-05-03 12:13:06.040319+00:00
12204,MKLY,Mckinley Acquisition Corp,US,True,2026-05-03 12:13:06.040319+00:00
12205,NWBO,Northwest Biotherapeutics Inc,US,True,2026-05-03 12:13:06.040319+00:00
12206,TVA,Texas Ventures Acquisition Iii Corp,US,True,2026-05-03 12:13:06.040319+00:00
12207,XPER,Xperi Inc.,US,True,2026-05-03 12:13:06.040319+00:00
12208,FSBW,"Fs Bancorp, Inc.",US,True,2026-05-03 12:13:06.040319+00:00
12209,ARTV,"Artiva Biotherapeutics, Inc.",US,True,2026-05-03 12:13:06.040319+00:00
12210,AEAQ,Activate Energy Acquisition Corp.,US,True,2026-05-03 12:13:06.040319+00:00
12211,SPXX,Nuveen S&P 500 Dynamic Overwrite Fund,US,True,2026-05-03 12:13:06.040319+00:00
12212,ALMU,"Aeluma, Inc.",US,True,2026-05-03 12:13:06.040319+00:00
12213,RNLXY,Renalytix Plc,US,True,2026-05-03 12:13:06.040319+00:00
12214,ORGO,Organogenesis Holdings Inc.,US,True,2026-05-03 12:13:06.040319+00:00
12215,EFR,Eaton Vance Senior Floating-Rate Trust,US,True,2026-05-03 12:13:06.040319+00:00
12216,CMII,Columbus Circle Capital Corp Ii,US,True,2026-05-03 12:13:06.040319+00:00
12217,AACO,Abony Acquisition Corp. I,US,True,2026-05-03 12:13:06.040319+00:00
12218,LENZ,"Lenz Therapeutics, Inc.",US,True,2026-05-03 12:13:06.040319+00:00
12219,FHTX,Foghorn Therapeutics Inc.,US,True,2026-05-03 12:13:06.040319+00:00
12220,SLP,"Simulations Plus, Inc.",US,True,2026-05-03 12:13:06.040319+00:00
12221,LPAA,Launch One Acquisition Corp.,US,True,2026-05-03 12:13:06.040319+00:00
12222,GRAF,Graf Global Corp.,US,True,2026-05-03 12:13:06.040319+00:00
12223,TG,Tredegar Corp,US,True,2026-05-03 12:13:06.040319+00:00
12224,TEI,Templeton Emerging Markets Income Fund,US,True,2026-05-03 12:13:06.040319+00:00
12225,PDYN,Palladyne Ai Corp.,US,True,2026-05-03 12:13:06.040319+00:00
12226,SHIP,Seanergy Maritime Holdings Corp.,US,True,2026-05-03 12:13:06.040319+00:00
12227,LEGO,Legato Merger Corp. Iv,US,True,2026-05-03 12:13:06.040319+00:00
12228,RFI,Cohen & Steers Total Return Realty Fund Inc,US,True,2026-05-03 12:13:06.040319+00:00
12229,ILLU,Illumination Acquisition Corp. I,US,True,2026-05-03 12:13:06.040319+00:00
12230,NTPIF,Nam Tai Property Inc.,US,True,2026-05-03 12:13:06.040319+00:00
12231,DSX,Diana Shipping Inc.,US,True,2026-05-03 12:13:06.040319+00:00
12232,ABEO,Abeona Therapeutics Inc.,US,True,2026-05-03 12:13:06.040319+00:00
12233,NBH,Neuberger Municipal Fund Inc.,US,True,2026-05-03 12:13:06.040319+00:00
12234,RAC,Rithm Acquisition Corp.,US,True,2026-05-03 12:13:06.040319+00:00
12235,DEFT,"Defi Technologies, Inc.",US,True,2026-05-03 12:13:06.040319+00:00
12236,LWAC,Lightwave Acquisition Corp.,US,True,2026-05-03 12:13:06.040319+00:00
12237,NCA,Nuveen California Municipal Value Fund,US,True,2026-05-03 12:13:06.040319+00:00
12238,TMTS,Spartacus Acquisition Corp. Ii,US,True,2026-05-03 12:13:06.040319+00:00
12239,AIRRF,Aurion Resources Ltd.,US,True,2026-05-03 12:13:06.040319+00:00
12240,MLP,Maui Land & Pineapple Co Inc,US,True,2026-05-03 12:13:06.040319+00:00
12241,LPBB,Launch Two Acquisition Corp.,US,True,2026-05-03 12:13:06.040319+00:00
12242,SVIV,Spring Valley Acquisition Corp. Iv,US,True,2026-05-03 12:13:06.040319+00:00
12243,TCI,Transcontinental Realty Investors Inc,US,True,2026-05-03 12:13:06.040319+00:00
12244,ITHA,Ithax Acquisition Corp Iii,US,True,2026-05-03 12:13:06.040319+00:00
12245,VHCP,Vine Hill Capital Investment Corp. Ii,US,True,2026-05-03 12:13:06.040319+00:00
12246,YSG,Yatsen Holding Ltd,US,True,2026-05-03 12:13:06.040319+00:00
12247,PRE,Prenetics Global Ltd,US,True,2026-05-03 12:13:06.040319+00:00
12248,KRYXF,Koryx Copper Inc.,US,True,2026-05-03 12:13:06.040319+00:00
12249,BIXI,Bitcoin Infrastructure Acquisition Corp Ltd,US,True,2026-05-03 12:13:06.040319+00:00
12250,CCCC,"C4 Therapeutics, Inc.",US,True,2026-05-03 12:13:06.040319+00:00
12251,CAF,"Morgan Stanley China A Share Fund, Inc.",US,True,2026-05-03 12:13:06.040319+00:00
12252,AMRN,Amarin Corp Plcuk,US,True,2026-05-03 12:13:06.040319+00:00
12253,MBI,Mbia Inc,US,True,2026-05-03 12:13:06.040319+00:00
12254,AERG,"Applied Energetics, Inc.",US,True,2026-05-03 12:13:06.040319+00:00
12255,GTERA,Globa Terra Acquisition Corp,US,True,2026-05-03 12:13:06.040319+00:00
12256,EFTY,"Etoiles Capital Group Co., Ltd",US,True,2026-05-03 12:13:06.040319+00:00
12257,JMSB,"John Marshall Bancorp, Inc.",US,True,2026-05-03 12:13:06.040319+00:00
12258,NERV,"Minerva Neurosciences, Inc.",US,True,2026-05-03 12:13:06.040319+00:00
12259,DSM,"Bny Mellon Strategic Municipal Bond Fund, Inc.",US,True,2026-05-03 12:13:06.040319+00:00
12260,NXG,Nxg Nextgen Infrastructure Income Fund,US,True,2026-05-03 12:13:06.040319+00:00
12261,TWFG,"Twfg, Inc.",US,True,2026-05-03 12:13:06.040319+00:00
12262,LOKV,Live Oak Acquisition Corp. V,US,True,2026-05-03 12:13:06.040319+00:00
12263,VGZ,Vista Gold Corp,US,True,2026-05-03 12:13:06.040319+00:00
12264,PNNT,Pennantpark Investment Corp,US,True,2026-05-03 12:13:06.040319+00:00
12265,NPCT,Nuveen Core Plus Impact Fund,US,True,2026-05-03 12:13:06.040319+00:00
12266,ARTC,Art Technology Acquisition Corp.,US,True,2026-05-03 12:13:06.040319+00:00
12267,REI,"Ring Energy, Inc.",US,True,2026-05-03 12:13:06.040319+00:00
12268,EM,Smart Share Global Ltd,US,True,2026-05-03 12:13:06.040319+00:00
12269,COSO,"Coastalsouth Bancshares, Inc.",US,True,2026-05-03 12:13:06.040319+00:00
12270,TDRRF,Tudor Gold Corp.,US,True,2026-05-03 12:13:06.040319+00:00
12271,FUND,Sprott Focus Trust Inc.,US,True,2026-05-03 12:13:06.040319+00:00
12272,EMF,Templeton Emerging Markets Fund,US,True,2026-05-03 12:13:06.040319+00:00
12273,NBP,Novabridge Biosciences,US,True,2026-05-03 12:13:06.040319+00:00
12274,HVMC,Highview Merger Corp.,US,True,2026-05-03 12:13:06.040319+00:00
12275,JENA,Jena Acquisition Corp Ii,US,True,2026-05-03 12:13:06.040319+00:00
12276,ARDC,"Ares Dynamic Credit Allocation Fund, Inc.",US,True,2026-05-03 12:13:06.040319+00:00
12277,CV,"Capsovision, Inc",US,True,2026-05-03 12:13:06.040319+00:00
12278,GSRF,Gsr Iv Acquisition Corp.,US,True,2026-05-03 12:13:06.040319+00:00
12279,EVI,"Evi Industries, Inc.",US,True,2026-05-03 12:13:06.040319+00:00
12280,NLCP,"Newlake Capital Partners, Inc.",US,True,2026-05-03 12:13:06.040319+00:00
12281,PMO,Putnam Municipal Opportunities Trust,US,True,2026-05-03 12:13:06.040319+00:00
12282,INR,"Infinity Natural Resources, Inc.",US,True,2026-05-03 12:13:06.040319+00:00
12283,GTE,Gran Tierra Energy Inc.,US,True,2026-05-03 12:13:06.040319+00:00
12284,JRVR,"James River Group Holdings, Inc.",US,True,2026-05-03 12:13:06.040319+00:00
12285,ACRE,Ares Commercial Real Estate Corp,US,True,2026-05-03 12:13:06.040319+00:00
12286,UP,Wheels Up Experience Inc.,US,True,2026-05-03 12:13:06.040319+00:00
12287,GPAC,General Purpose Acquisition Corp.,US,True,2026-05-03 12:13:06.040319+00:00
12288,RXST,"Rxsight, Inc.",US,True,2026-05-03 12:13:06.040319+00:00
12289,MRAM,Everspin Technologies Inc.,US,True,2026-05-03 12:13:06.040319+00:00
12290,BRW,Saba Capital Income & Opportunities Fund,US,True,2026-05-03 12:13:06.040319+00:00
12291,ACIU,Ac Immune Sa,US,True,2026-05-03 12:13:06.040319+00:00
12292,IRHO,Iron Horse Acquisition Ii Corp.,US,True,2026-05-03 12:13:06.040319+00:00
12293,ASPN,Aspen Aerogels Inc,US,True,2026-05-03 12:13:06.040319+00:00
12294,BIOT,Relativity Holdings Inc.,US,True,2026-05-03 12:13:06.040319+00:00
12295,SGLA,Sino Green Land Corp.,US,True,2026-05-03 12:13:06.040319+00:00
12296,OVLY,Oak Valley Bancorp,US,True,2026-05-03 12:13:06.040319+00:00
12297,SVAQ,Silicon Valley Acquisition Corp.,US,True,2026-05-03 12:13:06.040319+00:00
12298,HCAC,Hall Chadwick Acquisition Corp,US,True,2026-05-03 12:13:06.040319+00:00
12299,PRLD,Prelude Therapeutics Inc,US,True,2026-05-03 12:13:06.040319+00:00
12300,OIA,Invesco Municipal Income Opportunities Trust,US,True,2026-05-03 12:13:06.040319+00:00
12301,AVNW,"Aviat Networks, Inc.",US,True,2026-05-03 12:13:06.040319+00:00
12302,CIX,Compx International Inc,US,True,2026-05-03 12:13:06.040319+00:00
12303,EGHT,8X8 Inc /De/,US,True,2026-05-03 12:13:06.040319+00:00
12304,UCFI,Cn Healthy Food Tech Group Corp.,US,True,2026-05-03 12:13:06.040319+00:00
12305,TARA,"Protara Therapeutics, Inc.",US,True,2026-05-03 12:13:06.040319+00:00
12306,CARL,"Carlsmed, Inc.",US,True,2026-05-03 12:13:06.040319+00:00
12307,GLATF,Global Atomic Corp,US,True,2026-05-03 12:13:06.040319+00:00
12308,AACB,Artius Ii Acquisition Inc.,US,True,2026-05-03 12:13:06.040319+00:00
12309,NHIC,Newhold Investment Corp. Iii,US,True,2026-05-03 12:13:06.040319+00:00
12310,EFT,Eaton Vance Floating-Rate Income Trust,US,True,2026-05-03 12:13:06.040319+00:00
12311,TDF,Templeton Dragon Fund Inc,US,True,2026-05-03 12:13:06.040319+00:00
12312,BACC,Blue Acquisition Corp/Cayman,US,True,2026-05-03 12:13:06.040319+00:00
12313,SI,"Shoulder Innovations, Inc.",US,True,2026-05-03 12:13:06.040319+00:00
12314,HRZN,Horizon Technology Finance Corp,US,True,2026-05-03 12:13:06.040319+00:00
12315,LPCV,Launchpad Cadenza Acquisition Corp I,US,True,2026-05-03 12:13:06.040319+00:00
12316,BGH,Barings Global Short Duration High Yield Fund,US,True,2026-05-03 12:13:06.040319+00:00
12317,ADAC,American Drive Acquisition Co,US,True,2026-05-03 12:13:06.040319+00:00
12318,DBL,Doubleline Opportunistic Credit Fund,US,True,2026-05-03 12:13:06.040319+00:00
12319,MMD,Nyli Mackay Definedterm Muni Opportunities Fund,US,True,2026-05-03 12:13:06.040319+00:00
12320,SEG,Seaport Entertainment Group Inc.,US,True,2026-05-03 12:13:06.040319+00:00
12321,LEGT,Legato Merger Corp. Iii,US,True,2026-05-03 12:13:06.040319+00:00
12322,SMRT,"Smartrent, Inc.",US,True,2026-05-03 12:13:06.040319+00:00
12323,SITC,Site Centers Corp.,US,True,2026-05-03 12:13:06.040319+00:00
12324,SCM,Stellus Capital Investment Corp,US,True,2026-05-03 12:13:06.040319+00:00
12325,IRAB,Iris Acquisition Corp Ii,US,True,2026-05-03 12:13:06.040319+00:00
12326,FCCO,First Community Corp /Sc/,US,True,2026-05-03 12:13:06.040319+00:00
12327,RMM,"Rivernorth Managed Duration Municipal Income Fund, Inc.",US,True,2026-05-03 12:13:06.040319+00:00
12328,FJET,"Starfighters Space, Inc.",US,True,2026-05-03 12:13:06.040319+00:00
12329,FGII,Fg Imperii Acquisition Corp.,US,True,2026-05-03 12:13:06.040319+00:00
12330,ZNTL,"Zentalis Pharmaceuticals, Inc.",US,True,2026-05-03 12:13:06.040319+00:00
12331,RMR,Rmr Group Inc.,US,True,2026-05-03 12:13:06.040319+00:00
12332,NCZ,Virtus Convertible & Income Fund Ii,US,True,2026-05-03 12:13:06.040319+00:00
12333,CIA,"Citizens, Inc.",US,True,2026-05-03 12:13:06.040319+00:00
12334,MIN,Mfs Intermediate Income Trust,US,True,2026-05-03 12:13:06.040319+00:00
12335,MPX,Marine Products Corp,US,True,2026-05-03 12:13:06.040319+00:00
12336,SENS,"Senseonics Holdings, Inc.",US,True,2026-05-03 12:13:06.040319+00:00
12337,NL,Nl Industries Inc,US,True,2026-05-03 12:13:06.040319+00:00
12338,SY,So-Young International Inc.,US,True,2026-05-03 12:13:06.040319+00:00
12339,APAD,Aparadise Acquisition Corp.,US,True,2026-05-03 12:13:06.040319+00:00
12340,RWAY,Runway Growth Finance Corp.,US,True,2026-05-03 12:13:06.040319+00:00
12341,XCBE,X3 Acquisition Corp. Ltd.,US,True,2026-05-03 12:13:06.040319+00:00
12342,WNEB,"Western New England Bancorp, Inc.",US,True,2026-05-03 12:13:06.040319+00:00
12343,TVAI,Thayer Ventures Acquisition Corp Ii,US,True,2026-05-03 12:13:06.040319+00:00
12344,TLSI,"Trisalus Life Sciences, Inc.",US,True,2026-05-03 12:13:06.040319+00:00
12345,JWSMF,Jaws Mustang Acquisition Corp,US,True,2026-05-03 12:13:06.040319+00:00
12346,FVCB,"Fvcbankcorp, Inc.",US,True,2026-05-03 12:13:06.040319+00:00
12347,SVRSF,Silver Storm Mining Ltd.,US,True,2026-05-03 12:13:06.040319+00:00
12348,WHGOF,White Gold Corp.,US,True,2026-05-03 12:13:06.040319+00:00
12349,CPZ,Calamos Long/Short Equity & Dynamic Income Trust,US,True,2026-05-03 12:13:06.040319+00:00
12350,PCYO,Pure Cycle Corp,US,True,2026-05-03 12:13:06.040319+00:00
12351,ESOA,Energy Services Of America Corp,US,True,2026-05-03 12:13:06.040319+00:00
12352,SBXD,Silverbox Corp Iv,US,True,2026-05-03 12:13:06.040319+00:00
12353,HBB,Hamilton Beach Brands Holding Co,US,True,2026-05-03 12:13:06.040319+00:00
12354,XFLT,Xai Octagon Floating Rate & Alternative Income Trust,US,True,2026-05-03 12:13:06.040319+00:00
12355,SVCO,"Silvaco Group, Inc.",US,True,2026-05-03 12:13:06.040319+00:00
12356,CNCK,Coincheck Group N.V.,US,True,2026-05-03 12:13:06.040319+00:00
12357,CHRS,"Coherus Oncology, Inc.",US,True,2026-05-03 12:13:06.040319+00:00
12358,EVTL,Vertical Aerospace Ltd.,US,True,2026-05-03 12:13:06.040319+00:00
12359,XSLL,Xsolla Spac 1,US,True,2026-05-03 12:13:06.040319+00:00
12360,MASS,908 Devices Inc.,US,True,2026-05-03 12:13:06.040319+00:00
12361,CEPO,"Cantor Equity Partners I, Inc.",US,True,2026-05-03 12:13:06.040319+00:00
12362,LAW,"Cs Disco, Inc.",US,True,2026-05-03 12:13:06.040319+00:00
12363,ALEC,"Alector, Inc.",US,True,2026-05-03 12:13:06.040319+00:00
12364,HVII,Hennessy Capital Investment Corp. Vii,US,True,2026-05-03 12:13:06.040319+00:00
12365,CGEN,Compugen Ltd,US,True,2026-05-03 12:13:06.040319+00:00
12366,EOD,Allspring Global Dividend Opportunity Fund,US,True,2026-05-03 12:13:06.040319+00:00
12367,BRT,Brt Apartments Corp.,US,True,2026-05-03 12:13:06.040319+00:00
12368,ACV,Virtus Diversified Income & Convertible Fund,US,True,2026-05-03 12:13:06.040319+00:00
12369,MUZE,Muzero Acquisition Corp,US,True,2026-05-03 12:13:06.040319+00:00
12370,JCE,Nuveen Core Equity Alpha Fund,US,True,2026-05-03 12:13:06.040319+00:00
12371,AUDC,Audiocodes Ltd,US,True,2026-05-03 12:13:06.040319+00:00
12372,EOT,Eaton Vance National Municipal Opportunities Trust,US,True,2026-05-03 12:13:06.040319+00:00
12373,PMM,Putnam Managed Municipal Income Trust,US,True,2026-05-03 12:13:06.040319+00:00
12374,FC,Franklin Covey Co,US,True,2026-05-03 12:13:06.040319+00:00
12375,RILY,"Brc Group Holdings, Inc.",US,True,2026-05-03 12:13:06.040319+00:00
12376,SABS,"Sab Biotherapeutics, Inc.",US,True,2026-05-03 12:13:06.040319+00:00
12377,FLXS,Flexsteel Industries Inc,US,True,2026-05-03 12:13:06.040319+00:00
12378,FDBC,Fidelity D & D Bancorp Inc,US,True,2026-05-03 12:13:06.040319+00:00
12379,DNMX,Dynamix Corp Iii,US,True,2026-05-03 12:13:06.040319+00:00
12380,CNDT,Conduent Inc,US,True,2026-05-03 12:13:06.040319+00:00
12381,SITKF,Sitka Gold Corp.,US,True,2026-05-03 12:13:06.040319+00:00
12382,USAU,U.S. Gold Corp.,US,True,2026-05-03 12:13:06.040319+00:00
12383,BKKT,"Bakkt, Inc.",US,True,2026-05-03 12:13:06.040319+00:00
12384,HDSN,Hudson Technologies Inc /Ny,US,True,2026-05-03 12:13:06.040319+00:00
12385,NODK,"Ni Holdings, Inc.",US,True,2026-05-03 12:13:06.040319+00:00
12386,NVA,Nova Minerals Ltd,US,True,2026-05-03 12:13:06.040319+00:00
12387,AIRO,"Airo Group Holdings, Inc.",US,True,2026-05-03 12:13:06.040319+00:00
12388,TII,Titan Mining Corp,US,True,2026-05-03 12:13:06.040319+00:00
12389,DBB,Invesco Db Base Metals Fund,US,True,2026-05-03 12:13:06.040319+00:00
12390,OACC,Oaktree Acquisition Corp. Iii Life Sciences,US,True,2026-05-03 12:13:06.040319+00:00
12391,BUKS,Butler National Corp,US,True,2026-05-03 12:13:06.040319+00:00
12392,BZAI,"Blaize Holdings, Inc.",US,True,2026-05-03 12:13:06.040319+00:00
12393,MLAA,Mountain Lake Acquisition Corp. Ii,US,True,2026-05-03 12:13:06.040319+00:00
12394,RCS,"Pimco Strategic Income Fund, Inc.",US,True,2026-05-03 12:13:06.040319+00:00
12395,GORO,Gold Resource Corp,US,True,2026-05-03 12:13:06.040319+00:00
12396,AFRI,Forafric Global Plc,US,True,2026-05-03 12:13:06.040319+00:00
12397,ASUR,Asure Software Inc,US,True,2026-05-03 12:13:06.040319+00:00
12398,DAVA,Endava Plc,US,True,2026-05-03 12:13:06.040319+00:00
12399,FXNC,First National Corp /Va/,US,True,2026-05-03 12:13:06.040319+00:00
12400,RDNW,"Ridenow Group, Inc.",US,True,2026-05-03 12:13:06.040319+00:00
12401,YDDL,One & One Green Technologies. Inc,US,True,2026-05-03 12:13:06.040319+00:00
12402,ERC,Allspring Multi-Sector Income Fund,US,True,2026-05-03 12:13:06.040319+00:00
12403,NUW,Nuveen Amt-Free Municipal Value Fund,US,True,2026-05-03 12:13:06.040319+00:00
12404,JAKK,Jakks Pacific Inc,US,True,2026-05-03 12:13:06.040319+00:00
12405,GLDG,Goldmining Inc.,US,True,2026-05-03 12:13:06.040319+00:00
12406,GARLF,Roxmore Resources Inc.,US,True,2026-05-03 12:13:06.040319+00:00
12407,RLTY,Cohen & Steers Real Estate Opportunities & Income Fund,US,True,2026-05-03 12:13:06.040319+00:00
12408,FACT,Fact Ii Acquisition Corp.,US,True,2026-05-03 12:13:06.040319+00:00
12409,CMT,Core Molding Technologies Inc,US,True,2026-05-03 12:13:06.040319+00:00
12410,PLMK,"Plum Acquisition Corp, Iv",US,True,2026-05-03 12:13:06.040319+00:00
12411,FLWS,1 800 Flowers Com Inc,US,True,2026-05-03 12:13:06.040319+00:00
12412,ESCA,Escalade Inc,US,True,2026-05-03 12:13:06.040319+00:00
12413,HUHU,Huhutech International Group Inc.,US,True,2026-05-03 12:13:06.040319+00:00
12414,NTWO,Newbury Street Ii Acquisition Corp,US,True,2026-05-03 12:13:06.040319+00:00
12415,FCT,First Trust Senior Floating Rate Income Fund Ii,US,True,2026-05-03 12:13:06.040319+00:00
12416,DUOT,"Duos Technologies Group, Inc.",US,True,2026-05-03 12:13:06.040319+00:00
12417,ATOM,Atomera Inc,US,True,2026-05-03 12:13:06.040319+00:00
12418,FRAF,Franklin Financial Services Corp /Pa/,US,True,2026-05-03 12:13:06.040319+00:00
12419,ACH,Accendra Health Inc/Va/,US,True,2026-05-03 12:13:06.040319+00:00
12420,MYFW,First Western Financial Inc,US,True,2026-05-03 12:13:06.040319+00:00
12421,SNFCA,Security National Financial Corp,US,True,2026-05-03 12:13:06.040319+00:00
12422,KUBR,Kuber Resources Corp,US,True,2026-05-03 12:13:06.040319+00:00
12423,CMRC,"Commerce.Com, Inc.",US,True,2026-05-03 12:13:06.040319+00:00
12424,BRCB,"Black Rock Coffee Bar, Inc.",US,True,2026-05-03 12:13:06.040319+00:00
12425,VNME,Vendome Acquisition Corp I,US,True,2026-05-03 12:13:06.040319+00:00
12426,OPRT,Oportun Financial Corp,US,True,2026-05-03 12:13:06.040319+00:00
12427,AACI,Armada Acquisition Corp. Iii,US,True,2026-05-03 12:13:06.040319+00:00
12428,WLII,Willow Lane Acquisition Corp. Ii,US,True,2026-05-03 12:13:06.040319+00:00
12429,MCR,Mfs Charter Income Trust,US,True,2026-05-03 12:13:06.040319+00:00
12430,MEI,Methode Electronics Inc,US,True,2026-05-03 12:13:06.040319+00:00
12431,AFJK,"Aimei Health Technology Co., Ltd.",US,True,2026-05-03 12:13:06.040319+00:00
12432,MITT,"Tpg Mortgage Investment Trust, Inc.",US,True,2026-05-03 12:13:06.040319+00:00
12433,LTRX,Lantronix Inc,US,True,2026-05-03 12:13:06.040319+00:00
12434,CFFI,C & F Financial Corp,US,True,2026-05-03 12:13:06.040319+00:00
12435,ATLO,Ames National Corp,US,True,2026-05-03 12:13:06.040319+00:00
12436,AREC,American Resources Corp,US,True,2026-05-03 12:13:06.040319+00:00
12437,BLZE,"Backblaze, Inc.",US,True,2026-05-03 12:13:06.040319+00:00
12438,MMT,Mfs Multimarket Income Trust,US,True,2026-05-03 12:13:06.040319+00:00
12439,ARCT,Arcturus Therapeutics Holdings Inc.,US,True,2026-05-03 12:13:06.040319+00:00
12440,NXDT,Nexpoint Diversified Real Estate Trust,US,True,2026-05-03 12:13:06.040319+00:00
12441,PLYX,"Polaryx Therapeutics, Inc.",US,True,2026-05-03 12:13:06.040319+00:00
12442,SIDU,Sidus Space Inc.,US,True,2026-05-03 12:13:06.040319+00:00
12443,ADAG,Adagene Inc.,US,True,2026-05-03 12:13:06.040319+00:00
12444,ZIP,"Ziprecruiter, Inc.",US,True,2026-05-03 12:13:06.040319+00:00
12445,RAAQ,Real Asset Acquisition Corp.,US,True,2026-05-03 12:13:06.040319+00:00
12446,SCII,Sc Ii Acquisition Corp.,US,True,2026-05-03 12:13:06.040319+00:00
12447,LOVE,Lovesac Co,US,True,2026-05-03 12:13:06.040319+00:00
12448,PROF,Profound Medical Corp.,US,True,2026-05-03 12:13:06.040319+00:00
12449,FNRN,First Northern Community Bancorp,US,True,2026-05-03 12:13:06.040319+00:00
12450,OBIO,"Orchestra Biomed Holdings, Inc.",US,True,2026-05-03 12:13:06.040319+00:00
12451,REFI,"Chicago Atlantic Real Estate Finance, Inc.",US,True,2026-05-03 12:13:06.040319+00:00
12452,TGMPF,Tantalus Systems Holding Inc.,US,True,2026-05-03 12:13:06.040319+00:00
12453,GLO,Clough Global Opportunities Fund,US,True,2026-05-03 12:13:06.040319+00:00
12454,FUNC,First United Corp/Md/,US,True,2026-05-03 12:13:06.040319+00:00
12455,SLGL,Sol-Gel Technologies Ltd.,US,True,2026-05-03 12:13:06.040319+00:00
12456,TSNDF,Terrascend Corp.,US,True,2026-05-03 12:13:06.040319+00:00
12457,HELP,Cybin Inc.,US,True,2026-05-03 12:13:06.040319+00:00
12458,OSS,"One Stop Systems, Inc.",US,True,2026-05-03 12:13:06.040319+00:00
12459,CURR,Currenc Group Inc.,US,True,2026-05-03 12:13:06.040319+00:00
12460,COPL,Copley Acquisition Corp,US,True,2026-05-03 12:13:06.040319+00:00
12461,VYGR,"Voyager Therapeutics, Inc.",US,True,2026-05-03 12:13:06.040319+00:00
12462,KINS,"Kingstone Companies, Inc.",US,True,2026-05-03 12:13:06.040319+00:00
12463,ASYS,Amtech Systems Inc,US,True,2026-05-03 12:13:06.040319+00:00
12464,PPIH,"Perma-Pipe International Holdings, Inc.",US,True,2026-05-03 12:13:06.040319+00:00
12465,FNKO,"Funko, Inc.",US,True,2026-05-03 12:13:06.040319+00:00
12466,FLYX,Flyexclusive Inc.,US,True,2026-05-03 12:13:06.040319+00:00
12467,NIU,Niu Technologies,US,True,2026-05-03 12:13:06.040319+00:00
12468,POWW,Outdoor Holding Co,US,True,2026-05-03 12:13:06.040319+00:00
12469,JACK,Jack In The Box Inc,US,True,2026-05-03 12:13:06.040319+00:00
12470,DGXX,Digi Power X Inc.,US,True,2026-05-03 12:13:06.040319+00:00
12471,JFIN,Jiayin Group Inc.,US,True,2026-05-03 12:13:06.040319+00:00
12472,FTF,Franklin Ltd Duration Income Trust,US,True,2026-05-03 12:13:06.040319+00:00
12473,CCFN,Muncy Columbia Financial Corp,US,True,2026-05-03 12:13:06.040319+00:00
12474,MRBK,Meridian Corp,US,True,2026-05-03 12:13:06.040319+00:00
12475,LNZA,"Lanzatech Global, Inc.",US,True,2026-05-03 12:13:06.040319+00:00
12476,STRS,Stratus Properties Inc,US,True,2026-05-03 12:13:06.040319+00:00
12477,MCGA,Yorkville Acquisition Corp.,US,True,2026-05-03 12:13:06.040319+00:00
12478,BPRN,"Princeton Bancorp, Inc.",US,True,2026-05-03 12:13:06.040319+00:00
12479,NXPGY,Mobico Group Plc/Adr,US,True,2026-05-03 12:13:06.040319+00:00
12480,PTNM,Pitanium Ltd,US,True,2026-05-03 12:13:06.040319+00:00
12481,ETHM,Dynamix Corp,US,True,2026-05-03 12:13:06.040319+00:00
12482,PSF,"Cohen & Steers Select Preferred & Income Fund, Inc.",US,True,2026-05-03 12:13:06.040319+00:00
12483,LCNB,Lcnb Corp,US,True,2026-05-03 12:13:06.040319+00:00
12484,SOCA,Solarius Capital Acquisition Corp.,US,True,2026-05-03 12:13:06.040319+00:00
12485,NKSH,National Bankshares Inc,US,True,2026-05-03 12:13:06.040319+00:00
12486,SPCE,"Virgin Galactic Holdings, Inc",US,True,2026-05-03 12:13:06.040319+00:00
12487,SSAC,Spacsphere Acquisition Corp.,US,True,2026-05-03 12:13:06.040319+00:00
12488,IGAC,Invest Green Acquisition Corp,US,True,2026-05-03 12:13:06.040319+00:00
12489,CAMP,Camp4 Therapeutics Corp,US,True,2026-05-03 12:13:06.040319+00:00
12490,EXOD,"Exodus Movement, Inc.",US,True,2026-05-03 12:13:06.040319+00:00
12491,XRX,Xerox Holdings Corp,US,True,2026-05-03 12:13:06.040319+00:00
12492,NKTX,"Nkarta, Inc.",US,True,2026-05-03 12:13:06.040319+00:00
12493,DAAQ,Digital Asset Acquisition Corp.,US,True,2026-05-03 12:13:06.040319+00:00
12494,GSIT,Gsi Technology Inc,US,True,2026-05-03 12:13:06.040319+00:00
12495,LANV,Lanvin Group Holdings Ltd,US,True,2026-05-03 12:13:06.040319+00:00
12496,INSG,Inseego Corp.,US,True,2026-05-03 12:13:06.040319+00:00
12497,BUUU,Buuu Group Ltd,US,True,2026-05-03 12:13:06.040319+00:00
12498,TENX,"Tenax Therapeutics, Inc.",US,True,2026-05-03 12:13:06.040319+00:00
12499,JRS,Nuveen Real Estate Income Fund,US,True,2026-05-03 12:13:06.040319+00:00
12500,SMWB,Similarweb Ltd.,US,True,2026-05-03 12:13:06.040319+00:00
12501,TDWD,Tailwind 2.0 Acquisition Corp.,US,True,2026-05-03 12:13:06.040319+00:00
12502,TDAC,Translational Development Acquisition Corp.,US,True,2026-05-03 12:13:06.040319+00:00
12503,ANTA,Antalpha Platform Holding Co,US,True,2026-05-03 12:13:06.040319+00:00
12504,GDC,Gd Culture Group Ltd,US,True,2026-05-03 12:13:06.040319+00:00
12505,CBNA,Chain Bridge Bancorp Inc,US,True,2026-05-03 12:13:06.040319+00:00
12506,VENU,Venu Holding Corp,US,True,2026-05-03 12:13:06.040319+00:00
12507,CFNB,California First Leasing Corp,US,True,2026-05-03 12:13:06.040319+00:00
12508,MACI,Melar Acquisition Corp. I/Cayman,US,True,2026-05-03 12:13:06.040319+00:00
12509,SPOK,"Spok Holdings, Inc",US,True,2026-05-03 12:13:06.040319+00:00
12510,ATGL,Alpha Technology Group Ltd,US,True,2026-05-03 12:13:06.040319+00:00
12511,EIC,Eagle Point Income Co Inc.,US,True,2026-05-03 12:13:06.040319+00:00
12512,ARQQ,Arqit Quantum Inc.,US,True,2026-05-03 12:13:06.040319+00:00
12513,SABA,Saba Capital Income & Opportunities Fund Ii,US,True,2026-05-03 12:13:06.040319+00:00
12514,TWLV,Twelve Seas Investment Co Iii/Cayman,US,True,2026-05-03 12:13:06.040319+00:00
12515,PESI,Perma Fix Environmental Services Inc,US,True,2026-05-03 12:13:06.040319+00:00
12516,SMDRF,Sierra Madre Gold & Silver Ltd.,US,True,2026-05-03 12:13:06.040319+00:00
12517,CRNT,Ceragon Networks Ltd,US,True,2026-05-03 12:13:06.040319+00:00
12518,CAQ,Cambridge Acquisition Corp.,US,True,2026-05-03 12:13:06.040319+00:00
12519,MPTI,"M-Tron Industries, Inc.",US,True,2026-05-03 12:13:06.040319+00:00
12520,CLW,Clearwater Paper Corp,US,True,2026-05-03 12:13:06.040319+00:00
12521,LATA,Galata Acquisition Corp. Ii,US,True,2026-05-03 12:13:06.040319+00:00
12522,HWBK,"Hawthorn Bancshares, Inc.",US,True,2026-05-03 12:13:06.040319+00:00
12523,RCMT,"Rcm Technologies, Inc.",US,True,2026-05-03 12:13:06.040319+00:00
12524,GPRO,"Gopro, Inc.",US,True,2026-05-03 12:13:06.040319+00:00
12525,PTHRF,Pantheon Resources Plc,US,True,2026-05-03 12:13:06.040319+00:00
12526,DYOR,Insight Digital Partners Ii,US,True,2026-05-03 12:13:06.040319+00:00
12527,SGHT,"Sight Sciences, Inc.",US,True,2026-05-03 12:13:06.040319+00:00
12528,PSRHF,Pulsar Helium Inc.,US,True,2026-05-03 12:13:06.040319+00:00
12529,BLRK,Bluerock Acquisition Corp.,US,True,2026-05-03 12:13:06.040319+00:00
12530,AMPY,Amplify Energy Corp.,US,True,2026-05-03 12:13:06.040319+00:00
12531,LMNR,Limoneira Co,US,True,2026-05-03 12:13:06.040319+00:00
12532,LGI,Lazard Global Total Return & Income Fund Inc,US,True,2026-05-03 12:13:06.040319+00:00
12533,NVCT,"Nuvectis Pharma, Inc.",US,True,2026-05-03 12:13:06.040319+00:00
12534,BIII,Black Spade Acquisition Iii Co,US,True,2026-05-03 12:13:06.040319+00:00
12535,PLG,Platinum Group Metals Ltd,US,True,2026-05-03 12:13:06.040319+00:00
12536,TBCH,Turtle Beach Corp,US,True,2026-05-03 12:13:06.040319+00:00
12537,HLXC,Helix Acquisition Corp. Iii,US,True,2026-05-03 12:13:06.040319+00:00
12538,LODE,Comstock Inc.,US,True,2026-05-03 12:13:06.040319+00:00
12539,SVCC,Stellar V Capital Corp. (Cayman Islands),US,True,2026-05-03 12:13:06.040319+00:00
12540,NRDY,Nerdy Inc.,US,True,2026-05-03 12:13:06.040319+00:00
12541,MIST,Milestone Pharmaceuticals Inc.,US,True,2026-05-03 12:13:06.040319+00:00
12542,AMBR,Amber International Holding Ltd,US,True,2026-05-03 12:13:06.040319+00:00
12543,EAF,Graftech International Ltd,US,True,2026-05-03 12:13:06.040319+00:00
12544,FENC,Fennec Pharmaceuticals Inc.,US,True,2026-05-03 12:13:06.040319+00:00
12545,MAGH,Magnitude International Ltd,US,True,2026-05-03 12:13:06.040319+00:00
12546,SUGRF,Sucro Ltd,US,True,2026-05-03 12:13:06.040319+00:00
12547,MPAA,Motorcar Parts Of America Inc,US,True,2026-05-03 12:13:06.040319+00:00
12548,AOMR,"Angel Oak Mortgage Reit, Inc.",US,True,2026-05-03 12:13:06.040319+00:00
12549,HHLKF,Hot Chili Ltd,US,True,2026-05-03 12:13:06.040319+00:00
12550,BNR,Burning Rock Biotech Ltd,US,True,2026-05-03 12:13:06.040319+00:00
12551,FINW,Finwise Bancorp,US,True,2026-05-03 12:13:06.040319+00:00
12552,ELTX,"Elicio Therapeutics, Inc.",US,True,2026-05-03 12:13:06.040319+00:00
12553,RICK,"Rci Hospitality Holdings, Inc.",US,True,2026-05-03 12:13:06.040319+00:00
12554,WLAC,Willow Lane Acquisition Corp.,US,True,2026-05-03 12:13:06.040319+00:00
12555,ALXO,Alx Oncology Holdings Inc,US,True,2026-05-03 12:13:06.040319+00:00
12556,APN,Apeiron Acquisition Vehicle I,US,True,2026-05-03 12:13:06.040319+00:00
12557,AIRJ,Airjoule Technologies Corp.,US,True,2026-05-03 12:13:06.040319+00:00
12558,MFM,Mfs Municipal Income Trust,US,True,2026-05-03 12:13:06.040319+00:00
12559,ACHV,"Achieve Life Sciences, Inc.",US,True,2026-05-03 12:13:06.040319+00:00
12560,VABK,Virginia National Bankshares Corp,US,True,2026-05-03 12:13:06.040319+00:00
12561,ARL,American Realty Investors Inc,US,True,2026-05-03 12:13:06.040319+00:00
12562,UTMD,Utah Medical Products Inc,US,True,2026-05-03 12:13:06.040319+00:00
12563,FXE,Invesco Currencyshares Euro Trust,US,True,2026-05-03 12:13:06.040319+00:00
12564,NPV,Nuveen Virginia Quality Municipal Income Fund,US,True,2026-05-03 12:13:06.040319+00:00
12565,MFIN,Medallion Financial Corp,US,True,2026-05-03 12:13:06.040319+00:00
12566,TC,Token Cat Ltd,US,True,2026-05-03 12:13:06.040319+00:00
12567,DPRO,Draganfly Inc.,US,True,2026-05-03 12:13:06.040319+00:00
12568,CTAA,Clearthink 1 Acquisition Corp.,US,True,2026-05-03 12:13:06.040319+00:00
12569,KF,Korea Fund Inc,US,True,2026-05-03 12:13:06.040319+00:00
12570,MGNX,Macrogenics Inc,US,True,2026-05-03 12:13:06.040319+00:00
12571,IKT,"Inhibikase Therapeutics, Inc.",US,True,2026-05-03 12:13:06.040319+00:00
12572,RGCO,Rgc Resources Inc,US,True,2026-05-03 12:13:06.040319+00:00
12573,ONCH,1Rt Acquisition Corp.,US,True,2026-05-03 12:13:06.040319+00:00
12574,VERI,"Veritone, Inc.",US,True,2026-05-03 12:13:06.040319+00:00
12575,ALTG,Alta Equipment Group Inc.,US,True,2026-05-03 12:13:06.040319+00:00
12576,ZEPP,Zepp Health Corp,US,True,2026-05-03 12:13:06.040319+00:00
12577,CDXS,"Codexis, Inc.",US,True,2026-05-03 12:13:06.040319+00:00
12578,CURV,Torrid Holdings Inc.,US,True,2026-05-03 12:13:06.040319+00:00
12579,OVBC,Ohio Valley Banc Corp,US,True,2026-05-03 12:13:06.040319+00:00
12580,TSI,Tcw Strategic Income Fund Inc,US,True,2026-05-03 12:13:06.040319+00:00
12581,MAMK,Maxsmaking Inc.,US,True,2026-05-03 12:13:06.040319+00:00
12582,DIBS,"1Stdibs.Com, Inc.",US,True,2026-05-03 12:13:06.040319+00:00
12583,OSUR,Orasure Technologies Inc,US,True,2026-05-03 12:13:06.040319+00:00
12584,LUCD,Lucid Diagnostics Inc.,US,True,2026-05-03 12:13:06.040319+00:00
12585,CNTX,Context Therapeutics Inc.,US,True,2026-05-03 12:13:06.040319+00:00
12586,CRBU,"Caribou Biosciences, Inc.",US,True,2026-05-03 12:13:06.040319+00:00
12587,LFMD,"Lifemd, Inc.",US,True,2026-05-03 12:13:06.040319+00:00
12588,QUIK,Quicklogic Corp,US,True,2026-05-03 12:13:06.040319+00:00
12589,ANIK,"Anika Therapeutics, Inc.",US,True,2026-05-03 12:13:06.040319+00:00
12590,TPVG,Triplepoint Venture Growth Bdc Corp.,US,True,2026-05-03 12:13:06.040319+00:00
12591,RDCM,Radcom Ltd,US,True,2026-05-03 12:13:06.040319+00:00
12592,CRAC,Crown Reserve Acquisition Corp. I,US,True,2026-05-03 12:13:06.040319+00:00
12593,PEBK,Peoples Bancorp Of North Carolina Inc,US,True,2026-05-03 12:13:06.040319+00:00
12594,CMTV,Community Bancorp /Vt,US,True,2026-05-03 12:13:06.040319+00:00
12595,WEWA,"Wewards, Inc.",US,True,2026-05-03 12:13:06.040319+00:00
12596,GENC,Gencor Industries Inc,US,True,2026-05-03 12:13:06.040319+00:00
12597,JLHL,Julong Holding Ltd,US,True,2026-05-03 12:13:06.040319+00:00
12598,OABI,"Omniab, Inc.",US,True,2026-05-03 12:13:06.040319+00:00
12599,IIF,"Morgan Stanley India Investment Fund, Inc.",US,True,2026-05-03 12:13:06.040319+00:00
12600,IMMR,Immersion Corp,US,True,2026-05-03 12:13:06.040319+00:00
12601,MDWD,Mediwound Ltd.,US,True,2026-05-03 12:13:06.040319+00:00
12602,SDSYA,South Dakota Soybean Processors Llc,US,True,2026-05-03 12:13:06.040319+00:00
12603,VTIX,Virtuix Holdings Inc.,US,True,2026-05-03 12:13:06.040319+00:00
12604,EGAN,Egain Corp,US,True,2026-05-03 12:13:06.040319+00:00
12605,HWAIF,Healwell Ai Inc.,US,True,2026-05-03 12:13:06.040319+00:00
12606,GSHR,Gesher Acquisition Corp. Ii,US,True,2026-05-03 12:13:06.040319+00:00
12607,SJT,San Juan Basin Royalty Trust,US,True,2026-05-03 12:13:06.040319+00:00
12608,PMMCF,Pampa Metals Corp,US,True,2026-05-03 12:13:06.040319+00:00
12609,LIEN,"Chicago Atlantic Bdc, Inc.",US,True,2026-05-03 12:13:06.040319+00:00
12610,EFSI,Eagle Financial Services Inc,US,True,2026-05-03 12:13:06.040319+00:00
12611,QSI,Quantum-Si Inc,US,True,2026-05-03 12:13:06.040319+00:00
12612,ACB,Aurora Cannabis Inc,US,True,2026-05-03 12:13:06.040319+00:00
12613,EGHA,Egh Acquisition Corp.,US,True,2026-05-03 12:13:06.040319+00:00
12614,OPBK,Op Bancorp,US,True,2026-05-03 12:13:06.040319+00:00
12615,ENLV,Enlivex Ltd.,US,True,2026-05-03 12:13:06.040319+00:00
12616,RNA,"Atrium Therapeutics, Inc.",US,True,2026-05-03 12:13:06.040319+00:00
12617,PLBY,"Playboy, Inc.",US,True,2026-05-03 12:13:06.040319+00:00
12618,CXDO,"Crexendo, Inc.",US,True,2026-05-03 12:13:06.040319+00:00
12619,ELMD,"Electromed, Inc.",US,True,2026-05-03 12:13:06.040319+00:00
12620,GWRS,"Global Water Resources, Inc.",US,True,2026-05-03 12:13:06.040319+00:00
12621,PEVM,Phoenix Motor Inc.,US,True,2026-05-03 12:13:06.040319+00:00
12622,IPOD,Collective Acquisition Corp.,US,True,2026-05-03 12:13:06.040319+00:00
12623,OSG,Octave Specialty Group Inc,US,True,2026-05-03 12:13:06.040319+00:00
12624,HITI,High Tide Inc.,US,True,2026-05-03 12:13:06.040319+00:00
12625,BXSY,Bexil Investment Trust,US,True,2026-05-03 12:13:06.040319+00:00
12626,MINE,Mayfair Gold Corp.,US,True,2026-05-03 12:13:06.040319+00:00
12627,PALO,Paloma Acquisition Corp I,US,True,2026-05-03 12:13:06.040319+00:00
12628,PED,Pedevco Corp,US,True,2026-05-03 12:13:06.040319+00:00
12629,HAVA,Harvard Ave Acquisition Corp,US,True,2026-05-03 12:13:06.040319+00:00
12630,INFU,"Infusystem Holdings, Inc",US,True,2026-05-03 12:13:06.040319+00:00
12631,STEX,Streamex Corp.,US,True,2026-05-03 12:13:06.040319+00:00
12632,KPTI,Karyopharm Therapeutics Inc.,US,True,2026-05-03 12:13:06.040319+00:00
12633,SRV,Nxg Cushing Midstream Energy Fund,US,True,2026-05-03 12:13:06.040319+00:00
12634,ESP,Espey Mfg & Electronics Corp,US,True,2026-05-03 12:13:06.040319+00:00
12635,FT,Franklin Universal Trust,US,True,2026-05-03 12:13:06.040319+00:00
12636,FCCN,Spectral Capital Corp,US,True,2026-05-03 12:13:06.040319+00:00
12637,GPJA,Georgia Power Co,US,True,2026-05-03 12:13:06.040319+00:00
12638,VUZI,Vuzix Corp,US,True,2026-05-03 12:13:06.040319+00:00
12639,NEN,New England Realty Associates Limited Partnership,US,True,2026-05-03 12:13:06.040319+00:00
12640,PMTS,Cpi Card Group Inc.,US,True,2026-05-03 12:13:06.040319+00:00
12641,INBK,First Internet Bancorp,US,True,2026-05-03 12:13:06.040319+00:00
12642,CURI,Curiositystream Inc.,US,True,2026-05-03 12:13:06.040319+00:00
12643,INTT,Intest Corp,US,True,2026-05-03 12:13:06.040319+00:00
12644,ETX,Eaton Vance Municipal Income 2028 Term Trust,US,True,2026-05-03 12:13:06.040319+00:00
12645,III,Information Services Group Inc.,US,True,2026-05-03 12:13:06.040319+00:00
12646,OGI,Organigram Global Inc.,US,True,2026-05-03 12:13:06.040319+00:00
12647,LPRO,Open Lending Corp,US,True,2026-05-03 12:13:06.040319+00:00
12648,NHS,Neuberger High Yield Strategies Fund Inc.,US,True,2026-05-03 12:13:06.040319+00:00
12649,TSKFF,Talisker Resources Ltd.,US,True,2026-05-03 12:13:06.040319+00:00
12650,IDE,"Voya Infrastructure, Industrials & Materials Fund",US,True,2026-05-03 12:13:06.040319+00:00
12651,KVHI,Kvh Industries Inc \De\,US,True,2026-05-03 12:13:06.040319+00:00
12652,MNTK,"Montauk Renewables, Inc.",US,True,2026-05-03 12:13:06.040319+00:00
12653,EGG,Enigmatig Ltd,US,True,2026-05-03 12:13:06.040319+00:00
12654,DMB,"Bny Mellon Municipal Bond Infrastructure Fund, Inc.",US,True,2026-05-03 12:13:06.040319+00:00
12655,SND,"Smart Sand, Inc.",US,True,2026-05-03 12:13:06.040319+00:00
12656,CVRX,"Cvrx, Inc.",US,True,2026-05-03 12:13:06.040319+00:00
12657,SHIM,Shimmick Corp,US,True,2026-05-03 12:13:06.040319+00:00
12658,MVIS,"Microvision, Inc.",US,True,2026-05-03 12:13:06.040319+00:00
12659,RELL,"Richardson Electronics, Ltd.",US,True,2026-05-03 12:13:06.040319+00:00
12660,TRGS,Trg Latin America Acquisitions Corp.,US,True,2026-05-03 12:13:06.040319+00:00
12661,KTWO,K2 Capital Acquisition Corp,US,True,2026-05-03 12:13:06.040319+00:00
12662,TRVG,Trivago N.V.,US,True,2026-05-03 12:13:06.040319+00:00
12663,TBXXF,King Copper Discovery Corp.,US,True,2026-05-03 12:13:06.040319+00:00
12664,WHWK,"Whitehawk Therapeutics, Inc.",US,True,2026-05-03 12:13:06.040319+00:00
12665,BEBE,Tge Value Creative Solutions Corp,US,True,2026-05-03 12:13:06.040319+00:00
12666,ABOS,"Acumen Pharmaceuticals, Inc.",US,True,2026-05-03 12:13:06.040319+00:00
12667,FIGX,Figx Capital Acquisition Corp.,US,True,2026-05-03 12:13:06.040319+00:00
12668,CZWI,Citizens Community Bancorp Inc.,US,True,2026-05-03 12:13:06.040319+00:00
12669,PNPNF,Power Metallic Mines Inc.,US,True,2026-05-03 12:13:06.040319+00:00
12670,OPP,"Rivernorth/Doubleline Strategic Opportunity Fund, Inc.",US,True,2026-05-03 12:13:06.040319+00:00
12671,DBE,Invesco Db Energy Fund,US,True,2026-05-03 12:13:06.040319+00:00
12672,LFCR,"Lifecore Biomedical, Inc. \De\",US,True,2026-05-03 12:13:06.040319+00:00
12673,AP,Ampco Pittsburgh Corp,US,True,2026-05-03 12:13:06.040319+00:00
12674,LFAC,Leapfrog Acquisition Corp,US,True,2026-05-03 12:13:06.040319+00:00
12675,AIIA,Ai Infrastructure Acquisition Corp.,US,True,2026-05-03 12:13:06.040319+00:00
12676,LEE,"Lee Enterprises, Inc",US,True,2026-05-03 12:13:06.040319+00:00
12677,OZ,"Belpointe Prep, Llc",US,True,2026-05-03 12:13:06.040319+00:00
12678,SMHI,Seacor Marine Holdings Inc.,US,True,2026-05-03 12:13:06.040319+00:00
12679,KRRO,"Korro Bio, Inc.",US,True,2026-05-03 12:13:06.040319+00:00
12680,SPMC,"Sound Point Meridian Capital, Inc.",US,True,2026-05-03 12:13:06.040319+00:00
12681,NCSM,"Ncs Multistage Holdings, Inc.",US,True,2026-05-03 12:13:06.040319+00:00
12682,JILL,"J.Jill, Inc.",US,True,2026-05-03 12:13:06.040319+00:00
12683,HGLB,Highland Global Allocation Fund,US,True,2026-05-03 12:13:06.040319+00:00
12684,SGMT,Sagimet Biosciences Inc.,US,True,2026-05-03 12:13:06.040319+00:00
12685,BNAI,Brand Engagement Network Inc.,US,True,2026-05-03 12:13:06.040319+00:00
12686,HRTX,"Heron Therapeutics, Inc. /De/",US,True,2026-05-03 12:13:06.040319+00:00
12687,GF,New Germany Fund Inc,US,True,2026-05-03 12:13:06.040319+00:00
12688,DTIL,Precision Biosciences Inc,US,True,2026-05-03 12:13:06.040319+00:00
12689,TNXP,Tonix Pharmaceuticals Holding Corp.,US,True,2026-05-03 12:13:06.040319+00:00
12690,PAL,"Proficient Auto Logistics, Inc",US,True,2026-05-03 12:13:06.040319+00:00
12691,BHLL,Bunker Hill Mining Corp.,US,True,2026-05-03 12:13:06.040319+00:00
12692,MPV,Barings Participation Investors,US,True,2026-05-03 12:13:06.040319+00:00
12693,FBLA,"Fb Bancorp, Inc. /Md/",US,True,2026-05-03 12:13:06.040319+00:00
12694,WIA,Western Asset Inflation-Linked Income Fund,US,True,2026-05-03 12:13:06.040319+00:00
12695,NRO,Neuberger Real Estate Securities Income Fund Inc,US,True,2026-05-03 12:13:06.040319+00:00
12696,OMSE,Oms Energy Technologies Inc.,US,True,2026-05-03 12:13:06.040319+00:00
12697,HERE,Here Group Ltd,US,True,2026-05-03 12:13:06.040319+00:00
12698,ANNA,"Aleanna, Inc.",US,True,2026-05-03 12:13:06.040319+00:00
12699,INSE,"Inspired Entertainment, Inc.",US,True,2026-05-03 12:13:06.040319+00:00
12700,FOA,Finance Of America Companies Inc.,US,True,2026-05-03 12:13:06.040319+00:00
12701,INGN,Inogen Inc,US,True,2026-05-03 12:13:06.040319+00:00
12702,MRT,"Marti Technologies, Inc.",US,True,2026-05-03 12:13:06.040319+00:00
12703,TAYD,"Taylor Devices, Inc.",US,True,2026-05-03 12:13:06.040319+00:00
12704,CPSS,"Consumer Portfolio Services, Inc.",US,True,2026-05-03 12:13:06.040319+00:00
12705,VPV,Invesco Pennsylvania Value Municipal Income Trust,US,True,2026-05-03 12:13:06.040319+00:00
12706,NLOP,Net Lease Office Properties,US,True,2026-05-03 12:13:06.040319+00:00
12707,UIS,Unisys Corp,US,True,2026-05-03 12:13:06.040319+00:00
12708,SRI,Stoneridge Inc,US,True,2026-05-03 12:13:06.040319+00:00
12709,WTF,Waton Financial Ltd,US,True,2026-05-03 12:13:06.040319+00:00
12710,CNTN,"Canton Strategic Holdings, Inc.",US,True,2026-05-03 12:13:06.040319+00:00
12711,ELME,Elme Communities,US,True,2026-05-03 12:13:06.040319+00:00
12712,KLTR,Kaltura Inc,US,True,2026-05-03 12:13:06.040319+00:00
12713,EHI,Western Asset Global High Income Fund Inc.,US,True,2026-05-03 12:13:06.040319+00:00
12714,STXS,"Stereotaxis, Inc.",US,True,2026-05-03 12:13:06.040319+00:00
12715,KRMD,"Koru Medical Systems, Inc.",US,True,2026-05-03 12:13:06.040319+00:00
12716,YRD,Yiren Digital Ltd.,US,True,2026-05-03 12:13:06.040319+00:00
12717,PAMT,Pamt Corp,US,True,2026-05-03 12:13:06.040319+00:00
12718,FF,Futurefuel Corp.,US,True,2026-05-03 12:13:06.040319+00:00
12719,BHR,Braemar Hotels & Resorts Inc.,US,True,2026-05-03 12:13:06.040319+00:00
12720,DHY,Credit Suisse High Yield Credit Fund,US,True,2026-05-03 12:13:06.040319+00:00
12721,CANG,Cango Inc.,US,True,2026-05-03 12:13:06.040319+00:00
12722,VXRT,"Vaxart, Inc.",US,True,2026-05-03 12:13:06.040319+00:00
12723,RNAC,"Cartesian Therapeutics, Inc.",US,True,2026-05-03 12:13:06.040319+00:00
12724,TCX,Tucows Inc /Pa/,US,True,2026-05-03 12:13:06.040319+00:00
12725,XYF,X Financial,US,True,2026-05-03 12:13:06.040319+00:00
12726,ONEW,Onewater Marine Inc.,US,True,2026-05-03 12:13:06.040319+00:00
12727,PRQR,Proqr Therapeutics N.V.,US,True,2026-05-03 12:13:06.040319+00:00
12728,FOTB,"First Ottawa Bancshares, Inc.",US,True,2026-05-03 12:13:06.040319+00:00
12729,CRBP,"Corbus Pharmaceuticals Holdings, Inc.",US,True,2026-05-03 12:13:06.040319+00:00
12730,SRGXF,Surge Copper Corp,US,True,2026-05-03 12:13:06.040319+00:00
12731,CRDL,Cardiol Therapeutics Inc.,US,True,2026-05-03 12:13:06.040319+00:00
12732,KGEI,Kolibri Global Energy Inc.,US,True,2026-05-03 12:13:06.040319+00:00
12733,UNCY,"Unicycive Therapeutics, Inc.",US,True,2026-05-03 12:13:06.040319+00:00
12734,SEVN,Seven Hills Realty Trust,US,True,2026-05-03 12:13:06.040319+00:00
12735,CHCI,"Comstock Holding Companies, Inc.",US,True,2026-05-03 12:13:06.040319+00:00
12736,RVLGF,Revival Gold Inc.,US,True,2026-05-03 12:13:06.040319+00:00
12737,SMTI,Sanara Medtech Inc.,US,True,2026-05-03 12:13:06.040319+00:00
12738,EPSN,Epsilon Energy Ltd.,US,True,2026-05-03 12:13:06.040319+00:00
12739,ZJK,"Zjk Industrial Co., Ltd.",US,True,2026-05-03 12:13:06.040319+00:00
12740,EMP,"Entergy Mississippi, Llc",US,True,2026-05-03 12:13:06.040319+00:00
12741,PAAC,Proem Acquisition Corp. I,US,True,2026-05-03 12:13:06.040319+00:00
12742,BDTX,"Black Diamond Therapeutics, Inc.",US,True,2026-05-03 12:13:06.040319+00:00
12743,SILC,Silicom Ltd.,US,True,2026-05-03 12:13:06.040319+00:00
12744,FLC,Flaherty & Crumrine Total Return Fund Inc,US,True,2026-05-03 12:13:06.040319+00:00
12745,AMTX,"Aemetis, Inc",US,True,2026-05-03 12:13:06.040319+00:00
12746,NFE,New Fortress Energy Inc.,US,True,2026-05-03 12:13:06.040319+00:00
12747,STLRF,Stllr Gold Inc.,US,True,2026-05-03 12:13:06.040319+00:00
12748,HTLM,Homestolife Ltd,US,True,2026-05-03 12:13:06.040319+00:00
12749,PLX,"Protalix Biotherapeutics, Inc.",US,True,2026-05-03 12:13:06.040319+00:00
12750,BVFL,"Bv Financial, Inc.",US,True,2026-05-03 12:13:06.040319+00:00
12751,DHF,Bny Mellon High Yield Strategies Fund,US,True,2026-05-03 12:13:06.040319+00:00
12752,SGC,"Superior Group Of Companies, Inc.",US,True,2026-05-03 12:13:06.040319+00:00
12753,DOMO,"Domo, Inc.",US,True,2026-05-03 12:13:06.040319+00:00
12754,FCAP,First Capital Inc,US,True,2026-05-03 12:13:06.040319+00:00
12755,HURA,"Tuhura Biosciences, Inc./Nv",US,True,2026-05-03 12:13:06.040319+00:00
12756,RYDE,Ryde Group Ltd,US,True,2026-05-03 12:13:06.040319+00:00
12757,CBFV,"Cb Financial Services, Inc.",US,True,2026-05-03 12:13:06.040319+00:00
12758,IDN,"Intellicheck, Inc.",US,True,2026-05-03 12:13:06.040319+00:00
12759,ACU,Acme United Corp,US,True,2026-05-03 12:13:06.040319+00:00
12760,FLX,Bingex Ltd,US,True,2026-05-03 12:13:06.040319+00:00
12761,NVX,Novonix Ltd,US,True,2026-05-03 12:13:06.040319+00:00
12762,SMID,Smith Midland Corp,US,True,2026-05-03 12:13:06.040319+00:00
12763,NUTR,Nusatrip Inc,US,True,2026-05-03 12:13:06.040319+00:00
12764,CHEC,Chenghe Acquisition Iii Co.,US,True,2026-05-03 12:13:06.040319+00:00
12765,EBMT,"Eagle Bancorp Montana, Inc.",US,True,2026-05-03 12:13:06.040319+00:00
12766,VBF,Invesco Bond Fund,US,True,2026-05-03 12:13:06.040319+00:00
12767,BZUN,Baozun Inc.,US,True,2026-05-03 12:13:06.040319+00:00
12768,MNSB,"Mainstreet Bancshares, Inc.",US,True,2026-05-03 12:13:06.040319+00:00
12769,AIRS,"Airsculpt Technologies, Inc.",US,True,2026-05-03 12:13:06.040319+00:00
12770,UTGN,Utg Inc,US,True,2026-05-03 12:13:06.040319+00:00
12771,EARN,Ellington Credit Co,US,True,2026-05-03 12:13:06.040319+00:00
12772,AGMRF,"Silver Mountain Resources, Inc.",US,True,2026-05-03 12:13:06.040319+00:00
12773,LAWR,"Robot Consulting Co., Ltd.",US,True,2026-05-03 12:13:06.040319+00:00
12774,RBKB,"Rhinebeck Bancorp, Inc.",US,True,2026-05-03 12:13:06.040319+00:00
12775,ICTSF,Icts International N V,US,True,2026-05-03 12:13:06.040319+00:00
12776,KALA,"Kala Bio, Inc.",US,True,2026-05-03 12:13:06.040319+00:00
12777,BMBN,Benchmark Bankshares Inc,US,True,2026-05-03 12:13:06.040319+00:00
12778,KBLB,"Kraig Biocraft Laboratories, Inc.",US,True,2026-05-03 12:13:06.040319+00:00
12779,BSL,Blackstone Senior Floating Rate 2027 Term Fund,US,True,2026-05-03 12:13:06.040319+00:00
12780,BCBP,Bcb Bancorp Inc,US,True,2026-05-03 12:13:06.040319+00:00
12781,DMRC,Digimarc Corp,US,True,2026-05-03 12:13:06.040319+00:00
12782,ENJ,"Entergy New Orleans, Llc",US,True,2026-05-03 12:13:06.040319+00:00
12783,PERF,Perfect Corp.,US,True,2026-05-03 12:13:06.040319+00:00
12784,RANG,Range Capital Acquisition Corp.,US,True,2026-05-03 12:13:06.040319+00:00
12785,BCAC,Brookline Capital Acquisition Corp Ii,US,True,2026-05-03 12:13:06.040319+00:00
12786,WHF,"Whitehorse Finance, Inc.",US,True,2026-05-03 12:13:06.040319+00:00
12787,QNBC,Qnb Corp.,US,True,2026-05-03 12:13:06.040319+00:00
12788,GRO,Brazil Potash Corp.,US,True,2026-05-03 12:13:06.040319+00:00
12789,GGT,Gabelli Multimedia Trust Inc.,US,True,2026-05-03 12:13:06.040319+00:00
12790,TKNO,"Alpha Teknova, Inc.",US,True,2026-05-03 12:13:06.040319+00:00
12791,FGFH,Foresight Financial Group Inc,US,True,2026-05-03 12:13:06.040319+00:00
12792,CMCM,Cheetah Mobile Inc.,US,True,2026-05-03 12:13:06.040319+00:00
12793,PONO,"Pono Capital Four, Inc.",US,True,2026-05-03 12:13:06.040319+00:00
12794,DOUG,Douglas Elliman Inc.,US,True,2026-05-03 12:13:06.040319+00:00
12795,RAIL,"Freightcar America, Inc.",US,True,2026-05-03 12:13:06.040319+00:00
12796,ECF,Ellsworth Growth & Income Fund Ltd,US,True,2026-05-03 12:13:06.040319+00:00
12797,SNWV,"Sanuwave Health, Inc.",US,True,2026-05-03 12:13:06.040319+00:00
12798,PCQ,Pimco California Municipal Income Fund,US,True,2026-05-03 12:13:06.040319+00:00
12799,APGOF,Apollo Silver Corp,US,True,2026-05-03 12:13:06.040319+00:00
12800,BRR,"Procap Financial, Inc.",US,True,2026-05-03 12:13:06.040319+00:00
12801,AMEGF,American Eagle Gold Corp.,US,True,2026-05-03 12:13:06.040319+00:00
12802,CSBB,"Csb Bancorp, Inc.",US,True,2026-05-03 12:13:06.040319+00:00
12803,PDEX,Pro Dex Inc,US,True,2026-05-03 12:13:06.040319+00:00
12804,AIFU,Aifu Inc.,US,True,2026-05-03 12:13:06.040319+00:00
12805,SDA,Suncar Technology Group Inc.,US,True,2026-05-03 12:13:06.040319+00:00
12806,USGO,U.S. Goldmining Inc.,US,True,2026-05-03 12:13:06.040319+00:00
12807,ALPS,Alps Group Inc,US,True,2026-05-03 12:13:06.040319+00:00
12808,AGXPF,Silver X Mining Corp.,US,True,2026-05-03 12:13:06.040319+00:00
12809,OXSQ,Oxford Square Capital Corp.,US,True,2026-05-03 12:13:06.040319+00:00
12810,VTN,Invesco Trust For Investment Grade New York Municipals,US,True,2026-05-03 12:13:06.040319+00:00
12811,ATLN,Atlantic International Corp.,US,True,2026-05-03 12:13:06.040319+00:00
12812,RLEA,Rubber Leaf Inc,US,True,2026-05-03 12:13:06.040319+00:00
12813,EDF,Virtus Stone Harbor Emerging Markets Income Fund,US,True,2026-05-03 12:13:06.040319+00:00
12814,DERM,Journey Medical Corp,US,True,2026-05-03 12:13:06.040319+00:00
12815,OWLT,"Owlet, Inc.",US,True,2026-05-03 12:13:06.040319+00:00
12816,GLND,Greenland Energy Co,US,True,2026-05-03 12:13:06.040319+00:00
12817,MDV,"Modiv Industrial, Inc.",US,True,2026-05-03 12:13:06.040319+00:00
12818,LARK,Landmark Bancorp Inc,US,True,2026-05-03 12:13:06.040319+00:00
12819,CHPT,"Chargepoint Holdings, Inc.",US,True,2026-05-03 12:13:06.040319+00:00
12820,TTEC,"Ttec Holdings, Inc.",US,True,2026-05-03 12:13:06.040319+00:00
12821,MOLN,Molecular Partners Ag,US,True,2026-05-03 12:13:06.040319+00:00
12822,RENEF,Cartesian Growth Corp Ii,US,True,2026-05-03 12:13:06.040319+00:00
12823,CPKF,Chesapeake Financial Shares Inc,US,True,2026-05-03 12:13:06.040319+00:00
12824,NMP,Nmp Acquisition Corp.,US,True,2026-05-03 12:13:06.040319+00:00
12825,BMN,Blackrock 2037 Municipal Target Term Trust,US,True,2026-05-03 12:13:06.040319+00:00
12826,MSLE,Satellos Bioscience Inc.,US,True,2026-05-03 12:13:06.040319+00:00
12827,SPRO,"Spero Therapeutics, Inc.",US,True,2026-05-03 12:13:06.040319+00:00
12828,NNY,Nuveen New York Municipal Value Fund,US,True,2026-05-03 12:13:06.040319+00:00
12829,MENS,Jyong Biotech Ltd.,US,True,2026-05-03 12:13:06.040319+00:00
12830,APYX,Apyx Medical Corp,US,True,2026-05-03 12:13:06.040319+00:00
12831,CGEH,"Capstone Green Energy Holdings, Inc.",US,True,2026-05-03 12:13:06.040319+00:00
12832,TETOF,Tectonic Metals Inc.,US,True,2026-05-03 12:13:06.040319+00:00
12833,RENT,"Rent The Runway, Inc.",US,True,2026-05-03 12:13:06.040319+00:00
12834,KISB,Kish Bancorp Inc,US,True,2026-05-03 12:13:06.040319+00:00
12835,ECBK,"Ecb Bancorp, Inc. /Md/",US,True,2026-05-03 12:13:06.040319+00:00
12836,LGCY,Legacy Education Inc.,US,True,2026-05-03 12:13:06.040319+00:00
12837,HNVR,"Hanover Bancorp, Inc. /Md",US,True,2026-05-03 12:13:06.040319+00:00
12838,KORE,"Kore Group Holdings, Inc.",US,True,2026-05-03 12:13:06.040319+00:00
12839,LMRXF,Laramide Resources Ltd,US,True,2026-05-03 12:13:06.040319+00:00
12840,ZHJD,Intelligent Hotel Group Ltd.,US,True,2026-05-03 12:13:06.040319+00:00
12841,EMIS,Emmis Acquisition Corp.,US,True,2026-05-03 12:13:06.040319+00:00
12842,NAKA,Nakamoto Inc.,US,True,2026-05-03 12:13:06.040319+00:00
12843,LKSP,Lake Superior Acquisition Corp,US,True,2026-05-03 12:13:06.040319+00:00
12844,VLN,Valens Semiconductor Ltd.,US,True,2026-05-03 12:13:06.040319+00:00
12845,SSVFF,Southern Silver Exploration Corp,US,True,2026-05-03 12:13:06.040319+00:00
12846,PIM,Putnam Master Intermediate Income Trust,US,True,2026-05-03 12:13:06.040319+00:00
12847,LAFA,Lafayette Acquisition Corp.,US,True,2026-05-03 12:13:06.040319+00:00
12848,FATE,Fate Therapeutics Inc,US,True,2026-05-03 12:13:06.040319+00:00
12849,PNBK,Patriot National Bancorp Inc,US,True,2026-05-03 12:13:06.040319+00:00
12850,TLSA,Tiziana Life Sciences Ltd,US,True,2026-05-03 12:13:06.040319+00:00
12851,SPEG,Silver Pegasus Acquisition Corp.,US,True,2026-05-03 12:13:06.040319+00:00
12852,WPAC,White Pearl Acquisition Corp.,US,True,2026-05-03 12:13:06.040319+00:00
12853,ORMP,Oramed Pharmaceuticals Inc.,US,True,2026-05-03 12:13:06.040319+00:00
12854,EMPD,Empery Digital Inc.,US,True,2026-05-03 12:13:06.040319+00:00
12855,GLAI,"Global Ai, Inc.",US,True,2026-05-03 12:13:06.040319+00:00
12856,MHF,Western Asset Municipal High Income Fund Inc.,US,True,2026-05-03 12:13:06.040319+00:00
12857,AMCI,Amc Robotics Corp,US,True,2026-05-03 12:13:06.040319+00:00
12858,TGLO,Theglobe Com Inc,US,True,2026-05-03 12:13:06.040319+00:00
12859,IMPP,Imperial Petroleum Inc./Marshall Islands,US,True,2026-05-03 12:13:06.040319+00:00
12860,SNNGF,Ppx Mining Corp.,US,True,2026-05-03 12:13:06.040319+00:00
12861,TLYS,"Tilly'S, Inc.",US,True,2026-05-03 12:13:06.040319+00:00
12862,BANX,Arrowmark Financial Corp.,US,True,2026-05-03 12:13:06.040319+00:00
12863,RFIL,R F Industries Ltd,US,True,2026-05-03 12:13:06.040319+00:00
12864,REPL,"Replimune Group, Inc.",US,True,2026-05-03 12:13:06.040319+00:00
12865,LCUT,"Lifetime Brands, Inc",US,True,2026-05-03 12:13:06.040319+00:00
12866,WHG,Westwood Holdings Group Inc,US,True,2026-05-03 12:13:06.040319+00:00
12867,FGBI,"First Guaranty Bancshares, Inc.",US,True,2026-05-03 12:13:06.040319+00:00
12868,NAZ,Nuveen Arizona Quality Municipal Income Fund,US,True,2026-05-03 12:13:06.040319+00:00
12869,GLED,Galaxyedge Acquisition Corp,US,True,2026-05-03 12:13:06.040319+00:00
12870,DOYU,Douyu International Holdings Ltd,US,True,2026-05-03 12:13:06.040319+00:00
12871,AMFN,"American Fusion, Inc.",US,True,2026-05-03 12:13:06.040319+00:00
12872,SPE,"Special Opportunities Fund, Inc.",US,True,2026-05-03 12:13:06.040319+00:00
12873,VTVT,Vtv Therapeutics Inc.,US,True,2026-05-03 12:13:06.040319+00:00
12874,NNOX,Nano-X Imaging Ltd.,US,True,2026-05-03 12:13:06.040319+00:00
12875,UTKN,Universal Token,US,True,2026-05-03 12:13:06.040319+00:00
12876,QTRX,Quanterix Corp,US,True,2026-05-03 12:13:06.040319+00:00
12877,AGEN,Agenus Inc,US,True,2026-05-03 12:13:06.040319+00:00
12878,EMYB,"Embassy Bancorp, Inc.",US,True,2026-05-03 12:13:06.040319+00:00
12879,GLQ,Clough Global Equity Fund,US,True,2026-05-03 12:13:06.040319+00:00
12880,TNYA,"Tenaya Therapeutics, Inc.",US,True,2026-05-03 12:13:06.040319+00:00
12881,GALT,Galectin Therapeutics Inc,US,True,2026-05-03 12:13:06.040319+00:00
12882,ACOG,Alpha Cognition Inc.,US,True,2026-05-03 12:13:06.040319+00:00
12883,INAC,Indigo Acquisition Corp.,US,True,2026-05-03 12:13:06.040319+00:00
12884,MSD,Morgan Stanley Emerging Markets Debt Fund Inc,US,True,2026-05-03 12:13:06.040319+00:00
12885,VATE,Innovate Corp.,US,True,2026-05-03 12:13:06.040319+00:00
12886,THRY,"Thryv Holdings, Inc.",US,True,2026-05-03 12:13:06.040319+00:00
12887,AXR,Amrep Corp.,US,True,2026-05-03 12:13:06.040319+00:00
12888,SLNH,"Soluna Holdings, Inc",US,True,2026-05-03 12:13:06.040319+00:00
12889,PFD,Flaherty & Crumrine Preferred & Income Fund Inc,US,True,2026-05-03 12:13:06.040319+00:00
12890,CEPS,"Cantor Equity Partners Vi, Inc.",US,True,2026-05-03 12:13:06.040319+00:00
12891,AXREF,Amarc Resources Ltd,US,True,2026-05-03 12:13:06.040319+00:00
12892,YCY,Aa Mission Acquisition Corp. Ii,US,True,2026-05-03 12:13:06.040319+00:00
12893,CTW,Ctw Cayman,US,True,2026-05-03 12:13:06.040319+00:00
12894,IGA,Voya Global Advantage & Premium Opportunity Fund,US,True,2026-05-03 12:13:06.040319+00:00
12895,MPA,Blackrock Muniyield Pennsylvania Quality Fund,US,True,2026-05-03 12:13:06.040319+00:00
12896,HUMA,"Humacyte, Inc.",US,True,2026-05-03 12:13:06.040319+00:00
12897,ACR,Acres Commercial Realty Corp.,US,True,2026-05-03 12:13:06.040319+00:00
12898,RCEL,"Avita Medical, Inc.",US,True,2026-05-03 12:13:06.040319+00:00
12899,CNTB,Connect Biopharma Holdings Ltd,US,True,2026-05-03 12:13:06.040319+00:00
12900,TRAK,"Repositrak, Inc.",US,True,2026-05-03 12:13:06.040319+00:00
12901,SVRE,Saverone 2014 Ltd.,US,True,2026-05-03 12:13:06.040319+00:00
12902,SKYX,Skyx Platforms Corp.,US,True,2026-05-03 12:13:06.040319+00:00
12903,DLNG,Dynagas Lng Partners Lp,US,True,2026-05-03 12:13:06.040319+00:00
12904,MBOT,Microbot Medical Inc.,US,True,2026-05-03 12:13:06.040319+00:00
12905,SRBK,"Sr Bancorp, Inc.",US,True,2026-05-03 12:13:06.040319+00:00
12906,KLRS,"Kalaris Therapeutics, Inc.",US,True,2026-05-03 12:13:06.040319+00:00
12907,GOAI,Eva Live Inc,US,True,2026-05-03 12:13:06.040319+00:00
12908,EVG,Eaton Vance Short Duration Diversified Income Fund,US,True,2026-05-03 12:13:06.040319+00:00
12909,CLPR,Clipper Realty Inc.,US,True,2026-05-03 12:13:06.040319+00:00
12910,VLTLF,Volt Lithium Corp.,US,True,2026-05-03 12:13:06.040319+00:00
12911,BHAV,Bhav Acquisition Corp,US,True,2026-05-03 12:13:06.040319+00:00
12912,SPWR,Sunpower Inc.,US,True,2026-05-03 12:13:06.040319+00:00
12913,CVGI,"Commercial Vehicle Group, Inc.",US,True,2026-05-03 12:13:06.040319+00:00
12914,EMPG,Empro Group Inc.,US,True,2026-05-03 12:13:06.040319+00:00
12915,RMBI,"Richmond Mutual Bancorporation, Inc.",US,True,2026-05-03 12:13:06.040319+00:00
12916,XFLH,Xflh Capital Corp,US,True,2026-05-03 12:13:06.040319+00:00
12917,SRG,Seritage Growth Properties,US,True,2026-05-03 12:13:06.040319+00:00
12918,ENBP,Enb Financial Corp,US,True,2026-05-03 12:13:06.040319+00:00
12919,GNT,"Gamco Natural Resources, Gold & Income Trust",US,True,2026-05-03 12:13:06.040319+00:00
12920,HOFT,Hooker Furnishings Corp,US,True,2026-05-03 12:13:06.040319+00:00
12921,RFAM,Rf Acquisition Corp Iii,US,True,2026-05-03 12:13:06.040319+00:00
12922,IPHA,Innate Pharma Sa,US,True,2026-05-03 12:13:06.040319+00:00
12923,BRLT,"Brilliant Earth Group, Inc.",US,True,2026-05-03 12:13:06.040319+00:00
12924,TUNGF,American Tungsten Corp.,US,True,2026-05-03 12:13:06.040319+00:00
12925,SANG,Sangoma Technologies Corp,US,True,2026-05-03 12:13:06.040319+00:00
12926,HQI,"Hirequest, Inc.",US,True,2026-05-03 12:13:06.040319+00:00
12927,HYDTF,Hydreight Technologies Inc.,US,True,2026-05-03 12:13:06.040319+00:00
12928,CIK,"Credit Suisse Asset Management Income Fund, Inc.",US,True,2026-05-03 12:13:06.040319+00:00
12929,ONL,Orion Properties Inc.,US,True,2026-05-03 12:13:06.040319+00:00
12930,COE,51Talk Online Education Group,US,True,2026-05-03 12:13:06.040319+00:00
12931,UAC,United Acquisition Corp. I,US,True,2026-05-03 12:13:06.040319+00:00
12932,NYXH,Nyxoah Sa,US,True,2026-05-03 12:13:06.040319+00:00
12933,BYRN,Byrna Technologies Inc.,US,True,2026-05-03 12:13:06.040319+00:00
12934,FNWD,Finward Bancorp,US,True,2026-05-03 12:13:06.040319+00:00
12935,HYI,Western Asset High Yield Opportunity Fund Inc.,US,True,2026-05-03 12:13:06.040319+00:00
12936,TONX,Ton Strategy Co,US,True,2026-05-03 12:13:06.040319+00:00
12937,BGX,Blackstone Long-Short Credit Income Fund,US,True,2026-05-03 12:13:06.040319+00:00
12938,RGP,"Resources Connection, Inc.",US,True,2026-05-03 12:13:06.040319+00:00
12939,BCV,Bancroft Fund Ltd,US,True,2026-05-03 12:13:06.040319+00:00
12940,GRX,Gabelli Healthcare & Wellnessrx Trust,US,True,2026-05-03 12:13:06.040319+00:00
12941,HEQ,John Hancock Diversified Income Fund,US,True,2026-05-03 12:13:06.040319+00:00
12942,BWG,Brandywineglobal-Global Income Opportunities Fund Inc,US,True,2026-05-03 12:13:06.040319+00:00
12943,BMEA,"Biomea Fusion, Inc.",US,True,2026-05-03 12:13:06.040319+00:00
12944,FTCO,Fortitude Gold Corp,US,True,2026-05-03 12:13:06.040319+00:00
12945,PZG,Paramount Gold Nevada Corp.,US,True,2026-05-03 12:13:06.040319+00:00
12946,KTGDF,K2 Gold Corp,US,True,2026-05-03 12:13:06.040319+00:00
12947,INVZ,Innoviz Technologies Ltd.,US,True,2026-05-03 12:13:06.040319+00:00
12948,NPWR,Net Power Inc.,US,True,2026-05-03 12:13:06.040319+00:00
12949,TBI,"Trueblue, Inc.",US,True,2026-05-03 12:13:06.040319+00:00
12950,NXTT,Next Technology Holding Inc.,US,True,2026-05-03 12:13:06.040319+00:00
12951,AFBI,"Affinity Bancshares, Inc.",US,True,2026-05-03 12:13:06.040319+00:00
12952,SCTSF,Scottie Resources Corp.,US,True,2026-05-03 12:13:06.040319+00:00
12953,ANTX,"An2 Therapeutics, Inc.",US,True,2026-05-03 12:13:06.040319+00:00
12954,EQ,"Equillium, Inc.",US,True,2026-05-03 12:13:06.040319+00:00
12955,ATLX,Atlas Lithium Corp,US,True,2026-05-03 12:13:06.040319+00:00
12956,CODA,"Coda Octopus Group, Inc.",US,True,2026-05-03 12:13:06.040319+00:00
12957,SCPQ,Social Commerce Partners Corp,US,True,2026-05-03 12:13:06.040319+00:00
12958,SLQT,"Selectquote, Inc.",US,True,2026-05-03 12:13:06.040319+00:00
12959,JMG,Jm Group Ltd,US,True,2026-05-03 12:13:06.040319+00:00
12960,FRD,Friedman Industries Inc,US,True,2026-05-03 12:13:06.040319+00:00
12961,RMAX,"Re/Max Holdings, Inc.",US,True,2026-05-03 12:13:06.040319+00:00
12962,SDHC,Smith Douglas Homes Corp.,US,True,2026-05-03 12:13:06.040319+00:00
12963,ACNT,Ascent Industries Co.,US,True,2026-05-03 12:13:06.040319+00:00
12964,BEOB,Beo Bancorp,US,True,2026-05-03 12:13:06.040319+00:00
12965,TGEN,Tecogen Inc.,US,True,2026-05-03 12:13:06.040319+00:00
12966,USBC,"Usbc, Inc.",US,True,2026-05-03 12:13:06.040319+00:00
12967,VWAV,"Visionwave Holdings, Inc.",US,True,2026-05-03 12:13:06.040319+00:00
12968,CCLD,"Carecloud, Inc.",US,True,2026-05-03 12:13:06.040319+00:00
12969,EML,Eastern Co,US,True,2026-05-03 12:13:06.040319+00:00
12970,UNG,"United States Natural Gas Fund, Lp",US,True,2026-05-03 12:13:06.040319+00:00
12971,FFAI,Faraday Future Intelligent Electric Inc.,US,True,2026-05-03 12:13:06.040319+00:00
12972,SBFG,"Sb Financial Group, Inc.",US,True,2026-05-03 12:13:06.040319+00:00
12973,DFDV,Defi Development Corp.,US,True,2026-05-03 12:13:06.040319+00:00
12974,CEE,"Central & Eastern Europe Fund, Inc.",US,True,2026-05-03 12:13:06.040319+00:00
12975,WRIV,White River Bancshares Co,US,True,2026-05-03 12:13:06.040319+00:00
12976,JHS,John Hancock Income Securities Trust,US,True,2026-05-03 12:13:06.040319+00:00
12977,BDSX,Biodesix Inc,US,True,2026-05-03 12:13:06.040319+00:00
12978,GAMB,Gambling.Com Group Ltd,US,True,2026-05-03 12:13:06.040319+00:00
12979,CAAS,"China Automotive Systems, Inc.",US,True,2026-05-03 12:13:06.040319+00:00
12980,OPRX,Optimizerx Corp,US,True,2026-05-03 12:13:06.040319+00:00
12981,SLBK,"Skyline Bankshares, Inc.",US,True,2026-05-03 12:13:06.040319+00:00
12982,ONCY,Oncolytics Biotech Inc,US,True,2026-05-03 12:13:06.040319+00:00
12983,WATT,Energous Corp,US,True,2026-05-03 12:13:06.040319+00:00
12984,DLTH,Duluth Holdings Inc.,US,True,2026-05-03 12:13:06.040319+00:00
12985,ULBI,Ultralife Corp,US,True,2026-05-03 12:13:06.040319+00:00
12986,MX,Magnachip Semiconductor Corp,US,True,2026-05-03 12:13:06.040319+00:00
12987,EDAP,Edap Tms Sa,US,True,2026-05-03 12:13:06.040319+00:00
12988,BSET,Bassett Furniture Industries Inc,US,True,2026-05-03 12:13:06.040319+00:00
12989,WEA,Western Asset Premier Bond Fund,US,True,2026-05-03 12:13:06.040319+00:00
12990,CFSU,Complete Financial Solutions Inc.,US,True,2026-05-03 12:13:06.040319+00:00
12991,NTHI,"Neonc Technologies Holdings, Inc.",US,True,2026-05-03 12:13:06.040319+00:00
12992,GCUMF,Gunnison Copper Corp.,US,True,2026-05-03 12:13:06.040319+00:00
12993,TYFG,"Tri-County Financial Group, Inc.",US,True,2026-05-03 12:13:06.040319+00:00
12994,LQMT,Liquidmetal Technologies Inc,US,True,2026-05-03 12:13:06.040319+00:00
12995,GHG,Greentree Hospitality Group Ltd.,US,True,2026-05-03 12:13:06.040319+00:00
12996,IHD,Voya Emerging Markets High Dividend Equity Fund,US,True,2026-05-03 12:13:06.040319+00:00
12997,BNC,Cea Industries Inc.,US,True,2026-05-03 12:13:06.040319+00:00
12998,TNYZF,Tiny Ltd.,US,True,2026-05-03 12:13:06.040319+00:00
12999,RMMZ,"Rivernorth Managed Duration Municipal Income Fund Ii, Inc.",US,True,2026-05-03 12:13:06.040319+00:00
13000,HYPR,"Hyperfine, Inc.",US,True,2026-05-03 12:13:06.040319+00:00
13001,DMO,Western Asset Mortgage Opportunity Fund Inc.,US,True,2026-05-03 12:13:06.040319+00:00
13002,VFL,Abrdn National Municipal Income Fund,US,True,2026-05-03 12:13:06.040319+00:00
13003,DHX,"Dhi Group, Inc.",US,True,2026-05-03 12:13:06.040319+00:00
13004,NICM,Nicola Mining Inc.,US,True,2026-05-03 12:13:06.040319+00:00
13005,TRAD,Apex Tech Acquisition Inc.,US,True,2026-05-03 12:13:06.040319+00:00
13006,BUDA,"Buda Juice, Inc.",US,True,2026-05-03 12:13:06.040319+00:00
13007,MGTE,Marblegate Capital Corp,US,True,2026-05-03 12:13:06.040319+00:00
13008,LSBK,"Lake Shore Bancorp, Inc. /Md/",US,True,2026-05-03 12:13:06.040319+00:00
13009,GGZ,Gabelli Global Small & Mid Cap Value Trust,US,True,2026-05-03 12:13:06.040319+00:00
13010,IFRX,Inflarx N.V.,US,True,2026-05-03 12:13:06.040319+00:00
13011,PCSC,Perceptive Capital Solutions Corp,US,True,2026-05-03 12:13:06.040319+00:00
13012,MCN,Xai Madison Equity Premium Income Fund,US,True,2026-05-03 12:13:06.040319+00:00
13013,IAF,"Abrdn Australia Equity Fund, Inc.",US,True,2026-05-03 12:13:06.040319+00:00
13014,NINE,"Nine Energy Service, Inc.",US,True,2026-05-03 12:13:06.040319+00:00
13015,NMI,Nuveen Municipal Income Fund Inc,US,True,2026-05-03 12:13:06.040319+00:00
13016,ANPA,Rich Sparkle Holdings Ltd,US,True,2026-05-03 12:13:06.040319+00:00
13017,IPEX,Inflection Point Acquisition Corp. V,US,True,2026-05-03 12:13:06.040319+00:00
13018,PHD,"Pioneer Floating Rate Fund, Inc.",US,True,2026-05-03 12:13:06.040319+00:00
13019,NCAUF,Newcore Gold Ltd.,US,True,2026-05-03 12:13:06.040319+00:00
13020,CGO,Calamos Global Total Return Fund,US,True,2026-05-03 12:13:06.040319+00:00
13021,JYNT,Joint Corp,US,True,2026-05-03 12:13:06.040319+00:00
13022,PFO,Flaherty & Crumrine Preferred & Income Opportunity Fund Inc,US,True,2026-05-03 12:13:06.040319+00:00
13023,GEOS,Geospace Technologies Corp,US,True,2026-05-03 12:13:06.040319+00:00
13024,NMT,Nuveen Massachusetts Quality Municipal Income Fund,US,True,2026-05-03 12:13:06.040319+00:00
13025,MED,Medifast Inc,US,True,2026-05-03 12:13:06.040319+00:00
13026,TAVI,Tavia Acquisition Corp.,US,True,2026-05-03 12:13:06.040319+00:00
13027,REKR,"Rekor Systems, Inc.",US,True,2026-05-03 12:13:06.040319+00:00
13028,FORR,"Forrester Research, Inc.",US,True,2026-05-03 12:13:06.040319+00:00
13029,CBUS,"Cibus, Inc.",US,True,2026-05-03 12:13:06.040319+00:00
13030,HYSR,"Sunhydrogen, Inc.",US,True,2026-05-03 12:13:06.040319+00:00
13031,GHI,Greystone Housing Impact Investors Lp,US,True,2026-05-03 12:13:06.040319+00:00
13032,OIO,Oio Group,US,True,2026-05-03 12:13:06.040319+00:00
13033,NZAUF,Rua Gold Inc.,US,True,2026-05-03 12:13:06.040319+00:00
13034,BDCTF,Builddirect.Com Technologies Inc.,US,True,2026-05-03 12:13:06.040319+00:00
13035,LGO,Largo Inc.,US,True,2026-05-03 12:13:06.040319+00:00
13036,CMTL,Comtech Telecommunications Corp /De/,US,True,2026-05-03 12:13:06.040319+00:00
13037,KULR,"Kulr Technology Group, Inc.",US,True,2026-05-03 12:13:06.040319+00:00
13038,WALD,Waldencast Plc,US,True,2026-05-03 12:13:06.040319+00:00
13039,FKYS,First Keystone Corp,US,True,2026-05-03 12:13:06.040319+00:00
13040,HYNE,"Hoyne Bancorp, Inc.",US,True,2026-05-03 12:13:06.040319+00:00
13041,TSQ,"Townsquare Media, Inc.",US,True,2026-05-03 12:13:06.040319+00:00
13042,AKA,A.K.A. Brands Holding Corp.,US,True,2026-05-03 12:13:06.040319+00:00
13043,QSEA,Quartzsea Acquisition Corp,US,True,2026-05-03 12:13:06.040319+00:00
13044,GRAY,"Grayscale Investments, Inc.",US,True,2026-05-03 12:13:06.040319+00:00
13045,TMCI,"Treace Medical Concepts, Inc.",US,True,2026-05-03 12:13:06.040319+00:00
13046,TUSK,"Mammoth Energy Services, Inc.",US,True,2026-05-03 12:13:06.040319+00:00
13047,FONR,Fonar Corp,US,True,2026-05-03 12:13:06.040319+00:00
13048,SAFX,"Xcf Global, Inc.",US,True,2026-05-03 12:13:06.040319+00:00
13049,RANI,"Rani Therapeutics Holdings, Inc.",US,True,2026-05-03 12:13:06.040319+00:00
13050,GLU,Gabelli Global Utility & Income Trust,US,True,2026-05-03 12:13:06.040319+00:00
13051,FXY,Invesco Currencyshares Japanese Yen Trust,US,True,2026-05-03 12:13:06.040319+00:00
13052,CXE,Mfs High Income Municipal Trust,US,True,2026-05-03 12:13:06.040319+00:00
13053,IMUX,"Immunic, Inc.",US,True,2026-05-03 12:13:06.040319+00:00
13054,JHI,John Hancock Investors Trust,US,True,2026-05-03 12:13:06.040319+00:00
13055,LAKE,Lakeland Industries Inc,US,True,2026-05-03 12:13:06.040319+00:00
13056,BAER,"Bridger Aerospace Group Holdings, Inc.",US,True,2026-05-03 12:13:06.040319+00:00
13057,AARD,"Aardvark Therapeutics, Inc.",US,True,2026-05-03 12:13:06.040319+00:00
13058,NIM,Nuveen Select Maturities Municipal Fund,US,True,2026-05-03 12:13:06.040319+00:00
13059,KZIA,Kazia Therapeutics Ltd,US,True,2026-05-03 12:13:06.040319+00:00
13060,BLMOY,Belimo Holding Ag/Adr,US,True,2026-05-03 12:13:06.040319+00:00
13061,VANI,"Vivani Medical, Inc.",US,True,2026-05-03 12:13:06.040319+00:00
13062,CHAR,Charlton Aria Acquisition Corp,US,True,2026-05-03 12:13:06.040319+00:00
13063,PAI,Western Asset Investment Grade Income Fund Inc.,US,True,2026-05-03 12:13:06.040319+00:00
13064,ASRT,"Assertio Holdings, Inc.",US,True,2026-05-03 12:13:06.040319+00:00
13065,SCOR,"Comscore, Inc.",US,True,2026-05-03 12:13:06.040319+00:00
13066,WSBK,"Winchester Bancorp, Inc./Md/",US,True,2026-05-03 12:13:06.040319+00:00
13067,DRTTF,Dirtt Environmental Solutions Ltd,US,True,2026-05-03 12:13:06.040319+00:00
13068,QUMS,Quantumsphere Acquisition Corp,US,True,2026-05-03 12:13:06.040319+00:00
13069,PGAC,Pantages Capital Acquisition Corp,US,True,2026-05-03 12:13:06.040319+00:00
13070,NEOV,Neovolta Inc.,US,True,2026-05-03 12:13:06.040319+00:00
13071,LPA,Logistic Properties Of The Americas,US,True,2026-05-03 12:13:06.040319+00:00
13072,MDXH,Mdxhealth Sa,US,True,2026-05-03 12:13:06.040319+00:00
13073,AOUT,"American Outdoor Brands, Inc.",US,True,2026-05-03 12:13:06.040319+00:00
13074,NAMM,Namib Minerals,US,True,2026-05-03 12:13:06.040319+00:00
13075,ZENA,"Zenatech, Inc.",US,True,2026-05-03 12:13:06.040319+00:00
13076,IMDX,Insight Molecular Diagnostics Inc.,US,True,2026-05-03 12:13:06.040319+00:00
13077,ROC,Rank One Computing Corp,US,True,2026-05-03 12:13:06.040319+00:00
13078,MGYR,"Magyar Bancorp, Inc.",US,True,2026-05-03 12:13:06.040319+00:00
13079,GNLX,Genelux Corp,US,True,2026-05-03 12:13:06.040319+00:00
13080,VRA,"Vera Bradley, Inc.",US,True,2026-05-03 12:13:06.040319+00:00
13081,FURY,Fury Gold Mines Ltd,US,True,2026-05-03 12:13:06.040319+00:00
13082,BRCC,Brc Inc.,US,True,2026-05-03 12:13:06.040319+00:00
13083,UNB,Union Bankshares Inc,US,True,2026-05-03 12:13:06.040319+00:00
13084,SEER,"Seer, Inc.",US,True,2026-05-03 12:13:06.040319+00:00
13085,TORO,Toro Corp.,US,True,2026-05-03 12:13:06.040319+00:00
13086,CRDF,"Cardiff Oncology, Inc.",US,True,2026-05-03 12:13:06.040319+00:00
13087,HIT,"Health In Tech, Inc.",US,True,2026-05-03 12:13:06.040319+00:00
13088,UNIB,University Bancorp Inc /De/,US,True,2026-05-03 12:13:06.040319+00:00
13089,FPRGF,Falco Resources Ltd.,US,True,2026-05-03 12:13:06.040319+00:00
13090,SKIN,Skinhealth Systems Inc.,US,True,2026-05-03 12:13:06.040319+00:00
13091,SPAUF,Spanish Mountain Gold Ltd.,US,True,2026-05-03 12:13:06.040319+00:00
13092,CVVUF,Canalaska Uranium Ltd,US,True,2026-05-03 12:13:06.040319+00:00
13093,LUD,Luda Technology Group Ltd,US,True,2026-05-03 12:13:06.040319+00:00
13094,RVSB,Riverview Bancorp Inc,US,True,2026-05-03 12:13:06.040319+00:00
13095,FMBM,F&M Bank Corp,US,True,2026-05-03 12:13:06.040319+00:00
13096,SFBC,"Sound Financial Bancorp, Inc.",US,True,2026-05-03 12:13:06.040319+00:00
13097,KVAC,Keen Vision Acquisition Corp.,US,True,2026-05-03 12:13:06.040319+00:00
13098,DTI,Drilling Tools International Corp,US,True,2026-05-03 12:13:06.040319+00:00
13099,PEPG,Pepgen Inc.,US,True,2026-05-03 12:13:06.040319+00:00
13100,CAST,"Freecast, Inc.",US,True,2026-05-03 12:13:06.040319+00:00
13101,DGNX,Diginex Ltd,US,True,2026-05-03 12:13:06.040319+00:00
13102,SEV,Aptera Motors Corp,US,True,2026-05-03 12:13:06.040319+00:00
13103,WSHP,Weshop Holdings Ltd,US,True,2026-05-03 12:13:06.040319+00:00
13104,SUIG,Sui Group Holdings Ltd.,US,True,2026-05-03 12:13:06.040319+00:00
13105,CHGG,"Chegg, Inc",US,True,2026-05-03 12:13:06.040319+00:00
13106,HSDT,Solana Co,US,True,2026-05-03 12:13:06.040319+00:00
13107,ALTS,Alt5 Sigma Corp,US,True,2026-05-03 12:13:06.040319+00:00
13108,RPT,Rithm Property Trust Inc.,US,True,2026-05-03 12:13:06.040319+00:00
13109,NNBR,Nn Inc,US,True,2026-05-03 12:13:06.040319+00:00
13110,SBI,Western Asset Intermediate Muni Fund Inc.,US,True,2026-05-03 12:13:06.040319+00:00
13111,DH,Definitive Healthcare Corp.,US,True,2026-05-03 12:13:06.040319+00:00
13112,ERH,Allspring Utilities & High Income Fund,US,True,2026-05-03 12:13:06.040319+00:00
13113,BOOM,Dmc Global Inc.,US,True,2026-05-03 12:13:06.040319+00:00
13114,ITMSF,Intermap Technologies Corp,US,True,2026-05-03 12:13:06.040319+00:00
13115,BSBK,Bogota Financial Corp.,US,True,2026-05-03 12:13:06.040319+00:00
13116,COOK,"Traeger, Inc.",US,True,2026-05-03 12:13:06.040319+00:00
13117,SAMG,Silvercrest Asset Management Group Inc.,US,True,2026-05-03 12:13:06.040319+00:00
13118,VRCA,Verrica Pharmaceuticals Inc.,US,True,2026-05-03 12:13:06.040319+00:00
13119,PROV,Provident Financial Holdings Inc,US,True,2026-05-03 12:13:06.040319+00:00
13120,JELD,"Jeld-Wen Holding, Inc.",US,True,2026-05-03 12:13:06.040319+00:00
13121,XTGRF,Xtra-Gold Resources Corp,US,True,2026-05-03 12:13:06.040319+00:00
13122,CLAR,Clarus Corp,US,True,2026-05-03 12:13:06.040319+00:00
13123,MMLP,Martin Midstream Partners L.P.,US,True,2026-05-03 12:13:06.040319+00:00
13124,WPGCF,West Point Gold Corp.,US,True,2026-05-03 12:13:06.040319+00:00
13125,FTZFF,Fitzroy Minerals Inc.,US,True,2026-05-03 12:13:06.040319+00:00
13126,BLNK,Blink Charging Co.,US,True,2026-05-03 12:13:06.040319+00:00
13127,CRMT,Americas Carmart Inc,US,True,2026-05-03 12:13:06.040319+00:00
13128,CCNB,"Coastal Carolina Bancshares, Inc.",US,True,2026-05-03 12:13:06.040319+00:00
13129,PYXS,"Pyxis Oncology, Inc.",US,True,2026-05-03 12:13:06.040319+00:00
13130,KEQU,Kewaunee Scientific Corp /De/,US,True,2026-05-03 12:13:06.040319+00:00
13131,SGMO,"Sangamo Therapeutics, Inc",US,True,2026-05-03 12:13:06.040319+00:00
13132,HFFG,Hf Foods Group Inc.,US,True,2026-05-03 12:13:06.040319+00:00
13133,COYA,"Coya Therapeutics, Inc.",US,True,2026-05-03 12:13:06.040319+00:00
13134,PGP,Pimco Global Stocksplus & Income Fund,US,True,2026-05-03 12:13:06.040319+00:00
13135,PCF,High Income Securities Fund,US,True,2026-05-03 12:13:06.040319+00:00
13136,LICN,Lichen International Ltd,US,True,2026-05-03 12:13:06.040319+00:00
13137,HURC,Hurco Companies Inc,US,True,2026-05-03 12:13:06.040319+00:00
13138,CRGO,Freightos Ltd,US,True,2026-05-03 12:13:06.040319+00:00
13139,BOTJ,Bank Of The James Financial Group Inc,US,True,2026-05-03 12:13:06.040319+00:00
13140,LGCXF,Lahontan Gold Corp.,US,True,2026-05-03 12:13:06.040319+00:00
13141,CSTAF,Constellation Acquisition Corp I,US,True,2026-05-03 12:13:06.040319+00:00
13142,BCIC,Bcp Investment Corp,US,True,2026-05-03 12:13:06.040319+00:00
13143,SUNS,"Sunrise Realty Trust, Inc.",US,True,2026-05-03 12:13:06.040319+00:00
13144,GGOXF,Galleon Gold Corp.,US,True,2026-05-03 12:13:06.040319+00:00
13145,ALOT,"Astronova, Inc.",US,True,2026-05-03 12:13:06.040319+00:00
13146,SRL,Scully Royalty Ltd.,US,True,2026-05-03 12:13:06.040319+00:00
13147,FREVS,"First Real Estate Investment Trust Of New Jersey, Inc.",US,True,2026-05-03 12:13:06.040319+00:00
13148,ALYAF,Alithya Group Inc,US,True,2026-05-03 12:13:06.040319+00:00
13149,STIM,"Neuronetics, Inc.",US,True,2026-05-03 12:13:06.040319+00:00
13150,FGMC,Fg Merger Ii Corp.,US,True,2026-05-03 12:13:06.040319+00:00
13151,CGTX,Cognition Therapeutics Inc,US,True,2026-05-03 12:13:06.040319+00:00
13152,SWZ,Total Return Securities Fund,US,True,2026-05-03 12:13:06.040319+00:00
13153,AEC,Anfield Energy Inc.,US,True,2026-05-03 12:13:06.040319+00:00
13154,CHPG,Championsgate Acquisition Corp,US,True,2026-05-03 12:13:06.040319+00:00
13155,AMWL,American Well Corp,US,True,2026-05-03 12:13:06.040319+00:00
13156,EP,Empire Petroleum Corp,US,True,2026-05-03 12:13:06.040319+00:00
13157,DOWAY,Defeng Solife Holdings Limited/Adr,US,True,2026-05-03 12:13:06.040319+00:00
13158,MB,Masterbeef Group,US,True,2026-05-03 12:13:06.040319+00:00
13159,ALDX,"Aldeyra Therapeutics, Inc.",US,True,2026-05-03 12:13:06.040319+00:00
13160,FLNT,"Fluent, Inc.",US,True,2026-05-03 12:13:06.040319+00:00
13161,QMCO,Quantum Corp /De/,US,True,2026-05-03 12:13:06.040319+00:00
13162,STHO,Star Holdings,US,True,2026-05-03 12:13:06.040319+00:00
13163,CGDXF,Xali Gold Corp.,US,True,2026-05-03 12:13:06.040319+00:00
13164,RVRC,Revium Rx.,US,True,2026-05-03 12:13:06.040319+00:00
13165,BCHG,Grayscale Bitcoin Cash Trust (Bch),US,True,2026-05-03 12:13:06.040319+00:00
13166,KGFMF,Kingfisher Metals Corp.,US,True,2026-05-03 12:13:06.040319+00:00
13167,AGGI,"Allied Energy, Inc.",US,True,2026-05-03 12:13:06.040319+00:00
13168,BODI,"Beachbody Company, Inc.",US,True,2026-05-03 12:13:06.040319+00:00
13169,BCRD,"Blueone Card, Inc.",US,True,2026-05-03 12:13:06.040319+00:00
13170,JLS,Nuveen Mortgage & Income Fund/Ma/,US,True,2026-05-03 12:13:06.040319+00:00
13171,RPID,"Rapid Micro Biosystems, Inc.",US,True,2026-05-03 12:13:06.040319+00:00
13172,HFUS,"Hartford Creative Group, Inc.",US,True,2026-05-03 12:13:06.040319+00:00
13173,NOEM,Co2 Energy Transition Corp.,US,True,2026-05-03 12:13:06.040319+00:00
13174,TTRX,Turn Therapeutics Inc.,US,True,2026-05-03 12:13:06.040319+00:00
13175,BHST,Bioharvest Sciences Inc.,US,True,2026-05-03 12:13:06.040319+00:00
13176,ZEO,Zeo Energy Corp.,US,True,2026-05-03 12:13:06.040319+00:00
13177,SPKL,Spark I Acquisition Corp,US,True,2026-05-03 12:13:06.040319+00:00
13178,CWBHF,"Charlotte'S Web Holdings, Inc.",US,True,2026-05-03 12:13:06.040319+00:00
13179,PFBX,Peoples Financial Corp /Ms/,US,True,2026-05-03 12:13:06.040319+00:00
13180,SIREF,Sirios Resources Inc.,US,True,2026-05-03 12:13:06.040319+00:00
13181,JUSHF,Jushi Holdings Inc.,US,True,2026-05-03 12:13:06.040319+00:00
13182,IGI,Western Asset Investment Grade Opportunity Trust Inc.,US,True,2026-05-03 12:13:06.040319+00:00
13183,NRXP,"Nrx Pharmaceuticals, Inc.",US,True,2026-05-03 12:13:06.040319+00:00
13184,RMI,"Rivernorth Opportunistic Municipal Income Fund, Inc.",US,True,2026-05-03 12:13:06.040319+00:00
13185,ORRCF,Oroco Resource Corp,US,True,2026-05-03 12:13:06.040319+00:00
13186,ANIX,Anixa Biosciences Inc,US,True,2026-05-03 12:13:06.040319+00:00
13187,OCC,Optical Cable Corp,US,True,2026-05-03 12:13:06.040319+00:00
13188,OPTN,Option Therapeutics Inc.,US,True,2026-05-03 12:13:06.040319+00:00
13189,HCAT,"Health Catalyst, Inc.",US,True,2026-05-03 12:13:06.040319+00:00
13190,CHMI,Cherry Hill Mortgage Investment Corp,US,True,2026-05-03 12:13:06.040319+00:00
13191,FSHP,Flag Ship Acquisition Corp,US,True,2026-05-03 12:13:06.040319+00:00
13192,NWPP,New Peoples Bankshares Inc,US,True,2026-05-03 12:13:06.040319+00:00
13193,ARBE,Arbe Robotics Ltd.,US,True,2026-05-03 12:13:06.040319+00:00
13194,PMN,Promis Neurosciences Inc.,US,True,2026-05-03 12:13:06.040319+00:00
13195,RGT,"Royce Global Trust, Inc.",US,True,2026-05-03 12:13:06.040319+00:00
13196,VIRC,Virco Mfg Corporation,US,True,2026-05-03 12:13:06.040319+00:00
13197,ARQ,"Arq, Inc.",US,True,2026-05-03 12:13:06.040319+00:00
13198,AREN,"Arena Group Holdings, Inc.",US,True,2026-05-03 12:13:06.040319+00:00
13199,FNWB,First Northwest Bancorp,US,True,2026-05-03 12:13:06.040319+00:00
13200,MGF,Mfs Government Markets Income Trust,US,True,2026-05-03 12:13:06.040319+00:00
13201,ISPR,Ispire Technology Inc.,US,True,2026-05-03 12:13:06.040319+00:00
13202,AAWH,"Ascend Wellness Holdings, Inc.",US,True,2026-05-03 12:13:06.040319+00:00
13203,GCTS,"Gct Semiconductor Holding, Inc.",US,True,2026-05-03 12:13:06.040319+00:00
13204,REDW,Redwood Financial Inc /Mn/,US,True,2026-05-03 12:13:06.040319+00:00
13205,INVE,"Identiv, Inc.",US,True,2026-05-03 12:13:06.040319+00:00
13206,ODYS,Odysight.Ai Inc.,US,True,2026-05-03 12:13:06.040319+00:00
13207,QTTB,Q32 Bio Inc.,US,True,2026-05-03 12:13:06.040319+00:00
13208,CMU,Mfs High Yield Municipal Trust,US,True,2026-05-03 12:13:06.040319+00:00
13209,ZOMDF,Zomedica Corp.,US,True,2026-05-03 12:13:06.040319+00:00
13210,CCTC,Catalyst Crew Technologies Corp.,US,True,2026-05-03 12:13:06.040319+00:00
13211,NRRSF,Norsemont Mining Inc.,US,True,2026-05-03 12:13:06.040319+00:00
13212,FSI,Flexible Solutions International Inc,US,True,2026-05-03 12:13:06.040319+00:00
13213,CPSH,Cps Technologies Corp/De/,US,True,2026-05-03 12:13:06.040319+00:00
13214,MXCT,"Maxcyte, Inc.",US,True,2026-05-03 12:13:06.040319+00:00
13215,COEP,Z Squared Inc.,US,True,2026-05-03 12:13:06.040319+00:00
13216,PROP,Prairie Operating Co.,US,True,2026-05-03 12:13:06.040319+00:00
13217,GDL,Gdl Fund,US,True,2026-05-03 12:13:06.040319+00:00
13218,ATHE,Alterity Therapeutics Ltd,US,True,2026-05-03 12:13:06.040319+00:00
13219,STEM,"Stem, Inc.",US,True,2026-05-03 12:13:06.040319+00:00
13220,UPXI,"Upexi, Inc.",US,True,2026-05-03 12:13:06.040319+00:00
13221,INO,"Inovio Pharmaceuticals, Inc.",US,True,2026-05-03 12:13:06.040319+00:00
13222,LCCC,Lakeshore Acquisition Iii Corp.,US,True,2026-05-03 12:13:06.040319+00:00
13223,UBCP,United Bancorp Inc /Oh/,US,True,2026-05-03 12:13:06.040319+00:00
13224,GFLT,"Genflat Holdings, Inc.",US,True,2026-05-03 12:13:06.040319+00:00
13225,DIT,Amcon Distributing Co,US,True,2026-05-03 12:13:06.040319+00:00
13226,ACRG,"American Clean Resources Group, Inc.",US,True,2026-05-03 12:13:06.040319+00:00
13227,FUSB,"First Us Bancshares, Inc.",US,True,2026-05-03 12:13:06.040319+00:00
13228,CSPI,Csp Inc /Ma/,US,True,2026-05-03 12:13:06.040319+00:00
13229,PEW,Grabagun Digital Holdings Inc.,US,True,2026-05-03 12:13:06.040319+00:00
13230,GUTS,"Fractyl Health, Inc.",US,True,2026-05-03 12:13:06.040319+00:00
13231,CHSN,Chanson International Holding,US,True,2026-05-03 12:13:06.040319+00:00
13232,RFAI,Rf Acquisition Corp Ii,US,True,2026-05-03 12:13:06.040319+00:00
13233,WW,"Ww International, Inc.",US,True,2026-05-03 12:13:06.040319+00:00
13234,BYNO,Bynordic Acquisition Corp,US,True,2026-05-03 12:13:06.040319+00:00
13235,NEXM,Nexmetals Mining Corp.,US,True,2026-05-03 12:13:06.040319+00:00
13236,GCV,Gabelli Convertible & Income Securities Fund Inc,US,True,2026-05-03 12:13:06.040319+00:00
13237,BMHL,Bluemount Holdings Ltd,US,True,2026-05-03 12:13:06.040319+00:00
13238,EVF,Eaton Vance Senior Income Trust,US,True,2026-05-03 12:13:06.040319+00:00
13239,SIF,Sifco Industries Inc,US,True,2026-05-03 12:13:06.040319+00:00
13240,TWG,Top Wealth Group Holding Ltd,US,True,2026-05-03 12:13:06.040319+00:00
13241,BTCS,Btcs Inc.,US,True,2026-05-03 12:13:06.040319+00:00
13242,RDZN,Roadzen Inc.,US,True,2026-05-03 12:13:06.040319+00:00
13243,SPAI,Safe Pro Group Inc.,US,True,2026-05-03 12:13:06.040319+00:00
13244,CWGL,"Crimson Wine Group, Ltd",US,True,2026-05-03 12:13:06.040319+00:00
13245,NOBH,Nobility Homes Inc,US,True,2026-05-03 12:13:06.040319+00:00
13246,CRCUF,Canagold Resources Ltd.,US,True,2026-05-03 12:13:06.040319+00:00
13247,RSKIA,"George Risk Industries, Inc.",US,True,2026-05-03 12:13:06.040319+00:00
13248,IH,Ihuman Inc.,US,True,2026-05-03 12:13:06.040319+00:00
13249,BEEP,Mobile Infrastructure Corp,US,True,2026-05-03 12:13:06.040319+00:00
13250,FLL,Full House Resorts Inc,US,True,2026-05-03 12:13:06.040319+00:00
13251,GANX,"Gain Therapeutics, Inc.",US,True,2026-05-03 12:13:06.040319+00:00
13252,JFB,Jfb Construction Holdings,US,True,2026-05-03 12:13:06.040319+00:00
13253,LGCL,Lucas Gc Ltd,US,True,2026-05-03 12:13:06.040319+00:00
13254,GOSS,"Gossamer Bio, Inc.",US,True,2026-05-03 12:13:06.040319+00:00
13255,MMTX,Miluna Acquisition Corp,US,True,2026-05-03 12:13:06.040319+00:00
13256,NCTY,The9 Ltd,US,True,2026-05-03 12:13:06.040319+00:00
13257,EXOZ,Exozymes Inc.,US,True,2026-05-03 12:13:06.040319+00:00
13258,FMN,Federated Hermes Premier Municipal Income Fund,US,True,2026-05-03 12:13:06.040319+00:00
13259,EXFY,"Expensify, Inc.",US,True,2026-05-03 12:13:06.040319+00:00
13260,ORIQ,Origin Investment Corp I,US,True,2026-05-03 12:13:06.040319+00:00
13261,SSTI,"Soundthinking, Inc.",US,True,2026-05-03 12:13:06.040319+00:00
13262,AURE,Aurelion Inc.,US,True,2026-05-03 12:13:06.040319+00:00
13263,ZBAI,Atif Holdings Ltd,US,True,2026-05-03 12:13:06.040319+00:00
13264,AISP,"Airship Ai Holdings, Inc.",US,True,2026-05-03 12:13:06.040319+00:00
13265,RFM,"Rivernorth Flexible Municipal Income Fund, Inc.",US,True,2026-05-03 12:13:06.040319+00:00
13266,VRM,"Vroom, Inc.",US,True,2026-05-03 12:13:06.040319+00:00
13267,FTLF,"Fitlife Brands, Inc.",US,True,2026-05-03 12:13:06.040319+00:00
13268,GGR,Gogoro Inc.,US,True,2026-05-03 12:13:06.040319+00:00
13269,MCRP,Micropolis Ai Robotics,US,True,2026-05-03 12:13:06.040319+00:00
13270,ZKIN,"Zk International Group Co., Ltd.",US,True,2026-05-03 12:13:06.040319+00:00
13271,IMMP,Immutep Ltd,US,True,2026-05-03 12:13:06.040319+00:00
13272,OCCI,"Ofs Credit Company, Inc.",US,True,2026-05-03 12:13:06.040319+00:00
13273,PYPD,Polypid Ltd.,US,True,2026-05-03 12:13:06.040319+00:00
13274,LONA,"Leonabio, Inc.",US,True,2026-05-03 12:13:06.040319+00:00
13275,NKGFF,Nevada King Gold Corp.,US,True,2026-05-03 12:13:06.040319+00:00
13276,AEYE,Audioeye Inc,US,True,2026-05-03 12:13:06.040319+00:00
13277,DLHC,Dlh Holdings Corp.,US,True,2026-05-03 12:13:06.040319+00:00
13278,SMJF,Smj International Holdings Inc.,US,True,2026-05-03 12:13:06.040319+00:00
13279,RCON,"Recon Technology, Ltd",US,True,2026-05-03 12:13:06.040319+00:00
13280,XTRAF,Xtract One Technologies Inc.,US,True,2026-05-03 12:13:06.040319+00:00
13281,VGI,Virtus Global Multi-Sector Income Fund,US,True,2026-05-03 12:13:06.040319+00:00
13282,LSE,"Leishen Energy Holding Co., Ltd.",US,True,2026-05-03 12:13:06.040319+00:00
13283,GRUSF,Grown Rogue International Inc.,US,True,2026-05-03 12:13:06.040319+00:00
13284,PBHC,"Pathfinder Bancorp, Inc.",US,True,2026-05-03 12:13:06.040319+00:00
13285,GNSS,Genasys Inc.,US,True,2026-05-03 12:13:06.040319+00:00
13286,SERA,"Sera Prognostics, Inc.",US,True,2026-05-03 12:13:06.040319+00:00
13287,TMRC,Texas Mineral Resources Corp.,US,True,2026-05-03 12:13:06.040319+00:00
13288,BATL,Battalion Oil Corp,US,True,2026-05-03 12:13:06.040319+00:00
13289,BARK,"Bark, Inc.",US,True,2026-05-03 12:13:06.040319+00:00
13290,NIPG,Nip Group Inc.,US,True,2026-05-03 12:13:06.040319+00:00
13291,SRFM,Surf Air Mobility Inc.,US,True,2026-05-03 12:13:06.040319+00:00
13292,VGAS,"Verde Clean Fuels, Inc.",US,True,2026-05-03 12:13:06.040319+00:00
13293,ALIS,Calisa Acquisition Corp,US,True,2026-05-03 12:13:06.040319+00:00
13294,IAE,Voya Asia Pacific High Dividend Equity Income Fund,US,True,2026-05-03 12:13:06.040319+00:00
13295,GDO,Western Asset Global Corporate Opportunity Fund Inc.,US,True,2026-05-03 12:13:06.040319+00:00
13296,LCGMF,Lion Copper & Gold Corp.,US,True,2026-05-03 12:13:06.040319+00:00
13297,SYPR,Sypris Solutions Inc,US,True,2026-05-03 12:13:06.040319+00:00
13298,KG,Kestrel Group Ltd,US,True,2026-05-03 12:13:06.040319+00:00
13299,QTI,"Qt Imaging Holdings, Inc.",US,True,2026-05-03 12:13:06.040319+00:00
13300,CBKM,Consumers Bancorp Inc /Oh/,US,True,2026-05-03 12:13:06.040319+00:00
13301,ICG,Intchains Group Ltd,US,True,2026-05-03 12:13:06.040319+00:00
13302,WKEY,Wisekey International Holding S.A.,US,True,2026-05-03 12:13:06.040319+00:00
13303,YHNA,Yhn Acquisition I Ltd,US,True,2026-05-03 12:13:06.040319+00:00
13304,AMTD,Amtd Idea Group,US,True,2026-05-03 12:13:06.040319+00:00
13305,OPTT,"Ocean Power Technologies, Inc.",US,True,2026-05-03 12:13:06.040319+00:00
13306,AUBN,"Auburn National Bancorporation, Inc",US,True,2026-05-03 12:13:06.040319+00:00
13307,NUVR,"Nuvera Communications, Inc.",US,True,2026-05-03 12:13:06.040319+00:00
13308,RSSS,"Research Solutions, Inc.",US,True,2026-05-03 12:13:06.040319+00:00
13309,BTMD,Biote Corp.,US,True,2026-05-03 12:13:06.040319+00:00
13310,PLMJF,Plum Acquisition Corp. Iii,US,True,2026-05-03 12:13:06.040319+00:00
13311,WWR,"Westwater Resources, Inc.",US,True,2026-05-03 12:13:06.040319+00:00
13312,WRAP,"Wrap Technologies, Inc.",US,True,2026-05-03 12:13:06.040319+00:00
13313,ROLR,"High Roller Technologies, Inc.",US,True,2026-05-03 12:13:06.040319+00:00
13314,VCUFF,Vizsla Copper Corp.,US,True,2026-05-03 12:13:06.040319+00:00
13315,FLNA,"Filana Therapeutics, Inc.",US,True,2026-05-03 12:13:06.040319+00:00
13316,ATVK,"Ameritek Ventures, Inc.",US,True,2026-05-03 12:13:06.040319+00:00
13317,FRMM,Forum Markets Inc,US,True,2026-05-03 12:13:06.040319+00:00
13318,HAIN,Hain Celestial Group Inc,US,True,2026-05-03 12:13:06.040319+00:00
13319,FVN,Future Vision Ii Acquisition Corp.,US,True,2026-05-03 12:13:06.040319+00:00
13320,PARK,"Park Dental Partners, Inc.",US,True,2026-05-03 12:13:06.040319+00:00
13321,NPT,Texxon Holding Ltd,US,True,2026-05-03 12:13:06.040319+00:00
13322,OM,"Outset Medical, Inc.",US,True,2026-05-03 12:13:06.040319+00:00
13323,MCRB,"Seres Therapeutics, Inc.",US,True,2026-05-03 12:13:06.040319+00:00
13324,JATT,Jatt Ii Acquisition Corp.,US,True,2026-05-03 12:13:06.040319+00:00
13325,NRXS,"Neuraxis, Inc",US,True,2026-05-03 12:13:06.040319+00:00
13326,OKYO,Okyo Pharma Ltd,US,True,2026-05-03 12:13:06.040319+00:00
13327,APAC,Stonebridge Acquisition Ii Corp,US,True,2026-05-03 12:13:06.040319+00:00
13328,XPL,Solitario Resources Corp.,US,True,2026-05-03 12:13:06.040319+00:00
13329,ATYR,Atyr Pharma Inc,US,True,2026-05-03 12:13:06.040319+00:00
13330,BSEM,Biostem Technologies,US,True,2026-05-03 12:13:06.040319+00:00
13331,WSTN,Westin Acquisition Corp,US,True,2026-05-03 12:13:06.040319+00:00
13332,MAYS,Mays J W Inc,US,True,2026-05-03 12:13:06.040319+00:00
13333,KMRK,K-Tech Solutions Co Ltd,US,True,2026-05-03 12:13:06.040319+00:00
13334,SCAG,Scage Future,US,True,2026-05-03 12:13:06.040319+00:00
13335,CSBR,"Champions Oncology, Inc.",US,True,2026-05-03 12:13:06.040319+00:00
13336,UWHR,Uwharrie Capital Corp,US,True,2026-05-03 12:13:06.040319+00:00
13337,ZVIA,Zevia Pbc,US,True,2026-05-03 12:13:06.040319+00:00
13338,UYSC,Uy Scuti Acquisition Corp.,US,True,2026-05-03 12:13:06.040319+00:00
13339,DTF,Dtf Tax-Free Income 2028 Term Fund Inc,US,True,2026-05-03 12:13:06.040319+00:00
13340,DWSN,Dawson Geophysical Co,US,True,2026-05-03 12:13:06.040319+00:00
13341,HOVR,New Horizon Aircraft Ltd.,US,True,2026-05-03 12:13:06.040319+00:00
13342,MAIA,"Maia Biotechnology, Inc.",US,True,2026-05-03 12:13:06.040319+00:00
13343,PFX,Phenixfin Corp,US,True,2026-05-03 12:13:06.040319+00:00
13344,TZOO,Travelzoo,US,True,2026-05-03 12:13:06.040319+00:00
13345,PLRX,"Pliant Therapeutics, Inc.",US,True,2026-05-03 12:13:06.040319+00:00
13346,SYHBF,Skyharbour Resources Ltd,US,True,2026-05-03 12:13:06.040319+00:00
13347,CPHC,Canterbury Park Holding Corp,US,True,2026-05-03 12:13:06.040319+00:00
13348,PLCE,"Childrens Place, Inc.",US,True,2026-05-03 12:13:06.040319+00:00
13349,FDSB,"Fifth District Bancorp, Inc.",US,True,2026-05-03 12:13:06.040319+00:00
13350,VNJA,Vanjia Corp,US,True,2026-05-03 12:13:06.040319+00:00
13351,CTOR,"Citius Oncology, Inc.",US,True,2026-05-03 12:13:06.040319+00:00
13352,AVD,American Vanguard Corp,US,True,2026-05-03 12:13:06.040319+00:00
13353,TISI,Team Inc,US,True,2026-05-03 12:13:06.040319+00:00
13354,HNNA,Hennessy Advisors Inc,US,True,2026-05-03 12:13:06.040319+00:00
13355,PNI,Pimco New York Municipal Income Fund Ii,US,True,2026-05-03 12:13:06.040319+00:00
13356,PMVP,"Pmv Pharmaceuticals, Inc.",US,True,2026-05-03 12:13:06.040319+00:00
13357,CUAUF,C3 Metals Inc.,US,True,2026-05-03 12:13:06.040319+00:00
13358,SLSN,"Solesence, Inc.",US,True,2026-05-03 12:13:06.040319+00:00
13359,ACET,"Adicet Bio, Inc.",US,True,2026-05-03 12:13:06.040319+00:00
13360,SSEA,Starry Sea Acquisition Corp,US,True,2026-05-03 12:13:06.040319+00:00
13361,AIRG,Airgain Inc,US,True,2026-05-03 12:13:06.040319+00:00
13362,LIDR,"Aeye, Inc.",US,True,2026-05-03 12:13:06.040319+00:00
13363,BSAI,Blusky Ai Inc.,US,True,2026-05-03 12:13:06.040319+00:00
13364,HOUR,"Hour Loop, Inc",US,True,2026-05-03 12:13:06.040319+00:00
13365,ESLA,"Estrella Immunopharma, Inc.",US,True,2026-05-03 12:13:06.040319+00:00
13366,PTHS,Pelthos Therapeutics Inc.,US,True,2026-05-03 12:13:06.040319+00:00
13367,HLP,Hongli Group Inc.,US,True,2026-05-03 12:13:06.040319+00:00
13368,ASPS,Altisource Portfolio Solutions S.A.,US,True,2026-05-03 12:13:06.040319+00:00
13369,XBIT,Xbiotech Inc.,US,True,2026-05-03 12:13:06.040319+00:00
13370,MOB,Mobilicom Ltd,US,True,2026-05-03 12:13:06.040319+00:00
13371,FTCI,"Ftc Solar, Inc.",US,True,2026-05-03 12:13:06.040319+00:00
13372,MHH,"Mastech Digital, Inc.",US,True,2026-05-03 12:13:06.040319+00:00
13373,MCHX,Marchex Inc,US,True,2026-05-03 12:13:06.040319+00:00
13374,TOUR,Tuniu Corp,US,True,2026-05-03 12:13:06.040319+00:00
13375,MRDN,Meridian Holdings Inc./Nv,US,True,2026-05-03 12:13:06.040319+00:00
13376,FBSI,First Bancshares Inc /Mo/,US,True,2026-05-03 12:13:06.040319+00:00
13377,TCRX,"Tscan Therapeutics, Inc.",US,True,2026-05-03 12:13:06.040319+00:00
13378,SFWL,Shengfeng Development Ltd,US,True,2026-05-03 12:13:06.040319+00:00
13379,NTIC,Northern Technologies International Corp,US,True,2026-05-03 12:13:06.040319+00:00
13380,IZEA,"Izea Worldwide, Inc.",US,True,2026-05-03 12:13:06.040319+00:00
13381,BSAA,Best Spac I Acquisition Corp.,US,True,2026-05-03 12:13:06.040319+00:00
13382,RRGB,Red Robin Gourmet Burgers Inc,US,True,2026-05-03 12:13:06.040319+00:00
13383,NORD,Nordicus Partners Corp,US,True,2026-05-03 12:13:06.040319+00:00
13384,SIEB,Siebert Financial Corp,US,True,2026-05-03 12:13:06.040319+00:00
13385,NMS,Nuveen Minnesota Quality Municipal Income Fund,US,True,2026-05-03 12:13:06.040319+00:00
13386,BIRD,"Allbirds, Inc.",US,True,2026-05-03 12:13:06.040319+00:00
13387,WTG,Wintergreen Acquisition Corp.,US,True,2026-05-03 12:13:06.040319+00:00
13388,AEAE,Altenergy Acquisition Corp,US,True,2026-05-03 12:13:06.040319+00:00
13389,CNDA,Concord Acquisition Corp Ii,US,True,2026-05-03 12:13:06.040319+00:00
13390,PDSB,Pds Biotechnology Corp,US,True,2026-05-03 12:13:06.040319+00:00
13391,NBRG,Newbridge Acquisition Ltd,US,True,2026-05-03 12:13:06.040319+00:00
13392,FLD,"Fold Holdings, Inc.",US,True,2026-05-03 12:13:06.040319+00:00
13393,GLV,Clough Global Dividend & Income Fund,US,True,2026-05-03 12:13:06.040319+00:00
13394,OPXS,Optex Systems Holdings Inc,US,True,2026-05-03 12:13:06.040319+00:00
13395,XTIA,"Xti Aerospace, Inc.",US,True,2026-05-03 12:13:06.040319+00:00
13396,IBO,Impact Biomedical Inc.,US,True,2026-05-03 12:13:06.040319+00:00
13397,CLNN,Clene Inc.,US,True,2026-05-03 12:13:06.040319+00:00
13398,GECC,Great Elm Capital Corp.,US,True,2026-05-03 12:13:06.040319+00:00
13399,INTG,Intergroup Corp,US,True,2026-05-03 12:13:06.040319+00:00
13400,HTCO,High-Trend International Group,US,True,2026-05-03 12:13:06.040319+00:00
13401,VMCAF,Valuence Merger Corp. I,US,True,2026-05-03 12:13:06.040319+00:00
13402,BPAC,Blueport Acquisition Ltd,US,True,2026-05-03 12:13:06.040319+00:00
13403,PODC,"Podcastone, Inc.",US,True,2026-05-03 12:13:06.040319+00:00
13404,HLEO,Helio Corp /Fl/,US,True,2026-05-03 12:13:06.040319+00:00
13405,ARSMF,Ares Strategic Mining Inc.,US,True,2026-05-03 12:13:06.040319+00:00
13406,CPBI,"Central Plains Bancshares, Inc.",US,True,2026-05-03 12:13:06.040319+00:00
13407,SPRU,Spruce Power Holding Corp,US,True,2026-05-03 12:13:06.040319+00:00
13408,NRT,North European Oil Royalty Trust,US,True,2026-05-03 12:13:06.040319+00:00
13409,CBAT,"Cbak Energy Technology, Inc.",US,True,2026-05-03 12:13:06.040319+00:00
13410,SGA,Saga Communications Inc,US,True,2026-05-03 12:13:06.040319+00:00
13411,CYPH,Cypherpunk Technologies Inc.,US,True,2026-05-03 12:13:06.040319+00:00
13412,GAIA,"Gaia, Inc",US,True,2026-05-03 12:13:06.040319+00:00
13413,IOR,Income Opportunity Realty Investors Inc /Tx/,US,True,2026-05-03 12:13:06.040319+00:00
13414,MERC,Mercer International Inc.,US,True,2026-05-03 12:13:06.040319+00:00
13415,XTNT,"Xtant Medical Holdings, Inc.",US,True,2026-05-03 12:13:06.040319+00:00
13416,GPMT,Granite Point Mortgage Trust Inc.,US,True,2026-05-03 12:13:06.040319+00:00
13417,BLNC,"Balance Labs, Inc.",US,True,2026-05-03 12:13:06.040319+00:00
13418,YOUL,Youlife Group Inc.,US,True,2026-05-03 12:13:06.040319+00:00
13419,PDCC,Pearl Diver Credit Co Inc.,US,True,2026-05-03 12:13:06.040319+00:00
13420,CEV,Eaton Vance California Municipal Income Trust,US,True,2026-05-03 12:13:06.040319+00:00
13421,DWNX,Delhi Bank Corp,US,True,2026-05-03 12:13:06.040319+00:00
13422,NOMA,Nomadar Corp.,US,True,2026-05-03 12:13:06.040319+00:00
13423,KRFG,"King Resources, Inc.",US,True,2026-05-03 12:13:06.040319+00:00
13424,VIOT,"Viomi Technology Co., Ltd",US,True,2026-05-03 12:13:06.040319+00:00
13425,BTM,Bitcoin Depot Inc.,US,True,2026-05-03 12:13:06.040319+00:00
13426,SEAT,Vivid Seats Inc.,US,True,2026-05-03 12:13:06.040319+00:00
13427,BYFC,Broadway Financial Corp \De\,US,True,2026-05-03 12:13:06.040319+00:00
13428,GRCE,"Grace Therapeutics, Inc.",US,True,2026-05-03 12:13:06.040319+00:00
13429,OTH,Off The Hook Ys Inc.,US,True,2026-05-03 12:13:06.040319+00:00
13430,LBCMF,Copper Giant Resources Corp.,US,True,2026-05-03 12:13:06.040319+00:00
13431,PRPL,"Purple Innovation, Inc.",US,True,2026-05-03 12:13:06.040319+00:00
13432,FBIO,"Fortress Biotech, Inc.",US,True,2026-05-03 12:13:06.040319+00:00
13433,CING,Cingulate Inc.,US,True,2026-05-03 12:13:06.040319+00:00
13434,STLE,Steele Bancorp Inc,US,True,2026-05-03 12:13:06.040319+00:00
13435,BYSI,Beyondspring Inc.,US,True,2026-05-03 12:13:06.040319+00:00
13436,PCM,"Pcm Fund, Inc.",US,True,2026-05-03 12:13:06.040319+00:00
13437,RMXI,"Rmx Industries, Inc.",US,True,2026-05-03 12:13:06.040319+00:00
13438,THMG,Thunder Mountain Gold Inc,US,True,2026-05-03 12:13:06.040319+00:00
13439,BGSF,"Bgsf, Inc.",US,True,2026-05-03 12:13:06.040319+00:00
13440,SPRB,"Spruce Biosciences, Inc.",US,True,2026-05-03 12:13:06.040319+00:00
13441,STSS,Sharps Technology Inc.,US,True,2026-05-03 12:13:06.040319+00:00
13442,EEA,"European Equity Fund, Inc / Md",US,True,2026-05-03 12:13:06.040319+00:00
13443,SNT,Senstar Technologies Corp,US,True,2026-05-03 12:13:06.040319+00:00
13444,PRTS,"Carparts.Com, Inc.",US,True,2026-05-03 12:13:06.040319+00:00
13445,DMA,Destra Multi-Alternative Fund,US,True,2026-05-03 12:13:06.040319+00:00
13446,GMM,Global Mofy Ai Ltd,US,True,2026-05-03 12:13:06.040319+00:00
13447,USPCY,China Strategic Technology Group Limited/Adr,US,True,2026-05-03 12:13:06.040319+00:00
13448,DTCX,"Datacentrex, Inc.",US,True,2026-05-03 12:13:06.040319+00:00
13449,TEAD,Teads Holding Co.,US,True,2026-05-03 12:13:06.040319+00:00
13450,XGN,Exagen Inc.,US,True,2026-05-03 12:13:06.040319+00:00
13451,MNOV,Medicinova Inc,US,True,2026-05-03 12:13:06.040319+00:00
13452,JUVF,Juniata Valley Financial Corp,US,True,2026-05-03 12:13:06.040319+00:00
13453,ICCC,Immucell Corp /De/,US,True,2026-05-03 12:13:06.040319+00:00
13454,CCIF,Carlyle Credit Income Fund,US,True,2026-05-03 12:13:06.040319+00:00
13455,BGM,Bgm Group Ltd.,US,True,2026-05-03 12:13:06.040319+00:00
13456,IBIO,"Ibio, Inc.",US,True,2026-05-03 12:13:06.040319+00:00
13457,MDIA,Mediaco Holding Inc.,US,True,2026-05-03 12:13:06.040319+00:00
13458,IMAQ,International Media Acquisition Corp.,US,True,2026-05-03 12:13:06.040319+00:00
13459,RGS,Regis Corp,US,True,2026-05-03 12:13:06.040319+00:00
13460,PYYX,"Pyxus International, Inc.",US,True,2026-05-03 12:13:06.040319+00:00
13461,AGH,Aureus Greenway Holdings Inc,US,True,2026-05-03 12:13:06.040319+00:00
13462,UHG,"United Homes Group, Inc.",US,True,2026-05-03 12:13:06.040319+00:00
13463,SCTH,"Securetech Innovations, Inc.",US,True,2026-05-03 12:13:06.040319+00:00
13464,CXH,Mfs Investment Grade Municipal Trust,US,True,2026-05-03 12:13:06.040319+00:00
13465,AUXXF,A2 Gold Corp.,US,True,2026-05-03 12:13:06.040319+00:00
13466,PGZ,Principal Real Estate Income Fund,US,True,2026-05-03 12:13:06.040319+00:00
13467,AEI,Alset Inc.,US,True,2026-05-03 12:13:06.040319+00:00
13468,DCGO,Docgo Inc.,US,True,2026-05-03 12:13:06.040319+00:00
13469,SOGP,Sound Group Inc.,US,True,2026-05-03 12:13:06.040319+00:00
13470,RIBB,Ribbon Acquisition Corp.,US,True,2026-05-03 12:13:06.040319+00:00
13471,ACRV,"Acrivon Therapeutics, Inc.",US,True,2026-05-03 12:13:06.040319+00:00
13472,LOMLF,Lion One Metals Ltd.,US,True,2026-05-03 12:13:06.040319+00:00
13473,GRWG,Growgeneration Corp.,US,True,2026-05-03 12:13:06.040319+00:00
13474,BLNE,"Beeline Holdings, Inc.",US,True,2026-05-03 12:13:06.040319+00:00
13475,GPUS,"Hyperscale Data, Inc.",US,True,2026-05-03 12:13:06.040319+00:00
13476,VLT,Invesco High Income Trust Ii,US,True,2026-05-03 12:13:06.040319+00:00
13477,AURX,"Nuo Therapeutics, Inc.",US,True,2026-05-03 12:13:06.040319+00:00
13478,LFT,"Lument Finance Trust, Inc.",US,True,2026-05-03 12:13:06.040319+00:00
13479,ELBM,Electra Battery Materials Corp,US,True,2026-05-03 12:13:06.040319+00:00
13480,GPGCF,Great Pacific Gold Corp.,US,True,2026-05-03 12:13:06.040319+00:00
13481,SLMT,Brera Holdings Plc,US,True,2026-05-03 12:13:06.040319+00:00
13482,FORA,Forian Inc.,US,True,2026-05-03 12:13:06.040319+00:00
13483,BRID,Bridgford Foods Corp,US,True,2026-05-03 12:13:06.040319+00:00
13484,GCL,Gcl Global Holdings Ltd,US,True,2026-05-03 12:13:06.040319+00:00
13485,GEG,"Great Elm Group, Inc.",US,True,2026-05-03 12:13:06.040319+00:00
13486,ASRV,Ameriserv Financial Inc /Pa/,US,True,2026-05-03 12:13:06.040319+00:00
13487,UFI,Unifi Inc,US,True,2026-05-03 12:13:06.040319+00:00
13488,LTCN,Grayscale Litecoin Trust (Ltc),US,True,2026-05-03 12:13:06.040319+00:00
13489,OKUR,"Onkure Therapeutics, Inc.",US,True,2026-05-03 12:13:06.040319+00:00
13490,VHC,Virnetx Holding Corp,US,True,2026-05-03 12:13:06.040319+00:00
13491,RFL,"Rafael Holdings, Inc.",US,True,2026-05-03 12:13:06.040319+00:00
13492,OPHC,"Optimumbank Holdings, Inc.",US,True,2026-05-03 12:13:06.040319+00:00
13493,YTRA,"Yatra Online, Inc.",US,True,2026-05-03 12:13:06.040319+00:00
13494,UAVS,Ageagle Aerial Systems Inc.,US,True,2026-05-03 12:13:06.040319+00:00
13495,RTGN,Retinalgenix Technologies Inc.,US,True,2026-05-03 12:13:06.040319+00:00
13496,SRCRF,Scorpio Gold Corp,US,True,2026-05-03 12:13:06.040319+00:00
13497,HYOR,Hyorc Corp,US,True,2026-05-03 12:13:06.040319+00:00
13498,NSTS,"Nsts Bancorp, Inc.",US,True,2026-05-03 12:13:06.040319+00:00
13499,CTM,"Castellum, Inc.",US,True,2026-05-03 12:13:06.040319+00:00
13500,BDMD,Baird Medical Investment Holdings Ltd,US,True,2026-05-03 12:13:06.040319+00:00
13501,SRTS,"Sensus Healthcare, Inc.",US,True,2026-05-03 12:13:06.040319+00:00
13502,CLST,"Catalyst Bancorp, Inc.",US,True,2026-05-03 12:13:06.040319+00:00
13503,CUE,"Cue Biopharma, Inc.",US,True,2026-05-03 12:13:06.040319+00:00
13504,AFCG,Advanced Flower Capital Inc.,US,True,2026-05-03 12:13:06.040319+00:00
13505,HAO,Haoxi Health Technology Ltd,US,True,2026-05-03 12:13:06.040319+00:00
13506,THCH,Th International Ltd,US,True,2026-05-03 12:13:06.040319+00:00
13507,PYRGF,Pyrogenesis Canada Inc.,US,True,2026-05-03 12:13:06.040319+00:00
13508,ONEG,Oneconstruction Group Ltd,US,True,2026-05-03 12:13:06.040319+00:00
13509,FNUC,Frontier Nuclear & Minerals Inc.,US,True,2026-05-03 12:13:06.040319+00:00
13510,LOCL,Local Bounti Corporation/De,US,True,2026-05-03 12:13:06.040319+00:00
13511,SOTK,Sono Tek Corp,US,True,2026-05-03 12:13:06.040319+00:00
13512,IMA,"Imagenebio, Inc.",US,True,2026-05-03 12:13:06.040319+00:00
13513,FEAM,"5E Advanced Materials, Inc.",US,True,2026-05-03 12:13:06.040319+00:00
13514,ESGH,Esg Inc.,US,True,2026-05-03 12:13:06.040319+00:00
13515,LNSR,"Lensar, Inc.",US,True,2026-05-03 12:13:06.040319+00:00
13516,PMVC,Pmv Consumer Acquisition Corp.,US,True,2026-05-03 12:13:06.040319+00:00
13517,SLNG,"Stabilis Solutions, Inc.",US,True,2026-05-03 12:13:06.040319+00:00
13518,ANVS,"Annovis Bio, Inc.",US,True,2026-05-03 12:13:06.040319+00:00
13519,KNDI,"Kandi Technologies Group, Inc.",US,True,2026-05-03 12:13:06.040319+00:00
13520,AOTVF,Cambria Gold Mines Inc.,US,True,2026-05-03 12:13:06.040319+00:00
13521,FSP,Franklin Street Properties Corp /Ma/,US,True,2026-05-03 12:13:06.040319+00:00
13522,PMI,"Picard Medical, Inc.",US,True,2026-05-03 12:13:06.040319+00:00
13523,TLGYF,Tlgy Acquisition Corp,US,True,2026-05-03 12:13:06.040319+00:00
13524,CRT,Cross Timbers Royalty Trust,US,True,2026-05-03 12:13:06.040319+00:00
13525,CHUC,"Charlie'S Holdings, Inc.",US,True,2026-05-03 12:13:06.040319+00:00
13526,DOMH,Dominari Holdings Inc.,US,True,2026-05-03 12:13:06.040319+00:00
13527,LFVN,Lifevantage Corp,US,True,2026-05-03 12:13:06.040319+00:00
13528,LOOP,"Loop Industries, Inc.",US,True,2026-05-03 12:13:06.040319+00:00
13529,POSC,Positron Corp,US,True,2026-05-03 12:13:06.040319+00:00
13530,NSPR,"Inspiremd, Inc.",US,True,2026-05-03 12:13:06.040319+00:00
13531,HANNF,Hannan Metals Ltd.,US,True,2026-05-03 12:13:06.040319+00:00
13532,EDRY,Eurodry Ltd.,US,True,2026-05-03 12:13:06.040319+00:00
13533,WAMFF,Alaska Silver Corp.,US,True,2026-05-03 12:13:06.040319+00:00
13534,IBAC,Ib Acquisition Corp.,US,True,2026-05-03 12:13:06.040319+00:00
13535,BOF,Branchout Food Inc.,US,True,2026-05-03 12:13:06.040319+00:00
13536,FNGR,"Fingermotion, Inc.",US,True,2026-05-03 12:13:06.040319+00:00
13537,RSF,"Rivernorth Capital & Income Fund, Inc.",US,True,2026-05-03 12:13:06.040319+00:00
13538,WFCF,"Where Food Comes From, Inc.",US,True,2026-05-03 12:13:06.040319+00:00
13539,TRT,Trio-Tech International,US,True,2026-05-03 12:13:06.040319+00:00
13540,SPWH,"Sportsman'S Warehouse Holdings, Inc.",US,True,2026-05-03 12:13:06.040319+00:00
13541,SKIL,Skillsoft Corp.,US,True,2026-05-03 12:13:06.040319+00:00
13542,XCH,Xchg Ltd,US,True,2026-05-03 12:13:06.040319+00:00
13543,VHUB,"Venhub Global, Inc.",US,True,2026-05-03 12:13:06.040319+00:00
13544,EDVR,Endeavor Bancorp,US,True,2026-05-03 12:13:06.040319+00:00
13545,PVL,Permianville Royalty Trust,US,True,2026-05-03 12:13:06.040319+00:00
13546,MXE,Mexico Equity & Income Fund Inc,US,True,2026-05-03 12:13:06.040319+00:00
13547,OSTX,Os Therapies Inc,US,True,2026-05-03 12:13:06.040319+00:00
13548,HFBL,"Home Federal Bancorp, Inc. Of Louisiana",US,True,2026-05-03 12:13:06.040319+00:00
13549,RYM,"Rythm, Inc.",US,True,2026-05-03 12:13:06.040319+00:00
13550,FIEE,"Fiee, Inc.",US,True,2026-05-03 12:13:06.040319+00:00
13551,SELF,"Global Self Storage, Inc.",US,True,2026-05-03 12:13:06.040319+00:00
13552,TINFF,Tincorp Metals Inc.,US,True,2026-05-03 12:13:06.040319+00:00
13553,IDXG,"Interpace Biosciences, Inc.",US,True,2026-05-03 12:13:06.040319+00:00
13554,YI,"111, Inc.",US,True,2026-05-03 12:13:06.040319+00:00
13555,VOC,Voc Energy Trust,US,True,2026-05-03 12:13:06.040319+00:00
13556,AIB,"Blockchain Digital Infrastructure, Inc.",US,True,2026-05-03 12:13:06.040319+00:00
13557,VGES,Vanguard Green Investment Ltd,US,True,2026-05-03 12:13:06.040319+00:00
13558,LRDC,"Laredo Oil, Inc.",US,True,2026-05-03 12:13:06.040319+00:00
13559,UMEW,Umeworld Inc.,US,True,2026-05-03 12:13:06.040319+00:00
13560,MDNC,Medinotec Inc.,US,True,2026-05-03 12:13:06.040319+00:00
13561,SDM,Smart Digital Group Ltd,US,True,2026-05-03 12:13:06.040319+00:00
13562,INKT,"Mink Therapeutics, Inc.",US,True,2026-05-03 12:13:06.040319+00:00
13563,LEAT,Leatt Corp,US,True,2026-05-03 12:13:06.040319+00:00
13564,CSTE,Caesarstone Ltd.,US,True,2026-05-03 12:13:06.040319+00:00
13565,CCG,Cheche Group Inc.,US,True,2026-05-03 12:13:06.040319+00:00
13566,BDCO,Blue Dolphin Energy Co,US,True,2026-05-03 12:13:06.040319+00:00
13567,HPAI,Helport Ai Ltd,US,True,2026-05-03 12:13:06.040319+00:00
13568,HYFT,Mindwalk Holdings Corp.,US,True,2026-05-03 12:13:06.040319+00:00
13569,CAPN,Cayson Acquisition Corp,US,True,2026-05-03 12:13:06.040319+00:00
13570,SLND,"Southland Holdings, Inc.",US,True,2026-05-03 12:13:06.040319+00:00
13571,NDLS,Noodles & Co,US,True,2026-05-03 12:13:06.040319+00:00
13572,PAVM,Pavmed Inc.,US,True,2026-05-03 12:13:06.040319+00:00
13573,BDL,Flanigans Enterprises Inc,US,True,2026-05-03 12:13:06.040319+00:00
13574,LVO,"Liveone, Inc.",US,True,2026-05-03 12:13:06.040319+00:00
13575,CATO,Cato Corp,US,True,2026-05-03 12:13:06.040319+00:00
13576,MYPS,"Playstudios, Inc.",US,True,2026-05-03 12:13:06.040319+00:00
13577,DXR,Daxor Corp,US,True,2026-05-03 12:13:06.040319+00:00
13578,GMHS,Gamehaus Holdings Inc.,US,True,2026-05-03 12:13:06.040319+00:00
13579,SORA,Asiastrategy,US,True,2026-05-03 12:13:06.040319+00:00
13580,MNY,Moneyhero Ltd,US,True,2026-05-03 12:13:06.040319+00:00
13581,FUSE,Fusemachines Inc.,US,True,2026-05-03 12:13:06.040319+00:00
13582,MDAI,"Spectral Ai, Inc.",US,True,2026-05-03 12:13:06.040319+00:00
13583,SODI,Solitron Devices Inc,US,True,2026-05-03 12:13:06.040319+00:00
13584,YIBO,Planet Image International Ltd,US,True,2026-05-03 12:13:06.040319+00:00
13585,EHTH,"Ehealth, Inc.",US,True,2026-05-03 12:13:06.040319+00:00
13586,SRXH,"Srx Health Solutions, Inc.",US,True,2026-05-03 12:13:06.040319+00:00
13587,FMFG,"Farmers & Merchants Bancshares, Inc.",US,True,2026-05-03 12:13:06.040319+00:00
13588,OMEX,Odyssey Marine Exploration Inc,US,True,2026-05-03 12:13:06.040319+00:00
13589,TKRFF,Tinka Resources Ltd,US,True,2026-05-03 12:13:06.040319+00:00
13590,BSPA,"Ballston Spa Bancorp, Inc.",US,True,2026-05-03 12:13:06.040319+00:00
13591,MGX,"Metagenomi Therapeutics, Inc.",US,True,2026-05-03 12:13:06.040319+00:00
13592,TIL,"Instil Bio, Inc.",US,True,2026-05-03 12:13:06.040319+00:00
13593,NA,Nano Labs Ltd,US,True,2026-05-03 12:13:06.040319+00:00
13594,COHN,Cohen & Co Inc.,US,True,2026-05-03 12:13:06.040319+00:00
13595,SNBR,Sleep Number Corp,US,True,2026-05-03 12:13:06.040319+00:00
13596,AASP,Agassi Sports Entertainment Corp.,US,True,2026-05-03 12:13:06.040319+00:00
13597,APWC,Asia Pacific Wire & Cable Corp Ltd,US,True,2026-05-03 12:13:06.040319+00:00
13598,LUNG,Pulmonx Corp,US,True,2026-05-03 12:13:06.040319+00:00
13599,UEIC,Universal Electronics Inc,US,True,2026-05-03 12:13:06.040319+00:00
13600,AIRT,Air T Inc,US,True,2026-05-03 12:13:06.040319+00:00
13601,CDAQF,Compass Digital Acquisition Corp.,US,True,2026-05-03 12:13:06.040319+00:00
13602,JMM,Nuveen Multi-Market Income Fund,US,True,2026-05-03 12:13:06.040319+00:00
13603,SKLZ,Skillz Inc.,US,True,2026-05-03 12:13:06.040319+00:00
13604,MATH,Metalpha Technology Holding Ltd,US,True,2026-05-03 12:13:06.040319+00:00
13605,ZTEK,Zentek Ltd.,US,True,2026-05-03 12:13:06.040319+00:00
13606,ELTK,Eltek Ltd,US,True,2026-05-03 12:13:06.040319+00:00
13607,ZOOZ,Zooz Strategy Ltd.,US,True,2026-05-03 12:13:06.040319+00:00
13608,COCH,"Envoy Medical, Inc.",US,True,2026-05-03 12:13:06.040319+00:00
13609,LFS,"Leifras Co., Ltd.",US,True,2026-05-03 12:13:06.040319+00:00
13610,DDC,Ddc Enterprise Ltd,US,True,2026-05-03 12:13:06.040319+00:00
13611,BWEN,"Broadwind, Inc.",US,True,2026-05-03 12:13:06.040319+00:00
13612,BEWFF,Bewhere Holdings Inc,US,True,2026-05-03 12:13:06.040319+00:00
13613,KBSX,Fst Corp.,US,True,2026-05-03 12:13:06.040319+00:00
13614,VNCE,Vince Holding Corp.,US,True,2026-05-03 12:13:06.040319+00:00
13615,NXXT,"Nextnrg, Inc.",US,True,2026-05-03 12:13:06.040319+00:00
13616,FSEA,"First Seacoast Bancorp, Inc.",US,True,2026-05-03 12:13:06.040319+00:00
13617,INDO,Indonesia Energy Corp Ltd,US,True,2026-05-03 12:13:06.040319+00:00
13618,EURK,Eureka Acquisition Corp,US,True,2026-05-03 12:13:06.040319+00:00
13619,SCWO,374Water Inc.,US,True,2026-05-03 12:13:06.040319+00:00
13620,GNS,Genius Group Ltd,US,True,2026-05-03 12:13:06.040319+00:00
13621,GENK,"Gen Restaurant Group, Inc.",US,True,2026-05-03 12:13:06.040319+00:00
13622,LVPA,Lvpai Group Ltd,US,True,2026-05-03 12:13:06.040319+00:00
13623,PSIG,Ps International Group Ltd.,US,True,2026-05-03 12:13:06.040319+00:00
13624,GROV,"Grove Collaborative Holdings, Inc.",US,True,2026-05-03 12:13:06.040319+00:00
13625,KZR,"Kezar Life Sciences, Inc.",US,True,2026-05-03 12:13:06.040319+00:00
13626,OFS,Ofs Capital Corp,US,True,2026-05-03 12:13:06.040319+00:00
13627,DUO,Fangdd Network Group Ltd.,US,True,2026-05-03 12:13:06.040319+00:00
13628,SKBL,Skyline Builders Group Holding Ltd,US,True,2026-05-03 12:13:06.040319+00:00
13629,JAGU,Jaguar Uranium Corp.,US,True,2026-05-03 12:13:06.040319+00:00
13630,CDLX,"Cardlytics, Inc.",US,True,2026-05-03 12:13:06.040319+00:00
13631,MIND,"Mind Technology, Inc",US,True,2026-05-03 12:13:06.040319+00:00
13632,JANL,Janel Corp,US,True,2026-05-03 12:13:06.040319+00:00
13633,ACTU,"Actuate Therapeutics, Inc.",US,True,2026-05-03 12:13:06.040319+00:00
13634,DSWL,Deswell Industries Inc,US,True,2026-05-03 12:13:06.040319+00:00
13635,DRIO,Dariohealth Corp.,US,True,2026-05-03 12:13:06.040319+00:00
13636,WHEN,"World Health Energy Holdings, Inc.",US,True,2026-05-03 12:13:06.040319+00:00
13637,STKS,"One Group Hospitality, Inc.",US,True,2026-05-03 12:13:06.040319+00:00
13638,VTSI,"Virtra, Inc",US,True,2026-05-03 12:13:06.040319+00:00
13639,KSCP,"Knightscope, Inc.",US,True,2026-05-03 12:13:06.040319+00:00
13640,MLCI,Mount Logan Capital Inc.,US,True,2026-05-03 12:13:06.040319+00:00
13641,TGE,Generation Essentials Group,US,True,2026-05-03 12:13:06.040319+00:00
13642,HCMC,Healthier Choices Management Corp.,US,True,2026-05-03 12:13:06.040319+00:00
13643,IXHL,Incannex Healthcare Inc.,US,True,2026-05-03 12:13:06.040319+00:00
13644,XHG,Xchange Tec.Inc,US,True,2026-05-03 12:13:06.040319+00:00
13645,RNTX,"Rein Therapeutics, Inc.",US,True,2026-05-03 12:13:06.040319+00:00
13646,WBX,Wallbox N.V.,US,True,2026-05-03 12:13:06.040319+00:00
13647,BRAG,Bragg Gaming Group Inc.,US,True,2026-05-03 12:13:06.040319+00:00
13648,IMTCF,Intrepid Metals Corp.,US,True,2026-05-03 12:13:06.040319+00:00
13649,ELRE,Yinfu Gold Corp.,US,True,2026-05-03 12:13:06.040319+00:00
13650,VRDR,"Verde Resources, Inc.",US,True,2026-05-03 12:13:06.040319+00:00
13651,AZASF,Arizona Gold & Silver Inc.,US,True,2026-05-03 12:13:06.040319+00:00
13652,ALAR,Alarum Technologies Ltd.,US,True,2026-05-03 12:13:06.040319+00:00
13653,MREO,Mereo Biopharma Group Plc,US,True,2026-05-03 12:13:06.040319+00:00
13654,EUBG,Entrepreneur Universe Bright Group,US,True,2026-05-03 12:13:06.040319+00:00
13655,RYES,Rise Gold Corp.,US,True,2026-05-03 12:13:06.040319+00:00
13656,LOAN,"Manhattan Bridge Capital, Inc",US,True,2026-05-03 12:13:06.040319+00:00
13657,DWTX,"Dogwood Therapeutics, Inc.",US,True,2026-05-03 12:13:06.040319+00:00
13658,NTRB,Nutriband Inc.,US,True,2026-05-03 12:13:06.040319+00:00
13659,SACH,Sachem Capital Corp.,US,True,2026-05-03 12:13:06.040319+00:00
13660,CNVS,Cineverse Corp.,US,True,2026-05-03 12:13:06.040319+00:00
13661,AGIG,"Abundia Global Impact Group, Inc.",US,True,2026-05-03 12:13:06.040319+00:00
13662,FMY,First Trust Mortgage Income Fund,US,True,2026-05-03 12:13:06.040319+00:00
13663,SOWG,Sow Good Inc.,US,True,2026-05-03 12:13:06.040319+00:00
13664,AAME,Atlantic American Corp,US,True,2026-05-03 12:13:06.040319+00:00
13665,AVX,Avax One Technology Ltd.,US,True,2026-05-03 12:13:06.040319+00:00
13666,ELUT,Elutia Inc.,US,True,2026-05-03 12:13:06.040319+00:00
13667,CYDVF,Century Lithium Corp.,US,True,2026-05-03 12:13:06.040319+00:00
13668,ECOR,"Electrocore, Inc.",US,True,2026-05-03 12:13:06.040319+00:00
13669,ARAY,Accuray Inc,US,True,2026-05-03 12:13:06.040319+00:00
13670,AMPG,"Amplitech Group, Inc.",US,True,2026-05-03 12:13:06.040319+00:00
13671,MGLD,"Marygold Companies, Inc.",US,True,2026-05-03 12:13:06.040319+00:00
13672,ALCY,Alchemy Investments Acquisition Corp 1,US,True,2026-05-03 12:13:06.040319+00:00
13673,OAKV,"Oak View Bankshares, Inc.",US,True,2026-05-03 12:13:06.040319+00:00
13674,POM,Pomdoctor Ltd,US,True,2026-05-03 12:13:06.040319+00:00
13675,ATOS,"Atossa Therapeutics, Inc.",US,True,2026-05-03 12:13:06.040319+00:00
13676,UCL,Ucloudlink Group Inc.,US,True,2026-05-03 12:13:06.040319+00:00
13677,HOLO,Microcloud Hologram Inc.,US,True,2026-05-03 12:13:06.040319+00:00
13678,GLXZ,"Galaxy Gaming, Inc.",US,True,2026-05-03 12:13:06.040319+00:00
13679,PLNH,Planet 13 Holdings Inc.,US,True,2026-05-03 12:13:06.040319+00:00
13680,XLO,"Xilio Therapeutics, Inc.",US,True,2026-05-03 12:13:06.040319+00:00
13681,WYY,Widepoint Corp,US,True,2026-05-03 12:13:06.040319+00:00
13682,RGCCF,Relevant Gold Corp.,US,True,2026-05-03 12:13:06.040319+00:00
13683,PETS,Petmed Express Inc,US,True,2026-05-03 12:13:06.040319+00:00
13684,SJ,Scienjoy Holding Corp,US,True,2026-05-03 12:13:06.040319+00:00
13685,DMNIF,Damon Inc.,US,True,2026-05-03 12:13:06.040319+00:00
13686,PSTV,"Plus Therapeutics, Inc.",US,True,2026-05-03 12:13:06.040319+00:00
13687,BREZ,Breeze Acquisition Corp. Ii,US,True,2026-05-03 12:13:06.040319+00:00
13688,ILLR,Triller Group Inc.,US,True,2026-05-03 12:13:06.040319+00:00
13689,VIPRF,Silver Viper Minerals Corp.,US,True,2026-05-03 12:13:06.040319+00:00
13690,TCBS,"Texas Community Bancshares, Inc.",US,True,2026-05-03 12:13:06.040319+00:00
13691,GRML,Greenland Mines Ltd,US,True,2026-05-03 12:13:06.040319+00:00
13692,IEHC,Ieh Corp,US,True,2026-05-03 12:13:06.040319+00:00
13693,DRYGF,Dryden Gold Corp.,US,True,2026-05-03 12:13:06.040319+00:00
13694,BKHA,Black Hawk Acquisition Corp,US,True,2026-05-03 12:13:06.040319+00:00
13695,INVU,"Investview, Inc.",US,True,2026-05-03 12:13:06.040319+00:00
13696,KCCFF,Kutcho Copper Corp.,US,True,2026-05-03 12:13:06.040319+00:00
13697,SCLX,Scilex Holding Co,US,True,2026-05-03 12:13:06.040319+00:00
13698,KLXE,"Klx Energy Services Holdings, Inc.",US,True,2026-05-03 12:13:06.040319+00:00
13699,REED,"Reed'S, Inc.",US,True,2026-05-03 12:13:06.040319+00:00
13700,HGBL,Heritage Global Inc.,US,True,2026-05-03 12:13:06.040319+00:00
13701,WTHVF,Westhaven Gold Corp.,US,True,2026-05-03 12:13:06.040319+00:00
13702,SEOVF,Sernova Corp.,US,True,2026-05-03 12:13:06.040319+00:00
13703,TELO,"Telomir Pharmaceuticals, Inc.",US,True,2026-05-03 12:13:06.040319+00:00
13704,LGL,Lgl Group Inc,US,True,2026-05-03 12:13:06.040319+00:00
13705,COLA,Columbus Acquisition Corp/Cayman Islands,US,True,2026-05-03 12:13:06.040319+00:00
13706,PRPO,"Precipio, Inc.",US,True,2026-05-03 12:13:06.040319+00:00
13707,STG,Sunlands Technology Group,US,True,2026-05-03 12:13:06.040319+00:00
13708,AXIL,"Axil Brands, Inc.",US,True,2026-05-03 12:13:06.040319+00:00
13709,HSPT,Horizon Space Acquisition Ii Corp.,US,True,2026-05-03 12:13:06.040319+00:00
13710,SCYX,Scynexis Inc,US,True,2026-05-03 12:13:06.040319+00:00
13711,POCI,"Precision Optics Corporation, Inc.",US,True,2026-05-03 12:13:06.040319+00:00
13712,HMR,Heidmar Maritime Holdings Corp.,US,True,2026-05-03 12:13:06.040319+00:00
13713,ESHA,Esh Acquisition Corp.,US,True,2026-05-03 12:13:06.040319+00:00
13714,ATNM,"Actinium Pharmaceuticals, Inc.",US,True,2026-05-03 12:13:06.040319+00:00
13715,INLF,Inlif Ltd,US,True,2026-05-03 12:13:06.040319+00:00
13716,BLGO,"Biolargo, Inc.",US,True,2026-05-03 12:13:06.040319+00:00
13717,CPPMF,Coppernico Metals Inc.,US,True,2026-05-03 12:13:06.040319+00:00
13718,CVU,Cpi Aerostructures Inc,US,True,2026-05-03 12:13:06.040319+00:00
13719,RDEXF,Red Pine Exploration Inc.,US,True,2026-05-03 12:13:06.040319+00:00
13720,BENF,Beneficient,US,True,2026-05-03 12:13:06.040319+00:00
13721,PFAI,Pinnacle Food Group Ltd,US,True,2026-05-03 12:13:06.040319+00:00
13722,LINK,Interlink Electronics Inc,US,True,2026-05-03 12:13:06.040319+00:00
13723,BIOF,"Blue Biofuels, Inc.",US,True,2026-05-03 12:13:06.040319+00:00
13724,PLUT,Plutus Financial Group Ltd,US,True,2026-05-03 12:13:06.040319+00:00
13725,APT,Alpha Pro Tech Ltd,US,True,2026-05-03 12:13:06.040319+00:00
13726,MPU,Mega Matrix Inc,US,True,2026-05-03 12:13:06.040319+00:00
13727,MIRA,"Mira Pharmaceuticals, Inc.",US,True,2026-05-03 12:13:06.040319+00:00
13728,STI,Solidion Technology Inc.,US,True,2026-05-03 12:13:06.040319+00:00
13729,LFLRF,Lafleur Minerals Inc..,US,True,2026-05-03 12:13:06.040319+00:00
13730,ONMD,Onemednet Corp,US,True,2026-05-03 12:13:06.040319+00:00
13731,MAMO,Massimo Group,US,True,2026-05-03 12:13:06.040319+00:00
13732,LISMF,Lithium South Development Corp,US,True,2026-05-03 12:13:06.040319+00:00
13733,KANP,Kaanapali Land Llc,US,True,2026-05-03 12:13:06.040319+00:00
13734,GSIW,Garden Stage Ltd,US,True,2026-05-03 12:13:06.040319+00:00
13735,VIVO,Vivopower Plc,US,True,2026-05-03 12:13:06.040319+00:00
13736,CTGL,Skytech Orion Global Corp.,US,True,2026-05-03 12:13:06.040319+00:00
13737,ACFN,"Acorn Energy, Inc.",US,True,2026-05-03 12:13:06.040319+00:00
13738,SAGGF,Sterling Metals Corp.,US,True,2026-05-03 12:13:06.040319+00:00
13739,CPIX,Cumberland Pharmaceuticals Inc,US,True,2026-05-03 12:13:06.040319+00:00
13740,SMOFF,Sonoro Gold Corp.,US,True,2026-05-03 12:13:06.040319+00:00
13741,GRNQ,Greenpro Capital Corp.,US,True,2026-05-03 12:13:06.040319+00:00
13742,BHIC,"Bioscience Health Innovations, Inc.",US,True,2026-05-03 12:13:06.040319+00:00
13743,ELWT,"Elauwit Connection, Inc.",US,True,2026-05-03 12:13:06.040319+00:00
13744,PXS,Pyxis Tankers Inc.,US,True,2026-05-03 12:13:06.040319+00:00
13745,MKTW,"Marketwise, Inc.",US,True,2026-05-03 12:13:06.040319+00:00
13746,RPMT,"Rego Payment Architectures, Inc.",US,True,2026-05-03 12:13:06.040319+00:00
13747,AACG,Ata Creativity Global,US,True,2026-05-03 12:13:06.040319+00:00
13748,BHM,"Bluerock Homes Trust, Inc.",US,True,2026-05-03 12:13:06.040319+00:00
13749,ISTKF,Intellistake Technologies Corp.,US,True,2026-05-03 12:13:06.040319+00:00
13750,HYPD,"Hyperion Defi, Inc.",US,True,2026-05-03 12:13:06.040319+00:00
13751,BEAT,"Heartbeam, Inc.",US,True,2026-05-03 12:13:06.040319+00:00
13752,GIBO,Gibo Holdings Ltd,US,True,2026-05-03 12:13:06.040319+00:00
13753,TETEF,Technology & Telecommunication Acquisition Corp,US,True,2026-05-03 12:13:06.040319+00:00
13754,GLBS,Globus Maritime Ltd,US,True,2026-05-03 12:13:06.040319+00:00
13755,LEEEF,Leef Brands Inc.,US,True,2026-05-03 12:13:06.040319+00:00
13756,ATCH,"Atlasclear Holdings, Inc.",US,True,2026-05-03 12:13:06.040319+00:00
13757,JETMF,Global Crossing Airlines Group Inc.,US,True,2026-05-03 12:13:06.040319+00:00
13758,QSEP,"Qs Energy, Inc.",US,True,2026-05-03 12:13:06.040319+00:00
13759,HOWL,"Werewolf Therapeutics, Inc.",US,True,2026-05-03 12:13:06.040319+00:00
13760,CNTY,Century Casinos Inc /Co/,US,True,2026-05-03 12:13:06.040319+00:00
13761,CREX,"Creative Realities, Inc.",US,True,2026-05-03 12:13:06.040319+00:00
13762,RLYB,Rallybio Corp,US,True,2026-05-03 12:13:06.040319+00:00
13763,FSTJ,First America Resources Corp,US,True,2026-05-03 12:13:06.040319+00:00
13764,MLGO,Microalgo Inc.,US,True,2026-05-03 12:13:06.040319+00:00
13765,NALG,North America Lithium & Gold Corp,US,True,2026-05-03 12:13:06.040319+00:00
13766,ZYBT,Zhengye Biotechnology Holding Ltd,US,True,2026-05-03 12:13:06.040319+00:00
13767,USEG,Us Energy Corp,US,True,2026-05-03 12:13:06.040319+00:00
13768,FGNX,Fg Nexus Inc.,US,True,2026-05-03 12:13:06.040319+00:00
13769,FKWL,Franklin Wireless Corp,US,True,2026-05-03 12:13:06.040319+00:00
13770,PHUN,"Phunware, Inc.",US,True,2026-05-03 12:13:06.040319+00:00
13771,QETA,Quetta Acquisition Corp,US,True,2026-05-03 12:13:06.040319+00:00
13772,FTEK,"Fuel Tech, Inc.",US,True,2026-05-03 12:13:06.040319+00:00
13773,SPND,Spindletop Oil & Gas Co,US,True,2026-05-03 12:13:06.040319+00:00
13774,QNTO,"Quaint Oak Bancorp, Inc.",US,True,2026-05-03 12:13:06.040319+00:00
13775,RNXT,"Renovorx, Inc.",US,True,2026-05-03 12:13:06.040319+00:00
13776,HCHL,Happy City Holdings Ltd,US,True,2026-05-03 12:13:06.040319+00:00
13777,BRFH,Barfresh Food Group Inc.,US,True,2026-05-03 12:13:06.040319+00:00
13778,NMTC,Neuroone Medical Technologies Corp,US,True,2026-05-03 12:13:06.040319+00:00
13779,LITB,"Lightinthebox Holding Co., Ltd.",US,True,2026-05-03 12:13:06.040319+00:00
13780,MHUBF,Minehub Technologies Inc.,US,True,2026-05-03 12:13:06.040319+00:00
13781,JRSH,"Jerash Holdings (Us), Inc.",US,True,2026-05-03 12:13:06.040319+00:00
13782,SPCB,Supercom Ltd,US,True,2026-05-03 12:13:06.040319+00:00
13783,SRLZF,Salazar Resources Ltd,US,True,2026-05-03 12:13:06.040319+00:00
13784,INIS,Radnostix Inc,US,True,2026-05-03 12:13:06.040319+00:00
13785,STKE,Sol Strategies Inc.,US,True,2026-05-03 12:13:06.040319+00:00
13786,GIFT,"Giftify, Inc.",US,True,2026-05-03 12:13:06.040319+00:00
13787,ESAUF,Esgold Corp.,US,True,2026-05-03 12:13:06.040319+00:00
13788,LIVE,Live Ventures Inc,US,True,2026-05-03 12:13:06.040319+00:00
13789,NAMI,Jinxin Technology Holding Co,US,True,2026-05-03 12:13:06.040319+00:00
13790,SNTL,Sentinel Holdings Ltd.,US,True,2026-05-03 12:13:06.040319+00:00
13791,ASFH,Asiafin Holdings Corp.,US,True,2026-05-03 12:13:06.040319+00:00
13792,EQTRF,Altamira Gold Corp.,US,True,2026-05-03 12:13:06.040319+00:00
13793,NCEW,New Century Logistics (Bvi) Ltd,US,True,2026-05-03 12:13:06.040319+00:00
13794,RDI,Reading International Inc,US,True,2026-05-03 12:13:06.040319+00:00
13795,FOXX,Foxx Development Holdings Inc.,US,True,2026-05-03 12:13:06.040319+00:00
13796,SQNS,Sequans Communications,US,True,2026-05-03 12:13:06.040319+00:00
13797,INCR,Intercure Ltd.,US,True,2026-05-03 12:13:06.040319+00:00
13798,LITS,"Lite Strategy, Inc.",US,True,2026-05-03 12:13:06.040319+00:00
13799,PTLE,Ptl Ltd,US,True,2026-05-03 12:13:06.040319+00:00
13800,ABLV,Able View Global Inc.,US,True,2026-05-03 12:13:06.040319+00:00
13801,KNRX,Knorex Ltd.,US,True,2026-05-03 12:13:06.040319+00:00
13802,BRIA,Brillia Inc,US,True,2026-05-03 12:13:06.040319+00:00
13803,NTWK,Netsol Technologies Inc,US,True,2026-05-03 12:13:06.040319+00:00
13804,WSTRF,Western Uranium & Vanadium Corp.,US,True,2026-05-03 12:13:06.040319+00:00
13805,RYET,Ruanyun Edai Technology Inc.,US,True,2026-05-03 12:13:06.040319+00:00
13806,QZMRF,Quartz Mountain Resources Ltd,US,True,2026-05-03 12:13:06.040319+00:00
13807,DTSQ,Dt Cloud Star Acquisition Corp,US,True,2026-05-03 12:13:06.040319+00:00
13808,ATRA,"Atara Biotherapeutics, Inc.",US,True,2026-05-03 12:13:06.040319+00:00
13809,MSSAF,Metal Sky Star Acquisition Corp,US,True,2026-05-03 12:13:06.040319+00:00
13810,ALGS,"Aligos Therapeutics, Inc.",US,True,2026-05-03 12:13:06.040319+00:00
13811,SNSE,"Sensei Biotherapeutics, Inc.",US,True,2026-05-03 12:13:06.040319+00:00
13812,ZDGE,"Zedge, Inc.",US,True,2026-05-03 12:13:06.040319+00:00
13813,NSYS,Nortech Systems Inc,US,True,2026-05-03 12:13:06.040319+00:00
13814,GRF,"Eagle Capital Growth Fund, Inc.",US,True,2026-05-03 12:13:06.040319+00:00
13815,LIXT,"Lixte Biotechnology Holdings, Inc.",US,True,2026-05-03 12:13:06.040319+00:00
13816,RCT,Redcloud Holdings Plc,US,True,2026-05-03 12:13:06.040319+00:00
13817,BURU,"Nuburu, Inc.",US,True,2026-05-03 12:13:06.040319+00:00
13818,MBBC,"Marathon Bancorp, Inc. /Md/",US,True,2026-05-03 12:13:06.040319+00:00
13819,ATCMF,Atico Mining Corp,US,True,2026-05-03 12:13:06.040319+00:00
13820,AVAI,"Avai Bio, Inc.",US,True,2026-05-03 12:13:06.040319+00:00
13821,ATHR,"Aether Holdings, Inc.",US,True,2026-05-03 12:13:06.040319+00:00
13822,NTRP,"Nexttrip, Inc.",US,True,2026-05-03 12:13:06.040319+00:00
13823,KOSS,Koss Corp,US,True,2026-05-03 12:13:06.040319+00:00
13824,STLNF,Stallion Uranium Corp.,US,True,2026-05-03 12:13:06.040319+00:00
13825,TPCS,Techprecision Corp,US,True,2026-05-03 12:13:06.040319+00:00
13826,OPAD,Offerpad Solutions Inc.,US,True,2026-05-03 12:13:06.040319+00:00
13827,WAVE,Eco Wave Power Global Ab (Publ),US,True,2026-05-03 12:13:06.040319+00:00
13828,MDBH,"Mdb Capital Holdings, Llc",US,True,2026-05-03 12:13:06.040319+00:00
13829,JG,Aurora Mobile Ltd,US,True,2026-05-03 12:13:06.040319+00:00
13830,EKSO,"Ekso Bionics Holdings, Inc.",US,True,2026-05-03 12:13:06.040319+00:00
13831,EONR,Eon Resources Inc.,US,True,2026-05-03 12:13:06.040319+00:00
13832,BCHT,Birchtech Corp.,US,True,2026-05-03 12:13:06.040319+00:00
13833,JZ,Jianzhi Education Technology Group Co Ltd,US,True,2026-05-03 12:13:06.040319+00:00
13834,NXTC,"Nextcure, Inc.",US,True,2026-05-03 12:13:06.040319+00:00
13835,CTSO,Cytosorbents Corp,US,True,2026-05-03 12:13:06.040319+00:00
13836,PTNT,Palatin Technologies Inc,US,True,2026-05-03 12:13:06.040319+00:00
13837,BIOX,Bioceres Crop Solutions Corp.,US,True,2026-05-03 12:13:06.040319+00:00
13838,LGCB,Linkage Global Inc,US,True,2026-05-03 12:13:06.040319+00:00
13839,WELNF,Integrated Wellness Acquisition Corp,US,True,2026-05-03 12:13:06.040319+00:00
13840,BRKCF,Barksdale Resources Corp.,US,True,2026-05-03 12:13:06.040319+00:00
13841,CHEV,Charging Robotics Inc.,US,True,2026-05-03 12:13:06.040319+00:00
13842,NRRWF,Nuran Wireless Inc.,US,True,2026-05-03 12:13:06.040319+00:00
13843,CULP,Culp Inc,US,True,2026-05-03 12:13:06.040319+00:00
13844,YXT,Yxt.Com Group Holding Ltd,US,True,2026-05-03 12:13:06.040319+00:00
13845,FCO,"Abrdn Global Income Fund, Inc.",US,True,2026-05-03 12:13:06.040319+00:00
13846,YYAI,Airwa Inc.,US,True,2026-05-03 12:13:06.040319+00:00
13847,MCAG,Mountain Crest Acquisition Corp. V,US,True,2026-05-03 12:13:06.040319+00:00
13848,RKHNF,Rockhaven Resources Ltd,US,True,2026-05-03 12:13:06.040319+00:00
13849,VERU,Veru Inc.,US,True,2026-05-03 12:13:06.040319+00:00
13850,IPWR,Ideal Power Inc.,US,True,2026-05-03 12:13:06.040319+00:00
13851,LPSN,Liveperson Inc,US,True,2026-05-03 12:13:06.040319+00:00
13852,TLPH,"Talphera, Inc.",US,True,2026-05-03 12:13:06.040319+00:00
13853,USREF,Tactical Resources Corp.,US,True,2026-05-03 12:13:06.040319+00:00
13854,EVAX,Evaxion A/S,US,True,2026-05-03 12:13:06.040319+00:00
13855,NSRX,Nasus Pharma Ltd,US,True,2026-05-03 12:13:06.040319+00:00
13856,AHMA,Ambitions Enterprise Management Co. L.L.C,US,True,2026-05-03 12:13:06.040319+00:00
13857,OESX,"Orion Energy Systems, Inc.",US,True,2026-05-03 12:13:06.040319+00:00
13858,ENGS,Energys Group Ltd,US,True,2026-05-03 12:13:06.040319+00:00
13859,BGL,Blue Gold Ltd,US,True,2026-05-03 12:13:06.040319+00:00
13860,TOON,"Kartoon Studios, Inc.",US,True,2026-05-03 12:13:06.040319+00:00
13861,VBIX,Viewbix Inc.,US,True,2026-05-03 12:13:06.040319+00:00
13862,AIRE,Realpha Tech Corp.,US,True,2026-05-03 12:13:06.040319+00:00
13863,WPRT,Westport Fuel Systems Inc.,US,True,2026-05-03 12:13:06.040319+00:00
13864,SDEV,Stablecoin Development Corp,US,True,2026-05-03 12:13:06.040319+00:00
13865,RADX,Radiopharm Theranostics Ltd,US,True,2026-05-03 12:13:06.040319+00:00
13866,JXG,Jx Luxventure Group Inc.,US,True,2026-05-03 12:13:06.040319+00:00
13867,NSFDF,Nxt Energy Solutions Inc.,US,True,2026-05-03 12:13:06.040319+00:00
13868,GDHG,Golden Heaven Group Holdings Ltd.,US,True,2026-05-03 12:13:06.040319+00:00
13869,TAOX,Tao Synergies Inc.,US,True,2026-05-03 12:13:06.040319+00:00
13870,KFFB,Kentucky First Federal Bancorp,US,True,2026-05-03 12:13:06.040319+00:00
13871,INMB,"Inmune Bio, Inc.",US,True,2026-05-03 12:13:06.040319+00:00
13872,PXLW,"Pixelworks, Inc",US,True,2026-05-03 12:13:06.040319+00:00
13873,EHSI,Elite Health Systems Inc.,US,True,2026-05-03 12:13:06.040319+00:00
13874,TVGN,Tevogen Bio Holdings Inc.,US,True,2026-05-03 12:13:06.040319+00:00
13875,CRVO,Cervomed Inc.,US,True,2026-05-03 12:13:06.040319+00:00
13876,PBMLF,Pacific Booker Minerals Inc.,US,True,2026-05-03 12:13:06.040319+00:00
13877,JFU,9F Inc.,US,True,2026-05-03 12:13:06.040319+00:00
13878,BZDLF,Kincora Copper Ltd,US,True,2026-05-03 12:13:06.040319+00:00
13879,EMGDF,Eminent Gold Corp.,US,True,2026-05-03 12:13:06.040319+00:00
13880,IBATF,International Battery Metals Ltd.,US,True,2026-05-03 12:13:06.040319+00:00
13881,PHNMF,Phenom Resources Corp.,US,True,2026-05-03 12:13:06.040319+00:00
13882,GOCO,"Gohealth, Inc.",US,True,2026-05-03 12:13:06.040319+00:00
13883,CELU,Celularity Inc,US,True,2026-05-03 12:13:06.040319+00:00
13884,FTHM,Fathom Holdings Inc.,US,True,2026-05-03 12:13:06.040319+00:00
13885,BOLD,"Boundless Bio, Inc.",US,True,2026-05-03 12:13:06.040319+00:00
13886,DYNR,"Dynaresource, Inc.",US,True,2026-05-03 12:13:06.040319+00:00
13887,KDKGF,Klondike Gold Corp /Fi,US,True,2026-05-03 12:13:06.040319+00:00
13888,SLGB,Smart Logistics Global Ltd,US,True,2026-05-03 12:13:06.040319+00:00
13889,UNXP,Oz Vision Inc.,US,True,2026-05-03 12:13:06.040319+00:00
13890,PGZFF,Pan Global Resources Inc.,US,True,2026-05-03 12:13:06.040319+00:00
13891,AAPI,"Apple Isports Group, Inc.",US,True,2026-05-03 12:13:06.040319+00:00
13892,STRR,"Star Equity Holdings, Inc.",US,True,2026-05-03 12:13:06.040319+00:00
13893,MNTS,Momentus Inc.,US,True,2026-05-03 12:13:06.040319+00:00
13894,ETST,"Earth Science Tech, Inc.",US,True,2026-05-03 12:13:06.040319+00:00
13895,MIGI,Mawson Infrastructure Group Inc.,US,True,2026-05-03 12:13:06.040319+00:00
13896,CRSF,Crisp Momentum Inc.,US,True,2026-05-03 12:13:06.040319+00:00
13897,MMCP,"Mag Mile Capital, Inc.",US,True,2026-05-03 12:13:06.040319+00:00
13898,AZZTF,Aztec Minerals Corp.,US,True,2026-05-03 12:13:06.040319+00:00
13899,RAVE,"Rave Restaurant Group, Inc.",US,True,2026-05-03 12:13:06.040319+00:00
13900,ZEFIF,Zefiro Methane Corp.,US,True,2026-05-03 12:13:06.040319+00:00
13901,PRT,Permrock Royalty Trust,US,True,2026-05-03 12:13:06.040319+00:00
13902,YSXT,"Ysx Tech Co., Ltd",US,True,2026-05-03 12:13:06.040319+00:00
13903,AIFF,"Firefly Neuroscience, Inc.",US,True,2026-05-03 12:13:06.040319+00:00
13904,DXLG,"Destination Xl Group, Inc.",US,True,2026-05-03 12:13:06.040319+00:00
13905,CXXIF,C21 Investments Inc.,US,True,2026-05-03 12:13:06.040319+00:00
13906,REFR,Research Frontiers Inc,US,True,2026-05-03 12:13:06.040319+00:00
13907,DARE,"Dare Bioscience, Inc.",US,True,2026-05-03 12:13:06.040319+00:00
13908,HERZ,"Herzfeld Credit Income Fund, Inc",US,True,2026-05-03 12:13:06.040319+00:00
13909,PSQH,"Psq Holdings, Inc.",US,True,2026-05-03 12:13:06.040319+00:00
13910,RMTI,"Rockwell Medical, Inc.",US,True,2026-05-03 12:13:06.040319+00:00
13911,KPLT,"Katapult Holdings, Inc.",US,True,2026-05-03 12:13:06.040319+00:00
13912,SNTI,"Senti Biosciences, Inc.",US,True,2026-05-03 12:13:06.040319+00:00
13913,TMDE,Tmd Energy Ltd,US,True,2026-05-03 12:13:06.040319+00:00
13914,XBP,"Xbp Global Holdings, Inc.",US,True,2026-05-03 12:13:06.040319+00:00
13915,ANGH,Anghami Inc,US,True,2026-05-03 12:13:06.040319+00:00
13916,TACT,Transact Technologies Inc,US,True,2026-05-03 12:13:06.040319+00:00
13917,NRDE,Nu Ride Inc.,US,True,2026-05-03 12:13:06.040319+00:00
13918,RDGL,Vivos Inc,US,True,2026-05-03 12:13:06.040319+00:00
13919,GROW,U S Global Investors Inc,US,True,2026-05-03 12:13:06.040319+00:00
13920,RSRV,Reserve Petroleum Co,US,True,2026-05-03 12:13:06.040319+00:00
13921,SKYQ,Sky Quarry Inc.,US,True,2026-05-03 12:13:06.040319+00:00
13922,RDAC,Rising Dragon Acquisition Corp.,US,True,2026-05-03 12:13:06.040319+00:00
13923,PLUR,Pluri Inc.,US,True,2026-05-03 12:13:06.040319+00:00
13924,SMXT,"Solarmax Technology, Inc.",US,True,2026-05-03 12:13:06.040319+00:00
13925,ACCS,Access Newswire Inc.,US,True,2026-05-03 12:13:06.040319+00:00
13926,OTLK,"Outlook Therapeutics, Inc.",US,True,2026-05-03 12:13:06.040319+00:00
13927,LSF,"Laird Superfood, Inc.",US,True,2026-05-03 12:13:06.040319+00:00
13928,NTIP,"Network-1 Technologies, Inc.",US,True,2026-05-03 12:13:06.040319+00:00
13929,CVV,Cvd Equipment Corp,US,True,2026-05-03 12:13:06.040319+00:00
13930,USIO,"Usio, Inc.",US,True,2026-05-03 12:13:06.040319+00:00
13931,BOSC,Bos Better Online Solutions Ltd,US,True,2026-05-03 12:13:06.040319+00:00
13932,REVFF,Gitennes Exploration Inc.,US,True,2026-05-03 12:13:06.040319+00:00
13933,VASO,Vaso Corp,US,True,2026-05-03 12:13:06.040319+00:00
13934,ADGM,"Adagio Medical Holdings, Inc.",US,True,2026-05-03 12:13:06.040319+00:00
13935,BAYA,Bayview Acquisition Corp,US,True,2026-05-03 12:13:06.040319+00:00
13936,AIXC,"Aixcrypto Holdings, Inc.",US,True,2026-05-03 12:13:06.040319+00:00
13937,EVOH,Evoair Holdings Inc.,US,True,2026-05-03 12:13:06.040319+00:00
13938,BCG,"Binah Capital Group, Inc.",US,True,2026-05-03 12:13:06.040319+00:00
13939,CSDX,Cs Diagnostics Corp.,US,True,2026-05-03 12:13:06.040319+00:00
13940,MRNO,Murano Global Investments Plc,US,True,2026-05-03 12:13:06.040319+00:00
13941,BMR,Beamr Imaging Ltd.,US,True,2026-05-03 12:13:06.040319+00:00
13942,PRKR,Parkervision Inc,US,True,2026-05-03 12:13:06.040319+00:00
13943,INLX,"Intellinetics, Inc.",US,True,2026-05-03 12:13:06.040319+00:00
13944,RAND,Rand Capital Corp,US,True,2026-05-03 12:13:06.040319+00:00
13945,SNAL,"Snail, Inc.",US,True,2026-05-03 12:13:06.040319+00:00
13946,MOBX,"Mobix Labs, Inc",US,True,2026-05-03 12:13:06.040319+00:00
13947,BAFN,Bayfirst Financial Corp.,US,True,2026-05-03 12:13:06.040319+00:00
13948,CVM,Cel Sci Corp,US,True,2026-05-03 12:13:06.040319+00:00
13949,BEEM,Beam Global,US,True,2026-05-03 12:13:06.040319+00:00
13950,UBXG,U-Bx Technology Ltd.,US,True,2026-05-03 12:13:06.040319+00:00
13951,JSDA,Jones Soda Co.,US,True,2026-05-03 12:13:06.040319+00:00
13952,ABVC,"Abvc Biopharma, Inc.",US,True,2026-05-03 12:13:06.040319+00:00
13953,VEEA,Veea Inc.,US,True,2026-05-03 12:13:06.040319+00:00
13954,MOBQ,"Mobiquity Technologies, Inc.",US,True,2026-05-03 12:13:06.040319+00:00
13955,AVNI,Arvana Inc,US,True,2026-05-03 12:13:06.040319+00:00
13956,RITR,Reitar Logtech Holdings Ltd,US,True,2026-05-03 12:13:06.040319+00:00
13957,IGC,"Igc Pharma, Inc.",US,True,2026-05-03 12:13:06.040319+00:00
13958,RPGL,Republic Power Group Ltd,US,True,2026-05-03 12:13:06.040319+00:00
13959,TOP,Top Financial Group Ltd,US,True,2026-05-03 12:13:06.040319+00:00
13960,BBGI,Beasley Broadcast Group Inc,US,True,2026-05-03 12:13:06.040319+00:00
13961,NTZ,Natuzzi S P A,US,True,2026-05-03 12:13:06.040319+00:00
13962,BTAI,"Bioxcel Therapeutics, Inc.",US,True,2026-05-03 12:13:06.040319+00:00
13963,SWAG,"Stran & Company, Inc.",US,True,2026-05-03 12:13:06.040319+00:00
13964,HWAUF,Headwater Gold Inc.,US,True,2026-05-03 12:13:06.040319+00:00
13965,QTZM,Quantum Genesis Ai Corp.,US,True,2026-05-03 12:13:06.040319+00:00
13966,MYO,"Myomo, Inc.",US,True,2026-05-03 12:13:06.040319+00:00
13967,NPRFF,Nepra Foods Inc.,US,True,2026-05-03 12:13:06.040319+00:00
13968,CGTL,Creative Global Technology Holdings Ltd,US,True,2026-05-03 12:13:06.040319+00:00
13969,VIPZ,"Vip Play, Inc.",US,True,2026-05-03 12:13:06.040319+00:00
13970,AAQL,Antiaging Quantum Living Inc.,US,True,2026-05-03 12:13:06.040319+00:00
13971,MVO,Mv Oil Trust,US,True,2026-05-03 12:13:06.040319+00:00
13972,GWH,"Ess Tech, Inc.",US,True,2026-05-03 12:13:06.040319+00:00
13973,KTCC,Key Tronic Corp,US,True,2026-05-03 12:13:06.040319+00:00
13974,VPLM,Voip-Pal.Com Inc,US,True,2026-05-03 12:13:06.040319+00:00
13975,HSPOF,Horizon Space Acquisition I Corp.,US,True,2026-05-03 12:13:06.040319+00:00
13976,MDWK,"Mdwerks, Inc.",US,True,2026-05-03 12:13:06.040319+00:00
13977,UG,United Guardian Inc,US,True,2026-05-03 12:13:06.040319+00:00
13978,NEPH,Nephros Inc,US,True,2026-05-03 12:13:06.040319+00:00
13979,EPOW,E-Power Inc.,US,True,2026-05-03 12:13:06.040319+00:00
13980,LIMX,Limitless X Holdings Inc.,US,True,2026-05-03 12:13:06.040319+00:00
13981,CRWS,Crown Crafts Inc,US,True,2026-05-03 12:13:06.040319+00:00
13982,LXEH,Lixiang Education Holding Co. Ltd.,US,True,2026-05-03 12:13:06.040319+00:00
13983,WKHS,Workhorse Group Inc.,US,True,2026-05-03 12:13:06.040319+00:00
13984,PPSI,"Pioneer Power Solutions, Inc.",US,True,2026-05-03 12:13:06.040319+00:00
13985,INUV,"Inuvo, Inc.",US,True,2026-05-03 12:13:06.040319+00:00
13986,LTRN,Lantern Pharma Inc.,US,True,2026-05-03 12:13:06.040319+00:00
13987,ROMJF,Rubicon Organics Inc.,US,True,2026-05-03 12:13:06.040319+00:00
13988,KNGRF,Kingsmen Resources Ltd.,US,True,2026-05-03 12:13:06.040319+00:00
13989,LVLU,"Lulu'S Fashion Lounge Holdings, Inc.",US,True,2026-05-03 12:13:06.040319+00:00
13990,CBLO,"C2 Blockchain, Inc.",US,True,2026-05-03 12:13:06.040319+00:00
13991,POAS,Phaos Technology Holdings (Cayman) Ltd,US,True,2026-05-03 12:13:06.040319+00:00
13992,DYAI,Dyadic International Inc,US,True,2026-05-03 12:13:06.040319+00:00
13993,LGVN,Longeveron Inc.,US,True,2026-05-03 12:13:06.040319+00:00
13994,QCLS,"Q/C Technologies, Inc.",US,True,2026-05-03 12:13:06.040319+00:00
13995,ABVE,Above Food Ingredients Inc.,US,True,2026-05-03 12:13:06.040319+00:00
13996,FOFO,"Hang Feng Technology Innovation Co., Ltd.",US,True,2026-05-03 12:13:06.040319+00:00
13997,GRAN,Grande Group Ltd/Hk,US,True,2026-05-03 12:13:06.040319+00:00
13998,ITHR,"Intelithrive, Inc.",US,True,2026-05-03 12:13:06.040319+00:00
13999,TVRD,"Tvardi Therapeutics, Inc.",US,True,2026-05-03 12:13:06.040319+00:00
14000,AERT,"Aeries Technology, Inc.",US,True,2026-05-03 12:13:06.040319+00:00
14001,SFCO,Southern Financial Corp,US,True,2026-05-03 12:13:06.040319+00:00
14002,AWRE,Aware Inc /Ma/,US,True,2026-05-03 12:13:06.040319+00:00
14003,UFG,Uni-Fuels Holdings Ltd,US,True,2026-05-03 12:13:06.040319+00:00
14004,HBIO,Harvard Bioscience Inc,US,True,2026-05-03 12:13:06.040319+00:00
14005,FMST,Foremost Clean Energy Ltd.,US,True,2026-05-03 12:13:06.040319+00:00
14006,CPOP,"Pop Culture Group Co., Ltd",US,True,2026-05-03 12:13:06.040319+00:00
14007,ZLME,Zhanling International Ltd,US,True,2026-05-03 12:13:06.040319+00:00
14008,CLIR,Clearsign Technologies Corp,US,True,2026-05-03 12:13:06.040319+00:00
14009,SUUN,Powerbank Corp,US,True,2026-05-03 12:13:06.040319+00:00
14010,PRKA,"Parks America, Inc",US,True,2026-05-03 12:13:06.040319+00:00
14011,AWCA,"Awaysis Capital, Inc.",US,True,2026-05-03 12:13:06.040319+00:00
14012,SFCX,Supa Consolidated Inc.,US,True,2026-05-03 12:13:06.040319+00:00
14013,SFRX,Seafarer Exploration Corp,US,True,2026-05-03 12:13:06.040319+00:00
14014,ICMB,"Investcorp Credit Management Bdc, Inc.",US,True,2026-05-03 12:13:06.040319+00:00
14015,CIF,Mfs Intermediate High Income Fund,US,True,2026-05-03 12:13:06.040319+00:00
14016,SKYE,"Skye Bioscience, Inc.",US,True,2026-05-03 12:13:06.040319+00:00
14017,EZGO,Ezgo Technologies Ltd.,US,True,2026-05-03 12:13:06.040319+00:00
14018,BCTX,Briacell Therapeutics Corp.,US,True,2026-05-03 12:13:06.040319+00:00
14019,WBQNL,Woodbridge Liquidation Trust,US,True,2026-05-03 12:13:06.040319+00:00
14020,LSTA,"Lisata Therapeutics, Inc.",US,True,2026-05-03 12:13:06.040319+00:00
14021,FATN,Fatpipe Inc/Ut,US,True,2026-05-03 12:13:06.040319+00:00
14022,CCEL,Cryo Cell International Inc,US,True,2026-05-03 12:13:06.040319+00:00
14023,GDST,Goldenstone Acquisition Ltd.,US,True,2026-05-03 12:13:06.040319+00:00
14024,KYNB,"Kyntra Bio, Inc.",US,True,2026-05-03 12:13:06.040319+00:00
14025,EFOI,"Energy Focus, Inc/De",US,True,2026-05-03 12:13:06.040319+00:00
14026,PETV,"Petvivo Holdings, Inc.",US,True,2026-05-03 12:13:06.040319+00:00
14027,ICCM,Icecure Medical Ltd.,US,True,2026-05-03 12:13:06.040319+00:00
14028,RAPH,Raphael Pharmaceutical Inc.,US,True,2026-05-03 12:13:06.040319+00:00
14029,STCB,"Starco Brands, Inc.",US,True,2026-05-03 12:13:06.040319+00:00
14030,KDOZF,Kidoz Inc.,US,True,2026-05-03 12:13:06.040319+00:00
14031,APLM,Apollomics Inc.,US,True,2026-05-03 12:13:06.040319+00:00
14032,LSH,Lakeside Holding Ltd,US,True,2026-05-03 12:13:06.040319+00:00
14033,OMH,Ohmyhome Ltd,US,True,2026-05-03 12:13:06.040319+00:00
14034,WBSR,Webstar Technology Group Inc.,US,True,2026-05-03 12:13:06.040319+00:00
14035,AEON,"Aeon Biopharma, Inc.",US,True,2026-05-03 12:13:06.040319+00:00
14036,BZFD,"Buzzfeed, Inc.",US,True,2026-05-03 12:13:06.040319+00:00
14037,LDDD,Longduoduo Co Ltd,US,True,2026-05-03 12:13:06.040319+00:00
14038,EMCGF,Embrace Change Acquisition Corp.,US,True,2026-05-03 12:13:06.040319+00:00
14039,LFWD,Lifeward Ltd.,US,True,2026-05-03 12:13:06.040319+00:00
14040,ITHUF,"Ianthus Capital Holdings, Inc.",US,True,2026-05-03 12:13:06.040319+00:00
14041,MILIF,Military Metals Corp.,US,True,2026-05-03 12:13:06.040319+00:00
14042,FLUX,"Flux Power Holdings, Inc.",US,True,2026-05-03 12:13:06.040319+00:00
14043,TELA,"Tela Bio, Inc.",US,True,2026-05-03 12:13:06.040319+00:00
14044,PMEC,Primech Holdings Ltd,US,True,2026-05-03 12:13:06.040319+00:00
14045,GEBRF,Greenbriar Sustainable Living Inc.,US,True,2026-05-03 12:13:06.040319+00:00
14046,FARM,Farmer Brothers Co,US,True,2026-05-03 12:13:06.040319+00:00
14047,MRMD,Marimed Inc.,US,True,2026-05-03 12:13:06.040319+00:00
14048,AGPU,Axe Compute Inc.,US,True,2026-05-03 12:13:06.040319+00:00
14049,PFSB,"Pfs Bancorp, Inc.",US,True,2026-05-03 12:13:06.040319+00:00
14050,ATMH,"All Things Mobile Analytic, Inc.",US,True,2026-05-03 12:13:06.040319+00:00
14051,NEON,Neonode Inc.,US,True,2026-05-03 12:13:06.040319+00:00
14052,BONXF,Bonterra Resources Inc.,US,True,2026-05-03 12:13:06.040319+00:00
14053,NNVC,"Nanoviricides, Inc.",US,True,2026-05-03 12:13:06.040319+00:00
14054,BLIV,Belive Holdings,US,True,2026-05-03 12:13:06.040319+00:00
14055,TRXA,T-Rex Acquisition Corp.,US,True,2026-05-03 12:13:06.040319+00:00
14056,MAXN,"Maxeon Solar Technologies, Ltd.",US,True,2026-05-03 12:13:06.040319+00:00
14057,ATCX,Atlas Critical Minerals Corp,US,True,2026-05-03 12:13:06.040319+00:00
14058,ELSE,Electro Sensors Inc,US,True,2026-05-03 12:13:06.040319+00:00
14059,JSPR,"Jasper Therapeutics, Inc.",US,True,2026-05-03 12:13:06.040319+00:00
14060,DBGI,"Digital Brands Group, Inc.",US,True,2026-05-03 12:13:06.040319+00:00
14061,POWMF,Power Metal Resources Plc,US,True,2026-05-03 12:13:06.040319+00:00
14062,HAFG,"Holistic Asset Finance Group Co., Ltd.",US,True,2026-05-03 12:13:06.040319+00:00
14063,BMNM,"Bimini Capital Management, Inc.",US,True,2026-05-03 12:13:06.040319+00:00
14064,JYD,Jayud Global Logistics Ltd,US,True,2026-05-03 12:13:06.040319+00:00
14065,CPHI,"China Pharma Holdings, Inc.",US,True,2026-05-03 12:13:06.040319+00:00
14066,AYTU,"Aytu Biopharma, Inc",US,True,2026-05-03 12:13:06.040319+00:00
14067,NOM,Nuveen Missouri Quality Municipal Income Fund,US,True,2026-05-03 12:13:06.040319+00:00
14068,GDSRF,Gold Strike Resources Corp.,US,True,2026-05-03 12:13:06.040319+00:00
14069,NEUP,Neuphoria Therapeutics Inc.,US,True,2026-05-03 12:13:06.040319+00:00
14070,HYEX,Healthy Extracts Inc.,US,True,2026-05-03 12:13:06.040319+00:00
14071,SDST,Stardust Power Inc.,US,True,2026-05-03 12:13:06.040319+00:00
14072,SST,"System1, Inc.",US,True,2026-05-03 12:13:06.040319+00:00
14073,HRGN,"Harvard Apparatus Regenerative Technology, Inc.",US,True,2026-05-03 12:13:06.040319+00:00
14074,MRKR,"Marker Therapeutics, Inc.",US,True,2026-05-03 12:13:06.040319+00:00
14075,CLPS,Clps Inc,US,True,2026-05-03 12:13:06.040319+00:00
14076,ORIO,Orion Digital Corp.,US,True,2026-05-03 12:13:06.040319+00:00
14077,ZBAO,Zhibao Technology Inc.,US,True,2026-05-03 12:13:06.040319+00:00
14078,ASPC,Aspac Iii Acquisition Corp.,US,True,2026-05-03 12:13:06.040319+00:00
14079,MKDW,Mkdwell Tech Inc.,US,True,2026-05-03 12:13:06.040319+00:00
14080,KLNG,"Koil Energy Solutions, Inc.",US,True,2026-05-03 12:13:06.040319+00:00
14081,JVA,Coffee Holding Co Inc,US,True,2026-05-03 12:13:06.040319+00:00
14082,UONE,"Urban One, Inc.",US,True,2026-05-03 12:13:06.040319+00:00
14083,KWM,K Wave Media Ltd.,US,True,2026-05-03 12:13:06.040319+00:00
14084,JOB,Gee Group Inc.,US,True,2026-05-03 12:13:06.040319+00:00
14085,NAAS,Naas Technology Inc.,US,True,2026-05-03 12:13:06.040319+00:00
14086,CFND,C1 Fund Inc.,US,True,2026-05-03 12:13:06.040319+00:00
14087,SSGC,Safespace Global Corp,US,True,2026-05-03 12:13:06.040319+00:00
14088,TPST,"Tempest Therapeutics, Inc.",US,True,2026-05-03 12:13:06.040319+00:00
14089,MLSS,Milestone Scientific Inc.,US,True,2026-05-03 12:13:06.040319+00:00
14090,CLRCF,Climaterock,US,True,2026-05-03 12:13:06.040319+00:00
14091,IINN,Inspira Technologies Oxy B.H.N. Ltd,US,True,2026-05-03 12:13:06.040319+00:00
14092,TXMD,"Therapeuticsmd, Inc.",US,True,2026-05-03 12:13:06.040319+00:00
14093,FEMY,Femasys Inc,US,True,2026-05-03 12:13:06.040319+00:00
14094,USGDF,American Pacific Mining Corp,US,True,2026-05-03 12:13:06.040319+00:00
14095,WIMI,Wimi Hologram Cloud Inc.,US,True,2026-05-03 12:13:06.040319+00:00
14096,ECRO,Ecc Capital Corp,US,True,2026-05-03 12:13:06.040319+00:00
14097,VNRX,Volitionrx Ltd,US,True,2026-05-03 12:13:06.040319+00:00
14098,YMT,Yimutian Inc.,US,True,2026-05-03 12:13:06.040319+00:00
14099,TURB,"Turbo Energy, S.A.",US,True,2026-05-03 12:13:06.040319+00:00
14100,SRGZ,Star Gold Corp.,US,True,2026-05-03 12:13:06.040319+00:00
14101,DUKR,Duke Robotics Corp.,US,True,2026-05-03 12:13:06.040319+00:00
14102,GUER,"Guerrilla Rf, Inc.",US,True,2026-05-03 12:13:06.040319+00:00
14103,VNTG,Vantage Corp (Singapore),US,True,2026-05-03 12:13:06.040319+00:00
14104,WYGC,Wenyuan Group Corp.,US,True,2026-05-03 12:13:06.040319+00:00
14105,ARKR,Ark Restaurants Corp,US,True,2026-05-03 12:13:06.040319+00:00
14106,NRSN,Neurosense Therapeutics Ltd.,US,True,2026-05-03 12:13:06.040319+00:00
14107,CRMZ,Creditriskmonitor Com Inc,US,True,2026-05-03 12:13:06.040319+00:00
14108,NHTC,Natural Health Trends Corp,US,True,2026-05-03 12:13:06.040319+00:00
14109,QRHC,Quest Resource Holding Corp,US,True,2026-05-03 12:13:06.040319+00:00
14110,BRNS,Barinthus Biotherapeutics Plc.,US,True,2026-05-03 12:13:06.040319+00:00
14111,FEDU,Four Seasons Education (Cayman) Inc.,US,True,2026-05-03 12:13:06.040319+00:00
14112,BNKK,"Bonk, Inc.",US,True,2026-05-03 12:13:06.040319+00:00
14113,VTGN,"Vistagen Therapeutics, Inc.",US,True,2026-05-03 12:13:06.040319+00:00
14114,XCUR,"Exicure, Inc.",US,True,2026-05-03 12:13:06.040319+00:00
14115,EHLD,Euroholdings Ltd.,US,True,2026-05-03 12:13:06.040319+00:00
14116,CRIS,Curis Inc,US,True,2026-05-03 12:13:06.040319+00:00
14117,LIQT,Liqtech International Inc,US,True,2026-05-03 12:13:06.040319+00:00
14118,WNDW,"Solarwindow Technologies, Inc.",US,True,2026-05-03 12:13:06.040319+00:00
14119,APUS,"Apimeds Pharmaceuticals Us, Inc.",US,True,2026-05-03 12:13:06.040319+00:00
14120,UTSI,Utstarcom Holdings Corp.,US,True,2026-05-03 12:13:06.040319+00:00
14121,LEXX,Lexaria Bioscience Corp.,US,True,2026-05-03 12:13:06.040319+00:00
14122,CNF,Cnfinance Holdings Ltd.,US,True,2026-05-03 12:13:06.040319+00:00
14123,DAIO,Data I/O Corp,US,True,2026-05-03 12:13:06.040319+00:00
14124,DFLI,Dragonfly Energy Holdings Corp.,US,True,2026-05-03 12:13:06.040319+00:00
14125,RYOJ,"Ryojbaba Co., Ltd.",US,True,2026-05-03 12:13:06.040319+00:00
14126,TTIPF,"Thiogenesis Therapeutics, Corp.",US,True,2026-05-03 12:13:06.040319+00:00
14127,MODD,"Modular Medical, Inc.",US,True,2026-05-03 12:13:06.040319+00:00
14128,RSGLF,Rocky Shore Gold Ltd.,US,True,2026-05-03 12:13:06.040319+00:00
14129,IPM,Intelligent Protection Management Corp.,US,True,2026-05-03 12:13:06.040319+00:00
14130,PVCT,"Provectus Biopharmaceuticals, Inc.",US,True,2026-05-03 12:13:06.040319+00:00
14131,DFNS,T3 Defense Inc.,US,True,2026-05-03 12:13:06.040319+00:00
14132,RMSG,Real Messenger Corp,US,True,2026-05-03 12:13:06.040319+00:00
14133,STLY,"Hg Holdings, Inc.",US,True,2026-05-03 12:13:06.040319+00:00
14134,PSHG,Performance Shipping Inc.,US,True,2026-05-03 12:13:06.040319+00:00
14135,LASE,Laser Photonics Corp,US,True,2026-05-03 12:13:06.040319+00:00
14136,TIGCF,Triumph Gold Corp.,US,True,2026-05-03 12:13:06.040319+00:00
14137,TBTC,Table Trac Inc,US,True,2026-05-03 12:13:06.040319+00:00
14138,CDIX,Cardiff Lexington Corp,US,True,2026-05-03 12:13:06.040319+00:00
14139,WETH,Wetouch Technology Inc.,US,True,2026-05-03 12:13:06.040319+00:00
14140,SPEX,Spectre Acquisition Corp,US,True,2026-05-03 12:13:06.040319+00:00
14141,SAGT,Sagtec Global Ltd,US,True,2026-05-03 12:13:06.040319+00:00
14142,PLSM,Pulsenmore Ltd.,US,True,2026-05-03 12:13:06.040319+00:00
14143,WYHG,Wing Yip Food Holdings Group Ltd,US,True,2026-05-03 12:13:06.040319+00:00
14144,PDC,Perpetuals.Com Ltd,US,True,2026-05-03 12:13:06.040319+00:00
14145,AREB,American Rebel Holdings Inc,US,True,2026-05-03 12:13:06.040319+00:00
14146,TARSF,Silver North Resources Ltd.,US,True,2026-05-03 12:13:06.040319+00:00
14147,EVTV,"Envirotech Vehicles, Inc.",US,True,2026-05-03 12:13:06.040319+00:00
14148,PLRZ,Polyrizon Ltd.,US,True,2026-05-03 12:13:06.040319+00:00
14149,NYC,American Strategic Investment Co.,US,True,2026-05-03 12:13:06.040319+00:00
14150,APAAF,Appia Rare Earths & Uranium Corp.,US,True,2026-05-03 12:13:06.040319+00:00
14151,JGLDF,Japan Gold Corp.,US,True,2026-05-03 12:13:06.040319+00:00
14152,AAUAF,Almaden Minerals Ltd,US,True,2026-05-03 12:13:06.040319+00:00
14153,CNTMF,Fluent Corp.,US,True,2026-05-03 12:13:06.040319+00:00
14154,CMHSF,Comprehensive Healthcare Systems Inc. (Canada),US,True,2026-05-03 12:13:06.040319+00:00
14155,CLOQ,"Cyberloq Technologies, Inc.",US,True,2026-05-03 12:13:06.040319+00:00
14156,COGDF,Compass Gold Corp,US,True,2026-05-03 12:13:06.040319+00:00
14157,SCIA,"Sci Engineered Materials, Inc.",US,True,2026-05-03 12:13:06.040319+00:00
14158,UEEC,"United Health Products, Inc.",US,True,2026-05-03 12:13:06.040319+00:00
14159,AUIAF,Aurania Resources Ltd.,US,True,2026-05-03 12:13:06.040319+00:00
14160,ZTG,Zenta Group Co Ltd,US,True,2026-05-03 12:13:06.040319+00:00
14161,QNCX,"Quince Therapeutics, Inc.",US,True,2026-05-03 12:13:06.040319+00:00
14162,FGI,Fgi Industries Ltd.,US,True,2026-05-03 12:13:06.040319+00:00
14163,PBM,Psyence Biomedical Ltd.,US,True,2026-05-03 12:13:06.040319+00:00
14164,AGAE,Allied Gaming & Entertainment Inc.,US,True,2026-05-03 12:13:06.040319+00:00
14165,ZDAI,"Directbooking Technology Co., Ltd.",US,True,2026-05-03 12:13:06.040319+00:00
14166,ABIT,Athena Bitcoin Global,US,True,2026-05-03 12:13:06.040319+00:00
14167,FENG,Phoenix New Media Ltd,US,True,2026-05-03 12:13:06.040319+00:00
14168,KAYS,"Kaya Holdings, Inc.",US,True,2026-05-03 12:13:06.040319+00:00
14169,MNDO,Mind Cti Ltd,US,True,2026-05-03 12:13:06.040319+00:00
14170,PASW,"Ping An Biomedical Co., Ltd.",US,True,2026-05-03 12:13:06.040319+00:00
14171,ALLR,"Allarity Therapeutics, Inc.",US,True,2026-05-03 12:13:06.040319+00:00
14172,TWOSF,T2 Metals Corp.,US,True,2026-05-03 12:13:06.040319+00:00
14173,VYNE,Vyne Therapeutics Inc.,US,True,2026-05-03 12:13:06.040319+00:00
14174,SPPL,Simpple Ltd.,US,True,2026-05-03 12:13:06.040319+00:00
14175,AHT,Ashford Hospitality Trust Inc,US,True,2026-05-03 12:13:06.040319+00:00
14176,RECT,Rectitude Holdings Ltd.,US,True,2026-05-03 12:13:06.040319+00:00
14177,CKX,"Ckx Lands, Inc.",US,True,2026-05-03 12:13:06.040319+00:00
14178,PCLA,Picocela Inc.,US,True,2026-05-03 12:13:06.040319+00:00
14179,THH,Tryhard Holdings Ltd,US,True,2026-05-03 12:13:06.040319+00:00
14180,TRSG,Tungray Technologies Inc,US,True,2026-05-03 12:13:06.040319+00:00
14181,CYN,Cyngn Inc.,US,True,2026-05-03 12:13:06.040319+00:00
14182,APCX,Apptech Payments Corp.,US,True,2026-05-03 12:13:06.040319+00:00
14183,MSGM,Motorsport Games Inc.,US,True,2026-05-03 12:13:06.040319+00:00
14184,CHAI,"Core Ai Holdings, Inc.",US,True,2026-05-03 12:13:06.040319+00:00
14185,SMX,Smx (Security Matters) Public Ltd Co,US,True,2026-05-03 12:13:06.040319+00:00
14186,SNNF,"Seneca Bancorp, Inc.",US,True,2026-05-03 12:13:06.040319+00:00
14187,RCG,"Renn Fund, Inc.",US,True,2026-05-03 12:13:06.040319+00:00
14188,GREE,Greenidge Generation Holdings Inc.,US,True,2026-05-03 12:13:06.040319+00:00
14189,BESS,Bimergen Energy Corp,US,True,2026-05-03 12:13:06.040319+00:00
14190,CRVW,Careview Communications Inc,US,True,2026-05-03 12:13:06.040319+00:00
14191,QNTM,Quantum Biopharma Ltd.,US,True,2026-05-03 12:13:06.040319+00:00
14192,XOS,"Xos, Inc.",US,True,2026-05-03 12:13:06.040319+00:00
14193,HHS,Harte Hanks Inc,US,True,2026-05-03 12:13:06.040319+00:00
14194,USEA,United Maritime Corp,US,True,2026-05-03 12:13:06.040319+00:00
14195,GOVB,"Gouverneur Bancorp, Inc./Md/",US,True,2026-05-03 12:13:06.040319+00:00
14196,AUID,Authid Inc.,US,True,2026-05-03 12:13:06.040319+00:00
14197,RAIN,"Rain Enhancement Technologies Holdco, Inc.",US,True,2026-05-03 12:13:06.040319+00:00
14198,SAIH,Saiheat Ltd,US,True,2026-05-03 12:13:06.040319+00:00
14199,BFNH,"Bioforce Nanosciences Holdings, Inc.",US,True,2026-05-03 12:13:06.040319+00:00
14200,LZMH,Lz Technology Holdings Ltd,US,True,2026-05-03 12:13:06.040319+00:00
14201,VRHI,"Veri Medtech Holdings, Inc.",US,True,2026-05-03 12:13:06.040319+00:00
14202,ACCL,Acco Group Holdings Ltd,US,True,2026-05-03 12:13:06.040319+00:00
14203,LHAI,Linkhome Holdings Inc.,US,True,2026-05-03 12:13:06.040319+00:00
14204,BRLS,Borealis Foods Inc.,US,True,2026-05-03 12:13:06.040319+00:00
14205,MOGU,Mogu Inc.,US,True,2026-05-03 12:13:06.040319+00:00
14206,RMCF,"Rocky Mountain Chocolate Factory, Inc.",US,True,2026-05-03 12:13:06.040319+00:00
14207,PASG,"Passage Bio, Inc.",US,True,2026-05-03 12:13:06.040319+00:00
14208,FOFA,"Family Office Of America, Inc.",US,True,2026-05-03 12:13:06.040319+00:00
14209,YQ,17 Education & Technology Group Inc.,US,True,2026-05-03 12:13:06.040319+00:00
14210,COCP,"Cocrystal Pharma, Inc.",US,True,2026-05-03 12:13:06.040319+00:00
14211,KPEA,Kun Peng International Ltd.,US,True,2026-05-03 12:13:06.040319+00:00
14212,TPET,Trio Petroleum Corp,US,True,2026-05-03 12:13:06.040319+00:00
14213,OSRH,"Osr Holdings, Inc.",US,True,2026-05-03 12:13:06.040319+00:00
14214,SPRS,Surge Components Inc,US,True,2026-05-03 12:13:06.040319+00:00
14215,MXC,Mexco Energy Corp,US,True,2026-05-03 12:13:06.040319+00:00
14216,VAUCF,Viva Gold Corp.,US,True,2026-05-03 12:13:06.040319+00:00
14217,JL,J-Long Group Ltd,US,True,2026-05-03 12:13:06.040319+00:00
14218,LRRIF,Lion Rock Resources Inc.,US,True,2026-05-03 12:13:06.040319+00:00
14219,TLF,Tandy Leather Factory Inc,US,True,2026-05-03 12:13:06.040319+00:00
14220,RDGMF,Ridgeline Minerals Corp,US,True,2026-05-03 12:13:06.040319+00:00
14221,GTHP,Guided Therapeutics Inc,US,True,2026-05-03 12:13:06.040319+00:00
14222,BLTH,"American Battery Materials, Inc.",US,True,2026-05-03 12:13:06.040319+00:00
14223,AUST,Austin Gold Corp.,US,True,2026-05-03 12:13:06.040319+00:00
14224,DOGZ,Dogness (International) Corp,US,True,2026-05-03 12:13:06.040319+00:00
14225,AMOD,"Alpha Modus Holdings, Inc.",US,True,2026-05-03 12:13:06.040319+00:00
14226,BKUCF,Blue Sky Uranium Corp.,US,True,2026-05-03 12:13:06.040319+00:00
14227,PLAG,Planet Green Holdings Corp.,US,True,2026-05-03 12:13:06.040319+00:00
14228,LESL,"Leslie'S, Inc.",US,True,2026-05-03 12:13:06.040319+00:00
14229,MTWO,"M2I Global, Inc.",US,True,2026-05-03 12:13:06.040319+00:00
14230,EQS,"Equus Total Return, Inc.",US,True,2026-05-03 12:13:06.040319+00:00
14231,AITTF,Trenchant Technologies Capital Corp.,US,True,2026-05-03 12:13:06.040319+00:00
14232,YHC,Lqr House Inc.,US,True,2026-05-03 12:13:06.040319+00:00
14233,RVP,Retractable Technologies Inc,US,True,2026-05-03 12:13:06.040319+00:00
14234,ADIA,"Adia Nutrition, Inc.",US,True,2026-05-03 12:13:06.040319+00:00
14235,UPLD,"Upland Software, Inc.",US,True,2026-05-03 12:13:06.040319+00:00
14236,CTXR,"Citius Pharmaceuticals, Inc.",US,True,2026-05-03 12:13:06.040319+00:00
14237,SMSI,"Smith Micro Software, Inc.",US,True,2026-05-03 12:13:06.040319+00:00
14238,RNGE,"Range Impact, Inc.",US,True,2026-05-03 12:13:06.040319+00:00
14239,EPSM,Epsium Enterprise Ltd,US,True,2026-05-03 12:13:06.040319+00:00
14240,STAK,Stak Inc.,US,True,2026-05-03 12:13:06.040319+00:00
14241,RVSN,Rail Vision Ltd.,US,True,2026-05-03 12:13:06.040319+00:00
14242,TRGEF,Targa Exploration Corp.,US,True,2026-05-03 12:13:06.040319+00:00
14243,IRIX,Iridex Corp,US,True,2026-05-03 12:13:06.040319+00:00
14244,KARX,Karbon-X Corp.,US,True,2026-05-03 12:13:06.040319+00:00
14245,HUDI,"Huadi International Group Co., Ltd.",US,True,2026-05-03 12:13:06.040319+00:00
14246,LRE,"Lead Real Estate Co., Ltd",US,True,2026-05-03 12:13:06.040319+00:00
14247,SVRN,Oceanpal Inc.,US,True,2026-05-03 12:13:06.040319+00:00
14248,GMVMF,Gmv Minerals Inc.,US,True,2026-05-03 12:13:06.040319+00:00
14249,CHKR,Chesapeake Granite Wash Trust,US,True,2026-05-03 12:13:06.040319+00:00
14250,SVBL,"Silver Bull Resources, Inc.",US,True,2026-05-03 12:13:06.040319+00:00
14251,TJGC,Tjgc Group Ltd,US,True,2026-05-03 12:13:06.040319+00:00
14252,DLPN,"Dolphin Entertainment, Inc.",US,True,2026-05-03 12:13:06.040319+00:00
14253,IEGCF,Independence Gold Corp.,US,True,2026-05-03 12:13:06.040319+00:00
14254,SELX,Semilux International Ltd.,US,True,2026-05-03 12:13:06.040319+00:00
14255,IGTA,Inception Growth Acquisition Ltd,US,True,2026-05-03 12:13:06.040319+00:00
14256,AIDX,"20/20 Biolabs, Inc.",US,True,2026-05-03 12:13:06.040319+00:00
14257,IRVRF,Irving Resources Inc.,US,True,2026-05-03 12:13:06.040319+00:00
14258,NIXX,"Nixxy, Inc.",US,True,2026-05-03 12:13:06.040319+00:00
14259,NEWH,"Newhydrogen, Inc.",US,True,2026-05-03 12:13:06.040319+00:00
14260,CABR,"Caring Brands, Inc.",US,True,2026-05-03 12:13:06.040319+00:00
14261,REBN,"Reborn Coffee, Inc.",US,True,2026-05-03 12:13:06.040319+00:00
14262,KLGDF,Kalo Gold Corp.,US,True,2026-05-03 12:13:06.040319+00:00
14263,IAALF,Ibc Advanced Alloys Corp.,US,True,2026-05-03 12:13:06.040319+00:00
14264,ABCP,Ambase Corp,US,True,2026-05-03 12:13:06.040319+00:00
14265,CYAB,"Cyabra, Inc.",US,True,2026-05-03 12:13:06.040319+00:00
14266,COSM,Cosmos Health Inc.,US,True,2026-05-03 12:13:06.040319+00:00
14267,COPAF,Copaur Minerals Inc.,US,True,2026-05-03 12:13:06.040319+00:00
14268,BHV,Blackrock Virginia Municipal Bond Trust,US,True,2026-05-03 12:13:06.040319+00:00
14269,LGPS,Logprostyle Inc.,US,True,2026-05-03 12:13:06.040319+00:00
14270,CHOW,Chowchow Cloud International Holdings Ltd,US,True,2026-05-03 12:13:06.040319+00:00
14271,SURG,"Surgepays, Inc.",US,True,2026-05-03 12:13:06.040319+00:00
14272,UPYY,Upay,US,True,2026-05-03 12:13:06.040319+00:00
14273,IVFH,Innovative Food Holdings Inc,US,True,2026-05-03 12:13:06.040319+00:00
14274,PCSV,"Pcs Edventures!, Inc.",US,True,2026-05-03 12:13:06.040319+00:00
14275,AWHL,Aspira Women'S Health Inc.,US,True,2026-05-03 12:13:06.040319+00:00
14276,BGAVF,Bravada Gold Corp,US,True,2026-05-03 12:13:06.040319+00:00
14277,FDCT,"Fdctech, Inc.",US,True,2026-05-03 12:13:06.040319+00:00
14278,SPST,Superstar Platforms Inc.,US,True,2026-05-03 12:13:06.040319+00:00
14279,RITE,Mineralrite Corp,US,True,2026-05-03 12:13:06.040319+00:00
14280,KTTA,Pasithea Therapeutics Corp.,US,True,2026-05-03 12:13:06.040319+00:00
14281,BFRG,"Bullfrog Ai Holdings, Inc.",US,True,2026-05-03 12:13:06.040319+00:00
14282,MSBB,"Mercer Bancorp, Inc.",US,True,2026-05-03 12:13:06.040319+00:00
14283,LPCN,Lipocine Inc.,US,True,2026-05-03 12:13:06.040319+00:00
14284,ICU,Seastar Medical Holding Corp,US,True,2026-05-03 12:13:06.040319+00:00
14285,WGRX,"Wellgistics Health, Inc.",US,True,2026-05-03 12:13:06.040319+00:00
14286,NCEL,Newcelx Ltd.,US,True,2026-05-03 12:13:06.040319+00:00
14287,CMCT,Creative Media & Community Trust Corp,US,True,2026-05-03 12:13:06.040319+00:00
14288,INTZ,Intrusion Inc,US,True,2026-05-03 12:13:06.040319+00:00
14289,CCM,Concord Medical Services Holdings Ltd,US,True,2026-05-03 12:13:06.040319+00:00
14290,EBON,Ebang International Holdings Inc.,US,True,2026-05-03 12:13:06.040319+00:00
14291,COOT,Australian Oilseeds Holdings Ltd,US,True,2026-05-03 12:13:06.040319+00:00
14292,ZSTK,Zerostack Corp.,US,True,2026-05-03 12:13:06.040319+00:00
14293,MAPPF,Prostar Holdings Inc. /Bc,US,True,2026-05-03 12:13:06.040319+00:00
14294,CTRM,Castor Maritime Inc.,US,True,2026-05-03 12:13:06.040319+00:00
14295,OTLC,"Oncotelic Therapeutics, Inc.",US,True,2026-05-03 12:13:06.040319+00:00
14296,JUNS,"Jupiter Neurosciences, Inc.",US,True,2026-05-03 12:13:06.040319+00:00
14297,MGIH,Millennium Group International Holdings Ltd,US,True,2026-05-03 12:13:06.040319+00:00
14298,FAMI,"Farmmi, Inc.",US,True,2026-05-03 12:13:06.040319+00:00
14299,HUIZ,Huize Holding Ltd,US,True,2026-05-03 12:13:06.040319+00:00
14300,ZJYL,Jin Medical International Ltd.,US,True,2026-05-03 12:13:06.040319+00:00
14301,CCOOF,Core Silver Corp.,US,True,2026-05-03 12:13:06.040319+00:00
14302,PRZO,Parazero Technologies Ltd.,US,True,2026-05-03 12:13:06.040319+00:00
14303,NAII,Natural Alternatives International Inc,US,True,2026-05-03 12:13:06.040319+00:00
14304,BRN,Barnwell Industries Inc,US,True,2026-05-03 12:13:06.040319+00:00
14305,APHP,American Picture House Corp,US,True,2026-05-03 12:13:06.040319+00:00
14306,RETO,"Reto Eco-Solutions, Inc.",US,True,2026-05-03 12:13:06.040319+00:00
14307,PMNT,Perfect Moment Ltd.,US,True,2026-05-03 12:13:06.040319+00:00
14308,AIEV,"Thunder Power Holdings, Inc.",US,True,2026-05-03 12:13:06.040319+00:00
14309,NNUP,Nocopi Technologies Inc/Md/,US,True,2026-05-03 12:13:06.040319+00:00
14310,REE,Ree Automotive Ltd.,US,True,2026-05-03 12:13:06.040319+00:00
14311,MMA,Mixed Martial Arts Group Ltd,US,True,2026-05-03 12:13:06.040319+00:00
14312,BHSIF,Bayhorse Silver Inc.,US,True,2026-05-03 12:13:06.040319+00:00
14313,HKPD,"Cellyan Biotechnology Co., Ltd",US,True,2026-05-03 12:13:06.040319+00:00
14314,NIOMF,First American Uranium Inc.,US,True,2026-05-03 12:13:06.040319+00:00
14315,JF,J & Friends Holdings Ltd,US,True,2026-05-03 12:13:06.040319+00:00
14316,GPMTF,Gpm Metals Inc.,US,True,2026-05-03 12:13:06.040319+00:00
14317,SCNX,"Scienture Holdings, Inc.",US,True,2026-05-03 12:13:06.040319+00:00
14318,GRTX,"Galera Therapeutics, Inc.",US,True,2026-05-03 12:13:06.040319+00:00
14319,GNTA,Genenta Science S.P.A.,US,True,2026-05-03 12:13:06.040319+00:00
14320,SEED,Origin Agritech Ltd,US,True,2026-05-03 12:13:06.040319+00:00
14321,PRHI,"Presurance Holdings, Inc.",US,True,2026-05-03 12:13:06.040319+00:00
14322,TBH,"Brag House Holdings, Inc.",US,True,2026-05-03 12:13:06.040319+00:00
14323,AIXN,"Aixin Life International, Inc.",US,True,2026-05-03 12:13:06.040319+00:00
14324,SLAI,Solai Ltd,US,True,2026-05-03 12:13:06.040319+00:00
14325,CLNV,Clean Vision Corp,US,True,2026-05-03 12:13:06.040319+00:00
14326,ILAL,International Land Alliance Inc.,US,True,2026-05-03 12:13:06.040319+00:00
14327,TOPP,Toppoint Holdings Inc.,US,True,2026-05-03 12:13:06.040319+00:00
14328,EDTK,Skillful Craftsman Education Technology Ltd,US,True,2026-05-03 12:13:06.040319+00:00
14329,TOPS,Top Ships Inc.,US,True,2026-05-03 12:13:06.040319+00:00
14330,UUU,"Universal Safety Products, Inc.",US,True,2026-05-03 12:13:06.040319+00:00
14331,GYRO,"Gyrodyne, Llc",US,True,2026-05-03 12:13:06.040319+00:00
14332,CDT,Cdt Equity Inc.,US,True,2026-05-03 12:13:06.040319+00:00
14333,MDRR,"Medalist Diversified, Inc.",US,True,2026-05-03 12:13:06.040319+00:00
14334,ARTW,Arts Way Manufacturing Co Inc,US,True,2026-05-03 12:13:06.040319+00:00
14335,HIND,"Vyome Holdings, Inc",US,True,2026-05-03 12:13:06.040319+00:00
14336,GIGM,Gigamedia Ltd,US,True,2026-05-03 12:13:06.040319+00:00
14337,GTEC,Greenland Technologies Holding Corp.,US,True,2026-05-03 12:13:06.040319+00:00
14338,MYND,"Mynd.Ai, Inc.",US,True,2026-05-03 12:13:06.040319+00:00
14339,LILIF,Argentina Lithium & Energy Corp.,US,True,2026-05-03 12:13:06.040319+00:00
14340,YTFD,"Yale Transaction Finders, Inc.",US,True,2026-05-03 12:13:06.040319+00:00
14341,TOVX,"Theriva Biologics, Inc.",US,True,2026-05-03 12:13:06.040319+00:00
14342,PAPL,Pineapple Financial Inc.,US,True,2026-05-03 12:13:06.040319+00:00
14343,CPIVF,Captiva Verde Wellness Corp.,US,True,2026-05-03 12:13:06.040319+00:00
14344,RGNT,Regentis Biomaterials Ltd.,US,True,2026-05-03 12:13:06.040319+00:00
14345,PFHO,Pacific Health Care Organization Inc,US,True,2026-05-03 12:13:06.040319+00:00
14346,INTJ,Intelligent Group Ltd,US,True,2026-05-03 12:13:06.040319+00:00
14347,BNET,Bion Environmental Technologies Inc,US,True,2026-05-03 12:13:06.040319+00:00
14348,FRECF,Frequency Exchange Corp.,US,True,2026-05-03 12:13:06.040319+00:00
14349,NXPL,Nextplat Corp,US,True,2026-05-03 12:13:06.040319+00:00
14350,AIRI,Air Industries Group,US,True,2026-05-03 12:13:06.040319+00:00
14351,SWVL,Swvl Holdings Corp,US,True,2026-05-03 12:13:06.040319+00:00
14352,BGI,Birks Group Inc.,US,True,2026-05-03 12:13:06.040319+00:00
14353,APYP,"Appyea, Inc",US,True,2026-05-03 12:13:06.040319+00:00
14354,NCI,Neo-Concept International Group Holdings Ltd,US,True,2026-05-03 12:13:06.040319+00:00
14355,ZEOX,"Zeo Scientifix, Inc.",US,True,2026-05-03 12:13:06.040319+00:00
14356,RLBY,Reliability Inc,US,True,2026-05-03 12:13:06.040319+00:00
14357,NZERF,New Zealand Energy Corp.,US,True,2026-05-03 12:13:06.040319+00:00
14358,IVF,"Invo Fertility, Inc.",US,True,2026-05-03 12:13:06.040319+00:00
14359,AUSI,Aura Systems Inc,US,True,2026-05-03 12:13:06.040319+00:00
14360,MYSE,"Myseum.Ai, Inc.",US,True,2026-05-03 12:13:06.040319+00:00
14361,CSAI,"Cloudastructure, Inc.",US,True,2026-05-03 12:13:06.040319+00:00
14362,RBNE,Robin Energy Ltd.,US,True,2026-05-03 12:13:06.040319+00:00
14363,NWGL,Cl Workshop Group Ltd,US,True,2026-05-03 12:13:06.040319+00:00
14364,RIME,"Algorhythm Holdings, Inc.",US,True,2026-05-03 12:13:06.040319+00:00
14365,AQMS,"Aqua Metals, Inc.",US,True,2026-05-03 12:13:06.040319+00:00
14366,CREG,Smart Powerr Corp.,US,True,2026-05-03 12:13:06.040319+00:00
14367,INAB,"In8Bio, Inc.",US,True,2026-05-03 12:13:06.040319+00:00
14368,MMTIF,Micromem Technologies Inc,US,True,2026-05-03 12:13:06.040319+00:00
14369,MSW,Ming Shing Group Holdings Ltd,US,True,2026-05-03 12:13:06.040319+00:00
14370,PHIO,Phio Pharmaceuticals Corp.,US,True,2026-05-03 12:13:06.040319+00:00
14371,WVVI,Willamette Valley Vineyards Inc,US,True,2026-05-03 12:13:06.040319+00:00
14372,QMCI,Quotemedia Inc,US,True,2026-05-03 12:13:06.040319+00:00
14373,ALTUF,Altura Energy Corp.,US,True,2026-05-03 12:13:06.040319+00:00
14374,SGRP,"Spar Group, Inc.",US,True,2026-05-03 12:13:06.040319+00:00
14375,HOTH,"Hoth Therapeutics, Inc.",US,True,2026-05-03 12:13:06.040319+00:00
14376,BANL,Cbl International Ltd,US,True,2026-05-03 12:13:06.040319+00:00
14377,GAUZ,Gauzy Ltd.,US,True,2026-05-03 12:13:06.040319+00:00
14378,NGLD,Nevada Canyon Gold Corp.,US,True,2026-05-03 12:13:06.040319+00:00
14379,AHNRF,Athena Gold Corp,US,True,2026-05-03 12:13:06.040319+00:00
14380,AIJTY,Jianpu Technology Inc.,US,True,2026-05-03 12:13:06.040319+00:00
14381,KAPA,"Kairos Pharma, Ltd.",US,True,2026-05-03 12:13:06.040319+00:00
14382,GFAI,"Guardforce Ai Co., Ltd.",US,True,2026-05-03 12:13:06.040319+00:00
14383,BNGO,"Bionano Genomics, Inc.",US,True,2026-05-03 12:13:06.040319+00:00
14384,CISO,"Ciso Global, Inc.",US,True,2026-05-03 12:13:06.040319+00:00
14385,BTTC,Black Titan Corp,US,True,2026-05-03 12:13:06.040319+00:00
14386,VVOS,"Vivos Therapeutics, Inc.",US,True,2026-05-03 12:13:06.040319+00:00
14387,DLXY,Delixy Holdings Ltd,US,True,2026-05-03 12:13:06.040319+00:00
14388,SNGX,"Soligenix, Inc.",US,True,2026-05-03 12:13:06.040319+00:00
14389,INTI,"Inhibitor Therapeutics, Inc.",US,True,2026-05-03 12:13:06.040319+00:00
14390,BON,Bon Natural Life Ltd,US,True,2026-05-03 12:13:06.040319+00:00
14391,GTIM,Good Times Restaurants Inc.,US,True,2026-05-03 12:13:06.040319+00:00
14392,WLFFF,Wolfden Resources Corp,US,True,2026-05-03 12:13:06.040319+00:00
14393,AIMD,"Ainos, Inc.",US,True,2026-05-03 12:13:06.040319+00:00
14394,ULTHF,United Lithium Corp.,US,True,2026-05-03 12:13:06.040319+00:00
14395,MBRX,"Moleculin Biotech, Inc.",US,True,2026-05-03 12:13:06.040319+00:00
14396,CFOO,China Foods Holdings Ltd.,US,True,2026-05-03 12:13:06.040319+00:00
14397,RYOOF,Rio Silver Inc.,US,True,2026-05-03 12:13:06.040319+00:00
14398,AWLIF,Ameriwest Critical Metals Inc.,US,True,2026-05-03 12:13:06.040319+00:00
14399,CVKD,"Cadrenal Therapeutics, Inc.",US,True,2026-05-03 12:13:06.040319+00:00
14400,BCDA,"Biocardia, Inc.",US,True,2026-05-03 12:13:06.040319+00:00
14401,MTEK,Maris Tech Ltd.,US,True,2026-05-03 12:13:06.040319+00:00
14402,HIRU,Hiru Corp,US,True,2026-05-03 12:13:06.040319+00:00
14403,AIIO,Robo.Ai Inc.,US,True,2026-05-03 12:13:06.040319+00:00
14404,INTS,"Intensity Therapeutics, Inc.",US,True,2026-05-03 12:13:06.040319+00:00
14405,XELB,"Xcel Brands, Inc.",US,True,2026-05-03 12:13:06.040319+00:00
14406,TRIB,Trinity Biotech Plc,US,True,2026-05-03 12:13:06.040319+00:00
14407,IDAI,T Stamp Inc,US,True,2026-05-03 12:13:06.040319+00:00
14408,KITT,"Nauticus Robotics, Inc.",US,True,2026-05-03 12:13:06.040319+00:00
14409,CRWE,"Crown Equity Holdings, Inc.",US,True,2026-05-03 12:13:06.040319+00:00
14410,NVNI,Nvni Group Ltd,US,True,2026-05-03 12:13:06.040319+00:00
14411,TRAW,"Traws Pharma, Inc.",US,True,2026-05-03 12:13:06.040319+00:00
14412,CYCN,"Cyclerion Therapeutics, Inc.",US,True,2026-05-03 12:13:06.040319+00:00
14413,CURX,Curanex Pharmaceuticals Inc,US,True,2026-05-03 12:13:06.040319+00:00
14414,UECXF,Urano Energy Corp.,US,True,2026-05-03 12:13:06.040319+00:00
14415,MDCX,Medicus Pharma Ltd.,US,True,2026-05-03 12:13:06.040319+00:00
14416,VERTF,Vertiqal Studios Corp.,US,True,2026-05-03 12:13:06.040319+00:00
14417,PHGE,Biomx Inc.,US,True,2026-05-03 12:13:06.040319+00:00
14418,STSBF,South Star Battery Metals Corp.,US,True,2026-05-03 12:13:06.040319+00:00
14419,PRSO,Peraso Inc.,US,True,2026-05-03 12:13:06.040319+00:00
14420,SKKY,"Skkynet Cloud Systems, Inc.",US,True,2026-05-03 12:13:06.040319+00:00
14421,BTOC,Armlogi Holding Corp.,US,True,2026-05-03 12:13:06.040319+00:00
14422,WKSP,Worksport Ltd,US,True,2026-05-03 12:13:06.040319+00:00
14423,PCMC,Public Co Management Corp,US,True,2026-05-03 12:13:06.040319+00:00
14424,GGRP,"Glimpse Group, Inc.",US,True,2026-05-03 12:13:06.040319+00:00
14425,VRSSF,Verses Ai Inc.,US,True,2026-05-03 12:13:06.040319+00:00
14426,STKH,Steakholder Foods Ltd.,US,True,2026-05-03 12:13:06.040319+00:00
14427,BFRI,Biofrontera Inc.,US,True,2026-05-03 12:13:06.040319+00:00
14428,FEBO,Fenbo Holdings Ltd,US,True,2026-05-03 12:13:06.040319+00:00
14429,GXAI,Gaxos.Ai Inc.,US,True,2026-05-03 12:13:06.040319+00:00
14430,MSAI,"Multisensor Ai Holdings, Inc.",US,True,2026-05-03 12:13:06.040319+00:00
14431,ALUR,"Allurion Technologies, Inc.",US,True,2026-05-03 12:13:06.040319+00:00
14432,NTCL,Netclass Technology Inc,US,True,2026-05-03 12:13:06.040319+00:00
14433,IVDN,Innovative Designs Inc,US,True,2026-05-03 12:13:06.040319+00:00
14434,ORGN,"Origin Materials, Inc.",US,True,2026-05-03 12:13:06.040319+00:00
14435,SBDS,"Solo Brands, Inc.",US,True,2026-05-03 12:13:06.040319+00:00
14436,GCDT,Green Circle Decarbonize Technology Ltd,US,True,2026-05-03 12:13:06.040319+00:00
14437,BTCT,Btc Digital Ltd.,US,True,2026-05-03 12:13:06.040319+00:00
14438,GDTC,Cytomed Therapeutics Ltd,US,True,2026-05-03 12:13:06.040319+00:00
14439,YAAS,Youxin Technology Ltd,US,True,2026-05-03 12:13:06.040319+00:00
14440,CLRB,"Cellectar Biosciences, Inc.",US,True,2026-05-03 12:13:06.040319+00:00
14441,BIAF,"Bioaffinity Technologies, Inc.",US,True,2026-05-03 12:13:06.040319+00:00
14442,TAOP,Taoping Inc.,US,True,2026-05-03 12:13:06.040319+00:00
14443,BIVI,Biovie Inc.,US,True,2026-05-03 12:13:06.040319+00:00
14444,ULYX,Urgent.Ly Inc.,US,True,2026-05-03 12:13:06.040319+00:00
14445,HLRTF,Hillcrest Energy Technologies Ltd.,US,True,2026-05-03 12:13:06.040319+00:00
14446,CMMB,Chemomab Therapeutics Ltd.,US,True,2026-05-03 12:13:06.040319+00:00
14447,NRIS,"Norris Industries, Inc.",US,True,2026-05-03 12:13:06.040319+00:00
14448,ELECF,Electric Royalties Ltd.,US,True,2026-05-03 12:13:06.040319+00:00
14449,CVAT,"Cavitation Technologies, Inc.",US,True,2026-05-03 12:13:06.040319+00:00
14450,MWYN,"Marwynn Holdings, Inc.",US,True,2026-05-03 12:13:06.040319+00:00
14451,MBAI,Check-Cap Ltd,US,True,2026-05-03 12:13:06.040319+00:00
14452,CAHO,Caro Holdings Inc.,US,True,2026-05-03 12:13:06.040319+00:00
14453,EDUC,Educational Development Corp,US,True,2026-05-03 12:13:06.040319+00:00
14454,ELOG,Eastern International Ltd.,US,True,2026-05-03 12:13:06.040319+00:00
14455,IMNN,"Imunon, Inc.",US,True,2026-05-03 12:13:06.040319+00:00
14456,LNAI,Lunai Bioworks Inc.,US,True,2026-05-03 12:13:06.040319+00:00
14457,CETX,Cemtrex Inc,US,True,2026-05-03 12:13:06.040319+00:00
14458,GTBP,"Gt Biopharma, Inc.",US,True,2026-05-03 12:13:06.040319+00:00
14459,DTSS,Datasea Intelligent Technology Ltd.,US,True,2026-05-03 12:13:06.040319+00:00
14460,BTBD,"Bt Brands, Inc.",US,True,2026-05-03 12:13:06.040319+00:00
14461,VCGMF,Visionary Copper & Gold Mines Inc.,US,True,2026-05-03 12:13:06.040319+00:00
14462,ZCRMF,Zincore Metals Inc,US,True,2026-05-03 12:13:06.040319+00:00
14463,CCHH,Cch Holdings Ltd,US,True,2026-05-03 12:13:06.040319+00:00
14464,RVPH,"Reviva Pharmaceuticals Holdings, Inc.",US,True,2026-05-03 12:13:06.040319+00:00
14465,BMGL,Basel Medical Group Ltd,US,True,2026-05-03 12:13:06.040319+00:00
14466,SUGP,Su Group Holdings Ltd,US,True,2026-05-03 12:13:06.040319+00:00
14467,HCAI,"Huachen Ai Parking Management Technology Holding Co., Ltd",US,True,2026-05-03 12:13:06.040319+00:00
14468,CXAI,Cxapp Inc.,US,True,2026-05-03 12:13:06.040319+00:00
14469,VNOV,Vitanova Life Sciences Corp,US,True,2026-05-03 12:13:06.040319+00:00
14470,VRME,"Verifyme, Inc.",US,True,2026-05-03 12:13:06.040319+00:00
14471,LEDS,Semileds Corp,US,True,2026-05-03 12:13:06.040319+00:00
14472,CLIK,Click Holdings Ltd.,US,True,2026-05-03 12:13:06.040319+00:00
14473,FXBY,Foxby Corp.,US,True,2026-05-03 12:13:06.040319+00:00
14474,OCLN,"Originclear, Inc.",US,True,2026-05-03 12:13:06.040319+00:00
14475,RWAX,"Tap Real Estate Technologies, Inc.",US,True,2026-05-03 12:13:06.040319+00:00
14476,RSMXF,Regency Silver Corp.,US,True,2026-05-03 12:13:06.040319+00:00
14477,JBDI,Jbdi Holdings Ltd,US,True,2026-05-03 12:13:06.040319+00:00
14478,LOBO,Lobo Technologies Ltd.,US,True,2026-05-03 12:13:06.040319+00:00
14479,UGRO,"Urban-Gro, Inc.",US,True,2026-05-03 12:13:06.040319+00:00
14480,GLXG,Galaxy Payroll Group Ltd,US,True,2026-05-03 12:13:06.040319+00:00
14481,MOJO,Equator Beverage Co,US,True,2026-05-03 12:13:06.040319+00:00
14482,PBSV,"Pharma-Bio Serv, Inc.",US,True,2026-05-03 12:13:06.040319+00:00
14483,BLIN,"Bridgeline Digital, Inc.",US,True,2026-05-03 12:13:06.040319+00:00
14484,TOMZ,"Tomi Environmental Solutions, Inc.",US,True,2026-05-03 12:13:06.040319+00:00
14485,STQN,Strategic Acquisitions Inc /Nv/,US,True,2026-05-03 12:13:06.040319+00:00
14486,JPOTF,Jackpot Digital Inc.,US,True,2026-05-03 12:13:06.040319+00:00
14487,WETO,Wetour Robotics Ltd,US,True,2026-05-03 12:13:06.040319+00:00
14488,IHT,Innsuites Hospitality Trust,US,True,2026-05-03 12:13:06.040319+00:00
14489,VSEE,"Vsee Health, Inc.",US,True,2026-05-03 12:13:06.040319+00:00
14490,SNTW,Summit Networks Inc.,US,True,2026-05-03 12:13:06.040319+00:00
14491,DSY,Big Tree Cloud Holdings Ltd,US,True,2026-05-03 12:13:06.040319+00:00
14492,ORESF,Orestone Mining Corp.,US,True,2026-05-03 12:13:06.040319+00:00
14493,SRRE,Sunrise Real Estate Group Inc,US,True,2026-05-03 12:13:06.040319+00:00
14494,URZEF,Urz3 Energy Corp.,US,True,2026-05-03 12:13:06.040319+00:00
14495,PAYD,Paid Inc,US,True,2026-05-03 12:13:06.040319+00:00
14496,REDRF,Red Canyon Resources Ltd.,US,True,2026-05-03 12:13:06.040319+00:00
14497,QNRX,"Quoin Pharmaceuticals, Ltd.",US,True,2026-05-03 12:13:06.040319+00:00
14498,AIXI,Xiao-I Corp,US,True,2026-05-03 12:13:06.040319+00:00
14499,ADTI,"Adapti, Inc.",US,True,2026-05-03 12:13:06.040319+00:00
14500,EUDA,Euda Health Holdings Ltd,US,True,2026-05-03 12:13:06.040319+00:00
14501,GULTU,Gulf Coast Ultra Deep Royalty Trust,US,True,2026-05-03 12:13:06.040319+00:00
14502,MCUJF,Medicure Inc,US,True,2026-05-03 12:13:06.040319+00:00
14503,SOS,Sos Ltd,US,True,2026-05-03 12:13:06.040319+00:00
14504,SUND,"Sundance Strategies, Inc.",US,True,2026-05-03 12:13:06.040319+00:00
14505,SINT,"Sintx Technologies, Inc.",US,True,2026-05-03 12:13:06.040319+00:00
14506,KPRX,Kiora Pharmaceuticals Inc,US,True,2026-05-03 12:13:06.040319+00:00
14507,LPSIF,Legend Power Systems Inc.,US,True,2026-05-03 12:13:06.040319+00:00
14508,BNZI,"Banzai International, Inc.",US,True,2026-05-03 12:13:06.040319+00:00
14509,EUEMF,European Energy Metals Corp.,US,True,2026-05-03 12:13:06.040319+00:00
14510,KXIN,Kaixin Holdings,US,True,2026-05-03 12:13:06.040319+00:00
14511,TRBMF,Torq Resources Inc.,US,True,2026-05-03 12:13:06.040319+00:00
14512,PETZ,"Tdh Holdings, Inc.",US,True,2026-05-03 12:13:06.040319+00:00
14513,BICX,Biocorrx Inc.,US,True,2026-05-03 12:13:06.040319+00:00
14514,APRE,"Aprea Therapeutics, Inc.",US,True,2026-05-03 12:13:06.040319+00:00
14515,BLRX,Biolinerx Ltd.,US,True,2026-05-03 12:13:06.040319+00:00
14516,TDTH,Trident Digital Tech Holdings Ltd,US,True,2026-05-03 12:13:06.040319+00:00
14517,INEO,Inneova Holdings Ltd,US,True,2026-05-03 12:13:06.040319+00:00
14518,CVR,Chicago Rivet & Machine Co,US,True,2026-05-03 12:13:06.040319+00:00
14519,ONEI,Onemeta Inc.,US,True,2026-05-03 12:13:06.040319+00:00
14520,FWFW,"Flywheel Advanced Technology, Inc.",US,True,2026-05-03 12:13:06.040319+00:00
14521,NOTV,"Inotiv, Inc.",US,True,2026-05-03 12:13:06.040319+00:00
14522,LHSW,Lianhe Sowell International Group Ltd,US,True,2026-05-03 12:13:06.040319+00:00
14523,IPDN,"Professional Diversity Network, Inc.",US,True,2026-05-03 12:13:06.040319+00:00
14524,OST,"Ostin Technology Group Co., Ltd.",US,True,2026-05-03 12:13:06.040319+00:00
14525,MGNC,Mag Magna Corp,US,True,2026-05-03 12:13:06.040319+00:00
14526,SILO,"Silo Pharma, Inc.",US,True,2026-05-03 12:13:06.040319+00:00
14527,ROYL,"Royale Energy, Inc.",US,True,2026-05-03 12:13:06.040319+00:00
14528,ENDMF,Enduro Metals Corp.,US,True,2026-05-03 12:13:06.040319+00:00
14529,CETY,"Clean Energy Technologies, Inc.",US,True,2026-05-03 12:13:06.040319+00:00
14530,MARPS,Marine Petroleum Trust,US,True,2026-05-03 12:13:06.040319+00:00
14531,MWG,Multi Ways Holdings Ltd,US,True,2026-05-03 12:13:06.040319+00:00
14532,OHCFF,Light Ai Inc.,US,True,2026-05-03 12:13:06.040319+00:00
14533,SABOF,Sabio Holdings Inc.,US,True,2026-05-03 12:13:06.040319+00:00
14534,SEGG,Sports Entertainment Gaming Global Corp,US,True,2026-05-03 12:13:06.040319+00:00
14535,UUUFF,Recharge Resources Ltd.,US,True,2026-05-03 12:13:06.040319+00:00
14536,AWX,Avalon Holdings Corp,US,True,2026-05-03 12:13:06.040319+00:00
14537,SFHG,Samfine Creation Holdings Group Ltd,US,True,2026-05-03 12:13:06.040319+00:00
14538,GNPX,"Genprex, Inc.",US,True,2026-05-03 12:13:06.040319+00:00
14539,GNVR,Genvor Inc,US,True,2026-05-03 12:13:06.040319+00:00
14540,EVGN,Evogene Ltd.,US,True,2026-05-03 12:13:06.040319+00:00
14541,USIC,Uncle'S Ice Cream,US,True,2026-05-03 12:13:06.040319+00:00
14542,TWOH,Two Hands Corp,US,True,2026-05-03 12:13:06.040319+00:00
14543,HTOO,Fusion Fuel Green Plc,US,True,2026-05-03 12:13:06.040319+00:00
14544,HLYK,Healthlynked Corp,US,True,2026-05-03 12:13:06.040319+00:00
14545,QURT,"Quarta-Rad, Inc.",US,True,2026-05-03 12:13:06.040319+00:00
14546,OFAL,Ofa Group,US,True,2026-05-03 12:13:06.040319+00:00
14547,TKLF,"Tokyo Lifestyle Co., Ltd.",US,True,2026-05-03 12:13:06.040319+00:00
14548,MRM,Medirom Healthcare Technologies Inc.,US,True,2026-05-03 12:13:06.040319+00:00
14549,SSM,Sono Group N.V.,US,True,2026-05-03 12:13:06.040319+00:00
14550,CLWT,Euro Tech Holdings Co Ltd,US,True,2026-05-03 12:13:06.040319+00:00
14551,ETS,Elite Express Holding Inc.,US,True,2026-05-03 12:13:06.040319+00:00
14552,BCLI,Brainstorm Cell Therapeutics Inc.,US,True,2026-05-03 12:13:06.040319+00:00
14553,CALC,"Calcimedica, Inc.",US,True,2026-05-03 12:13:06.040319+00:00
14554,GWTI,"Greenway Technologies, Inc. & Subsidiaries",US,True,2026-05-03 12:13:06.040319+00:00
14555,NTRX,"Entrex Carbon Market, Inc.",US,True,2026-05-03 12:13:06.040319+00:00
14556,ECTM,Eca Marcellus Trust I,US,True,2026-05-03 12:13:06.040319+00:00
14557,AITX,Artificial Intelligence Technology Solutions Inc.,US,True,2026-05-03 12:13:06.040319+00:00
14558,IMRN,Immuron Ltd,US,True,2026-05-03 12:13:06.040319+00:00
14559,BOLT,"Bolt Biotherapeutics, Inc.",US,True,2026-05-03 12:13:06.040319+00:00
14560,MSN,Emerson Radio Corp,US,True,2026-05-03 12:13:06.040319+00:00
14561,MTEX,Mannatech Inc,US,True,2026-05-03 12:13:06.040319+00:00
14562,FTSP,"Fintrade Sherpa, Inc.",US,True,2026-05-03 12:13:06.040319+00:00
14563,BCAB,"Bioatla, Inc.",US,True,2026-05-03 12:13:06.040319+00:00
14564,AGRZ,Agroz Inc.,US,True,2026-05-03 12:13:06.040319+00:00
14565,XWEL,"Xwell, Inc.",US,True,2026-05-03 12:13:06.040319+00:00
14566,LIMN,"Liminatus Pharma, Inc.",US,True,2026-05-03 12:13:06.040319+00:00
14567,IONI,I-On Digital Corp.,US,True,2026-05-03 12:13:06.040319+00:00
14568,HNOI,"Hno International, Inc.",US,True,2026-05-03 12:13:06.040319+00:00
14569,CETI,"Cyber Enviro-Tech, Inc.",US,True,2026-05-03 12:13:06.040319+00:00
14570,FCCI,"Fast Casual Concepts, Inc.",US,True,2026-05-03 12:13:06.040319+00:00
14571,DKI,Darkiris Inc.,US,True,2026-05-03 12:13:06.040319+00:00
14572,BCUFF,Bell Copper Corp,US,True,2026-05-03 12:13:06.040319+00:00
14573,OBULF,One Bullion Ltd,US,True,2026-05-03 12:13:06.040319+00:00
14574,NCNA,Nucana Plc,US,True,2026-05-03 12:13:06.040319+00:00
14575,ALDS,Applife Digital Solutions Inc,US,True,2026-05-03 12:13:06.040319+00:00
14576,USAQ,"Qhslab, Inc.",US,True,2026-05-03 12:13:06.040319+00:00
14577,NXL,"Nexalin Technology, Inc.",US,True,2026-05-03 12:13:06.040319+00:00
14578,SDCH,"Sidechannel, Inc.",US,True,2026-05-03 12:13:06.040319+00:00
14579,MTR,Mesa Royalty Trust/Tx,US,True,2026-05-03 12:13:06.040319+00:00
14580,FNFI,First Niles Financial Inc,US,True,2026-05-03 12:13:06.040319+00:00
14581,CEIN,"Camber Energy, Inc.",US,True,2026-05-03 12:13:06.040319+00:00
14582,PURE,"Pure Bioscience, Inc.",US,True,2026-05-03 12:13:06.040319+00:00
14583,DSS,"Dss, Inc.",US,True,2026-05-03 12:13:06.040319+00:00
14584,AMS,American Shared Hospital Services,US,True,2026-05-03 12:13:06.040319+00:00
14585,LCFY,Locafy Ltd,US,True,2026-05-03 12:13:06.040319+00:00
14586,YJ,Yunji Inc.,US,True,2026-05-03 12:13:06.040319+00:00
14587,YCBD,"Cbdmd, Inc.",US,True,2026-05-03 12:13:06.040319+00:00
14588,TGHL,Growhub Ltd,US,True,2026-05-03 12:13:06.040319+00:00
14589,LTUM,Lithium Corp,US,True,2026-05-03 12:13:06.040319+00:00
14590,HGTXU,Hugoton Royalty Trust,US,True,2026-05-03 12:13:06.040319+00:00
14591,AAUGF,Aero Energy Ltd,US,True,2026-05-03 12:13:06.040319+00:00
14592,RMSL,Remsleep Holdings Inc.,US,True,2026-05-03 12:13:06.040319+00:00
14593,KTEL,"Konatel, Inc.",US,True,2026-05-03 12:13:06.040319+00:00
14594,TNON,"Tenon Medical, Inc.",US,True,2026-05-03 12:13:06.040319+00:00
14595,GURE,"Gulf Resources, Inc.",US,True,2026-05-03 12:13:06.040319+00:00
14596,HWH,Hwh International Inc.,US,True,2026-05-03 12:13:06.040319+00:00
14597,RAY,Raytech Holding Ltd,US,True,2026-05-03 12:13:06.040319+00:00
14598,CLRO,Clearone Inc,US,True,2026-05-03 12:13:06.040319+00:00
14599,ADXN,Addex Therapeutics Ltd.,US,True,2026-05-03 12:13:06.040319+00:00
14600,SYNX,Silynxcom Ltd.,US,True,2026-05-03 12:13:06.040319+00:00
14601,GARWF,Golden Arrow Resources Corp,US,True,2026-05-03 12:13:06.040319+00:00
14602,KWIK,"Kwikclick, Inc.",US,True,2026-05-03 12:13:06.040319+00:00
14603,DTST,Data Storage Corp,US,True,2026-05-03 12:13:06.040319+00:00
14604,GLE,Global Engine Group Holding Ltd,US,True,2026-05-03 12:13:06.040319+00:00
14605,OBAI,"Our Bond, Inc.",US,True,2026-05-03 12:13:06.040319+00:00
14606,IFBD,"Infobird Co., Ltd",US,True,2026-05-03 12:13:06.040319+00:00
14607,APMCF,Morien Resources Corp.,US,True,2026-05-03 12:13:06.040319+00:00
14608,SNES,"Senestech, Inc.",US,True,2026-05-03 12:13:06.040319+00:00
14609,INBP,Integrated Biopharma Inc,US,True,2026-05-03 12:13:06.040319+00:00
14610,PMAX,Powell Max Ltd,US,True,2026-05-03 12:13:06.040319+00:00
14611,NVNO,Envveno Medical Corp,US,True,2026-05-03 12:13:06.040319+00:00
14612,HXHX,Haoxin Holdings Ltd,US,True,2026-05-03 12:13:06.040319+00:00
14613,CNEY,Cn Energy Group. Inc.,US,True,2026-05-03 12:13:06.040319+00:00
14614,CLEV,Concrete Leveling Systems Inc,US,True,2026-05-03 12:13:06.040319+00:00
14615,XPON,Expion360 Inc.,US,True,2026-05-03 12:13:06.040319+00:00
14616,CWD,Calibercos Inc.,US,True,2026-05-03 12:13:06.040319+00:00
14617,TRRFF,Trifecta Gold Ltd,US,True,2026-05-03 12:13:06.040319+00:00
14618,CMGHF,Chaoda Modern Agriculture Holdings Ltd /Fi,US,True,2026-05-03 12:13:06.040319+00:00
14619,HWNI,"High Wire Networks, Inc.",US,True,2026-05-03 12:13:06.040319+00:00
14620,RVYL,Ryvyl Inc.,US,True,2026-05-03 12:13:06.040319+00:00
14621,PMCB,"Pharmacyte Biotech, Inc.",US,True,2026-05-03 12:13:06.040319+00:00
14622,MTVA,Metavia Inc.,US,True,2026-05-03 12:13:06.040319+00:00
14623,GELS,Gelteq Ltd,US,True,2026-05-03 12:13:06.040319+00:00
14624,GRDX,Gridai Technologies Corp.,US,True,2026-05-03 12:13:06.040319+00:00
14625,RNAZ,"Transcode Therapeutics, Inc.",US,True,2026-05-03 12:13:06.040319+00:00
14626,GRAPF,First Canadian Graphite Inc.,US,True,2026-05-03 12:13:06.040319+00:00
14627,ILAG,Intelligent Living Application Group Inc.,US,True,2026-05-03 12:13:06.040319+00:00
14628,AZI,Autozi Internet Technology (Global) Ltd.,US,True,2026-05-03 12:13:06.040319+00:00
14629,NIMU,Non Invasive Monitoring Systems Inc /Fl/,US,True,2026-05-03 12:13:06.040319+00:00
14630,FBGL,Fbs Global Ltd,US,True,2026-05-03 12:13:06.040319+00:00
14631,CELZ,"Creative Medical Technology Holdings, Inc.",US,True,2026-05-03 12:13:06.040319+00:00
14632,NCL,Northann Corp.,US,True,2026-05-03 12:13:06.040319+00:00
14633,MGRX,"Mangoceuticals, Inc.",US,True,2026-05-03 12:13:06.040319+00:00
14634,ACON,"Aclarion, Inc.",US,True,2026-05-03 12:13:06.040319+00:00
14635,INDP,"Indaptus Therapeutics, Inc.",US,True,2026-05-03 12:13:06.040319+00:00
14636,GHST,Ghst World Inc.,US,True,2026-05-03 12:13:06.040319+00:00
14637,ONFO,"Onfolio Holdings, Inc",US,True,2026-05-03 12:13:06.040319+00:00
14638,ARBB,Arb Iot Group Ltd,US,True,2026-05-03 12:13:06.040319+00:00
14639,ZCMD,Zhongchao Inc.,US,True,2026-05-03 12:13:06.040319+00:00
14640,VYND,"Vynleads, Inc.",US,True,2026-05-03 12:13:06.040319+00:00
14641,VYST,Vystar Corp,US,True,2026-05-03 12:13:06.040319+00:00
14642,GLNS,Golden Star Resource Corp.,US,True,2026-05-03 12:13:06.040319+00:00
14643,MIMI,Mint Inc Ltd,US,True,2026-05-03 12:13:06.040319+00:00
14644,AETN,Shorepower Technologies Inc.,US,True,2026-05-03 12:13:06.040319+00:00
14645,SCKT,"Socket Mobile, Inc.",US,True,2026-05-03 12:13:06.040319+00:00
14646,IMIMF,Interra Copper Corp.,US,True,2026-05-03 12:13:06.040319+00:00
14647,MGN,Megan Holdings Ltd.,US,True,2026-05-03 12:13:06.040319+00:00
14648,BETRF,Betterlife Pharma Inc.,US,True,2026-05-03 12:13:06.040319+00:00
14649,BRGX,"Bioregenx, Inc.",US,True,2026-05-03 12:13:06.040319+00:00
14650,TRCK,"Track Group, Inc.",US,True,2026-05-03 12:13:06.040319+00:00
14651,IQST,Iqstel Inc,US,True,2026-05-03 12:13:06.040319+00:00
14652,GVH,Globavend Holdings Ltd,US,True,2026-05-03 12:13:06.040319+00:00
14653,ZTSTF,Ztest Electronics Inc /Fi,US,True,2026-05-03 12:13:06.040319+00:00
14654,HAMRF,Silver Hammer Mining Corp,US,True,2026-05-03 12:13:06.040319+00:00
14655,FTRK,Fast Track Group,US,True,2026-05-03 12:13:06.040319+00:00
14656,ATER,"Aterian, Inc.",US,True,2026-05-03 12:13:06.040319+00:00
14657,YHGJ,Yunhong Green Cti Ltd.,US,True,2026-05-03 12:13:06.040319+00:00
14658,INIKF,Popreach Corp,US,True,2026-05-03 12:13:06.040319+00:00
14659,TGL,Treasure Global Inc,US,True,2026-05-03 12:13:06.040319+00:00
14660,BMXI,Brookmount Explorations Inc,US,True,2026-05-03 12:13:06.040319+00:00
14661,ALRTF,Alr Technologies Sg Ltd.,US,True,2026-05-03 12:13:06.040319+00:00
14662,EWSB,"Ewsb Bancorp, Inc. /Md/",US,True,2026-05-03 12:13:06.040319+00:00
14663,SPFX,"Standard Premium Finance Holdings, Inc.",US,True,2026-05-03 12:13:06.040319+00:00
14664,TDIC,Dreamland Ltd,US,True,2026-05-03 12:13:06.040319+00:00
14665,ITOC,Itonic Holdings Ltd,US,True,2026-05-03 12:13:06.040319+00:00
14666,DSNY,Destiny Media Technologies Inc,US,True,2026-05-03 12:13:06.040319+00:00
14667,BRQL,Dynamic Aerospace Systems Corp,US,True,2026-05-03 12:13:06.040319+00:00
14668,TLIH,Ten-League International Holdings Ltd,US,True,2026-05-03 12:13:06.040319+00:00
14669,PCSA,"Processa Pharmaceuticals, Inc.",US,True,2026-05-03 12:13:06.040319+00:00
14670,NROM,Noble Romans Inc,US,True,2026-05-03 12:13:06.040319+00:00
14671,SYBX,"Synlogic, Inc.",US,True,2026-05-03 12:13:06.040319+00:00
14672,APM,Aptorum Group Ltd,US,True,2026-05-03 12:13:06.040319+00:00
14673,CAPC,"Capstone Companies, Inc.",US,True,2026-05-03 12:13:06.040319+00:00
14674,PLCKF,Plurilock Security Inc.,US,True,2026-05-03 12:13:06.040319+00:00
14675,FMFC,Kandal M Venture Ltd,US,True,2026-05-03 12:13:06.040319+00:00
14676,TULP,"Bloomia Holdings, Inc.",US,True,2026-05-03 12:13:06.040319+00:00
14677,PIAC,Princeton Capital Corp,US,True,2026-05-03 12:13:06.040319+00:00
14678,PPBT,Purple Biotech Ltd.,US,True,2026-05-03 12:13:06.040319+00:00
14679,DEVS,Devvstream Corp.,US,True,2026-05-03 12:13:06.040319+00:00
14680,KRKR,36Kr Holdings Inc.,US,True,2026-05-03 12:13:06.040319+00:00
14681,XBIO,"Xenetic Biosciences, Inc.",US,True,2026-05-03 12:13:06.040319+00:00
14682,MSGY,Masonglory Ltd,US,True,2026-05-03 12:13:06.040319+00:00
14683,WAFU,Wah Fu Education Group Ltd,US,True,2026-05-03 12:13:06.040319+00:00
14684,MRAI,"Marpai, Inc.",US,True,2026-05-03 12:13:06.040319+00:00
14685,VRRCF,Vr Resources Ltd.,US,True,2026-05-03 12:13:06.040319+00:00
14686,ZICX,Zicix Corp,US,True,2026-05-03 12:13:06.040319+00:00
14687,SERPY,Top End Energy Ltd/Adr,US,True,2026-05-03 12:13:06.040319+00:00
14688,MMTRS,Mills Music Trust,US,True,2026-05-03 12:13:06.040319+00:00
14689,OLOX,Olenox Industries Inc.,US,True,2026-05-03 12:13:06.040319+00:00
14690,FBLG,"Fibrobiologics, Inc.",US,True,2026-05-03 12:13:06.040319+00:00
14691,WAST,Waste Energy Corp.,US,True,2026-05-03 12:13:06.040319+00:00
14692,ODYY,"Odyssey Health, Inc.",US,True,2026-05-03 12:13:06.040319+00:00
14693,AKTX,Akari Therapeutics Plc,US,True,2026-05-03 12:13:06.040319+00:00
14694,PWDY,"Powerdyne International, Inc.",US,True,2026-05-03 12:13:06.040319+00:00
14695,SKAS,"Saker Aviation Services, Inc.",US,True,2026-05-03 12:13:06.040319+00:00
14696,NBLXF,Noble Plains Uranium Corp.,US,True,2026-05-03 12:13:06.040319+00:00
14697,DROR,"Dror Ortho-Design, Inc.",US,True,2026-05-03 12:13:06.040319+00:00
14698,BTCY,Biotricity Inc.,US,True,2026-05-03 12:13:06.040319+00:00
14699,BKYI,Bio Key International Inc,US,True,2026-05-03 12:13:06.040319+00:00
14700,CANF,Can-Fite Biopharma Ltd.,US,True,2026-05-03 12:13:06.040319+00:00
14701,SOPA,Society Pass Incorporated.,US,True,2026-05-03 12:13:06.040319+00:00
14702,JCTC,Jewett Cameron Trading Co Ltd,US,True,2026-05-03 12:13:06.040319+00:00
14703,BBBMF,Lux Metals Corp.,US,True,2026-05-03 12:13:06.040319+00:00
14704,CRCW,Crypto Co,US,True,2026-05-03 12:13:06.040319+00:00
14705,BFGFF,Giant Mining Corp.,US,True,2026-05-03 12:13:06.040319+00:00
14706,CUPR,Cuprina Holdings (Cayman) Ltd,US,True,2026-05-03 12:13:06.040319+00:00
14707,WFF,Wf Holding Ltd,US,True,2026-05-03 12:13:06.040319+00:00
14708,ENVB,"Enveric Biosciences, Inc.",US,True,2026-05-03 12:13:06.040319+00:00
14709,NMEX,Northern Minerals & Exploration Ltd.,US,True,2026-05-03 12:13:06.040319+00:00
14710,BABB,"Bab, Inc.",US,True,2026-05-03 12:13:06.040319+00:00
14711,BMRA,Biomerica Inc,US,True,2026-05-03 12:13:06.040319+00:00
14712,PN,Skycorp Solar Group Ltd,US,True,2026-05-03 12:13:06.040319+00:00
14713,IOTR,Iothree Ltd,US,True,2026-05-03 12:13:06.040319+00:00
14714,HSCS,Heartsciences Inc.,US,True,2026-05-03 12:13:06.040319+00:00
14715,BITTF,Bitterroot Resources Ltd,US,True,2026-05-03 12:13:06.040319+00:00
14716,ADVB,Advanced Biomed Inc.,US,True,2026-05-03 12:13:06.040319+00:00
14717,TCRT,"Alaunos Therapeutics, Inc.",US,True,2026-05-03 12:13:06.040319+00:00
14718,NOWG,Nowigence Inc.,US,True,2026-05-03 12:13:06.040319+00:00
14719,CJMB,Callan Jmb Inc.,US,True,2026-05-03 12:13:06.040319+00:00
14720,ACXP,"Acurx Pharmaceuticals, Inc.",US,True,2026-05-03 12:13:06.040319+00:00
14721,BGMS,"Bio Green Med Solution, Inc.",US,True,2026-05-03 12:13:06.040319+00:00
14722,QUCY,Quantum Cyber N.V.,US,True,2026-05-03 12:13:06.040319+00:00
14723,MKZR,"Mackenzie Realty Capital, Inc.",US,True,2026-05-03 12:13:06.040319+00:00
14724,AMZE,"Amaze Holdings, Inc.",US,True,2026-05-03 12:13:06.040319+00:00
14725,OXBR,Oxbridge Re Holdings Ltd,US,True,2026-05-03 12:13:06.040319+00:00
14726,ADMQ,"Adm Endeavors, Inc.",US,True,2026-05-03 12:13:06.040319+00:00
14727,GITS,"Global Interactive Technologies, Inc.",US,True,2026-05-03 12:13:06.040319+00:00
14728,DAIC,"Cid Holdco, Inc.",US,True,2026-05-03 12:13:06.040319+00:00
14729,ORKT,Orangekloud Technology Inc.,US,True,2026-05-03 12:13:06.040319+00:00
14730,XHLD,"Ten Holdings, Inc.",US,True,2026-05-03 12:13:06.040319+00:00
14731,SCND,Scientific Industries Inc,US,True,2026-05-03 12:13:06.040319+00:00
14732,LUCY,Innovative Eyewear Inc,US,True,2026-05-03 12:13:06.040319+00:00
14733,NDRA,Endra Life Sciences Inc.,US,True,2026-05-03 12:13:06.040319+00:00
14734,STME,Stimcell Energetics Inc.,US,True,2026-05-03 12:13:06.040319+00:00
14735,ELAB,Pmgc Holdings Inc.,US,True,2026-05-03 12:13:06.040319+00:00
14736,GPOX,"Gpo Plus, Inc.",US,True,2026-05-03 12:13:06.040319+00:00
14737,NXGL,"Nexgel, Inc.",US,True,2026-05-03 12:13:06.040319+00:00
14738,EEIQ,Epicquest Education Group International Ltd,US,True,2026-05-03 12:13:06.040319+00:00
14739,POLA,"Polar Power, Inc.",US,True,2026-05-03 12:13:06.040319+00:00
14740,ASTC,Astrotech Corp,US,True,2026-05-03 12:13:06.040319+00:00
14741,NVGLF,Nv Gold Corp,US,True,2026-05-03 12:13:06.040319+00:00
14742,MFBI,"Monroe Federal Bancorp, Inc.",US,True,2026-05-03 12:13:06.040319+00:00
14743,AAMTF,Armada Mercantile Ltd,US,True,2026-05-03 12:13:06.040319+00:00
14744,TRLEF,Trillion Energy International Inc.,US,True,2026-05-03 12:13:06.040319+00:00
14745,FTFT,Future Fintech Group Inc.,US,True,2026-05-03 12:13:06.040319+00:00
14746,VSTD,Vestand Inc.,US,True,2026-05-03 12:13:06.040319+00:00
14747,NGTF,"Nightfood Holdings, Inc.",US,True,2026-05-03 12:13:06.040319+00:00
14748,OLB,"Olb Group, Inc.",US,True,2026-05-03 12:13:06.040319+00:00
14749,SLE,"Super League Enterprise, Inc.",US,True,2026-05-03 12:13:06.040319+00:00
14750,NOTE,"Fiscalnote Holdings, Inc.",US,True,2026-05-03 12:13:06.040319+00:00
14751,CVSI,"Cv Sciences, Inc.",US,True,2026-05-03 12:13:06.040319+00:00
14752,HCWC,Healthy Choice Wellness Corp.,US,True,2026-05-03 12:13:06.040319+00:00
14753,APVO,Aptevo Therapeutics Inc.,US,True,2026-05-03 12:13:06.040319+00:00
14754,KLYG,"Kelyniam Global, Inc.",US,True,2026-05-03 12:13:06.040319+00:00
14755,CYCU,"Cycurion, Inc.",US,True,2026-05-03 12:13:06.040319+00:00
14756,GSUN,Golden Sun Technology Group Ltd.,US,True,2026-05-03 12:13:06.040319+00:00
14757,BRTX,"Biorestorative Therapies, Inc.",US,True,2026-05-03 12:13:06.040319+00:00
14758,BRWC,Birdie Win Corp,US,True,2026-05-03 12:13:06.040319+00:00
14759,AVPMF,Avrupa Minerals Ltd.,US,True,2026-05-03 12:13:06.040319+00:00
14760,ANVI,"Anvi Global Holdings, Inc.",US,True,2026-05-03 12:13:06.040319+00:00
14761,MAGE,Magellan Copper & Gold Corp,US,True,2026-05-03 12:13:06.040319+00:00
14762,WBUY,Webuy Global Ltd,US,True,2026-05-03 12:13:06.040319+00:00
14763,SPHL,Springview Holdings Ltd,US,True,2026-05-03 12:13:06.040319+00:00
14764,MEGL,Magic Empire Global Ltd,US,True,2026-05-03 12:13:06.040319+00:00
14765,RENX,Renx Enterprises Corp.,US,True,2026-05-03 12:13:06.040319+00:00
14766,CODX,"Co-Diagnostics, Inc.",US,True,2026-05-03 12:13:06.040319+00:00
14767,AMST,Amesite Inc.,US,True,2026-05-03 12:13:06.040319+00:00
14768,PSYCF,Psyched Wellness Ltd.,US,True,2026-05-03 12:13:06.040319+00:00
14769,INBS,Intelligent Bio Solutions Inc.,US,True,2026-05-03 12:13:06.040319+00:00
14770,XTLB,Xtl Biopharmaceuticals Ltd,US,True,2026-05-03 12:13:06.040319+00:00
14771,NWTG,"Newton Golf Company, Inc.",US,True,2026-05-03 12:13:06.040319+00:00
14772,AIHS,Senmiao Technology Ltd,US,True,2026-05-03 12:13:06.040319+00:00
14773,KIQSF,Kelso Technologies Inc,US,True,2026-05-03 12:13:06.040319+00:00
14774,SSEBF,Silver Spruce Resources Inc.,US,True,2026-05-03 12:13:06.040319+00:00
14775,WCT,Wellchange Holdings Co Ltd,US,True,2026-05-03 12:13:06.040319+00:00
14776,SONM,"Dna X, Inc.",US,True,2026-05-03 12:13:06.040319+00:00
14777,CENN,Cenntro Inc.,US,True,2026-05-03 12:13:06.040319+00:00
14778,ZPHYF,Zephyr Minerals Ltd.,US,True,2026-05-03 12:13:06.040319+00:00
14779,LUDG,"Ludwig Enterprises, Inc.",US,True,2026-05-03 12:13:06.040319+00:00
14780,SHPH,"Shuttle Pharmaceuticals Holdings, Inc.",US,True,2026-05-03 12:13:06.040319+00:00
14781,CLGN,Collplant Biotechnologies Ltd,US,True,2026-05-03 12:13:06.040319+00:00
14782,CPCPF,Coppercorp Resources Inc.,US,True,2026-05-03 12:13:06.040319+00:00
14783,CIIT,"Tianci International, Inc.",US,True,2026-05-03 12:13:06.040319+00:00
14784,EJH,E-Home Household Service Holdings Ltd,US,True,2026-05-03 12:13:06.040319+00:00
14785,SMTK,"Smartkem, Inc.",US,True,2026-05-03 12:13:06.040319+00:00
14786,BLIS,"Napc Defense, Inc.",US,True,2026-05-03 12:13:06.040319+00:00
14787,CDIO,"Cardio Diagnostics Holdings, Inc.",US,True,2026-05-03 12:13:06.040319+00:00
14788,VS,Versus Systems Inc.,US,True,2026-05-03 12:13:06.040319+00:00
14789,ERNA,Ernexa Therapeutics Inc.,US,True,2026-05-03 12:13:06.040319+00:00
14790,DXYN,Dixie Group Inc,US,True,2026-05-03 12:13:06.040319+00:00
14791,MFON,Mobivity Holdings Corp.,US,True,2026-05-03 12:13:06.040319+00:00
14792,MITQ,Moving Image Technologies Inc.,US,True,2026-05-03 12:13:06.040319+00:00
14793,JCSE,Je Cleantech Holdings Ltd,US,True,2026-05-03 12:13:06.040319+00:00
14794,MHUAF,"Meihua International Medical Technologies Co., Ltd.",US,True,2026-05-03 12:13:06.040319+00:00
14795,TWAV,"Taoweave, Inc.",US,True,2026-05-03 12:13:06.040319+00:00
14796,BGLC,Bionexus Gene Lab Corp,US,True,2026-05-03 12:13:06.040319+00:00
14797,WNW,Meiwu Technology Co Ltd,US,True,2026-05-03 12:13:06.040319+00:00
14798,AVCRF,Avricore Health Inc.,US,True,2026-05-03 12:13:06.040319+00:00
14799,ANY,Sphere 3D Corp.,US,True,2026-05-03 12:13:06.040319+00:00
14800,MBIO,"Mustang Bio, Inc.",US,True,2026-05-03 12:13:06.040319+00:00
14801,JWEL,Jowell Global Ltd.,US,True,2026-05-03 12:13:06.040319+00:00
14802,XAIR,"Beyond Air, Inc.",US,True,2026-05-03 12:13:06.040319+00:00
14803,SNTG,Sentage Holdings Inc.,US,True,2026-05-03 12:13:06.040319+00:00
14804,DQWS,Dswiss Inc,US,True,2026-05-03 12:13:06.040319+00:00
14805,KLSVF,Klondike Silver Corp.,US,True,2026-05-03 12:13:06.040319+00:00
14806,CNFN,Cfn Enterprises Inc.,US,True,2026-05-03 12:13:06.040319+00:00
14807,SVUHF,Srivaru Holding Ltd,US,True,2026-05-03 12:13:06.040319+00:00
14808,DRMA,"Dermata Therapeutics, Inc.",US,True,2026-05-03 12:13:06.040319+00:00
14809,JAGX,"Jaguar Health, Inc.",US,True,2026-05-03 12:13:06.040319+00:00
14810,JDZG,Jiade Ltd,US,True,2026-05-03 12:13:06.040319+00:00
14811,TSEOF,Trinseo Plc,US,True,2026-05-03 12:13:06.040319+00:00
14812,JTAI,Jet.Ai Inc.,US,True,2026-05-03 12:13:06.040319+00:00
14813,MLEC,Moolec Science Sa,US,True,2026-05-03 12:13:06.040319+00:00
14814,AQB,Aquabounty Technologies Inc,US,True,2026-05-03 12:13:06.040319+00:00
14815,WAI,Top Kingwin Ltd,US,True,2026-05-03 12:13:06.040319+00:00
14816,FASLF,First Andes Silver Ltd.,US,True,2026-05-03 12:13:06.040319+00:00
14817,ZDPY,"Zoned Properties, Inc.",US,True,2026-05-03 12:13:06.040319+00:00
14818,HGYN,Hong Yuan Holding Group,US,True,2026-05-03 12:13:06.040319+00:00
14819,FRSX,Foresight Autonomous Holdings Ltd.,US,True,2026-05-03 12:13:06.040319+00:00
14820,RHEP,"Regional Health Properties, Inc",US,True,2026-05-03 12:13:06.040319+00:00
14821,ACUT,Accustem Sciences Inc.,US,True,2026-05-03 12:13:06.040319+00:00
14822,XERI,"Xeriant, Inc.",US,True,2026-05-03 12:13:06.040319+00:00
14823,CHNR,China Natural Resources Inc,US,True,2026-05-03 12:13:06.040319+00:00
14824,AMLM,"American Lithium Minerals, Inc.",US,True,2026-05-03 12:13:06.040319+00:00
14825,BASA,"Basanite, Inc.",US,True,2026-05-03 12:13:06.040319+00:00
14826,PULM,"Pulmatrix, Inc.",US,True,2026-05-03 12:13:06.040319+00:00
14827,LCTC,"Lifeloc Technologies, Inc",US,True,2026-05-03 12:13:06.040319+00:00
14828,SQFT,"Presidio Property Trust, Inc.",US,True,2026-05-03 12:13:06.040319+00:00
14829,WXM,Wf International Ltd.,US,True,2026-05-03 12:13:06.040319+00:00
14830,VEST,Loan Artificial Intelligence Corp.,US,True,2026-05-03 12:13:06.040319+00:00
14831,MI,Nft Ltd,US,True,2026-05-03 12:13:06.040319+00:00
14832,CDTG,Cdt Environmental Technology Investment Holdings Ltd,US,True,2026-05-03 12:13:06.040319+00:00
14833,YDKG,Yueda Digital Holding,US,True,2026-05-03 12:13:06.040319+00:00
14834,AERA,Ai Era Corp.,US,True,2026-05-03 12:13:06.040319+00:00
14835,FEED,"Envue Medical, Inc.",US,True,2026-05-03 12:13:06.040319+00:00
14836,HVGDF,Harvest Gold Corp,US,True,2026-05-03 12:13:06.040319+00:00
14837,GLGI,"Greystone Logistics, Inc.",US,True,2026-05-03 12:13:06.040319+00:00
14838,SBFM,Sunshine Biopharma Inc.,US,True,2026-05-03 12:13:06.040319+00:00
14839,ATXG,Addentax Group Corp.,US,True,2026-05-03 12:13:06.040319+00:00
14840,RBOT,Vicarious Surgical Inc.,US,True,2026-05-03 12:13:06.040319+00:00
14841,GLMD,Galmed Pharmaceuticals Ltd.,US,True,2026-05-03 12:13:06.040319+00:00
14842,STFS,Star Fashion Culture Holdings Ltd,US,True,2026-05-03 12:13:06.040319+00:00
14843,GP,Greenpower Motor Co Inc.,US,True,2026-05-03 12:13:06.040319+00:00
14844,HCTI,"Healthcare Triangle, Inc.",US,True,2026-05-03 12:13:06.040319+00:00
14845,SKK,Skk Holdings Ltd,US,True,2026-05-03 12:13:06.040319+00:00
14846,DFSC,Defsec Technologies Inc.,US,True,2026-05-03 12:13:06.040319+00:00
14847,TANH,Tantech Holdings Ltd,US,True,2026-05-03 12:13:06.040319+00:00
14848,IZM,Iczoom Group Inc.,US,True,2026-05-03 12:13:06.040319+00:00
14849,LMRMF,Lomiko Metals Inc.,US,True,2026-05-03 12:13:06.040319+00:00
14850,GGLXF,Ggl Resources Corp.,US,True,2026-05-03 12:13:06.040319+00:00
14851,SRCO,"Sparta Commercial Services, Inc.",US,True,2026-05-03 12:13:06.040319+00:00
14852,SYRA,Syra Health Corp,US,True,2026-05-03 12:13:06.040319+00:00
14853,CBIH,"Cannabis Bioscience International Holdings, Inc.",US,True,2026-05-03 12:13:06.040319+00:00
14854,CRE,Cre8 Enterprise Ltd,US,True,2026-05-03 12:13:06.040319+00:00
14855,SXTP,"60 Degrees Pharmaceuticals, Inc.",US,True,2026-05-03 12:13:06.040319+00:00
14856,TOGI,"Turnongreen, Inc.",US,True,2026-05-03 12:13:06.040319+00:00
14857,SOAR,"Volato Group, Inc.",US,True,2026-05-03 12:13:06.040319+00:00
14858,HWKE,"Hawkeye Systems, Inc.",US,True,2026-05-03 12:13:06.040319+00:00
14859,EDHL,Everbright Digital Holding Ltd.,US,True,2026-05-03 12:13:06.040319+00:00
14860,EPWKF,Epwk Holdings Ltd.,US,True,2026-05-03 12:13:06.040319+00:00
14861,BOXL,Boxlight Corp,US,True,2026-05-03 12:13:06.040319+00:00
14862,DCX,Digital Currency X Technology Inc.,US,True,2026-05-03 12:13:06.040319+00:00
14863,EHGO,Eshallgo Inc.,US,True,2026-05-03 12:13:06.040319+00:00
14864,OCG,Oriental Culture Holding Ltd,US,True,2026-05-03 12:13:06.040319+00:00
14865,ADMT,"Adm Tronics Unlimited, Inc.",US,True,2026-05-03 12:13:06.040319+00:00
14866,ABCFF,Abacus Mining & Exploration Corp,US,True,2026-05-03 12:13:06.040319+00:00
14867,ABTS,Abits Group Inc,US,True,2026-05-03 12:13:06.040319+00:00
14868,ENZN,"Viskase Holdings, Inc.",US,True,2026-05-03 12:13:06.040319+00:00
14869,THURF,Thunderstruck Resources Ltd.,US,True,2026-05-03 12:13:06.040319+00:00
14870,AMIX,"Autonomix Medical, Inc.",US,True,2026-05-03 12:13:06.040319+00:00
14871,HYFM,"Hydrofarm Holdings Group, Inc.",US,True,2026-05-03 12:13:06.040319+00:00
14872,VSBGF,Vsblty Groupe Technologies Corp.,US,True,2026-05-03 12:13:06.040319+00:00
14873,BUDZ,"Weed, Inc.",US,True,2026-05-03 12:13:06.040319+00:00
14874,LMFA,"Lm Funding America, Inc.",US,True,2026-05-03 12:13:06.040319+00:00
14875,EGMCF,Emergent Metals Corp.,US,True,2026-05-03 12:13:06.040319+00:00
14876,VSA,Visionsys Ai Inc,US,True,2026-05-03 12:13:06.040319+00:00
14877,APTOF,Aptose Biosciences Inc.,US,True,2026-05-03 12:13:06.040319+00:00
14878,FCUV,Focus Universal Inc.,US,True,2026-05-03 12:13:06.040319+00:00
14879,GBR,"New Concept Energy, Inc.",US,True,2026-05-03 12:13:06.040319+00:00
14880,DXST,Decent Holding Inc.,US,True,2026-05-03 12:13:06.040319+00:00
14881,PRSI,Portsmouth Square Inc,US,True,2026-05-03 12:13:06.040319+00:00
14882,SUNE,"Sunation Energy, Inc.",US,True,2026-05-03 12:13:06.040319+00:00
14883,REVB,"Revelation Biosciences, Inc.",US,True,2026-05-03 12:13:06.040319+00:00
14884,ISPC,Ispecimen Inc.,US,True,2026-05-03 12:13:06.040319+00:00
14885,YMAT,"J-Star Holding Co., Ltd.",US,True,2026-05-03 12:13:06.040319+00:00
14886,BIXT,"Bioxytran, Inc",US,True,2026-05-03 12:13:06.040319+00:00
14887,PAIYY,Aesthetic Medical International Holdings Group Ltd,US,True,2026-05-03 12:13:06.040319+00:00
14888,MNDR,Mobile-Health Network Solutions,US,True,2026-05-03 12:13:06.040319+00:00
14889,WLDS,Wearable Devices Ltd.,US,True,2026-05-03 12:13:06.040319+00:00
14890,VIVS,"Vivosim Labs, Inc.",US,True,2026-05-03 12:13:06.040319+00:00
14891,VEEE,"Twin Vee Powercats, Co.",US,True,2026-05-03 12:13:06.040319+00:00
14892,SHFS,"Shf Holdings, Inc.",US,True,2026-05-03 12:13:06.040319+00:00
14893,ENSC,"Ensysce Biosciences, Inc.",US,True,2026-05-03 12:13:06.040319+00:00
14894,RMESF,"Red Metal Resources, Ltd.",US,True,2026-05-03 12:13:06.040319+00:00
14895,XRTX,Xortx Therapeutics Inc.,US,True,2026-05-03 12:13:06.040319+00:00
14896,MSS,Maison Solutions Inc.,US,True,2026-05-03 12:13:06.040319+00:00
14897,HIHO,Highway Holdings Ltd,US,True,2026-05-03 12:13:06.040319+00:00
14898,PUBC,Purebase Corp,US,True,2026-05-03 12:13:06.040319+00:00
14899,CAPS,Capstone Holding Corp.,US,True,2026-05-03 12:13:06.040319+00:00
14900,ALZN,"Alzamend Neuro, Inc.",US,True,2026-05-03 12:13:06.040319+00:00
14901,CTTH,"Ctt Pharmaceutical Holdings, Inc.",US,True,2026-05-03 12:13:06.040319+00:00
14902,VCIG,Vci Global Ltd,US,True,2026-05-03 12:13:06.040319+00:00
14903,RDHL,Redhill Biopharma Ltd.,US,True,2026-05-03 12:13:06.040319+00:00
14904,SLXN,Silexion Therapeutics Corp,US,True,2026-05-03 12:13:06.040319+00:00
14905,AIPG,Ai Technology Group Inc.,US,True,2026-05-03 12:13:06.040319+00:00
14906,EZRA,"Reliance Global Group, Inc.",US,True,2026-05-03 12:13:06.040319+00:00
14907,BAOS,Baosheng Media Group Holdings Ltd,US,True,2026-05-03 12:13:06.040319+00:00
14908,WTO,Utime Ltd,US,True,2026-05-03 12:13:06.040319+00:00
14909,TOFB,Tofutti Brands Inc,US,True,2026-05-03 12:13:06.040319+00:00
14910,CIMG,Cimg Inc.,US,True,2026-05-03 12:13:06.040319+00:00
14911,HTCR,"Heartcore Enterprises, Inc.",US,True,2026-05-03 12:13:06.040319+00:00
14912,RAYA,Erayak Power Solution Group Inc.,US,True,2026-05-03 12:13:06.040319+00:00
14913,SNOA,"Sonoma Pharmaceuticals, Inc.",US,True,2026-05-03 12:13:06.040319+00:00
14914,AIM,Aim Immunotech Inc.,US,True,2026-05-03 12:13:06.040319+00:00
14915,ARTL,"Artelo Biosciences, Inc.",US,True,2026-05-03 12:13:06.040319+00:00
14916,ZSPC,"Zspace, Inc.",US,True,2026-05-03 12:13:06.040319+00:00
14917,GEDC,"Calethos, Inc.",US,True,2026-05-03 12:13:06.040319+00:00
14918,SBLX,"Stablex Technologies, Inc.",US,True,2026-05-03 12:13:06.040319+00:00
14919,AMBIQ,Ambipar Emergency Response,US,True,2026-05-03 12:13:06.040319+00:00
14920,AEMD,Aethlon Medical Inc,US,True,2026-05-03 12:13:06.040319+00:00
14921,PNYG,Pony Group Inc.,US,True,2026-05-03 12:13:06.040319+00:00
14922,LVRLF,Cordovacann Corp.,US,True,2026-05-03 12:13:06.040319+00:00
14923,SNRG,Susglobal Energy Corp.,US,True,2026-05-03 12:13:06.040319+00:00
14924,CRCE,"Circle Energy, Inc./Nv",US,True,2026-05-03 12:13:06.040319+00:00
14925,GRI,"Gri Bio, Inc.",US,True,2026-05-03 12:13:06.040319+00:00
14926,SGLY,Singularity Future Technology Ltd.,US,True,2026-05-03 12:13:06.040319+00:00
14927,BRQSF,"Borqs Technologies, Inc.",US,True,2026-05-03 12:13:06.040319+00:00
14928,PGOL,Patriot Gold Corp,US,True,2026-05-03 12:13:06.040319+00:00
14929,IPSI,"Innovative Payment Solutions, Inc.",US,True,2026-05-03 12:13:06.040319+00:00
14930,XCRT,"Xcelerate, Inc.",US,True,2026-05-03 12:13:06.040319+00:00
14931,KCRD,"Kindcard, Inc.",US,True,2026-05-03 12:13:06.040319+00:00
14932,QWTR,"Quest Water Global, Inc.",US,True,2026-05-03 12:13:06.040319+00:00
14933,IWSH,"Wright Investors Service Holdings, Inc.",US,True,2026-05-03 12:13:06.040319+00:00
14934,MTNB,"Matinas Biopharma Holdings, Inc.",US,True,2026-05-03 12:13:06.040319+00:00
14935,VIZNF,Visionary Metals Corp.,US,True,2026-05-03 12:13:06.040319+00:00
14936,CASIF,"Casi Pharmaceuticals, Inc.",US,True,2026-05-03 12:13:06.040319+00:00
14937,NCRA,"Nocera, Inc.",US,True,2026-05-03 12:13:06.040319+00:00
14938,BYAH,"Park Ha Biological Technology Co., Ltd.",US,True,2026-05-03 12:13:06.040319+00:00
14939,FLYE,"Fly-E Group, Inc.",US,True,2026-05-03 12:13:06.040319+00:00
14940,ICON,Icon Energy Corp,US,True,2026-05-03 12:13:06.040319+00:00
14941,NXTS,Nexentis Technologies Inc.,US,True,2026-05-03 12:13:06.040319+00:00
14942,BTOG,Bit Origin Ltd,US,True,2026-05-03 12:13:06.040319+00:00
14943,SPRC,Scisparc Ltd.,US,True,2026-05-03 12:13:06.040319+00:00
14944,AZTR,"Azitra, Inc.",US,True,2026-05-03 12:13:06.040319+00:00
14945,GEGP,Gold Enterprise Group Inc,US,True,2026-05-03 12:13:06.040319+00:00
14946,XITO,"Xenous Holdings, Inc.",US,True,2026-05-03 12:13:06.040319+00:00
14947,TIVC,"Tivic Health Systems, Inc.",US,True,2026-05-03 12:13:06.040319+00:00
14948,ALBT,Avalon Globocare Corp.,US,True,2026-05-03 12:13:06.040319+00:00
14949,IPST,"Ip Strategy Holdings, Inc.",US,True,2026-05-03 12:13:06.040319+00:00
14950,BQ,Boqii Holding Ltd,US,True,2026-05-03 12:13:06.040319+00:00
14951,NYMXF,Nymox Pharmaceutical Corp,US,True,2026-05-03 12:13:06.040319+00:00
14952,TRUG,"Trugolf Holdings, Inc.",US,True,2026-05-03 12:13:06.040319+00:00
14953,SBEV,"Splash Beverage Group, Inc.",US,True,2026-05-03 12:13:06.040319+00:00
14954,GOVX,"Geovax Labs, Inc.",US,True,2026-05-03 12:13:06.040319+00:00
14955,ZNB,Zeta Network Group,US,True,2026-05-03 12:13:06.040319+00:00
14956,SDOT,Sadot Group Inc.,US,True,2026-05-03 12:13:06.040319+00:00
14957,SYGCF,Sylla Gold Corp.,US,True,2026-05-03 12:13:06.040319+00:00
14958,FUNI,"Hypha Labs, Inc.",US,True,2026-05-03 12:13:06.040319+00:00
14959,PLTYF,"Plastec Technologies, Ltd.",US,True,2026-05-03 12:13:06.040319+00:00
14960,TUTH,Standard Dental Labs Inc.,US,True,2026-05-03 12:13:06.040319+00:00
14961,ITP,"It Tech Packaging, Inc.",US,True,2026-05-03 12:13:06.040319+00:00
14962,GWAV,"Greenwave Technology Solutions, Inc.",US,True,2026-05-03 12:13:06.040319+00:00
14963,NCPL,Netcapital Inc.,US,True,2026-05-03 12:13:06.040319+00:00
14964,IVDA,"Iveda Solutions, Inc.",US,True,2026-05-03 12:13:06.040319+00:00
14965,FMHS,"Farmhouse, Inc. /Nv",US,True,2026-05-03 12:13:06.040319+00:00
14966,RTCJF,Baijiayun Group Ltd,US,True,2026-05-03 12:13:06.040319+00:00
14967,MYSZ,"My Size, Inc.",US,True,2026-05-03 12:13:06.040319+00:00
14968,HIGR,Hi-Great Group Holding Co,US,True,2026-05-03 12:13:06.040319+00:00
14969,REOS,Reostar Energy Corp,US,True,2026-05-03 12:13:06.040319+00:00
14970,GPUSF,Alset Capital Inc.,US,True,2026-05-03 12:13:06.040319+00:00
14971,TNMG,Tnl Mediagene,US,True,2026-05-03 12:13:06.040319+00:00
14972,SRKZF,Sky Gold Corp.,US,True,2026-05-03 12:13:06.040319+00:00
14973,GREH,Green Rain Energy Holdings Inc.,US,True,2026-05-03 12:13:06.040319+00:00
14974,DCOY,Decoy Therapeutics Inc.,US,True,2026-05-03 12:13:06.040319+00:00
14975,UCAR,U Power Ltd,US,True,2026-05-03 12:13:06.040319+00:00
14976,PW,Power Reit,US,True,2026-05-03 12:13:06.040319+00:00
14977,TGNT,"Totaligent, Inc.",US,True,2026-05-03 12:13:06.040319+00:00
14978,HUBC,Hub Cyber Security Ltd.,US,True,2026-05-03 12:13:06.040319+00:00
14979,AUMN,Golden Minerals Co,US,True,2026-05-03 12:13:06.040319+00:00
14980,FDXTF,Fendx Technologies Inc.,US,True,2026-05-03 12:13:06.040319+00:00
14981,NUWE,"Nuwellis, Inc.",US,True,2026-05-03 12:13:06.040319+00:00
14982,MVNC,Marvion Inc.,US,True,2026-05-03 12:13:06.040319+00:00
14983,ALTX,Altex Industries Inc,US,True,2026-05-03 12:13:06.040319+00:00
14984,MEHA,Functional Brands Inc.,US,True,2026-05-03 12:13:06.040319+00:00
14985,WCUFF,World Copper Ltd.,US,True,2026-05-03 12:13:06.040319+00:00
14986,KRTL,Krtl Holding Group Inc,US,True,2026-05-03 12:13:06.040319+00:00
14987,TWNPQ,Twin Hospitality Group Inc.,US,True,2026-05-03 12:13:06.040319+00:00
14988,NVVE,Nuvve Holding Corp.,US,True,2026-05-03 12:13:06.040319+00:00
14989,SEAV,Seatech Ventures Corp.,US,True,2026-05-03 12:13:06.040319+00:00
14990,TBLLF,Tombill Mines Ltd,US,True,2026-05-03 12:13:06.040319+00:00
14991,PKTX,"Protokinetix, Inc.",US,True,2026-05-03 12:13:06.040319+00:00
14992,OGEN,Oragenics Inc,US,True,2026-05-03 12:13:06.040319+00:00
14993,BNBX,Bnb Plus Corp.,US,True,2026-05-03 12:13:06.040319+00:00
14994,LNKS,Linkers Industries Ltd,US,True,2026-05-03 12:13:06.040319+00:00
14995,CNRCF,Canter Resources Corp.,US,True,2026-05-03 12:13:06.040319+00:00
14996,AIOS,Aios Tech Inc.,US,True,2026-05-03 12:13:06.040319+00:00
14997,LINMF,Linear Minerals Corp,US,True,2026-05-03 12:13:06.040319+00:00
14998,PFSA,"Profusa, Inc.",US,True,2026-05-03 12:13:06.040319+00:00
14999,LIFD,Lftd Partners Inc.,US,True,2026-05-03 12:13:06.040319+00:00
15000,XONI,"Xtreme One Entertainment, Inc.",US,True,2026-05-03 12:13:06.040319+00:00
15001,BZYR,Burzynski Research Institute Inc,US,True,2026-05-03 12:13:06.040319+00:00
15002,LBSR,Liberty Star Uranium & Metals Corp.,US,True,2026-05-03 12:13:06.040319+00:00
15003,OVTZ,Oculus Inc.,US,True,2026-05-03 12:13:06.040319+00:00
15004,BDRX,Biodexa Pharmaceuticals Plc,US,True,2026-05-03 12:13:06.040319+00:00
15005,VPER,Viper Networks Inc,US,True,2026-05-03 12:13:06.040319+00:00
15006,VSME,Vs Media Holdings Ltd,US,True,2026-05-03 12:13:06.040319+00:00
15007,JEM,707 Cayman Holdings Ltd.,US,True,2026-05-03 12:13:06.040319+00:00
15008,ORIS,Oriental Rise Holdings Ltd,US,True,2026-05-03 12:13:06.040319+00:00
15009,BSPK,"Bespoke Extracts, Inc.",US,True,2026-05-03 12:13:06.040319+00:00
15010,HCWB,Hcw Biologics Inc.,US,True,2026-05-03 12:13:06.040319+00:00
15011,VTAK,"Catheter Precision, Inc.",US,True,2026-05-03 12:13:06.040319+00:00
15012,FRGT,"Freight Technologies, Inc.",US,True,2026-05-03 12:13:06.040319+00:00
15013,WHLT,Chase Packaging Corp,US,True,2026-05-03 12:13:06.040319+00:00
15014,CHR,"Cheer Holding, Inc.",US,True,2026-05-03 12:13:06.040319+00:00
15015,BBLG,Bone Biologics Corp,US,True,2026-05-03 12:13:06.040319+00:00
15016,QHUOY,Quhuo Ltd,US,True,2026-05-03 12:13:06.040319+00:00
15017,GNLN,"Greenlane Holdings, Inc.",US,True,2026-05-03 12:13:06.040319+00:00
15018,PPCB,"Propanc Biopharma, Inc.",US,True,2026-05-03 12:13:06.040319+00:00
15019,ATPC,Agape Atp Corp,US,True,2026-05-03 12:13:06.040319+00:00
15020,IMCC,Im Cannabis Corp.,US,True,2026-05-03 12:13:06.040319+00:00
15021,ZONE,"Cleancore Solutions, Inc.",US,True,2026-05-03 12:13:06.040319+00:00
15022,CYAN,Cyanotech Corp,US,True,2026-05-03 12:13:06.040319+00:00
15023,CLDI,"Calidi Biotherapeutics, Inc.",US,True,2026-05-03 12:13:06.040319+00:00
15024,CLRI,"Cleartronic, Inc.",US,True,2026-05-03 12:13:06.040319+00:00
15025,ASNS,Actelis Networks Inc,US,True,2026-05-03 12:13:06.040319+00:00
15026,CNET,Zw Data Action Technologies Inc.,US,True,2026-05-03 12:13:06.040319+00:00
15027,INM,Inmed Pharmaceuticals Inc.,US,True,2026-05-03 12:13:06.040319+00:00
15028,GRHI,"Gold Rock Holdings, Inc.",US,True,2026-05-03 12:13:06.040319+00:00
15029,CPMV,Mosaic Immunoengineering Inc.,US,True,2026-05-03 12:13:06.040319+00:00
15030,RUBI,Rubico Inc.,US,True,2026-05-03 12:13:06.040319+00:00
15031,IMTE,Integrated Media Technology Ltd,US,True,2026-05-03 12:13:06.040319+00:00
15032,LUVU,"Luvu Brands, Inc.",US,True,2026-05-03 12:13:06.040319+00:00
15033,KSEZ,Kinetic Seas Inc.,US,True,2026-05-03 12:13:06.040319+00:00
15034,NVSGF,Nevada Sunrise Metals Corp.,US,True,2026-05-03 12:13:06.040319+00:00
15035,RKDA,"Arcadia Biosciences, Inc.",US,True,2026-05-03 12:13:06.040319+00:00
15036,SENR,"Strategic Environmental & Energy Resources, Inc.",US,True,2026-05-03 12:13:06.040319+00:00
15037,ADIL,"Adial Pharmaceuticals, Inc.",US,True,2026-05-03 12:13:06.040319+00:00
15038,PMHS,"Polomar Health Services, Inc.",US,True,2026-05-03 12:13:06.040319+00:00
15039,PREM,Premier Air Charter Holdings Inc.,US,True,2026-05-03 12:13:06.040319+00:00
15040,MMEX,Mmex Resources Corp,US,True,2026-05-03 12:13:06.040319+00:00
15041,BIYA,Baiya International Group Inc.,US,True,2026-05-03 12:13:06.040319+00:00
15042,TRNR,"Interactive Strength, Inc.",US,True,2026-05-03 12:13:06.040319+00:00
15043,AGSS,"Ameriguard Security Services, Inc.",US,True,2026-05-03 12:13:06.040319+00:00
15044,IBG,Innovation Beverage Group Ltd,US,True,2026-05-03 12:13:06.040319+00:00
15045,ELPW,Elong Power Holding Ltd.,US,True,2026-05-03 12:13:06.040319+00:00
15046,VMAR,Vision Marine Technologies Inc.,US,True,2026-05-03 12:13:06.040319+00:00
15047,CISS,C3Is Inc.,US,True,2026-05-03 12:13:06.040319+00:00
15048,ELVG,"Elvictor Group, Inc.",US,True,2026-05-03 12:13:06.040319+00:00
15049,PRFX,Prf Technologies Ltd.,US,True,2026-05-03 12:13:06.040319+00:00
15050,KUST,"Kustom Entertainment, Inc.",US,True,2026-05-03 12:13:06.040319+00:00
15051,CCTG,Ccsc Technology International Holdings Ltd,US,True,2026-05-03 12:13:06.040319+00:00
15052,LBGJ,Li Bang International Corp Inc.,US,True,2026-05-03 12:13:06.040319+00:00
15053,VIIQ,Visitiq Corp.,US,True,2026-05-03 12:13:06.040319+00:00
15054,AGMH,"Agm Group Holdings, Inc.",US,True,2026-05-03 12:13:06.040319+00:00
15055,DOGP,"Dogecoin Cash, Inc.",US,True,2026-05-03 12:13:06.040319+00:00
15056,AUUD,Auddia Inc.,US,True,2026-05-03 12:13:06.040319+00:00
15057,CPMD,"Cannapharmarx, Inc.",US,True,2026-05-03 12:13:06.040319+00:00
15058,ROIUF,Route1 Inc.,US,True,2026-05-03 12:13:06.040319+00:00
15059,DRCT,"Direct Digital Holdings, Inc.",US,True,2026-05-03 12:13:06.040319+00:00
15060,ZHDM,Ainnova Tech,US,True,2026-05-03 12:13:06.040319+00:00
15061,CRUCF,Colibri Resource Corp,US,True,2026-05-03 12:13:06.040319+00:00
15062,GTCH,Gbt Technologies Inc.,US,True,2026-05-03 12:13:06.040319+00:00
15063,UK,Ucommune International Ltd,US,True,2026-05-03 12:13:06.040319+00:00
15064,DXF,Eason Technology Ltd,US,True,2026-05-03 12:13:06.040319+00:00
15065,KIDZ,"Classover Holdings, Inc.",US,True,2026-05-03 12:13:06.040319+00:00
15066,CNSP,"Cns Pharmaceuticals, Inc.",US,True,2026-05-03 12:13:06.040319+00:00
15067,TCRI,"Techcom, Inc.",US,True,2026-05-03 12:13:06.040319+00:00
15068,SCNI,Scinai Immunotherapeutics Ltd.,US,True,2026-05-03 12:13:06.040319+00:00
15069,BJDX,"Bluejay Diagnostics, Inc.",US,True,2026-05-03 12:13:06.040319+00:00
15070,MDLK,Modulink Inc.,US,True,2026-05-03 12:13:06.040319+00:00
15071,CMND,Clearmind Medicine Inc.,US,True,2026-05-03 12:13:06.040319+00:00
15072,SXTC,"China Sxt Pharmaceuticals, Inc.",US,True,2026-05-03 12:13:06.040319+00:00
15073,RDGT,Ridgetech Inc.,US,True,2026-05-03 12:13:06.040319+00:00
15074,AEHL,Antelope Enterprise Holdings Ltd,US,True,2026-05-03 12:13:06.040319+00:00
15075,NCT,Intercont (Cayman) Ltd,US,True,2026-05-03 12:13:06.040319+00:00
15076,DEFG,Grayscale Decentralized Finance (Defi) Fund Llc,US,True,2026-05-03 12:13:06.040319+00:00
15077,ZVSA,"Zyversa Therapeutics, Inc.",US,True,2026-05-03 12:13:06.040319+00:00
15078,WTER,Alkaline Water Co Inc,US,True,2026-05-03 12:13:06.040319+00:00
15079,UPC,Universe Pharmaceuticals Inc,US,True,2026-05-03 12:13:06.040319+00:00
15080,AGTX,Agentix Corp.,US,True,2026-05-03 12:13:06.040319+00:00
15081,MASK,3 E Network Technology Group Ltd,US,True,2026-05-03 12:13:06.040319+00:00
15082,NEXR,Nexera Technologies Ltd,US,True,2026-05-03 12:13:06.040319+00:00
15083,AKAN,Akanda Corp.,US,True,2026-05-03 12:13:06.040319+00:00
15084,SKVI,"Skinvisible, Inc.",US,True,2026-05-03 12:13:06.040319+00:00
15085,ATXI,"Avenue Therapeutics, Inc.",US,True,2026-05-03 12:13:06.040319+00:00
15086,EEGI,"Eline Entertainment Group, Inc.",US,True,2026-05-03 12:13:06.040319+00:00
15087,YBGJ,Yubo International Biotech Ltd,US,True,2026-05-03 12:13:06.040319+00:00
15088,VPRB,"Vpr Brands, Lp.",US,True,2026-05-03 12:13:06.040319+00:00
15089,MITI,"Mitesco, Inc.",US,True,2026-05-03 12:13:06.040319+00:00
15090,BNRG,Brenmiller Energy Ltd.,US,True,2026-05-03 12:13:06.040319+00:00
15091,FUST,Fuse Group Holding Inc.,US,True,2026-05-03 12:13:06.040319+00:00
15092,CTNT,Cheetah Net Supply Chain Service Inc.,US,True,2026-05-03 12:13:06.040319+00:00
15093,CMBMF,Cambium Networks Corp,US,True,2026-05-03 12:13:06.040319+00:00
15094,MTEN,Mingteng International Corp Inc.,US,True,2026-05-03 12:13:06.040319+00:00
15095,ESMC,Escalon Medical Corp,US,True,2026-05-03 12:13:06.040319+00:00
15096,PAVS,Paranovus Entertainment Technology Ltd.,US,True,2026-05-03 12:13:06.040319+00:00
15097,XXII,"22Nd Century Group, Inc.",US,True,2026-05-03 12:13:06.040319+00:00
15098,BVAXF,Biovaxys Technology Corp.,US,True,2026-05-03 12:13:06.040319+00:00
15099,BABYF,Else Nutrition Holdings Inc.,US,True,2026-05-03 12:13:06.040319+00:00
15100,INHD,Inno Holdings Inc.,US,True,2026-05-03 12:13:06.040319+00:00
15101,GIPR,"Generation Income Properties, Inc.",US,True,2026-05-03 12:13:06.040319+00:00
15102,OMQS,Omniq Corp.,US,True,2026-05-03 12:13:06.040319+00:00
15103,TRGXF,Terra Rossa Gold Ltd.,US,True,2026-05-03 12:13:06.040319+00:00
15104,FBCD,"Fbc Holding, Inc.",US,True,2026-05-03 12:13:06.040319+00:00
15105,NFSN,"Nongfu Shop Digital New Retail Co., Ltd",US,True,2026-05-03 12:13:06.040319+00:00
15106,WOK,Work Medical Technology Group Ltd,US,True,2026-05-03 12:13:06.040319+00:00
15107,FECOF,Fec Resources Inc.,US,True,2026-05-03 12:13:06.040319+00:00
15108,GTLL,Global Technologies Ltd,US,True,2026-05-03 12:13:06.040319+00:00
15109,ISCO,International Stem Cell Corp,US,True,2026-05-03 12:13:06.040319+00:00
15110,GCTK,"Glucotrack, Inc.",US,True,2026-05-03 12:13:06.040319+00:00
15111,FFLO,"Free Flow Usa, Inc.",US,True,2026-05-03 12:13:06.040319+00:00
15112,VISM,"Visium Technologies, Inc.",US,True,2026-05-03 12:13:06.040319+00:00
15113,CNTM,"Connectm Technology Solutions, Inc.",US,True,2026-05-03 12:13:06.040319+00:00
15114,GRNL,Greenlite Ventures Inc,US,True,2026-05-03 12:13:06.040319+00:00
15115,DTCKF,Davis Commodities Ltd,US,True,2026-05-03 12:13:06.040319+00:00
15116,LYRA,"Lyra Therapeutics, Inc.",US,True,2026-05-03 12:13:06.040319+00:00
15117,XAGE,"Longevity Health Holdings, Inc.",US,True,2026-05-03 12:13:06.040319+00:00
15118,IPW,Ipower Inc.,US,True,2026-05-03 12:13:06.040319+00:00
15119,JZXN,"Jiuzi Holdings, Inc.",US,True,2026-05-03 12:13:06.040319+00:00
15120,LQWC,Lifequest World Corp.,US,True,2026-05-03 12:13:06.040319+00:00
15121,OZSC,"Ozop Energy Solutions, Inc.",US,True,2026-05-03 12:13:06.040319+00:00
15122,QPRC,Quest Patent Research Corp,US,True,2026-05-03 12:13:06.040319+00:00
15123,MGAM,"Mobile Global Esports, Inc.",US,True,2026-05-03 12:13:06.040319+00:00
15124,ADNH,"Advent Technologies Holdings, Inc.",US,True,2026-05-03 12:13:06.040319+00:00
15125,PTIX,"Protagenic Therapeutics, Inc.New",US,True,2026-05-03 12:13:06.040319+00:00
15126,SETO,Seto Holdings Inc,US,True,2026-05-03 12:13:06.040319+00:00
15127,LSBCF,"Lakeshore Biopharma Co., Ltd.",US,True,2026-05-03 12:13:06.040319+00:00
15128,NIVF,Newgenivf Group Ltd,US,True,2026-05-03 12:13:06.040319+00:00
15129,BRVO,Bravo Multinational Inc.,US,True,2026-05-03 12:13:06.040319+00:00
15130,LBUY,"Leafbuyer Technologies, Inc.",US,True,2026-05-03 12:13:06.040319+00:00
15131,GV,Visionary Holdings Inc.,US,True,2026-05-03 12:13:06.040319+00:00
15132,SKFG,"Stark Focus Group, Inc.",US,True,2026-05-03 12:13:06.040319+00:00
15133,WHLR,"Wheeler Real Estate Investment Trust, Inc.",US,True,2026-05-03 12:13:06.040319+00:00
15134,CBDL,Cbd Life Sciences Inc.,US,True,2026-05-03 12:13:06.040319+00:00
15135,CUEN,Cuentas Inc.,US,True,2026-05-03 12:13:06.040319+00:00
15136,TLSS,"Transportation & Logistics Systems, Inc.",US,True,2026-05-03 12:13:06.040319+00:00
15137,PTOS,"P2 Solar, Inc.",US,True,2026-05-03 12:13:06.040319+00:00
15138,CERO,"Cero Therapeutics Holdings, Inc.",US,True,2026-05-03 12:13:06.040319+00:00
15139,WORX,Scworx Corp.,US,True,2026-05-03 12:13:06.040319+00:00
15140,ASFT,"Appsoft Technologies, Inc.",US,True,2026-05-03 12:13:06.040319+00:00
15141,EVFM,"Evofem Biosciences, Inc.",US,True,2026-05-03 12:13:06.040319+00:00
15142,MNTR,"Mentor Capital, Inc.",US,True,2026-05-03 12:13:06.040319+00:00
15143,MDCE,Medical Care Technologies Inc.,US,True,2026-05-03 12:13:06.040319+00:00
15144,MTLK,Metalink Ltd,US,True,2026-05-03 12:13:06.040319+00:00
15145,CBMJ,"Conservative Broadcast Media & Publishing, Inc.",US,True,2026-05-03 12:13:06.040319+00:00
15146,VHAI,Vocodia Holdings Corp,US,True,2026-05-03 12:13:06.040319+00:00
15147,EDBL,Edible Garden Ag Inc,US,True,2026-05-03 12:13:06.040319+00:00
15148,GBUX,"Givbux, Inc.",US,True,2026-05-03 12:13:06.040319+00:00
15149,BMTM,"Bright Mountain Media, Inc.",US,True,2026-05-03 12:13:06.040319+00:00
15150,PTCO,Petrogas Co,US,True,2026-05-03 12:13:06.040319+00:00
15151,ZCAR,"Zoomcar Holdings, Inc.",US,True,2026-05-03 12:13:06.040319+00:00
15152,ASBP,"Aspire Biopharma Holdings, Inc.",US,True,2026-05-03 12:13:06.040319+00:00
15153,ARBK,Argo Blockchain Plc,US,True,2026-05-03 12:13:06.040319+00:00
15154,SOBR,"Sobr Safe, Inc.",US,True,2026-05-03 12:13:06.040319+00:00
15155,AYRWF,Ayr Wellness Inc.,US,True,2026-05-03 12:13:06.040319+00:00
15156,CBDY,Target Group Inc.,US,True,2026-05-03 12:13:06.040319+00:00
15157,NUMD,"Nu-Med Plus, Inc.",US,True,2026-05-03 12:13:06.040319+00:00
15158,DPLS,"Darkpulse, Inc.",US,True,2026-05-03 12:13:06.040319+00:00
15159,VRAX,Virax Biolabs Group Ltd,US,True,2026-05-03 12:13:06.040319+00:00
15160,LRHC,La Rosa Holdings Corp.,US,True,2026-05-03 12:13:06.040319+00:00
15161,NULGF,Nulegacy Gold Corp,US,True,2026-05-03 12:13:06.040319+00:00
15162,CMRF,"Cim Real Estate Finance Trust, Inc.",US,True,2026-05-03 12:13:06.040319+00:00
15163,ENRT,Enertopia Corp.,US,True,2026-05-03 12:13:06.040319+00:00
15164,ABPO,"Abpro Holdings, Inc.",US,True,2026-05-03 12:13:06.040319+00:00
15165,QIND,Quality Industrial Corp.,US,True,2026-05-03 12:13:06.040319+00:00
15166,HSTA,Hestia Insight Inc.,US,True,2026-05-03 12:13:06.040319+00:00
15167,FGL,Founder Group Ltd,US,True,2026-05-03 12:13:06.040319+00:00
15168,MRPT,Macreport Net Inc,US,True,2026-05-03 12:13:06.040319+00:00
15169,AKOM,Akom Inc.,US,True,2026-05-03 12:13:06.040319+00:00
15170,MCOM,Micromobility.Com Inc.,US,True,2026-05-03 12:13:06.040319+00:00
15171,GMER,"Good Gaming, Inc.",US,True,2026-05-03 12:13:06.040319+00:00
15172,VIVC,Vivic Corp.,US,True,2026-05-03 12:13:06.040319+00:00
15173,NAFS,"Havana Roasters Coffee Companies, Inc.",US,True,2026-05-03 12:13:06.040319+00:00
15174,GNTOF,Gentor Resources Inc.,US,True,2026-05-03 12:13:06.040319+00:00
15175,ARRT,"Artisan Consumer Goods, Inc.",US,True,2026-05-03 12:13:06.040319+00:00
15176,RAKR,Rainmaker Worldwide Inc.,US,True,2026-05-03 12:13:06.040319+00:00
15177,DGTEF,Eat & Beyond Global Holdings Inc.,US,True,2026-05-03 12:13:06.040319+00:00
15178,NRHI,"Natural Resource Holdings, Inc.",US,True,2026-05-03 12:13:06.040319+00:00
15179,OWPC,"One World Products, Inc.",US,True,2026-05-03 12:13:06.040319+00:00
15180,HKIT,Hitek Global Inc.,US,True,2026-05-03 12:13:06.040319+00:00
15181,GMEX,Gmex Robotics Corp,US,True,2026-05-03 12:13:06.040319+00:00
15182,QSJC,"Tancheng Group Co., Ltd.",US,True,2026-05-03 12:13:06.040319+00:00
15183,DREM,Dream Homes & Development Corp.,US,True,2026-05-03 12:13:06.040319+00:00
15184,CLOW,"Cloudweb, Inc.",US,True,2026-05-03 12:13:06.040319+00:00
15185,EMMA,"Emmaus Life Sciences, Inc.",US,True,2026-05-03 12:13:06.040319+00:00
15186,NIHK,"Video River Networks, Inc.",US,True,2026-05-03 12:13:06.040319+00:00
15187,LNTO,Lelantos Holdings Inc.,US,True,2026-05-03 12:13:06.040319+00:00
15188,LITSF,Lithos Group Ltd.,US,True,2026-05-03 12:13:06.040319+00:00
15189,CNBX,Cnbx Pharmaceuticals Inc.,US,True,2026-05-03 12:13:06.040319+00:00
15190,TMGI,"Transglobal Management Group, Inc.",US,True,2026-05-03 12:13:06.040319+00:00
15191,DBMM,"Digital Brand Media & Marketing Group, Inc.",US,True,2026-05-03 12:13:06.040319+00:00
15192,FRZT,"Freeze Tag, Inc.",US,True,2026-05-03 12:13:06.040319+00:00
15193,TAAG,"Awareness Group, Inc.",US,True,2026-05-03 12:13:06.040319+00:00
15194,FMTOF,Femto Technologies Inc.,US,True,2026-05-03 12:13:06.040319+00:00
15195,WINT,Windtree Therapeutics Inc /De/,US,True,2026-05-03 12:13:06.040319+00:00
15196,PRPH,"Prophase Labs, Inc.",US,True,2026-05-03 12:13:06.040319+00:00
15197,EMBYF,Nexera Energy Inc.,US,True,2026-05-03 12:13:06.040319+00:00
15198,SBIG,"Springbig Holdings, Inc.",US,True,2026-05-03 12:13:06.040319+00:00
15199,CWPE,Cw Petroleum Corp,US,True,2026-05-03 12:13:06.040319+00:00
15200,FATAQ,"Fat Brands, Inc",US,True,2026-05-03 12:13:06.040319+00:00
15201,GFMH,Goliath Film & Media Holdings,US,True,2026-05-03 12:13:06.040319+00:00
15202,VGLS,Vg Life Sciences Inc.,US,True,2026-05-03 12:13:06.040319+00:00
15203,RMTG,Regenerative Medical Technology Group Inc.,US,True,2026-05-03 12:13:06.040319+00:00
15204,SPTY,"Specificity, Inc.",US,True,2026-05-03 12:13:06.040319+00:00
15205,CBDW,1606 Corp.,US,True,2026-05-03 12:13:06.040319+00:00
15206,IPTNF,Impact Analytics Inc.,US,True,2026-05-03 12:13:06.040319+00:00
15207,BPTH,"Bio-Path Holdings, Inc.",US,True,2026-05-03 12:13:06.040319+00:00
15208,MSPR,"Msp Recovery, Inc.",US,True,2026-05-03 12:13:06.040319+00:00
15209,IOBTQ,"Io Biotech, Inc.",US,True,2026-05-03 12:13:06.040319+00:00
15210,ONCO,"Onconetix, Inc.",US,True,2026-05-03 12:13:06.040319+00:00
15211,NSTM,Novelstem International Corp.,US,True,2026-05-03 12:13:06.040319+00:00
15212,SKYI,"Sky Century Investment, Inc.",US,True,2026-05-03 12:13:06.040319+00:00
15213,ITOX,"Iiot-Oxys, Inc.",US,True,2026-05-03 12:13:06.040319+00:00
15214,HEPA,"Hepion Pharmaceuticals, Inc.",US,True,2026-05-03 12:13:06.040319+00:00
15215,AIBT,"Aibotics, Inc.",US,True,2026-05-03 12:13:06.040319+00:00
15216,STAI,Scantech Ai Systems Inc.,US,True,2026-05-03 12:13:06.040319+00:00
15217,SLDC,"Solidus Communications, Inc.",US,True,2026-05-03 12:13:06.040319+00:00
15218,CSUI,Cannabis Suisse Corp.,US,True,2026-05-03 12:13:06.040319+00:00
15219,LGHL,Lion Group Holding Ltd,US,True,2026-05-03 12:13:06.040319+00:00
15220,GRVE,Groove Botanicals Inc.,US,True,2026-05-03 12:13:06.040319+00:00
15221,TIRXF,Tian Ruixiang Holdings Ltd,US,True,2026-05-03 12:13:06.040319+00:00
15222,BBLR,Bubblr Inc.,US,True,2026-05-03 12:13:06.040319+00:00
15223,JFIL,"Jubilant Flame International, Ltd",US,True,2026-05-03 12:13:06.040319+00:00
15224,LGMK,"Logicmark, Inc.",US,True,2026-05-03 12:13:06.040319+00:00
15225,ILST,International Star Inc,US,True,2026-05-03 12:13:06.040319+00:00
15226,SATT,Sativus Tech Corp.,US,True,2026-05-03 12:13:06.040319+00:00
15227,FOXO,Foxo Technologies Inc.,US,True,2026-05-03 12:13:06.040319+00:00
15228,CYTOF,Altamira Therapeutics Ltd.,US,True,2026-05-03 12:13:06.040319+00:00
15229,NMHI,Nature'S Miracle Holding Inc.,US,True,2026-05-03 12:13:06.040319+00:00
15230,NNAX,New Momentum Corp.,US,True,2026-05-03 12:13:06.040319+00:00
15231,CLDVF,Cloud3 Ventures Inc.,US,True,2026-05-03 12:13:06.040319+00:00
15232,FCHL,Fitness Champs Holdings Ltd,US,True,2026-05-03 12:13:06.040319+00:00
15233,WNLV,Winvest Group Ltd,US,True,2026-05-03 12:13:06.040319+00:00
15234,GPLB,Green Planet Bio Engineering Co. Ltd.,US,True,2026-05-03 12:13:06.040319+00:00
15235,ETUGF,E2Gold Inc.,US,True,2026-05-03 12:13:06.040319+00:00
15236,SNBH,Sentient Brands Holdings Inc.,US,True,2026-05-03 12:13:06.040319+00:00
15237,FYNN,Fyntechnical Innovations Inc,US,True,2026-05-03 12:13:06.040319+00:00
15238,ADTX,"Aditxt, Inc.",US,True,2026-05-03 12:13:06.040319+00:00
15239,ZAPPF,Zapp Electric Vehicles Group Ltd,US,True,2026-05-03 12:13:06.040319+00:00
15240,GRXXF,Critical Reagent Processing Corp.,US,True,2026-05-03 12:13:06.040319+00:00
15241,PTPI,"Petros Pharmaceuticals, Inc.",US,True,2026-05-03 12:13:06.040319+00:00
15242,ATDS,"Data443 Risk Mitigation, Inc.",US,True,2026-05-03 12:13:06.040319+00:00
15243,ESHSF,Eddy Smart Home Solutions Ltd.,US,True,2026-05-03 12:13:06.040319+00:00
15244,SPOWF,Strata Power Corp,US,True,2026-05-03 12:13:06.040319+00:00
15245,OMTK,Omnitek Engineering Corp,US,True,2026-05-03 12:13:06.040319+00:00
15246,ONAR,Onar Holding Corp,US,True,2026-05-03 12:13:06.040319+00:00
15247,BDCC,Blackwell 3D Construction Corp.,US,True,2026-05-03 12:13:06.040319+00:00
15248,CPTAF,Captivision Inc.,US,True,2026-05-03 12:13:06.040319+00:00
15249,HGAS,Global Gas Corp,US,True,2026-05-03 12:13:06.040319+00:00
15250,AOXY,Advanced Oxygen Technologies Inc,US,True,2026-05-03 12:13:06.040319+00:00
15251,NBND,Netbrands Corp.,US,True,2026-05-03 12:13:06.040319+00:00
15252,GNOLF,Genoil Inc,US,True,2026-05-03 12:13:06.040319+00:00
15253,LEEN,"Leopard Energy, Inc.",US,True,2026-05-03 12:13:06.040319+00:00
15254,ECPL,Ecoplus Inc,US,True,2026-05-03 12:13:06.040319+00:00
15255,KAVL,"Kaival Brands Innovations Group, Inc.",US,True,2026-05-03 12:13:06.040319+00:00
15256,IVPR,"Inspire Veterinary Partners, Inc.",US,True,2026-05-03 12:13:06.040319+00:00
15257,BDPT,"Bioadaptives, Inc.",US,True,2026-05-03 12:13:06.040319+00:00
15258,NGCG,"New Generation Consumer Group, Inc.",US,True,2026-05-03 12:13:06.040319+00:00
15259,GRPS,"Trans American Aquaculture, Inc",US,True,2026-05-03 12:13:06.040319+00:00
15260,GRLF,Green Leaf Innovations Inc,US,True,2026-05-03 12:13:06.040319+00:00
15261,ENFY,Enlightify Inc.,US,True,2026-05-03 12:13:06.040319+00:00
15262,BHATF,Blue Hat Interactive Entertainment Technology,US,True,2026-05-03 12:13:06.040319+00:00
15263,GCAN,"Greater Cannabis Company, Inc.",US,True,2026-05-03 12:13:06.040319+00:00
15264,CIRX,Cirtran Corp,US,True,2026-05-03 12:13:06.040319+00:00
15265,ALDA,Atlantica Inc,US,True,2026-05-03 12:13:06.040319+00:00
15266,SVVC,"Firsthand Technology Value Fund, Inc.",US,True,2026-05-03 12:13:06.040319+00:00
15267,BRST,"Broad Street Realty, Inc.",US,True,2026-05-03 12:13:06.040319+00:00
15268,RGBP,Regen Biopharma Inc,US,True,2026-05-03 12:13:06.040319+00:00
15269,QTTOY,Qutoutiao Inc.,US,True,2026-05-03 12:13:06.040319+00:00
15270,FCHS,"First Choice Healthcare Solutions, Inc.",US,True,2026-05-03 12:13:06.040319+00:00
15271,GTIJF,Graphjet Technology,US,True,2026-05-03 12:13:06.040319+00:00
15272,CMLS,Cumulus Media Inc,US,True,2026-05-03 12:13:06.040319+00:00
15273,LIPO,Lipella Pharmaceuticals Inc.,US,True,2026-05-03 12:13:06.040319+00:00
15274,CONC,Conectisys Corp,US,True,2026-05-03 12:13:06.040319+00:00
15275,BOTY,"Lingerie Fighting Championships, Inc.",US,True,2026-05-03 12:13:06.040319+00:00
15276,OCEA,"Ocean Biomedical, Inc.",US,True,2026-05-03 12:13:06.040319+00:00
15277,UOKAF,Mdjm Ltd,US,True,2026-05-03 12:13:06.040319+00:00
15278,LILMF,Lilium N.V.,US,True,2026-05-03 12:13:06.040319+00:00
15279,VIDA,Vida Global Inc.,US,True,2026-05-03 12:13:06.040319+00:00
15280,SIGY,"Sigyn Therapeutics, Inc.",US,True,2026-05-03 12:13:06.040319+00:00
15281,BINI,"Bollinger Innovations, Inc.",US,True,2026-05-03 12:13:06.040319+00:00
15282,GTIC,"Greentech Innovations, Inc.",US,True,2026-05-03 12:13:06.040319+00:00
15283,PNXP,Pineapple Express Cannabis Co,US,True,2026-05-03 12:13:06.040319+00:00
15284,LDTCF,Leddartech Holdings Inc.,US,True,2026-05-03 12:13:06.040319+00:00
15285,EMRH,Emerging Holdings Inc,US,True,2026-05-03 12:13:06.040319+00:00
15286,BMPA,"Bmp Ai Technologies, Inc.",US,True,2026-05-03 12:13:06.040319+00:00
15287,STEK,Stemtech Corp,US,True,2026-05-03 12:13:06.040319+00:00
15288,STBXF,Starbox Group Holdings Ltd.,US,True,2026-05-03 12:13:06.040319+00:00
15289,BSFC,Blue Star Foods Corp.,US,True,2026-05-03 12:13:06.040319+00:00
15290,YGMZF,Mingzhu Logistics Holdings Ltd,US,True,2026-05-03 12:13:06.040319+00:00
15291,CWNOF,Chineseworldnet Com Inc,US,True,2026-05-03 12:13:06.040319+00:00
15292,WLGSF,"Wang & Lee Group, Inc.",US,True,2026-05-03 12:13:06.040319+00:00
15293,BLMZF,Harrison Global Holdings Inc.,US,True,2026-05-03 12:13:06.040319+00:00
15294,PSUS,"Pershing Square Usa, Ltd.",US,True,2026-05-03 12:13:06.040319+00:00
15295,STRG,"Starguide Group, Inc.",US,True,2026-05-03 12:13:06.040319+00:00
15296,KMCM,Titan Holdings Corp.,US,True,2026-05-03 12:13:06.040319+00:00
15297,BID,Tribeca Strategic Acquisition Corp.,US,True,2026-05-03 12:13:06.040319+00:00
15298,AIAI,Aiai Holdings Corp,US,True,2026-05-03 12:13:06.040319+00:00
15299,TVIV,Texas Ventures Acquisition Iv Corp,US,True,2026-05-03 12:13:06.040319+00:00
15300,GOW,Gowell Energy Technology,US,True,2026-05-03 12:13:06.040319+00:00
15301,NYB,Nyb Holdings Ltd,US,True,2026-05-03 12:13:06.040319+00:00
15302,GHYP,Grayscale Hype Etf,US,True,2026-05-03 12:13:06.040319+00:00
15303,AKCLY,Aica Kogyo Co Limited/Adr,US,True,2026-05-03 12:13:06.040319+00:00
15304,HONA,Honeywell Aerospace Inc.,US,True,2026-05-03 12:13:06.040319+00:00
15305,PNIG,Pacipic Nexus Intellitech Group,US,True,2026-05-03 12:13:06.040319+00:00
15306,OTAI,Starlink Ai Acquisition Corp,US,True,2026-05-03 12:13:06.040319+00:00
15307,DPDSY,Dpc Dash Ltd/Adr,US,True,2026-05-03 12:13:06.040319+00:00
15308,VIRMF,Viridian Metals Inc.,US,True,2026-05-03 12:13:06.040319+00:00
15309,IBL,I Bella Perfect Inc.,US,True,2026-05-03 12:13:06.040319+00:00
15310,SBAQ,Subversive Bitcoin Acquisition Corp.,US,True,2026-05-03 12:13:06.040319+00:00
15311,PRSKY,Prairiesky Royalty Ltd/Adr,US,True,2026-05-03 12:13:06.040319+00:00
15312,GGRPY,Gpt Group/Adr,US,True,2026-05-03 12:13:06.040319+00:00
15313,AESP,Aeon Acquisition I Corp.,US,True,2026-05-03 12:13:06.040319+00:00
15314,FHFFY,Foshan Haitian Flavouring & Food Co Ltd./Adr,US,True,2026-05-03 12:13:06.040319+00:00
15315,KHOBF,Kheoba Ltd,US,True,2026-05-03 12:13:06.040319+00:00
15316,BAO,Bao Holding Ltd.,US,True,2026-05-03 12:13:06.040319+00:00
15317,STA,"Starton Holdings, Inc.",US,True,2026-05-03 12:13:06.040319+00:00
15318,CLBZ,Collab Z Inc.,US,True,2026-05-03 12:13:06.040319+00:00
15319,CLRLY,Central Retail Corp Public Co Limited/Adr,US,True,2026-05-03 12:13:06.040319+00:00
15320,MREGY,Meridian Energy Ltd/Adr,US,True,2026-05-03 12:13:06.040319+00:00
15321,RIKU,Riku Dining Group Ltd,US,True,2026-05-03 12:13:06.040319+00:00
15322,APEX,Apex Global Solutions Ltd,US,True,2026-05-03 12:13:06.040319+00:00
15323,FRLCY,Freelancer Ltd,US,True,2026-05-03 12:13:06.040319+00:00
15324,LILW,Little West Holdings Inc.,US,True,2026-05-03 12:13:06.040319+00:00
15325,SCBXY,Scb X Public Co Ltd,US,True,2026-05-03 12:13:06.040319+00:00
15326,CAPI,"Capstone 72, Inc.",US,True,2026-05-03 12:13:06.040319+00:00
15327,TOXR,21Shares Xrp Etf,US,True,2026-05-03 12:13:06.040319+00:00
15328,MGNO,"Magnolia Bancorp, Inc.",US,True,2026-05-03 12:13:06.040319+00:00
15329,PMHMY,Perfect Medical Health Management Ltd./Adr,US,True,2026-05-03 12:13:06.040319+00:00
15330,GXRP,Grayscale Xrp Trust Etf,US,True,2026-05-03 12:13:06.040319+00:00
15331,JNGDY,"Jingdong Industrials, Inc./Adr",US,True,2026-05-03 12:13:06.040319+00:00
15332,DGAC,Disciplined Growth Acquisition Corp,US,True,2026-05-03 12:13:06.040319+00:00
15333,CMPLY,Com7 Pcl/Adr,US,True,2026-05-03 12:13:06.040319+00:00
15334,EBGCY,Eastroc Beverage Group Co. Ltd/Adr,US,True,2026-05-03 12:13:06.040319+00:00
15335,NCLA,Nuclea Energy Inc.,US,True,2026-05-03 12:13:06.040319+00:00
15336,SICOF,Silverco Mining Ltd.,US,True,2026-05-03 12:13:06.040319+00:00
15337,RREV,Rre Ventures Acquisition Corp.,US,True,2026-05-03 12:13:06.040319+00:00
15338,BCLGY,Baltic Classifieds Group Plc/Adr,US,True,2026-05-03 12:13:06.040319+00:00
15339,NHIV,Newhold Investment Corp Iv,US,True,2026-05-03 12:13:06.040319+00:00
15340,GFTFF,Grafton Resources Inc.,US,True,2026-05-03 12:13:06.040319+00:00
15341,MRCO,Mercator Acquisition Corp.,US,True,2026-05-03 12:13:06.040319+00:00
15342,AFNDY,Allfunds Group Plc./Adr,US,True,2026-05-03 12:13:06.040319+00:00
15343,IPFX,Inflection Point Acquisition Corp. Vi,US,True,2026-05-03 12:13:06.040319+00:00
15344,BORAY,"Bora Pharmaceuticals Co., Ltd./Adr",US,True,2026-05-03 12:13:06.040319+00:00
15345,ANJFY,"Anjoy Foods Group Co., Ltd./Adr",US,True,2026-05-03 12:13:06.040319+00:00
15346,OBBCY,"Obic Business Consultants Co., Ltd./Adr",US,True,2026-05-03 12:13:06.040319+00:00
15347,MTLMY,Metallium Limited/Adr,US,True,2026-05-03 12:13:06.040319+00:00
15348,CRAUY,"Chery Automobile Co., Ltd./Adr",US,True,2026-05-03 12:13:06.040319+00:00
15349,HYRD,Hyperides Holdings Ltd,US,True,2026-05-03 12:13:06.040319+00:00
15350,AIOK,Ai Okto Corp.,US,True,2026-05-03 12:13:06.040319+00:00
15351,MPJPY,Metaplanet Inc.,US,True,2026-05-03 12:13:06.040319+00:00
15352,PGIM,Pgim Private Credit Fund,US,True,2026-05-03 12:13:06.040319+00:00
15353,TVCN,Tv Channels Network Inc.,US,True,2026-05-03 12:13:06.040319+00:00
15354,BRBF,Brb Foods Inc.,US,True,2026-05-03 12:13:06.040319+00:00
15355,FGO,Fg Holdings Ltd,US,True,2026-05-03 12:13:06.040319+00:00
15356,NRYCF,Nations Royalty Corp.,US,True,2026-05-03 12:13:06.040319+00:00
15357,ACGC,Acp Holdings Acquisition Corp.,US,True,2026-05-03 12:13:06.040319+00:00
15358,CAII,Collective Acquisition Corp. Ii,US,True,2026-05-03 12:13:06.040319+00:00
15359,IACQ,Irenic Acquisition Corp.,US,True,2026-05-03 12:13:06.040319+00:00
15360,MUYNY,Muyuan Foods Co. Ltd/Adr,US,True,2026-05-03 12:13:06.040319+00:00
15361,SICCY,"Sicc Co., Ltd./Adr",US,True,2026-05-03 12:13:06.040319+00:00
15362,BVGLY,Bellevue Gold Ltd./Adr,US,True,2026-05-03 12:13:06.040319+00:00
15363,JXIRY,Jiaxin International Resources Investment Limited/Adr,US,True,2026-05-03 12:13:06.040319+00:00
15364,HIFI,Hillhouse Frontier Holdings Inc.,US,True,2026-05-03 12:13:06.040319+00:00
15365,NEUT,Neutrans Inc.,US,True,2026-05-03 12:13:06.040319+00:00
15366,SAPUY,Saputo Inc./Adr,US,True,2026-05-03 12:13:06.040319+00:00
15367,BGHL,Billion Group Holdings Ltd,US,True,2026-05-03 12:13:06.040319+00:00
15368,CLNK,Bitwise Chainlink Etf,US,True,2026-05-03 12:13:06.040319+00:00
15369,BOT,"Robostrategy, Inc.",US,True,2026-05-03 12:13:06.040319+00:00
15370,USDE,Stablecoinx Inc.,US,True,2026-05-03 12:13:06.040319+00:00
15371,ADBT,"Advasa Holdings, Inc.",US,True,2026-05-03 12:13:06.040319+00:00
15372,RSMIY,Resolution Minerals Ltd/Adr,US,True,2026-05-03 12:13:06.040319+00:00
15373,SBCLY,Sumitomo Bakelite Co Limited/Adr,US,True,2026-05-03 12:13:06.040319+00:00
15374,AFNX,Afternext Acquisition I Corp.,US,True,2026-05-03 12:13:06.040319+00:00
15375,APAT,Asiapac Adtechinno Group Ltd,US,True,2026-05-03 12:13:06.040319+00:00
15376,SWBKY,Shawbrook Group Plc/Adr,US,True,2026-05-03 12:13:06.040319+00:00
15377,GBNB,Grayscale Bnb Etf,US,True,2026-05-03 12:13:06.040319+00:00
15378,JLZQ,"Xiamen Customized Elf Technology Co., Ltd.",US,True,2026-05-03 12:13:06.040319+00:00
15379,SCOP,Sprott Physical Copper Trust,US,True,2026-05-03 12:13:06.040319+00:00
15380,MMXGY,Minimax Group Inc./Adr,US,True,2026-05-03 12:13:06.040319+00:00
15381,KPET,Kpet Ultra Paceline Corp,US,True,2026-05-03 12:13:06.040319+00:00
15382,AWATY,Air Water Inc./Adr,US,True,2026-05-03 12:13:06.040319+00:00
15383,BWIV,Blue Water Acquisition Corp. Iv,US,True,2026-05-03 12:13:06.040319+00:00
15384,XE,"X-Energy, Inc.",US,True,2026-05-03 12:13:06.040319+00:00
15385,GLVPY,Glenveagh Properties Plc/Adr,US,True,2026-05-03 12:13:06.040319+00:00
15386,BKPOY,Bank Pekao S.A./Adr,US,True,2026-05-03 12:13:06.040319+00:00
15387,WXILY,"Wuxi Lead Intelligent Equipment Co., Ltd./Adr",US,True,2026-05-03 12:13:06.040319+00:00
15388,EULLY,European Lithium Ltd/Adr,US,True,2026-05-03 12:13:06.040319+00:00
15389,YKCLY,Yamato Kogyo Co. Ltd/Adr,US,True,2026-05-03 12:13:06.040319+00:00
15390,AIST,Ai Strategy Inc.,US,True,2026-05-03 12:13:06.040319+00:00
15391,SHILY,Shanghai Iluvatar Corex Semiconductor Co Ltd/Adr,US,True,2026-05-03 12:13:06.040319+00:00
15392,COAG,"Hemab Therapeutics Holdings, Inc.",US,True,2026-05-03 12:13:06.040319+00:00
15393,CVCPY,Cvc Capital Partners Plc/Adr,US,True,2026-05-03 12:13:06.040319+00:00
15394,FDXF,"Fedex Freight Holding Company, Inc.",US,True,2026-05-03 12:13:06.040319+00:00
15395,KERCY,Keisei Electric Railway Co. Ltd/Adr,US,True,2026-05-03 12:13:06.040319+00:00
15396,LABT,Lakewood-Amedex Biotherapeutics Inc.,US,True,2026-05-03 12:13:06.040319+00:00
15397,MDKR,Medikra Inc.,US,True,2026-05-03 12:13:06.040319+00:00
15398,RONE,"Reserveone Holdings, Inc.",US,True,2026-05-03 12:13:06.040319+00:00
15399,WENC,West Enclave Merger Corp.,US,True,2026-05-03 12:13:06.040319+00:00
15400,MCAH,Mountain Crest Acquisition 6 Corp.,US,True,2026-05-03 12:13:06.040319+00:00
15401,RACC,Research Alliance Corp Iii,US,True,2026-05-03 12:13:06.040319+00:00
15402,MNTGY,"Montage Technology Co., Ltd./Adr",US,True,2026-05-03 12:13:06.040319+00:00
15403,WSE,Wise Group Plc,US,True,2026-05-03 12:13:06.040319+00:00
15404,ETHB,Ishares Staked Ethereum Trust Etf,US,True,2026-05-03 12:13:06.040319+00:00
15405,KCAC-UN,Kensington Capital Acquisition Corp. Vi,US,True,2026-05-03 12:13:06.040319+00:00
15406,NTCMY,Natura Cosmeticos S.A./Adr,US,True,2026-05-03 12:13:06.040319+00:00
15407,NATNF,Nation Gold Corp.,US,True,2026-05-03 12:13:06.040319+00:00
15408,FRTRY,"Fortior Technology (Shenzhen) Co., Ltd./Adr",US,True,2026-05-03 12:13:06.040319+00:00
15409,BLDC,"Blockfusion Data Centers, Inc.",US,True,2026-05-03 12:13:06.040319+00:00
15410,UDUD,Udynamics Ltd,US,True,2026-05-03 12:13:06.040319+00:00
15411,OBOCY,Ottobock Se & Co. Kgaa/Adr,US,True,2026-05-03 12:13:06.040319+00:00
15412,TGRGF,Tiger Gold Corp.,US,True,2026-05-03 12:13:06.040319+00:00
15413,MZYX,Mozayyx Acquisition Corp.,US,True,2026-05-03 12:13:06.040319+00:00
15414,FFGG,Ff Global Holdings Ltd,US,True,2026-05-03 12:13:06.040319+00:00
15415,AMAN,Amanat Acquisition Corp.,US,True,2026-05-03 12:13:06.040319+00:00
15416,LTAFF,Lithium Africa Corp.,US,True,2026-05-03 12:13:06.040319+00:00
15417,PFSTY,Pfisterer Holdings Se/Adr,US,True,2026-05-03 12:13:06.040319+00:00
15418,ICGSF,Icg Silver & Gold Ltd.,US,True,2026-05-03 12:13:06.040319+00:00
15419,SKBBY,"Sichuan Kelun-Biotech Biopharmaceutical Co., Ltd./Adr",US,True,2026-05-03 12:13:06.040319+00:00
15420,TRAX,"First Tracks Biotherapeutics, Inc.",US,True,2026-05-03 12:13:06.040319+00:00
15421,DYBTY,Duality Biotherapeutics Inc/Adr,US,True,2026-05-03 12:13:06.040319+00:00
15422,LKYLY,Locksley Resources Limited/Adr,US,True,2026-05-03 12:13:06.040319+00:00
15423,RKAM,"Rokit America, Inc.",US,True,2026-05-03 12:13:06.040319+00:00
15424,TRBG,Turbogen Ltd.,US,True,2026-05-03 12:13:06.040319+00:00
15425,SNEVY,Sunevision Holdings/Adr,US,True,2026-05-03 12:13:06.040319+00:00
15426,KKSIY,Kokusai Electric Corporation/Adr,US,True,2026-05-03 12:13:06.040319+00:00
15427,SCTAY,Sectra Ab/Adr,US,True,2026-05-03 12:13:06.040319+00:00
15428,PDYTY,Pt Dayamitra Telekomunikasi Tbk/Adr,US,True,2026-05-03 12:13:06.040319+00:00
15429,SPTX,"Seaport Therapeutics, Inc.",US,True,2026-05-03 12:13:06.040319+00:00
15430,AFA,Farlong Holding Corp,US,True,2026-05-03 12:13:06.040319+00:00
15431,TTEI,Tde Group Ltd,US,True,2026-05-03 12:13:06.040319+00:00
15432,BSOL,Bitwise Solana Staking Etf,US,True,2026-05-03 12:13:06.040319+00:00
15433,SPED,Speed Group Holdings Ltd,US,True,2026-05-03 12:13:06.040319+00:00
15434,SNHIY,"Sany Heavy Industries Co., Ltd./Adr",US,True,2026-05-03 12:13:06.040319+00:00
15435,YGSHY,Yangzijiang Shipbuilding Holdings Ltd/Adr,US,True,2026-05-03 12:13:06.040319+00:00
15436,APMC,Ampercap Acquisition Co,US,True,2026-05-03 12:13:06.040319+00:00
15437,DNCLY,"Dena Co., Ltd./Adr",US,True,2026-05-03 12:13:06.040319+00:00
15438,NHLTY,Nightingale Health Plc,US,True,2026-05-03 12:13:06.040319+00:00
15439,IDPEY,Idp Education Ltd./Adr,US,True,2026-05-03 12:13:06.040319+00:00
15440,GRCPY,Canal Plus Sa/Adr,US,True,2026-05-03 12:13:06.040319+00:00
15441,LPCHY,Lapco Holdings Limited/Adr,US,True,2026-05-03 12:13:06.040319+00:00
15442,GFTTY,Gft Technologies Se/Adr,US,True,2026-05-03 12:13:06.040319+00:00
15443,DTRSY,Dateline Resources Ltd/Adr,US,True,2026-05-03 12:13:06.040319+00:00
15444,MEDG,Medi Group Ltd,US,True,2026-05-03 12:13:06.040319+00:00
15445,CCLV,"C2 Capital Group, Inc.",US,True,2026-05-03 12:13:06.040319+00:00
15446,GSUI,Grayscale Sui Staking Etf,US,True,2026-05-03 12:13:06.040319+00:00
15447,LOTMY,Lottomatica Group S.P.A./Adr,US,True,2026-05-03 12:13:06.040319+00:00
15448,AMPM,Am Pm Group Ltd,US,True,2026-05-03 12:13:06.040319+00:00
15449,SUWA,Sharewow Ltd,US,True,2026-05-03 12:13:06.040319+00:00
15450,VAII,Voyager Acquisition Corp. Ii,US,True,2026-05-03 12:13:06.040319+00:00
15451,ALEUY,Allegro.Eu Sa/Adr,US,True,2026-05-03 12:13:06.040319+00:00
15452,SMFSY,"Sumitomo Forestry Co., Ltd./Adr",US,True,2026-05-03 12:13:06.040319+00:00
15453,QSOL,Invesco Galaxy Solana Etf,US,True,2026-05-03 12:13:06.040319+00:00
15454,FNIGY,Finning International Inc./Adr,US,True,2026-05-03 12:13:06.040319+00:00
15455,TPZEY,Topaz Energy Corp./Adr,US,True,2026-05-03 12:13:06.040319+00:00
15456,LCDC,Lorenzo Developments Inc.,US,True,2026-05-03 12:13:06.040319+00:00
15457,JXAMY,Jx Advanced Metals Corporation/Adr,US,True,2026-05-03 12:13:06.040319+00:00
15458,IDXMF,Idex Metals Corp.,US,True,2026-05-03 12:13:06.040319+00:00
15459,MCL,Mclaren International Holdings Ltd,US,True,2026-05-03 12:13:06.040319+00:00
15460,FIT,Fitness Fanatics Ltd,US,True,2026-05-03 12:13:06.040319+00:00
15461,ACMIF,Allied Critical Metals Corp.,US,True,2026-05-03 12:13:06.040319+00:00
15462,TDOG,21Shares Dogecoin Etf,US,True,2026-05-03 12:13:06.040319+00:00
15463,THCLY,"Toho Co., Ltd./Adr",US,True,2026-05-03 12:13:06.040319+00:00
15464,SMPHY,Sm Prime Holdings Inc./Adr,US,True,2026-05-03 12:13:06.040319+00:00
15465,GONYF,Go Residential Real Estate Investment Trust,US,True,2026-05-03 12:13:06.040319+00:00
15466,RENGY,"Rengo Co., Ltd./Adr",US,True,2026-05-03 12:13:06.040319+00:00
15467,ZGJLY,"Zhejiang Leapmotor Technology Co., Ltd./Adr",US,True,2026-05-03 12:13:06.040319+00:00
15468,ZSHLY,"Zensho Holdings Co., Ltd./Adr",US,True,2026-05-03 12:13:06.040319+00:00
15469,IDAC,Iron Dome Acquisition I Corp.,US,True,2026-05-03 12:13:06.040319+00:00
15470,TKVA,"Salspera, Inc.",US,True,2026-05-03 12:13:06.040319+00:00
15471,POCH,"Poche Technology Co., Ltd",US,True,2026-05-03 12:13:06.040319+00:00
15472,AACP,Apogee Acquisition Corp,US,True,2026-05-03 12:13:06.040319+00:00
15473,QLEP,Quantum Leap Acquisition Corp,US,True,2026-05-03 12:13:06.040319+00:00
15474,LTGR,Long Table Growth Corp.,US,True,2026-05-03 12:13:06.040319+00:00
15475,SUMA,Suma Acquisition Corp,US,True,2026-05-03 12:13:06.040319+00:00
15476,APUR,Aperture Ac,US,True,2026-05-03 12:13:06.040319+00:00
15477,AIIR,Air Holdings Ltd,US,True,2026-05-03 12:13:06.040319+00:00
15478,PRNSY,Princes Group Plc/Adr,US,True,2026-05-03 12:13:06.040319+00:00
15479,CUPPF,Super Copper Corp.,US,True,2026-05-03 12:13:06.040319+00:00
15480,GDGIF,"Gemdale Gold, Inc",US,True,2026-05-03 12:13:06.040319+00:00
15481,VRXA,Veraxa Biotech Holding Ag,US,True,2026-05-03 12:13:06.040319+00:00
15482,HAMA,Hama Intelligence Ltd,US,True,2026-05-03 12:13:06.040319+00:00
15483,SSTR,Solar Strategy Holdings Ltd,US,True,2026-05-03 12:13:06.040319+00:00
15484,GST,Ga Sai Tong Enterprise Ltd,US,True,2026-05-03 12:13:06.040319+00:00
15485,HGT,Hsbc Physical Gold Trust,US,True,2026-05-03 12:13:06.040319+00:00
15486,FSSL,Fs Specialty Lending Fund,US,True,2026-05-03 12:13:06.040319+00:00
15487,GRVT,Greenvector Holdings Ltd,US,True,2026-05-03 12:13:06.040319+00:00
15488,NPIXY,Northland Power Inc./Adr,US,True,2026-05-03 12:13:06.040319+00:00
15489,BIREY,Birchcliff Energy Ltd./Adr,US,True,2026-05-03 12:13:06.040319+00:00
15490,METRY,Metro Inc./Adr,US,True,2026-05-03 12:13:06.040319+00:00
15491,TCLXY,Tcl Electronics Holdings Limited/Adr,US,True,2026-05-03 12:13:06.040319+00:00
15492,DAVI,Davion Healthcare Plc,US,True,2026-05-03 12:13:06.040319+00:00
15493,GAVA,Grayscale Avalanche Staking Etf,US,True,2026-05-03 12:13:06.040319+00:00
15494,GRLMF,Greenlight Metals Inc.,US,True,2026-05-03 12:13:06.040319+00:00
15495,SWOL,Swol Holdings Inc.,US,True,2026-05-03 12:13:06.040319+00:00
15496,MDDTY,Mandatum Oyj/Adr,US,True,2026-05-03 12:13:06.040319+00:00
15497,AVAT,Avalanche Treasury Corp,US,True,2026-05-03 12:13:06.040319+00:00
15498,ORNJY,Oranjebtc S.A. Educacao E Investmentimento/Adr,US,True,2026-05-03 12:13:06.040319+00:00
15499,PWRU,Yesil Global Enerji A.S.,US,True,2026-05-03 12:13:06.040319+00:00
15500,HRBAY,"Horiba, Ltd./Adr",US,True,2026-05-03 12:13:06.040319+00:00
15501,ECR,Encore Inc.,US,True,2026-05-03 12:13:06.040319+00:00
15502,MTMTY,Metlen Energy & Metals Plc/Adr,US,True,2026-05-03 12:13:06.040319+00:00
15503,MARH,Starrygazey Inc.,US,True,2026-05-03 12:13:06.040319+00:00
15504,GDOG,Grayscale Dogecoin Trust Etf,US,True,2026-05-03 12:13:06.040319+00:00
15505,VAVX,Vaneck Avalanche Etf,US,True,2026-05-03 12:13:06.040319+00:00
15506,TSUI,21Shares Sui Etf,US,True,2026-05-03 12:13:06.040319+00:00
15507,GGTKY,Pt Goto Gojek Tokopedia Tbk/Adr,US,True,2026-05-03 12:13:06.040319+00:00
15508,PLUN,Plutonian Acquisition Corp. Ii,US,True,2026-05-03 12:13:06.040319+00:00
15509,CADV,Club Versante Group Ltd,US,True,2026-05-03 12:13:06.040319+00:00
15510,GBNXY,Gibson Energy Inc/Adr,US,True,2026-05-03 12:13:06.040319+00:00
15511,PAXG,Pine Tree Acquisition Corp.,US,True,2026-05-03 12:13:06.040319+00:00
15512,UNID,"Rivernorth Short Prime Unicorn Fund 2028, Inc",US,True,2026-05-03 12:13:06.040319+00:00
15513,MLIZY,Meliuz S.A.,US,True,2026-05-03 12:13:06.040319+00:00
15514,EVVO,Evvolutions Leadtech Inc,US,True,2026-05-03 12:13:06.040319+00:00
15515,CCIL,Calm Chain International Ltd,US,True,2026-05-03 12:13:06.040319+00:00
15516,LSBA,Law'S Business Group Holding Ltd,US,True,2026-05-03 12:13:06.040319+00:00
15517,BAVA,Bitwise Avalanche Etf,US,True,2026-05-03 12:13:06.040319+00:00
15518,MYX,Maywood Acquisition Corp. 2,US,True,2026-05-03 12:13:06.040319+00:00
15519,MBSHY,"Mitsubishi Gas Chemical Company, Inc./Adr",US,True,2026-05-03 12:13:06.040319+00:00
15520,BWGC,Bw Industrial Holdings Inc.,US,True,2026-05-03 12:13:06.040319+00:00
15521,ALOG,Albert Origin Acquisition Corp,US,True,2026-05-03 12:13:06.040319+00:00
15522,QADR,Qdro Acquisition Corp.,US,True,2026-05-03 12:13:06.040319+00:00
15523,UATCY,"Unisound Ai Technology Co., Ltd./Adr",US,True,2026-05-03 12:13:06.040319+00:00
15524,AMVOY,Aumovio Se,US,True,2026-05-03 12:13:06.040319+00:00
15525,CSCCY,Capstone Copper Corp./Adr,US,True,2026-05-03 12:13:06.040319+00:00
15526,TMKVY,Tamarack Valley Energy Ltd./Adr,US,True,2026-05-03 12:13:06.040319+00:00
15527,KOKO,Kokobots Group,US,True,2026-05-03 12:13:06.040319+00:00
15528,BTFT,Beta Fintech Holdings Ltd,US,True,2026-05-03 12:13:06.040319+00:00
15529,AZBLY,Azbil Corporation/Adr,US,True,2026-05-03 12:13:06.040319+00:00
15530,FXAC,Fortunex Acquisition Corp,US,True,2026-05-03 12:13:06.040319+00:00
15531,BHTGY,"Beijing Haizhi Technology Group Co., Ltd./Adr",US,True,2026-05-03 12:13:06.040319+00:00
15532,SGPIY,"Seres Group Co., Ltd./Adr",US,True,2026-05-03 12:13:06.040319+00:00
15533,BXDC,Blackstone Digital Infrastructure Trust Inc.,US,True,2026-05-03 12:13:06.040319+00:00
15534,ELMT,Elmet Group Co.,US,True,2026-05-03 12:13:06.040319+00:00
15535,SMGSY,Smg Swiss Marketplace Group Ag/Adr,US,True,2026-05-03 12:13:06.040319+00:00
15536,SECZ,"Securitize Holdings, Inc.",US,True,2026-05-03 12:13:06.040319+00:00
15537,OHAC,Oceanhawk Acquisition Corp.,US,True,2026-05-03 12:13:06.040319+00:00
15538,OCTV,Octave Intelligence Plc,US,True,2026-05-03 12:13:06.040319+00:00
15539,MSSHY,Mitsui-Soko Holdings Co Limited/Adr,US,True,2026-05-03 12:13:06.040319+00:00
15540,GTLRY,Greatland Resources Limited/Adr,US,True,2026-05-03 12:13:06.040319+00:00
15541,MSYND,Greenlit Ventures Inc.,US,True,2026-05-03 12:13:06.040319+00:00
15542,DROSY,Droneshield Ltd,US,True,2026-05-03 12:13:06.040319+00:00
15543,TPTA,"Terra Property Trust, Inc.",US,True,2026-05-03 12:13:06.040319+00:00
15544,BAR,Graniteshares Gold Trust,US,True,2026-05-03 12:13:06.040319+00:00
15545,PLTM,Graniteshares Platinum Trust,US,True,2026-05-03 12:13:06.040319+00:00
15546,ALGRF,Kenadyr Metals Corp,US,True,2026-05-03 12:13:06.040319+00:00
15547,ETCG,Grayscale Ethereum Classic Trust (Etc),US,True,2026-05-03 12:13:06.040319+00:00
15548,LBZZ,Lendbuzz Inc.,US,True,2026-05-03 12:13:06.040319+00:00
15549,PDSRX,Principal Real Asset Fund,US,True,2026-05-03 12:13:06.040319+00:00
15550,EDD,"Morgan Stanley Emerging Markets Domestic Debt Fund, Inc.",US,True,2026-05-03 12:13:06.040319+00:00
15551,USL,"United States 12 Month Oil Fund, Lp",US,True,2026-05-03 12:13:06.040319+00:00
15552,GJO,"Strats Sm Trust For Wal-Mart Stores, Inc. Securities, Series 2005-4",US,True,2026-05-03 12:13:06.040319+00:00
15553,FXB,Invesco Currencyshares British Pound Sterling Trust,US,True,2026-05-03 12:13:06.040319+00:00
15554,SIVR,Abrdn Silver Etf Trust,US,True,2026-05-03 12:13:06.040319+00:00
15555,SGOL,Abrdn Gold Etf Trust,US,True,2026-05-03 12:13:06.040319+00:00
15556,BNO,"United States Brent Oil Fund, Lp",US,True,2026-05-03 12:13:06.040319+00:00
15557,PALL,Abrdn Palladium Etf Trust,US,True,2026-05-03 12:13:06.040319+00:00
15558,AMBO,Ambow Education Holding Ltd.,US,True,2026-05-03 12:13:06.040319+00:00
15559,IAUM,Ishares Gold Trust Micro,US,True,2026-05-03 12:13:06.040319+00:00
15560,GAIN,Gladstone Investment Corporation\De,US,True,2026-05-03 12:13:06.040319+00:00
15561,VCRDX,Harrison Street Infrastructure Income Fund,US,True,2026-05-03 12:13:06.040319+00:00
15562,DGCOF,Daura Capital Corp.,US,True,2026-05-03 12:13:06.040319+00:00
15563,ETHE,Grayscale Ethereum Staking Etf,US,True,2026-05-03 12:13:06.040319+00:00
15564,GXLM,Grayscale Stellar Lumens Trust (Xlm),US,True,2026-05-03 12:13:06.040319+00:00
15565,NOMD,Nomad Foods Ltd,US,True,2026-05-03 12:13:06.040319+00:00
15566,OPTU,"Optimum Communications, Inc.",US,True,2026-05-03 12:13:06.040319+00:00
15567,ICR-PA,"Inpoint Commercial Real Estate Income, Inc.",US,True,2026-05-03 12:13:06.040319+00:00
15568,EDSA,"Edesa Biotech, Inc.",US,True,2026-05-03 12:13:06.040319+00:00
15569,MOBI,"Mobia Medical, Inc.",US,True,2026-05-03 12:13:06.040319+00:00
15570,USCI,United States Commodity Index Funds Trust,US,True,2026-05-03 12:13:06.040319+00:00
15571,UUP,Invesco Db Us Dollar Index Bullish Fund,US,True,2026-05-03 12:13:06.040319+00:00
15572,ASTI,"Ascent Solar Technologies, Inc.",US,True,2026-05-03 12:13:06.040319+00:00
15573,GLDM,World Gold Trust,US,True,2026-05-03 12:13:06.040319+00:00
15574,PASTY,Plastic Omnium/Adr,US,True,2026-05-03 12:13:06.040319+00:00
15575,SNYR,Synergy Chc Corp.,US,True,2026-05-03 12:13:06.040319+00:00
15576,AVLN,Avalyn Pharma Inc.,US,True,2026-05-03 12:13:06.040319+00:00
15577,BUHPY,Bumrungrad Hospital Public Co Limited/Adr,US,True,2026-05-03 12:13:06.040319+00:00
15578,BTCO,Invesco Galaxy Bitcoin Etf,US,True,2026-05-03 12:13:06.040319+00:00
15579,RMCO,Royalty Management Holding Corp,US,True,2026-05-03 12:13:06.040319+00:00
15580,BDRY,Amplify Commodity Trust,US,True,2026-05-03 12:13:06.040319+00:00
15581,TCRG,Cannaisseur Group Inc.,US,True,2026-05-03 12:13:06.040319+00:00
15582,XXC,Xinxu Copper Industry Technology Ltd,US,True,2026-05-03 12:13:06.040319+00:00
15583,ARKB,Ark 21Shares Bitcoin Etf,US,True,2026-05-03 12:13:06.040319+00:00
15584,INNP,Innocan Pharma Corp,US,True,2026-05-03 12:13:06.040319+00:00
15585,GLIV,Grayscale Livepeer Trust (Lpt),US,True,2026-05-03 12:13:06.040319+00:00
15586,BRRR,Coinshares Bitcoin Etf,US,True,2026-05-03 12:13:06.040319+00:00
15587,AUGCF,Au Gold Corp.,US,True,2026-05-03 12:13:06.040319+00:00
15588,EMI,"Encore Medical, Inc.",US,True,2026-05-03 12:13:06.040319+00:00
15589,VNTXF,Forte Group Holdings Inc.,US,True,2026-05-03 12:13:06.040319+00:00
15590,HAWK,"Hawkeye 360, Inc.",US,True,2026-05-03 12:13:06.040319+00:00
15591,SVIX,Vs Trust,US,True,2026-05-03 12:13:06.040319+00:00
15592,BITB,Bitwise Bitcoin Etf,US,True,2026-05-03 12:13:06.040319+00:00
15593,OBTC,Osprey Bitcoin Trust,US,True,2026-05-03 12:13:06.040319+00:00
15594,ODRS,"Outdoor Specialty Products, Inc.",US,True,2026-05-03 12:13:06.040319+00:00
15595,DCFBS,"Dcfc Holdings, Llc",US,True,2026-05-03 12:13:06.040319+00:00
15596,BITW,Bitwise 10 Crypto Index Etf,US,True,2026-05-03 12:13:06.040319+00:00
15597,AAAU,Goldman Sachs Physical Gold Etf,US,True,2026-05-03 12:13:06.040319+00:00
15598,GAME,"Gamesquare Holdings, Inc.",US,True,2026-05-03 12:13:06.040319+00:00
15599,HODL,Vaneck Bitcoin Etf,US,True,2026-05-03 12:13:06.040319+00:00
15600,FRVO,Fervo Energy Co,US,True,2026-05-03 12:13:06.040319+00:00
15601,FBTC,Fidelity Wise Origin Bitcoin Fund,US,True,2026-05-03 12:13:06.040319+00:00
15602,ETHV,Vaneck Ethereum Etf,US,True,2026-05-03 12:13:06.040319+00:00
15603,ODOT,Osprey Polkadot Trust,US,True,2026-05-03 12:13:06.040319+00:00
15604,WNHK,"Winning Catering Group, Inc.",US,True,2026-05-03 12:13:06.040319+00:00
15605,VCX,"Fundrise Innovation Fund, Llc",US,True,2026-05-03 12:13:06.040319+00:00
15606,MANU,Manchester United Plc,US,True,2026-05-03 12:13:06.040319+00:00
15607,NHP,"National Healthcare Properties, Inc.",US,True,2026-05-03 12:13:06.040319+00:00
15608,ILPLF,Island Pharmaceuticals Ltd,US,True,2026-05-03 12:13:06.040319+00:00
15609,LBRJ,"Libera Gaming Operations, Inc",US,True,2026-05-03 12:13:06.040319+00:00
15610,ETHA,Ishares Ethereum Trust Etf,US,True,2026-05-03 12:13:06.040319+00:00
15611,CCEYF,Cancambria Energy Corp.,US,True,2026-05-03 12:13:06.040319+00:00
15612,EZBC,Franklin Templeton Digital Holdings Trust,US,True,2026-05-03 12:13:06.040319+00:00
15613,QETH,Invesco Galaxy Ethereum Etf,US,True,2026-05-03 12:13:06.040319+00:00
15614,DMNT,"Dmint, Inc.",US,True,2026-05-03 12:13:06.040319+00:00
15615,CRGT,"Cortigent, Inc.",US,True,2026-05-03 12:13:06.040319+00:00
15616,NSNFY,"Nissin Foods Holdings Co., Ltd./Adr",US,True,2026-05-03 12:13:06.040319+00:00
15617,BTC,Grayscale Bitcoin Mini Trust Etf,US,True,2026-05-03 12:13:06.040319+00:00
15618,KMYGY,"Kumyang Co., Ltd./Adr",US,True,2026-05-03 12:13:06.040319+00:00
15619,AAS,Antharas Inc,US,True,2026-05-03 12:13:06.040319+00:00
15620,LHI,Living Homeopathy International Ltd.,US,True,2026-05-03 12:13:06.040319+00:00
15621,XRP,Bitwise Xrp Etf,US,True,2026-05-03 12:13:06.040319+00:00
15622,EZPZ,Franklin Crypto Trust,US,True,2026-05-03 12:13:06.040319+00:00
15623,NCIQ,Hashdex Nasdaq Cme Crypto Index Etf,US,True,2026-05-03 12:13:06.040319+00:00
15624,GTAO,Grayscale Bittensor Trust (Tao),US,True,2026-05-03 12:13:06.040319+00:00
15625,MSTKY,Matsukiyococokara & Co./Adr,US,True,2026-05-03 12:13:06.040319+00:00
15626,SPGNY,Springer Nature Ag & Co. Kgaa/Adr,US,True,2026-05-03 12:13:06.040319+00:00
15627,DBIM,Dbim Holdings Ltd,US,True,2026-05-03 12:13:06.040319+00:00
15628,XRPZ,Franklin Xrp Trust,US,True,2026-05-03 12:13:06.040319+00:00
15629,GFTL,Great Future Technology Inc.,US,True,2026-05-03 12:13:06.040319+00:00
15630,VCCG,V Capital Consulting Group Ltd,US,True,2026-05-03 12:13:06.040319+00:00
15631,PCPGY,Pc Partner Group Ltd/Adr,US,True,2026-05-03 12:13:06.040319+00:00
15632,PRNCF,Prince Silver Corp.,US,True,2026-05-03 12:13:06.040319+00:00
15633,GHRTF,Greenheart Gold Inc.,US,True,2026-05-03 12:13:06.040319+00:00
15634,UPX,Uptrend Holdings Ltd,US,True,2026-05-03 12:13:06.040319+00:00
15635,EUEV,Euroev Holdings Ltd,US,True,2026-05-03 12:13:06.040319+00:00
15636,MNZLY,Mercury Nz Ltd./Adr,US,True,2026-05-03 12:13:06.040319+00:00
15637,FSOL,Fidelity Solana Fund,US,True,2026-05-03 12:13:06.040319+00:00
15638,LSHGY,Louis Hachette Group/Adr,US,True,2026-05-03 12:13:06.040319+00:00
15639,SLBT,Sl Science Holding Ltd,US,True,2026-05-03 12:13:06.040319+00:00
15640,GBH,Gigabit Inc.,US,True,2026-05-03 12:13:06.040319+00:00
15641,GDNT,Guident Corp.,US,True,2026-05-03 12:13:06.040319+00:00
15642,RECCY,Reece Limited/Adr,US,True,2026-05-03 12:13:06.040319+00:00
15643,HNPHY,Hansoh Pharmaceutical Group Co Limited/Adr,US,True,2026-05-03 12:13:06.040319+00:00
15644,VSGRY,Vusiongroup,US,True,2026-05-03 12:13:06.040319+00:00
15645,MECPF,Mustang Energy Corp.,US,True,2026-05-03 12:13:06.040319+00:00
15646,IBIT,Ishares Bitcoin Trust Etf,US,True,2026-05-03 12:13:06.040319+00:00
15647,NOPFF,Nevada Organic Phosphate Inc.,US,True,2026-05-03 12:13:06.040319+00:00
15648,DEFI,Hashdex Commodities Trust,US,True,2026-05-03 12:13:06.040319+00:00
15649,FETH,Fidelity Ethereum Fund,US,True,2026-05-03 12:13:06.040319+00:00
15650,EIIA,Eagle Point Institutional Income Fund,US,True,2026-05-03 12:13:06.040319+00:00
15651,GSNR,Grayscale Near Trust (Near),US,True,2026-05-03 12:13:06.040319+00:00
15652,CBRS,Cerebras Systems Inc.,US,True,2026-05-03 12:13:06.040319+00:00
15653,GVSE,Gameverse Interactive Corp,US,True,2026-05-03 12:13:06.040319+00:00
15654,MOGMF,Mogotes Metals Inc.,US,True,2026-05-03 12:13:06.040319+00:00
15655,GCGR,General Catalyst Global Resilience Merger Corp.,US,True,2026-05-03 12:13:06.040319+00:00
15656,MDKGY,Merdeka Gold Resources Tbk Pt/Adr,US,True,2026-05-03 12:13:06.040319+00:00
15657,MTGLY,Mininglamp Technology Group Limited/Adr,US,True,2026-05-03 12:13:06.040319+00:00
15658,ODKUY,"Odakyu Electric Railway Co., Ltd./Adr",US,True,2026-05-03 12:13:06.040319+00:00
15659,KNWAY,Knowledge Atlas Technology Joint Stock Co Limited/Adr,US,True,2026-05-03 12:13:06.040319+00:00
15660,AELKY,Aselsan Elektronik Sanayi Ve Ticaret Anonim Sirketi/Adr,US,True,2026-05-03 12:13:06.040319+00:00
15661,CXII,Churchill Capital Corp Xii,US,True,2026-05-03 12:13:06.040319+00:00
15662,BAGZ,Cryptex Digital Market Cap Etf,US,True,2026-05-03 12:13:06.040319+00:00
15663,NBKBY,Noba Bank Group Ag/Adr,US,True,2026-05-03 12:13:06.040319+00:00
15664,ZJGIY,Zijin Gold International Co Limited/Adr,US,True,2026-05-03 12:13:06.040319+00:00
15665,MRUWY,"Maruwa Co., Ltd./Adr",US,True,2026-05-03 12:13:06.040319+00:00
15666,BVENY,Brava Energia S.A.,US,True,2026-05-03 12:13:06.040319+00:00
15667,REA,"Rare Earths Americas, Inc.",US,True,2026-05-03 12:13:06.040319+00:00
15668,NRGFF,Ae Fuels Corp,US,True,2026-05-03 12:13:06.040319+00:00
15669,SKAI,Sky Acquisition Group,US,True,2026-05-03 12:13:06.040319+00:00
15670,MSBT,Morgan Stanley Bitcoin Trust,US,True,2026-05-03 12:13:06.040319+00:00
15671,EROK,"Eaglerock Land, Llc",US,True,2026-05-03 12:13:06.040319+00:00
15672,SSHBY,"Sbi Shinsei Bank, Limited/Adr",US,True,2026-05-03 12:13:06.040319+00:00
15673,NGCOY,"Nagase & Co., Ltd./Adr",US,True,2026-05-03 12:13:06.040319+00:00
15674,WATR,Air Water Ventures Ltd,US,True,2026-05-03 12:13:06.040319+00:00
15675,FRTT,Fort Technology Inc,US,True,2026-05-03 12:13:06.040319+00:00
15676,TEICY,Tosei Corp/Adr,US,True,2026-05-03 12:13:06.040319+00:00
15677,BRUN,Boost Run Inc.,US,True,2026-05-03 12:13:06.040319+00:00
15678,CDTHY,Conduit Holdings Ltd/Adr,US,True,2026-05-03 12:13:06.040319+00:00
15679,NHKSY,Nhk Spring Co. Ltd/Adr,US,True,2026-05-03 12:13:06.040319+00:00
15680,PTAXY,Paltac Corporation/Adr,US,True,2026-05-03 12:13:06.040319+00:00
15681,NWCYY,North West Co Inc./Adr,US,True,2026-05-03 12:13:06.040319+00:00
15682,EVON,Evonexus Group Ltd,US,True,2026-05-03 12:13:06.040319+00:00
15683,ASKRY,Asker Healthcare Group Ab/Adr,US,True,2026-05-03 12:13:06.040319+00:00
15684,DDHLY,Digital Domain Holdings Limited/Adr,US,True,2026-05-03 12:13:06.040319+00:00
15685,STJNY,Stella-Jones Inc./Adr,US,True,2026-05-03 12:13:06.040319+00:00
15686,MWC,"Micware Co., Ltd.",US,True,2026-05-03 12:13:06.040319+00:00
15687,QMLS,"Qumulusai, Inc.",US,True,2026-05-03 12:13:06.040319+00:00
15688,QRED,Quasaredge Acquisition Corp,US,True,2026-05-03 12:13:06.040319+00:00
15689,LPSL,Launchpad Streetlight Acquisition Corp,US,True,2026-05-03 12:13:06.040319+00:00
15690,ETSS,Energy Transition Special Opportunities,US,True,2026-05-03 12:13:06.040319+00:00
15691,OBNB,Osprey Bnb Chain Trust,US,True,2026-05-03 12:13:06.040319+00:00
15692,GSOL,Grayscale Solana Staking Etf,US,True,2026-05-03 12:13:06.040319+00:00
15693,EXYN,"Exyn Technologies, Inc.",US,True,2026-05-03 12:13:06.040319+00:00
15694,TDGGF,Tdg Gold Corp.,US,True,2026-05-03 12:13:06.040319+00:00
15695,NXNT,"Nexscient, Inc.",US,True,2026-05-03 12:13:06.040319+00:00
15696,CGL,Cgl Logistics Holdings Ltd,US,True,2026-05-03 12:13:06.040319+00:00
15697,GIVE,Wealth Management System Inc.,US,True,2026-05-03 12:13:06.040319+00:00
15698,ZSICY,"Zhejiang Sanhua Intelligent Controls Co., Ltd./Adr",US,True,2026-05-03 12:13:06.040319+00:00
15699,SSRLY,Sienna Senior Living Inc./Adr,US,True,2026-05-03 12:13:06.040319+00:00
15700,SVICY,Storagevault Canada Inc./Adr,US,True,2026-05-03 12:13:06.040319+00:00
15701,UNIU,"Rivernorth Long Prime Unicorn Fund 2028, Inc.",US,True,2026-05-03 12:13:06.040319+00:00
15702,AMTU,"Amatuhi Holdings, Inc.",US,True,2026-05-03 12:13:06.040319+00:00
15703,CDN,Cloud Data Holdings Corp,US,True,2026-05-03 12:13:06.040319+00:00
15704,CTWO,Cotwo Advisors Physical European Carbon Allowance Trust,US,True,2026-05-03 12:13:06.040319+00:00
15705,USDW,Made In Usa Inc.,US,True,2026-05-03 12:13:06.040319+00:00
15706,GDEL,Global Development Engineering Co Ltd,US,True,2026-05-03 12:13:06.040319+00:00
15707,ETH,Grayscale Ethereum Staking Mini Etf,US,True,2026-05-03 12:13:06.040319+00:00
15708,ETHW,Bitwise Ethereum Etf,US,True,2026-05-03 12:13:06.040319+00:00
15709,KOGDF,Ko Gold Inc.,US,True,2026-05-03 12:13:06.040319+00:00
15710,ITXP,"Independence Power Holdings, Inc.",US,True,2026-05-03 12:13:06.040319+00:00
15711,VROYF,Vizsla Royalties Corp.,US,True,2026-05-03 12:13:06.040319+00:00
15712,ARCL,Arc Group Acquisition I Corp.,US,True,2026-05-03 12:13:06.040319+00:00
15713,ELFTY,Element Fleet Management Corp./Adr,US,True,2026-05-03 12:13:06.040319+00:00
15714,TSLVF,Tier One Silver Inc.,US,True,2026-05-03 12:13:06.040319+00:00
15715,PBRRY,Pt Barito Renewables Energy Tbk/Adr,US,True,2026-05-03 12:13:06.040319+00:00
15716,UHP,Ultra High Point Holdings Ltd,US,True,2026-05-03 12:13:06.040319+00:00
15717,SOLC,Canary Marinade Solana Etf,US,True,2026-05-03 12:13:06.040319+00:00
15718,KYTFY,Kyoto Financial Group Inc/Adr,US,True,2026-05-03 12:13:06.040319+00:00
15719,YLY,Zi Yun Dong Fang Ltd,US,True,2026-05-03 12:13:06.040319+00:00
15720,JHPCY,"Jiangsu Hengrui Pharmaceuticals Co., Ltd./Adr",US,True,2026-05-03 12:13:06.040319+00:00
15721,TKCYY,"Tokyo Ohka Kogyo Co., Ltd./Adr",US,True,2026-05-03 12:13:06.040319+00:00
15722,SBMT,Silver Bow Mining Corp.,US,True,2026-05-03 12:13:06.040319+00:00
15723,PLAI,Presslogic Inc.,US,True,2026-05-03 12:13:06.040319+00:00
15724,ONWRY,Onward Medical N.V./Adr,US,True,2026-05-03 12:13:06.040319+00:00
15725,HZRBY,"Horizon Robotics, Inc./Adr",US,True,2026-05-03 12:13:06.040319+00:00
15726,SUIS,Canary Staked Sui Etf,US,True,2026-05-03 12:13:06.040319+00:00
15727,ORIB,Orion Bliss Corp.,US,True,2026-05-03 12:13:06.040319+00:00
15728,CBPHF,"Clover Biopharmaceuticals, Ltd.",US,True,2026-05-03 12:13:06.040319+00:00
15729,ISRLF,Israel Acquisitions Corp,US,True,2026-05-03 12:13:06.040319+00:00
15730,LFTO,"Liftoff Mobile, Inc.",US,True,2026-05-03 12:13:06.040319+00:00
15731,MANA,Grayscale Decentraland Trust (Mana),US,True,2026-05-03 12:13:06.040319+00:00
15732,GLNK,Grayscale Chainlink Trust Etf,US,True,2026-05-03 12:13:06.040319+00:00
15733,GBAT,Grayscale Basic Attention Token Trust (Bat),US,True,2026-05-03 12:13:06.040319+00:00
15734,AYA,Aya Gold & Silver Inc.,US,True,2026-05-03 12:13:06.040319+00:00
15735,FGDL,Franklin Templeton Holdings Trust,US,True,2026-05-03 12:13:06.040319+00:00
15736,HZEN,Grayscale Horizen Trust (Zen),US,True,2026-05-03 12:13:06.040319+00:00
15737,ZCSH,Grayscale Zcash Trust (Zec),US,True,2026-05-03 12:13:06.040319+00:00
15738,TETH,21Shares Ethereum Etf,US,True,2026-05-03 12:13:06.040319+00:00
15739,RADB,Tete Technologies Inc,US,True,2026-05-03 12:13:06.040319+00:00
15740,YYGH,Yy Group Holding Ltd.,US,True,2026-05-03 12:13:06.040319+00:00
15741,PC,Premium Catering (Holdings) Ltd,US,True,2026-05-03 12:13:06.040319+00:00
15742,VTEK,Vistek Ltd,US,True,2026-05-03 12:13:06.040319+00:00
15743,SYNSY,Syensqo Sa/Adr,US,True,2026-05-03 12:13:06.040319+00:00
15744,RCWBY,Rockwool A/S/Adr,US,True,2026-05-03 12:13:06.040319+00:00
15745,SUJA,"Suja Life, Inc.",US,True,2026-05-03 12:13:06.040319+00:00
15746,MIMDF,Mimedia Holdings Inc.,US,True,2026-05-03 12:13:06.040319+00:00
15747,AIMTF,Aimfinity Investment Corp. I,US,True,2026-05-03 12:13:06.040319+00:00
15748,DETX,"Liberty Defense Holdings, Ltd.",US,True,2026-05-03 12:13:06.040319+00:00
15749,ARAI,Arrive Ai Inc.,US,True,2026-05-03 12:13:06.040319+00:00
15750,FRFAF,Fresh Factory B.C. Ltd.,US,True,2026-05-03 12:13:06.040319+00:00
15751,GMRS,Gmr Solutions Inc.,US,True,2026-05-03 12:13:06.040319+00:00
15752,WDSP,"World Scan Project, Inc.",US,True,2026-05-03 12:13:06.040319+00:00
15753,EZET,Franklin Ethereum Trust,US,True,2026-05-03 12:13:06.040319+00:00
15754,NSURF,North Shore Uranium Ltd.,US,True,2026-05-03 12:13:06.040319+00:00
15755,YOOV,Concorde International Group Ltd.,US,True,2026-05-03 12:13:06.040319+00:00
15756,INHI,Unitrend Entertainment Group Ltd,US,True,2026-05-03 12:13:06.040319+00:00
15757,OPTH,Optimi Health Corp.,US,True,2026-05-03 12:13:06.040319+00:00
15758,SGIHY,"Sugi Holdings Co., Ltd./Adr",US,True,2026-05-03 12:13:06.040319+00:00
15759,LRVIY,"Laboratorios Farmaceuticos Rovi, S.A./Adr",US,True,2026-05-03 12:13:06.040319+00:00
15760,TSOL,21Shares Solana Etf,US,True,2026-05-03 12:13:06.040319+00:00
15761,ODTX,"Odyssey Therapeutics, Inc.",US,True,2026-05-03 12:13:06.040319+00:00
15762,YSWY,"Yesway, Inc.",US,True,2026-05-03 12:13:06.040319+00:00
15763,SMERY,Siemens Energy Ag/Adr,US,True,2026-05-03 12:13:06.040319+00:00
15764,BCYC,Bicycle Therapeutics Plc,US,True,2026-05-03 12:13:06.040319+00:00
15765,CBSTQ,Cannabist Co Holdings Inc.,US,True,2026-05-03 12:13:06.040319+00:00
15766,GLEI,Galaxy Enterprises Inc. /Wy/,US,True,2026-05-03 12:13:06.040319+00:00
15767,OSOL,Osprey Solana Trust,US,True,2026-05-03 12:13:06.040319+00:00
15768,BTCW,Wisdomtree Bitcoin Fund,US,True,2026-05-03 12:13:06.040319+00:00
15769,STCK,Grayscale Stacks Trust (Stx),US,True,2026-05-03 12:13:06.040319+00:00
15770,GYGLF,Guzman Y Gomez Ltd,US,True,2026-05-03 12:13:06.040319+00:00
15771,MYCRY,Mycronic Ab/Adr,US,True,2026-05-03 12:13:06.040319+00:00
15772,SBMW,"Security Midwest Bancorp, Inc.",US,True,2026-05-03 12:13:06.040319+00:00
15773,ASIC,Ategrity Specialty Insurance Co Holdings,US,True,2026-05-03 12:13:06.040319+00:00
15774,FCHDF,Fairchild Gold Corp.,US,True,2026-05-03 12:13:06.040319+00:00
15775,PWRL,Powerlaw Corp.,US,True,2026-05-03 12:13:06.040319+00:00
15776,ARSTY,Ariston Holding N.V./Adr,US,True,2026-05-03 12:13:06.040319+00:00
15777,BLTG,Boundless Group,US,True,2026-05-03 12:13:06.040319+00:00
15778,OBNK,Osprey Bonk Trust,US,True,2026-05-03 12:13:06.040319+00:00
15779,USPE,Tap Us Private Equity Fund Of Funds,US,True,2026-05-03 12:13:06.040319+00:00
15780,CPXXY,Capital Power Corp/Adr,US,True,2026-05-03 12:13:06.040319+00:00
15781,JOSS,"Joss Realty Reit, Inc.",US,True,2026-05-03 12:13:06.040319+00:00
15782,BMOK,Bm Acquisition Corp.,US,True,2026-05-03 12:13:06.040319+00:00
15783,BWOW,Bitwise Dogecoin Etf,US,True,2026-05-03 12:13:06.040319+00:00
15784,BXRLY,Boxer Retail Limited/Adr,US,True,2026-05-03 12:13:06.040319+00:00
15785,SOEZ,Franklin Solana Trust,US,True,2026-05-03 12:13:06.040319+00:00
15786,PSBTY,Pt Sumber Alfaria Trijaya Tbk/Adr,US,True,2026-05-03 12:13:06.040319+00:00
15787,GEHDF,Great Eastern Holdings Ltd,US,True,2026-05-03 12:13:06.040319+00:00
15788,JBK,Lehman Abs Corp Goldman Sachs Cap 1 Sec Backed Ser 2004-6,US,True,2026-05-03 12:13:06.040319+00:00
15789,FXA,Invesco Currencyshares Australian Dollar Trust,US,True,2026-05-03 12:13:06.040319+00:00
15790,ELC,"Entergy Louisiana, Llc",US,True,2026-05-03 12:13:06.040319+00:00
15791,GLTR,Abrdn Precious Metals Basket Etf Trust,US,True,2026-05-03 12:13:06.040319+00:00
15792,A,"Agilent Technologies, Inc.",US,True,2026-05-03 12:13:06.040319+00:00
15793,ALP,Alpha Compute Corp,US,True,2026-05-03 12:13:06.040319+00:00
15794,EPM,Evolution Petroleum Corp,US,True,2026-05-03 12:13:06.040319+00:00
15795,AKR,Acadia Realty Trust,US,True,2026-05-03 12:13:06.040319+00:00
15796,P,"Everpure, Inc.",US,True,2026-05-03 12:13:06.040319+00:00
15797,IVHI,"Invech Holdings, Inc.",US,True,2026-05-03 12:13:06.040319+00:00
15798,OLED,Universal Display Corp \Pa\,US,True,2026-05-03 12:13:06.040319+00:00
15799,VYCO,Vycor Medical Inc,US,True,2026-05-03 12:13:06.040319+00:00
15800,IPB,Merrill Lynch Depositor Inc Indexplus Trust Series 2003-1,US,True,2026-05-03 12:13:06.040319+00:00
15801,KTH,Structured Products Corp Corts Tr For Peco Energy Cap Tr Iii,US,True,2026-05-03 12:13:06.040319+00:00
15802,KTN,Structured Products Corp Cred Enhance Corts Tr For Aon Cap A,US,True,2026-05-03 12:13:06.040319+00:00
15803,PYT,Pplus Trust Series Gsc-2,US,True,2026-05-03 12:13:06.040319+00:00
15804,VBREY,Vibra Energia S.A./Adr,US,True,2026-05-03 12:13:06.040319+00:00
15805,CFBK,Cf Bankshares Inc.,US,True,2026-05-03 12:13:06.040319+00:00
15806,CUBE,Cubesmart,US,True,2026-05-03 12:13:06.040319+00:00
15807,GJH,Strats Sm Trust For U S Cell Corp Sec Series 2004 6,US,True,2026-05-03 12:13:06.040319+00:00
15808,IPSAY,Ipsos/Adr,US,True,2026-05-03 12:13:06.040319+00:00
15809,CPPBY,Central Pattana Public Co Limited/Adr,US,True,2026-05-03 12:13:06.040319+00:00
15810,OUNZ,Vaneck Merk Gold Etf,US,True,2026-05-03 12:13:06.040319+00:00
15811,BPRE,Bluerock Private Real Estate Fund,US,True,2026-05-03 12:13:06.040319+00:00
15812,EEX,"Emerald Holding, Inc.",US,True,2026-05-03 12:13:06.040319+00:00
15813,PRBRY,Premium Brands Holdings Corp,US,True,2026-05-03 12:13:06.040319+00:00
15814,DSRNY,Diasorin Spa/Adr,US,True,2026-05-03 12:13:06.040319+00:00
15815,SMSGY,Samsonite International Sa/Adr,US,True,2026-05-03 12:13:06.040319+00:00
15816,MWAI,"Medwellai, Inc.",US,True,2026-05-03 12:13:06.040319+00:00
15817,MROSY,Melrose Industries Plc/Adr,US,True,2026-05-03 12:13:06.040319+00:00
15818,CABO,"Cable One, Inc.",US,True,2026-05-03 12:13:06.040319+00:00
15819,ENTXW,Entera Bio Ltd.,US,True,2026-05-03 12:13:06.040319+00:00
15820,VFF,"Village Farms International, Inc.",US,True,2026-05-03 12:13:06.040319+00:00
15821,PPLT,Abrdn Platinum Etf Trust,US,True,2026-05-03 12:13:06.040319+00:00
15822,JTGEY,"Citibank,N.A./Adr",US,True,2026-05-03 12:13:06.040319+00:00
15823,ATLCP,Atlanticus Holdings Corp,US,True,2026-05-03 12:13:06.040319+00:00
15824,OAK-PA,"Brookfield Oaktree Holdings, Llc",US,True,2026-05-03 12:13:06.040319+00:00
15825,UGA,"United States Gasoline Fund, Lp",US,True,2026-05-03 12:13:06.040319+00:00
15826,RMVEY,Rightmove Plc/Adr,US,True,2026-05-03 12:13:06.040319+00:00
15827,GJT,"Strats(Sm) Trust For Allstate Corp Securities, Series 2006-3",US,True,2026-05-03 12:13:06.040319+00:00
15828,FXF,Invesco Currencyshares Swiss Franc Trust,US,True,2026-05-03 12:13:06.040319+00:00
15829,MADL,Man Ahl Diversified I Lp,US,True,2026-05-03 12:13:06.040319+00:00
15830,MTCH,"Match Group, Inc.",US,True,2026-05-03 12:13:06.040319+00:00
15831,BTO,John Hancock Financial Opportunities Fund,US,True,2026-05-03 12:13:06.040319+00:00
15832,CITR,Citrotech Inc.,US,True,2026-05-03 12:13:06.040319+00:00
15833,XSIAX,Voya Credit Income Fund,US,True,2026-05-03 12:13:06.040319+00:00
15835,VIAV,Viavi Solutions Inc.,US,True,2026-05-03 12:13:06.040319+00:00
15836,FHN,First Horizon Corp,US,True,2026-05-03 12:13:06.040319+00:00
15837,NHFLF,Northfield Capital Corp,US,True,2026-05-03 12:13:06.040319+00:00
15838,GJP,"Strats(Sm) Trust For Dominion Resources, Inc. Securities, Series 2005-6",US,True,2026-05-03 12:13:06.040319+00:00
15839,GJR,"Strats(Sm) Trust For Procter & Gamble Securities, Series 2006-1",US,True,2026-05-03 12:13:06.040319+00:00
15840,FXC,Invesco Currencyshares Canadian Dollar Trust,US,True,2026-05-03 12:13:06.040319+00:00
15841,GJS,"Strats(Sm) Trust For Goldman Sachs Group Securities, Series 2006-2",US,True,2026-05-03 12:13:06.040319+00:00
15842,UDN,Invesco Db Us Dollar Index Bearish Fund,US,True,2026-05-03 12:13:06.040319+00:00
15843,H,Hyatt Hotels Corp,US,True,2026-05-03 12:13:06.040319+00:00
15844,ETI-P,"Entergy Texas, Inc.",US,True,2026-05-03 12:13:06.040319+00:00
15845,UNL,"United States 12 Month Natural Gas Fund, Lp",US,True,2026-05-03 12:13:06.040319+00:00
15846,VMO,Invesco Municipal Opportunity Trust,US,True,2026-05-03 12:13:06.040319+00:00
15847,GSAC,Gelstat Corp,US,True,2026-05-03 12:13:06.040319+00:00
15848,TWIN,Twin Disc Inc,US,True,2026-05-03 12:13:06.040319+00:00
15849,WDS,Woodside Energy Group Ltd,US,True,2026-05-03 12:13:06.040319+00:00
15850,NRUC,National Rural Utilities Cooperative Finance Corp /Dc/,US,True,2026-05-03 12:13:06.040319+00:00
15851,BDN,Brandywine Realty Trust,US,True,2026-05-03 12:13:06.040319+00:00
15852,DYNTQ,Dynatronics Corp,US,True,2026-05-03 12:13:06.040319+00:00
15853,ACCO,Acco Brands Corp,US,True,2026-05-03 12:13:06.040319+00:00
15854,CHSCP,Chs Inc,US,True,2026-05-03 12:13:06.040319+00:00
15855,GOOG,Alphabet Inc.,US,True,2026-05-03 12:13:06.040319+00:00
15856,USB-PA,Us Bancorp \De\,US,True,2026-05-03 12:13:06.040319+00:00
15857,BRK-A,Berkshire Hathaway Inc,US,True,2026-05-03 12:13:06.040319+00:00
15858,ASMLF,Asml Holding Nv,US,True,2026-05-03 12:13:06.040319+00:00
15859,TSMWF,Taiwan Semiconductor Manufacturing Co Ltd,US,True,2026-05-03 12:13:06.040319+00:00
15860,BABAF,Alibaba Group Holding Ltd,US,True,2026-05-03 12:13:06.040319+00:00
15861,JPM-PC,Jpmorgan Chase & Co,US,True,2026-05-03 12:13:06.040319+00:00
15862,JPM-PD,Jpmorgan Chase & Co,US,True,2026-05-03 12:13:06.040319+00:00
15863,PCCYF,Petrochina Co Ltd,US,True,2026-05-03 12:13:06.040319+00:00
15864,BML-PG,Bank Of America Corp /De/,US,True,2026-05-03 12:13:06.040319+00:00
15865,NVSEF,Novartis Ag,US,True,2026-05-03 12:13:06.040319+00:00
15866,BML-PH,Bank Of America Corp /De/,US,True,2026-05-03 12:13:06.040319+00:00
15867,RYDAF,Shell Plc,US,True,2026-05-03 12:13:06.040319+00:00
15868,BML-PL,Bank Of America Corp /De/,US,True,2026-05-03 12:13:06.040319+00:00
15869,BAC-PB,Bank Of America Corp /De/,US,True,2026-05-03 12:13:06.040319+00:00
15870,TOYOF,Toyota Motor Corp/,US,True,2026-05-03 12:13:06.040319+00:00
15871,CILJF,China Life Insurance Co Ltd,US,True,2026-05-03 12:13:06.040319+00:00
15872,BAC-PK,Bank Of America Corp /De/,US,True,2026-05-03 12:13:06.040319+00:00
15873,BAC-PE,Bank Of America Corp /De/,US,True,2026-05-03 12:13:06.040319+00:00
15874,BML-PJ,Bank Of America Corp /De/,US,True,2026-05-03 12:13:06.040319+00:00
15875,MBFJF,Mitsubishi Ufj Financial Group Inc,US,True,2026-05-03 12:13:06.040319+00:00
15876,SAPGF,Sap Se,US,True,2026-05-03 12:13:06.040319+00:00
15877,BHPLF,Bhp Group Ltd,US,True,2026-05-03 12:13:06.040319+00:00
15878,HBCYF,Hsbc Holdings Plc,US,True,2026-05-03 12:13:06.040319+00:00
15879,WFC-PY,Wells Fargo & Company/Mn,US,True,2026-05-03 12:13:06.040319+00:00
15880,WFC-PL,Wells Fargo & Company/Mn,US,True,2026-05-03 12:13:06.040319+00:00
15881,NONOF,Novo Nordisk A S,US,True,2026-05-03 12:13:06.040319+00:00
15882,BCDRF,"Banco Santander, S.A.",US,True,2026-05-03 12:13:06.040319+00:00
15883,ABLZF,Abb Ltd,US,True,2026-05-03 12:13:06.040319+00:00
15884,ABBNY,Abb Ltd,US,True,2026-05-03 12:13:06.040319+00:00
15885,SNEJF,Sony Group Corp,US,True,2026-05-03 12:13:06.040319+00:00
15886,TBB,At&T Inc.,US,True,2026-05-03 12:13:06.040319+00:00
15887,SNYNF,Sanofi,US,True,2026-05-03 12:13:06.040319+00:00
15888,UNLYF,Unilever Plc,US,True,2026-05-03 12:13:06.040319+00:00
15889,BUDFF,Anheuser-Busch Inbev Sa/Nv,US,True,2026-05-03 12:13:06.040319+00:00
15890,WFC-PC,Wells Fargo & Company/Mn,US,True,2026-05-03 12:13:06.040319+00:00
15891,BTAFF,British American Tobacco P.L.C.,US,True,2026-05-03 12:13:06.040319+00:00
15892,DTEGF,Deutsche Telekom Ag,US,True,2026-05-03 12:13:06.040319+00:00
15893,GLAXF,Gsk Plc,US,True,2026-05-03 12:13:06.040319+00:00
15894,BPAQF,Bp Plc,US,True,2026-05-03 12:13:06.040319+00:00
15895,RTPPF,Rio Tinto Plc,US,True,2026-05-03 12:13:06.040319+00:00
15896,SMFNF,"Sumitomo Mitsui Financial Group, Inc.",US,True,2026-05-03 12:13:06.040319+00:00
15897,IDEXF,Industria De Diseno Textil Inditex Sa / Adr,US,True,2026-05-03 12:13:06.040319+00:00
15898,BYDDF,Byd Co Ltd,US,True,2026-05-03 12:13:06.040319+00:00
15899,NCRRP,Ncr Voyix Corp,US,True,2026-05-03 12:13:06.040319+00:00
15900,CMXHF,Csl Ltd,US,True,2026-05-03 12:13:06.040319+00:00
15901,AIQUF,L Air Liquide Sa /Fi,US,True,2026-05-03 12:13:06.040319+00:00
15902,SNPMF,China Petroleum & Chemical Corp,US,True,2026-05-03 12:13:06.040319+00:00
15903,BAESF,Bae Systems Plc /Fi/,US,True,2026-05-03 12:13:06.040319+00:00
15904,MBGAF,Daimler Ag,US,True,2026-05-03 12:13:06.040319+00:00
15905,NETTF,"Netease, Inc.",US,True,2026-05-03 12:13:06.040319+00:00
15906,USB-PH,Us Bancorp \De\,US,True,2026-05-03 12:13:06.040319+00:00
15907,EBBNF,Enbridge Inc,US,True,2026-05-03 12:13:06.040319+00:00
15908,NTTYY,Nippon Telegraph & Telephone Corp,US,True,2026-05-03 12:13:06.040319+00:00
15909,CTA-PB,"Eidp, Inc.",US,True,2026-05-03 12:13:06.040319+00:00
15910,USB-PP,Us Bancorp \De\,US,True,2026-05-03 12:13:06.040319+00:00
15911,PPRUF,Kering,US,True,2026-05-03 12:13:06.040319+00:00
15912,GS-PA,Goldman Sachs Group Inc,US,True,2026-05-03 12:13:06.040319+00:00
15913,AMXOF,America Movil Sab De Cv/,US,True,2026-05-03 12:13:06.040319+00:00
15914,GLCNF,Glencore Plc/Adr,US,True,2026-05-03 12:13:06.040319+00:00
15915,GS-PD,Goldman Sachs Group Inc,US,True,2026-05-03 12:13:06.040319+00:00
15916,MS-PA,Morgan Stanley,US,True,2026-05-03 12:13:06.040319+00:00
15917,MS-PK,Morgan Stanley,US,True,2026-05-03 12:13:06.040319+00:00
15918,MS-PI,Morgan Stanley,US,True,2026-05-03 12:13:06.040319+00:00
15919,PBR-A,Petrobras - Petroleo Brasileiro Sa,US,True,2026-05-03 12:13:06.040319+00:00
15920,KDDIF,Kddi Corp,US,True,2026-05-03 12:13:06.040319+00:00
15921,STOHF,Equinor Asa,US,True,2026-05-03 12:13:06.040319+00:00
15922,MS-PF,Morgan Stanley,US,True,2026-05-03 12:13:06.040319+00:00
15923,MS-PE,Morgan Stanley,US,True,2026-05-03 12:13:06.040319+00:00
15924,RLXXF,Relx Plc,US,True,2026-05-03 12:13:06.040319+00:00
15925,DUK-PA,Duke Energy Corp,US,True,2026-05-03 12:13:06.040319+00:00
15926,FMCCT,Federal Home Loan Mortgage Corp,US,True,2026-05-03 12:13:06.040319+00:00
15927,BAMXF,Bayerische Motoren Werke Ag/Adr,US,True,2026-05-03 12:13:06.040319+00:00
15928,NOKBF,Nokia Corp,US,True,2026-05-03 12:13:06.040319+00:00
15929,BAIDF,"Baidu, Inc.",US,True,2026-05-03 12:13:06.040319+00:00
15930,DGEAF,Diageo Plc,US,True,2026-05-03 12:13:06.040319+00:00
15931,EIPAF,Eni Spa,US,True,2026-05-03 12:13:06.040319+00:00
15932,CCZ,Comcast Corp,US,True,2026-05-03 12:13:06.040319+00:00
15933,BYMOF,Bayerische Motoren Werke Ag/Adr,US,True,2026-05-03 12:13:06.040319+00:00
15934,WEBNF,Westpac Banking Corp,US,True,2026-05-03 12:13:06.040319+00:00
15935,IFNNF,Infineon Technologies Ag,US,True,2026-05-03 12:13:06.040319+00:00
15936,MZHOF,Mizuho Financial Group Inc,US,True,2026-05-03 12:13:06.040319+00:00
15937,HTHIF,Hitachi Ltd,US,True,2026-05-03 12:13:06.040319+00:00
15938,SCHW-PD,Schwab Charles Corp,US,True,2026-05-03 12:13:06.040319+00:00
15939,NGGTF,National Grid Plc,US,True,2026-05-03 12:13:06.040319+00:00
15940,TKPHF,Takeda Pharmaceutical Co Ltd,US,True,2026-05-03 12:13:06.040319+00:00
15941,DKILF,Daikin Industries Ltd,US,True,2026-05-03 12:13:06.040319+00:00
15942,BECEF,Bce Inc,US,True,2026-05-03 12:13:06.040319+00:00
15943,SPG-PJ,Simon Property Group Inc.,US,True,2026-05-03 12:13:06.040319+00:00
15944,BSQKZ,"Block, Inc.",US,True,2026-05-03 12:13:06.040319+00:00
15945,CTA-PA,"Eidp, Inc.",US,True,2026-05-03 12:13:06.040319+00:00
15946,TNCAF,Tc Energy Corp,US,True,2026-05-03 12:13:06.040319+00:00
15947,INGVF,Ing Groep Nv,US,True,2026-05-03 12:13:06.040319+00:00
15948,MET-PA,Metlife Inc,US,True,2026-05-03 12:13:06.040319+00:00
15949,TRPCF,Trip.Com Group Ltd,US,True,2026-05-03 12:13:06.040319+00:00
15950,ITOCF,Itochu Corp,US,True,2026-05-03 12:13:06.040319+00:00
15951,MET-PE,Metlife Inc,US,True,2026-05-03 12:13:06.040319+00:00
15952,LLDTF,Lloyds Banking Group Plc,US,True,2026-05-03 12:13:06.040319+00:00
15953,BBVXF,"Banco Bilbao Vizcaya Argentaria, S.A.",US,True,2026-05-03 12:13:06.040319+00:00
15954,HLNCF,Haleon Plc,US,True,2026-05-03 12:13:06.040319+00:00
15955,TCANF,Tc Energy Corp,US,True,2026-05-03 12:13:06.040319+00:00
15956,PSA-PH,Public Storage,US,True,2026-05-03 12:13:06.040319+00:00
15957,PLDGP,"Prologis, Inc.",US,True,2026-05-03 12:13:06.040319+00:00
15958,JDCMF,"Jd.Com, Inc.",US,True,2026-05-03 12:13:06.040319+00:00
15959,HNDAF,Honda Motor Co Ltd,US,True,2026-05-03 12:13:06.040319+00:00
15960,BAMGF,Brookfield Corp /On/,US,True,2026-05-03 12:13:06.040319+00:00
15961,PINXF,People'S Insurance Co (Group) Of China Limited/Adr,US,True,2026-05-03 12:13:06.040319+00:00
15962,TCKRF,Teck Resources Ltd,US,True,2026-05-03 12:13:06.040319+00:00
15963,CRARF,Credit Agricole S A,US,True,2026-05-03 12:13:06.040319+00:00
15964,HEI-A,Heico Corp,US,True,2026-05-03 12:13:06.040319+00:00
15965,ENAKF,E.On Se,US,True,2026-05-03 12:13:06.040319+00:00
15966,BMDPF,Banca Monte Dei Paschi Di Siena Spa,US,True,2026-05-03 12:13:06.040319+00:00
15967,RBSPF,Natwest Group Plc,US,True,2026-05-03 12:13:06.040319+00:00
15968,ALL-PB,Allstate Corp,US,True,2026-05-03 12:13:06.040319+00:00
15969,ERIXF,Ericsson Lm Telephone Co,US,True,2026-05-03 12:13:06.040319+00:00
15970,PUKPF,Prudential Plc,US,True,2026-05-03 12:13:06.040319+00:00
15971,WOPEF,Woodside Energy Group Ltd,US,True,2026-05-03 12:13:06.040319+00:00
15972,FNCTF,Orange,US,True,2026-05-03 12:13:06.040319+00:00
15973,PSA-PK,Public Storage,US,True,2026-05-03 12:13:06.040319+00:00
15974,ALL-PH,Allstate Corp,US,True,2026-05-03 12:13:06.040319+00:00
15975,LEN-B,Lennar Corp /New/,US,True,2026-05-03 12:13:06.040319+00:00
15976,CIXPF,Caixabank/Adr,US,True,2026-05-03 12:13:06.040319+00:00
15977,BCLYF,Barclays Plc,US,True,2026-05-03 12:13:06.040319+00:00
15978,RSMDF,Resmed Inc,US,True,2026-05-03 12:13:06.040319+00:00
15979,CODGF,Compagnie De Saint Gobain,US,True,2026-05-03 12:13:06.040319+00:00
15980,LAAOF,Li Auto Inc.,US,True,2026-05-03 12:13:06.040319+00:00
15981,FOX,Fox Corp,US,True,2026-05-03 12:13:06.040319+00:00
15982,ORXCF,Orix Corp,US,True,2026-05-03 12:13:06.040319+00:00
15983,TEFOF,Telefonica S A,US,True,2026-05-03 12:13:06.040319+00:00
15984,VODPF,Vodafone Group Public Ltd Co,US,True,2026-05-03 12:13:06.040319+00:00
15985,BBDO,Bank Bradesco,US,True,2026-05-03 12:13:06.040319+00:00
15986,HRNNF,Hydro One Ltd,US,True,2026-05-03 12:13:06.040319+00:00
15987,GNMSF,Genmab A/S,US,True,2026-05-03 12:13:06.040319+00:00
15988,ANNSF,Aena S.A./Adr,US,True,2026-05-03 12:13:06.040319+00:00
15989,DLR-PK,"Digital Realty Trust, Inc.",US,True,2026-05-03 12:13:06.040319+00:00
15990,STMEF,Stmicroelectronics N.V.,US,True,2026-05-03 12:13:06.040319+00:00
15991,CAJPY,Canon Inc,US,True,2026-05-03 12:13:06.040319+00:00
15992,HKHHF,Heineken Holding N V,US,True,2026-05-03 12:13:06.040319+00:00
15993,FCNCB,First Citizens Bancshares Inc /De/,US,True,2026-05-03 12:13:06.040319+00:00
15994,AMSYF,Arcelormittal,US,True,2026-05-03 12:13:06.040319+00:00
15995,SAXPF,Sampo Oyj,US,True,2026-05-03 12:13:06.040319+00:00
15996,RYAOF,Ryanair Holdings Plc,US,True,2026-05-03 12:13:06.040319+00:00
15997,MKC-V,Mccormick & Co Inc,US,True,2026-05-03 12:13:06.040319+00:00
15998,TNRSF,Tenaris Sa,US,True,2026-05-03 12:13:06.040319+00:00
15999,RSTRF,Restaurant Brands International Limited Partnership,US,True,2026-05-03 12:13:06.040319+00:00
16000,SOJC,Southern Co,US,True,2026-05-03 12:13:06.040319+00:00
16001,CAJFF,Canon Inc,US,True,2026-05-03 12:13:06.040319+00:00
16002,HMRZF,H&M Hennes & Mauritz Ab,US,True,2026-05-03 12:13:06.040319+00:00
16003,PSTG,"Everpure, Inc.",US,True,2026-05-03 12:13:06.040319+00:00
16004,FWONK,Liberty Media Corp,US,True,2026-05-03 12:13:06.040319+00:00
16005,DLR-PJ,"Digital Realty Trust, Inc.",US,True,2026-05-03 12:13:06.040319+00:00
16006,COCSF,Coca Cola Femsa Sab De Cv,US,True,2026-05-03 12:13:06.040319+00:00
16007,ICHGF,Intercontinental Hotels Group Plc /New/,US,True,2026-05-03 12:13:06.040319+00:00
16008,TELNF,Telenor Asa,US,True,2026-05-03 12:13:06.040319+00:00
16009,RCIAF,Rogers Communications Inc,US,True,2026-05-03 12:13:06.040319+00:00
16010,XPNGF,Xpeng Inc.,US,True,2026-05-03 12:13:06.040319+00:00
16011,Z,"Zillow Group, Inc.",US,True,2026-05-03 12:13:06.040319+00:00
16012,STT-PG,State Street Corp,US,True,2026-05-03 12:13:06.040319+00:00
16013,KYOCF,Kyocera Corp,US,True,2026-05-03 12:13:06.040319+00:00
16014,KYOCY,Kyocera Corp,US,True,2026-05-03 12:13:06.040319+00:00
16015,FWONB,Liberty Media Corp,US,True,2026-05-03 12:13:06.040319+00:00
16016,HIG-PG,"Hartford Insurance Group, Inc.",US,True,2026-05-03 12:13:06.040319+00:00
16017,FITBI,Fifth Third Bancorp,US,True,2026-05-03 12:13:06.040319+00:00
16018,POAHF,Porsche Automobil Holding Se / Adr,US,True,2026-05-03 12:13:06.040319+00:00
16019,NRSCF,Nomura Holdings Inc,US,True,2026-05-03 12:13:06.040319+00:00
16020,NWS,News Corp,US,True,2026-05-03 12:13:06.040319+00:00
16021,JHIUF,James Hardie Industries Plc,US,True,2026-05-03 12:13:06.040319+00:00
16022,SPXSF,Spirax-Sarco Engineering Plc/Adr,US,True,2026-05-03 12:13:06.040319+00:00
16023,RYLPF,Koninklijke Philips Nv,US,True,2026-05-03 12:13:06.040319+00:00
16024,AMCCF,Amcor Plc,US,True,2026-05-03 12:13:06.040319+00:00
16025,SURDF,"Sumitomo Realty & Development Co., Ltd./Adr",US,True,2026-05-03 12:13:06.040319+00:00
16026,BIO-B,"Bio-Rad Laboratories, Inc.",US,True,2026-05-03 12:13:06.040319+00:00
16027,CHKIF,China Southern Airlines Co Ltd,US,True,2026-05-03 12:13:06.040319+00:00
16028,ADTTF,Advantest Corp,US,True,2026-05-03 12:13:06.040319+00:00
16029,FNMAS,Federal National Mortgage Association Fannie Mae,US,True,2026-05-03 12:13:06.040319+00:00
16030,KEY-PK,Keycorp /New/,US,True,2026-05-03 12:13:06.040319+00:00
16031,FSNUF,Fresenius Se & Co. Kgaa,US,True,2026-05-03 12:13:06.040319+00:00
16032,TEVJF,Teva Pharmaceutical Industries Ltd,US,True,2026-05-03 12:13:06.040319+00:00
16033,KEY-PJ,Keycorp /New/,US,True,2026-05-03 12:13:06.040319+00:00
16034,CRERF,Carrefour Sa,US,True,2026-05-03 12:13:06.040319+00:00
16035,FNMAJ,Federal National Mortgage Association Fannie Mae,US,True,2026-05-03 12:13:06.040319+00:00
16036,SGIOF,Shionogi & Co Ltd,US,True,2026-05-03 12:13:06.040319+00:00
16037,FRFFF,Fairfax Financial Holdings Ltd/ Can,US,True,2026-05-03 12:13:06.040319+00:00
16038,NLY-PG,Annaly Capital Management Inc,US,True,2026-05-03 12:13:06.040319+00:00
16039,NLY-PF,Annaly Capital Management Inc,US,True,2026-05-03 12:13:06.040319+00:00
16040,FNMAH,Federal National Mortgage Association Fannie Mae,US,True,2026-05-03 12:13:06.040319+00:00
16041,PTPIF,Pt Chandra Asri Petrochemical Tbk/Adr,US,True,2026-05-03 12:13:06.040319+00:00
16042,BF-B,Brown Forman Corp,US,True,2026-05-03 12:13:06.040319+00:00
16043,APO-PA,"Apollo Global Management, Inc.",US,True,2026-05-03 12:13:06.040319+00:00
16044,KEY-PI,Keycorp /New/,US,True,2026-05-03 12:13:06.040319+00:00
16045,NIOIF,Nio Inc.,US,True,2026-05-03 12:13:06.040319+00:00
16046,FNGD,Bank Of Montreal /Can/,US,True,2026-05-03 12:13:06.040319+00:00
16047,GFIOF,Gold Fields Ltd,US,True,2026-05-03 12:13:06.040319+00:00
16048,NCSYF,Nice Ltd.,US,True,2026-05-03 12:13:06.040319+00:00
16049,RKLIF,Rentokil Initial Plc /Fi,US,True,2026-05-03 12:13:06.040319+00:00
16050,SVYSF,Solvay S A /Adr/,US,True,2026-05-03 12:13:06.040319+00:00
16051,GELYF,Geely Automobile Holdings Limited/Adr,US,True,2026-05-03 12:13:06.040319+00:00
16052,NMPGY,Navios Maritime Holdings Inc.,US,True,2026-05-03 12:13:06.040319+00:00
16053,WSO-B,Watsco Inc,US,True,2026-05-03 12:13:06.040319+00:00
16054,FMCQF,Fresenius Medical Care Ag,US,True,2026-05-03 12:13:06.040319+00:00
16055,MAA-PI,Mid America Apartment Communities Inc.,US,True,2026-05-03 12:13:06.040319+00:00
16056,LBRDB,Liberty Broadband Corp,US,True,2026-05-03 12:13:06.040319+00:00
16057,RF-PC,Regions Financial Corp,US,True,2026-05-03 12:13:06.040319+00:00
16058,SNNUF,Smith & Nephew Plc,US,True,2026-05-03 12:13:06.040319+00:00
16059,ACGLO,Arch Capital Group Ltd.,US,True,2026-05-03 12:13:06.040319+00:00
16060,LBRDK,Liberty Broadband Corp,US,True,2026-05-03 12:13:06.040319+00:00
16061,BZLFF,Bunzl Plc,US,True,2026-05-03 12:13:06.040319+00:00
16062,ALMMF,Aluminum Corp Of China Ltd,US,True,2026-05-03 12:13:06.040319+00:00
16063,ERRAF,Emera Inc,US,True,2026-05-03 12:13:06.040319+00:00
16064,PIRBF,Piraeus Bank S.A.,US,True,2026-05-03 12:13:06.040319+00:00
16065,UHAL-B,U-Haul Holding Co /Nv/,US,True,2026-05-03 12:13:06.040319+00:00
16066,SBYSF,Sibanye Stillwater Ltd,US,True,2026-05-03 12:13:06.040319+00:00
16067,TAP-A,Molson Coors Beverage Co,US,True,2026-05-03 12:13:06.040319+00:00
16068,DQJCF,Don Quijote Holdings Co Ltd,US,True,2026-05-03 12:13:06.040319+00:00
16069,PBNNF,Pt Bank Negara Indonesia (Persero) Tbk/Adr,US,True,2026-05-03 12:13:06.040319+00:00
16070,WPPGF,Wpp Plc,US,True,2026-05-03 12:13:06.040319+00:00
16071,PRYMF,Prysmian S.P.A.,US,True,2026-05-03 12:13:06.040319+00:00
16072,GPAEF,Pacific Airport Group,US,True,2026-05-03 12:13:06.040319+00:00
16073,MNBEF,Minebea Mitsumi Inc.,US,True,2026-05-03 12:13:06.040319+00:00
16074,AEGOF,Aegon Ltd.,US,True,2026-05-03 12:13:06.040319+00:00
16075,CUKPF,Carnival Plc,US,True,2026-05-03 12:13:06.040319+00:00
16076,FREJO,Federal Home Loan Mortgage Corp,US,True,2026-05-03 12:13:06.040319+00:00
16077,YAMHF,"Yamaha Motor Co., Ltd.",US,True,2026-05-03 12:13:06.040319+00:00
16078,GLIBB,"Gci Liberty, Inc.",US,True,2026-05-03 12:13:06.040319+00:00
16079,NDEKF,Nitto Denko Corp / Adr/,US,True,2026-05-03 12:13:06.040319+00:00
16080,ASRMF,Southeast Airport Group,US,True,2026-05-03 12:13:06.040319+00:00
16081,SBMFF,Sino Biopharmaceutical Limited/Adr,US,True,2026-05-03 12:13:06.040319+00:00
16082,JGSHF,"Jg Summit Holdings, Inc./Adr",US,True,2026-05-03 12:13:06.040319+00:00
16083,LBTYB,Liberty Global Ltd.,US,True,2026-05-03 12:13:06.040319+00:00
16084,UEPCN,Union Electric Co,US,True,2026-05-03 12:13:06.040319+00:00
16085,CXMSF,Cemex Sab De Cv,US,True,2026-05-03 12:13:06.040319+00:00
16086,SAPIF,Saputo Inc./Adr,US,True,2026-05-03 12:13:06.040319+00:00
16087,CIG-C,Energy Co Of Minas Gerais,US,True,2026-05-03 12:13:06.040319+00:00
16088,DINRF,"Screen Holdings Co., Ltd./Adr",US,True,2026-05-03 12:13:06.040319+00:00
16089,PSORF,Pearson Plc,US,True,2026-05-03 12:13:06.040319+00:00
16090,RZB,Reinsurance Group Of America Inc,US,True,2026-05-03 12:13:06.040319+00:00
16091,AGNCM,Agnc Investment Corp.,US,True,2026-05-03 12:13:06.040319+00:00
16092,AGNCN,Agnc Investment Corp.,US,True,2026-05-03 12:13:06.040319+00:00
16093,UEPEO,Union Electric Co,US,True,2026-05-03 12:13:06.040319+00:00
16094,UEPEP,Union Electric Co,US,True,2026-05-03 12:13:06.040319+00:00
16095,PSNYW,Polestar Automotive Holding Uk Plc,US,True,2026-05-03 12:13:06.040319+00:00
16096,SASOF,Sasol Ltd,US,True,2026-05-03 12:13:06.040319+00:00
16097,VNORP,Vornado Realty Trust,US,True,2026-05-03 12:13:06.040319+00:00
16098,AMH-PH,American Homes 4 Rent,US,True,2026-05-03 12:13:06.040319+00:00
16099,OSCUF,"Japan Exchange Group, Inc./Adr",US,True,2026-05-03 12:13:06.040319+00:00
16100,NWOEF,New Oriental Education & Technology Group Inc.,US,True,2026-05-03 12:13:06.040319+00:00
16101,AMH-PG,American Homes 4 Rent,US,True,2026-05-03 12:13:06.040319+00:00
16102,VNO-PL,Vornado Realty Trust,US,True,2026-05-03 12:13:06.040319+00:00
16103,UEPCP,Union Electric Co,US,True,2026-05-03 12:13:06.040319+00:00
16104,FRT-PC,Federal Realty Investment Trust,US,True,2026-05-03 12:13:06.040319+00:00
16105,CWEN-A,"Clearway Energy, Inc.",US,True,2026-05-03 12:13:06.040319+00:00
16106,VNO-PM,Vornado Realty Trust,US,True,2026-05-03 12:13:06.040319+00:00
16107,OCANF,Oceanagold Corp,US,True,2026-05-03 12:13:06.040319+00:00
16108,GS-PC,Goldman Sachs Group Inc,US,True,2026-05-03 12:13:06.040319+00:00
16109,ATH-PA,Athene Holding Ltd.,US,True,2026-05-03 12:13:06.040319+00:00
16110,UEPEN,Union Electric Co,US,True,2026-05-03 12:13:06.040319+00:00
16111,BLBLF,Bilibili Inc.,US,True,2026-05-03 12:13:06.040319+00:00
16112,VOYA-PB,"Voya Financial, Inc.",US,True,2026-05-03 12:13:06.040319+00:00
16113,XZJCF,Mitsui Kinzoku Co Ltd./Adr,US,True,2026-05-03 12:13:06.040319+00:00
16114,FMCKI,Federal Home Loan Mortgage Corp,US,True,2026-05-03 12:13:06.040319+00:00
16115,GIFLF,Grifols Sa,US,True,2026-05-03 12:13:06.040319+00:00
16116,SFGRF,Sony Financial Group Inc./Adr,US,True,2026-05-03 12:13:06.040319+00:00
16117,KOSCF,Kose Corporation/Adr,US,True,2026-05-03 12:13:06.040319+00:00
16118,PADEF,Adaro Energy Pt/Adr/,US,True,2026-05-03 12:13:06.040319+00:00
16119,GIFOF,Grifols Sa,US,True,2026-05-03 12:13:06.040319+00:00
16120,MSUXF,Misumi Group Inc./Adr,US,True,2026-05-03 12:13:06.040319+00:00
16121,RCWLY,Rockwool A/S/Adr,US,True,2026-05-03 12:13:06.040319+00:00
16122,ATDRF,Auto Trader Group Plc/Adr,US,True,2026-05-03 12:13:06.040319+00:00
16123,DSECF,Daiwa Securities Group Inc.,US,True,2026-05-03 12:13:06.040319+00:00
16124,CMSA,Cms Energy Corp,US,True,2026-05-03 12:13:06.040319+00:00
16125,YMHAY,"Yamaha Motor Co., Ltd.",US,True,2026-05-03 12:13:06.040319+00:00
16126,RNR-PF,Renaissancere Holdings Ltd,US,True,2026-05-03 12:13:06.040319+00:00
16127,UEPEM,Union Electric Co,US,True,2026-05-03 12:13:06.040319+00:00
16128,SLG-PI,Sl Green Realty Corp,US,True,2026-05-03 12:13:06.040319+00:00
16129,FMCCI,Federal Home Loan Mortgage Corp,US,True,2026-05-03 12:13:06.040319+00:00
16130,KIM-PM,Kimco Realty Corp,US,True,2026-05-03 12:13:06.040319+00:00
16131,BCUCF,Brunello Cucinelli S.P.A./Adr,US,True,2026-05-03 12:13:06.040319+00:00
16132,BMRPF,B&M European Value Retail S.A./Adr,US,True,2026-05-03 12:13:06.040319+00:00
16133,LIFX,"Life360, Inc.",US,True,2026-05-03 12:13:06.040319+00:00
16134,GIKLY,Grifols Sa,US,True,2026-05-03 12:13:06.040319+00:00
16135,PCG-PA,Pg&E Corp,US,True,2026-05-03 12:13:06.040319+00:00
16136,RUSHB,Rush Enterprises Inc \Tx\,US,True,2026-05-03 12:13:06.040319+00:00
16137,BLFBY,Balfour Beatty Plc/Adr,US,True,2026-05-03 12:13:06.040319+00:00
16138,HACBY,Hachijuni Bank Ltd,US,True,2026-05-03 12:13:06.040319+00:00
16139,PCG-PB,Pg&E Corp,US,True,2026-05-03 12:13:06.040319+00:00
16140,ALTB,Alpine Auto Brokers Inc.,US,True,2026-05-03 12:13:06.040319+00:00
16141,OAK-PB,"Brookfield Oaktree Holdings, Llc",US,True,2026-05-03 12:13:06.040319+00:00
16142,UNMA,Unum Group,US,True,2026-05-03 12:13:06.040319+00:00
16143,SLFPF,Standard Life Plc,US,True,2026-05-03 12:13:06.040319+00:00
16144,RTMVF,Rightmove Plc/Adr,US,True,2026-05-03 12:13:06.040319+00:00
16145,MITUF,Mitsui Chemicals Inc,US,True,2026-05-03 12:13:06.040319+00:00
16146,BPOPO,"Popular, Inc.",US,True,2026-05-03 12:13:06.040319+00:00
16147,JSM,Navient Corp,US,True,2026-05-03 12:13:06.040319+00:00
16148,HGMCF,Harmony Gold Mining Co Ltd,US,True,2026-05-03 12:13:06.040319+00:00
16149,SSRGF,Ssr Mining Inc.,US,True,2026-05-03 12:13:06.040319+00:00
16150,ZLDPF,Zealand Pharma A/S/Adr,US,True,2026-05-03 12:13:06.040319+00:00
16151,PHTCF,Pldt Inc.,US,True,2026-05-03 12:13:06.040319+00:00
16152,PCG-PE,Pg&E Corp,US,True,2026-05-03 12:13:06.040319+00:00
16153,AKO-B,Andina Bottling Co Inc,US,True,2026-05-03 12:13:06.040319+00:00
16154,EPR-PG,Epr Properties,US,True,2026-05-03 12:13:06.040319+00:00
16155,PPENF,Pampa Energy Inc.,US,True,2026-05-03 12:13:06.040319+00:00
16156,PCG-PD,Pg&E Corp,US,True,2026-05-03 12:13:06.040319+00:00
16157,PCG-PC,Pg&E Corp,US,True,2026-05-03 12:13:06.040319+00:00
16158,FNMFN,Federal National Mortgage Association Fannie Mae,US,True,2026-05-03 12:13:06.040319+00:00
16159,PCG-PH,Pg&E Corp,US,True,2026-05-03 12:13:06.040319+00:00
16160,GAB-PG,Gabelli Equity Trust Inc,US,True,2026-05-03 12:13:06.040319+00:00
16161,PCG-PG,Pg&E Corp,US,True,2026-05-03 12:13:06.040319+00:00
16162,GAERF,Central North Airport Group,US,True,2026-05-03 12:13:06.040319+00:00
16163,AXS-PE,Axis Capital Holdings Ltd,US,True,2026-05-03 12:13:06.040319+00:00
16164,DTW,Dte Energy Co,US,True,2026-05-03 12:13:06.040319+00:00
16165,SPTJF,Sinopec Shanghai Petrochemical Co Ltd,US,True,2026-05-03 12:13:06.040319+00:00
16166,PIFMF,"Indofood Sukses Makmur, Tbk",US,True,2026-05-03 12:13:06.040319+00:00
16167,LBTYK,Liberty Global Ltd.,US,True,2026-05-03 12:13:06.040319+00:00
16168,PCG-PI,Pg&E Corp,US,True,2026-05-03 12:13:06.040319+00:00
16169,DISPF,Disco Corporation/Adr,US,True,2026-05-03 12:13:06.040319+00:00
16170,TCMFF,Telecom Argentina Sa,US,True,2026-05-03 12:13:06.040319+00:00
16171,SLMBP,Slm Corp,US,True,2026-05-03 12:13:06.040319+00:00
16172,PBI-PB,Pitney Bowes Inc /De/,US,True,2026-05-03 12:13:06.040319+00:00
16173,DLAKF,Deutsche Lufthansa A G /Fi,US,True,2026-05-03 12:13:06.040319+00:00
16174,GEF-B,"Greif, Inc",US,True,2026-05-03 12:13:06.040319+00:00
16175,SF-PB,Stifel Financial Corp,US,True,2026-05-03 12:13:06.040319+00:00
16176,REXR-PB,"Rexford Industrial Realty, Inc.",US,True,2026-05-03 12:13:06.040319+00:00
16177,TWO-PC,Two Harbors Investment Corp.,US,True,2026-05-03 12:13:06.040319+00:00
16178,BHFAL,"Brighthouse Financial, Inc.",US,True,2026-05-03 12:13:06.040319+00:00
16179,CIM-PD,Chimera Investment Corp,US,True,2026-05-03 12:13:06.040319+00:00
16180,CIM-PB,Chimera Investment Corp,US,True,2026-05-03 12:13:06.040319+00:00
16181,BELFB,Bel Fuse Inc /Nj,US,True,2026-05-03 12:13:06.040319+00:00
16182,HOVNP,Hovnanian Enterprises Inc,US,True,2026-05-03 12:13:06.040319+00:00
16183,TYTMF,Tokyo Tatemono Co Ltd,US,True,2026-05-03 12:13:06.040319+00:00
16184,MOG-B,Moog Inc.,US,True,2026-05-03 12:13:06.040319+00:00
16185,CIM-PC,Chimera Investment Corp,US,True,2026-05-03 12:13:06.040319+00:00
16186,BATRK,"Atlanta Braves Holdings, Inc.",US,True,2026-05-03 12:13:06.040319+00:00
16187,VLYPP,Valley National Bancorp,US,True,2026-05-03 12:13:06.040319+00:00
16188,ESYJY,Easyjet Plc,US,True,2026-05-03 12:13:06.040319+00:00
16189,RYKKF,Ryohin Keikaku Co/Adr,US,True,2026-05-03 12:13:06.040319+00:00
16190,TWO-PB,Two Harbors Investment Corp.,US,True,2026-05-03 12:13:06.040319+00:00
16191,TWO-PA,Two Harbors Investment Corp.,US,True,2026-05-03 12:13:06.040319+00:00
16192,WRB-PE,Berkley W R Corp,US,True,2026-05-03 12:13:06.040319+00:00
16193,SOHGY,Alsok Co Ltd./Adr,US,True,2026-05-03 12:13:06.040319+00:00
16194,WBS-PF,Webster Financial Corp,US,True,2026-05-03 12:13:06.040319+00:00
16195,VLYPO,Valley National Bancorp,US,True,2026-05-03 12:13:06.040319+00:00
16196,RLJ-PA,Rlj Lodging Trust,US,True,2026-05-03 12:13:06.040319+00:00
16197,PEB-PF,Pebblebrook Hotel Trust,US,True,2026-05-03 12:13:06.040319+00:00
16198,PEB-PE,Pebblebrook Hotel Trust,US,True,2026-05-03 12:13:06.040319+00:00
16199,UA,"Under Armour, Inc.",US,True,2026-05-03 12:13:06.040319+00:00
16200,CIM-PA,Chimera Investment Corp,US,True,2026-05-03 12:13:06.040319+00:00
16201,ASB-PE,Associated Banc-Corp,US,True,2026-05-03 12:13:06.040319+00:00
16202,ATROB,Astronics Corp,US,True,2026-05-03 12:13:06.040319+00:00
16203,BHFAP,"Brighthouse Financial, Inc.",US,True,2026-05-03 12:13:06.040319+00:00
16204,TY-P,Tri-Continental Corp,US,True,2026-05-03 12:13:06.040319+00:00
16205,MFA-PB,"Mfa Financial, Inc.",US,True,2026-05-03 12:13:06.040319+00:00
16206,PTXAF,Pt Xlsmart Telecom Sejahtera Tbk/Adr,US,True,2026-05-03 12:13:06.040319+00:00
16207,HMDCF,Hutchmed (China) Ltd,US,True,2026-05-03 12:13:06.040319+00:00
16208,FMCCG,Federal Home Loan Mortgage Corp,US,True,2026-05-03 12:13:06.040319+00:00
16209,AYASF,Aya Gold & Silver Inc.,US,True,2026-05-03 12:13:06.040319+00:00
16210,DRSHF,Droneshield Ltd,US,True,2026-05-03 12:13:06.040319+00:00
16211,FNMAM,Federal National Mortgage Association Fannie Mae,US,True,2026-05-03 12:13:06.040319+00:00
16212,AILLI,Ameren Illinois Co,US,True,2026-05-03 12:13:06.040319+00:00
16213,TRTN-PA,Triton International Ltd,US,True,2026-05-03 12:13:06.040319+00:00
16214,NSA-PA,National Storage Affiliates Trust,US,True,2026-05-03 12:13:06.040319+00:00
16215,BATRB,"Atlanta Braves Holdings, Inc.",US,True,2026-05-03 12:13:06.040319+00:00
16216,WELPP,Wisconsin Electric Power Co,US,True,2026-05-03 12:13:06.040319+00:00
16217,AILLM,Ameren Illinois Co,US,True,2026-05-03 12:13:06.040319+00:00
16218,AILLN,Ameren Illinois Co,US,True,2026-05-03 12:13:06.040319+00:00
16219,SOCGP,Southern California Gas Co,US,True,2026-05-03 12:13:06.040319+00:00
16220,CDGLF,Comfortdelgro Corp Ltd,US,True,2026-05-03 12:13:06.040319+00:00
16221,FNMAN,Federal National Mortgage Association Fannie Mae,US,True,2026-05-03 12:13:06.040319+00:00
16222,SRG-PA,Seritage Growth Properties,US,True,2026-05-03 12:13:06.040319+00:00
16223,TROLB,Tootsie Roll Industries Inc,US,True,2026-05-03 12:13:06.040319+00:00
16224,AILIM,Ameren Illinois Co,US,True,2026-05-03 12:13:06.040319+00:00
16225,CENTA,Central Garden & Pet Co,US,True,2026-05-03 12:13:06.040319+00:00
16226,FMCCJ,Federal Home Loan Mortgage Corp,US,True,2026-05-03 12:13:06.040319+00:00
16227,FNMAI,Federal National Mortgage Association Fannie Mae,US,True,2026-05-03 12:13:06.040319+00:00
16228,NHNKF,Nihon Kohden Corporation/Adr,US,True,2026-05-03 12:13:06.040319+00:00
16229,CODQL,Coronado Global Resources Inc.,US,True,2026-05-03 12:13:06.040319+00:00
16230,WBHC,Wilson Bank Holding Co,US,True,2026-05-03 12:13:06.040319+00:00
16231,GLPGF,Galapagos Nv,US,True,2026-05-03 12:13:06.040319+00:00
16232,TBNGY,Pt Bukit Asam Tbk/Adr,US,True,2026-05-03 12:13:06.040319+00:00
16233,AILLO,Ameren Illinois Co,US,True,2026-05-03 12:13:06.040319+00:00
16234,LXP-PC,Lxp Industrial Trust,US,True,2026-05-03 12:13:06.040319+00:00
16235,FNMAT,Federal National Mortgage Association Fannie Mae,US,True,2026-05-03 12:13:06.040319+00:00
16236,AILIN,Ameren Illinois Co,US,True,2026-05-03 12:13:06.040319+00:00
16237,FNMAK,Federal National Mortgage Association Fannie Mae,US,True,2026-05-03 12:13:06.040319+00:00
16238,IFCNF,Inficon Holding Ag/Adr,US,True,2026-05-03 12:13:06.040319+00:00
16239,AHL-PE,Aspen Insurance Holdings Ltd,US,True,2026-05-03 12:13:06.040319+00:00
16240,FNMAL,Federal National Mortgage Association Fannie Mae,US,True,2026-05-03 12:13:06.040319+00:00
16241,FNMFM,Federal National Mortgage Association Fannie Mae,US,True,2026-05-03 12:13:06.040319+00:00
16242,IVR-PC,Invesco Mortgage Capital Inc.,US,True,2026-05-03 12:13:06.040319+00:00
16243,AILLP,Ameren Illinois Co,US,True,2026-05-03 12:13:06.040319+00:00
16244,WLYB,"John Wiley & Sons, Inc.",US,True,2026-05-03 12:13:06.040319+00:00
16245,FNMAO,Federal National Mortgage Association Fannie Mae,US,True,2026-05-03 12:13:06.040319+00:00
16246,FNMAG,Federal National Mortgage Association Fannie Mae,US,True,2026-05-03 12:13:06.040319+00:00
16247,FNMFO,Federal National Mortgage Association Fannie Mae,US,True,2026-05-03 12:13:06.040319+00:00
16248,NGL-PB,Ngl Energy Partners Lp,US,True,2026-05-03 12:13:06.040319+00:00
16249,ARZTF,Aryzta Ag (Fka Iaws Group Plc),US,True,2026-05-03 12:13:06.040319+00:00
16250,AGM-A,Federal Agricultural Mortgage Corp,US,True,2026-05-03 12:13:06.040319+00:00
16251,LILAK,Liberty Latin America Ltd.,US,True,2026-05-03 12:13:06.040319+00:00
16252,GDV-PH,Gabelli Dividend & Income Trust,US,True,2026-05-03 12:13:06.040319+00:00
16253,FISK,"Empire State Realty Op, L.P.",US,True,2026-05-03 12:13:06.040319+00:00
16254,GRPFF,"Grupo Televisa, S.A.B.",US,True,2026-05-03 12:13:06.040319+00:00
16255,EVOTF,Evotec Se,US,True,2026-05-03 12:13:06.040319+00:00
16256,NGL-PC,Ngl Energy Partners Lp,US,True,2026-05-03 12:13:06.040319+00:00
16257,BFS-PD,"Saul Centers, Inc.",US,True,2026-05-03 12:13:06.040319+00:00
16258,FMCCL,Federal Home Loan Mortgage Corp,US,True,2026-05-03 12:13:06.040319+00:00
16259,OGCP,"Empire State Realty Op, L.P.",US,True,2026-05-03 12:13:06.040319+00:00
16260,FMCKL,Federal Home Loan Mortgage Corp,US,True,2026-05-03 12:13:06.040319+00:00
16261,LTGHF,Life Healthcare Group Holdings Limited/Adr,US,True,2026-05-03 12:13:06.040319+00:00
16262,PMT-PA,Pennymac Mortgage Investment Trust,US,True,2026-05-03 12:13:06.040319+00:00
16263,GNL-PA,"Global Net Lease, Inc.",US,True,2026-05-03 12:13:06.040319+00:00
16264,PMT-PB,Pennymac Mortgage Investment Trust,US,True,2026-05-03 12:13:06.040319+00:00
16265,RSRBF,Robex Resources Inc.,US,True,2026-05-03 12:13:06.040319+00:00
16266,SBOEF,Sbo Ag/Adr,US,True,2026-05-03 12:13:06.040319+00:00
16267,LILAB,Liberty Latin America Ltd.,US,True,2026-05-03 12:13:06.040319+00:00
16268,HCXY,"Hercules Capital, Inc.",US,True,2026-05-03 12:13:06.040319+00:00
16269,GAB-PH,Gabelli Equity Trust Inc,US,True,2026-05-03 12:13:06.040319+00:00
16270,FMCCS,Federal Home Loan Mortgage Corp,US,True,2026-05-03 12:13:06.040319+00:00
16271,MHLA,"Maiden Holdings, Ltd.",US,True,2026-05-03 12:13:06.040319+00:00
16272,AHL-PD,Aspen Insurance Holdings Ltd,US,True,2026-05-03 12:13:06.040319+00:00
16273,FMCCO,Federal Home Loan Mortgage Corp,US,True,2026-05-03 12:13:06.040319+00:00
16274,CODI-PB,Compass Diversified Holdings,US,True,2026-05-03 12:13:06.040319+00:00
16275,FMCKN,Federal Home Loan Mortgage Corp,US,True,2026-05-03 12:13:06.040319+00:00
16276,FREJN,Federal Home Loan Mortgage Corp,US,True,2026-05-03 12:13:06.040319+00:00
16277,CMGMF,Chemring Group Plc/Adr,US,True,2026-05-03 12:13:06.040319+00:00
16278,FMCCN,Federal Home Loan Mortgage Corp,US,True,2026-05-03 12:13:06.040319+00:00
16279,FMCKO,Federal Home Loan Mortgage Corp,US,True,2026-05-03 12:13:06.040319+00:00
16280,GLOP-PB,Gaslog Partners Lp,US,True,2026-05-03 12:13:06.040319+00:00
16281,FMCKJ,Federal Home Loan Mortgage Corp,US,True,2026-05-03 12:13:06.040319+00:00
16282,FMCKM,Federal Home Loan Mortgage Corp,US,True,2026-05-03 12:13:06.040319+00:00
16283,ATLC,Atlanticus Holdings Corp,US,True,2026-05-03 12:13:06.040319+00:00
16284,GLOP-PC,Gaslog Partners Lp,US,True,2026-05-03 12:13:06.040319+00:00
16285,FREGP,Federal Home Loan Mortgage Corp,US,True,2026-05-03 12:13:06.040319+00:00
16286,GLOP-PA,Gaslog Partners Lp,US,True,2026-05-03 12:13:06.040319+00:00
16287,FMCCH,Federal Home Loan Mortgage Corp,US,True,2026-05-03 12:13:06.040319+00:00
16288,FMCCK,Federal Home Loan Mortgage Corp,US,True,2026-05-03 12:13:06.040319+00:00
16289,HL-PB,Hecla Mining Co/De/,US,True,2026-05-03 12:13:06.040319+00:00
16290,FMCCP,Federal Home Loan Mortgage Corp,US,True,2026-05-03 12:13:06.040319+00:00
16291,FMCCM,Federal Home Loan Mortgage Corp,US,True,2026-05-03 12:13:06.040319+00:00
16292,FMCKP,Federal Home Loan Mortgage Corp,US,True,2026-05-03 12:13:06.040319+00:00
16293,CODI-PA,Compass Diversified Holdings,US,True,2026-05-03 12:13:06.040319+00:00
16294,GRAF-UN,Graf Global Corp.,US,True,2026-05-03 12:13:06.040319+00:00
16295,BH,Biglari Holdings Inc.,US,True,2026-05-03 12:13:06.040319+00:00
16296,FXCNF,Fih Mobile Ltd,US,True,2026-05-03 12:13:06.040319+00:00
16297,SENEA,Seneca Foods Corp,US,True,2026-05-03 12:13:06.040319+00:00
16298,INN-PE,"Summit Hotel Properties, Inc.",US,True,2026-05-03 12:13:06.040319+00:00
16299,HCACU,Hall Chadwick Acquisition Corp,US,True,2026-05-03 12:13:06.040319+00:00
16300,GAM-PB,General American Investors Co Inc,US,True,2026-05-03 12:13:06.040319+00:00
16301,HTBK,Heritage Commerce Corp,US,True,2026-05-03 12:13:06.040319+00:00
16302,IIPR-PA,Innovative Industrial Properties Inc,US,True,2026-05-03 12:13:06.040319+00:00
16303,GTN-A,"Gray Media, Inc",US,True,2026-05-03 12:13:06.040319+00:00
16304,DGICB,Donegal Group Inc,US,True,2026-05-03 12:13:06.040319+00:00
16305,MEOBF,Mesoblast Ltd,US,True,2026-05-03 12:13:06.040319+00:00
16306,DRDGF,Drdgold Ltd,US,True,2026-05-03 12:13:06.040319+00:00
16307,CMRE-PD,Costamare Inc.,US,True,2026-05-03 12:13:06.040319+00:00
16308,HOVVB,Hovnanian Enterprises Inc,US,True,2026-05-03 12:13:06.040319+00:00
16309,CMRE-PB,Costamare Inc.,US,True,2026-05-03 12:13:06.040319+00:00
16310,CMRE-PC,Costamare Inc.,US,True,2026-05-03 12:13:06.040319+00:00
16311,GDRZF,Gold Reserve Ltd,US,True,2026-05-03 12:13:06.040319+00:00
16312,AGM-PD,Federal Agricultural Mortgage Corp,US,True,2026-05-03 12:13:06.040319+00:00
16313,HLTC,"National Healthcare Properties, Inc.",US,True,2026-05-03 12:13:06.040319+00:00
16314,HVT-A,Haverty Furniture Companies Inc,US,True,2026-05-03 12:13:06.040319+00:00
16315,GGT-PE,Gabelli Multimedia Trust Inc.,US,True,2026-05-03 12:13:06.040319+00:00
16316,KELYB,Kelly Services Inc,US,True,2026-05-03 12:13:06.040319+00:00
16317,GGN-PB,"Gamco Global Gold, Natural Resources & Income Trust",US,True,2026-05-03 12:13:06.040319+00:00
16318,BRSYF,Brainsway Ltd.,US,True,2026-05-03 12:13:06.040319+00:00
16319,UMH-PD,"Umh Properties, Inc.",US,True,2026-05-03 12:13:06.040319+00:00
16320,OXLCM,Oxford Lane Capital Corp.,US,True,2026-05-03 12:13:06.040319+00:00
16321,MITT-PA,"Tpg Mortgage Investment Trust, Inc.",US,True,2026-05-03 12:13:06.040319+00:00
16322,MTGRF,Mgx Resources Limited/Adr,US,True,2026-05-03 12:13:06.040319+00:00
16323,AIRTP,Air T Inc,US,True,2026-05-03 12:13:06.040319+00:00
16324,ECCX,Eagle Point Credit Co Inc.,US,True,2026-05-03 12:13:06.040319+00:00
16325,CIGL,Concorde International Group Ltd.,US,True,2026-05-03 12:13:06.040319+00:00
16326,MITT-PB,"Tpg Mortgage Investment Trust, Inc.",US,True,2026-05-03 12:13:06.040319+00:00
16327,NEWTI,"Newtekone, Inc.",US,True,2026-05-03 12:13:06.040319+00:00
16328,PTCHF,Puretech Health Plc,US,True,2026-05-03 12:13:06.040319+00:00
16329,OXLCO,Oxford Lane Capital Corp.,US,True,2026-05-03 12:13:06.040319+00:00
16330,CRD-B,Crawford & Co,US,True,2026-05-03 12:13:06.040319+00:00
16331,NCV-PA,Virtus Convertible & Income Fund,US,True,2026-05-03 12:13:06.040319+00:00
16332,ERLFF,Entree Resources Ltd.,US,True,2026-05-03 12:13:06.040319+00:00
16333,AVHHL,"Avita Medical, Inc.",US,True,2026-05-03 12:13:06.040319+00:00
16334,VSOGF,"Vista Energy, S.A.B. De C.V.",US,True,2026-05-03 12:13:06.040319+00:00
16335,ARTNB,Artesian Resources Corp,US,True,2026-05-03 12:13:06.040319+00:00
16336,CKDXF,Opthea Ltd,US,True,2026-05-03 12:13:06.040319+00:00
16337,CNTHP,Connecticut Light & Power Co,US,True,2026-05-03 12:13:06.040319+00:00
16338,IHRTB,"Iheartmedia, Inc.",US,True,2026-05-03 12:13:06.040319+00:00
16339,GUT-PC,Gabelli Utility Trust,US,True,2026-05-03 12:13:06.040319+00:00
16340,CNLPL,Connecticut Light & Power Co,US,True,2026-05-03 12:13:06.040319+00:00
16341,NCZ-PA,Virtus Convertible & Income Fund Ii,US,True,2026-05-03 12:13:06.040319+00:00
16342,GSCCF,Ioneer Ltd,US,True,2026-05-03 12:13:06.040319+00:00
16343,DFPH,"Oncology Institute, Inc.",US,True,2026-05-03 12:13:06.040319+00:00
16344,DSX-PB,Diana Shipping Inc.,US,True,2026-05-03 12:13:06.040319+00:00
16345,CNTHO,Connecticut Light & Power Co,US,True,2026-05-03 12:13:06.040319+00:00
16346,RVRF,River Financial Corp,US,True,2026-05-03 12:13:06.040319+00:00
16347,MTMV,Motomova Inc,US,True,2026-05-03 12:13:06.040319+00:00
16348,BHR-PB,Braemar Hotels & Resorts Inc.,US,True,2026-05-03 12:13:06.040319+00:00
16349,CHMI-PB,Cherry Hill Mortgage Investment Corp,US,True,2026-05-03 12:13:06.040319+00:00
16350,RLFTY,Mindmaze Therapeutics Holding Sa,US,True,2026-05-03 12:13:06.040319+00:00
16351,PRRUF,Immutep Ltd,US,True,2026-05-03 12:13:06.040319+00:00
16352,CNTHN,Connecticut Light & Power Co,US,True,2026-05-03 12:13:06.040319+00:00
16353,SLNCF,Silence Therapeutics Plc,US,True,2026-05-03 12:13:06.040319+00:00
16354,APLMW,Apollomics Inc.,US,True,2026-05-03 12:13:06.040319+00:00
16355,CNLHP,Connecticut Light & Power Co,US,True,2026-05-03 12:13:06.040319+00:00
16356,ARCXF,Arcelormittal,US,True,2026-05-03 12:13:06.040319+00:00
16357,CNLTP,Connecticut Light & Power Co,US,True,2026-05-03 12:13:06.040319+00:00
16358,BHR-PD,Braemar Hotels & Resorts Inc.,US,True,2026-05-03 12:13:06.040319+00:00
16359,CNLTL,Connecticut Light & Power Co,US,True,2026-05-03 12:13:06.040319+00:00
16360,IPHYF,Innate Pharma Sa,US,True,2026-05-03 12:13:06.040319+00:00
16361,CNPWM,Connecticut Light & Power Co,US,True,2026-05-03 12:13:06.040319+00:00
16362,PRTHU,"Priority Technology Holdings, Inc.",US,True,2026-05-03 12:13:06.040319+00:00
16363,CHMI-PA,Cherry Hill Mortgage Investment Corp,US,True,2026-05-03 12:13:06.040319+00:00
16364,CNLHO,Connecticut Light & Power Co,US,True,2026-05-03 12:13:06.040319+00:00
16365,CNPWP,Connecticut Light & Power Co,US,True,2026-05-03 12:13:06.040319+00:00
16366,LANDP,Gladstone Land Corp,US,True,2026-05-03 12:13:06.040319+00:00
16367,CNLPM,Connecticut Light & Power Co,US,True,2026-05-03 12:13:06.040319+00:00
16368,CNLTN,Connecticut Light & Power Co,US,True,2026-05-03 12:13:06.040319+00:00
16369,CDR-PC,"Cedar Realty Trust, Inc.",US,True,2026-05-03 12:13:06.040319+00:00
16370,ENO,"Entergy New Orleans, Llc",US,True,2026-05-03 12:13:06.040319+00:00
16371,NVNXF,Novonix Ltd,US,True,2026-05-03 12:13:06.040319+00:00
16372,CNLHN,Connecticut Light & Power Co,US,True,2026-05-03 12:13:06.040319+00:00
16373,BNIGF,Beroni Group Ltd,US,True,2026-05-03 12:13:06.040319+00:00
16374,SWKH,Swk Holdings Corp,US,True,2026-05-03 12:13:06.040319+00:00
16375,IVEVF,Inventiva S.A.,US,True,2026-05-03 12:13:06.040319+00:00
16376,CDR-PB,"Cedar Realty Trust, Inc.",US,True,2026-05-03 12:13:06.040319+00:00
16377,ECXJ,"Cxj Group Co., Ltd",US,True,2026-05-03 12:13:06.040319+00:00
16378,SB-PD,"Safe Bulkers, Inc.",US,True,2026-05-03 12:13:06.040319+00:00
16379,SB-PC,"Safe Bulkers, Inc.",US,True,2026-05-03 12:13:06.040319+00:00
16380,EBRCZ,"Ebr Systems, Inc.",US,True,2026-05-03 12:13:06.040319+00:00
16381,DLNG-PA,Dynagas Lng Partners Lp,US,True,2026-05-03 12:13:06.040319+00:00
16382,WONDF,Wonderfi Technologies Inc.,US,True,2026-05-03 12:13:06.040319+00:00
16383,CHPGF,Chesapeake Gold Corp,US,True,2026-05-03 12:13:06.040319+00:00
16384,LUCN,"Lucent, Inc.",US,True,2026-05-03 12:13:06.040319+00:00
16385,SINC,Sincerity Applied Materials Holdings Corp.,US,True,2026-05-03 12:13:06.040319+00:00
16386,HUSIF,Nicola Mining Inc.,US,True,2026-05-03 12:13:06.040319+00:00
16387,BBXIB,"Bbx Capital, Inc.",US,True,2026-05-03 12:13:06.040319+00:00
16388,TTSH,"Tile Shop Holdings, Inc.",US,True,2026-05-03 12:13:06.040319+00:00
16389,AHT-PF,Ashford Hospitality Trust Inc,US,True,2026-05-03 12:13:06.040319+00:00
16390,AHT-PD,Ashford Hospitality Trust Inc,US,True,2026-05-03 12:13:06.040319+00:00
16391,OCGSF,Outcrop Silver & Gold Corp,US,True,2026-05-03 12:13:06.040319+00:00
16392,AHT-PH,Ashford Hospitality Trust Inc,US,True,2026-05-03 12:13:06.040319+00:00
16393,CRTD,"Creatd, Inc.",US,True,2026-05-03 12:13:06.040319+00:00
16394,AOAO,Alpha One Inc.,US,True,2026-05-03 12:13:06.040319+00:00
16395,AHT-PG,Ashford Hospitality Trust Inc,US,True,2026-05-03 12:13:06.040319+00:00
16396,RDIB,Reading International Inc,US,True,2026-05-03 12:13:06.040319+00:00
16397,AHT-PI,Ashford Hospitality Trust Inc,US,True,2026-05-03 12:13:06.040319+00:00
16398,ECF-PA,Ellsworth Growth & Income Fund Ltd,US,True,2026-05-03 12:13:06.040319+00:00
16399,MRCC,Monroe Capital Corp,US,True,2026-05-03 12:13:06.040319+00:00
16400,SOHOO,Sotherly Hotels Inc.,US,True,2026-05-03 12:13:06.040319+00:00
16401,SFDL,Security Federal Corp,US,True,2026-05-03 12:13:06.040319+00:00
16402,RAASY,Cloopen Group Holding Ltd,US,True,2026-05-03 12:13:06.040319+00:00
16403,BCV-PA,Bancroft Fund Ltd,US,True,2026-05-03 12:13:06.040319+00:00
16404,BCTF,"Bancorp 34, Inc.",US,True,2026-05-03 12:13:06.040319+00:00
16405,OFED,Oconee Federal Financial Corp.,US,True,2026-05-03 12:13:06.040319+00:00
16406,RGBPP,Regen Biopharma Inc,US,True,2026-05-03 12:13:06.040319+00:00
16407,GLU-PB,Gabelli Global Utility & Income Trust,US,True,2026-05-03 12:13:06.040319+00:00
16408,ENDI,Endi Corp.,US,True,2026-05-03 12:13:06.040319+00:00
16409,PELI,Pelican Acquisition Corp,US,True,2026-05-03 12:13:06.040319+00:00
16410,ATEK,Athena Technology Acquisition Corp. Ii,US,True,2026-05-03 12:13:06.040319+00:00
16411,RLFTF,Mindmaze Therapeutics Holding Sa,US,True,2026-05-03 12:13:06.040319+00:00
16412,CPTP,Capital Properties Inc /Ri/,US,True,2026-05-03 12:13:06.040319+00:00
16413,FUUFF,F3 Uranium Corp.,US,True,2026-05-03 12:13:06.040319+00:00
16414,IXAQF,Ix Acquisition Corp.,US,True,2026-05-03 12:13:06.040319+00:00
16415,BKSC,Bank Of South Carolina Corp,US,True,2026-05-03 12:13:06.040319+00:00
16416,GSL-PB,"Global Ship Lease, Inc.",US,True,2026-05-03 12:13:06.040319+00:00
16417,KBSR,"Kbs Real Estate Investment Trust Iii, Inc.",US,True,2026-05-03 12:13:06.040319+00:00
16418,CULL,"Cullman Bancorp, Inc. /Md/",US,True,2026-05-03 12:13:06.040319+00:00
16419,CMCAF,Piermont Valley Acquisition Corp,US,True,2026-05-03 12:13:06.040319+00:00
16420,JOCM,Jocom Holdings Corp.,US,True,2026-05-03 12:13:06.040319+00:00
16421,GGROU,Golden Growers Cooperative,US,True,2026-05-03 12:13:06.040319+00:00
16422,CBRRF,Chain Bridge I,US,True,2026-05-03 12:13:06.040319+00:00
16423,SOHON,Sotherly Hotels Inc.,US,True,2026-05-03 12:13:06.040319+00:00
16424,FBIOP,"Fortress Biotech, Inc.",US,True,2026-05-03 12:13:06.040319+00:00
16425,HSTC,"Hst Global, Inc.",US,True,2026-05-03 12:13:06.040319+00:00
16426,SOHOB,Sotherly Hotels Inc.,US,True,2026-05-03 12:13:06.040319+00:00
16427,GTMAY,Grupo Tmm Sab,US,True,2026-05-03 12:13:06.040319+00:00
16428,HCIL,"Hongchang International Co., Ltd",US,True,2026-05-03 12:13:06.040319+00:00
16429,ARRKF,Arras Minerals Corp.,US,True,2026-05-03 12:13:06.040319+00:00
16430,ASCBF,Aspac Ii Acquisition Corp.,US,True,2026-05-03 12:13:06.040319+00:00
16431,FSHPU,Flag Ship Acquisition Corp,US,True,2026-05-03 12:13:06.040319+00:00
16432,ENTX,Entera Bio Ltd.,US,True,2026-05-03 12:13:06.040319+00:00
16433,STRC,Strategy Inc,US,True,2026-05-03 12:13:06.040319+00:00
16434,MAPS,"Wm Technology, Inc.",US,True,2026-05-03 12:13:06.040319+00:00
16435,PROCF,Sofgen Pharma S.A.,US,True,2026-05-03 12:13:06.040319+00:00
16436,BCOW,"1895 Bancorp Of Wisconsin, Inc. /Md/",US,True,2026-05-03 12:13:06.040319+00:00
16437,NSRCF,Nextsource Materials Inc.,US,True,2026-05-03 12:13:06.040319+00:00
16438,TRLC,Trilinc Global Impact Fund Llc,US,True,2026-05-03 12:13:06.040319+00:00
16439,GRFXF,Graphex Group Ltd,US,True,2026-05-03 12:13:06.040319+00:00
16440,MDNAF,Medicenna Therapeutics Corp.,US,True,2026-05-03 12:13:06.040319+00:00
16441,CIZN,Citizens Holding Co /Ms/,US,True,2026-05-03 12:13:06.040319+00:00
16442,VICP,"Vicapsys Life Sciences, Inc.",US,True,2026-05-03 12:13:06.040319+00:00
16443,NZEOF,New Zealand Oil & Gas Ltd/Adr,US,True,2026-05-03 12:13:06.040319+00:00
16444,SCYYF,Scandium International Mining Corp.,US,True,2026-05-03 12:13:06.040319+00:00
16445,JETBF,Global Crossing Airlines Group Inc.,US,True,2026-05-03 12:13:06.040319+00:00
16446,BBXIA,"Bbx Capital, Inc.",US,True,2026-05-03 12:13:06.040319+00:00
16447,UONEK,"Urban One, Inc.",US,True,2026-05-03 12:13:06.040319+00:00
16448,RMHI,"Retrieve Medical Holdings, Inc.",US,True,2026-05-03 12:13:06.040319+00:00
16449,WINV,Winvest Acquisition Corp.,US,True,2026-05-03 12:13:06.040319+00:00
16450,AVLNF,Avalon Advanced Materials Inc.,US,True,2026-05-03 12:13:06.040319+00:00
16451,MLMC,"Frankspeech Network, Inc.",US,True,2026-05-03 12:13:06.040319+00:00
16452,PTN,Palatin Technologies Inc,US,True,2026-05-03 12:13:06.040319+00:00
16453,WSKEF,Wisekey International Holding S.A.,US,True,2026-05-03 12:13:06.040319+00:00
16454,EAXR,"Ealixir, Inc.",US,True,2026-05-03 12:13:06.040319+00:00
16455,GBNY,"Generations Bancorp Ny, Inc.",US,True,2026-05-03 12:13:06.040319+00:00
16456,BIOE,Bio Essence Corp,US,True,2026-05-03 12:13:06.040319+00:00
16457,ANPCF,Angle Plc,US,True,2026-05-03 12:13:06.040319+00:00
16458,ILLMF,Illumin Holdings Inc.,US,True,2026-05-03 12:13:06.040319+00:00
16459,AATC,Autoscope Technologies Corp,US,True,2026-05-03 12:13:06.040319+00:00
16460,OMCC,Old Market Capital Corp,US,True,2026-05-03 12:13:06.040319+00:00
16461,LTSV,"Lightstone Value Plus Reit Iv, Inc.",US,True,2026-05-03 12:13:06.040319+00:00
16462,CLCS,"Cell Source, Inc.",US,True,2026-05-03 12:13:06.040319+00:00
16463,HSTI,"High Sierra Technologies, Inc.",US,True,2026-05-03 12:13:06.040319+00:00
16464,SGTM,"Sustainable Green Team, Ltd.",US,True,2026-05-03 12:13:06.040319+00:00
16465,GWLL,"Goldenwell Biotech, Inc.",US,True,2026-05-03 12:13:06.040319+00:00
16466,OSBK,Oconee Financial Corp,US,True,2026-05-03 12:13:06.040319+00:00
16467,XTXXF,Adastra Holdings Ltd.,US,True,2026-05-03 12:13:06.040319+00:00
16468,SER,"Serina Therapeutics, Inc.",US,True,2026-05-03 12:13:06.040319+00:00
16469,WVVIP,Willamette Valley Vineyards Inc,US,True,2026-05-03 12:13:06.040319+00:00
16470,LTCH,"Latch, Inc.",US,True,2026-05-03 12:13:06.040319+00:00
16471,BRCNF,Burcon Nutrascience Corp,US,True,2026-05-03 12:13:06.040319+00:00
16472,VWFB,"Vwf Bancorp, Inc.",US,True,2026-05-03 12:13:06.040319+00:00
16473,ANEB,"Anebulo Pharmaceuticals, Inc.",US,True,2026-05-03 12:13:06.040319+00:00
16474,ZGM,Zenta Group Co Ltd,US,True,2026-05-03 12:13:06.040319+00:00
16475,MRZLF,Mirasol Resources Ltd,US,True,2026-05-03 12:13:06.040319+00:00
16476,WNFT,Worldwide Nft Inc.,US,True,2026-05-03 12:13:06.040319+00:00
16477,AFGC,American Financial Group Inc,US,True,2026-05-03 12:13:06.040319+00:00
16478,BZRD,"Blubuzzard, Inc.",US,True,2026-05-03 12:13:06.040319+00:00
16479,TBMC,Trailblazer Merger Corp I,US,True,2026-05-03 12:13:06.040319+00:00
16480,FALC,Falconstor Software Inc,US,True,2026-05-03 12:13:06.040319+00:00
16481,WHLM,"Wilhelmina International, Inc.",US,True,2026-05-03 12:13:06.040319+00:00
16482,FLYYQ,"Spirit Aviation Holdings, Inc.",US,True,2026-05-03 12:13:06.040319+00:00
16483,SFES,Safeguard Scientifics Inc,US,True,2026-05-03 12:13:06.040319+00:00
16484,GSTX,Graphene & Solar Technologies Ltd,US,True,2026-05-03 12:13:06.040319+00:00
16485,BQST,Bioquest Corp,US,True,2026-05-03 12:13:06.040319+00:00
16486,WHLRD,"Wheeler Real Estate Investment Trust, Inc.",US,True,2026-05-03 12:13:06.040319+00:00
16487,GRFXY,Graphex Group Ltd,US,True,2026-05-03 12:13:06.040319+00:00
16488,HOOK,Hookipa Pharma Inc.,US,True,2026-05-03 12:13:06.040319+00:00
16489,GLBZ,Glen Burnie Bancorp,US,True,2026-05-03 12:13:06.040319+00:00
16490,SALM,"Salem Media Group, Inc. /De/",US,True,2026-05-03 12:13:06.040319+00:00
16491,PRNAF,Alterity Therapeutics Ltd,US,True,2026-05-03 12:13:06.040319+00:00
16492,MNTCF,"Montage Technology Co., Ltd./Adr",US,True,2026-05-03 12:13:06.040319+00:00
16493,TVE,Tennessee Valley Authority,US,True,2026-05-03 12:13:06.040319+00:00
16494,MCLE,Medicale Corp.,US,True,2026-05-03 12:13:06.040319+00:00
16495,BNSOF,Bonso Electronics International Inc,US,True,2026-05-03 12:13:06.040319+00:00
16496,HMMR,Hammer Technology Holdings Corp.,US,True,2026-05-03 12:13:06.040319+00:00
16497,TVC,Tennessee Valley Authority,US,True,2026-05-03 12:13:06.040319+00:00
16498,SWISF,Sekur Private Data Ltd.,US,True,2026-05-03 12:13:06.040319+00:00
16499,ASPU,"Aspen Group, Inc.",US,True,2026-05-03 12:13:06.040319+00:00
16500,AGLY,Atlantis Glory Inc.,US,True,2026-05-03 12:13:06.040319+00:00
16501,VMNT,"Vemanti Group, Inc.",US,True,2026-05-03 12:13:06.040319+00:00
16502,LDDFF,"Liberty Defense Holdings, Ltd.",US,True,2026-05-03 12:13:06.040319+00:00
16503,TAIT,Taitron Components Inc,US,True,2026-05-03 12:13:06.040319+00:00
16504,PNPL,"Pineapple, Inc.",US,True,2026-05-03 12:13:06.040319+00:00
16505,EVTK,Eventiko Inc.,US,True,2026-05-03 12:13:06.040319+00:00
16506,PMDI,Psychemedics Corp,US,True,2026-05-03 12:13:06.040319+00:00
16507,PMEDF,Predictmedix Inc.,US,True,2026-05-03 12:13:06.040319+00:00
16508,APHD,"Verde Bio Holdings, Inc.",US,True,2026-05-03 12:13:06.040319+00:00
16509,CJAX,Cojax Oil & Gas Corp,US,True,2026-05-03 12:13:06.040319+00:00
16510,FEOVF,Oceanic Iron Ore Corp,US,True,2026-05-03 12:13:06.040319+00:00
16511,CARV,Carver Bancorp Inc,US,True,2026-05-03 12:13:06.040319+00:00
16512,MGTI,"Mgt Capital Investments, Inc.",US,True,2026-05-03 12:13:06.040319+00:00
16513,NEXCF,Nextech3D.Ai Corp.,US,True,2026-05-03 12:13:06.040319+00:00
16514,BLMH,"Blum Holdings, Inc.",US,True,2026-05-03 12:13:06.040319+00:00
16515,SILEF,Silver Elephant Mining Corp.,US,True,2026-05-03 12:13:06.040319+00:00
16516,ATON,Alpha Compute Corp,US,True,2026-05-03 12:13:06.040319+00:00
16517,FULO,Fullnet Communications Inc,US,True,2026-05-03 12:13:06.040319+00:00
16518,NGHI,"Galenfeha, Inc.",US,True,2026-05-03 12:13:06.040319+00:00
16519,VQSSF,Viq Solutions Inc.,US,True,2026-05-03 12:13:06.040319+00:00
16520,GBCS,"Selectis Health, Inc.",US,True,2026-05-03 12:13:06.040319+00:00
16521,GLUC,"Glucose Health, Inc.",US,True,2026-05-03 12:13:06.040319+00:00
16522,CYCA,Cytta Corp.,US,True,2026-05-03 12:13:06.040319+00:00
16523,EESH,"Eestech, Inc.",US,True,2026-05-03 12:13:06.040319+00:00
16524,BRRN,"Byrn, Inc.",US,True,2026-05-03 12:13:06.040319+00:00
16525,GFASY,Gafisa S.A.,US,True,2026-05-03 12:13:06.040319+00:00
16526,MVCO,"Metavesco, Inc.",US,True,2026-05-03 12:13:06.040319+00:00
16527,SFUNY,Fang Holdings Ltd,US,True,2026-05-03 12:13:06.040319+00:00
16528,YQAI,"Youneeqai Technical Services, Inc.",US,True,2026-05-03 12:13:06.040319+00:00
16529,ZIVO,"Zivo Bioscience, Inc.",US,True,2026-05-03 12:13:06.040319+00:00
16530,ILXP,Ecominas Corp.,US,True,2026-05-03 12:13:06.040319+00:00
16531,QVCGA,"Qvc Group, Inc.",US,True,2026-05-03 12:13:06.040319+00:00
16532,BBBXF,Brixton Metals Corp,US,True,2026-05-03 12:13:06.040319+00:00
16533,LCHD,Leader Capital Holdings Corp.,US,True,2026-05-03 12:13:06.040319+00:00
16534,FGCO,"Financial Gravity Companies, Inc.",US,True,2026-05-03 12:13:06.040319+00:00
16535,VISL,"Vislink Technologies, Inc.",US,True,2026-05-03 12:13:06.040319+00:00
16536,EGLXF,Enthusiast Gaming Holdings Inc. / Canada,US,True,2026-05-03 12:13:06.040319+00:00
16537,DTGI,"Digerati Technologies, Inc.",US,True,2026-05-03 12:13:06.040319+00:00
16538,SITS,"Southern Its International, Inc.",US,True,2026-05-03 12:13:06.040319+00:00
16539,SUIC,Suic Worldwide Holdings Ltd.,US,True,2026-05-03 12:13:06.040319+00:00
16540,NXMH,"Next Meats Holdings, Inc.",US,True,2026-05-03 12:13:06.040319+00:00
16541,RSCF,"Reflect Scientific, Inc.",US,True,2026-05-03 12:13:06.040319+00:00
16542,EGTYF,Eguana Technologies Inc.,US,True,2026-05-03 12:13:06.040319+00:00
16543,TGCB,"Tego Cyber, Inc.",US,True,2026-05-03 12:13:06.040319+00:00
16544,NMGX,Nano Magic Inc.,US,True,2026-05-03 12:13:06.040319+00:00
16545,GLVT,Greenlit Ventures Inc.,US,True,2026-05-03 12:13:06.040319+00:00
16546,MTTCF,Steakholder Foods Ltd.,US,True,2026-05-03 12:13:06.040319+00:00
16547,GRST,Ethema Health Corp,US,True,2026-05-03 12:13:06.040319+00:00
16548,NUVI,Emo Capital Corp.,US,True,2026-05-03 12:13:06.040319+00:00
16549,WDLF,"Decentral Life, Inc.",US,True,2026-05-03 12:13:06.040319+00:00
16550,FZMD,"Fuse Medical, Inc.",US,True,2026-05-03 12:13:06.040319+00:00
16551,BWMG,"Brownie'S Marine Group, Inc",US,True,2026-05-03 12:13:06.040319+00:00
16552,CANN,Trees Corp (Colorado),US,True,2026-05-03 12:13:06.040319+00:00
16553,ACRL,"Atacama Resources International, Inc.",US,True,2026-05-03 12:13:06.040319+00:00
16554,EBZT,"Everything Blockchain, Inc.",US,True,2026-05-03 12:13:06.040319+00:00
16555,VCNX,"Vaccinex, Inc.",US,True,2026-05-03 12:13:06.040319+00:00
16556,RDAR,"Telvantis, Inc.",US,True,2026-05-03 12:13:06.040319+00:00
16557,UCASU,Uc Asset Lp,US,True,2026-05-03 12:13:06.040319+00:00
16558,CETXP,Cemtrex Inc,US,True,2026-05-03 12:13:06.040319+00:00
16559,GPLL,"Gpl Holdings, Inc.",US,True,2026-05-03 12:13:06.040319+00:00
16560,HHHEF,37 Capital Inc,US,True,2026-05-03 12:13:06.040319+00:00
16561,IWAL,Iwallet Corp,US,True,2026-05-03 12:13:06.040319+00:00
16562,TPHS,Trinity Place Holdings Inc.,US,True,2026-05-03 12:13:06.040319+00:00
16563,JRSS,Jrsis Health Care Corp,US,True,2026-05-03 12:13:06.040319+00:00
16564,AXIM,"Axim Biotechnologies, Inc.",US,True,2026-05-03 12:13:06.040319+00:00
16565,UCLE,Us Nuclear Corp.,US,True,2026-05-03 12:13:06.040319+00:00
16566,MYCB,"My City Builders, Inc.",US,True,2026-05-03 12:13:06.040319+00:00
16567,SSHT,Ssht S&T Group Ltd.,US,True,2026-05-03 12:13:06.040319+00:00
16568,BYOC,"Beyond Commerce, Inc.",US,True,2026-05-03 12:13:06.040319+00:00
16569,KNOS,Kronos Advanced Technologies Inc,US,True,2026-05-03 12:13:06.040319+00:00
16570,SNNC,"Sibannac, Inc.",US,True,2026-05-03 12:13:06.040319+00:00
16571,GOGR,Go Green Global Technologies Corp.,US,True,2026-05-03 12:13:06.040319+00:00
16572,KITL,Kisses From Italy Inc.,US,True,2026-05-03 12:13:06.040319+00:00
16573,RNGC,Ranger Gold Corp.,US,True,2026-05-03 12:13:06.040319+00:00
16574,SYIN,"Synbio International, Inc.",US,True,2026-05-03 12:13:06.040319+00:00
16575,CLSDQ,"Clearside Biomedical, Inc.",US,True,2026-05-03 12:13:06.040319+00:00
16576,TNBI,Tanke Biosciences Corp,US,True,2026-05-03 12:13:06.040319+00:00
16577,XYLB,"Xy Labs, Inc.",US,True,2026-05-03 12:13:06.040319+00:00
16578,SRMX,"Saddle Ranch Media, Inc.",US,True,2026-05-03 12:13:06.040319+00:00
16579,WHLRP,"Wheeler Real Estate Investment Trust, Inc.",US,True,2026-05-03 12:13:06.040319+00:00
16580,BKTH,Megola Inc,US,True,2026-05-03 12:13:06.040319+00:00
16581,CARM,Carisma Therapeutics Inc.,US,True,2026-05-03 12:13:06.040319+00:00
16582,AHRO,"Authentic Holdings, Inc.",US,True,2026-05-03 12:13:06.040319+00:00
16583,SFWJ,"Software Effective Solutions, Corp.",US,True,2026-05-03 12:13:06.040319+00:00
16584,SPQS,"Sportsquest, Inc.",US,True,2026-05-03 12:13:06.040319+00:00
16585,BRLL,Barrel Energy Inc.,US,True,2026-05-03 12:13:06.040319+00:00
16586,MGHL,Morgan Group Holding Co,US,True,2026-05-03 12:13:06.040319+00:00
16587,VYRE,Cabo Verde Capital Inc.,US,True,2026-05-03 12:13:06.040319+00:00
16588,MAJI,Nextel Medical Corp.,US,True,2026-05-03 12:13:06.040319+00:00
16589,MOBBW,Mobilicom Ltd,US,True,2026-05-03 12:13:06.040319+00:00
16590,PCYN,Procyon Corp,US,True,2026-05-03 12:13:06.040319+00:00
16591,INKW,"Greene Concepts, Inc",US,True,2026-05-03 12:13:06.040319+00:00
16592,CPWR,Ocean Thermal Energy Corp,US,True,2026-05-03 12:13:06.040319+00:00
16593,PLSH,"Panacea Life Sciences Holdings, Inc.",US,True,2026-05-03 12:13:06.040319+00:00
16594,PHBI,Pharmagreen Biotech Inc.,US,True,2026-05-03 12:13:06.040319+00:00
16595,FVTI,"Fortune Valley Treasures, Inc.",US,True,2026-05-03 12:13:06.040319+00:00
16596,SSKN,"Strata Skin Sciences, Inc.",US,True,2026-05-03 12:13:06.040319+00:00
16597,GMZP,Gemz Corp. Nv,US,True,2026-05-03 12:13:06.040319+00:00
16598,HBUV,Hubilu Venture Corp,US,True,2026-05-03 12:13:06.040319+00:00
16599,GSPI,"Green Star Products, Inc.",US,True,2026-05-03 12:13:06.040319+00:00
16600,CDSG,"China Dongsheng International, Inc.",US,True,2026-05-03 12:13:06.040319+00:00
16601,NTRR,Neutra Corp.,US,True,2026-05-03 12:13:06.040319+00:00
16602,ESSI,"Eco Science Solutions, Inc.",US,True,2026-05-03 12:13:06.040319+00:00
16603,FGNV,Forge Innovation Development Corp.,US,True,2026-05-03 12:13:06.040319+00:00
16604,TPICQ,"Tpi Composites, Inc",US,True,2026-05-03 12:13:06.040319+00:00
16605,MDEX,Madison Technologies Inc.,US,True,2026-05-03 12:13:06.040319+00:00
16606,ADMG,Adamant Dri Processing & Minerals Group,US,True,2026-05-03 12:13:06.040319+00:00
16607,KOAN,"Resonate Blends, Inc.",US,True,2026-05-03 12:13:06.040319+00:00
16608,CRDV,Community Redevelopment Inc.,US,True,2026-05-03 12:13:06.040319+00:00
16609,BLPG,"Blue Line Protection Group, Inc.",US,True,2026-05-03 12:13:06.040319+00:00
16610,KACLF,Kairous Acquisition Corp. Ltd,US,True,2026-05-03 12:13:06.040319+00:00
16611,ZPTA,"Zapata Quantum, Inc.",US,True,2026-05-03 12:13:06.040319+00:00
16612,EHVVF,"Ehave, Inc.",US,True,2026-05-03 12:13:06.040319+00:00
16613,ASII,"Accredited Solutions, Inc.",US,True,2026-05-03 12:13:06.040319+00:00
16614,RTON,"Right On Brands, Inc.",US,True,2026-05-03 12:13:06.040319+00:00
16615,INNI,"Innovaro, Inc.",US,True,2026-05-03 12:13:06.040319+00:00
16616,BSLK,"Bolt Projects Holdings, Inc.",US,True,2026-05-03 12:13:06.040319+00:00
16617,MMMW,Mass Megawatts Wind Power Inc,US,True,2026-05-03 12:13:06.040319+00:00
16618,MASN,"Maison Luxe, Inc.",US,True,2026-05-03 12:13:06.040319+00:00
16619,SHGI,"Sparx Holdings Group, Inc.",US,True,2026-05-03 12:13:06.040319+00:00
16620,GZIC,Gz6G Technologies Corp.,US,True,2026-05-03 12:13:06.040319+00:00
16621,EDGM,"Edgemode, Inc.",US,True,2026-05-03 12:13:06.040319+00:00
16622,BACK,"Imac Holdings, Inc.",US,True,2026-05-03 12:13:06.040319+00:00
16623,OXBRW,Oxbridge Re Holdings Ltd,US,True,2026-05-03 12:13:06.040319+00:00
16624,AGNPF,Algernon Health Inc.,US,True,2026-05-03 12:13:06.040319+00:00
16625,GMBL,"Esports Entertainment Group, Inc.",US,True,2026-05-03 12:13:06.040319+00:00
16626,FRQN,"Frequency Holdings, Inc",US,True,2026-05-03 12:13:06.040319+00:00
16627,GWSO,"Global Warming Solutions, Inc.",US,True,2026-05-03 12:13:06.040319+00:00
16628,EMED,"Electromedical Technologies, Inc",US,True,2026-05-03 12:13:06.040319+00:00
16629,DPUI,"Discount Print Usa, Inc.",US,True,2026-05-03 12:13:06.040319+00:00
16630,ENDV,"Endonovo Therapeutics, Inc.",US,True,2026-05-03 12:13:06.040319+00:00
16631,GIPL,Global Innovative Platforms Inc.,US,True,2026-05-03 12:13:06.040319+00:00
16632,SONX,"Sonendo, Inc.",US,True,2026-05-03 12:13:06.040319+00:00
16633,DWAY,"Driveitaway Holdings, Inc.",US,True,2026-05-03 12:13:06.040319+00:00
16634,ACBM,"Acro Biomedical Co., Ltd.",US,True,2026-05-03 12:13:06.040319+00:00
16635,SNPW,Sun Pacific Holding Corp.,US,True,2026-05-03 12:13:06.040319+00:00
16636,USDP,Usd Partners Lp,US,True,2026-05-03 12:13:06.040319+00:00
16637,GXXMD,"Gex Management, Inc.",US,True,2026-05-03 12:13:06.040319+00:00
16638,DSGT,Dsg Global Inc.,US,True,2026-05-03 12:13:06.040319+00:00
16639,DLTI,Dlt Resolution Inc.,US,True,2026-05-03 12:13:06.040319+00:00
16640,SONG,Music Licensing Inc.,US,True,2026-05-03 12:13:06.040319+00:00
16641,COSG,Cosmos Group Holdings Inc.,US,True,2026-05-03 12:13:06.040319+00:00
16642,CICC,Cion Investment Corp,US,True,2026-05-03 12:13:06.040319+00:00
16643,NXUR,"Nxu, Inc.",US,True,2026-05-03 12:13:06.040319+00:00
16644,AHII,American Heritage International Inc.,US,True,2026-05-03 12:13:06.040319+00:00
16645,ELOX,"Eloxx Pharmaceuticals, Inc.",US,True,2026-05-03 12:13:06.040319+00:00
16646,BAC-PL,Bank Of America Corp /De/,US,True,2026-05-03 12:13:06.040319+00:00
16647,MER-PK,Bank Of America Corp /De/,US,True,2026-05-03 12:13:06.040319+00:00
16648,BACRP,Bank Of America Corp /De/,US,True,2026-05-03 12:13:06.040319+00:00
16649,BAC-PM,Bank Of America Corp /De/,US,True,2026-05-03 12:13:06.040319+00:00
16650,BAC-PN,Bank Of America Corp /De/,US,True,2026-05-03 12:13:06.040319+00:00
16651,BAC-PO,Bank Of America Corp /De/,US,True,2026-05-03 12:13:06.040319+00:00
16652,BAC-PP,Bank Of America Corp /De/,US,True,2026-05-03 12:13:06.040319+00:00
16653,BAC-PQ,Bank Of America Corp /De/,US,True,2026-05-03 12:13:06.040319+00:00
16654,BAC-PS,Bank Of America Corp /De/,US,True,2026-05-03 12:13:06.040319+00:00
16655,TCPA,Transcanada Pipelines Ltd,US,True,2026-05-03 12:13:06.040319+00:00
16656,FHN-PC,First Horizon Corp,US,True,2026-05-03 12:13:06.040319+00:00
16657,FHN-PE,First Horizon Corp,US,True,2026-05-03 12:13:06.040319+00:00
16658,FHN-PF,First Horizon Corp,US,True,2026-05-03 12:13:06.040319+00:00
16659,FHN-PH,First Horizon Corp,US,True,2026-05-03 12:13:06.040319+00:00
16660,CELG-RI,Bristol Myers Squibb Co,US,True,2026-05-03 12:13:06.040319+00:00
16661,GSCE,Goldman Sachs Group Inc,US,True,2026-05-03 12:13:06.040319+00:00
16662,AGM-PE,Federal Agricultural Mortgage Corp,US,True,2026-05-03 12:13:06.040319+00:00
16663,AGM-PF,Federal Agricultural Mortgage Corp,US,True,2026-05-03 12:13:06.040319+00:00
16664,AGM-PG,Federal Agricultural Mortgage Corp,US,True,2026-05-03 12:13:06.040319+00:00
16665,AGM-PH,Federal Agricultural Mortgage Corp,US,True,2026-05-03 12:13:06.040319+00:00
16666,GRWTF,Great-West Lifeco Inc.,US,True,2026-05-03 12:13:06.040319+00:00
16667,GWLPF,Great-West Lifeco Inc.,US,True,2026-05-03 12:13:06.040319+00:00
16668,GRWFF,Great-West Lifeco Inc.,US,True,2026-05-03 12:13:06.040319+00:00
16669,GRWLF,Great-West Lifeco Inc.,US,True,2026-05-03 12:13:06.040319+00:00
16670,RMTHF,Magic Software Enterprises Ltd,US,True,2026-05-03 12:13:06.040319+00:00
16671,KIM-PN,Kimco Realty Corp,US,True,2026-05-03 12:13:06.040319+00:00
16672,KIM-PL,Kimco Realty Corp,US,True,2026-05-03 12:13:06.040319+00:00
16673,DX-PC,Dynex Capital Inc,US,True,2026-05-03 12:13:06.040319+00:00
16674,MCHPP,Microchip Technology Inc,US,True,2026-05-03 12:13:06.040319+00:00
16675,UNTCW,Unit Corp,US,True,2026-05-03 12:13:06.040319+00:00
16676,ABAKF,"Abrdn Asia-Pacific Income Fund, Inc.",US,True,2026-05-03 12:13:06.040319+00:00
16677,NPPXF,Nippon Telegraph & Telephone Corp,US,True,2026-05-03 12:13:06.040319+00:00
16678,BCEFF,Bce Inc,US,True,2026-05-03 12:13:06.040319+00:00
16679,BCEPF,Bce Inc,US,True,2026-05-03 12:13:06.040319+00:00
16680,BCEXF,Bce Inc,US,True,2026-05-03 12:13:06.040319+00:00
16681,BCAEF,Bce Inc,US,True,2026-05-03 12:13:06.040319+00:00
16682,BCENF,Bce Inc,US,True,2026-05-03 12:13:06.040319+00:00
16683,BCEIF,Bce Inc,US,True,2026-05-03 12:13:06.040319+00:00
16684,BCPPF,Bce Inc,US,True,2026-05-03 12:13:06.040319+00:00
16685,TDDWW,Tidewater Inc,US,True,2026-05-03 12:13:06.040319+00:00
16686,TDGMW,Tidewater Inc,US,True,2026-05-03 12:13:06.040319+00:00
16687,VSECU,Vse Corp,US,True,2026-05-03 12:13:06.040319+00:00
16688,NSARO,Nstar Electric Co,US,True,2026-05-03 12:13:06.040319+00:00
16689,NSARP,Nstar Electric Co,US,True,2026-05-03 12:13:06.040319+00:00
16690,VLYPN,Valley National Bancorp,US,True,2026-05-03 12:13:06.040319+00:00
16691,SIGIP,Selective Insurance Group Inc,US,True,2026-05-03 12:13:06.040319+00:00
16692,BUSEP,First Busey Corp /Nv/,US,True,2026-05-03 12:13:06.040319+00:00
16693,SQFTP,"Presidio Property Trust, Inc.",US,True,2026-05-03 12:13:06.040319+00:00
16694,SQFTW,"Presidio Property Trust, Inc.",US,True,2026-05-03 12:13:06.040319+00:00
16695,SRJN,Spire Inc,US,True,2026-05-03 12:13:06.040319+00:00
16696,MFA-PC,"Mfa Financial, Inc.",US,True,2026-05-03 12:13:06.040319+00:00
16697,MFAN,"Mfa Financial, Inc.",US,True,2026-05-03 12:13:06.040319+00:00
16698,MFAO,"Mfa Financial, Inc.",US,True,2026-05-03 12:13:06.040319+00:00
16699,EPDU,Enterprise Products Partners L.P.,US,True,2026-05-03 12:13:06.040319+00:00
16700,APCXW,Apptech Payments Corp.,US,True,2026-05-03 12:13:06.040319+00:00
16701,EPR-PC,Epr Properties,US,True,2026-05-03 12:13:06.040319+00:00
16702,EPR-PE,Epr Properties,US,True,2026-05-03 12:13:06.040319+00:00
16703,XAEIU,Aei Income & Growth Fund Xxii Ltd Partnership,US,True,2026-05-03 12:13:06.040319+00:00
16704,GGT-PG,Gabelli Multimedia Trust Inc.,US,True,2026-05-03 12:13:06.040319+00:00
16705,RHEPZ,"Regional Health Properties, Inc",US,True,2026-05-03 12:13:06.040319+00:00
16706,RHEPA,"Regional Health Properties, Inc",US,True,2026-05-03 12:13:06.040319+00:00
16707,RHEPB,"Regional Health Properties, Inc",US,True,2026-05-03 12:13:06.040319+00:00
16708,IRS-WT,Irsa Investments & Representations Inc,US,True,2026-05-03 12:13:06.040319+00:00
16709,FCELB,Fuelcell Energy Inc,US,True,2026-05-03 12:13:06.040319+00:00
16710,SF-PC,Stifel Financial Corp,US,True,2026-05-03 12:13:06.040319+00:00
16711,SF-PD,Stifel Financial Corp,US,True,2026-05-03 12:13:06.040319+00:00
16712,SFB,Stifel Financial Corp,US,True,2026-05-03 12:13:06.040319+00:00
16713,BPPFF,Bp Plc,US,True,2026-05-03 12:13:06.040319+00:00
16714,CDZIP,Cadiz Inc,US,True,2026-05-03 12:13:06.040319+00:00
16715,CMSC,Cms Energy Corp,US,True,2026-05-03 12:13:06.040319+00:00
16716,CMSD,Cms Energy Corp,US,True,2026-05-03 12:13:06.040319+00:00
16717,CMS-PC,Cms Energy Corp,US,True,2026-05-03 12:13:06.040319+00:00
16718,TRNTF,Transalta Corp,US,True,2026-05-03 12:13:06.040319+00:00
16719,BBBY-WT,"Bed Bath & Beyond, Inc.",US,True,2026-05-03 12:13:06.040319+00:00
16720,TDS-PU,Telephone & Data Systems Inc /De/,US,True,2026-05-03 12:13:06.040319+00:00
16721,TDS-PV,Telephone & Data Systems Inc /De/,US,True,2026-05-03 12:13:06.040319+00:00
16722,AIMDW,"Ainos, Inc.",US,True,2026-05-03 12:13:06.040319+00:00
16723,PPLC,Ppl Corp,US,True,2026-05-03 12:13:06.040319+00:00
16724,ERNAW,Ernexa Therapeutics Inc.,US,True,2026-05-03 12:13:06.040319+00:00
16725,ONBPO,Old National Bancorp /In/,US,True,2026-05-03 12:13:06.040319+00:00
16726,ONBPP,Old National Bancorp /In/,US,True,2026-05-03 12:13:06.040319+00:00
16727,WSBCO,Wesbanco Inc,US,True,2026-05-03 12:13:06.040319+00:00
16728,CLSKW,"Cleanspark, Inc.",US,True,2026-05-03 12:13:06.040319+00:00
16729,C-PN,Citigroup Inc,US,True,2026-05-03 12:13:06.040319+00:00
16730,C-PR,Citigroup Inc,US,True,2026-05-03 12:13:06.040319+00:00
16731,XOMAO,Xoma Royalty Corp,US,True,2026-05-03 12:13:06.040319+00:00
16732,XOMAP,Xoma Royalty Corp,US,True,2026-05-03 12:13:06.040319+00:00
16733,GENVR,Gen Digital Inc.,US,True,2026-05-03 12:13:06.040319+00:00
16734,WOLTF,Wolters Kluwer N V /Fi,US,True,2026-05-03 12:13:06.040319+00:00
16735,VNO-PN,Vornado Realty Trust,US,True,2026-05-03 12:13:06.040319+00:00
16736,VNO-PO,Vornado Realty Trust,US,True,2026-05-03 12:13:06.040319+00:00
16737,ENFFF,Enbridge Inc,US,True,2026-05-03 12:13:06.040319+00:00
16738,ENBHF,Enbridge Inc,US,True,2026-05-03 12:13:06.040319+00:00
16739,ENBMF,Enbridge Inc,US,True,2026-05-03 12:13:06.040319+00:00
16740,ENBOF,Enbridge Inc,US,True,2026-05-03 12:13:06.040319+00:00
16741,ENBSF,Enbridge Inc,US,True,2026-05-03 12:13:06.040319+00:00
16742,ENBNF,Enbridge Inc,US,True,2026-05-03 12:13:06.040319+00:00
16743,EBGEF,Enbridge Inc,US,True,2026-05-03 12:13:06.040319+00:00
16744,EBRGF,Enbridge Inc,US,True,2026-05-03 12:13:06.040319+00:00
16745,EBRZF,Enbridge Inc,US,True,2026-05-03 12:13:06.040319+00:00
16746,ENBFF,Enbridge Inc,US,True,2026-05-03 12:13:06.040319+00:00
16747,ENBGF,Enbridge Inc,US,True,2026-05-03 12:13:06.040319+00:00
16748,ENBRF,Enbridge Inc,US,True,2026-05-03 12:13:06.040319+00:00
16749,ENNPF,Enbridge Inc,US,True,2026-05-03 12:13:06.040319+00:00
16750,EBBGF,Enbridge Inc,US,True,2026-05-03 12:13:06.040319+00:00
16751,TELFY,Telefonica S A,US,True,2026-05-03 12:13:06.040319+00:00
16752,WBS-PG,Webster Financial Corp,US,True,2026-05-03 12:13:06.040319+00:00
16753,GAB-PK,Gabelli Equity Trust Inc,US,True,2026-05-03 12:13:06.040319+00:00
16754,BPOPM,"Popular, Inc.",US,True,2026-05-03 12:13:06.040319+00:00
16755,KMPB,Kemper Corp,US,True,2026-05-03 12:13:06.040319+00:00
16756,BC-PC,Brunswick Corp,US,True,2026-05-03 12:13:06.040319+00:00
16757,USB-PQ,Us Bancorp \De\,US,True,2026-05-03 12:13:06.040319+00:00
16758,USB-PR,Us Bancorp \De\,US,True,2026-05-03 12:13:06.040319+00:00
16759,USB-PS,Us Bancorp \De\,US,True,2026-05-03 12:13:06.040319+00:00
16760,SENEM,Seneca Foods Corp,US,True,2026-05-03 12:13:06.040319+00:00
16761,SENEL,Seneca Foods Corp,US,True,2026-05-03 12:13:06.040319+00:00
16762,WFC-PD,Wells Fargo & Company/Mn,US,True,2026-05-03 12:13:06.040319+00:00
16763,WFCNP,Wells Fargo & Company/Mn,US,True,2026-05-03 12:13:06.040319+00:00
16764,WFC-PA,Wells Fargo & Company/Mn,US,True,2026-05-03 12:13:06.040319+00:00
16765,WFC-PZ,Wells Fargo & Company/Mn,US,True,2026-05-03 12:13:06.040319+00:00
16766,MNESP,Msa Safety Inc,US,True,2026-05-03 12:13:06.040319+00:00
16767,FNMAP,Federal National Mortgage Association Fannie Mae,US,True,2026-05-03 12:13:06.040319+00:00
16768,WBKCY,Westpac Banking Corp,US,True,2026-05-03 12:13:06.040319+00:00
16769,DHTI,"Dalrada Technology Group, Inc.",US,True,2026-05-03 12:13:06.040319+00:00
16770,SCHW-PJ,Schwab Charles Corp,US,True,2026-05-03 12:13:06.040319+00:00
16771,GL-PD,Globe Life Inc.,US,True,2026-05-03 12:13:06.040319+00:00
16772,MSEXP,Middlesex Water Co,US,True,2026-05-03 12:13:06.040319+00:00
16773,MOVAA,Movado Group Inc,US,True,2026-05-03 12:13:06.040319+00:00
16774,SOCGM,Southern California Gas Co,US,True,2026-05-03 12:13:06.040319+00:00
16775,NTRSO,Northern Trust Corp,US,True,2026-05-03 12:13:06.040319+00:00
16776,DDT,"Dillard'S, Inc.",US,True,2026-05-03 12:13:06.040319+00:00
16777,CFR-PB,"Cullen/Frost Bankers, Inc.",US,True,2026-05-03 12:13:06.040319+00:00
16778,BA-PA,Boeing Co,US,True,2026-05-03 12:13:06.040319+00:00
16779,GMBLP,"Esports Entertainment Group, Inc.",US,True,2026-05-03 12:13:06.040319+00:00
16780,GMBLZ,"Esports Entertainment Group, Inc.",US,True,2026-05-03 12:13:06.040319+00:00
16781,PMTU,Pennymac Mortgage Investment Trust,US,True,2026-05-03 12:13:06.040319+00:00
16782,PMTW,Pennymac Mortgage Investment Trust,US,True,2026-05-03 12:13:06.040319+00:00
16783,PMTV,Pennymac Mortgage Investment Trust,US,True,2026-05-03 12:13:06.040319+00:00
16784,PMT-PC,Pennymac Mortgage Investment Trust,US,True,2026-05-03 12:13:06.040319+00:00
16785,WCPRF,Whitecap Resources Inc.,US,True,2026-05-03 12:13:06.040319+00:00
16786,HSCSW,Heartsciences Inc.,US,True,2026-05-03 12:13:06.040319+00:00
16787,MIMTF,Mitsubishi Materials Corp / Adr,US,True,2026-05-03 12:13:06.040319+00:00
16788,UUGWF,United Utilities Group Plc,US,True,2026-05-03 12:13:06.040319+00:00
16789,GIGGF,Giga Metals Corp,US,True,2026-05-03 12:13:06.040319+00:00
16790,ADAMH,"Adamas Trust, Inc.",US,True,2026-05-03 12:13:06.040319+00:00
16791,ADAMI,"Adamas Trust, Inc.",US,True,2026-05-03 12:13:06.040319+00:00
16792,ADAMN,"Adamas Trust, Inc.",US,True,2026-05-03 12:13:06.040319+00:00
16793,ADAMG,"Adamas Trust, Inc.",US,True,2026-05-03 12:13:06.040319+00:00
16794,ADAMM,"Adamas Trust, Inc.",US,True,2026-05-03 12:13:06.040319+00:00
16795,ADAML,"Adamas Trust, Inc.",US,True,2026-05-03 12:13:06.040319+00:00
16796,ADAMZ,"Adamas Trust, Inc.",US,True,2026-05-03 12:13:06.040319+00:00
16797,ADAMO,"Adamas Trust, Inc.",US,True,2026-05-03 12:13:06.040319+00:00
16798,KPHMW,Kiora Pharmaceuticals Inc,US,True,2026-05-03 12:13:06.040319+00:00
16799,ARES-PB,Ares Management Corp,US,True,2026-05-03 12:13:06.040319+00:00
16800,PAAPU,Plains All American Pipeline Lp,US,True,2026-05-03 12:13:06.040319+00:00
16801,CMLSQ,Cumulus Media Inc,US,True,2026-05-03 12:13:06.040319+00:00
16802,BNH,Brookfield Corp /On/,US,True,2026-05-03 12:13:06.040319+00:00
16803,BNJ,Brookfield Corp /On/,US,True,2026-05-03 12:13:06.040319+00:00
16804,BROXF,Brookfield Corp /On/,US,True,2026-05-03 12:13:06.040319+00:00
16805,BXDIF,Brookfield Corp /On/,US,True,2026-05-03 12:13:06.040319+00:00
16806,EFSCP,Enterprise Financial Services Corp,US,True,2026-05-03 12:13:06.040319+00:00
16807,CNDIF,Canadian Imperial Bank Of Commerce /Can/,US,True,2026-05-03 12:13:06.040319+00:00
16808,LFMDP,"Lifemd, Inc.",US,True,2026-05-03 12:13:06.040319+00:00
16809,BAMKF,Brookfield Corp /On/,US,True,2026-05-03 12:13:06.040319+00:00
16810,BKAMF,Brookfield Corp /On/,US,True,2026-05-03 12:13:06.040319+00:00
16811,BKFAF,Brookfield Corp /On/,US,True,2026-05-03 12:13:06.040319+00:00
16812,BKFPF,Brookfield Corp /On/,US,True,2026-05-03 12:13:06.040319+00:00
16813,BRFCF,Brookfield Corp /On/,US,True,2026-05-03 12:13:06.040319+00:00
16814,BRFAF,Brookfield Corp /On/,US,True,2026-05-03 12:13:06.040319+00:00
16815,BKPA,Brookfield Corp /On/,US,True,2026-05-03 12:13:06.040319+00:00
16816,BRCFF,Brookfield Corp /On/,US,True,2026-05-03 12:13:06.040319+00:00
16817,BKFDF,Brookfield Corp /On/,US,True,2026-05-03 12:13:06.040319+00:00
16818,BKFOF,Brookfield Corp /On/,US,True,2026-05-03 12:13:06.040319+00:00
16819,BRPSF,Brookfield Corp /On/,US,True,2026-05-03 12:13:06.040319+00:00
16820,HACBF,Hachijuni Bank Ltd,US,True,2026-05-03 12:13:06.040319+00:00
16821,CCNEP,Cnb Financial Corp/Pa,US,True,2026-05-03 12:13:06.040319+00:00
16822,T-PA,At&T Inc.,US,True,2026-05-03 12:13:06.040319+00:00
16823,T-PC,At&T Inc.,US,True,2026-05-03 12:13:06.040319+00:00
16824,SPE-PC,"Special Opportunities Fund, Inc.",US,True,2026-05-03 12:13:06.040319+00:00
16825,CTLPP,"Cantaloupe, Inc.",US,True,2026-05-03 12:13:06.040319+00:00
16826,INVUP,"Investview, Inc.",US,True,2026-05-03 12:13:06.040319+00:00
16827,AUB-PA,Atlantic Union Bankshares Corp,US,True,2026-05-03 12:13:06.040319+00:00
16828,ALL-PI,Allstate Corp,US,True,2026-05-03 12:13:06.040319+00:00
16829,ALL-PJ,Allstate Corp,US,True,2026-05-03 12:13:06.040319+00:00
16830,AILIO,Ameren Illinois Co,US,True,2026-05-03 12:13:06.040319+00:00
16831,AILIP,Ameren Illinois Co,US,True,2026-05-03 12:13:06.040319+00:00
16832,MTB-PJ,M&T Bank Corp,US,True,2026-05-03 12:13:06.040319+00:00
16833,MTB-PK,M&T Bank Corp,US,True,2026-05-03 12:13:06.040319+00:00
16834,MTB-PH,M&T Bank Corp,US,True,2026-05-03 12:13:06.040319+00:00
16835,CTBB,Qwest Corp,US,True,2026-05-03 12:13:06.040319+00:00
16836,CTDD,Qwest Corp,US,True,2026-05-03 12:13:06.040319+00:00
16837,SOJF,Southern Co,US,True,2026-05-03 12:13:06.040319+00:00
16838,SOJE,Southern Co,US,True,2026-05-03 12:13:06.040319+00:00
16839,SOMN,Southern Co,US,True,2026-05-03 12:13:06.040319+00:00
16840,SOJD,Southern Co,US,True,2026-05-03 12:13:06.040319+00:00
16841,UMBFO,Umb Financial Corp,US,True,2026-05-03 12:13:06.040319+00:00
16842,BANC-PF,"Banc Of California, Inc.",US,True,2026-05-03 12:13:06.040319+00:00
16843,NBRWF,Nabors Industries Ltd,US,True,2026-05-03 12:13:06.040319+00:00
16844,DGP,Deutsche Bank Aktiengesellschaft,US,True,2026-05-03 12:13:06.040319+00:00
16845,DGZ,Deutsche Bank Aktiengesellschaft,US,True,2026-05-03 12:13:06.040319+00:00
16846,ADZCF,Deutsche Bank Aktiengesellschaft,US,True,2026-05-03 12:13:06.040319+00:00
16847,DEENF,Deutsche Bank Aktiengesellschaft,US,True,2026-05-03 12:13:06.040319+00:00
16848,DZZ,Deutsche Bank Aktiengesellschaft,US,True,2026-05-03 12:13:06.040319+00:00
16849,OLOXF,Deutsche Bank Aktiengesellschaft,US,True,2026-05-03 12:13:06.040319+00:00
16850,HNNAZ,Hennessy Advisors Inc,US,True,2026-05-03 12:13:06.040319+00:00
16851,TSLTF,Transalta Corp,US,True,2026-05-03 12:13:06.040319+00:00
16852,TACPF,Transalta Corp,US,True,2026-05-03 12:13:06.040319+00:00
16853,ASB-PF,Associated Banc-Corp,US,True,2026-05-03 12:13:06.040319+00:00
16854,BOH-PA,Bank Of Hawaii Corp,US,True,2026-05-03 12:13:06.040319+00:00
16855,BOH-PB,Bank Of Hawaii Corp,US,True,2026-05-03 12:13:06.040319+00:00
16856,WRB-PF,Berkley W R Corp,US,True,2026-05-03 12:13:06.040319+00:00
16857,WRB-PG,Berkley W R Corp,US,True,2026-05-03 12:13:06.040319+00:00
16858,WRB-PH,Berkley W R Corp,US,True,2026-05-03 12:13:06.040319+00:00
16859,ASBA,Associated Banc-Corp,US,True,2026-05-03 12:13:06.040319+00:00
16860,VAL-WT,Valaris Ltd,US,True,2026-05-03 12:13:06.040319+00:00
16861,FULTP,Fulton Financial Corp,US,True,2026-05-03 12:13:06.040319+00:00
16862,XELLL,Xcel Energy Inc,US,True,2026-05-03 12:13:06.040319+00:00
16863,PNMXO,Public Service Co Of New Mexico,US,True,2026-05-03 12:13:06.040319+00:00
16864,TFC-PI,Truist Financial Corp,US,True,2026-05-03 12:13:06.040319+00:00
16865,TFC-PO,Truist Financial Corp,US,True,2026-05-03 12:13:06.040319+00:00
16866,TFC-PR,Truist Financial Corp,US,True,2026-05-03 12:13:06.040319+00:00
16867,PAASF,Pan American Silver Corp,US,True,2026-05-03 12:13:06.040319+00:00
16868,AEFC,Aegon Ltd.,US,True,2026-05-03 12:13:06.040319+00:00
16869,NEE-PU,Nextera Energy Inc,US,True,2026-05-03 12:13:06.040319+00:00
16870,NEE-PW,Nextera Energy Inc,US,True,2026-05-03 12:13:06.040319+00:00
16871,NEE-PS,Nextera Energy Inc,US,True,2026-05-03 12:13:06.040319+00:00
16872,NEE-PT,Nextera Energy Inc,US,True,2026-05-03 12:13:06.040319+00:00
16873,NEE-PN,Nextera Energy Inc,US,True,2026-05-03 12:13:06.040319+00:00
16874,NEE-PV,Nextera Energy Inc,US,True,2026-05-03 12:13:06.040319+00:00
16875,UEPCO,Union Electric Co,US,True,2026-05-03 12:13:06.040319+00:00
16876,FITBO,Fifth Third Bancorp,US,True,2026-05-03 12:13:06.040319+00:00
16877,FITBP,Fifth Third Bancorp,US,True,2026-05-03 12:13:06.040319+00:00
16878,FITBM,Fifth Third Bancorp,US,True,2026-05-03 12:13:06.040319+00:00
16879,JPM-PJ,Jpmorgan Chase & Co,US,True,2026-05-03 12:13:06.040319+00:00
16880,JPM-PK,Jpmorgan Chase & Co,US,True,2026-05-03 12:13:06.040319+00:00
16881,JPM-PL,Jpmorgan Chase & Co,US,True,2026-05-03 12:13:06.040319+00:00
16882,JPM-PM,Jpmorgan Chase & Co,US,True,2026-05-03 12:13:06.040319+00:00
16883,CTO-PA,"Cto Realty Growth, Inc.",US,True,2026-05-03 12:13:06.040319+00:00
16884,AMJB,Jpmorgan Chase & Co,US,True,2026-05-03 12:13:06.040319+00:00
16885,VYLD,Jpmorgan Chase & Co,US,True,2026-05-03 12:13:06.040319+00:00
16886,UZD,"Array Digital Infrastructure, Inc.",US,True,2026-05-03 12:13:06.040319+00:00
16887,UZE,"Array Digital Infrastructure, Inc.",US,True,2026-05-03 12:13:06.040319+00:00
16888,UZF,"Array Digital Infrastructure, Inc.",US,True,2026-05-03 12:13:06.040319+00:00
16889,CWLXF,C21 Investments Inc.,US,True,2026-05-03 12:13:06.040319+00:00
16890,WEXPF,Western Exploration Inc.,US,True,2026-05-03 12:13:06.040319+00:00
16891,OXY-WT,Occidental Petroleum Corp /De/,US,True,2026-05-03 12:13:06.040319+00:00
16892,DCOM-P,"Dime Community Bancshares, Inc. /Ny/",US,True,2026-05-03 12:13:06.040319+00:00
16893,DCBG,"Dime Community Bancshares, Inc. /Ny/",US,True,2026-05-03 12:13:06.040319+00:00
16894,FIISO,Financial Institutions Inc,US,True,2026-05-03 12:13:06.040319+00:00
16895,FIISP,Financial Institutions Inc,US,True,2026-05-03 12:13:06.040319+00:00
16896,ATMP,Barclays Bank Plc,US,True,2026-05-03 12:13:06.040319+00:00
16897,BWVTF,Barclays Bank Plc,US,True,2026-05-03 12:13:06.040319+00:00
16898,DJP,Barclays Bank Plc,US,True,2026-05-03 12:13:06.040319+00:00
16899,GBUG,Barclays Bank Plc,US,True,2026-05-03 12:13:06.040319+00:00
16900,GRN,Barclays Bank Plc,US,True,2026-05-03 12:13:06.040319+00:00
16901,VXX,Barclays Bank Plc,US,True,2026-05-03 12:13:06.040319+00:00
16902,VXZ,Barclays Bank Plc,US,True,2026-05-03 12:13:06.040319+00:00
16903,TAPR,Barclays Bank Plc,US,True,2026-05-03 12:13:06.040319+00:00
16904,JJETF,Barclays Bank Plc,US,True,2026-05-03 12:13:06.040319+00:00
16905,WHR-PA,Whirlpool Corp /De/,US,True,2026-05-03 12:13:06.040319+00:00
16906,ZIONP,"Zions Bancorporation, National Association /Ut/",US,True,2026-05-03 12:13:06.040319+00:00
16907,LNWO,"Light & Wonder, Inc.",US,True,2026-05-03 12:13:06.040319+00:00
16908,LAWIL,"Light & Wonder, Inc.",US,True,2026-05-03 12:13:06.040319+00:00
16909,BANFP,Bancfirst Corp /Ok/,US,True,2026-05-03 12:13:06.040319+00:00
16910,ENZND,"Viskase Holdings, Inc.",US,True,2026-05-03 12:13:06.040319+00:00
16911,FRMEP,First Merchants Corp,US,True,2026-05-03 12:13:06.040319+00:00
16912,HWCPZ,Hancock Whitney Corp,US,True,2026-05-03 12:13:06.040319+00:00
16913,CFG-PE,Citizens Financial Group Inc/Ri,US,True,2026-05-03 12:13:06.040319+00:00
16914,CFG-PH,Citizens Financial Group Inc/Ri,US,True,2026-05-03 12:13:06.040319+00:00
16915,CFG-PI,Citizens Financial Group Inc/Ri,US,True,2026-05-03 12:13:06.040319+00:00
16916,FCNCN,First Citizens Bancshares Inc /De/,US,True,2026-05-03 12:13:06.040319+00:00
16917,FCNCO,First Citizens Bancshares Inc /De/,US,True,2026-05-03 12:13:06.040319+00:00
16918,FCNCP,First Citizens Bancshares Inc /De/,US,True,2026-05-03 12:13:06.040319+00:00
16919,CHSCL,Chs Inc,US,True,2026-05-03 12:13:06.040319+00:00
16920,CHSCM,Chs Inc,US,True,2026-05-03 12:13:06.040319+00:00
16921,CHSCN,Chs Inc,US,True,2026-05-03 12:13:06.040319+00:00
16922,CHSCO,Chs Inc,US,True,2026-05-03 12:13:06.040319+00:00
16923,WELPM,Wisconsin Electric Power Co,US,True,2026-05-03 12:13:06.040319+00:00
16924,KGCRF,Kinross Gold Corp,US,True,2026-05-03 12:13:06.040319+00:00
16925,CNOBP,"Connectone Bancorp, Inc.",US,True,2026-05-03 12:13:06.040319+00:00
16926,F-PB,Ford Motor Co,US,True,2026-05-03 12:13:06.040319+00:00
16927,F-PC,Ford Motor Co,US,True,2026-05-03 12:13:06.040319+00:00
16928,F-PD,Ford Motor Co,US,True,2026-05-03 12:13:06.040319+00:00
16929,HBANZ,Huntington Bancshares Inc /Md/,US,True,2026-05-03 12:13:06.040319+00:00
16930,HBANL,Huntington Bancshares Inc /Md/,US,True,2026-05-03 12:13:06.040319+00:00
16931,HBANM,Huntington Bancshares Inc /Md/,US,True,2026-05-03 12:13:06.040319+00:00
16932,HBANP,Huntington Bancshares Inc /Md/,US,True,2026-05-03 12:13:06.040319+00:00
16933,INPAP,International Paper Co /New/,US,True,2026-05-03 12:13:06.040319+00:00
16934,SLNHP,"Soluna Holdings, Inc",US,True,2026-05-03 12:13:06.040319+00:00
16935,LNC-PD,Lincoln National Corp,US,True,2026-05-03 12:13:06.040319+00:00
16936,KEY-PL,Keycorp /New/,US,True,2026-05-03 12:13:06.040319+00:00
16937,SCE-PN,Southern California Edison Co,US,True,2026-05-03 12:13:06.040319+00:00
16938,SCE-PM,Southern California Edison Co,US,True,2026-05-03 12:13:06.040319+00:00
16939,SCE-PG,Southern California Edison Co,US,True,2026-05-03 12:13:06.040319+00:00
16940,SCE-PL,Southern California Edison Co,US,True,2026-05-03 12:13:06.040319+00:00
16941,ORANY,Orange,US,True,2026-05-03 12:13:06.040319+00:00
16942,SREA,Sempra,US,True,2026-05-03 12:13:06.040319+00:00
16943,SNTUF,Santander Uk Plc,US,True,2026-05-03 12:13:06.040319+00:00
16944,STNDF,Santander Uk Plc,US,True,2026-05-03 12:13:06.040319+00:00
16945,BFH-PA,"Bread Financial Holdings, Inc.",US,True,2026-05-03 12:13:06.040319+00:00
16946,BRKRP,Bruker Corp,US,True,2026-05-03 12:13:06.040319+00:00
16947,TEN-PF,Tsakos Energy Navigation Ltd,US,True,2026-05-03 12:13:06.040319+00:00
16948,TEN-PE,Tsakos Energy Navigation Ltd,US,True,2026-05-03 12:13:06.040319+00:00
16949,ABR-PD,Arbor Realty Trust Inc,US,True,2026-05-03 12:13:06.040319+00:00
16950,ABR-PE,Arbor Realty Trust Inc,US,True,2026-05-03 12:13:06.040319+00:00
16951,ABR-PF,Arbor Realty Trust Inc,US,True,2026-05-03 12:13:06.040319+00:00
16952,LGNDZ,Ligand Pharmaceuticals Inc,US,True,2026-05-03 12:13:06.040319+00:00
16953,LGNXZ,Ligand Pharmaceuticals Inc,US,True,2026-05-03 12:13:06.040319+00:00
16954,LGNYZ,Ligand Pharmaceuticals Inc,US,True,2026-05-03 12:13:06.040319+00:00
16955,MFICL,Midcap Financial Investment Corp,US,True,2026-05-03 12:13:06.040319+00:00
16956,YRAIF,Yara International Asa,US,True,2026-05-03 12:13:06.040319+00:00
16957,LGNZZ,Ligand Pharmaceuticals Inc,US,True,2026-05-03 12:13:06.040319+00:00
16958,GPUS-PD,"Hyperscale Data, Inc.",US,True,2026-05-03 12:13:06.040319+00:00
16959,MS-PL,Morgan Stanley,US,True,2026-05-03 12:13:06.040319+00:00
16960,MS-PO,Morgan Stanley,US,True,2026-05-03 12:13:06.040319+00:00
16961,MS-PP,Morgan Stanley,US,True,2026-05-03 12:13:06.040319+00:00
16962,MS-PQ,Morgan Stanley,US,True,2026-05-03 12:13:06.040319+00:00
16963,RZC,Reinsurance Group Of America Inc,US,True,2026-05-03 12:13:06.040319+00:00
16964,NMKCP,National Grid Plc,US,True,2026-05-03 12:13:06.040319+00:00
16965,NMKBP,National Grid Plc,US,True,2026-05-03 12:13:06.040319+00:00
16966,NMPWP,National Grid Plc,US,True,2026-05-03 12:13:06.040319+00:00
16967,NEWEN,National Grid Plc,US,True,2026-05-03 12:13:06.040319+00:00
16968,MGRE,"Affiliated Managers Group, Inc.",US,True,2026-05-03 12:13:06.040319+00:00
16969,MGRD,"Affiliated Managers Group, Inc.",US,True,2026-05-03 12:13:06.040319+00:00
16970,MGR,"Affiliated Managers Group, Inc.",US,True,2026-05-03 12:13:06.040319+00:00
16971,MGRB,"Affiliated Managers Group, Inc.",US,True,2026-05-03 12:13:06.040319+00:00
16972,TWOD,Two Harbors Investment Corp.,US,True,2026-05-03 12:13:06.040319+00:00
16973,RSNHF,Resona Holdings Inc,US,True,2026-05-03 12:13:06.040319+00:00
16974,BYDIF,Byd Electronic (International) Co Ltd,US,True,2026-05-03 12:13:06.040319+00:00
16975,NWSZF,Ctf Services Ltd,US,True,2026-05-03 12:13:06.040319+00:00
16976,EJTTF,Easyjet Plc,US,True,2026-05-03 12:13:06.040319+00:00
16977,AERGP,"Applied Energetics, Inc.",US,True,2026-05-03 12:13:06.040319+00:00
16978,CANE,Teucrium Commodity Trust,US,True,2026-05-03 12:13:06.040319+00:00
16979,CORN,Teucrium Commodity Trust,US,True,2026-05-03 12:13:06.040319+00:00
16980,SOYB,Teucrium Commodity Trust,US,True,2026-05-03 12:13:06.040319+00:00
16981,TAGS,Teucrium Commodity Trust,US,True,2026-05-03 12:13:06.040319+00:00
16982,WEAT,Teucrium Commodity Trust,US,True,2026-05-03 12:13:06.040319+00:00
16983,OSSFF,Embla Medical Hf/Adr,US,True,2026-05-03 12:13:06.040319+00:00
16984,NCPLW,Netcapital Inc.,US,True,2026-05-03 12:13:06.040319+00:00
16985,EFC-PB,Ellington Financial Inc.,US,True,2026-05-03 12:13:06.040319+00:00
16986,EFC-PC,Ellington Financial Inc.,US,True,2026-05-03 12:13:06.040319+00:00
16987,EFC-PD,Ellington Financial Inc.,US,True,2026-05-03 12:13:06.040319+00:00
16988,FGBIP,"First Guaranty Bancshares, Inc.",US,True,2026-05-03 12:13:06.040319+00:00
16989,HCIIP,"Hci Group, Inc.",US,True,2026-05-03 12:13:06.040319+00:00
16990,GLU-PA,Gabelli Global Utility & Income Trust,US,True,2026-05-03 12:13:06.040319+00:00
16991,ZARE,Ares Real Estate Income Trust Inc.,US,True,2026-05-03 12:13:06.040319+00:00
16992,GRBK-PA,"Green Brick Partners, Inc.",US,True,2026-05-03 12:13:06.040319+00:00
16993,BWBBP,Bridgewater Bancshares Inc,US,True,2026-05-03 12:13:06.040319+00:00
16994,CODI-PC,Compass Diversified Holdings,US,True,2026-05-03 12:13:06.040319+00:00
16995,TOGIW,"Turnongreen, Inc.",US,True,2026-05-03 12:13:06.040319+00:00
16996,CSCIF,Cosciens Biopharma Inc.,US,True,2026-05-03 12:13:06.040319+00:00
16997,PTCCY,Petrochina Co Ltd,US,True,2026-05-03 12:13:06.040319+00:00
16998,PFH,Prudential Financial Inc,US,True,2026-05-03 12:13:06.040319+00:00
16999,PRH,Prudential Financial Inc,US,True,2026-05-03 12:13:06.040319+00:00
17000,PRS,Prudential Financial Inc,US,True,2026-05-03 12:13:06.040319+00:00
17001,AHL-PF,Aspen Insurance Holdings Ltd,US,True,2026-05-03 12:13:06.040319+00:00
17002,ET-PI,Energy Transfer Lp,US,True,2026-05-03 12:13:06.040319+00:00
17003,GDV-PK,Gabelli Dividend & Income Trust,US,True,2026-05-03 12:13:06.040319+00:00
17004,STRRP,"Star Equity Holdings, Inc.",US,True,2026-05-03 12:13:06.040319+00:00
17005,DTK,Dte Energy Co,US,True,2026-05-03 12:13:06.040319+00:00
17006,DTG,Dte Energy Co,US,True,2026-05-03 12:13:06.040319+00:00
17007,DTB,Dte Energy Co,US,True,2026-05-03 12:13:06.040319+00:00
17008,RNR-PG,Renaissancere Holdings Ltd,US,True,2026-05-03 12:13:06.040319+00:00
17009,PREJF,Partnerre Ltd,US,True,2026-05-03 12:13:06.040319+00:00
17010,MLCMF,Millicom International Cellular Sa,US,True,2026-05-03 12:13:06.040319+00:00
17011,LTAFX,Alternative Strategies Income Fund,US,True,2026-05-03 12:13:06.040319+00:00
17012,LTCFX,Alternative Strategies Income Fund,US,True,2026-05-03 12:13:06.040319+00:00
17013,AFGD,American Financial Group Inc,US,True,2026-05-03 12:13:06.040319+00:00
17014,AFGE,American Financial Group Inc,US,True,2026-05-03 12:13:06.040319+00:00
17015,AFGB,American Financial Group Inc,US,True,2026-05-03 12:13:06.040319+00:00
17016,GLDI,Credit Suisse Ag,US,True,2026-05-03 12:13:06.040319+00:00
17017,USOI,Credit Suisse Ag,US,True,2026-05-03 12:13:06.040319+00:00
17018,SLVO,Credit Suisse Ag,US,True,2026-05-03 12:13:06.040319+00:00
17019,NXPLW,Nextplat Corp,US,True,2026-05-03 12:13:06.040319+00:00
17020,BESS-WT,Bimergen Energy Corp,US,True,2026-05-03 12:13:06.040319+00:00
17021,SWZCF,Swisscom Ag,US,True,2026-05-03 12:13:06.040319+00:00
17022,MET-PF,Metlife Inc,US,True,2026-05-03 12:13:06.040319+00:00
17023,SLFQF,Sun Life Financial Inc,US,True,2026-05-03 12:13:06.040319+00:00
17024,SLFIF,Sun Life Financial Inc,US,True,2026-05-03 12:13:06.040319+00:00
17025,SUNFF,Sun Life Financial Inc,US,True,2026-05-03 12:13:06.040319+00:00
17026,EQH-PA,"Equitable Holdings, Inc.",US,True,2026-05-03 12:13:06.040319+00:00
17027,EQH-PC,"Equitable Holdings, Inc.",US,True,2026-05-03 12:13:06.040319+00:00
17028,RF-PE,Regions Financial Corp,US,True,2026-05-03 12:13:06.040319+00:00
17029,RCKTW,"Rocket Pharmaceuticals, Inc.",US,True,2026-05-03 12:13:06.040319+00:00
17030,RF-PF,Regions Financial Corp,US,True,2026-05-03 12:13:06.040319+00:00
17031,TMUSZ,"T-Mobile Us, Inc.",US,True,2026-05-03 12:13:06.040319+00:00
17032,TMUSI,"T-Mobile Us, Inc.",US,True,2026-05-03 12:13:06.040319+00:00
17033,TMUSL,"T-Mobile Us, Inc.",US,True,2026-05-03 12:13:06.040319+00:00
17034,LNXSF,Lanxess Ag,US,True,2026-05-03 12:13:06.040319+00:00
17035,ZNOGW,Zion Oil & Gas Inc,US,True,2026-05-03 12:13:06.040319+00:00
17036,AIZN,"Assurant, Inc.",US,True,2026-05-03 12:13:06.040319+00:00
17037,ZIVOW,"Zivo Bioscience, Inc.",US,True,2026-05-03 12:13:06.040319+00:00
17038,MNUPF,Manulife Financial Corp,US,True,2026-05-03 12:13:06.040319+00:00
17039,MNLCF,Manulife Financial Corp,US,True,2026-05-03 12:13:06.040319+00:00
17040,MNQFF,Manulife Financial Corp,US,True,2026-05-03 12:13:06.040319+00:00
17041,MNUFF,Manulife Financial Corp,US,True,2026-05-03 12:13:06.040319+00:00
17042,DHCNI,Diversified Healthcare Trust,US,True,2026-05-03 12:13:06.040319+00:00
17043,DHCNL,Diversified Healthcare Trust,US,True,2026-05-03 12:13:06.040319+00:00
17044,NOVTU,Novanta Inc,US,True,2026-05-03 12:13:06.040319+00:00
17045,TCBIO,Texas Capital Bancshares Inc/Tx,US,True,2026-05-03 12:13:06.040319+00:00
17046,TMSOF,Thomson Reuters Corp /Can/,US,True,2026-05-03 12:13:06.040319+00:00
17047,ANG-PD,American National Group Inc.,US,True,2026-05-03 12:13:06.040319+00:00
17048,FNFPA,First Niles Financial Inc,US,True,2026-05-03 12:13:06.040319+00:00
17049,TDBCP,Toronto Dominion Bank,US,True,2026-05-03 12:13:06.040319+00:00
17050,MBNKO,Medallion Financial Corp,US,True,2026-05-03 12:13:06.040319+00:00
17051,POWWP,Outdoor Holding Co,US,True,2026-05-03 12:13:06.040319+00:00
17052,WTFCN,Wintrust Financial Corp,US,True,2026-05-03 12:13:06.040319+00:00
17053,RYLBF,Royal Bank Of Canada,US,True,2026-05-03 12:13:06.040319+00:00
17054,ALB-PA,Albemarle Corp,US,True,2026-05-03 12:13:06.040319+00:00
17055,XXAAU,Aei Income & Growth Fund Xxi Ltd Partnership,US,True,2026-05-03 12:13:06.040319+00:00
17056,ADC-PA,Agree Realty Corp,US,True,2026-05-03 12:13:06.040319+00:00
17057,REGCO,Regency Centers Corp,US,True,2026-05-03 12:13:06.040319+00:00
17058,REGCP,Regency Centers Corp,US,True,2026-05-03 12:13:06.040319+00:00
17059,RDCT,"Vnue, Inc.",US,True,2026-05-03 12:13:06.040319+00:00
17060,MHNC,"Maiden Holdings, Ltd.",US,True,2026-05-03 12:13:06.040319+00:00
17061,BBLGW,Bone Biologics Corp,US,True,2026-05-03 12:13:06.040319+00:00
17062,GNT-PA,"Gamco Natural Resources, Gold & Income Trust",US,True,2026-05-03 12:13:06.040319+00:00
17063,ELCPF,Edp Energias De Portugal Sa,US,True,2026-05-03 12:13:06.040319+00:00
17064,PCG-PX,Pg&E Corp,US,True,2026-05-03 12:13:06.040319+00:00
17065,WAFDP,Wafd Inc,US,True,2026-05-03 12:13:06.040319+00:00
17066,EMICF,Emera Inc,US,True,2026-05-03 12:13:06.040319+00:00
17067,EMRJF,Emera Inc,US,True,2026-05-03 12:13:06.040319+00:00
17068,SWKHL,Swk Holdings Corp,US,True,2026-05-03 12:13:06.040319+00:00
17069,XAKJ,"Sipp International Industries, Inc.",US,True,2026-05-03 12:13:06.040319+00:00
17070,TGOPF,3I Group Plc,US,True,2026-05-03 12:13:06.040319+00:00
17071,AMUB,Ubs Ag,US,True,2026-05-03 12:13:06.040319+00:00
17072,BDCX,Ubs Ag,US,True,2026-05-03 12:13:06.040319+00:00
17073,BDCZ,Ubs Ag,US,True,2026-05-03 12:13:06.040319+00:00
17074,CEFD,Ubs Ag,US,True,2026-05-03 12:13:06.040319+00:00
17075,UCIB,Ubs Ag,US,True,2026-05-03 12:13:06.040319+00:00
17076,USML,Ubs Ag,US,True,2026-05-03 12:13:06.040319+00:00
17077,SCDL,Ubs Ag,US,True,2026-05-03 12:13:06.040319+00:00
17078,SMHB,Ubs Ag,US,True,2026-05-03 12:13:06.040319+00:00
17079,MTUL,Ubs Ag,US,True,2026-05-03 12:13:06.040319+00:00
17080,MVRL,Ubs Ag,US,True,2026-05-03 12:13:06.040319+00:00
17081,PFFL,Ubs Ag,US,True,2026-05-03 12:13:06.040319+00:00
17082,QULL,Ubs Ag,US,True,2026-05-03 12:13:06.040319+00:00
17083,MLPB,Ubs Ag,US,True,2026-05-03 12:13:06.040319+00:00
17084,MLPR,Ubs Ag,US,True,2026-05-03 12:13:06.040319+00:00
17085,IWDL,Ubs Ag,US,True,2026-05-03 12:13:06.040319+00:00
17086,IWFL,Ubs Ag,US,True,2026-05-03 12:13:06.040319+00:00
17087,IWML,Ubs Ag,US,True,2026-05-03 12:13:06.040319+00:00
17088,HDLB,Ubs Ag,US,True,2026-05-03 12:13:06.040319+00:00
17089,IFED,Ubs Ag,US,True,2026-05-03 12:13:06.040319+00:00
17090,SHO-PH,"Sunstone Hotel Investors, Inc.",US,True,2026-05-03 12:13:06.040319+00:00
17091,SHO-PI,"Sunstone Hotel Investors, Inc.",US,True,2026-05-03 12:13:06.040319+00:00
17092,LLOBF,Lloyds Banking Group Plc,US,True,2026-05-03 12:13:06.040319+00:00
17093,AQNB,Algonquin Power & Utilities Corp.,US,True,2026-05-03 12:13:06.040319+00:00
17094,AGQPF,Algonquin Power & Utilities Corp.,US,True,2026-05-03 12:13:06.040319+00:00
17095,QXO-PB,"Qxo, Inc.",US,True,2026-05-03 12:13:06.040319+00:00
17096,BPYPM,Brookfield Property Partners L.P.,US,True,2026-05-03 12:13:06.040319+00:00
17097,BPYPN,Brookfield Property Partners L.P.,US,True,2026-05-03 12:13:06.040319+00:00
17098,BPYPO,Brookfield Property Partners L.P.,US,True,2026-05-03 12:13:06.040319+00:00
17099,RITM-PF,Rithm Capital Corp.,US,True,2026-05-03 12:13:06.040319+00:00
17100,RITM-PE,Rithm Capital Corp.,US,True,2026-05-03 12:13:06.040319+00:00
17101,GRTUF,Granite Real Estate Investment Trust,US,True,2026-05-03 12:13:06.040319+00:00
17102,RITM-PA,Rithm Capital Corp.,US,True,2026-05-03 12:13:06.040319+00:00
17103,RITM-PB,Rithm Capital Corp.,US,True,2026-05-03 12:13:06.040319+00:00
17104,RITM-PC,Rithm Capital Corp.,US,True,2026-05-03 12:13:06.040319+00:00
17105,RITM-PD,Rithm Capital Corp.,US,True,2026-05-03 12:13:06.040319+00:00
17106,TFIN-P,"Triumph Financial, Inc.",US,True,2026-05-03 12:13:06.040319+00:00
17107,SOHGF,Alsok Co Ltd./Adr,US,True,2026-05-03 12:13:06.040319+00:00
17108,XRN-PA,Chiron Real Estate Inc.,US,True,2026-05-03 12:13:06.040319+00:00
17109,XRN-PB,Chiron Real Estate Inc.,US,True,2026-05-03 12:13:06.040319+00:00
17110,CTTRF,"Controladora Vuela Compania De Aviacion, S.A.B. De C.V.",US,True,2026-05-03 12:13:06.040319+00:00
17111,EP-PC,"Kinder Morgan, Inc.",US,True,2026-05-03 12:13:06.040319+00:00
17112,BAFBF,Balfour Beatty Plc/Adr,US,True,2026-05-03 12:13:06.040319+00:00
17113,LOMWF,Lion One Metals Ltd.,US,True,2026-05-03 12:13:06.040319+00:00
17114,BTDPF,Barratt Developments Plc/Adr,US,True,2026-05-03 12:13:06.040319+00:00
17115,MLSPF,Melrose Industries Plc/Adr,US,True,2026-05-03 12:13:06.040319+00:00
17116,LBRA,1847 Holdings Llc,US,True,2026-05-03 12:13:06.040319+00:00
17117,MONRF,Moncler S.P.A./Adr,US,True,2026-05-03 12:13:06.040319+00:00
17118,DBVTF,Dbv Technologies S.A.,US,True,2026-05-03 12:13:06.040319+00:00
17119,SYF-PA,Synchrony Financial,US,True,2026-05-03 12:13:06.040319+00:00
17120,SYF-PB,Synchrony Financial,US,True,2026-05-03 12:13:06.040319+00:00
17121,KREF-PA,Kkr Real Estate Finance Trust Inc.,US,True,2026-05-03 12:13:06.040319+00:00
17122,MBINM,Merchants Bancorp,US,True,2026-05-03 12:13:06.040319+00:00
17123,MBINN,Merchants Bancorp,US,True,2026-05-03 12:13:06.040319+00:00
17124,MBINL,Merchants Bancorp,US,True,2026-05-03 12:13:06.040319+00:00
17125,INN-PF,"Summit Hotel Properties, Inc.",US,True,2026-05-03 12:13:06.040319+00:00
17126,PRBZF,Premium Brands Holdings Corp,US,True,2026-05-03 12:13:06.040319+00:00
17127,LFT-PA,"Lument Finance Trust, Inc.",US,True,2026-05-03 12:13:06.040319+00:00
17128,SMSOF,Samsonite International Sa/Adr,US,True,2026-05-03 12:13:06.040319+00:00
17129,OFSSO,Ofs Capital Corp,US,True,2026-05-03 12:13:06.040319+00:00
17130,OFSSH,Ofs Capital Corp,US,True,2026-05-03 12:13:06.040319+00:00
17131,CNO-PA,"Cno Financial Group, Inc.",US,True,2026-05-03 12:13:06.040319+00:00
17132,BGMSP,"Bio Green Med Solution, Inc.",US,True,2026-05-03 12:13:06.040319+00:00
17133,AEBMY,Anadolu Efes Biracilik Ve Malt Sanayi A S/Adr,US,True,2026-05-03 12:13:06.040319+00:00
17134,AEBMF,Anadolu Efes Biracilik Ve Malt Sanayi A S/Adr,US,True,2026-05-03 12:13:06.040319+00:00
17135,SHMLF,Shl Telemedicine Ltd,US,True,2026-05-03 12:13:06.040319+00:00
17136,EBOSF,Ebos Group Limited/Adr,US,True,2026-05-03 12:13:06.040319+00:00
17137,DPLMF,Diploma Plc/Adr,US,True,2026-05-03 12:13:06.040319+00:00
17138,CGABL,Carlyle Group Inc.,US,True,2026-05-03 12:13:06.040319+00:00
17139,FRTSF,Fortis Inc.,US,True,2026-05-03 12:13:06.040319+00:00
17140,FTPSF,Fortis Inc.,US,True,2026-05-03 12:13:06.040319+00:00
17141,FRTJF,Fortis Inc.,US,True,2026-05-03 12:13:06.040319+00:00
17142,FINCF,Fortis Inc.,US,True,2026-05-03 12:13:06.040319+00:00
17143,FORFF,Fortis Inc.,US,True,2026-05-03 12:13:06.040319+00:00
17144,FTRSF,Fortis Inc.,US,True,2026-05-03 12:13:06.040319+00:00
17145,GNL-PE,"Global Net Lease, Inc.",US,True,2026-05-03 12:13:06.040319+00:00
17146,GNL-PD,"Global Net Lease, Inc.",US,True,2026-05-03 12:13:06.040319+00:00
17147,GNL-PB,"Global Net Lease, Inc.",US,True,2026-05-03 12:13:06.040319+00:00
17148,MPLXP,Mplx Lp,US,True,2026-05-03 12:13:06.040319+00:00
17149,CPNNF,Central Pattana Public Co Limited/Adr,US,True,2026-05-03 12:13:06.040319+00:00
17150,CTPUF,Central Pattana Public Co Limited/Adr,US,True,2026-05-03 12:13:06.040319+00:00
17151,CICB,Cion Investment Corp,US,True,2026-05-03 12:13:06.040319+00:00
17152,PRIF-PL,"Priority Income Fund, Inc.",US,True,2026-05-03 12:13:06.040319+00:00
17153,PRIF-PD,"Priority Income Fund, Inc.",US,True,2026-05-03 12:13:06.040319+00:00
17154,PRIF-PJ,"Priority Income Fund, Inc.",US,True,2026-05-03 12:13:06.040319+00:00
17155,PRIF-PK,"Priority Income Fund, Inc.",US,True,2026-05-03 12:13:06.040319+00:00
17156,FBRT-PE,"Franklin Bsp Realty Trust, Inc.",US,True,2026-05-03 12:13:06.040319+00:00
17157,EYUUF,Electricity Generating Public Co Limited/Adr,US,True,2026-05-03 12:13:06.040319+00:00
17158,EYGPF,Electricity Generating Public Co Limited/Adr,US,True,2026-05-03 12:13:06.040319+00:00
17159,ISADY,Iss A/S / Adr,US,True,2026-05-03 12:13:06.040319+00:00
17160,ISFFF,Iss A/S / Adr,US,True,2026-05-03 12:13:06.040319+00:00
17161,REXR-PC,"Rexford Industrial Realty, Inc.",US,True,2026-05-03 12:13:06.040319+00:00
17162,SHLAF,Schindler Holding Ag/Adr,US,True,2026-05-03 12:13:06.040319+00:00
17163,SHLRF,Schindler Holding Ag/Adr,US,True,2026-05-03 12:13:06.040319+00:00
17164,GIPRW,"Generation Income Properties, Inc.",US,True,2026-05-03 12:13:06.040319+00:00
17165,ITRMF,Iterum Therapeutics Plc,US,True,2026-05-03 12:13:06.040319+00:00
17166,TRTX-PC,"Tpg Re Finance Trust, Inc.",US,True,2026-05-03 12:13:06.040319+00:00
17167,RVMDW,"Revolution Medicines, Inc.",US,True,2026-05-03 12:13:06.040319+00:00
17168,SNPTF,Sunny Optical Technology (Group) Co Limited/Adr,US,True,2026-05-03 12:13:06.040319+00:00
17169,ACONW,"Aclarion, Inc.",US,True,2026-05-03 12:13:06.040319+00:00
17170,LBRDP,Liberty Broadband Corp,US,True,2026-05-03 12:13:06.040319+00:00
17171,RPT-PC,Rithm Property Trust Inc.,US,True,2026-05-03 12:13:06.040319+00:00
17172,SNROF,"Sanrio Company, Ltd./Adr",US,True,2026-05-03 12:13:06.040319+00:00
17173,IPSOF,Ipsos/Adr,US,True,2026-05-03 12:13:06.040319+00:00
17174,CTRVP,"Hepion Pharmaceuticals, Inc.",US,True,2026-05-03 12:13:06.040319+00:00
17175,OZKAP,Bank Ozk,US,True,2026-05-03 12:13:06.040319+00:00
17176,DSX-WT,Diana Shipping Inc.,US,True,2026-05-03 12:13:06.040319+00:00
17177,AHNRD,Athena Gold Corp,US,True,2026-05-03 12:13:06.040319+00:00
17178,TRTN-PB,Triton International Ltd,US,True,2026-05-03 12:13:06.040319+00:00
17179,BSTT,"Blackstone Real Estate Income Trust, Inc.",US,True,2026-05-03 12:13:06.040319+00:00
17180,QGAI,Quantum Genesis Ai Corp.,US,True,2026-05-03 12:13:06.040319+00:00
17181,NEMCL,Newmont Corp /De/,US,True,2026-05-03 12:13:06.040319+00:00
17182,TRTN-PC,Triton International Ltd,US,True,2026-05-03 12:13:06.040319+00:00
17183,TRTN-PD,Triton International Ltd,US,True,2026-05-03 12:13:06.040319+00:00
17184,TRTN-PE,Triton International Ltd,US,True,2026-05-03 12:13:06.040319+00:00
17185,TRTN-PF,Triton International Ltd,US,True,2026-05-03 12:13:06.040319+00:00
17186,TRTN-PG,Triton International Ltd,US,True,2026-05-03 12:13:06.040319+00:00
17187,LENDX,Stone Ridge Trust V,US,True,2026-05-03 12:13:06.040319+00:00
17188,BEIGF,Beone Medicines Ltd.,US,True,2026-05-03 12:13:06.040319+00:00
17189,HPE-PC,Hewlett Packard Enterprise Co,US,True,2026-05-03 12:13:06.040319+00:00
17190,MDV-PA,"Modiv Industrial, Inc.",US,True,2026-05-03 12:13:06.040319+00:00
17191,BK-PK,Bank Of New York Mellon Corp,US,True,2026-05-03 12:13:06.040319+00:00
17192,GFSAY,Gafisa S.A.,US,True,2026-05-03 12:13:06.040319+00:00
17193,ANABV,"Anaptysbio, Inc",US,True,2026-05-03 12:13:06.040319+00:00
17194,BRIPF,Brookfield Infrastructure Partners L.P.,US,True,2026-05-03 12:13:06.040319+00:00
17195,BIPJ,Brookfield Infrastructure Partners L.P.,US,True,2026-05-03 12:13:06.040319+00:00
17196,BIPH,Brookfield Infrastructure Partners L.P.,US,True,2026-05-03 12:13:06.040319+00:00
17197,BIPI,Brookfield Infrastructure Partners L.P.,US,True,2026-05-03 12:13:06.040319+00:00
17198,BIP-PA,Brookfield Infrastructure Partners L.P.,US,True,2026-05-03 12:13:06.040319+00:00
17199,BIP-PB,Brookfield Infrastructure Partners L.P.,US,True,2026-05-03 12:13:06.040319+00:00
17200,CIMO,Chimera Investment Corp,US,True,2026-05-03 12:13:06.040319+00:00
17201,CIMP,Chimera Investment Corp,US,True,2026-05-03 12:13:06.040319+00:00
17202,CIMN,Chimera Investment Corp,US,True,2026-05-03 12:13:06.040319+00:00
17203,NXDT-PA,Nexpoint Diversified Real Estate Trust,US,True,2026-05-03 12:13:06.040319+00:00
17204,SGBAF,Ses S.A.,US,True,2026-05-03 12:13:06.040319+00:00
17205,QVCGP,"Qvc Group, Inc.",US,True,2026-05-03 12:13:06.040319+00:00
17206,QVCGB,"Qvc Group, Inc.",US,True,2026-05-03 12:13:06.040319+00:00
17207,ORCL-PD,Oracle Corp,US,True,2026-05-03 12:13:06.040319+00:00
17208,ACR-PC,Acres Commercial Realty Corp.,US,True,2026-05-03 12:13:06.040319+00:00
17209,ACR-PD,Acres Commercial Realty Corp.,US,True,2026-05-03 12:13:06.040319+00:00
17210,AXIA-PC,Axia Energia S.A.,US,True,2026-05-03 12:13:06.040319+00:00
17211,AXIA-P,Axia Energia S.A.,US,True,2026-05-03 12:13:06.040319+00:00
17212,ATLCL,Atlanticus Holdings Corp,US,True,2026-05-03 12:13:06.040319+00:00
17213,LOB-PA,"Live Oak Bancshares, Inc.",US,True,2026-05-03 12:13:06.040319+00:00
17214,ATLCZ,Atlanticus Holdings Corp,US,True,2026-05-03 12:13:06.040319+00:00
17215,JTGLF,"Citibank,N.A./Adr",US,True,2026-05-03 12:13:06.040319+00:00
17216,CLDT-PA,Chatham Lodging Trust,US,True,2026-05-03 12:13:06.040319+00:00
17217,AGQ,Proshares Trust Ii,US,True,2026-05-03 12:13:06.040319+00:00
17218,BOIL,Proshares Trust Ii,US,True,2026-05-03 12:13:06.040319+00:00
17219,EUO,Proshares Trust Ii,US,True,2026-05-03 12:13:06.040319+00:00
17220,GLL,Proshares Trust Ii,US,True,2026-05-03 12:13:06.040319+00:00
17221,YCL,Proshares Trust Ii,US,True,2026-05-03 12:13:06.040319+00:00
17222,YCS,Proshares Trust Ii,US,True,2026-05-03 12:13:06.040319+00:00
17223,ZSL,Proshares Trust Ii,US,True,2026-05-03 12:13:06.040319+00:00
17224,UGL,Proshares Trust Ii,US,True,2026-05-03 12:13:06.040319+00:00
17225,ULE,Proshares Trust Ii,US,True,2026-05-03 12:13:06.040319+00:00
17226,UVXY,Proshares Trust Ii,US,True,2026-05-03 12:13:06.040319+00:00
17227,VIXM,Proshares Trust Ii,US,True,2026-05-03 12:13:06.040319+00:00
17228,VIXY,Proshares Trust Ii,US,True,2026-05-03 12:13:06.040319+00:00
17229,SCO,Proshares Trust Ii,US,True,2026-05-03 12:13:06.040319+00:00
17230,SVXY,Proshares Trust Ii,US,True,2026-05-03 12:13:06.040319+00:00
17231,UCO,Proshares Trust Ii,US,True,2026-05-03 12:13:06.040319+00:00
17232,KOLD,Proshares Trust Ii,US,True,2026-05-03 12:13:06.040319+00:00
17233,PSEC-PA,Prospect Capital Corp,US,True,2026-05-03 12:13:06.040319+00:00
17234,DLR-PL,"Digital Realty Trust, Inc.",US,True,2026-05-03 12:13:06.040319+00:00
17235,SEAL-PA,Seapeak Llc,US,True,2026-05-03 12:13:06.040319+00:00
17236,SEAL-PB,Seapeak Llc,US,True,2026-05-03 12:13:06.040319+00:00
17237,ISMCF,Ishares S&P Gsci Commodity-Indexed Trust,US,True,2026-05-03 12:13:06.040319+00:00
17238,GLP-PB,Global Partners Lp,US,True,2026-05-03 12:13:06.040319+00:00
17239,RGPX,"Regenerex Pharma, Inc.",US,True,2026-05-03 12:13:06.040319+00:00
17240,WAL-PA,Western Alliance Bancorporation,US,True,2026-05-03 12:13:06.040319+00:00
17241,TRPPF,Tc Energy Corp,US,True,2026-05-03 12:13:06.040319+00:00
17242,TRPEF,Tc Energy Corp,US,True,2026-05-03 12:13:06.040319+00:00
17243,TCENF,Tc Energy Corp,US,True,2026-05-03 12:13:06.040319+00:00
17244,TCNCF,Tc Energy Corp,US,True,2026-05-03 12:13:06.040319+00:00
17245,TRPRF,Tc Energy Corp,US,True,2026-05-03 12:13:06.040319+00:00
17246,TCEYF,Tc Energy Corp,US,True,2026-05-03 12:13:06.040319+00:00
17247,GOODN,Gladstone Commercial Corp,US,True,2026-05-03 12:13:06.040319+00:00
17248,GOODO,Gladstone Commercial Corp,US,True,2026-05-03 12:13:06.040319+00:00
17249,MITT-PC,"Tpg Mortgage Investment Trust, Inc.",US,True,2026-05-03 12:13:06.040319+00:00
17250,MITP,"Tpg Mortgage Investment Trust, Inc.",US,True,2026-05-03 12:13:06.040319+00:00
17251,MITN,"Tpg Mortgage Investment Trust, Inc.",US,True,2026-05-03 12:13:06.040319+00:00
17252,AMPGZ,"Amplitech Group, Inc.",US,True,2026-05-03 12:13:06.040319+00:00
17253,AMPGR,"Amplitech Group, Inc.",US,True,2026-05-03 12:13:06.040319+00:00
17254,PFXNZ,Phenixfin Corp,US,True,2026-05-03 12:13:06.040319+00:00
17255,SKLTF,Seek Ltd,US,True,2026-05-03 12:13:06.040319+00:00
17256,CUBB,"Customers Bancorp, Inc.",US,True,2026-05-03 12:13:06.040319+00:00
17257,HPP-PC,"Hudson Pacific Properties, Inc.",US,True,2026-05-03 12:13:06.040319+00:00
17258,NMFCZ,New Mountain Finance Corp,US,True,2026-05-03 12:13:06.040319+00:00
17259,GROO,"Groovy Company, Inc.",US,True,2026-05-03 12:13:06.040319+00:00
17260,KRNGF,Karoon Gas Australia Ltd /Adr/,US,True,2026-05-03 12:13:06.040319+00:00
17261,ACGLN,Arch Capital Group Ltd.,US,True,2026-05-03 12:13:06.040319+00:00
17262,RWT-PA,Redwood Trust Inc,US,True,2026-05-03 12:13:06.040319+00:00
17263,RWTN,Redwood Trust Inc,US,True,2026-05-03 12:13:06.040319+00:00
17264,BERZ,Bank Of Montreal /Can/,US,True,2026-05-03 12:13:06.040319+00:00
17265,COF-PI,Capital One Financial Corp,US,True,2026-05-03 12:13:06.040319+00:00
17266,COF-PJ,Capital One Financial Corp,US,True,2026-05-03 12:13:06.040319+00:00
17267,COF-PK,Capital One Financial Corp,US,True,2026-05-03 12:13:06.040319+00:00
17268,COF-PL,Capital One Financial Corp,US,True,2026-05-03 12:13:06.040319+00:00
17269,COF-PN,Capital One Financial Corp,US,True,2026-05-03 12:13:06.040319+00:00
17270,FNGO,Bank Of Montreal /Can/,US,True,2026-05-03 12:13:06.040319+00:00
17271,FNGS,Bank Of Montreal /Can/,US,True,2026-05-03 12:13:06.040319+00:00
17272,FNGU,Bank Of Montreal /Can/,US,True,2026-05-03 12:13:06.040319+00:00
17273,GDXD,Bank Of Montreal /Can/,US,True,2026-05-03 12:13:06.040319+00:00
17274,DULL,Bank Of Montreal /Can/,US,True,2026-05-03 12:13:06.040319+00:00
17275,FLYD,Bank Of Montreal /Can/,US,True,2026-05-03 12:13:06.040319+00:00
17276,FLYU,Bank Of Montreal /Can/,US,True,2026-05-03 12:13:06.040319+00:00
17277,RWTP,Redwood Trust Inc,US,True,2026-05-03 12:13:06.040319+00:00
17278,RWTQ,Redwood Trust Inc,US,True,2026-05-03 12:13:06.040319+00:00
17279,RWTO,Redwood Trust Inc,US,True,2026-05-03 12:13:06.040319+00:00
17280,FMCKK,Federal Home Loan Mortgage Corp,US,True,2026-05-03 12:13:06.040319+00:00
17281,FREJP,Federal Home Loan Mortgage Corp,US,True,2026-05-03 12:13:06.040319+00:00
17282,PTIXW,"Protagenic Therapeutics, Inc.New",US,True,2026-05-03 12:13:06.040319+00:00
17283,VGLSD,Vg Life Sciences Inc.,US,True,2026-05-03 12:13:06.040319+00:00
17284,DHY-RW,Credit Suisse High Yield Credit Fund,US,True,2026-05-03 12:13:06.040319+00:00
17285,MOBQW,"Mobiquity Technologies, Inc.",US,True,2026-05-03 12:13:06.040319+00:00
17286,STRF,Strategy Inc,US,True,2026-05-03 12:13:06.040319+00:00
17287,STRK,Strategy Inc,US,True,2026-05-03 12:13:06.040319+00:00
17288,STRD,Strategy Inc,US,True,2026-05-03 12:13:06.040319+00:00
17289,NLY-PI,Annaly Capital Management Inc,US,True,2026-05-03 12:13:06.040319+00:00
17290,NLY-PJ,Annaly Capital Management Inc,US,True,2026-05-03 12:13:06.040319+00:00
17291,AZUXY,Azul Sa,US,True,2026-05-03 12:13:06.040319+00:00
17292,AZLUY,Azul Sa,US,True,2026-05-03 12:13:06.040319+00:00
17293,ARR-PC,"Armour Residential Reit, Inc.",US,True,2026-05-03 12:13:06.040319+00:00
17294,THRC,"Havana Roasters Coffee Companies, Inc.",US,True,2026-05-03 12:13:06.040319+00:00
17295,GRKZF,Greek Organisation Of Football Prognostics S.A.,US,True,2026-05-03 12:13:06.040319+00:00
17296,PEB-PG,Pebblebrook Hotel Trust,US,True,2026-05-03 12:13:06.040319+00:00
17297,PEB-PH,Pebblebrook Hotel Trust,US,True,2026-05-03 12:13:06.040319+00:00
17298,PBATF,Pt Bukit Asam Tbk/Adr,US,True,2026-05-03 12:13:06.040319+00:00
17299,OXLCN,Oxford Lane Capital Corp.,US,True,2026-05-03 12:13:06.040319+00:00
17300,OXLCI,Oxford Lane Capital Corp.,US,True,2026-05-03 12:13:06.040319+00:00
17301,OXLCG,Oxford Lane Capital Corp.,US,True,2026-05-03 12:13:06.040319+00:00
17302,OXLCL,Oxford Lane Capital Corp.,US,True,2026-05-03 12:13:06.040319+00:00
17303,OXLCP,Oxford Lane Capital Corp.,US,True,2026-05-03 12:13:06.040319+00:00
17304,OXLCZ,Oxford Lane Capital Corp.,US,True,2026-05-03 12:13:06.040319+00:00
17305,PRHIZ,"Presurance Holdings, Inc.",US,True,2026-05-03 12:13:06.040319+00:00
17306,FLG-PA,"Flagstar Bank, National Association",US,True,2026-05-03 12:13:06.040319+00:00
17307,FLG-PU,"Flagstar Bank, National Association",US,True,2026-05-03 12:13:06.040319+00:00
17308,BFS-PE,"Saul Centers, Inc.",US,True,2026-05-03 12:13:06.040319+00:00
17309,TXEMF,Templeton Emerging Markets Income Fund,US,True,2026-05-03 12:13:06.040319+00:00
17310,BNKD,Bank Of Montreal /Can/,US,True,2026-05-03 12:13:06.040319+00:00
17311,BNKU,Bank Of Montreal /Can/,US,True,2026-05-03 12:13:06.040319+00:00
17312,BULZ,Bank Of Montreal /Can/,US,True,2026-05-03 12:13:06.040319+00:00
17313,JETU,Bank Of Montreal /Can/,US,True,2026-05-03 12:13:06.040319+00:00
17314,JETD,Bank Of Montreal /Can/,US,True,2026-05-03 12:13:06.040319+00:00
17315,CARD,Bank Of Montreal /Can/,US,True,2026-05-03 12:13:06.040319+00:00
17316,CARU,Bank Of Montreal /Can/,US,True,2026-05-03 12:13:06.040319+00:00
17317,WTID,Bank Of Montreal /Can/,US,True,2026-05-03 12:13:06.040319+00:00
17318,WTIU,Bank Of Montreal /Can/,US,True,2026-05-03 12:13:06.040319+00:00
17319,OILU,Bank Of Montreal /Can/,US,True,2026-05-03 12:13:06.040319+00:00
17320,SHNY,Bank Of Montreal /Can/,US,True,2026-05-03 12:13:06.040319+00:00
17321,GDXU,Bank Of Montreal /Can/,US,True,2026-05-03 12:13:06.040319+00:00
17322,NRGD,Bank Of Montreal /Can/,US,True,2026-05-03 12:13:06.040319+00:00
17323,NRGU,Bank Of Montreal /Can/,US,True,2026-05-03 12:13:06.040319+00:00
17324,OILD,Bank Of Montreal /Can/,US,True,2026-05-03 12:13:06.040319+00:00
17325,ELVGD,"Elvictor Group, Inc.",US,True,2026-05-03 12:13:06.040319+00:00
17326,NEOVW,Neovolta Inc.,US,True,2026-05-03 12:13:06.040319+00:00
17327,ZNKUF,"Zenkoku Hosho Co., Ltd./Adr",US,True,2026-05-03 12:13:06.040319+00:00
17328,HYNLY,Hydro One Ltd,US,True,2026-05-03 12:13:06.040319+00:00
17329,ASCIX,Angel Oak Strategic Credit Fund,US,True,2026-05-03 12:13:06.040319+00:00
17330,SQLLW,Atlantic International Corp.,US,True,2026-05-03 12:13:06.040319+00:00
17331,BRLLD,Barrel Energy Inc.,US,True,2026-05-03 12:13:06.040319+00:00
17332,NSA-PB,National Storage Affiliates Trust,US,True,2026-05-03 12:13:06.040319+00:00
17333,OPP-PC,"Rivernorth/Doubleline Strategic Opportunity Fund, Inc.",US,True,2026-05-03 12:13:06.040319+00:00
17334,OPP-PA,"Rivernorth/Doubleline Strategic Opportunity Fund, Inc.",US,True,2026-05-03 12:13:06.040319+00:00
17335,OPP-PB,"Rivernorth/Doubleline Strategic Opportunity Fund, Inc.",US,True,2026-05-03 12:13:06.040319+00:00
17336,MAPSW,"Wm Technology, Inc.",US,True,2026-05-03 12:13:06.040319+00:00
17337,SAABF,Saab Ab/Adr,US,True,2026-05-03 12:13:06.040319+00:00
17338,XRXDW,Xerox Holdings Corp,US,True,2026-05-03 12:13:06.040319+00:00
17339,CHWRF,China Tower Corp Limited/Adr,US,True,2026-05-03 12:13:06.040319+00:00
17340,TRSO,Transuite.Org Inc.,US,True,2026-05-03 12:13:06.040319+00:00
17341,COEPW,Z Squared Inc.,US,True,2026-05-03 12:13:06.040319+00:00
17342,ANKM,"Ankam, Inc.",US,True,2026-05-03 12:13:06.040319+00:00
17343,KPLTW,"Katapult Holdings, Inc.",US,True,2026-05-03 12:13:06.040319+00:00
17344,UVIX,Vs Trust,US,True,2026-05-03 12:13:06.040319+00:00
17345,QFNHF,"Qfin Holdings, Inc.",US,True,2026-05-03 12:13:06.040319+00:00
17346,OZVN,Oz Vision Inc.,US,True,2026-05-03 12:13:06.040319+00:00
17347,LARAX,Lord Abbett Credit Opportunities Fund,US,True,2026-05-03 12:13:06.040319+00:00
17348,HSCT,Hoops Scouting Usa,US,True,2026-05-03 12:13:06.040319+00:00
17349,FABTQ,"Fat Brands, Inc",US,True,2026-05-03 12:13:06.040319+00:00
17350,FATPQ,"Fat Brands, Inc",US,True,2026-05-03 12:13:06.040319+00:00
17351,CAHPF,Evolution Mining Limited/Adr,US,True,2026-05-03 12:13:06.040319+00:00
17352,MEIUF,Meitu Inc./Adr,US,True,2026-05-03 12:13:06.040319+00:00
17353,BETRW,Better Home & Finance Holding Co,US,True,2026-05-03 12:13:06.040319+00:00
17354,ASAIY,Sendas Distributor S.A.,US,True,2026-05-03 12:13:06.040319+00:00
17355,MDAIW,"Spectral Ai, Inc.",US,True,2026-05-03 12:13:06.040319+00:00
17356,RGTIW,"Rigetti Computing, Inc.",US,True,2026-05-03 12:13:06.040319+00:00
17357,WALDW,Waldencast Plc,US,True,2026-05-03 12:13:06.040319+00:00
17358,VEEAW,Veea Inc.,US,True,2026-05-03 12:13:06.040319+00:00
17359,PIIIW,P3 Health Partners Inc.,US,True,2026-05-03 12:13:06.040319+00:00
17360,CPTKW,Crown Proptech Acquisitions,US,True,2026-05-03 12:13:06.040319+00:00
17361,EVEX-WT,"Eve Holding, Inc.",US,True,2026-05-03 12:13:06.040319+00:00
17362,OPADW,Offerpad Solutions Inc.,US,True,2026-05-03 12:13:06.040319+00:00
17363,SKYH-WT,Sky Harbour Group Corp,US,True,2026-05-03 12:13:06.040319+00:00
17364,AMPWF,Ardagh Metal Packaging S.A.,US,True,2026-05-03 12:13:06.040319+00:00
17365,XAGEW,"Longevity Health Holdings, Inc.",US,True,2026-05-03 12:13:06.040319+00:00
17366,SLDPW,"Solid Power, Inc.",US,True,2026-05-03 12:13:06.040319+00:00
17367,FSHPR,Flag Ship Acquisition Corp,US,True,2026-05-03 12:13:06.040319+00:00
17368,HVIIU,Hennessy Capital Investment Corp. Vii,US,True,2026-05-03 12:13:06.040319+00:00
17369,HVIIR,Hennessy Capital Investment Corp. Vii,US,True,2026-05-03 12:13:06.040319+00:00
17370,FIGP,"Forge Group, Inc.",US,True,2026-05-03 12:13:06.040319+00:00
17371,KORGW,"Kore Group Holdings, Inc.",US,True,2026-05-03 12:13:06.040319+00:00
17372,RBOTW,Vicarious Surgical Inc.,US,True,2026-05-03 12:13:06.040319+00:00
17373,PRIAF,Prime Impact Acquisition I,US,True,2026-05-03 12:13:06.040319+00:00
17374,XOSWW,"Xos, Inc.",US,True,2026-05-03 12:13:06.040319+00:00
17375,SPKLW,Spark I Acquisition Corp,US,True,2026-05-03 12:13:06.040319+00:00
17376,WLDSW,Wearable Devices Ltd.,US,True,2026-05-03 12:13:06.040319+00:00
17377,SPKLU,Spark I Acquisition Corp,US,True,2026-05-03 12:13:06.040319+00:00
17378,YBZN,Yi Po International Holdings Ltd,US,True,2026-05-03 12:13:06.040319+00:00
17379,CINGW,Cingulate Inc.,US,True,2026-05-03 12:13:06.040319+00:00
17380,MSAIW,"Multisensor Ai Holdings, Inc.",US,True,2026-05-03 12:13:06.040319+00:00
17381,IAUX-WT,I-80 Gold Corp.,US,True,2026-05-03 12:13:06.040319+00:00
17382,FGIWW,Fgi Industries Ltd.,US,True,2026-05-03 12:13:06.040319+00:00
17383,ALSUF,Alpha Star Acquisition Corp,US,True,2026-05-03 12:13:06.040319+00:00
17384,ALSTF,Alpha Star Acquisition Corp,US,True,2026-05-03 12:13:06.040319+00:00
17385,ALSWF,Alpha Star Acquisition Corp,US,True,2026-05-03 12:13:06.040319+00:00
17386,CYCUW,"Cycurion, Inc.",US,True,2026-05-03 12:13:06.040319+00:00
17387,BULLW,Webull Corp,US,True,2026-05-03 12:13:06.040319+00:00
17388,RCB,Ready Capital Corp,US,True,2026-05-03 12:13:06.040319+00:00
17389,MBUMF,"Mabuchi Motor Co., Ltd./Adr",US,True,2026-05-03 12:13:06.040319+00:00
17390,RCD,Ready Capital Corp,US,True,2026-05-03 12:13:06.040319+00:00
17391,RC-PC,Ready Capital Corp,US,True,2026-05-03 12:13:06.040319+00:00
17392,RC-PE,Ready Capital Corp,US,True,2026-05-03 12:13:06.040319+00:00
17393,NHPBP,"National Healthcare Properties, Inc.",US,True,2026-05-03 12:13:06.040319+00:00
17394,NHPAP,"National Healthcare Properties, Inc.",US,True,2026-05-03 12:13:06.040319+00:00
17395,NWSLL,News Corp,US,True,2026-05-03 12:13:06.040319+00:00
17396,NCHEF,Nichirei Corporation/Adr,US,True,2026-05-03 12:13:06.040319+00:00
17397,ARBEW,Arbe Robotics Ltd.,US,True,2026-05-03 12:13:06.040319+00:00
17398,ASTLW,Algoma Steel Group Inc.,US,True,2026-05-03 12:13:06.040319+00:00
17399,ECXWW,Ecarx Holdings Inc.,US,True,2026-05-03 12:13:06.040319+00:00
17400,VSEEW,"Vsee Health, Inc.",US,True,2026-05-03 12:13:06.040319+00:00
17401,ATEKU,Athena Technology Acquisition Corp. Ii,US,True,2026-05-03 12:13:06.040319+00:00
17402,ATEKW,Athena Technology Acquisition Corp. Ii,US,True,2026-05-03 12:13:06.040319+00:00
17403,PRENW,Prenetics Global Ltd,US,True,2026-05-03 12:13:06.040319+00:00
17404,IMPPP,Imperial Petroleum Inc./Marshall Islands,US,True,2026-05-03 12:13:06.040319+00:00
17405,TPGXL,Tpg Inc.,US,True,2026-05-03 12:13:06.040319+00:00
17406,LVWR-WT,"Livewire Group, Inc.",US,True,2026-05-03 12:13:06.040319+00:00
17407,ACP-PA,Abrdn Income Credit Strategies Fund,US,True,2026-05-03 12:13:06.040319+00:00
17408,GDHLF,Gds Holdings Ltd,US,True,2026-05-03 12:13:06.040319+00:00
17409,NIOBW,Niocorp Developments Ltd,US,True,2026-05-03 12:13:06.040319+00:00
17410,PNDZF,Pandora A/S / Adr,US,True,2026-05-03 12:13:06.040319+00:00
17411,BWNB,"Babcock & Wilcox Enterprises, Inc.",US,True,2026-05-03 12:13:06.040319+00:00
17412,BW-PA,"Babcock & Wilcox Enterprises, Inc.",US,True,2026-05-03 12:13:06.040319+00:00
17413,AREBW,American Rebel Holdings Inc,US,True,2026-05-03 12:13:06.040319+00:00
17414,PBPRF,Pembina Pipeline Corp,US,True,2026-05-03 12:13:06.040319+00:00
17415,PPLOF,Pembina Pipeline Corp,US,True,2026-05-03 12:13:06.040319+00:00
17416,PPLAF,Pembina Pipeline Corp,US,True,2026-05-03 12:13:06.040319+00:00
17417,BUHPF,Bumrungrad Hospital Public Co Limited/Adr,US,True,2026-05-03 12:13:06.040319+00:00
17418,BUHHF,Bumrungrad Hospital Public Co Limited/Adr,US,True,2026-05-03 12:13:06.040319+00:00
17419,BUGDF,Bumrungrad Hospital Public Co Limited/Adr,US,True,2026-05-03 12:13:06.040319+00:00
17420,PBNAF,Pembina Pipeline Corp,US,True,2026-05-03 12:13:06.040319+00:00
17421,PMBPF,Pembina Pipeline Corp,US,True,2026-05-03 12:13:06.040319+00:00
17422,PMMBF,Pembina Pipeline Corp,US,True,2026-05-03 12:13:06.040319+00:00
17423,NSKFF,Kongsberg Gruppen Asa/Adr,US,True,2026-05-03 12:13:06.040319+00:00
17424,PW-PA,Power Reit,US,True,2026-05-03 12:13:06.040319+00:00
17425,CFTR-PA,"Cantor Fitzgerald Income Trust, Inc.",US,True,2026-05-03 12:13:06.040319+00:00
17426,BBAAY,Alibaba Group Holding Ltd,US,True,2026-05-03 12:13:06.040319+00:00
17427,BIVIW,Biovie Inc.,US,True,2026-05-03 12:13:06.040319+00:00
17428,HCTPF,Hutchison Port Holdings Trust/Adr,US,True,2026-05-03 12:13:06.040319+00:00
17429,WNRS,"Winners, Inc.",US,True,2026-05-03 12:13:06.040319+00:00
17430,FGNXP,Fg Nexus Inc.,US,True,2026-05-03 12:13:06.040319+00:00
17431,AUIWF,Aurania Resources Ltd.,US,True,2026-05-03 12:13:06.040319+00:00
17432,AHRT-PA,"Ah Realty Trust, Inc.",US,True,2026-05-03 12:13:06.040319+00:00
17433,ELLA,Ellington Credit Co,US,True,2026-05-03 12:13:06.040319+00:00
17434,TNONW,"Tenon Medical, Inc.",US,True,2026-05-03 12:13:06.040319+00:00
17435,LANDO,Gladstone Land Corp,US,True,2026-05-03 12:13:06.040319+00:00
17436,TRINI,Trinity Capital Inc.,US,True,2026-05-03 12:13:06.040319+00:00
17437,TRINZ,Trinity Capital Inc.,US,True,2026-05-03 12:13:06.040319+00:00
17438,PASTF,Plastic Omnium/Adr,US,True,2026-05-03 12:13:06.040319+00:00
17439,NXGLW,"Nexgel, Inc.",US,True,2026-05-03 12:13:06.040319+00:00
17440,OPENW,Opendoor Technologies Inc.,US,True,2026-05-03 12:13:06.040319+00:00
17441,OPENL,Opendoor Technologies Inc.,US,True,2026-05-03 12:13:06.040319+00:00
17442,OPENZ,Opendoor Technologies Inc.,US,True,2026-05-03 12:13:06.040319+00:00
17443,WHFCL,"Whitehorse Finance, Inc.",US,True,2026-05-03 12:13:06.040319+00:00
17444,WYTC,Wytec International Inc,US,True,2026-05-03 12:13:06.040319+00:00
17445,BCKIF,Babcock International Group Plc/Adr,US,True,2026-05-03 12:13:06.040319+00:00
17446,PETVW,"Petvivo Holdings, Inc.",US,True,2026-05-03 12:13:06.040319+00:00
17447,NEWTG,"Newtekone, Inc.",US,True,2026-05-03 12:13:06.040319+00:00
17448,NEWTO,"Newtekone, Inc.",US,True,2026-05-03 12:13:06.040319+00:00
17449,NEWTH,"Newtekone, Inc.",US,True,2026-05-03 12:13:06.040319+00:00
17450,NEWTP,"Newtekone, Inc.",US,True,2026-05-03 12:13:06.040319+00:00
17451,CCLDO,"Carecloud, Inc.",US,True,2026-05-03 12:13:06.040319+00:00
17452,ECCC,Eagle Point Credit Co Inc.,US,True,2026-05-03 12:13:06.040319+00:00
17453,ECC-PD,Eagle Point Credit Co Inc.,US,True,2026-05-03 12:13:06.040319+00:00
17454,ECCU,Eagle Point Credit Co Inc.,US,True,2026-05-03 12:13:06.040319+00:00
17455,ECCV,Eagle Point Credit Co Inc.,US,True,2026-05-03 12:13:06.040319+00:00
17456,ECCW,Eagle Point Credit Co Inc.,US,True,2026-05-03 12:13:06.040319+00:00
17457,SHMZF,Shimadzu Corporation/Adr,US,True,2026-05-03 12:13:06.040319+00:00
17458,CEHCF,"Cosmo Energy Holdings Co., Ltd./Adr",US,True,2026-05-03 12:13:06.040319+00:00
17459,JPSTF,"Japan Post Bank Co., Ltd.",US,True,2026-05-03 12:13:06.040319+00:00
17460,TSPH,Tusimple Holdings Inc.,US,True,2026-05-03 12:13:06.040319+00:00
17461,SRZNW,"Surrozen, Inc./De",US,True,2026-05-03 12:13:06.040319+00:00
17462,VLDXW,"Velo3D, Inc.",US,True,2026-05-03 12:13:06.040319+00:00
17463,GWH-WT,"Ess Tech, Inc.",US,True,2026-05-03 12:13:06.040319+00:00
17464,OPFI-WT,Oppfi Inc.,US,True,2026-05-03 12:13:06.040319+00:00
17465,BARKW,"Bark, Inc.",US,True,2026-05-03 12:13:06.040319+00:00
17466,LSRCF,Lasertec Corporation/Adr,US,True,2026-05-03 12:13:06.040319+00:00
17467,FCRX,"Crescent Capital Bdc, Inc.",US,True,2026-05-03 12:13:06.040319+00:00
17468,JBHIF,Jb Hi-Fi Limited/Adr,US,True,2026-05-03 12:13:06.040319+00:00
17469,BWET,Amplify Commodity Trust,US,True,2026-05-03 12:13:06.040319+00:00
17470,HIPOW,Hippo Holdings Inc.,US,True,2026-05-03 12:13:06.040319+00:00
17471,RMCOW,Royalty Management Holding Corp,US,True,2026-05-03 12:13:06.040319+00:00
17472,KTTAW,Pasithea Therapeutics Corp.,US,True,2026-05-03 12:13:06.040319+00:00
17473,LOCLW,Local Bounti Corporation/De,US,True,2026-05-03 12:13:06.040319+00:00
17474,CBRGF,Chain Bridge I,US,True,2026-05-03 12:13:06.040319+00:00
17475,ESLAW,"Estrella Immunopharma, Inc.",US,True,2026-05-03 12:13:06.040319+00:00
17476,CBGGF,Chain Bridge I,US,True,2026-05-03 12:13:06.040319+00:00
17477,IMAQR,International Media Acquisition Corp.,US,True,2026-05-03 12:13:06.040319+00:00
17478,IMAQU,International Media Acquisition Corp.,US,True,2026-05-03 12:13:06.040319+00:00
17479,IMAQW,International Media Acquisition Corp.,US,True,2026-05-03 12:13:06.040319+00:00
17480,IXQWF,Ix Acquisition Corp.,US,True,2026-05-03 12:13:06.040319+00:00
17481,PSQH-WT,"Psq Holdings, Inc.",US,True,2026-05-03 12:13:06.040319+00:00
17482,OABIW,"Omniab, Inc.",US,True,2026-05-03 12:13:06.040319+00:00
17483,IXQUF,Ix Acquisition Corp.,US,True,2026-05-03 12:13:06.040319+00:00
17484,DRMAW,"Dermata Therapeutics, Inc.",US,True,2026-05-03 12:13:06.040319+00:00
17485,BRLSW,Borealis Foods Inc.,US,True,2026-05-03 12:13:06.040319+00:00
17486,HMELF,Hold Me Ltd,US,True,2026-05-03 12:13:06.040319+00:00
17487,SEATW,Vivid Seats Inc.,US,True,2026-05-03 12:13:06.040319+00:00
17488,HNSDF,Hensoldt Ag/Adr,US,True,2026-05-03 12:13:06.040319+00:00
17489,NVACW,"Profusa, Inc.",US,True,2026-05-03 12:13:06.040319+00:00
17490,CMCUF,Piermont Valley Acquisition Corp,US,True,2026-05-03 12:13:06.040319+00:00
17491,CMCWF,Piermont Valley Acquisition Corp,US,True,2026-05-03 12:13:06.040319+00:00
17492,OPTXW,"Syntec Optics Holdings, Inc.",US,True,2026-05-03 12:13:06.040319+00:00
17493,EVTWF,Vertical Aerospace Ltd.,US,True,2026-05-03 12:13:06.040319+00:00
17494,DRTSW,Alpha Tau Medical Ltd.,US,True,2026-05-03 12:13:06.040319+00:00
17495,SWAGW,"Stran & Company, Inc.",US,True,2026-05-03 12:13:06.040319+00:00
17496,SLND-WT,"Southland Holdings, Inc.",US,True,2026-05-03 12:13:06.040319+00:00
17497,PLSAY,Polestar Automotive Holding Uk Plc,US,True,2026-05-03 12:13:06.040319+00:00
17498,VHAIW,Vocodia Holdings Corp,US,True,2026-05-03 12:13:06.040319+00:00
17499,VHABW,Vocodia Holdings Corp,US,True,2026-05-03 12:13:06.040319+00:00
17500,SATLW,Satellogic Inc.,US,True,2026-05-03 12:13:06.040319+00:00
17501,REEUF,Cartesian Growth Corp Ii,US,True,2026-05-03 12:13:06.040319+00:00
17502,REEWF,Cartesian Growth Corp Ii,US,True,2026-05-03 12:13:06.040319+00:00
17503,INNPF,Innocan Pharma Corp,US,True,2026-05-03 12:13:06.040319+00:00
17504,DFSCW,Defsec Technologies Inc.,US,True,2026-05-03 12:13:06.040319+00:00
17505,BKKT-WT,"Bakkt, Inc.",US,True,2026-05-03 12:13:06.040319+00:00
17506,PL-WT,Planet Labs Pbc,US,True,2026-05-03 12:13:06.040319+00:00
17507,ICUCW,Seastar Medical Holding Corp,US,True,2026-05-03 12:13:06.040319+00:00
17508,LIANY,Lianbio,US,True,2026-05-03 12:13:06.040319+00:00
17509,ONFOW,"Onfolio Holdings, Inc",US,True,2026-05-03 12:13:06.040319+00:00
17510,FRBP,Franklin Bsp Capital Corp,US,True,2026-05-03 12:13:06.040319+00:00
17511,ONFOP,"Onfolio Holdings, Inc",US,True,2026-05-03 12:13:06.040319+00:00
17512,MYPSW,"Playstudios, Inc.",US,True,2026-05-03 12:13:06.040319+00:00
17513,JXN-PA,Jackson Financial Inc.,US,True,2026-05-03 12:13:06.040319+00:00
17514,RUMBW,Rumble Inc.,US,True,2026-05-03 12:13:06.040319+00:00
17515,COCHW,"Envoy Medical, Inc.",US,True,2026-05-03 12:13:06.040319+00:00
17516,HOLOW,Microcloud Hologram Inc.,US,True,2026-05-03 12:13:06.040319+00:00
17517,AISPW,"Airship Ai Holdings, Inc.",US,True,2026-05-03 12:13:06.040319+00:00
17518,EUDAW,Euda Health Holdings Ltd,US,True,2026-05-03 12:13:06.040319+00:00
17519,GHBWF,Glass House Brands Inc.,US,True,2026-05-03 12:13:06.040319+00:00
17520,ANNAW,"Aleanna, Inc.",US,True,2026-05-03 12:13:06.040319+00:00
17521,FILG,Grayscale Filecoin Trust (Fil),US,True,2026-05-03 12:13:06.040319+00:00
17522,BEAGU,Bold Eagle Acquisition Corp.,US,True,2026-05-03 12:13:06.040319+00:00
17523,BEAGR,Bold Eagle Acquisition Corp.,US,True,2026-05-03 12:13:06.040319+00:00
17524,SGST,"Strategic Storage Trust Vi, Inc.",US,True,2026-05-03 12:13:06.040319+00:00
17525,DJTWW,Trump Media & Technology Group Corp.,US,True,2026-05-03 12:13:06.040319+00:00
17526,RNWWW,Renew Energy Global Plc,US,True,2026-05-03 12:13:06.040319+00:00
17527,STSR,"Strategic Student & Senior Housing Trust, Inc.",US,True,2026-05-03 12:13:06.040319+00:00
17528,SATLF,"Start Today Co., Ltd./Adr",US,True,2026-05-03 12:13:06.040319+00:00
17529,ICRL,"Inpoint Commercial Real Estate Income, Inc.",US,True,2026-05-03 12:13:06.040319+00:00
17530,ICRP,"Inpoint Commercial Real Estate Income, Inc.",US,True,2026-05-03 12:13:06.040319+00:00
17531,METCI,"Ramaco Resources, Inc.",US,True,2026-05-03 12:13:06.040319+00:00
17532,METCB,"Ramaco Resources, Inc.",US,True,2026-05-03 12:13:06.040319+00:00
17533,METCZ,"Ramaco Resources, Inc.",US,True,2026-05-03 12:13:06.040319+00:00
17534,ACGP,"Associated Capital Group, Inc.",US,True,2026-05-03 12:13:06.040319+00:00
17535,MYSEW,"Myseum.Ai, Inc.",US,True,2026-05-03 12:13:06.040319+00:00
17536,IBIDF,"Ibiden Co., Ltd./Adr",US,True,2026-05-03 12:13:06.040319+00:00
17537,BTBDW,"Bt Brands, Inc.",US,True,2026-05-03 12:13:06.040319+00:00
17538,AIBRF,Aib Group Plc/Adr,US,True,2026-05-03 12:13:06.040319+00:00
17539,WLGMF,West Red Lake Gold Mines Ltd.,US,True,2026-05-03 12:13:06.040319+00:00
17540,WRLWF,West Red Lake Gold Mines Ltd.,US,True,2026-05-03 12:13:06.040319+00:00
17541,WRLRF,West Red Lake Gold Mines Ltd.,US,True,2026-05-03 12:13:06.040319+00:00
17542,STSSW,Sharps Technology Inc.,US,True,2026-05-03 12:13:06.040319+00:00
17543,MNTSW,Momentus Inc.,US,True,2026-05-03 12:13:06.040319+00:00
17544,WEBJF,Webjet Limited/Adr,US,True,2026-05-03 12:13:06.040319+00:00
17545,MPNGF,Meituan Dianping/Adr,US,True,2026-05-03 12:13:06.040319+00:00
17546,MVSTW,"Microvast Holdings, Inc.",US,True,2026-05-03 12:13:06.040319+00:00
17547,WHLRL,"Wheeler Real Estate Investment Trust, Inc.",US,True,2026-05-03 12:13:06.040319+00:00
17548,CCID,Carlyle Credit Income Fund,US,True,2026-05-03 12:13:06.040319+00:00
17549,BNCWZ,Cea Industries Inc.,US,True,2026-05-03 12:13:06.040319+00:00
17550,BNCWW,Cea Industries Inc.,US,True,2026-05-03 12:13:06.040319+00:00
17551,HTFC,Horizon Technology Finance Corp,US,True,2026-05-03 12:13:06.040319+00:00
17552,CPER,United States Commodity Index Funds Trust,US,True,2026-05-03 12:13:06.040319+00:00
17553,IQEPF,Iqe Plc/Adr,US,True,2026-05-03 12:13:06.040319+00:00
17554,HPHTF,Hamamatsu Photonics K.K./Adr,US,True,2026-05-03 12:13:06.040319+00:00
17555,FTAIM,Ftai Aviation Ltd.,US,True,2026-05-03 12:13:06.040319+00:00
17556,FTAIN,Ftai Aviation Ltd.,US,True,2026-05-03 12:13:06.040319+00:00
17557,WEIBF,Weibo Corp,US,True,2026-05-03 12:13:06.040319+00:00
17558,GGBY,Alpha Investment Inc.,US,True,2026-05-03 12:13:06.040319+00:00
17559,BCTXL,Briacell Therapeutics Corp.,US,True,2026-05-03 12:13:06.040319+00:00
17560,BCTXZ,Briacell Therapeutics Corp.,US,True,2026-05-03 12:13:06.040319+00:00
17561,LAAI,Loan Artificial Intelligence Corp.,US,True,2026-05-03 12:13:06.040319+00:00
17562,VRMWW,"Vroom, Inc.",US,True,2026-05-03 12:13:06.040319+00:00
17563,IHICF,Ihi Corporation/Adr,US,True,2026-05-03 12:13:06.040319+00:00
17564,SBEVW,"Splash Beverage Group, Inc.",US,True,2026-05-03 12:13:06.040319+00:00
17565,INBKZ,First Internet Bancorp,US,True,2026-05-03 12:13:06.040319+00:00
17566,GLDW,World Gold Trust,US,True,2026-05-03 12:13:06.040319+00:00
17567,VIASP,"Via Renewables, Inc.",US,True,2026-05-03 12:13:06.040319+00:00
17568,SFDMF,Shanghai Fudan Microelectronics Co Limited/Adr/,US,True,2026-05-03 12:13:06.040319+00:00
17569,NIXXW,"Nixxy, Inc.",US,True,2026-05-03 12:13:06.040319+00:00
17570,ATHS,Athene Holding Ltd.,US,True,2026-05-03 12:13:06.040319+00:00
17571,ATH-PB,Athene Holding Ltd.,US,True,2026-05-03 12:13:06.040319+00:00
17572,ATH-PD,Athene Holding Ltd.,US,True,2026-05-03 12:13:06.040319+00:00
17573,ATH-PE,Athene Holding Ltd.,US,True,2026-05-03 12:13:06.040319+00:00
17574,SSSSL,Suro Capital Corp.,US,True,2026-05-03 12:13:06.040319+00:00
17575,BTLWF,Bts Group Holdings Public Co Limited/Adr,US,True,2026-05-03 12:13:06.040319+00:00
17576,BTGRF,Bts Group Holdings Public Co Limited/Adr,US,True,2026-05-03 12:13:06.040319+00:00
17577,BEPH,Brookfield Renewable Partners L.P.,US,True,2026-05-03 12:13:06.040319+00:00
17578,BEPI,Brookfield Renewable Partners L.P.,US,True,2026-05-03 12:13:06.040319+00:00
17579,BEP-PA,Brookfield Renewable Partners L.P.,US,True,2026-05-03 12:13:06.040319+00:00
17580,BEPJ,Brookfield Renewable Partners L.P.,US,True,2026-05-03 12:13:06.040319+00:00
17581,CILFY,China Life Insurance Co Ltd,US,True,2026-05-03 12:13:06.040319+00:00
17582,OXSQG,Oxford Square Capital Corp.,US,True,2026-05-03 12:13:06.040319+00:00
17583,QVCD,Qvc Inc,US,True,2026-05-03 12:13:06.040319+00:00
17584,QVCC,Qvc Inc,US,True,2026-05-03 12:13:06.040319+00:00
17585,OXSQH,Oxford Square Capital Corp.,US,True,2026-05-03 12:13:06.040319+00:00
17586,NMPRY,Navios Maritime Holdings Inc.,US,True,2026-05-03 12:13:06.040319+00:00
17587,PSA-PF,Public Storage,US,True,2026-05-03 12:13:06.040319+00:00
17588,PSA-PG,Public Storage,US,True,2026-05-03 12:13:06.040319+00:00
17589,PSA-PL,Public Storage,US,True,2026-05-03 12:13:06.040319+00:00
17590,PSA-PM,Public Storage,US,True,2026-05-03 12:13:06.040319+00:00
17591,PSA-PI,Public Storage,US,True,2026-05-03 12:13:06.040319+00:00
17592,PSA-PJ,Public Storage,US,True,2026-05-03 12:13:06.040319+00:00
17593,PSA-PN,Public Storage,US,True,2026-05-03 12:13:06.040319+00:00
17594,PSA-PO,Public Storage,US,True,2026-05-03 12:13:06.040319+00:00
17595,PSA-PP,Public Storage,US,True,2026-05-03 12:13:06.040319+00:00
17596,PSA-PQ,Public Storage,US,True,2026-05-03 12:13:06.040319+00:00
17597,PSA-PR,Public Storage,US,True,2026-05-03 12:13:06.040319+00:00
17598,PSA-PS,Public Storage,US,True,2026-05-03 12:13:06.040319+00:00
17599,BXCAP,Box Inc,US,True,2026-05-03 12:13:06.040319+00:00
17600,LOIMF,Loomis Ab / Adr,US,True,2026-05-03 12:13:06.040319+00:00
17601,DTSTW,Data Storage Corp,US,True,2026-05-03 12:13:06.040319+00:00
17602,SBFMW,Sunshine Biopharma Inc.,US,True,2026-05-03 12:13:06.040319+00:00
17603,CUBTD,Curative Biotechnology Inc,US,True,2026-05-03 12:13:06.040319+00:00
17604,SNIRF,Senior Plc,US,True,2026-05-03 12:13:06.040319+00:00
17605,GME-WT,Gamestop Corp.,US,True,2026-05-03 12:13:06.040319+00:00
17606,RILYZ,"Brc Group Holdings, Inc.",US,True,2026-05-03 12:13:06.040319+00:00
17607,NXPGF,Mobico Group Plc/Adr,US,True,2026-05-03 12:13:06.040319+00:00
17608,RILYG,"Brc Group Holdings, Inc.",US,True,2026-05-03 12:13:06.040319+00:00
17609,RILYL,"Brc Group Holdings, Inc.",US,True,2026-05-03 12:13:06.040319+00:00
17610,RILYN,"Brc Group Holdings, Inc.",US,True,2026-05-03 12:13:06.040319+00:00
17611,RILYP,"Brc Group Holdings, Inc.",US,True,2026-05-03 12:13:06.040319+00:00
17612,RILYT,"Brc Group Holdings, Inc.",US,True,2026-05-03 12:13:06.040319+00:00
17613,MSBIP,"Midland States Bancorp, Inc.",US,True,2026-05-03 12:13:06.040319+00:00
17614,CYJBF,Cargotec Corp Oyj,US,True,2026-05-03 12:13:06.040319+00:00
17615,SKPJF,Sky Perfect Jsat Holdings Inc,US,True,2026-05-03 12:13:06.040319+00:00
17616,ASPSZ,Altisource Portfolio Solutions S.A.,US,True,2026-05-03 12:13:06.040319+00:00
17617,ASPSW,Altisource Portfolio Solutions S.A.,US,True,2026-05-03 12:13:06.040319+00:00
17618,DRRKF,Dormakaba Holding Ag,US,True,2026-05-03 12:13:06.040319+00:00
17619,LTRYW,Sports Entertainment Gaming Global Corp,US,True,2026-05-03 12:13:06.040319+00:00
17620,ZTOEF,Zto Express (Cayman) Inc.,US,True,2026-05-03 12:13:06.040319+00:00
17621,VENAF,Microalgo Inc.,US,True,2026-05-03 12:13:06.040319+00:00
17622,FFAIW,Faraday Future Intelligent Electric Inc.,US,True,2026-05-03 12:13:06.040319+00:00
17623,MCOMW,Micromobility.Com Inc.,US,True,2026-05-03 12:13:06.040319+00:00
17624,PRXK,"Procaccianti Hotel Reit, Inc.",US,True,2026-05-03 12:13:06.040319+00:00
17625,PRXA,"Procaccianti Hotel Reit, Inc.",US,True,2026-05-03 12:13:06.040319+00:00
17626,BHFAM,"Brighthouse Financial, Inc.",US,True,2026-05-03 12:13:06.040319+00:00
17627,BHFAN,"Brighthouse Financial, Inc.",US,True,2026-05-03 12:13:06.040319+00:00
17628,BHFAO,"Brighthouse Financial, Inc.",US,True,2026-05-03 12:13:06.040319+00:00
17629,AMLIF,American Lithium Corp.,US,True,2026-05-03 12:13:06.040319+00:00
17630,PDSKX,Principal Real Asset Fund,US,True,2026-05-03 12:13:06.040319+00:00
17631,OWSCX,1Ws Credit Income Fund,US,True,2026-05-03 12:13:06.040319+00:00
17632,CELUW,Celularity Inc,US,True,2026-05-03 12:13:06.040319+00:00
17633,VTTGF,Vat Group Ag/Adr,US,True,2026-05-03 12:13:06.040319+00:00
17634,FNCHQ,"Finch Therapeutics Group, Inc.",US,True,2026-05-03 12:13:06.040319+00:00
17635,ASRRF,Asr Nederland N.V./Adr,US,True,2026-05-03 12:13:06.040319+00:00
17636,COBA,Chilean Cobalt Corp.,US,True,2026-05-03 12:13:06.040319+00:00
17637,NICHX,Variant Alternative Income Fund,US,True,2026-05-03 12:13:06.040319+00:00
17638,BGFR,Bestgofer Inc.,US,True,2026-05-03 12:13:06.040319+00:00
17639,OCCIN,"Ofs Credit Company, Inc.",US,True,2026-05-03 12:13:06.040319+00:00
17640,HYMCW,Hycroft Mining Holding Corp,US,True,2026-05-03 12:13:06.040319+00:00
17641,ENSCW,"Ensysce Biosciences, Inc.",US,True,2026-05-03 12:13:06.040319+00:00
17642,OCCIM,"Ofs Credit Company, Inc.",US,True,2026-05-03 12:13:06.040319+00:00
17643,OCCIO,"Ofs Credit Company, Inc.",US,True,2026-05-03 12:13:06.040319+00:00
17644,SCAFF,Schaeffler Ag/Adr,US,True,2026-05-03 12:13:06.040319+00:00
17645,SKILW,Skillsoft Corp.,US,True,2026-05-03 12:13:06.040319+00:00
17646,PSPX,Pacific Sports Exchange Inc.,US,True,2026-05-03 12:13:06.040319+00:00
17647,RVSNW,Rail Vision Ltd.,US,True,2026-05-03 12:13:06.040319+00:00
17648,ALTG-PA,Alta Equipment Group Inc.,US,True,2026-05-03 12:13:06.040319+00:00
17649,BURUW,"Nuburu, Inc.",US,True,2026-05-03 12:13:06.040319+00:00
17650,SDMHF,Sartorius Stedim Biotech S.A./Adr,US,True,2026-05-03 12:13:06.040319+00:00
17651,DFNSW,T3 Defense Inc.,US,True,2026-05-03 12:13:06.040319+00:00
17652,DUKB,Duke Energy Corp,US,True,2026-05-03 12:13:06.040319+00:00
17653,GAINN,Gladstone Investment Corporation\De,US,True,2026-05-03 12:13:06.040319+00:00
17654,GAINZ,Gladstone Investment Corporation\De,US,True,2026-05-03 12:13:06.040319+00:00
17655,GAING,Gladstone Investment Corporation\De,US,True,2026-05-03 12:13:06.040319+00:00
17656,GAINI,Gladstone Investment Corporation\De,US,True,2026-05-03 12:13:06.040319+00:00
17657,CITAF,China Shipping Container Lines Co Ltd,US,True,2026-05-03 12:13:06.040319+00:00
17658,VIVKD,"Vivakor, Inc.",US,True,2026-05-03 12:13:06.040319+00:00
17659,CMCLF,"China Molybdenum Co., Ltd.",US,True,2026-05-03 12:13:06.040319+00:00
17660,FPHOY,First Phosphate Corp.,US,True,2026-05-03 12:13:06.040319+00:00
17661,FRSPF,First Phosphate Corp.,US,True,2026-05-03 12:13:06.040319+00:00
17662,HWLDF,H World Group Ltd,US,True,2026-05-03 12:13:06.040319+00:00
17663,SMTGF,Sma Solar Technology Ag/Adr,US,True,2026-05-03 12:13:06.040319+00:00
17664,SBBTF,Vend Marketplaces Asa/Adr,US,True,2026-05-03 12:13:06.040319+00:00
17665,NXG-RI,Nxg Nextgen Infrastructure Income Fund,US,True,2026-05-03 12:13:06.040319+00:00
17666,NASC,Can B Corp,US,True,2026-05-03 12:13:06.040319+00:00
17667,RIV-PA,"Rivernorth Opportunities Fund, Inc.",US,True,2026-05-03 12:13:06.040319+00:00
17668,IVDAW,"Iveda Solutions, Inc.",US,True,2026-05-03 12:13:06.040319+00:00
17669,IHETW,"Iheartmedia, Inc.",US,True,2026-05-03 12:13:06.040319+00:00
17670,KKRT,Kkr & Co. Inc.,US,True,2026-05-03 12:13:06.040319+00:00
17671,KKR-PD,Kkr & Co. Inc.,US,True,2026-05-03 12:13:06.040319+00:00
17672,SAV,Saratoga Investment Corp.,US,True,2026-05-03 12:13:06.040319+00:00
17673,SAZ,Saratoga Investment Corp.,US,True,2026-05-03 12:13:06.040319+00:00
17674,SAJ,Saratoga Investment Corp.,US,True,2026-05-03 12:13:06.040319+00:00
17675,SAT,Saratoga Investment Corp.,US,True,2026-05-03 12:13:06.040319+00:00
17676,SAY,Saratoga Investment Corp.,US,True,2026-05-03 12:13:06.040319+00:00
17677,NZEOY,New Zealand Oil & Gas Ltd/Adr,US,True,2026-05-03 12:13:06.040319+00:00
17678,AGNCL,Agnc Investment Corp.,US,True,2026-05-03 12:13:06.040319+00:00
17679,OSDVF,Osisko Development Corp.,US,True,2026-05-03 12:13:06.040319+00:00
17680,ODVWZ,Osisko Development Corp.,US,True,2026-05-03 12:13:06.040319+00:00
17681,AGNCO,Agnc Investment Corp.,US,True,2026-05-03 12:13:06.040319+00:00
17682,AGNCP,Agnc Investment Corp.,US,True,2026-05-03 12:13:06.040319+00:00
17683,AGNCZ,Agnc Investment Corp.,US,True,2026-05-03 12:13:06.040319+00:00
17684,KKRS,Kkr & Co. Inc.,US,True,2026-05-03 12:13:06.040319+00:00
17685,HTZWW,"Hertz Global Holdings, Inc",US,True,2026-05-03 12:13:06.040319+00:00
17686,NRSAX,Nexpoint Real Estate Strategies Fund,US,True,2026-05-03 12:13:06.040319+00:00
17687,GECCG,Great Elm Capital Corp.,US,True,2026-05-03 12:13:06.040319+00:00
17688,GECCH,Great Elm Capital Corp.,US,True,2026-05-03 12:13:06.040319+00:00
17689,GECCI,Great Elm Capital Corp.,US,True,2026-05-03 12:13:06.040319+00:00
17690,DBRG-PH,"Digitalbridge Group, Inc.",US,True,2026-05-03 12:13:06.040319+00:00
17691,DBRG-PI,"Digitalbridge Group, Inc.",US,True,2026-05-03 12:13:06.040319+00:00
17692,DBRG-PJ,"Digitalbridge Group, Inc.",US,True,2026-05-03 12:13:06.040319+00:00
17693,RWAYL,Runway Growth Finance Corp.,US,True,2026-05-03 12:13:06.040319+00:00
17694,RWAYI,Runway Growth Finance Corp.,US,True,2026-05-03 12:13:06.040319+00:00
17695,EVGOW,Evgo Inc.,US,True,2026-05-03 12:13:06.040319+00:00
17696,FVGPY,Finvolution Group,US,True,2026-05-03 12:13:06.040319+00:00
17697,GECCO,Great Elm Capital Corp.,US,True,2026-05-03 12:13:06.040319+00:00
17698,BIAFW,"Bioaffinity Technologies, Inc.",US,True,2026-05-03 12:13:06.040319+00:00
17699,RTEZ,Rest Ez Inc.,US,True,2026-05-03 12:13:06.040319+00:00
17700,PMFAX,Pimco Flexible Municipal Income Fund,US,True,2026-05-03 12:13:06.040319+00:00
17701,SYAXF,Elevra Lithium Ltd,US,True,2026-05-03 12:13:06.040319+00:00
17702,SRTAW,"Strata Critical Medical, Inc.",US,True,2026-05-03 12:13:06.040319+00:00
17703,BENFW,Beneficient,US,True,2026-05-03 12:13:06.040319+00:00
17704,AOMD,"Angel Oak Mortgage Reit, Inc.",US,True,2026-05-03 12:13:06.040319+00:00
17705,AOMN,"Angel Oak Mortgage Reit, Inc.",US,True,2026-05-03 12:13:06.040319+00:00
17706,NREF-PA,"Nexpoint Real Estate Finance, Inc.",US,True,2026-05-03 12:13:06.040319+00:00
17707,TOMYF,Tomy Co Ltd/Adr,US,True,2026-05-03 12:13:06.040319+00:00
17708,SMEGF,Siemens Energy Ag/Adr,US,True,2026-05-03 12:13:06.040319+00:00
17709,BNZIW,"Banzai International, Inc.",US,True,2026-05-03 12:13:06.040319+00:00
17710,PVOZ,Park View Oz Reit Inc,US,True,2026-05-03 12:13:06.040319+00:00
17711,SES-WT,Ses Ai Corp,US,True,2026-05-03 12:13:06.040319+00:00
17712,PMVCW,Pmv Consumer Acquisition Corp.,US,True,2026-05-03 12:13:06.040319+00:00
17713,TOIIW,"Oncology Institute, Inc.",US,True,2026-05-03 12:13:06.040319+00:00
17714,DNOPF,Dino Polska S.A./Adr,US,True,2026-05-03 12:13:06.040319+00:00
17715,LNZAW,"Lanzatech Global, Inc.",US,True,2026-05-03 12:13:06.040319+00:00
17716,TBLAW,Taboola.Com Ltd.,US,True,2026-05-03 12:13:06.040319+00:00
17717,IINNW,Inspira Technologies Oxy B.H.N. Ltd,US,True,2026-05-03 12:13:06.040319+00:00
17718,XBPEW,"Xbp Global Holdings, Inc.",US,True,2026-05-03 12:13:06.040319+00:00
17719,EONR-WT,Eon Resources Inc.,US,True,2026-05-03 12:13:06.040319+00:00
17720,CSTWF,Constellation Acquisition Corp I,US,True,2026-05-03 12:13:06.040319+00:00
17721,CSTUF,Constellation Acquisition Corp I,US,True,2026-05-03 12:13:06.040319+00:00
17722,NNFSF,Nongfu Spring Co. Ltd./Adr,US,True,2026-05-03 12:13:06.040319+00:00
17723,ALBC,Alternative Ballistics Corp,US,True,2026-05-03 12:13:06.040319+00:00
17724,UHGWW,"United Homes Group, Inc.",US,True,2026-05-03 12:13:06.040319+00:00
17725,JWSUF,Jaws Mustang Acquisition Corp,US,True,2026-05-03 12:13:06.040319+00:00
17726,JWSWF,Jaws Mustang Acquisition Corp,US,True,2026-05-03 12:13:06.040319+00:00
17727,SABSW,"Sab Biotherapeutics, Inc.",US,True,2026-05-03 12:13:06.040319+00:00
17728,PRCWF,Sofgen Pharma S.A.,US,True,2026-05-03 12:13:06.040319+00:00
17729,CTFTS,"Cityfunds I, Llc",US,True,2026-05-03 12:13:06.040319+00:00
17730,CTFDS,"Cityfunds I, Llc",US,True,2026-05-03 12:13:06.040319+00:00
17731,CFLAS,"Cityfunds I, Llc",US,True,2026-05-03 12:13:06.040319+00:00
17732,CTFMS,"Cityfunds I, Llc",US,True,2026-05-03 12:13:06.040319+00:00
17733,CFNHS,"Cityfunds I, Llc",US,True,2026-05-03 12:13:06.040319+00:00
17734,CTYFS,"Cityfunds I, Llc",US,True,2026-05-03 12:13:06.040319+00:00
17735,CTFPS,"Cityfunds I, Llc",US,True,2026-05-03 12:13:06.040319+00:00
17736,CTYDS,"Cityfunds I, Llc",US,True,2026-05-03 12:13:06.040319+00:00
17737,ASUUF,Aspac Ii Acquisition Corp.,US,True,2026-05-03 12:13:06.040319+00:00
17738,ASCWF,Aspac Ii Acquisition Corp.,US,True,2026-05-03 12:13:06.040319+00:00
17739,ASCRF,Aspac Ii Acquisition Corp.,US,True,2026-05-03 12:13:06.040319+00:00
17740,LCFYW,Locafy Ltd,US,True,2026-05-03 12:13:06.040319+00:00
17741,PGYWW,Pagaya Technologies Ltd.,US,True,2026-05-03 12:13:06.040319+00:00
17742,MSSWF,Metal Sky Star Acquisition Corp,US,True,2026-05-03 12:13:06.040319+00:00
17743,MSSUF,Metal Sky Star Acquisition Corp,US,True,2026-05-03 12:13:06.040319+00:00
17744,TVGNW,Tevogen Bio Holdings Inc.,US,True,2026-05-03 12:13:06.040319+00:00
17745,MCAGR,Mountain Crest Acquisition Corp. V,US,True,2026-05-03 12:13:06.040319+00:00
17746,MCAGU,Mountain Crest Acquisition Corp. V,US,True,2026-05-03 12:13:06.040319+00:00
17747,IGTAR,Inception Growth Acquisition Ltd,US,True,2026-05-03 12:13:06.040319+00:00
17748,IGTAU,Inception Growth Acquisition Ltd,US,True,2026-05-03 12:13:06.040319+00:00
17749,IGTAW,Inception Growth Acquisition Ltd,US,True,2026-05-03 12:13:06.040319+00:00
17750,BFRIW,Biofrontera Inc.,US,True,2026-05-03 12:13:06.040319+00:00
17751,AIRJW,Airjoule Technologies Corp.,US,True,2026-05-03 12:13:06.040319+00:00
17752,GDEVW,Gdev Inc.,US,True,2026-05-03 12:13:06.040319+00:00
17753,DFLIW,Dragonfly Energy Holdings Corp.,US,True,2026-05-03 12:13:06.040319+00:00
17754,GDLG,Glidelogic Corp.,US,True,2026-05-03 12:13:06.040319+00:00
17755,AEAEU,Altenergy Acquisition Corp,US,True,2026-05-03 12:13:06.040319+00:00
17756,AEAEW,Altenergy Acquisition Corp,US,True,2026-05-03 12:13:06.040319+00:00
17757,NVAAF,Nova Minerals Ltd,US,True,2026-05-03 12:13:06.040319+00:00
17758,NVAWW,Nova Minerals Ltd,US,True,2026-05-03 12:13:06.040319+00:00
17759,INPOF,Inpost S.A./Adr,US,True,2026-05-03 12:13:06.040319+00:00
17760,PLMWF,Plum Acquisition Corp. Iii,US,True,2026-05-03 12:13:06.040319+00:00
17761,PLMUF,Plum Acquisition Corp. Iii,US,True,2026-05-03 12:13:06.040319+00:00
17762,QTIWW,"Qt Imaging Holdings, Inc.",US,True,2026-05-03 12:13:06.040319+00:00
17763,FLYX-WT,Flyexclusive Inc.,US,True,2026-05-03 12:13:06.040319+00:00
17764,DAVEW,Dave Inc./De,US,True,2026-05-03 12:13:06.040319+00:00
17765,ZPTAW,"Zapata Quantum, Inc.",US,True,2026-05-03 12:13:06.040319+00:00
17766,GRABW,Grab Holdings Ltd,US,True,2026-05-03 12:13:06.040319+00:00
17767,KDKRW,"Kodiak Ai, Inc.",US,True,2026-05-03 12:13:06.040319+00:00
17768,SOARW,"Volato Group, Inc.",US,True,2026-05-03 12:13:06.040319+00:00
17769,CNDAU,Concord Acquisition Corp Ii,US,True,2026-05-03 12:13:06.040319+00:00
17770,CNDAW,Concord Acquisition Corp Ii,US,True,2026-05-03 12:13:06.040319+00:00
17771,GCTS-WT,"Gct Semiconductor Holding, Inc.",US,True,2026-05-03 12:13:06.040319+00:00
17772,APOS,"Apollo Global Management, Inc.",US,True,2026-05-03 12:13:06.040319+00:00
17773,ARQQW,Arqit Quantum Inc.,US,True,2026-05-03 12:13:06.040319+00:00
17774,ZEOWW,Zeo Energy Corp.,US,True,2026-05-03 12:13:06.040319+00:00
17775,WBXWF,Wallbox N.V.,US,True,2026-05-03 12:13:06.040319+00:00
17776,NNAVW,Nextnav Inc.,US,True,2026-05-03 12:13:06.040319+00:00
17777,NXNVW,Nextnav Inc.,US,True,2026-05-03 12:13:06.040319+00:00
17778,ANGHW,Anghami Inc,US,True,2026-05-03 12:13:06.040319+00:00
17779,TLGWF,Tlgy Acquisition Corp,US,True,2026-05-03 12:13:06.040319+00:00
17780,TLGUF,Tlgy Acquisition Corp,US,True,2026-05-03 12:13:06.040319+00:00
17781,REVBW,"Revelation Biosciences, Inc.",US,True,2026-05-03 12:13:06.040319+00:00
17782,OWLTW,"Owlet, Inc.",US,True,2026-05-03 12:13:06.040319+00:00
17783,ABXL,"Abacus Global Management, Inc.",US,True,2026-05-03 12:13:06.040319+00:00
17784,LTCHW,"Latch, Inc.",US,True,2026-05-03 12:13:06.040319+00:00
17785,HLLY-WT,Holley Inc.,US,True,2026-05-03 12:13:06.040319+00:00
17786,WGSWW,Genedx Holdings Corp.,US,True,2026-05-03 12:13:06.040319+00:00
17787,HUMAW,"Humacyte, Inc.",US,True,2026-05-03 12:13:06.040319+00:00
17788,WSUPW,Wheels Up Experience Inc.,US,True,2026-05-03 12:13:06.040319+00:00
17789,NRSNW,Neurosense Therapeutics Ltd.,US,True,2026-05-03 12:13:06.040319+00:00
17790,BTMWW,Bitcoin Depot Inc.,US,True,2026-05-03 12:13:06.040319+00:00
17791,ALCYU,Alchemy Investments Acquisition Corp 1,US,True,2026-05-03 12:13:06.040319+00:00
17792,ALCYW,Alchemy Investments Acquisition Corp 1,US,True,2026-05-03 12:13:06.040319+00:00
17793,TMCWW,Tmc The Metals Co Inc.,US,True,2026-05-03 12:13:06.040319+00:00
17794,SBIGW,"Springbig Holdings, Inc.",US,True,2026-05-03 12:13:06.040319+00:00
17795,BYNOU,Bynordic Acquisition Corp,US,True,2026-05-03 12:13:06.040319+00:00
17796,BYNOW,Bynordic Acquisition Corp,US,True,2026-05-03 12:13:06.040319+00:00
17797,PSBAF,Pt Sumber Alfaria Trijaya Tbk/Adr,US,True,2026-05-03 12:13:06.040319+00:00
17798,BCSS-UN,Bain Capital Gss Investment Corp.,US,True,2026-05-03 12:13:06.040319+00:00
17799,BCSS-WT,Bain Capital Gss Investment Corp.,US,True,2026-05-03 12:13:06.040319+00:00
17800,LWACU,Lightwave Acquisition Corp.,US,True,2026-05-03 12:13:06.040319+00:00
17801,LWACW,Lightwave Acquisition Corp.,US,True,2026-05-03 12:13:06.040319+00:00
17802,WTGUU,Wintergreen Acquisition Corp.,US,True,2026-05-03 12:13:06.040319+00:00
17803,WTGUR,Wintergreen Acquisition Corp.,US,True,2026-05-03 12:13:06.040319+00:00
17804,CPXWF,Capital Power Corp/Adr,US,True,2026-05-03 12:13:06.040319+00:00
17805,CPWPF,Capital Power Corp/Adr,US,True,2026-05-03 12:13:06.040319+00:00
17806,CPRHF,Capital Power Corp/Adr,US,True,2026-05-03 12:13:06.040319+00:00
17807,QSIAW,Quantum-Si Inc,US,True,2026-05-03 12:13:06.040319+00:00
17808,LIDRW,"Aeye, Inc.",US,True,2026-05-03 12:13:06.040319+00:00
17809,ZHIHF,Zhihu Inc.,US,True,2026-05-03 12:13:06.040319+00:00
17810,CXAIW,Cxapp Inc.,US,True,2026-05-03 12:13:06.040319+00:00
17811,JOBY-WT,"Joby Aviation, Inc.",US,True,2026-05-03 12:13:06.040319+00:00
17812,BZFDW,"Buzzfeed, Inc.",US,True,2026-05-03 12:13:06.040319+00:00
17813,PCTBP,"Purecycle Technologies, Inc.",US,True,2026-05-03 12:13:06.040319+00:00
17814,PCTTU,"Purecycle Technologies, Inc.",US,True,2026-05-03 12:13:06.040319+00:00
17815,PCTTW,"Purecycle Technologies, Inc.",US,True,2026-05-03 12:13:06.040319+00:00
17816,NHICU,Newhold Investment Corp. Iii,US,True,2026-05-03 12:13:06.040319+00:00
17817,NHICW,Newhold Investment Corp. Iii,US,True,2026-05-03 12:13:06.040319+00:00
17818,GSHRW,Gesher Acquisition Corp. Ii,US,True,2026-05-03 12:13:06.040319+00:00
17819,GSHRU,Gesher Acquisition Corp. Ii,US,True,2026-05-03 12:13:06.040319+00:00
17820,BSAAR,Best Spac I Acquisition Corp.,US,True,2026-05-03 12:13:06.040319+00:00
17821,BSAAU,Best Spac I Acquisition Corp.,US,True,2026-05-03 12:13:06.040319+00:00
17822,ALUB-UN,Alussa Energy Acquisition Corp. Ii,US,True,2026-05-03 12:13:06.040319+00:00
17823,ALUB-WT,Alussa Energy Acquisition Corp. Ii,US,True,2026-05-03 12:13:06.040319+00:00
17824,SDHIU,Siddhi Acquisition Corp (Cayman Islands),US,True,2026-05-03 12:13:06.040319+00:00
17825,SDHIR,Siddhi Acquisition Corp (Cayman Islands),US,True,2026-05-03 12:13:06.040319+00:00
17826,MICLF,Mycronic Ab/Adr,US,True,2026-05-03 12:13:06.040319+00:00
17827,PGACU,Pantages Capital Acquisition Corp,US,True,2026-05-03 12:13:06.040319+00:00
17828,PGACR,Pantages Capital Acquisition Corp,US,True,2026-05-03 12:13:06.040319+00:00
17829,IPEXU,Inflection Point Acquisition Corp. V,US,True,2026-05-03 12:13:06.040319+00:00
17830,IPEXR,Inflection Point Acquisition Corp. V,US,True,2026-05-03 12:13:06.040319+00:00
17831,KFIIR,K&F Growth Acquisition Corp. Ii,US,True,2026-05-03 12:13:06.040319+00:00
17832,KFIIU,K&F Growth Acquisition Corp. Ii,US,True,2026-05-03 12:13:06.040319+00:00
17833,SZZLU,Sizzle Acquisition Corp. Ii,US,True,2026-05-03 12:13:06.040319+00:00
17834,SZZLR,Sizzle Acquisition Corp. Ii,US,True,2026-05-03 12:13:06.040319+00:00
17835,MBAVU,M3-Brigade Acquisition V Corp.,US,True,2026-05-03 12:13:06.040319+00:00
17836,MBAVW,M3-Brigade Acquisition V Corp.,US,True,2026-05-03 12:13:06.040319+00:00
17837,BRETF,Brazilian Rare Earths Limited/Adr,US,True,2026-05-03 12:13:06.040319+00:00
17838,NEXRW,Nexera Technologies Ltd,US,True,2026-05-03 12:13:06.040319+00:00
17839,WLSS,Welsis Corp.,US,True,2026-05-03 12:13:06.040319+00:00
17840,GGROW,Gogoro Inc.,US,True,2026-05-03 12:13:06.040319+00:00
17841,JSPRW,"Jasper Therapeutics, Inc.",US,True,2026-05-03 12:13:06.040319+00:00
17842,FOUR-PA,"Shift4 Payments, Inc.",US,True,2026-05-03 12:13:06.040319+00:00
17843,TRWD,Tradewinds Universal,US,True,2026-05-03 12:13:06.040319+00:00
17844,RENXF,Renalytix Plc,US,True,2026-05-03 12:13:06.040319+00:00
17845,FOXOW,Foxo Technologies Inc.,US,True,2026-05-03 12:13:06.040319+00:00
17846,ORGNW,"Origin Materials, Inc.",US,True,2026-05-03 12:13:06.040319+00:00
17847,SSTPW,"System1, Inc.",US,True,2026-05-03 12:13:06.040319+00:00
17848,RLNDF,Royaland Co Ltd.,US,True,2026-05-03 12:13:06.040319+00:00
17849,SPME,"Sound Point Meridian Capital, Inc.",US,True,2026-05-03 12:13:06.040319+00:00
17850,SPMA,"Sound Point Meridian Capital, Inc.",US,True,2026-05-03 12:13:06.040319+00:00
17851,AIIOW,Robo.Ai Inc.,US,True,2026-05-03 12:13:06.040319+00:00
17852,OIOWW,Oio Group,US,True,2026-05-03 12:13:06.040319+00:00
17853,NAKAW,Nakamoto Inc.,US,True,2026-05-03 12:13:06.040319+00:00
17854,MDCXW,Medicus Pharma Ltd.,US,True,2026-05-03 12:13:06.040319+00:00
17855,SPHIF,Super Hi International Holding Ltd.,US,True,2026-05-03 12:13:06.040319+00:00
17856,HNIT,Huineng Technology Corp,US,True,2026-05-03 12:13:06.040319+00:00
17857,VTBAS,"Vestible Assets, Llc",US,True,2026-05-03 12:13:06.040319+00:00
17858,GTENU,"Gores Holdings X, Inc. / Ci",US,True,2026-05-03 12:13:06.040319+00:00
17859,GTENW,"Gores Holdings X, Inc. / Ci",US,True,2026-05-03 12:13:06.040319+00:00
17860,PYAIF,Pony Ai Inc.,US,True,2026-05-03 12:13:06.040319+00:00
17861,NVNIW,Nvni Group Ltd,US,True,2026-05-03 12:13:06.040319+00:00
17862,RMSGW,Real Messenger Corp,US,True,2026-05-03 12:13:06.040319+00:00
17863,INVLW,"Innventure, Inc.",US,True,2026-05-03 12:13:06.040319+00:00
17864,RFAIU,Rf Acquisition Corp Ii,US,True,2026-05-03 12:13:06.040319+00:00
17865,RFAIR,Rf Acquisition Corp Ii,US,True,2026-05-03 12:13:06.040319+00:00
17866,TLPPF,Telix Pharmaceuticals Ltd,US,True,2026-05-03 12:13:06.040319+00:00
17867,SOUL-RI,Soulpower Acquisition Corp.,US,True,2026-05-03 12:13:06.040319+00:00
17868,SOUL-UN,Soulpower Acquisition Corp.,US,True,2026-05-03 12:13:06.040319+00:00
17869,OPTHF,Optimi Health Corp.,US,True,2026-05-03 12:13:06.040319+00:00
17870,SGIPF,"Sugi Holdings Co., Ltd./Adr",US,True,2026-05-03 12:13:06.040319+00:00
17871,CAPNR,Cayson Acquisition Corp,US,True,2026-05-03 12:13:06.040319+00:00
17872,CAPNU,Cayson Acquisition Corp,US,True,2026-05-03 12:13:06.040319+00:00
17873,FOXXW,Foxx Development Holdings Inc.,US,True,2026-05-03 12:13:06.040319+00:00
17874,SBXD-UN,Silverbox Corp Iv,US,True,2026-05-03 12:13:06.040319+00:00
17875,SBXD-WT,Silverbox Corp Iv,US,True,2026-05-03 12:13:06.040319+00:00
17876,SWDR,"Starwood Real Estate Income Trust, Inc.",US,True,2026-05-03 12:13:06.040319+00:00
17877,GPMT-PA,Granite Point Mortgage Trust Inc.,US,True,2026-05-03 12:13:06.040319+00:00
17878,SACH-PA,Sachem Capital Corp.,US,True,2026-05-03 12:13:06.040319+00:00
17879,SCCD,Sachem Capital Corp.,US,True,2026-05-03 12:13:06.040319+00:00
17880,SCCE,Sachem Capital Corp.,US,True,2026-05-03 12:13:06.040319+00:00
17881,MNSBP,"Mainstreet Bancshares, Inc.",US,True,2026-05-03 12:13:06.040319+00:00
17882,SCCF,Sachem Capital Corp.,US,True,2026-05-03 12:13:06.040319+00:00
17883,SCCG,Sachem Capital Corp.,US,True,2026-05-03 12:13:06.040319+00:00
17884,OACCU,Oaktree Acquisition Corp. Iii Life Sciences,US,True,2026-05-03 12:13:06.040319+00:00
17885,OACCW,Oaktree Acquisition Corp. Iii Life Sciences,US,True,2026-05-03 12:13:06.040319+00:00
17886,ATIIU,Archimedes Tech Spac Partners Ii Co.,US,True,2026-05-03 12:13:06.040319+00:00
17887,ATIIW,Archimedes Tech Spac Partners Ii Co.,US,True,2026-05-03 12:13:06.040319+00:00
17888,LABFF,"Laboratorios Farmaceuticos Rovi, S.A./Adr",US,True,2026-05-03 12:13:06.040319+00:00
17889,VRBCF,Virbac Sa/Adr,US,True,2026-05-03 12:13:06.040319+00:00
17890,DRDBU,Roman Dbdr Acquisition Corp. Ii,US,True,2026-05-03 12:13:06.040319+00:00
17891,DRDBW,Roman Dbdr Acquisition Corp. Ii,US,True,2026-05-03 12:13:06.040319+00:00
17892,OPTEY,Opthea Ltd,US,True,2026-05-03 12:13:06.040319+00:00
17893,MSPRW,"Msp Recovery, Inc.",US,True,2026-05-03 12:13:06.040319+00:00
17894,MSPRZ,"Msp Recovery, Inc.",US,True,2026-05-03 12:13:06.040319+00:00
17895,KCLHF,Kingsoft Cloud Holdings Ltd,US,True,2026-05-03 12:13:06.040319+00:00
17896,DFUKF,Defi Development Corp.,US,True,2026-05-03 12:13:06.040319+00:00
17897,DFDVW,Defi Development Corp.,US,True,2026-05-03 12:13:06.040319+00:00
17898,EVLVW,"Evolv Technologies Holdings, Inc.",US,True,2026-05-03 12:13:06.040319+00:00
17899,BKSY-WT,Blacksky Technology Inc.,US,True,2026-05-03 12:13:06.040319+00:00
17900,ACAT,Np Life Sciences Health Industry Group Inc.,US,True,2026-05-03 12:13:06.040319+00:00
17901,IVBXF,Innovent Biologics Inc/Adr,US,True,2026-05-03 12:13:06.040319+00:00
17902,NRXPW,"Nrx Pharmaceuticals, Inc.",US,True,2026-05-03 12:13:06.040319+00:00
17903,TCMEF,Tencent Music Entertainment Group,US,True,2026-05-03 12:13:06.040319+00:00
17904,MRCIF,"Mercari, Inc./Adr",US,True,2026-05-03 12:13:06.040319+00:00
17905,EICA,Eagle Point Income Co Inc.,US,True,2026-05-03 12:13:06.040319+00:00
17906,BEATW,"Heartbeam, Inc.",US,True,2026-05-03 12:13:06.040319+00:00
17907,ADDTF,Addtech Ab/Adr,US,True,2026-05-03 12:13:06.040319+00:00
17908,CUBWW,Lionheart Holdings,US,True,2026-05-03 12:13:06.040319+00:00
17909,CUBWU,Lionheart Holdings,US,True,2026-05-03 12:13:06.040319+00:00
17910,LDXC,Londax Corp.,US,True,2026-05-03 12:13:06.040319+00:00
17911,TOYWF,"Toyo Co., Ltd",US,True,2026-05-03 12:13:06.040319+00:00
17912,OYCG,Oyocar Group Inc.,US,True,2026-05-03 12:13:06.040319+00:00
17913,NTRBW,Nutriband Inc.,US,True,2026-05-03 12:13:06.040319+00:00
17914,HFRO-PA,Highland Opportunities & Income Fund,US,True,2026-05-03 12:13:06.040319+00:00
17915,BYCBF,Barry Callebaut Ag/Adr,US,True,2026-05-03 12:13:06.040319+00:00
17916,HFRO-PB,Highland Opportunities & Income Fund,US,True,2026-05-03 12:13:06.040319+00:00
17917,ILLRW,Triller Group Inc.,US,True,2026-05-03 12:13:06.040319+00:00
17918,PINE-PA,"Alpine Income Property Trust, Inc.",US,True,2026-05-03 12:13:06.040319+00:00
17919,ADYYF,Adyen N.V./Adr,US,True,2026-05-03 12:13:06.040319+00:00
17920,PSKRF,Protector Forsikring/Adr,US,True,2026-05-03 12:13:06.040319+00:00
17921,LUCYW,Innovative Eyewear Inc,US,True,2026-05-03 12:13:06.040319+00:00
17922,EDBLW,Edible Garden Ag Inc,US,True,2026-05-03 12:13:06.040319+00:00
17923,GFAIW,"Guardforce Ai Co., Ltd.",US,True,2026-05-03 12:13:06.040319+00:00
17924,NCLTF,"Nitori Holdings Co., Ltd.",US,True,2026-05-03 12:13:06.040319+00:00
17925,TALKW,"Talkspace, Inc.",US,True,2026-05-03 12:13:06.040319+00:00
17926,GRAF-WT,Graf Global Corp.,US,True,2026-05-03 12:13:06.040319+00:00
17927,CDTTW,Cdt Equity Inc.,US,True,2026-05-03 12:13:06.040319+00:00
17928,ALVOW,Alvotech,US,True,2026-05-03 12:13:06.040319+00:00
17929,ABPWW,"Abpro Holdings, Inc.",US,True,2026-05-03 12:13:06.040319+00:00
17930,LANV-WT,Lanvin Group Holdings Ltd,US,True,2026-05-03 12:13:06.040319+00:00
17931,HOVRW,New Horizon Aircraft Ltd.,US,True,2026-05-03 12:13:06.040319+00:00
17932,SMNRW,"Semnur Pharmaceuticals, Inc.",US,True,2026-05-03 12:13:06.040319+00:00
17933,GRMLW,Greenland Mines Ltd,US,True,2026-05-03 12:13:06.040319+00:00
17934,GRRRW,Gorilla Technology Group Inc.,US,True,2026-05-03 12:13:06.040319+00:00
17935,FGSN,"F&G Annuities & Life, Inc.",US,True,2026-05-03 12:13:06.040319+00:00
17936,FGN,"F&G Annuities & Life, Inc.",US,True,2026-05-03 12:13:06.040319+00:00
17937,KMFG,Keemo Fashion Group Ltd,US,True,2026-05-03 12:13:06.040319+00:00
17938,FMSTW,Foremost Clean Energy Ltd.,US,True,2026-05-03 12:13:06.040319+00:00
17939,AMBWQ,Ambipar Emergency Response,US,True,2026-05-03 12:13:06.040319+00:00
17940,AAVXF,Abivax S.A.,US,True,2026-05-03 12:13:06.040319+00:00
17941,RKWBF,Rockwool A/S/Adr,US,True,2026-05-03 12:13:06.040319+00:00
17942,RKWAF,Rockwool A/S/Adr,US,True,2026-05-03 12:13:06.040319+00:00
17943,GFRWF,Greenfire Resources Ltd.,US,True,2026-05-03 12:13:06.040319+00:00
17944,LSBWF,"Lakeshore Biopharma Co., Ltd.",US,True,2026-05-03 12:13:06.040319+00:00
17945,BAERW,"Bridger Aerospace Group Holdings, Inc.",US,True,2026-05-03 12:13:06.040319+00:00
17946,CDIOW,"Cardio Diagnostics Holdings, Inc.",US,True,2026-05-03 12:13:06.040319+00:00
17947,CRBD,"Corebridge Financial, Inc.",US,True,2026-05-03 12:13:06.040319+00:00
17948,VMCUF,Valuence Merger Corp. I,US,True,2026-05-03 12:13:06.040319+00:00
17949,VMCWF,Valuence Merger Corp. I,US,True,2026-05-03 12:13:06.040319+00:00
17950,WRDIF,Weride Inc.,US,True,2026-05-03 12:13:06.040319+00:00
17951,EMCRF,Embrace Change Acquisition Corp.,US,True,2026-05-03 12:13:06.040319+00:00
17952,EMCWF,Embrace Change Acquisition Corp.,US,True,2026-05-03 12:13:06.040319+00:00
17953,RDZNW,Roadzen Inc.,US,True,2026-05-03 12:13:06.040319+00:00
17954,AMODW,"Alpha Modus Holdings, Inc.",US,True,2026-05-03 12:13:06.040319+00:00
17955,VLN-WT,Valens Semiconductor Ltd.,US,True,2026-05-03 12:13:06.040319+00:00
17956,BTSGU,"Brightspring Health Services, Inc.",US,True,2026-05-03 12:13:06.040319+00:00
17957,ZCARW,"Zoomcar Holdings, Inc.",US,True,2026-05-03 12:13:06.040319+00:00
17958,ACQC,Relativity Acquisition Corp,US,True,2026-05-03 12:13:06.040319+00:00
17959,VGASW,"Verde Clean Fuels, Inc.",US,True,2026-05-03 12:13:06.040319+00:00
17960,BNAIW,Brand Engagement Network Inc.,US,True,2026-05-03 12:13:06.040319+00:00
17961,KITTW,"Nauticus Robotics, Inc.",US,True,2026-05-03 12:13:06.040319+00:00
17962,OKMN,"Okmin Resources, Inc.",US,True,2026-05-03 12:13:06.040319+00:00
17963,FKURF,Fujikura Ltd/Adr,US,True,2026-05-03 12:13:06.040319+00:00
17964,XRPNU,Armada Acquisition Corp. Ii,US,True,2026-05-03 12:13:06.040319+00:00
17965,KYFGF,Kyoto Financial Group Inc/Adr,US,True,2026-05-03 12:13:06.040319+00:00
17966,SHFH,Scientist Home Future Health Ltd,US,True,2026-05-03 12:13:06.040319+00:00
17967,NE-WTA,Noble Corp Plc,US,True,2026-05-03 12:13:06.040319+00:00
17968,NE-WT,Noble Corp Plc,US,True,2026-05-03 12:13:06.040319+00:00
17969,DAAQW,Digital Asset Acquisition Corp.,US,True,2026-05-03 12:13:06.040319+00:00
17970,DAAQU,Digital Asset Acquisition Corp.,US,True,2026-05-03 12:13:06.040319+00:00
17971,EGHAR,Egh Acquisition Corp.,US,True,2026-05-03 12:13:06.040319+00:00
17972,EGHAU,Egh Acquisition Corp.,US,True,2026-05-03 12:13:06.040319+00:00
17973,PEW-WT,Grabagun Digital Holdings Inc.,US,True,2026-05-03 12:13:06.040319+00:00
17974,XRPNW,Armada Acquisition Corp. Ii,US,True,2026-05-03 12:13:06.040319+00:00
17975,OBAWU,Oxley Bridge Acquisition Ltd,US,True,2026-05-03 12:13:06.040319+00:00
17976,OBAWW,Oxley Bridge Acquisition Ltd,US,True,2026-05-03 12:13:06.040319+00:00
17977,ONWRF,Onward Medical N.V./Adr,US,True,2026-05-03 12:13:06.040319+00:00
17978,ASBRF,"Asahi Group Holdings, Ltd./Adr",US,True,2026-05-03 12:13:06.040319+00:00
17979,GLIBK,"Gci Liberty, Inc.",US,True,2026-05-03 12:13:06.040319+00:00
17980,KXHCF,Kioxia Holdings Corporation/Adr,US,True,2026-05-03 12:13:06.040319+00:00
17981,KYIVW,Kyivstar Group Ltd.,US,True,2026-05-03 12:13:06.040319+00:00
17982,HRZRF,"Horizon Robotics, Inc./Adr",US,True,2026-05-03 12:13:06.040319+00:00
17983,CCIIW,Cohen Circle Acquisition Corp. Ii,US,True,2026-05-03 12:13:06.040319+00:00
17984,CCIIU,Cohen Circle Acquisition Corp. Ii,US,True,2026-05-03 12:13:06.040319+00:00
17985,STHRF,Strathcona Resources Ltd.,US,True,2026-05-03 12:13:06.040319+00:00
17986,TOKCF,"Tokyo Ohka Kogyo Co., Ltd./Adr",US,True,2026-05-03 12:13:06.040319+00:00
17987,QUMSU,Quantumsphere Acquisition Corp,US,True,2026-05-03 12:13:06.040319+00:00
17988,QUMSR,Quantumsphere Acquisition Corp,US,True,2026-05-03 12:13:06.040319+00:00
17989,GSRFR,Gsr Iv Acquisition Corp.,US,True,2026-05-03 12:13:06.040319+00:00
17990,GSRFU,Gsr Iv Acquisition Corp.,US,True,2026-05-03 12:13:06.040319+00:00
17991,JNGHF,"Jiangsu Hengrui Pharmaceuticals Co., Ltd./Adr",US,True,2026-05-03 12:13:06.040319+00:00
17992,TLNCU,Talon Capital Corp.,US,True,2026-05-03 12:13:06.040319+00:00
17993,TLNCW,Talon Capital Corp.,US,True,2026-05-03 12:13:06.040319+00:00
17994,FUFUW,Bitfufu Inc.,US,True,2026-05-03 12:13:06.040319+00:00
17995,LAFAR,Lafayette Acquisition Corp.,US,True,2026-05-03 12:13:06.040319+00:00
17996,LAFAU,Lafayette Acquisition Corp.,US,True,2026-05-03 12:13:06.040319+00:00
17997,SVAUF,Storagevault Canada Inc./Adr,US,True,2026-05-03 12:13:06.040319+00:00
17998,LWSCF,Sienna Senior Living Inc./Adr,US,True,2026-05-03 12:13:06.040319+00:00
17999,MMTXU,Miluna Acquisition Corp,US,True,2026-05-03 12:13:06.040319+00:00
18000,MMTXW,Miluna Acquisition Corp,US,True,2026-05-03 12:13:06.040319+00:00
18001,GLTK,Globaltech Corp,US,True,2026-05-03 12:13:06.040319+00:00
18002,LMMY,"Exousia Bio, Inc.",US,True,2026-05-03 12:13:06.040319+00:00
18003,TDACU,Translational Development Acquisition Corp.,US,True,2026-05-03 12:13:06.040319+00:00
18004,AKPPS,Ark7 Properties Plus Llc,US,True,2026-05-03 12:13:06.040319+00:00
18005,TDACW,Translational Development Acquisition Corp.,US,True,2026-05-03 12:13:06.040319+00:00
18006,ABVEW,Above Food Ingredients Inc.,US,True,2026-05-03 12:13:06.040319+00:00
18007,SHMDW,Schmid Group N.V.,US,True,2026-05-03 12:13:06.040319+00:00
18008,SVUWF,Srivaru Holding Ltd,US,True,2026-05-03 12:13:06.040319+00:00
18009,LIMNW,"Liminatus Pharma, Inc.",US,True,2026-05-03 12:13:06.040319+00:00
18010,CCGWW,Cheche Group Inc.,US,True,2026-05-03 12:13:06.040319+00:00
18011,BCGWW,"Binah Capital Group, Inc.",US,True,2026-05-03 12:13:06.040319+00:00
18012,MACT,"Machten, Inc.",US,True,2026-05-03 12:13:06.040319+00:00
18013,LZM-WT,Lifezone Metals Ltd,US,True,2026-05-03 12:13:06.040319+00:00
18014,ELEEF,Element Fleet Management Corp./Adr,US,True,2026-05-03 12:13:06.040319+00:00
18015,NNWWF,North West Co Inc./Adr,US,True,2026-05-03 12:13:06.040319+00:00
18016,IGACU,Invest Green Acquisition Corp,US,True,2026-05-03 12:13:06.040319+00:00
18017,IGACR,Invest Green Acquisition Corp,US,True,2026-05-03 12:13:06.040319+00:00
18018,YCY-UN,Aa Mission Acquisition Corp. Ii,US,True,2026-05-03 12:13:06.040319+00:00
18019,YCY-WT,Aa Mission Acquisition Corp. Ii,US,True,2026-05-03 12:13:06.040319+00:00
18020,TVACU,Texas Ventures Acquisition Iii Corp,US,True,2026-05-03 12:13:06.040319+00:00
18021,TVACW,Texas Ventures Acquisition Iii Corp,US,True,2026-05-03 12:13:06.040319+00:00
18022,AACBR,Artius Ii Acquisition Inc.,US,True,2026-05-03 12:13:06.040319+00:00
18023,AACBU,Artius Ii Acquisition Inc.,US,True,2026-05-03 12:13:06.040319+00:00
18024,DGMDF,Digital Domain Holdings Limited/Adr,US,True,2026-05-03 12:13:06.040319+00:00
18025,AVSBS,"Arrived Homes 5, Llc",US,True,2026-05-03 12:13:06.040319+00:00
18026,AVPKS,"Arrived Homes 5, Llc",US,True,2026-05-03 12:13:06.040319+00:00
18027,AEHGS,"Arrived Homes 5, Llc",US,True,2026-05-03 12:13:06.040319+00:00
18028,ALOIS,"Arrived Homes 5, Llc",US,True,2026-05-03 12:13:06.040319+00:00
18029,NAMMW,Namib Minerals,US,True,2026-05-03 12:13:06.040319+00:00
18030,TICAW,"Tic Solutions, Inc.",US,True,2026-05-03 12:13:06.040319+00:00
18031,VDTA,Vertical Data Inc.,US,True,2026-05-03 12:13:06.040319+00:00
18032,SVCCW,Stellar V Capital Corp. (Cayman Islands),US,True,2026-05-03 12:13:06.040319+00:00
18033,SVCCU,Stellar V Capital Corp. (Cayman Islands),US,True,2026-05-03 12:13:06.040319+00:00
18034,YDESW,Yd Bio Ltd,US,True,2026-05-03 12:13:06.040319+00:00
18035,PMCUF,Pro Medicus Ltd./Adr,US,True,2026-05-03 12:13:06.040319+00:00
18036,MGSD,"Maitong Sunshine Cultural Development Co., Ltd",US,True,2026-05-03 12:13:06.040319+00:00
18037,EURKR,Eureka Acquisition Corp,US,True,2026-05-03 12:13:06.040319+00:00
18038,EURKU,Eureka Acquisition Corp,US,True,2026-05-03 12:13:06.040319+00:00
18039,MRNOW,Murano Global Investments Plc,US,True,2026-05-03 12:13:06.040319+00:00
18040,DSYWW,Big Tree Cloud Holdings Ltd,US,True,2026-05-03 12:13:06.040319+00:00
18041,SIMAW,Sim Acquisition Corp. I,US,True,2026-05-03 12:13:06.040319+00:00
18042,SIMAU,Sim Acquisition Corp. I,US,True,2026-05-03 12:13:06.040319+00:00
18043,FERAU,Fifth Era Acquisition Corp I,US,True,2026-05-03 12:13:06.040319+00:00
18044,FERAR,Fifth Era Acquisition Corp I,US,True,2026-05-03 12:13:06.040319+00:00
18045,AGMWF,"Silver Mountain Resources, Inc.",US,True,2026-05-03 12:13:06.040319+00:00
18046,BSLKW,"Bolt Projects Holdings, Inc.",US,True,2026-05-03 12:13:06.040319+00:00
18047,GROVW,"Grove Collaborative Holdings, Inc.",US,True,2026-05-03 12:13:06.040319+00:00
18048,OSRHW,"Osr Holdings, Inc.",US,True,2026-05-03 12:13:06.040319+00:00
18049,SPWRW,Sunpower Inc.,US,True,2026-05-03 12:13:06.040319+00:00
18050,GPATU,Gp-Act Iii Acquisition Corp.,US,True,2026-05-03 12:13:06.040319+00:00
18051,ZENVF,Zenvia Inc.,US,True,2026-05-03 12:13:06.040319+00:00
18052,BBAI-WT,"Bigbear.Ai Holdings, Inc.",US,True,2026-05-03 12:13:06.040319+00:00
18053,BODYW,"Beachbody Company, Inc.",US,True,2026-05-03 12:13:06.040319+00:00
18054,AUROW,"Aurora Innovation, Inc.",US,True,2026-05-03 12:13:06.040319+00:00
18055,DNABW,"Ginkgo Bioworks Holdings, Inc.",US,True,2026-05-03 12:13:06.040319+00:00
18056,GROY-WT,Gold Royalty Corp.,US,True,2026-05-03 12:13:06.040319+00:00
18057,GPATW,Gp-Act Iii Acquisition Corp.,US,True,2026-05-03 12:13:06.040319+00:00
18058,WINVR,Winvest Acquisition Corp.,US,True,2026-05-03 12:13:06.040319+00:00
18059,MINR,Minerva Gold Inc.,US,True,2026-05-03 12:13:06.040319+00:00
18060,WINVU,Winvest Acquisition Corp.,US,True,2026-05-03 12:13:06.040319+00:00
18061,WINVW,Winvest Acquisition Corp.,US,True,2026-05-03 12:13:06.040319+00:00
18062,AERTW,"Aeries Technology, Inc.",US,True,2026-05-03 12:13:06.040319+00:00
18063,ASBPW,"Aspire Biopharma Holdings, Inc.",US,True,2026-05-03 12:13:06.040319+00:00
18064,GREEL,Greenidge Generation Holdings Inc.,US,True,2026-05-03 12:13:06.040319+00:00
18065,SAIHW,Saiheat Ltd,US,True,2026-05-03 12:13:06.040319+00:00
18066,NPWR-WT,Net Power Inc.,US,True,2026-05-03 12:13:06.040319+00:00
18067,MTEKW,Maris Tech Ltd.,US,True,2026-05-03 12:13:06.040319+00:00
18068,CDROW,"Codere Online Luxembourg, S.A.",US,True,2026-05-03 12:13:06.040319+00:00
18069,TVAIR,Thayer Ventures Acquisition Corp Ii,US,True,2026-05-03 12:13:06.040319+00:00
18070,TVAIU,Thayer Ventures Acquisition Corp Ii,US,True,2026-05-03 12:13:06.040319+00:00
18071,SHFSW,"Shf Holdings, Inc.",US,True,2026-05-03 12:13:06.040319+00:00
18072,MOBXW,"Mobix Labs, Inc",US,True,2026-05-03 12:13:06.040319+00:00
18073,GDSTR,Goldenstone Acquisition Ltd.,US,True,2026-05-03 12:13:06.040319+00:00
18074,GDSTU,Goldenstone Acquisition Ltd.,US,True,2026-05-03 12:13:06.040319+00:00
18075,GDSTW,Goldenstone Acquisition Ltd.,US,True,2026-05-03 12:13:06.040319+00:00
18076,RSVRW,"Reservoir Media, Inc.",US,True,2026-05-03 12:13:06.040319+00:00
18077,BFRGW,"Bullfrog Ai Holdings, Inc.",US,True,2026-05-03 12:13:06.040319+00:00
18078,GLCP,Global Leaders Corp,US,True,2026-05-03 12:13:06.040319+00:00
18079,CPPTL,Copper Property Ctl Pass Through Trust,US,True,2026-05-03 12:13:06.040319+00:00
18080,GEGGL,"Great Elm Group, Inc.",US,True,2026-05-03 12:13:06.040319+00:00
18081,ONMDW,Onemednet Corp,US,True,2026-05-03 12:13:06.040319+00:00
18082,SOUNW,"Soundhound Ai, Inc.",US,True,2026-05-03 12:13:06.040319+00:00
18083,CORZW,"Core Scientific, Inc./Tx",US,True,2026-05-03 12:13:06.040319+00:00
18084,CORZR,"Core Scientific, Inc./Tx",US,True,2026-05-03 12:13:06.040319+00:00
18085,CORZZ,"Core Scientific, Inc./Tx",US,True,2026-05-03 12:13:06.040319+00:00
18086,PHXE-P,"Phoenix Energy One, Llc",US,True,2026-05-03 12:13:06.040319+00:00
18087,HGASW,Global Gas Corp,US,True,2026-05-03 12:13:06.040319+00:00
18088,MSOGF,Miniso Group Holding Ltd,US,True,2026-05-03 12:13:06.040319+00:00
18089,KUKEY,Kuke Music Holding Ltd,US,True,2026-05-03 12:13:06.040319+00:00
18090,TANAF,Tian'An Technology Group Ltd,US,True,2026-05-03 12:13:06.040319+00:00
18091,CRGOW,Freightos Ltd,US,True,2026-05-03 12:13:06.040319+00:00
18092,SATA,"Strive, Inc.",US,True,2026-05-03 12:13:06.040319+00:00
18093,AENTW,Alliance Entertainment Holding Corp,US,True,2026-05-03 12:13:06.040319+00:00
18094,ACHR-WT,Archer Aviation Inc.,US,True,2026-05-03 12:13:06.040319+00:00
18095,IONQ-WT,"Ionq, Inc.",US,True,2026-05-03 12:13:06.040319+00:00
18096,SCLXW,Scilex Holding Co,US,True,2026-05-03 12:13:06.040319+00:00
18097,NOTEW,"Fiscalnote Holdings, Inc.",US,True,2026-05-03 12:13:06.040319+00:00
18098,TLSIW,"Trisalus Life Sciences, Inc.",US,True,2026-05-03 12:13:06.040319+00:00
18099,PDYNW,Palladyne Ai Corp.,US,True,2026-05-03 12:13:06.040319+00:00
18100,SDSTW,Stardust Power Inc.,US,True,2026-05-03 12:13:06.040319+00:00
18101,HEMNF,Hemnet Group Ab/Adr,US,True,2026-05-03 12:13:06.040319+00:00
18102,GSTK,Growth Stalk Holdings Corp,US,True,2026-05-03 12:13:06.040319+00:00
18103,ESHAR,Esh Acquisition Corp.,US,True,2026-05-03 12:13:06.040319+00:00
18104,CLRRF,Climaterock,US,True,2026-05-03 12:13:06.040319+00:00
18105,SVREW,Saverone 2014 Ltd.,US,True,2026-05-03 12:13:06.040319+00:00
18106,CNCKW,Coincheck Group N.V.,US,True,2026-05-03 12:13:06.040319+00:00
18107,ISLUF,Israel Acquisitions Corp,US,True,2026-05-03 12:13:06.040319+00:00
18108,ISLWF,Israel Acquisitions Corp,US,True,2026-05-03 12:13:06.040319+00:00
18109,SWVLW,Swvl Holdings Corp,US,True,2026-05-03 12:13:06.040319+00:00
18110,FEAV,"5E Advanced Materials, Inc.",US,True,2026-05-03 12:13:06.040319+00:00
18111,RAJAF,"Cordyceps Sunshine Biotech Holdings Co., Ltd.",US,True,2026-05-03 12:13:06.040319+00:00
18112,TETUF,Technology & Telecommunication Acquisition Corp,US,True,2026-05-03 12:13:06.040319+00:00
18113,TETWF,Technology & Telecommunication Acquisition Corp,US,True,2026-05-03 12:13:06.040319+00:00
18114,KVACU,Keen Vision Acquisition Corp.,US,True,2026-05-03 12:13:06.040319+00:00
18115,KVACW,Keen Vision Acquisition Corp.,US,True,2026-05-03 12:13:06.040319+00:00
18116,CLDWW,"Calidi Biotherapeutics, Inc.",US,True,2026-05-03 12:13:06.040319+00:00
18117,CDAUF,Compass Digital Acquisition Corp.,US,True,2026-05-03 12:13:06.040319+00:00
18118,CDAWF,Compass Digital Acquisition Corp.,US,True,2026-05-03 12:13:06.040319+00:00
18119,ANSCU,Agriculture & Natural Solutions Acquisition Corp,US,True,2026-05-03 12:13:06.040319+00:00
18120,ANSCW,Agriculture & Natural Solutions Acquisition Corp,US,True,2026-05-03 12:13:06.040319+00:00
18121,CEROW,"Cero Therapeutics Holdings, Inc.",US,True,2026-05-03 12:13:06.040319+00:00
18122,HSIGF,Hesai Group,US,True,2026-05-03 12:13:06.040319+00:00
18123,BZAIW,"Blaize Holdings, Inc.",US,True,2026-05-03 12:13:06.040319+00:00
18124,SEPSF,Asep Medical Holdings Inc.,US,True,2026-05-03 12:13:06.040319+00:00
18125,ESMR,E-Smart Corp.,US,True,2026-05-03 12:13:06.040319+00:00
18126,BKHAR,Black Hawk Acquisition Corp,US,True,2026-05-03 12:13:06.040319+00:00
18127,BKHAU,Black Hawk Acquisition Corp,US,True,2026-05-03 12:13:06.040319+00:00
18128,LOTWW,Lotus Technology Inc.,US,True,2026-05-03 12:13:06.040319+00:00
18129,ALURW,"Allurion Technologies, Inc.",US,True,2026-05-03 12:13:06.040319+00:00
18130,PERFF,Perfect Corp.,US,True,2026-05-03 12:13:06.040319+00:00
18131,STTPF,Schott Pharma Ag & Co. Kgaa/Adr,US,True,2026-05-03 12:13:06.040319+00:00
18132,IPCXU,Inflection Point Acquisition Corp. Iii,US,True,2026-05-03 12:13:06.040319+00:00
18133,IPCXR,Inflection Point Acquisition Corp. Iii,US,True,2026-05-03 12:13:06.040319+00:00
18134,FVNNU,Future Vision Ii Acquisition Corp.,US,True,2026-05-03 12:13:06.040319+00:00
18135,FVNNR,Future Vision Ii Acquisition Corp.,US,True,2026-05-03 12:13:06.040319+00:00
18136,CCIXW,Churchill Capital Corp Ix/Cayman,US,True,2026-05-03 12:13:06.040319+00:00
18137,CCIXU,Churchill Capital Corp Ix/Cayman,US,True,2026-05-03 12:13:06.040319+00:00
18138,FSTWF,Fst Corp.,US,True,2026-05-03 12:13:06.040319+00:00
18139,TNMWF,Tnl Mediagene,US,True,2026-05-03 12:13:06.040319+00:00
18140,APTN,"Adaptin Bio, Inc.",US,True,2026-05-03 12:13:06.040319+00:00
18141,GSMT,Global-Smart.Tech,US,True,2026-05-03 12:13:06.040319+00:00
18142,NTCS,Natics Corp.,US,True,2026-05-03 12:13:06.040319+00:00
18143,SXTPW,"60 Degrees Pharmaceuticals, Inc.",US,True,2026-05-03 12:13:06.040319+00:00
18144,CRTMF,Critical Metals Corp.,US,True,2026-05-03 12:13:06.040319+00:00
18145,CRMLW,Critical Metals Corp.,US,True,2026-05-03 12:13:06.040319+00:00
18146,ALMP,Almco Plumbing Inc,US,True,2026-05-03 12:13:06.040319+00:00
18147,NOEMW,Co2 Energy Transition Corp.,US,True,2026-05-03 12:13:06.040319+00:00
18148,NOEMU,Co2 Energy Transition Corp.,US,True,2026-05-03 12:13:06.040319+00:00
18149,NOEMR,Co2 Energy Transition Corp.,US,True,2026-05-03 12:13:06.040319+00:00
18150,STWI,Stagewise Strategies Corp.,US,True,2026-05-03 12:13:06.040319+00:00
18151,HPAIW,Helport Ai Ltd,US,True,2026-05-03 12:13:06.040319+00:00
18152,UCFIW,Cn Healthy Food Tech Group Corp.,US,True,2026-05-03 12:13:06.040319+00:00
18153,VACHU,Voyager Acquisition Corp./Cayman Islands,US,True,2026-05-03 12:13:06.040319+00:00
18154,VACHW,Voyager Acquisition Corp./Cayman Islands,US,True,2026-05-03 12:13:06.040319+00:00
18155,NPEHF,"Nippon Express Holdings, Inc./Adr",US,True,2026-05-03 12:13:06.040319+00:00
18156,TE-WT,T1 Energy Inc.,US,True,2026-05-03 12:13:06.040319+00:00
18157,ENGNW,Engene Therapeutics Inc.,US,True,2026-05-03 12:13:06.040319+00:00
18158,NIVFW,Newgenivf Group Ltd,US,True,2026-05-03 12:13:06.040319+00:00
18159,BAKR,Baker Global Asset Management Inc.,US,True,2026-05-03 12:13:06.040319+00:00
18160,VFSWW,Vinfast Auto Ltd.,US,True,2026-05-03 12:13:06.040319+00:00
18161,AMPX-WT,"Amprius Technologies, Inc.",US,True,2026-05-03 12:13:06.040319+00:00
18162,ASPCU,Aspac Iii Acquisition Corp.,US,True,2026-05-03 12:13:06.040319+00:00
18163,ASPCR,Aspac Iii Acquisition Corp.,US,True,2026-05-03 12:13:06.040319+00:00
18164,DAZSF,Zkgc New Energy Ltd,US,True,2026-05-03 12:13:06.040319+00:00
18165,LSEB,Lseb Creative Corp.,US,True,2026-05-03 12:13:06.040319+00:00
18166,FLDDW,"Fold Holdings, Inc.",US,True,2026-05-03 12:13:06.040319+00:00
18167,BKLPF,Pt Bukalapak.Com Tbk/Adr,US,True,2026-05-03 12:13:06.040319+00:00
18168,ADSEW,Ads-Tec Energy Public Ltd Co,US,True,2026-05-03 12:13:06.040319+00:00
18169,AFJKR,"Aimei Health Technology Co., Ltd.",US,True,2026-05-03 12:13:06.040319+00:00
18170,AFJKU,"Aimei Health Technology Co., Ltd.",US,True,2026-05-03 12:13:06.040319+00:00
18171,THQQF,Embracer Group Ab/Adr,US,True,2026-05-03 12:13:06.040319+00:00
18172,RZLVW,Rezolve Ai Plc,US,True,2026-05-03 12:13:06.040319+00:00
18173,SDAWW,Suncar Technology Group Inc.,US,True,2026-05-03 12:13:06.040319+00:00
18174,RDPTF,Radiopharm Theranostics Ltd,US,True,2026-05-03 12:13:06.040319+00:00
18175,QLUNF,Qilun Group Inc.,US,True,2026-05-03 12:13:06.040319+00:00
18176,VHCPW,Vine Hill Capital Investment Corp. Ii,US,True,2026-05-03 12:13:06.040319+00:00
18177,VHCPU,Vine Hill Capital Investment Corp. Ii,US,True,2026-05-03 12:13:06.040319+00:00
18178,QRED-UN,Quasaredge Acquisition Corp,US,True,2026-05-03 12:13:06.040319+00:00
18179,STLJF,Stella-Jones Inc./Adr,US,True,2026-05-03 12:13:06.040319+00:00
18180,PCCOF,Paltac Corporation/Adr,US,True,2026-05-03 12:13:06.040319+00:00
18181,TOETF,Tosei Corp/Adr,US,True,2026-05-03 12:13:06.040319+00:00
18182,CSHRW,Coinshares Plc,US,True,2026-05-03 12:13:06.040319+00:00
18183,NHKGF,Nhk Spring Co. Ltd/Adr,US,True,2026-05-03 12:13:06.040319+00:00
18184,BEBE-UN,Tge Value Creative Solutions Corp,US,True,2026-05-03 12:13:06.040319+00:00
18185,BEBE-WT,Tge Value Creative Solutions Corp,US,True,2026-05-03 12:13:06.040319+00:00
18186,RFAMR,Rf Acquisition Corp Iii,US,True,2026-05-03 12:13:06.040319+00:00
18187,RFAMU,Rf Acquisition Corp Iii,US,True,2026-05-03 12:13:06.040319+00:00
18188,CNDHF,Conduit Holdings Ltd/Adr,US,True,2026-05-03 12:13:06.040319+00:00
18189,NGSCF,"Nagase & Co., Ltd./Adr",US,True,2026-05-03 12:13:06.040319+00:00
18190,MTAL-UN,Metals Acquisition Corp. Ii,US,True,2026-05-03 12:13:06.040319+00:00
18191,MTAL-WT,Metals Acquisition Corp. Ii,US,True,2026-05-03 12:13:06.040319+00:00
18192,SWCPF,Swcc Corp/Adr,US,True,2026-05-03 12:13:06.040319+00:00
18193,MAWAF,"Maruwa Co., Ltd./Adr",US,True,2026-05-03 12:13:06.040319+00:00
18194,ZJNGF,Zijin Gold International Co Limited/Adr,US,True,2026-05-03 12:13:06.040319+00:00
18195,MUZEW,Muzero Acquisition Corp,US,True,2026-05-03 12:13:06.040319+00:00
18196,MUZEU,Muzero Acquisition Corp,US,True,2026-05-03 12:13:06.040319+00:00
18197,ELSSF,Elis S.A./Adr,US,True,2026-05-03 12:13:06.040319+00:00
18198,ODERF,"Odakyu Electric Railway Co., Ltd./Adr",US,True,2026-05-03 12:13:06.040319+00:00
18199,TMTSU,Spartacus Acquisition Corp. Ii,US,True,2026-05-03 12:13:06.040319+00:00
18200,TMTSW,Spartacus Acquisition Corp. Ii,US,True,2026-05-03 12:13:06.040319+00:00
18201,KATJF,Knowledge Atlas Technology Joint Stock Co Limited/Adr,US,True,2026-05-03 12:13:06.040319+00:00
18202,OCSAW,Oculis Holding Ag,US,True,2026-05-03 12:13:06.040319+00:00
18203,BDMDW,Baird Medical Investment Holdings Ltd,US,True,2026-05-03 12:13:06.040319+00:00
18204,IMAA,Ima Tech,US,True,2026-05-03 12:13:06.040319+00:00
18205,PDPA,Pearl Diver Credit Co Inc.,US,True,2026-05-03 12:13:06.040319+00:00
18206,TBNRL,Tamboran Resources Corp,US,True,2026-05-03 12:13:06.040319+00:00
18207,KWMWW,K Wave Media Ltd.,US,True,2026-05-03 12:13:06.040319+00:00
18208,MKDWW,Mkdwell Tech Inc.,US,True,2026-05-03 12:13:06.040319+00:00
18209,PBMWW,Psyence Biomedical Ltd.,US,True,2026-05-03 12:13:06.040319+00:00
18210,ZOOZW,Zooz Strategy Ltd.,US,True,2026-05-03 12:13:06.040319+00:00
18211,TYHOF,Toyota Tsusho Corporation/Adr,US,True,2026-05-03 12:13:06.040319+00:00
18212,INFQ-WT,"Infleqtion, Inc.",US,True,2026-05-03 12:13:06.040319+00:00
18213,TYNPF,Nippon Sanso Holdings Corporation/Adr,US,True,2026-05-03 12:13:06.040319+00:00
18214,QETAR,Quetta Acquisition Corp,US,True,2026-05-03 12:13:06.040319+00:00
18215,QETAU,Quetta Acquisition Corp,US,True,2026-05-03 12:13:06.040319+00:00
18216,BWAGF,Bawag Group Ag/Adr,US,True,2026-05-03 12:13:06.040319+00:00
18217,ABLVW,Able View Global Inc.,US,True,2026-05-03 12:13:06.040319+00:00
18218,COOTW,Australian Oilseeds Holdings Ltd,US,True,2026-05-03 12:13:06.040319+00:00
18219,ATCHW,"Atlasclear Holdings, Inc.",US,True,2026-05-03 12:13:06.040319+00:00
18220,SMXWW,Smx (Security Matters) Public Ltd Co,US,True,2026-05-03 12:13:06.040319+00:00
18221,PALX,Palomino Laboratories Inc.,US,True,2026-05-03 12:13:06.040319+00:00
18222,HSPUF,Horizon Space Acquisition I Corp.,US,True,2026-05-03 12:13:06.040319+00:00
18223,HSPWF,Horizon Space Acquisition I Corp.,US,True,2026-05-03 12:13:06.040319+00:00
18224,USGOW,U.S. Goldmining Inc.,US,True,2026-05-03 12:13:06.040319+00:00
18225,NMHIW,Nature'S Miracle Holding Inc.,US,True,2026-05-03 12:13:06.040319+00:00
18226,SBCWW,Sbc Medical Group Holdings Inc,US,True,2026-05-03 12:13:06.040319+00:00
18227,NBRGR,Newbridge Acquisition Ltd,US,True,2026-05-03 12:13:06.040319+00:00
18228,NBRGU,Newbridge Acquisition Ltd,US,True,2026-05-03 12:13:06.040319+00:00
18229,HUBCW,Hub Cyber Security Ltd.,US,True,2026-05-03 12:13:06.040319+00:00
18230,HUBCZ,Hub Cyber Security Ltd.,US,True,2026-05-03 12:13:06.040319+00:00
18231,FGMCU,Fg Merger Ii Corp.,US,True,2026-05-03 12:13:06.040319+00:00
18232,FGMCR,Fg Merger Ii Corp.,US,True,2026-05-03 12:13:06.040319+00:00
18233,RPDL,Rapid Line Inc.,US,True,2026-05-03 12:13:06.040319+00:00
18234,LPAAW,Launch One Acquisition Corp.,US,True,2026-05-03 12:13:06.040319+00:00
18235,LPAAU,Launch One Acquisition Corp.,US,True,2026-05-03 12:13:06.040319+00:00
18236,IBACR,Ib Acquisition Corp.,US,True,2026-05-03 12:13:06.040319+00:00
18237,GMTH,Gmtech Inc.,US,True,2026-05-03 12:13:06.040319+00:00
18238,NTWOU,Newbury Street Ii Acquisition Corp,US,True,2026-05-03 12:13:06.040319+00:00
18239,NTWOW,Newbury Street Ii Acquisition Corp,US,True,2026-05-03 12:13:06.040319+00:00
18240,CHPGR,Championsgate Acquisition Corp,US,True,2026-05-03 12:13:06.040319+00:00
18241,CHPGU,Championsgate Acquisition Corp,US,True,2026-05-03 12:13:06.040319+00:00
18242,BGLWW,Blue Gold Ltd,US,True,2026-05-03 12:13:06.040319+00:00
18243,RAINW,"Rain Enhancement Technologies Holdco, Inc.",US,True,2026-05-03 12:13:06.040319+00:00
18244,PUIGF,Puig Brands S.A./Adr,US,True,2026-05-03 12:13:06.040319+00:00
18245,HSPTR,Horizon Space Acquisition Ii Corp.,US,True,2026-05-03 12:13:06.040319+00:00
18246,HSPTU,Horizon Space Acquisition Ii Corp.,US,True,2026-05-03 12:13:06.040319+00:00
18247,GIBOW,Gibo Holdings Ltd,US,True,2026-05-03 12:13:06.040319+00:00
18248,NUAIW,"New Era Energy & Digital, Inc.",US,True,2026-05-03 12:13:06.040319+00:00
18249,BDTB,Bodhi Tree Biotechnology Inc,US,True,2026-05-03 12:13:06.040319+00:00
18250,MGCOF,"Midea Group Co., Ltd./Adr",US,True,2026-05-03 12:13:06.040319+00:00
18251,VWAVW,"Visionwave Holdings, Inc.",US,True,2026-05-03 12:13:06.040319+00:00
18252,IPODW,Collective Acquisition Corp.,US,True,2026-05-03 12:13:06.040319+00:00
18253,IPODU,Collective Acquisition Corp.,US,True,2026-05-03 12:13:06.040319+00:00
18254,SRBEF,Vusiongroup,US,True,2026-05-03 12:13:06.040319+00:00
18255,EMISR,Emmis Acquisition Corp.,US,True,2026-05-03 12:13:06.040319+00:00
18256,CCXIU,Churchill Capital Corp Xi,US,True,2026-05-03 12:13:06.040319+00:00
18257,CCXIW,Churchill Capital Corp Xi,US,True,2026-05-03 12:13:06.040319+00:00
18258,NWAX-UN,New America Acquisition I Corp.,US,True,2026-05-03 12:13:06.040319+00:00
18259,NWAX-WT,New America Acquisition I Corp.,US,True,2026-05-03 12:13:06.040319+00:00
18260,HNSPF,Hansoh Pharmaceutical Group Co Limited/Adr,US,True,2026-05-03 12:13:06.040319+00:00
18261,TNEYF,Tamarack Valley Energy Ltd./Adr,US,True,2026-05-03 12:13:06.040319+00:00
18262,HVMCU,Highview Merger Corp.,US,True,2026-05-03 12:13:06.040319+00:00
18263,HVMCW,Highview Merger Corp.,US,True,2026-05-03 12:13:06.040319+00:00
18264,CTATF,"Contemporary Amperex Technology Co., Limited/Adr",US,True,2026-05-03 12:13:06.040319+00:00
18265,MKLYU,Mckinley Acquisition Corp,US,True,2026-05-03 12:13:06.040319+00:00
18266,MKLYR,Mckinley Acquisition Corp,US,True,2026-05-03 12:13:06.040319+00:00
18267,REECF,Reece Limited/Adr,US,True,2026-05-03 12:13:06.040319+00:00
18268,BPACR,Blueport Acquisition Ltd,US,True,2026-05-03 12:13:06.040319+00:00
18269,INACR,Indigo Acquisition Corp.,US,True,2026-05-03 12:13:06.040319+00:00
18270,INACU,Indigo Acquisition Corp.,US,True,2026-05-03 12:13:06.040319+00:00
18271,LSHGF,Louis Hachette Group/Adr,US,True,2026-05-03 12:13:06.040319+00:00
18272,BPACU,Blueport Acquisition Ltd,US,True,2026-05-03 12:13:06.040319+00:00
18273,BCARW,D. Boral Arc Acquisition I Corp.,US,True,2026-05-03 12:13:06.040319+00:00
18274,BCARU,D. Boral Arc Acquisition I Corp.,US,True,2026-05-03 12:13:06.040319+00:00
18275,TWLVU,Twelve Seas Investment Co Iii/Cayman,US,True,2026-05-03 12:13:06.040319+00:00
18276,TWLVR,Twelve Seas Investment Co Iii/Cayman,US,True,2026-05-03 12:13:06.040319+00:00
18277,RAC-UN,Rithm Acquisition Corp.,US,True,2026-05-03 12:13:06.040319+00:00
18278,RAC-WT,Rithm Acquisition Corp.,US,True,2026-05-03 12:13:06.040319+00:00
18279,ORIQU,Origin Investment Corp I,US,True,2026-05-03 12:13:06.040319+00:00
18280,ORIQW,Origin Investment Corp I,US,True,2026-05-03 12:13:06.040319+00:00
18281,BDCIW,Btc Development Corp.,US,True,2026-05-03 12:13:06.040319+00:00
18282,BDCIU,Btc Development Corp.,US,True,2026-05-03 12:13:06.040319+00:00
18283,SPGDF,Springer Nature Ag & Co. Kgaa/Adr,US,True,2026-05-03 12:13:06.040319+00:00
18284,TGE-WT,Generation Essentials Group,US,True,2026-05-03 12:13:06.040319+00:00
18285,PCPPF,Pc Partner Group Ltd/Adr,US,True,2026-05-03 12:13:06.040319+00:00
18286,AXINR,Axiom Intelligence Acquisition Corp 1,US,True,2026-05-03 12:13:06.040319+00:00
18287,AXINU,Axiom Intelligence Acquisition Corp 1,US,True,2026-05-03 12:13:06.040319+00:00
18288,MGHTF,Mercury Nz Ltd./Adr,US,True,2026-05-03 12:13:06.040319+00:00
18289,CRAQR,Cal Redwood Acquisition Corp.,US,True,2026-05-03 12:13:06.040319+00:00
18290,CRAQU,Cal Redwood Acquisition Corp.,US,True,2026-05-03 12:13:06.040319+00:00
18291,DTREF,Dateline Resources Ltd/Adr,US,True,2026-05-03 12:13:06.040319+00:00
18292,TRGSU,Trg Latin America Acquisitions Corp.,US,True,2026-05-03 12:13:06.040319+00:00
18293,GIXXU,Gigcapital9 Corp.,US,True,2026-05-03 12:13:06.040319+00:00
18294,GIXXR,Gigcapital9 Corp.,US,True,2026-05-03 12:13:06.040319+00:00
18295,TRGSR,Trg Latin America Acquisitions Corp.,US,True,2026-05-03 12:13:06.040319+00:00
18296,MZYX-WT,Mozayyx Acquisition Corp.,US,True,2026-05-03 12:13:06.040319+00:00
18297,MZYX-UN,Mozayyx Acquisition Corp.,US,True,2026-05-03 12:13:06.040319+00:00
18298,DBCAW,D. Boral Acquisition I Corp.,US,True,2026-05-03 12:13:06.040319+00:00
18299,DBCAU,D. Boral Acquisition I Corp.,US,True,2026-05-03 12:13:06.040319+00:00
18300,SVIVU,Spring Valley Acquisition Corp. Iv,US,True,2026-05-03 12:13:06.040319+00:00
18301,SVIVW,Spring Valley Acquisition Corp. Iv,US,True,2026-05-03 12:13:06.040319+00:00
18302,UAC-UN,United Acquisition Corp. I,US,True,2026-05-03 12:13:06.040319+00:00
18303,UAC-WT,United Acquisition Corp. I,US,True,2026-05-03 12:13:06.040319+00:00
18304,SVNHF,Sunevision Holdings/Adr,US,True,2026-05-03 12:13:06.040319+00:00
18305,CLBR-UN,Colombier Acquisition Corp. Iii,US,True,2026-05-03 12:13:06.040319+00:00
18306,CLBR-WT,Colombier Acquisition Corp. Iii,US,True,2026-05-03 12:13:06.040319+00:00
18307,TRAXV,"First Tracks Biotherapeutics, Inc.",US,True,2026-05-03 12:13:06.040319+00:00
18308,OBCKF,Ottobock Se & Co. Kgaa/Adr,US,True,2026-05-03 12:13:06.040319+00:00
18309,LKYRF,Locksley Resources Limited/Adr,US,True,2026-05-03 12:13:06.040319+00:00
18310,PAACU,Proem Acquisition Corp. I,US,True,2026-05-03 12:13:06.040319+00:00
18311,ADACU,American Drive Acquisition Co,US,True,2026-05-03 12:13:06.040319+00:00
18312,ADACW,American Drive Acquisition Co,US,True,2026-05-03 12:13:06.040319+00:00
18313,PFSEF,Pfisterer Holdings Se/Adr,US,True,2026-05-03 12:13:06.040319+00:00
18314,LFACU,Leapfrog Acquisition Corp,US,True,2026-05-03 12:13:06.040319+00:00
18315,LFACW,Leapfrog Acquisition Corp,US,True,2026-05-03 12:13:06.040319+00:00
18316,DUTBF,Duality Biotherapeutics Inc/Adr,US,True,2026-05-03 12:13:06.040319+00:00
18317,GPACU,General Purpose Acquisition Corp.,US,True,2026-05-03 12:13:06.040319+00:00
18318,GPACW,General Purpose Acquisition Corp.,US,True,2026-05-03 12:13:06.040319+00:00
18319,PAACW,Proem Acquisition Corp. I,US,True,2026-05-03 12:13:06.040319+00:00
18320,DMIIU,Drugs Made In America Acquisition Ii Corp.,US,True,2026-05-03 12:13:06.040319+00:00
18321,DMIIR,Drugs Made In America Acquisition Ii Corp.,US,True,2026-05-03 12:13:06.040319+00:00
18322,RANGU,Range Capital Acquisition Corp.,US,True,2026-05-03 12:13:06.040319+00:00
18323,RANGR,Range Capital Acquisition Corp.,US,True,2026-05-03 12:13:06.040319+00:00
18324,KOKSF,Kokusai Electric Corporation/Adr,US,True,2026-05-03 12:13:06.040319+00:00
18325,STKTF,Sectra Ab/Adr,US,True,2026-05-03 12:13:06.040319+00:00
18326,DAICW,"Cid Holdco, Inc.",US,True,2026-05-03 12:13:06.040319+00:00
18327,HAVAR,Harvard Ave Acquisition Corp,US,True,2026-05-03 12:13:06.040319+00:00
18328,HAVAU,Harvard Ave Acquisition Corp,US,True,2026-05-03 12:13:06.040319+00:00
18329,APACU,Stonebridge Acquisition Ii Corp,US,True,2026-05-03 12:13:06.040319+00:00
18330,APACR,Stonebridge Acquisition Ii Corp,US,True,2026-05-03 12:13:06.040319+00:00
18331,GTERW,Globa Terra Acquisition Corp,US,True,2026-05-03 12:13:06.040319+00:00
18332,GTERU,Globa Terra Acquisition Corp,US,True,2026-05-03 12:13:06.040319+00:00
18333,GTERR,Globa Terra Acquisition Corp,US,True,2026-05-03 12:13:06.040319+00:00
18334,NPACW,New Providence Acquisition Corp. Iii/Cayman,US,True,2026-05-03 12:13:06.040319+00:00
18335,NPACU,New Providence Acquisition Corp. Iii/Cayman,US,True,2026-05-03 12:13:06.040319+00:00
18336,LCCCU,Lakeshore Acquisition Iii Corp.,US,True,2026-05-03 12:13:06.040319+00:00
18337,LCCCR,Lakeshore Acquisition Iii Corp.,US,True,2026-05-03 12:13:06.040319+00:00
18338,IDPUF,Idp Education Ltd./Adr,US,True,2026-05-03 12:13:06.040319+00:00
18339,DNACF,"Dena Co., Ltd./Adr",US,True,2026-05-03 12:13:06.040319+00:00
18340,MCGAU,Yorkville Acquisition Corp.,US,True,2026-05-03 12:13:06.040319+00:00
18341,MCGAW,Yorkville Acquisition Corp.,US,True,2026-05-03 12:13:06.040319+00:00
18342,FMACU,Future Money Acquisition Corp,US,True,2026-05-03 12:13:06.040319+00:00
18343,CAQUU,Cambridge Acquisition Corp.,US,True,2026-05-03 12:13:06.040319+00:00
18344,CAQUW,Cambridge Acquisition Corp.,US,True,2026-05-03 12:13:06.040319+00:00
18345,BLUWU,Blue Water Acquisition Corp. Iii,US,True,2026-05-03 12:13:06.040319+00:00
18346,BLUWW,Blue Water Acquisition Corp. Iii,US,True,2026-05-03 12:13:06.040319+00:00
18347,MLCIL,Mount Logan Capital Inc.,US,True,2026-05-03 12:13:06.040319+00:00
18348,PCAPW,Procap Acquisition Corp,US,True,2026-05-03 12:13:06.040319+00:00
18349,PCAPU,Procap Acquisition Corp,US,True,2026-05-03 12:13:06.040319+00:00
18350,YSHLF,Yangzijiang Shipbuilding Holdings Ltd/Adr,US,True,2026-05-03 12:13:06.040319+00:00
18351,NGHLF,Nightingale Health Plc,US,True,2026-05-03 12:13:06.040319+00:00
18352,PALOW,Paloma Acquisition Corp I,US,True,2026-05-03 12:13:06.040319+00:00
18353,PALOU,Paloma Acquisition Corp I,US,True,2026-05-03 12:13:06.040319+00:00
18354,APXCF,Apex Critical Metals Corp.,US,True,2026-05-03 12:13:06.040319+00:00
18355,VSRPF,Verisure Plc/Adr,US,True,2026-05-03 12:13:06.040319+00:00
18356,ACAAU,Averin Capital Acquisition Corp.,US,True,2026-05-03 12:13:06.040319+00:00
18357,ACAAW,Averin Capital Acquisition Corp.,US,True,2026-05-03 12:13:06.040319+00:00
18358,SUMAR,Suma Acquisition Corp,US,True,2026-05-03 12:13:06.040319+00:00
18359,YMTKF,Yamato Kogyo Co. Ltd/Adr,US,True,2026-05-03 12:13:06.040319+00:00
18360,SUMAU,Suma Acquisition Corp,US,True,2026-05-03 12:13:06.040319+00:00
18361,AACPU,Apogee Acquisition Corp,US,True,2026-05-03 12:13:06.040319+00:00
18362,ZKPU,Lafayette Digital Acquisition Corp. I,US,True,2026-05-03 12:13:06.040319+00:00
18363,ZKPW,Lafayette Digital Acquisition Corp. I,US,True,2026-05-03 12:13:06.040319+00:00
18364,IEAGR,Infinite Eagle Acquisition Corp.,US,True,2026-05-03 12:13:06.040319+00:00
18365,IEAGU,Infinite Eagle Acquisition Corp.,US,True,2026-05-03 12:13:06.040319+00:00
18366,ALOVW,"Aldabra 4 Liquidity Opportunity Vehicle, Inc.",US,True,2026-05-03 12:13:06.040319+00:00
18367,ALOVU,"Aldabra 4 Liquidity Opportunity Vehicle, Inc.",US,True,2026-05-03 12:13:06.040319+00:00
18368,GLED-RI,Galaxyedge Acquisition Corp,US,True,2026-05-03 12:13:06.040319+00:00
18369,GLED-UN,Galaxyedge Acquisition Corp,US,True,2026-05-03 12:13:06.040319+00:00
18370,ZJLMF,"Zhejiang Leapmotor Technology Co., Ltd./Adr",US,True,2026-05-03 12:13:06.040319+00:00
18371,ZSHOF,"Zensho Holdings Co., Ltd./Adr",US,True,2026-05-03 12:13:06.040319+00:00
18372,RNGOF,"Rengo Co., Ltd./Adr",US,True,2026-05-03 12:13:06.040319+00:00
18373,BLZRW,Trailblazer Acquisition Corp.,US,True,2026-05-03 12:13:06.040319+00:00
18374,BLZRU,Trailblazer Acquisition Corp.,US,True,2026-05-03 12:13:06.040319+00:00
18375,BIXIW,Bitcoin Infrastructure Acquisition Corp Ltd,US,True,2026-05-03 12:13:06.040319+00:00
18376,BIXIU,Bitcoin Infrastructure Acquisition Corp Ltd,US,True,2026-05-03 12:13:06.040319+00:00
18377,SPIWF,Spie Sa/Adr,US,True,2026-05-03 12:13:06.040319+00:00
18378,WLIIU,Willow Lane Acquisition Corp. Ii,US,True,2026-05-03 12:13:06.040319+00:00
18379,WLIIW,Willow Lane Acquisition Corp. Ii,US,True,2026-05-03 12:13:06.040319+00:00
18380,DSACU,Daedalus Special Acquisition Corp.,US,True,2026-05-03 12:13:06.040319+00:00
18381,DSACW,Daedalus Special Acquisition Corp.,US,True,2026-05-03 12:13:06.040319+00:00
18382,AEAQW,Activate Energy Acquisition Corp.,US,True,2026-05-03 12:13:06.040319+00:00
18383,AEAQU,Activate Energy Acquisition Corp.,US,True,2026-05-03 12:13:06.040319+00:00
18384,LPCVW,Launchpad Cadenza Acquisition Corp I,US,True,2026-05-03 12:13:06.040319+00:00
18385,LPCVU,Launchpad Cadenza Acquisition Corp I,US,True,2026-05-03 12:13:06.040319+00:00
18386,SPHXF,Sm Prime Holdings Inc./Adr,US,True,2026-05-03 12:13:06.040319+00:00
18387,JXADF,Jx Advanced Metals Corporation/Adr,US,True,2026-05-03 12:13:06.040319+00:00
18388,LPUGF,Laopu Gold Co. Ltd./Adr,US,True,2026-05-03 12:13:06.040319+00:00
18389,FINGF,Finning International Inc./Adr,US,True,2026-05-03 12:13:06.040319+00:00
18390,TPZEF,Topaz Energy Corp./Adr,US,True,2026-05-03 12:13:06.040319+00:00
18391,SMFRF,"Sumitomo Forestry Co., Ltd./Adr",US,True,2026-05-03 12:13:06.040319+00:00
18392,WENNW,Wen Acquisition Corp,US,True,2026-05-03 12:13:06.040319+00:00
18393,FIGXW,Figx Capital Acquisition Corp.,US,True,2026-05-03 12:13:06.040319+00:00
18394,FIGXU,Figx Capital Acquisition Corp.,US,True,2026-05-03 12:13:06.040319+00:00
18395,SSEAU,Starry Sea Acquisition Corp,US,True,2026-05-03 12:13:06.040319+00:00
18396,SSEAR,Starry Sea Acquisition Corp,US,True,2026-05-03 12:13:06.040319+00:00
18397,JENA-RI,Jena Acquisition Corp Ii,US,True,2026-05-03 12:13:06.040319+00:00
18398,JENA-UN,Jena Acquisition Corp Ii,US,True,2026-05-03 12:13:06.040319+00:00
18399,PMTRW,Perimeter Acquisition Corp. I,US,True,2026-05-03 12:13:06.040319+00:00
18400,PMTRU,Perimeter Acquisition Corp. I,US,True,2026-05-03 12:13:06.040319+00:00
18401,ALEGF,Allegro.Eu Sa/Adr,US,True,2026-05-03 12:13:06.040319+00:00
18402,WENNU,Wen Acquisition Corp,US,True,2026-05-03 12:13:06.040319+00:00
18403,LKSPR,Lake Superior Acquisition Corp,US,True,2026-05-03 12:13:06.040319+00:00
18404,LKSPU,Lake Superior Acquisition Corp,US,True,2026-05-03 12:13:06.040319+00:00
18405,LTMGF,Lottomatica Group S.P.A./Adr,US,True,2026-05-03 12:13:06.040319+00:00
18406,PACHW,Pioneer Acquisition I Corp,US,True,2026-05-03 12:13:06.040319+00:00
18407,PACHU,Pioneer Acquisition I Corp,US,True,2026-05-03 12:13:06.040319+00:00
18408,UYSCR,Uy Scuti Acquisition Corp.,US,True,2026-05-03 12:13:06.040319+00:00
18409,UYSCU,Uy Scuti Acquisition Corp.,US,True,2026-05-03 12:13:06.040319+00:00
18410,RIBBU,Ribbon Acquisition Corp.,US,True,2026-05-03 12:13:06.040319+00:00
18411,RIBBR,Ribbon Acquisition Corp.,US,True,2026-05-03 12:13:06.040319+00:00
18412,ETHMU,Dynamix Corp,US,True,2026-05-03 12:13:06.040319+00:00
18413,ETHMW,Dynamix Corp,US,True,2026-05-03 12:13:06.040319+00:00
18414,FACTW,Fact Ii Acquisition Corp.,US,True,2026-05-03 12:13:06.040319+00:00
18415,FACTU,Fact Ii Acquisition Corp.,US,True,2026-05-03 12:13:06.040319+00:00
18416,BLNH,"Blue Line Holdings, Inc.",US,True,2026-05-03 12:13:06.040319+00:00
18417,DMAAU,Drugs Made In America Acquisition Corp.,US,True,2026-05-03 12:13:06.040319+00:00
18418,DMAAR,Drugs Made In America Acquisition Corp.,US,True,2026-05-03 12:13:06.040319+00:00
18419,POLEU,Andretti Acquisition Corp. Ii,US,True,2026-05-03 12:13:06.040319+00:00
18420,POLEW,Andretti Acquisition Corp. Ii,US,True,2026-05-03 12:13:06.040319+00:00
18421,ALPWF,Alps Group Inc,US,True,2026-05-03 12:13:06.040319+00:00
18422,SLXNW,Silexion Therapeutics Corp,US,True,2026-05-03 12:13:06.040319+00:00
18423,LACHF,Lapco Holdings Limited/Adr,US,True,2026-05-03 12:13:06.040319+00:00
18424,PAII-UN,Pyrophyte Acquisition Corp. Ii,US,True,2026-05-03 12:13:06.040319+00:00
18425,PAII-WT,Pyrophyte Acquisition Corp. Ii,US,True,2026-05-03 12:13:06.040319+00:00
18426,SOCAW,Solarius Capital Acquisition Corp.,US,True,2026-05-03 12:13:06.040319+00:00
18427,SOCAU,Solarius Capital Acquisition Corp.,US,True,2026-05-03 12:13:06.040319+00:00
18428,NPICF,Northland Power Inc./Adr,US,True,2026-05-03 12:13:06.040319+00:00
18429,HCMAU,Hcm Iii Acquisition Corp.,US,True,2026-05-03 12:13:06.040319+00:00
18430,HCMAW,Hcm Iii Acquisition Corp.,US,True,2026-05-03 12:13:06.040319+00:00
18431,DLMAF,Dollarama Inc./Adr,US,True,2026-05-03 12:13:06.040319+00:00
18432,TCLHF,Tcl Electronics Holdings Limited/Adr,US,True,2026-05-03 12:13:06.040319+00:00
18433,BIREF,Birchcliff Energy Ltd./Adr,US,True,2026-05-03 12:13:06.040319+00:00
18434,NPIFF,Northland Power Inc./Adr,US,True,2026-05-03 12:13:06.040319+00:00
18435,LLYVB,"Liberty Live Holdings, Inc.",US,True,2026-05-03 12:13:06.040319+00:00
18436,LLYVK,"Liberty Live Holdings, Inc.",US,True,2026-05-03 12:13:06.040319+00:00
18437,KRSP-WT,Rice Acquisition Corp 3,US,True,2026-05-03 12:13:06.040319+00:00
18438,KRSP-UN,Rice Acquisition Corp 3,US,True,2026-05-03 12:13:06.040319+00:00
18439,FCRS-WT,Futurecrest Acquisition Corp.,US,True,2026-05-03 12:13:06.040319+00:00
18440,FCRS-UN,Futurecrest Acquisition Corp.,US,True,2026-05-03 12:13:06.040319+00:00
18441,RDACU,Rising Dragon Acquisition Corp.,US,True,2026-05-03 12:13:06.040319+00:00
18442,TAVIU,Tavia Acquisition Corp.,US,True,2026-05-03 12:13:06.040319+00:00
18443,TAVIR,Tavia Acquisition Corp.,US,True,2026-05-03 12:13:06.040319+00:00
18444,RDACR,Rising Dragon Acquisition Corp.,US,True,2026-05-03 12:13:06.040319+00:00
18445,YHNAR,Yhn Acquisition I Ltd,US,True,2026-05-03 12:13:06.040319+00:00
18446,SNNRF,Sunrise Communications Ag,US,True,2026-05-03 12:13:06.040319+00:00
18447,YHNAU,Yhn Acquisition I Ltd,US,True,2026-05-03 12:13:06.040319+00:00
18448,MLACU,Mountain Lake Acquisition Corp.,US,True,2026-05-03 12:13:06.040319+00:00
18449,MLACR,Mountain Lake Acquisition Corp.,US,True,2026-05-03 12:13:06.040319+00:00
18450,KIDZW,"Classover Holdings, Inc.",US,True,2026-05-03 12:13:06.040319+00:00
18451,LPBBW,Launch Two Acquisition Corp.,US,True,2026-05-03 12:13:06.040319+00:00
18452,LPBBU,Launch Two Acquisition Corp.,US,True,2026-05-03 12:13:06.040319+00:00
18453,ALISU,Calisa Acquisition Corp,US,True,2026-05-03 12:13:06.040319+00:00
18454,ALISR,Calisa Acquisition Corp,US,True,2026-05-03 12:13:06.040319+00:00
18455,BIII-UN,Black Spade Acquisition Iii Co,US,True,2026-05-03 12:13:06.040319+00:00
18456,BIII-WT,Black Spade Acquisition Iii Co,US,True,2026-05-03 12:13:06.040319+00:00
18457,HRIBF,"Horiba, Ltd./Adr",US,True,2026-05-03 12:13:06.040319+00:00
18458,OIMAW,Oneim Acquisition Corp.,US,True,2026-05-03 12:13:06.040319+00:00
18459,OIMAU,Oneim Acquisition Corp.,US,True,2026-05-03 12:13:06.040319+00:00
18460,MTLPF,Metlen Energy & Metals Plc/Adr,US,True,2026-05-03 12:13:06.040319+00:00
18461,IACOU,Idea Acquisition Corp.,US,True,2026-05-03 12:13:06.040319+00:00
18462,IACOW,Idea Acquisition Corp.,US,True,2026-05-03 12:13:06.040319+00:00
18463,RNKGF,Renk Group Ag/Adr,US,True,2026-05-03 12:13:06.040319+00:00
18464,CTAAU,Clearthink 1 Acquisition Corp.,US,True,2026-05-03 12:13:06.040319+00:00
18465,CTAAR,Clearthink 1 Acquisition Corp.,US,True,2026-05-03 12:13:06.040319+00:00
18466,COLAU,Columbus Acquisition Corp/Cayman Islands,US,True,2026-05-03 12:13:06.040319+00:00
18467,COLAR,Columbus Acquisition Corp/Cayman Islands,US,True,2026-05-03 12:13:06.040319+00:00
18468,JACS-UN,Jackson Acquisition Co Ii,US,True,2026-05-03 12:13:06.040319+00:00
18469,JACS-RI,Jackson Acquisition Co Ii,US,True,2026-05-03 12:13:06.040319+00:00
18470,TKMEF,"Tokyo Metro Co., Ltd./Adr",US,True,2026-05-03 12:13:06.040319+00:00
18471,RDAGU,Republic Digital Acquisition Co,US,True,2026-05-03 12:13:06.040319+00:00
18472,RDAGW,Republic Digital Acquisition Co,US,True,2026-05-03 12:13:06.040319+00:00
18473,MXUGF,Mixue Bingcheng Co Ltd/Adr,US,True,2026-05-03 12:13:06.040319+00:00
18474,MXUBY,Mixue Bingcheng Co Ltd/Adr,US,True,2026-05-03 12:13:06.040319+00:00
18475,GMWKF,Games Workshop Group Plc/Adr,US,True,2026-05-03 12:13:06.040319+00:00
18476,EVAC-UN,Eqv Ventures Acquisition Corp. Ii,US,True,2026-05-03 12:13:06.040319+00:00
18477,EVAC-WT,Eqv Ventures Acquisition Corp. Ii,US,True,2026-05-03 12:13:06.040319+00:00
18478,MANDF,Mandatum Oyj/Adr,US,True,2026-05-03 12:13:06.040319+00:00
18479,TRAD-RI,Apex Tech Acquisition Inc.,US,True,2026-05-03 12:13:06.040319+00:00
18480,TRAD-UN,Apex Tech Acquisition Inc.,US,True,2026-05-03 12:13:06.040319+00:00
18481,LATAW,Galata Acquisition Corp. Ii,US,True,2026-05-03 12:13:06.040319+00:00
18482,LATAU,Galata Acquisition Corp. Ii,US,True,2026-05-03 12:13:06.040319+00:00
18483,SBXE-UN,Silverbox Corp V,US,True,2026-05-03 12:13:06.040319+00:00
18484,SBXE-WT,Silverbox Corp V,US,True,2026-05-03 12:13:06.040319+00:00
18485,AVVOF,Avio S.P.A./Adr,US,True,2026-05-03 12:13:06.040319+00:00
18486,SCPQW,Social Commerce Partners Corp,US,True,2026-05-03 12:13:06.040319+00:00
18487,SCPQU,Social Commerce Partners Corp,US,True,2026-05-03 12:13:06.040319+00:00
18488,GBNXF,Gibson Energy Inc/Adr,US,True,2026-05-03 12:13:06.040319+00:00
18489,MBVIW,M3-Brigade Acquisition Vi Corp.,US,True,2026-05-03 12:13:06.040319+00:00
18490,MBVIU,M3-Brigade Acquisition Vi Corp.,US,True,2026-05-03 12:13:06.040319+00:00
18491,TRMLF,Tourmaline Oil Corp/Adr,US,True,2026-05-03 12:13:06.040319+00:00
18492,AIIA-RI,Ai Infrastructure Acquisition Corp.,US,True,2026-05-03 12:13:06.040319+00:00
18493,AIIA-UN,Ai Infrastructure Acquisition Corp.,US,True,2026-05-03 12:13:06.040319+00:00
18494,NMPAU,Nmp Acquisition Corp.,US,True,2026-05-03 12:13:06.040319+00:00
18495,NMPAR,Nmp Acquisition Corp.,US,True,2026-05-03 12:13:06.040319+00:00
18496,BACCR,Blue Acquisition Corp/Cayman,US,True,2026-05-03 12:13:06.040319+00:00
18497,BACCU,Blue Acquisition Corp/Cayman,US,True,2026-05-03 12:13:06.040319+00:00
18498,SUNXF,Stardust Solar Energy Inc.,US,True,2026-05-03 12:13:06.040319+00:00
18499,CHECW,Chenghe Acquisition Iii Co.,US,True,2026-05-03 12:13:06.040319+00:00
18500,CHECU,Chenghe Acquisition Iii Co.,US,True,2026-05-03 12:13:06.040319+00:00
18501,LOKVW,Live Oak Acquisition Corp. V,US,True,2026-05-03 12:13:06.040319+00:00
18502,LOKVU,Live Oak Acquisition Corp. V,US,True,2026-05-03 12:13:06.040319+00:00
18503,ONCHW,1Rt Acquisition Corp.,US,True,2026-05-03 12:13:06.040319+00:00
18504,ONCHU,1Rt Acquisition Corp.,US,True,2026-05-03 12:13:06.040319+00:00
18505,KCHVR,Kochav Defense Acquisition Corp.,US,True,2026-05-03 12:13:06.040319+00:00
18506,KCHVU,Kochav Defense Acquisition Corp.,US,True,2026-05-03 12:13:06.040319+00:00
18507,CGCTW,Cartesian Growth Corp Iii,US,True,2026-05-03 12:13:06.040319+00:00
18508,CGCTU,Cartesian Growth Corp Iii,US,True,2026-05-03 12:13:06.040319+00:00
18509,RAAQU,Real Asset Acquisition Corp.,US,True,2026-05-03 12:13:06.040319+00:00
18510,RAAQW,Real Asset Acquisition Corp.,US,True,2026-05-03 12:13:06.040319+00:00
18511,MSOKF,Mitsui-Soko Holdings Co Limited/Adr,US,True,2026-05-03 12:13:06.040319+00:00
18512,VACI-UN,Viking Acquisition Corp I,US,True,2026-05-03 12:13:06.040319+00:00
18513,MEVOU,M Evo Global Acquisition Corp Ii,US,True,2026-05-03 12:13:06.040319+00:00
18514,MEVOW,M Evo Global Acquisition Corp Ii,US,True,2026-05-03 12:13:06.040319+00:00
18515,GGPSF,Greatland Resources Limited/Adr,US,True,2026-05-03 12:13:06.040319+00:00
18516,NUCLW,Eagle Nuclear Energy Corp.,US,True,2026-05-03 12:13:06.040319+00:00
18517,FGIIU,Fg Imperii Acquisition Corp.,US,True,2026-05-03 12:13:06.040319+00:00
18518,FGIIW,Fg Imperii Acquisition Corp.,US,True,2026-05-03 12:13:06.040319+00:00
18519,BGTCF,"Beijing Geekplus Technology Co., Ltd./Adr",US,True,2026-05-03 12:13:06.040319+00:00
18520,HCICR,Hennessy Capital Investment Corp. Viii,US,True,2026-05-03 12:13:06.040319+00:00
18521,HCICU,Hennessy Capital Investment Corp. Viii,US,True,2026-05-03 12:13:06.040319+00:00
18522,COPL-WT,Copley Acquisition Corp,US,True,2026-05-03 12:13:06.040319+00:00
18523,COPL-UN,Copley Acquisition Corp,US,True,2026-05-03 12:13:06.040319+00:00
18524,YMATF,Azbil Corporation/Adr,US,True,2026-05-03 12:13:06.040319+00:00
18525,EVOXW,Evolution Global Acquisition Corp,US,True,2026-05-03 12:13:06.040319+00:00
18526,EVOXU,Evolution Global Acquisition Corp,US,True,2026-05-03 12:13:06.040319+00:00
18527,CSCCF,Capstone Copper Corp./Adr,US,True,2026-05-03 12:13:06.040319+00:00
18528,TDWDR,Tailwind 2.0 Acquisition Corp.,US,True,2026-05-03 12:13:06.040319+00:00
18529,TDWDU,Tailwind 2.0 Acquisition Corp.,US,True,2026-05-03 12:13:06.040319+00:00
18530,DYORU,Insight Digital Partners Ii,US,True,2026-05-03 12:13:06.040319+00:00
18531,DYORW,Insight Digital Partners Ii,US,True,2026-05-03 12:13:06.040319+00:00
18532,GIWWU,Gigcapital8 Corp.,US,True,2026-05-03 12:13:06.040319+00:00
18533,GIWWR,Gigcapital8 Corp.,US,True,2026-05-03 12:13:06.040319+00:00
18534,MYXXU,Maywood Acquisition Corp. 2,US,True,2026-05-03 12:13:06.040319+00:00
18535,AMVIF,Aumovio Se,US,True,2026-05-03 12:13:06.040319+00:00
18536,QADRU,Qdro Acquisition Corp.,US,True,2026-05-03 12:13:06.040319+00:00
18537,VACI-WT,Viking Acquisition Corp I,US,True,2026-05-03 12:13:06.040319+00:00
18538,BLRKW,Bluerock Acquisition Corp.,US,True,2026-05-03 12:13:06.040319+00:00
18539,BLRKU,Bluerock Acquisition Corp.,US,True,2026-05-03 12:13:06.040319+00:00
18540,MBGCF,"Mitsubishi Gas Chemical Company, Inc./Adr",US,True,2026-05-03 12:13:06.040319+00:00
18541,HCACR,Hall Chadwick Acquisition Corp,US,True,2026-05-03 12:13:06.040319+00:00
18542,SCIIR,Sc Ii Acquisition Corp.,US,True,2026-05-03 12:13:06.040319+00:00
18543,SCIIU,Sc Ii Acquisition Corp.,US,True,2026-05-03 12:13:06.040319+00:00
18544,SVACU,Spring Valley Acquisition Corp. Iii,US,True,2026-05-03 12:13:06.040319+00:00
18545,SVACW,Spring Valley Acquisition Corp. Iii,US,True,2026-05-03 12:13:06.040319+00:00
18546,SHAZW,Sharonai Holdings Inc.,US,True,2026-05-03 12:13:06.040319+00:00
18547,BELGF,Bellevue Gold Ltd./Adr,US,True,2026-05-03 12:13:06.040319+00:00
18548,ACGCU,Acp Holdings Acquisition Corp.,US,True,2026-05-03 12:13:06.040319+00:00
18549,EURBF,Eurobank Sa/Adr,US,True,2026-05-03 12:13:06.040319+00:00
18550,LEGO-UN,Legato Merger Corp. Iv,US,True,2026-05-03 12:13:06.040319+00:00
18551,LEGO-WT,Legato Merger Corp. Iv,US,True,2026-05-03 12:13:06.040319+00:00
18552,XFLH-RI,Xflh Capital Corp,US,True,2026-05-03 12:13:06.040319+00:00
18553,SBKLF,Sumitomo Bakelite Co Limited/Adr,US,True,2026-05-03 12:13:06.040319+00:00
18554,RLMLF,Resolution Minerals Ltd/Adr,US,True,2026-05-03 12:13:06.040319+00:00
18555,URSB,"Ursb Bancorp, Inc.",US,True,2026-05-03 12:13:06.040319+00:00
18556,ARCIU,Archimedes Tech Spac Partners Iii Co.,US,True,2026-05-03 12:13:06.040319+00:00
18557,ARCIW,Archimedes Tech Spac Partners Iii Co.,US,True,2026-05-03 12:13:06.040319+00:00
18558,ITHAU,Ithax Acquisition Corp Iii,US,True,2026-05-03 12:13:06.040319+00:00
18559,ITHAW,Ithax Acquisition Corp Iii,US,True,2026-05-03 12:13:06.040319+00:00
18560,MESHU,Meshflow Acquisition Corp,US,True,2026-05-03 12:13:06.040319+00:00
18561,MESHW,Meshflow Acquisition Corp,US,True,2026-05-03 12:13:06.040319+00:00
18562,SSACW,Spacsphere Acquisition Corp.,US,True,2026-05-03 12:13:06.040319+00:00
18563,SSACU,Spacsphere Acquisition Corp.,US,True,2026-05-03 12:13:06.040319+00:00
18564,SSACR,Spacsphere Acquisition Corp.,US,True,2026-05-03 12:13:06.040319+00:00
18565,FTW-WT,Presidio Production Co,US,True,2026-05-03 12:13:06.040319+00:00
18566,XCBEU,X3 Acquisition Corp. Ltd.,US,True,2026-05-03 12:13:06.040319+00:00
18567,XCBEW,X3 Acquisition Corp. Ltd.,US,True,2026-05-03 12:13:06.040319+00:00
18568,WPAC-RI,White Pearl Acquisition Corp.,US,True,2026-05-03 12:13:06.040319+00:00
18569,WPAC-UN,White Pearl Acquisition Corp.,US,True,2026-05-03 12:13:06.040319+00:00
18570,KRAQU,Krakacquisition Corp,US,True,2026-05-03 12:13:06.040319+00:00
18571,KRAQW,Krakacquisition Corp,US,True,2026-05-03 12:13:06.040319+00:00
18572,IRAB-UN,Iris Acquisition Corp Ii,US,True,2026-05-03 12:13:06.040319+00:00
18573,IRAB-WT,Iris Acquisition Corp Ii,US,True,2026-05-03 12:13:06.040319+00:00
18574,RNGTU,Range Capital Acquisition Corp Ii,US,True,2026-05-03 12:13:06.040319+00:00
18575,RNGTW,Range Capital Acquisition Corp Ii,US,True,2026-05-03 12:13:06.040319+00:00
18576,APXTU,Apex Treasury Corp,US,True,2026-05-03 12:13:06.040319+00:00
18577,APXTW,Apex Treasury Corp,US,True,2026-05-03 12:13:06.040319+00:00
18578,BWIV-UN,Blue Water Acquisition Corp. Iv,US,True,2026-05-03 12:13:06.040319+00:00
18579,DNMXU,Dynamix Corp Iii,US,True,2026-05-03 12:13:06.040319+00:00
18580,DNMXW,Dynamix Corp Iii,US,True,2026-05-03 12:13:06.040319+00:00
18581,CVCCF,Cvc Capital Partners Plc/Adr,US,True,2026-05-03 12:13:06.040319+00:00
18582,KELRF,Keisei Electric Railway Co. Ltd/Adr,US,True,2026-05-03 12:13:06.040319+00:00
18583,PONOU,"Pono Capital Four, Inc.",US,True,2026-05-03 12:13:06.040319+00:00
18584,EULIF,European Lithium Ltd/Adr,US,True,2026-05-03 12:13:06.040319+00:00
18585,TKMSF,Tkms Ag & Co. Kgaa/Adr,US,True,2026-05-03 12:13:06.040319+00:00
18586,BKPKF,Bank Pekao S.A./Adr,US,True,2026-05-03 12:13:06.040319+00:00
18587,BRRWW,"Procap Financial, Inc.",US,True,2026-05-03 12:13:06.040319+00:00
18588,HACQW,Hcm Iv Acquisition Corp.,US,True,2026-05-03 12:13:06.040319+00:00
18589,HACQU,Hcm Iv Acquisition Corp.,US,True,2026-05-03 12:13:06.040319+00:00
18590,GLVHF,Glenveagh Properties Plc/Adr,US,True,2026-05-03 12:13:06.040319+00:00
18591,BBCQU,Bleichroeder Acquisition Corp. Ii,US,True,2026-05-03 12:13:06.040319+00:00
18592,BBCQW,Bleichroeder Acquisition Corp. Ii,US,True,2026-05-03 12:13:06.040319+00:00
18593,KBONW,Karbon Capital Partners Corp.,US,True,2026-05-03 12:13:06.040319+00:00
18594,KBONU,Karbon Capital Partners Corp.,US,True,2026-05-03 12:13:06.040319+00:00
18595,PNFP-PB,"Pinnacle Financial Partners, Inc.",US,True,2026-05-03 12:13:06.040319+00:00
18596,PNFP-PC,"Pinnacle Financial Partners, Inc.",US,True,2026-05-03 12:13:06.040319+00:00
18597,PNFP-PA,"Pinnacle Financial Partners, Inc.",US,True,2026-05-03 12:13:06.040319+00:00
18598,KTWOR,K2 Capital Acquisition Corp,US,True,2026-05-03 12:13:06.040319+00:00
18599,KTWOU,K2 Capital Acquisition Corp,US,True,2026-05-03 12:13:06.040319+00:00
18600,AWTRF,Air Water Inc./Adr,US,True,2026-05-03 12:13:06.040319+00:00
18601,PTORU,Praetorian Acquisition Corp.,US,True,2026-05-03 12:13:06.040319+00:00
18602,PTORW,Praetorian Acquisition Corp.,US,True,2026-05-03 12:13:06.040319+00:00
18603,KPET-UN,Kpet Ultra Paceline Corp,US,True,2026-05-03 12:13:06.040319+00:00
18604,SAAQU,Space Asset Acquisition Corp.,US,True,2026-05-03 12:13:06.040319+00:00
18605,SAAQW,Space Asset Acquisition Corp.,US,True,2026-05-03 12:13:06.040319+00:00
18606,MNMXF,Minimax Group Inc./Adr,US,True,2026-05-03 12:13:06.040319+00:00
18607,SWBGF,Shawbrook Group Plc/Adr,US,True,2026-05-03 12:13:06.040319+00:00
18608,BHAVU,Bhav Acquisition Corp,US,True,2026-05-03 12:13:06.040319+00:00
18609,BHAVR,Bhav Acquisition Corp,US,True,2026-05-03 12:13:06.040319+00:00
18610,GIGGU,Gigcapital7 Corp.,US,True,2026-05-03 12:13:06.040319+00:00
18611,GIGGW,Gigcapital7 Corp.,US,True,2026-05-03 12:13:06.040319+00:00
18612,IMSRW,Terrestrial Energy Inc. /De/,US,True,2026-05-03 12:13:06.040319+00:00
18613,GDERF,Galderma Group Ag/Adr,US,True,2026-05-03 12:13:06.040319+00:00
18614,MACIW,Melar Acquisition Corp. I/Cayman,US,True,2026-05-03 12:13:06.040319+00:00
18615,MACIU,Melar Acquisition Corp. I/Cayman,US,True,2026-05-03 12:13:06.040319+00:00
18616,DTSQR,Dt Cloud Star Acquisition Corp,US,True,2026-05-03 12:13:06.040319+00:00
18617,DTSQU,Dt Cloud Star Acquisition Corp,US,True,2026-05-03 12:13:06.040319+00:00
18618,GCLWW,Gcl Global Holdings Ltd,US,True,2026-05-03 12:13:06.040319+00:00
18619,SCAGW,Scage Future,US,True,2026-05-03 12:13:06.040319+00:00
18620,TACHU,Titan Acquisition Corp.,US,True,2026-05-03 12:13:06.040319+00:00
18621,TACHW,Titan Acquisition Corp.,US,True,2026-05-03 12:13:06.040319+00:00
18622,ALFUU,Centurion Acquisition Corp.,US,True,2026-05-03 12:13:06.040319+00:00
18623,ALFUW,Centurion Acquisition Corp.,US,True,2026-05-03 12:13:06.040319+00:00
18624,BAYAU,Bayview Acquisition Corp,US,True,2026-05-03 12:13:06.040319+00:00
18625,BAYAR,Bayview Acquisition Corp,US,True,2026-05-03 12:13:06.040319+00:00
18626,MGTEW,Marblegate Capital Corp,US,True,2026-05-03 12:13:06.040319+00:00
18627,MNYWW,Moneyhero Ltd,US,True,2026-05-03 12:13:06.040319+00:00
18628,GAFC,Guru App Factory Corp,US,True,2026-05-03 12:13:06.040319+00:00
18629,LEGT-WT,Legato Merger Corp. Iii,US,True,2026-05-03 12:13:06.040319+00:00
18630,LEGT-UN,Legato Merger Corp. Iii,US,True,2026-05-03 12:13:06.040319+00:00
18631,AFRIW,Forafric Global Plc,US,True,2026-05-03 12:13:06.040319+00:00
18632,NAMSW,Newamsterdam Pharma Co N.V.,US,True,2026-05-03 12:13:06.040319+00:00
18633,MLECW,Moolec Science Sa,US,True,2026-05-03 12:13:06.040319+00:00
18634,FBYDW,"Falcon'S Beyond Global, Inc.",US,True,2026-05-03 12:13:06.040319+00:00
18635,APADR,Aparadise Acquisition Corp.,US,True,2026-05-03 12:13:06.040319+00:00
18636,APADU,Aparadise Acquisition Corp.,US,True,2026-05-03 12:13:06.040319+00:00
18637,LVROF,Lavoro Ltd,US,True,2026-05-03 12:13:06.040319+00:00
18638,LVRWF,Lavoro Ltd,US,True,2026-05-03 12:13:06.040319+00:00
18639,CRYAF,"Chery Automobile Co., Ltd./Adr",US,True,2026-05-03 12:13:06.040319+00:00
18640,JELLF,Jeol Ltd/Adr,US,True,2026-05-03 12:13:06.040319+00:00
18641,MTMCF,Metallium Limited/Adr,US,True,2026-05-03 12:13:06.040319+00:00
18642,XFLH-UN,Xflh Capital Corp,US,True,2026-05-03 12:13:06.040319+00:00
18643,HQWWW,Horizon Quantum Holdings Ltd.,US,True,2026-05-03 12:13:06.040319+00:00
18644,OBIBF,"Obic Business Consultants Co., Ltd./Adr",US,True,2026-05-03 12:13:06.040319+00:00
18645,CMIIU,Columbus Circle Capital Corp Ii,US,True,2026-05-03 12:13:06.040319+00:00
18646,CMIIW,Columbus Circle Capital Corp Ii,US,True,2026-05-03 12:13:06.040319+00:00
18647,XSLLU,Xsolla Spac 1,US,True,2026-05-03 12:13:06.040319+00:00
18648,XSLLW,Xsolla Spac 1,US,True,2026-05-03 12:13:06.040319+00:00
18649,NHIVU,Newhold Investment Corp Iv,US,True,2026-05-03 12:13:06.040319+00:00
18650,IPFXU,Inflection Point Acquisition Corp. Vi,US,True,2026-05-03 12:13:06.040319+00:00
18651,MTPLF,Metaplanet Inc.,US,True,2026-05-03 12:13:06.040319+00:00
18652,ERBGF,Eastroc Beverage Group Co. Ltd/Adr,US,True,2026-05-03 12:13:06.040319+00:00
18653,EXOSF,Exosens Sas/Adr,US,True,2026-05-03 12:13:06.040319+00:00
18654,BLHWF,Belimo Holding Ag/Adr,US,True,2026-05-03 12:13:06.040319+00:00
18655,RTACU,Renatus Tactical Acquisition Corp I,US,True,2026-05-03 12:13:06.040319+00:00
18656,RTACW,Renatus Tactical Acquisition Corp I,US,True,2026-05-03 12:13:06.040319+00:00
18657,QSEAU,Quartzsea Acquisition Corp,US,True,2026-05-03 12:13:06.040319+00:00
18658,QSEAR,Quartzsea Acquisition Corp,US,True,2026-05-03 12:13:06.040319+00:00
18659,WLACU,Willow Lane Acquisition Corp.,US,True,2026-05-03 12:13:06.040319+00:00
18660,TACOW,Berto Acquisition Corp.,US,True,2026-05-03 12:13:06.040319+00:00
18661,TACOU,Berto Acquisition Corp.,US,True,2026-05-03 12:13:06.040319+00:00
18662,FUSEW,Fusemachines Inc.,US,True,2026-05-03 12:13:06.040319+00:00
18663,CHARR,Charlton Aria Acquisition Corp,US,True,2026-05-03 12:13:06.040319+00:00
18664,CHARU,Charlton Aria Acquisition Corp,US,True,2026-05-03 12:13:06.040319+00:00
18665,SPEGU,Silver Pegasus Acquisition Corp.,US,True,2026-05-03 12:13:06.040319+00:00
18666,SPEGR,Silver Pegasus Acquisition Corp.,US,True,2026-05-03 12:13:06.040319+00:00
18667,THTG,Tech Tonic Group Corp.,US,True,2026-05-03 12:13:06.040319+00:00
18668,PLMKW,"Plum Acquisition Corp, Iv",US,True,2026-05-03 12:13:06.040319+00:00
18669,PLMKU,"Plum Acquisition Corp, Iv",US,True,2026-05-03 12:13:06.040319+00:00
18670,ALDFU,Aldel Financial Ii Inc.,US,True,2026-05-03 12:13:06.040319+00:00
18671,ALDFW,Aldel Financial Ii Inc.,US,True,2026-05-03 12:13:06.040319+00:00
18672,WLACW,Willow Lane Acquisition Corp.,US,True,2026-05-03 12:13:06.040319+00:00
18673,KOYNW,"Cslm Digital Asset Acquisition Corp Iii, Ltd",US,True,2026-05-03 12:13:06.040319+00:00
18674,KOYNU,"Cslm Digital Asset Acquisition Corp Iii, Ltd",US,True,2026-05-03 12:13:06.040319+00:00
18675,FLNCF,Freelancer Ltd,US,True,2026-05-03 12:13:06.040319+00:00
18676,FGRS,"Figure Technology Solutions, Inc.",US,True,2026-05-03 12:13:06.040319+00:00
18677,SCXBF,Scb X Public Co Ltd,US,True,2026-05-03 12:13:06.040319+00:00
18678,CRACR,Crown Reserve Acquisition Corp. I,US,True,2026-05-03 12:13:06.040319+00:00
18679,CRACW,Crown Reserve Acquisition Corp. I,US,True,2026-05-03 12:13:06.040319+00:00
18680,CRACU,Crown Reserve Acquisition Corp. I,US,True,2026-05-03 12:13:06.040319+00:00
18681,VNMEW,Vendome Acquisition Corp I,US,True,2026-05-03 12:13:06.040319+00:00
18682,VNMEU,Vendome Acquisition Corp I,US,True,2026-05-03 12:13:06.040319+00:00
18683,MDDNF,Meridian Energy Ltd/Adr,US,True,2026-05-03 12:13:06.040319+00:00
18684,IRHOR,Iron Horse Acquisition Ii Corp.,US,True,2026-05-03 12:13:06.040319+00:00
18685,IRHOU,Iron Horse Acquisition Ii Corp.,US,True,2026-05-03 12:13:06.040319+00:00
18686,OYSER,Oyster Enterprises Ii Acquisition Corp,US,True,2026-05-03 12:13:06.040319+00:00
18687,OYSEU,Oyster Enterprises Ii Acquisition Corp,US,True,2026-05-03 12:13:06.040319+00:00
18688,SVAQU,Silicon Valley Acquisition Corp.,US,True,2026-05-03 12:13:06.040319+00:00
18689,SVAQW,Silicon Valley Acquisition Corp.,US,True,2026-05-03 12:13:06.040319+00:00
18690,SAC-WT,Safeguard Acquisition Corp.,US,True,2026-05-03 12:13:06.040319+00:00
18691,SAC-UN,Safeguard Acquisition Corp.,US,True,2026-05-03 12:13:06.040319+00:00
18692,OBIIF,"Obic Co., Ltd./Adr",US,True,2026-05-03 12:13:06.040319+00:00
18693,CRANU,Crane Harbor Acquisition Corp. Ii,US,True,2026-05-03 12:13:06.040319+00:00
18694,CRANR,Crane Harbor Acquisition Corp. Ii,US,True,2026-05-03 12:13:06.040319+00:00
18695,PREKF,Prairiesky Royalty Ltd/Adr,US,True,2026-05-03 12:13:06.040319+00:00
18696,TMTNF,Toromont Industries Ltd./Adr,US,True,2026-05-03 12:13:06.040319+00:00
18697,PARXF,Parex Resources Inc./Adr,US,True,2026-05-03 12:13:06.040319+00:00
18698,TNDEF,Top End Energy Ltd/Adr,US,True,2026-05-03 12:13:06.040319+00:00
18699,GPTGF,Gpt Group/Adr,US,True,2026-05-03 12:13:06.040319+00:00
18700,WIPKF,Winpak Ltd./Adr,US,True,2026-05-03 12:13:06.040319+00:00
18701,WSTNU,Westin Acquisition Corp,US,True,2026-05-03 12:13:06.040319+00:00
18702,WSTNR,Westin Acquisition Corp,US,True,2026-05-03 12:13:06.040319+00:00
18703,OTGAW,Otg Acquisition Corp. I,US,True,2026-05-03 12:13:06.040319+00:00
18704,OTGAU,Otg Acquisition Corp. I,US,True,2026-05-03 12:13:06.040319+00:00
18705,DPCDF,Dpc Dash Ltd/Adr,US,True,2026-05-03 12:13:06.040319+00:00
18706,MLAAW,Mountain Lake Acquisition Corp. Ii,US,True,2026-05-03 12:13:06.040319+00:00
18707,MLAAU,Mountain Lake Acquisition Corp. Ii,US,True,2026-05-03 12:13:06.040319+00:00
18708,AIKCF,Aica Kogyo Co Limited/Adr,US,True,2026-05-03 12:13:06.040319+00:00
18709,SORNW,Soren Acquisition Corp.,US,True,2026-05-03 12:13:06.040319+00:00
18710,SORNU,Soren Acquisition Corp.,US,True,2026-05-03 12:13:06.040319+00:00
18711,ARTCW,Art Technology Acquisition Corp.,US,True,2026-05-03 12:13:06.040319+00:00
18712,ARTCU,Art Technology Acquisition Corp.,US,True,2026-05-03 12:13:06.040319+00:00
18713,NOFCF,Nof Corporation/Adr,US,True,2026-05-03 12:13:06.040319+00:00
18714,ILLUW,Illumination Acquisition Corp. I,US,True,2026-05-03 12:13:06.040319+00:00
18715,ILLUU,Illumination Acquisition Corp. I,US,True,2026-05-03 12:13:06.040319+00:00
18716,AACOU,Abony Acquisition Corp. I,US,True,2026-05-03 12:13:06.040319+00:00
18717,AACOW,Abony Acquisition Corp. I,US,True,2026-05-03 12:13:06.040319+00:00
18718,AACIU,Armada Acquisition Corp. Iii,US,True,2026-05-03 12:13:06.040319+00:00
18719,AACIW,Armada Acquisition Corp. Iii,US,True,2026-05-03 12:13:06.040319+00:00
21696,SE,Sea Ltd,US,True,2026-05-05 01:50:04.589963+00:00
24128,EFOR,Everforth Inc,US,True,2026-05-05 01:50:04.589963+00:00
24242,ZSQR,Z Squared Inc.,US,True,2026-05-05 01:50:04.589963+00:00
24867,IPV,"Interprivate Investment Partners V, Inc.",US,True,2026-05-05 01:50:04.589963+00:00
25631,BRKH,Burtech Acquisition Corp Ii,US,True,2026-05-05 01:50:04.589963+00:00
28283,GUAC,Berto Acquisition Corp. Ii,US,True,2026-05-05 01:50:04.589963+00:00
28376,ENRD,Einride Ab,US,True,2026-05-05 01:50:04.589963+00:00
28382,XTND,"Xtend Ai Robotics, Inc.",US,True,2026-05-05 01:50:04.589963+00:00
28413,EWAV,East West Ave Acquisition Corp.,US,True,2026-05-05 01:50:04.589963+00:00
28414,SNSC,Sunscout Holding Ltd,US,True,2026-05-05 01:50:04.589963+00:00
28433,TARX,Tarsier Pharma Ltd.,US,True,2026-05-05 01:50:04.589963+00:00
28444,HCAX,Hall Chadwick Acquisition Corp Ii,US,True,2026-05-05 01:50:04.589963+00:00
28460,DFSLY,Defeng Solife Holdings Limited/Adr,US,True,2026-05-05 01:50:04.589963+00:00
28498,TYOEY,Toyo Engineering Corporation/Adr,US,True,2026-05-05 01:50:04.589963+00:00
28516,LCLN,"Lincoln International, Inc.",US,True,2026-05-05 01:50:04.589963+00:00
28541,OBX,"Gazelle Parent, Inc.",US,True,2026-05-05 01:50:04.589963+00:00
28559,FTHA,Forefront Tech Holdings Acquisition Corp,US,True,2026-05-05 01:50:04.589963+00:00
28563,CLYD,"Beacon Topco, Inc.",US,True,2026-05-05 01:50:04.589963+00:00
28661,VBIO,"Tivic Health Systems, Inc.",US,True,2026-05-05 01:50:04.589963+00:00
28668,ITRE,"Intrienergy, Inc.",US,True,2026-05-05 01:50:04.589963+00:00
28699,AMSS,Amass Brands,US,True,2026-05-05 01:50:04.589963+00:00
28704,AIFC,Alt5 Sigma Corp,US,True,2026-05-05 01:50:04.589963+00:00
28838,FABC,"Stablex Technologies, Inc.",US,True,2026-05-05 01:50:04.589963+00:00
29069,UNBLF,Unibail-Rodamco Se/Adr,US,True,2026-05-05 01:50:04.589963+00:00
29399,CUBT,Curative Biotechnology Inc,US,True,2026-05-05 01:50:04.589963+00:00
29495,NWPG,"Newport Gold, Inc.",US,True,2026-05-05 01:50:04.589963+00:00
29967,CUENW,Cuentas Inc.,US,True,2026-05-05 01:50:04.589963+00:00
29977,XINRY,"Xinyuan Real Estate Co., Ltd.",US,True,2026-05-05 01:50:04.589963+00:00
30008,QVCDQ,Qvc Inc,US,True,2026-05-05 01:50:04.589963+00:00
30009,QVCCQ,Qvc Inc,US,True,2026-05-05 01:50:04.589963+00:00
30140,QVCGQ,"Qvc Group, Inc.",US,True,2026-05-05 01:50:04.589963+00:00
30141,QVCAQ,"Qvc Group, Inc.",US,True,2026-05-05 01:50:04.589963+00:00
30142,QVCPQ,"Qvc Group, Inc.",US,True,2026-05-05 01:50:04.589963+00:00
30273,DHY-RI,Credit Suisse High Yield Credit Fund,US,True,2026-05-05 01:50:04.589963+00:00
30317,IACQU,Irenic Acquisition Corp.,US,True,2026-05-05 01:50:04.589963+00:00
30318,CAIIU,Collective Acquisition Corp. Ii,US,True,2026-05-05 01:50:04.589963+00:00
30366,ETSS-UN,Energy Transition Special Opportunities,US,True,2026-05-05 01:50:04.589963+00:00
30388,GCGRU,General Catalyst Global Resilience Merger Corp.,US,True,2026-05-05 01:50:04.589963+00:00
30390,CXIIU,Churchill Capital Corp Xii,US,True,2026-05-05 01:50:04.589963+00:00
30457,ARCLU,Arc Group Acquisition I Corp.,US,True,2026-05-05 01:50:04.589963+00:00
30598,EVBWF,Vertical Aerospace Ltd.,US,True,2026-05-05 01:50:04.589963+00:00
30599,EVAWF,Vertical Aerospace Ltd.,US,True,2026-05-05 01:50:04.589963+00:00
30788,CNTMD,"Connectm Technology Solutions, Inc.",US,True,2026-05-05 01:50:04.589963+00:00
30859,FTHAU,Forefront Tech Holdings Acquisition Corp,US,True,2026-05-05 01:50:04.589963+00:00
30865,QLEP-UN,Quantum Leap Acquisition Corp,US,True,2026-05-05 01:50:04.589963+00:00
30989,MCAHU,Mountain Crest Acquisition 6 Corp.,US,True,2026-05-05 01:50:04.589963+00:00
30990,KCAC-WT,Kensington Capital Acquisition Corp. Vi,US,True,2026-05-05 01:50:04.589963+00:00
30991,WENC-UN,West Enclave Merger Corp.,US,True,2026-05-05 01:50:04.589963+00:00
30992,KCA-UN,Kensington Capital Acquisition Corp. Vi,US,True,2026-05-05 01:50:04.589963+00:00
31091,RREVU,Rre Ventures Acquisition Corp.,US,True,2026-05-05 01:50:04.589963+00:00
31180,HGIT,"Hines Global Income Trust, Inc.",US,True,2026-05-05 01:50:04.589963+00:00
31225,TRLED,Trillion Energy International Inc.,US,True,2026-05-05 01:50:04.589963+00:00
31549,AGNPD,Algernon Health Inc.,US,True,2026-05-05 01:50:04.589963+00:00
31687,PLUN-UN,Plutonian Acquisition Corp. Ii,US,True,2026-05-05 01:50:04.589963+00:00
31726,GLNDW,Greenland Energy Co,US,True,2026-05-05 01:50:04.589963+00:00
